ticker,date,open,high,low,close,volume
AAPL,2020-01-02,71.4765996590847,72.52858156247073,71.22325926076245,72.46826171875,135480400
AAPL,2020-01-03,71.6961597256872,72.52374615608241,71.53932961570813,71.76371765136719,146322800
AAPL,2020-01-06,70.88547942287144,72.37416924858576,70.63454677653742,72.33556365966797,118387200
AAPL,2020-01-07,72.34521202863968,72.60096759515153,71.7757961977681,71.995361328125,108872000
AAPL,2020-01-08,71.69858142215591,73.45509501348069,71.69858142215591,73.15349578857422,132079200
AAPL,2020-01-09,74.13068273740295,74.90036463569696,73.87975745537804,74.70734405517578,170108400
AAPL,2020-01-10,74.94139375104534,75.44084394712849,74.37438560790245,74.8762435913086,140644800
AAPL,2020-01-13,75.1923057311866,76.50245093143005,75.07407383392189,76.47590637207031,121532000
AAPL,2020-01-14,76.41317742986432,76.62308929816353,75.32018220682278,75.44322967529297,161954400
AAPL,2020-01-15,75.2429736592525,76.12364189473249,74.6880266854858,75.11991882324219,121923600
AAPL,2020-01-16,75.66278838334783,76.1718916266167,75.30086936839069,76.06089782714844,108829200
AAPL,2020-01-17,76.30942443229468,76.90538477645106,76.00300228022495,76.9029769897461,137816400
AAPL,2020-01-21,76.53141272712692,76.97295078497612,76.2442896548719,76.38182067871094,110843200
AAPL,2020-01-22,76.86677674803076,77.20698153576836,76.56035460570881,76.65445709228516,101832400
AAPL,2020-01-23,76.70755279875391,77.10324719984139,76.15984382890906,77.02362823486328,104472000
AAPL,2020-01-24,77.26971830945405,78.01285552986269,76.61102297800898,76.8016357421875,146537600
AAPL,2020-01-27,74.81109052667422,75.22367624090043,73.56126499598109,74.54327392578125,161940000
AAPL,2020-01-28,75.42392003858633,76.82333720742922,75.32499462968462,76.65203094482422,162234000
AAPL,2020-01-29,78.28309057876027,79.1034389225781,77.54236118317645,78.25654602050781,216229200
AAPL,2020-01-30,77.33970834921887,78.19624735599628,76.90781612011679,78.1431655883789,126743200
AAPL,2020-01-31,77.43378134455115,77.85602021422844,74.38401413760657,74.67837524414062,199588400
AAPL,2020-02-03,73.42131515382538,75.63867332859459,72.91945726436026,74.47329711914062,173788400
AAPL,2020-02-04,76.07779948888638,77.12254331082424,75.67245190422207,76.93193054199219,136616400
AAPL,2020-02-05,78.0587078925949,78.35789935199301,76.95606664401838,77.55926513671875,118826800
AAPL,2020-02-06,77.82948747921107,78.4688763315637,77.27213272836197,78.46646118164062,105425600
AAPL,2020-02-07,77.96582750464246,78.2149347676415,76.90893545307632,77.39989471435547,117684000
AAPL,2020-02-10,75.98504645076437,77.76749420166016,75.90523855208762,77.76749420166016,109348800
AAPL,2020-02-11,78.26329603987216,78.335848675863,77.08063640806871,77.29830169677734,94323200
AAPL,2020-02-12,77.74816513747918,79.13881418044723,77.74816513747918,79.13397979736328,113730400
AAPL,2020-02-13,78.40599225770488,78.89695147104912,78.20283748467311,78.57044982910156,94747600
AAPL,2020-02-14,78.53902662089303,78.8389281598991,78.08193011775062,78.5898208618164,80113600
AAPL,2020-02-18,76.2704349958008,77.3321687046637,76.08904601525819,77.1507797241211,152531200
AAPL,2020-02-19,77.39264718918032,78.49791270322793,77.39264718918032,78.26815032958984,93984000
AAPL,2020-02-20,78.0287063254119,78.51724467318775,76.95971731481961,77.4651870727539,100566000
AAPL,2020-02-21,77.05888657687778,77.50147989029539,75.09504942814512,75.7117691040039,129554000
AAPL,2020-02-24,71.89291019901326,73.56652149415794,69.95083941191562,72.11540985107422,222195200
AAPL,2020-02-25,72.7853553748288,73.1674782506727,69.20110730705076,69.67271423339844,230673600
AAPL,2020-02-26,69.29785906555418,72.04288097148186,69.29060380017634,70.77799224853516,198054800
AAPL,2020-02-27,67.98460193931137,69.16967532004576,66.01592302206369,66.15135955810547,320605600
AAPL,2020-02-28,62.21884455259078,67.33401260273769,62.0035927413547,66.11265563964844,426510000
AAPL,2020-03-02,68.26997869246647,72.90386365568166,67.16713422063305,72.26779174804688,341397200
AAPL,2020-03-03,73.44318755767915,73.52299545653904,69.12128685520182,69.97261047363281,319475600
AAPL,2020-03-04,71.69462716996614,73.37791548587623,70.89409742046385,73.21829223632812,219178400
AAPL,2020-03-05,71.47210154193513,72.4467648225109,70.47809334857007,70.84329223632812,187572800
AAPL,2020-03-06,68.20227675514613,70.33541356546097,68.01605333738418,69.90249633789062,226176800
AAPL,2020-03-09,63.78848638375145,67.25664434069014,63.60709732294457,64.37377166748047,286744800
AAPL,2020-03-10,67.02685855623419,69.27607892653965,65.1476640243261,69.01004028320312,285290000
AAPL,2020-03-11,67.08733944027128,68.0136294855381,65.74989060302927,66.6133041381836,255598800
AAPL,2020-03-12,61.8996002456348,65.30003870789042,59.97929481317342,60.03491973876953,418474000
AAPL,2020-03-13,64.06417921518192,67.69921444547847,61.17646208174082,67.22760009765625,370732000
AAPL,2020-03-16,58.51609179443726,62.65901412516802,58.044481123383505,58.578975677490234,322423600
AAPL,2020-03-17,59.86079146440188,62.303494624543745,57.65751943951495,61.154701232910156,324056000
AAPL,2020-03-18,57.98886105384675,60.46300623570861,57.347950973526814,59.65763854980469,300233600
AAPL,2020-03-19,59.8317532939348,61.14984567303025,58.67570127722516,59.20051956176758,271857200
AAPL,2020-03-20,59.78097572031221,60.90558973701077,55.142256121470716,55.44215393066406,401693200
AAPL,2020-03-23,55.16161599071899,55.26319340884497,51.42016448308318,54.26434326171875,336752800
AAPL,2020-03-24,57.1641431646422,59.904326973466,56.66592859765041,59.70842742919922,287531200
AAPL,2020-03-25,60.644394003218935,62.45828415286656,59.08444921259577,59.37950897216797,303602000
AAPL,2020-03-26,59.621358785658394,62.56227643476942,59.58266157820947,62.504234313964844,252087200
AAPL,2020-03-27,61.12809336695391,61.882670430565696,59.74953769675213,59.91641616821289,204216800
AAPL,2020-03-30,60.6419727055928,61.79802498746447,60.31788821611853,61.62630844116211,167976400
AAPL,2020-03-31,61.81737856650545,63.48373516730324,60.94670980739506,61.50054931640625,197002000
AAPL,2020-04-01,59.61651626922201,60.15342798886396,57.83406826188775,58.264564514160156,176218400
AAPL,2020-04-02,58.12670897901646,59.290016512254034,57.29473750591379,59.23680877685547,165934000
AAPL,2020-04-03,58.72166453956951,59.423033841940786,57.79537096509543,58.38549041748047,129880000
AAPL,2020-04-06,60.68067487242126,63.63368619049375,60.313062431640056,63.478904724121094,201820400
AAPL,2020-04-07,65.49352388136515,65.71119660334946,62.63967300560569,62.74366760253906,202887200
AAPL,2020-04-08,63.54419983698464,64.6639759139237,63.17900829152558,64.34957122802734,168895200
AAPL,2020-04-09,64.98564696158498,65.31698307985819,64.0182387887634,64.81392669677734,161834800
AAPL,2020-04-13,64.89131758100808,66.19490356550595,64.29152188952229,66.08606719970703,131022800
AAPL,2020-04-14,67.71856083326759,69.71383985781922,67.24694647516952,69.42361450195312,194994800
AAPL,2020-04-15,68.29901107744294,69.2494877739681,67.87093564591146,68.78997039794922,131154400
AAPL,2020-04-16,69.50341866796147,69.70173905002567,68.28690358299804,69.33654022216797,157125200
AAPL,2020-04-17,68.85285583806908,69.39944379426973,66.95915028721262,68.395751953125,215250000
AAPL,2020-04-20,67.22276798842614,68.12487124671051,66.95672930580358,66.97607421875,130015200
AAPL,2020-04-21,66.81885733049225,67.05345402031033,64.19476216229687,64.90580749511719,180991600
AAPL,2020-04-22,66.1731282940646,67.21067553657838,65.8321234375921,66.77534484863281,116862400
AAPL,2020-04-23,66.71972588742912,68.14181716571889,66.47787383005301,66.51657104492188,124814400
AAPL,2020-04-24,67.04139072828913,68.44655053818545,66.99301736634283,68.43687438964844,126161200
AAPL,2020-04-27,68.1538936670834,68.81657319534303,67.70647335185146,68.48523712158203,117087600
AAPL,2020-04-28,68.94716776474043,69.12855677224428,67.28323213572467,67.37512969970703,112004800
AAPL,2020-04-29,68.86252533126566,70.05727484881541,68.65937052894684,69.58808135986328,137280800
AAPL,2020-04-30,70.1274034083595,71.23266881272234,69.73802523358442,71.05611419677734,183064000
AAPL,2020-05-01,69.23013078154854,72.31374359365245,69.13339146359068,69.91215515136719,240616800
AAPL,2020-05-04,69.9363419790523,71.02951029776773,69.24706234339718,70.90132904052734,133568000
AAPL,2020-05-05,71.36087728066586,72.7974792896653,71.21576455011984,71.96550750732422,147751200
AAPL,2020-05-06,72.66682870178784,73.33917677085363,72.28228501940794,72.70794677734375,142333600
AAPL,2020-05-07,73.3343531605904,73.80596744487967,73.0320382041835,73.46011352539062,115215200
AAPL,2020-05-08,74.11975020715006,75.26195467448645,73.79236468701193,75.20860290527344,133838400
AAPL,2020-05-11,74.71631428574544,76.88674476777591,74.50775467946016,76.39203643798828,145946400
AAPL,2020-05-12,77.07590910984447,77.52697546648025,75.39776671813026,75.5190200805664,162301200
AAPL,2020-05-13,75.69847326337334,76.62000326531418,73.53046253450013,74.60719299316406,200622400
AAPL,2020-05-14,73.84571291244961,75.12614791139806,73.12304032792042,75.06552124023438,158929200
AAPL,2020-05-15,72.8368814117532,74.66780385011373,72.80292692486488,74.6217269897461,166348400
AAPL,2020-05-18,75.94580887810514,76.75335274546299,75.25466346328726,76.37989044189453,135178400
AAPL,2020-05-19,76.39688667871405,77.24323270759544,75.90702580080492,75.93855285644531,101729600
AAPL,2020-05-20,76.79701640617802,77.48573451404336,76.75821444789756,77.41541290283203,111504800
AAPL,2020-05-21,77.27719341349972,77.81798607126746,76.60059758260323,76.8382568359375,102688800
AAPL,2020-05-22,76.57631983616066,77.41539814770596,76.4744711907137,77.33294677734375,81803200
AAPL,2020-05-26,78.45091841064635,78.6303710026143,76.75337148985957,76.80915069580078,125522000
AAPL,2020-05-27,76.66607534046294,77.28931196459057,75.92642542981746,77.14380645751953,112945200
AAPL,2020-05-28,76.81882949515179,78.43635212041976,76.54237576022463,77.17774200439453,133560800
AAPL,2020-05-29,77.42026804049199,77.88102931454405,76.74609967511876,77.10258483886719,153532400
AAPL,2020-06-01,77.05650232055906,78.1720345974753,76.92554663308496,78.05078125,80791200
AAPL,2020-06-02,77.78401795906733,78.43636152325215,77.34265402331467,78.412109375,87642800
AAPL,2020-06-03,78.73222188437157,79.1056842545279,78.15990225471617,78.8437728881836,104491200
AAPL,2020-06-04,78.66674739088378,78.96502587807994,77.79129440641832,78.16475677490234,87560400
AAPL,2020-06-05,78.41455514859591,80.45161026599361,78.38545552417453,80.39098358154297,137250400
AAPL,2020-06-08,80.08782007948885,80.90021882614607,79.37727738076912,80.86626434326172,95654400
AAPL,2020-06-09,80.54617766782322,83.81273576255528,80.51465061318699,83.41987609863281,147712400
AAPL,2020-06-10,84.36804914985515,86.03406839640508,83.92911277255246,85.56603240966797,166651600
AAPL,2020-06-11,84.71000009547407,85.13438674688165,81.35613627237949,81.4579849243164,201662400
AAPL,2020-06-12,83.59689759140369,84.34381486093497,81.05057761692748,82.1612548828125,200146000
AAPL,2020-06-15,80.81535534530535,83.82971175950732,80.6528726048748,83.1773681640625,138808800
AAPL,2020-06-16,85.23140666668927,85.65337337676685,83.596913801037,85.38175964355469,165428800
AAPL,2020-06-17,86.12625510451949,86.18688178098341,85.1416784708026,85.26293182373047,114406400
AAPL,2020-06-18,85.21928633315488,85.71400210817573,84.68819603071728,85.29689025878906,96820400
AAPL,2020-06-19,86.00259226707146,86.4682010550296,83.70119831369777,84.80945587158203,264476000
AAPL,2020-06-22,85.20230612758097,87.17145941767127,85.15622926088085,87.02838134765625,135445200
AAPL,2020-06-23,88.27242190241752,90.30462884351627,87.85288272746979,88.8859634399414,212155600
AAPL,2020-06-24,88.51493917080266,89.43404157028371,86.94349320290961,87.31695556640625,192623200
AAPL,2020-06-25,87.47221425804915,88.51499063954168,86.71316671584677,88.47618865966797,137522400
AAPL,2020-06-26,88.3718744192934,88.5925564218204,85.60971933565048,85.75765228271484,205256800
AAPL,2020-06-29,85.66549550848868,87.82865862307958,85.1877569926391,87.73407745361328,130646000
AAPL,2020-06-30,87.32179134966954,88.7525865064543,87.30239407396799,88.46642303466797,140223200
AAPL,2020-07-01,88.54404454624031,89.08725718249154,88.25061351334215,88.29911041259766,110737200
AAPL,2020-07-02,89.20609049720933,89.84145686297828,88.18513936902451,88.29911041259766,114041600
AAPL,2020-07-06,89.72749562317448,91.12918431282668,89.69596856221894,90.66114807128906,118655600
AAPL,2020-07-07,91.03944797633464,91.81789246963082,90.26827838855647,90.37982940673828,112424400
AAPL,2020-07-08,91.3571322149976,92.51631404514396,91.26982594707978,92.48478698730469,117092000
AAPL,2020-07-09,93.37720039708492,93.43055216626935,91.83486136183558,92.88249206542969,125642800
AAPL,2020-07-10,92.47750286894541,93.10317429108636,91.86638865727205,93.04496765136719,90257200
AAPL,2020-07-13,94.34965940036575,96.9590339515966,92.40233082748179,92.61573791503906,191649200
AAPL,2020-07-14,91.99734332779671,94.33995906948405,91.063698400921,94.14838409423828,170989200
AAPL,2020-07-15,96.02294350650172,96.27272509234513,93.59787669220981,94.79586029052734,153198000
AAPL,2020-07-16,93.66819648454633,94.4854427364264,93.0304027910354,93.62939453125,110577600
AAPL,2020-07-17,94.08048312128706,94.2356835706405,92.96737078589749,93.44026184082031,92186800
AAPL,2020-07-20,93.527569101271,95.54764680403545,93.18320630571225,95.40941619873047,90318000
AAPL,2020-07-21,96.19998954005356,96.27516602978264,93.84282396994556,94.09260559082031,103433200
AAPL,2020-07-22,93.7943238421043,95.03838453181072,93.70702497300391,94.35694122314453,89001600
AAPL,2020-07-23,94.09017424204148,94.1677781639269,89.25216991066098,90.06214141845703,197004400
AAPL,2020-07-24,88.2603063707244,90.18338250647658,86.47302597872792,89.83901977539062,185438800
AAPL,2020-07-27,90.90121836821325,92.06040019801185,90.67811632940159,91.96824645996094,121214000
AAPL,2020-07-28,91.53900580557185,91.71603836365466,90.45257310797918,90.45742797851562,103625600
AAPL,2020-07-29,90.94000979201954,92.37565266958501,90.9036352682461,92.19134521484375,90329200
AAPL,2020-07-30,91.36439616603701,93.41115323756709,90.95698669984957,93.30687713623047,158130000
AAPL,2020-07-31,99.8011951135409,103.22538804359196,97.8029351589063,103.07503509521484,374336800
AAPL,2020-08-03,104.95691962402294,108.29138747414834,104.65864105461719,105.67231750488281,308151200
AAPL,2020-08-04,105.86144267124749,107.46926317333123,105.13877008729901,106.37798309326172,173071600
AAPL,2020-08-05,106.09910671543679,107.08368330710017,105.63349060376568,106.7635726928711,121776800
AAPL,2020-08-06,107.09579089278216,110.98317238877529,106.50650148026948,110.48845672607422,202428800
AAPL,2020-08-07,110.00985676474956,110.46659247547346,107.17956185919601,107.9764175415039,198045600
AAPL,2020-08-10,109.42195650024055,110.56379606115887,106.8953408360196,109.54586029052734,212403600
AAPL,2020-08-11,108.80973853697522,109.30777067354109,106.02802731765381,106.28797912597656,187902400
AAPL,2020-08-12,107.37879010908718,110.07790114888351,107.18443792191327,109.82038116455078,165598000
AAPL,2020-08-13,111.20029955907641,112.76729092425326,110.7119798713676,111.76393127441406,210082000
AAPL,2020-08-14,111.58901749702606,111.75421760454509,109.85439412589318,111.6643295288086,165565200
AAPL,2020-08-17,112.78673842355069,112.81103430343862,110.7460105520112,111.372802734375,119561600
AAPL,2020-08-18,111.12500199172021,112.72600186122567,110.78973812752103,112.30084991455078,105633600
AAPL,2020-08-19,112.70896646857587,113.85566202116895,112.34698241491274,112.44172668457031,145538000
AAPL,2020-08-20,112.48304002227763,115.05095915162076,112.46603216773778,114.93677520751953,126907200
AAPL,2020-08-21,115.89641335304087,121.34322020785855,115.88426912064436,120.8597640991211,338054800
AAPL,2020-08-24,125.06510696520752,125.15014624205317,120.4394596328143,122.30526733398438,345937600
AAPL,2020-08-25,121.1780064067377,121.64688641801345,119.57943117585931,121.3019027709961,211495600
AAPL,2020-08-26,122.61866792136692,123.40823574071352,121.5521404466388,122.95149993896484,163022400
AAPL,2020-08-27,123.55400871781482,123.88684074922567,120.33742571871558,121.48169708251953,155552400
AAPL,2020-08-28,122.45588862300937,122.87375249170243,121.06139279549139,121.28490447998047,187630000
AAPL,2020-08-31,123.97914969468255,127.30262091946506,122.44374225841678,125.39793395996094,225702700
AAPL,2020-09-01,129.01293310588505,130.99536378403553,126.84587750534726,130.39285278320312,151948100
AAPL,2020-09-02,133.70663231996068,134.0856242989173,123.41552988295788,127.69133758544922,200119000
AAPL,2020-09-03,123.32807630409383,125.20359657134411,117.09898956594436,117.46826171875,257599600
AAPL,2020-09-04,116.68111776737273,120.20866118452791,107.76021579822826,117.5459976196289,332607200
AAPL,2020-09-08,110.7338230222365,115.63157277527434,109.49967131290362,109.6357192993164,231366600
AAPL,2020-09-09,113.95042385620658,115.77735955442189,112.00687240165654,114.00872802734375,176940500
AAPL,2020-09-10,116.96292102510625,117.09896902670127,109.32476361414018,110.28681945800781,182274400
AAPL,2020-09-11,111.33636140049826,111.97773703500987,106.89534596034459,108.83889770507812,180860300
AAPL,2020-09-14,111.4821213907461,112.6579692235783,109.61631362694925,112.10405731201172,140150100
AAPL,2020-09-15,114.99022398928534,115.47611185461919,110.40344135428404,112.27896881103516,184642000
AAPL,2020-09-16,111.97772849620063,112.72599259867744,108.8777613272375,108.96521759033203,154679000
AAPL,2020-09-17,106.62325744568642,109.03325762778361,105.64176166922014,107.22575378417969,178011000
AAPL,2020-09-18,107.28405084908114,107.75049908575595,103.09569206867344,103.82452392578125,287104900
AAPL,2020-09-21,101.58944459122996,107.07997942887015,100.19008504511055,106.97308349609375,195713800
AAPL,2020-09-22,109.49968334608216,109.67460326412942,106.07903623256472,108.65423583984375,183055400
AAPL,2020-09-23,108.46962532813541,108.94579342871626,103.75650642522785,104.09663391113281,150718700
AAPL,2020-09-24,102.20165410941537,107.13827671141094,102.03645401086756,105.16557312011719,167743300
AAPL,2020-09-25,105.3696421159189,109.26646484753799,104.63109048927913,109.11097717285156,149981400
AAPL,2020-09-28,111.76392378119944,112.06517187151762,109.59686073810057,111.71533203125,137672400
AAPL,2020-09-29,111.31691932127065,112.0554635809669,110.36457578821059,110.8698959350586,99382200
AAPL,2020-09-30,110.57837499064281,113.95043838034034,110.41317487532415,112.5413589477539,142675200
AAPL,2020-10-01,114.31968302381051,114.39742685256729,112.56077152903099,113.4936752319336,116120400
AAPL,2020-10-02,109.70376520376246,112.11377235625194,109.05267722245038,109.83009338378906,144712000
AAPL,2020-10-05,110.6949727988638,113.35763612296132,110.34513295609943,113.21186828613281,106243800
AAPL,2020-10-06,112.43445227836398,112.84260373156758,109.08182887759448,109.96614837646484,161498200
AAPL,2020-10-07,111.3849238034784,112.288675423152,110.9087484133937,111.83193969726562,96849000
AAPL,2020-10-08,112.96892357253944,113.11469140834828,111.35577237395906,111.72505187988281,83477200
AAPL,2020-10-09,112.02630624423392,113.69776170512303,111.67646638432409,113.66860961914062,100506900
AAPL,2020-10-12,116.67139765020474,121.64689230757452,115.91341372886069,120.88890838623047,240226800
AAPL,2020-10-13,121.73436397339965,121.85097975069426,116.27298814951598,117.68206024169922,262330500
AAPL,2020-10-14,117.58486097492064,119.55756448106015,116.24381316344193,117.76950073242188,150712000
AAPL,2020-10-15,115.36922306195072,117.77922287109193,114.81531115779593,117.30305480957031,112559200
AAPL,2020-10-16,117.85696670561362,118.1193503209673,115.45667931642107,115.66075134277344,115393800
AAPL,2020-10-19,116.57421378889114,117.02122972774796,112.39558266615455,112.70655059814453,120639300
AAPL,2020-10-20,112.9203357688391,115.62187849993559,112.36642390465587,114.19336700439453,124423700
AAPL,2020-10-21,113.3770591908259,115.35948233455615,113.16326736933642,113.57141876220703,89946000
AAPL,2020-10-22,114.13505561823894,114.70840714970598,111.35577645934274,112.48303985595703,101988000
AAPL,2020-10-23,113.10497897085499,113.2604666496336,111.05453154484074,111.79308319091797,82572600
AAPL,2020-10-26,110.79216292996242,113.26047439389082,109.69405151217103,111.80281066894531,111850700
AAPL,2020-10-27,112.2303873896094,113.9698669973098,111.30720332612077,113.3090591430664,92276800
AAPL,2020-10-28,111.80280503922792,112.17207716189112,107.96428630838615,108.06146240234375,143937800
AAPL,2020-10-29,109.19844245324492,113.62973745029149,109.0332349429399,112.06517791748047,146129200
AAPL,2020-10-30,107.92542530180775,108.82917715371961,104.6796974682271,105.78752136230469,190272600
AAPL,2020-11-02,106.03045798084733,107.55614568812253,104.29097841162539,105.7000503540039,122866900
AAPL,2020-11-03,106.56493781497865,108.3432818947634,105.6611860241768,107.32292175292969,107624400
AAPL,2020-11-04,110.91849897605819,112.32757104438583,109.17901925135381,111.70563507080078,138235500
AAPL,2020-11-05,114.62092887746823,116.24379976164865,113.57141686577324,115.67044830322266,126387100
AAPL,2020-11-06,115.1788748490344,116.03551019200556,113.04701195376393,115.53905487060547,114457900
AAPL,2020-11-09,117.30100266982897,118.75144452373826,112.96914288637264,113.23197174072266,154515300
AAPL,2020-11-10,112.48241007857042,114.46824612623837,111.10010224382926,112.8912582397461,138023400
AAPL,2020-11-11,114.07888176862647,116.45410042104282,113.34879251575485,116.31781768798828,112295000
AAPL,2020-11-12,116.44437660987315,117.33021441554035,115.42224863802025,116.04525756835938,103162300
AAPL,2020-11-13,116.269139549406,116.49302940870272,114.74081980829087,116.09391784667969,81581900
AAPL,2020-11-16,115.76295421656155,117.77800032814827,115.01339915844956,117.1063232421875,91183000
AAPL,2020-11-17,116.37621490316717,117.4664766273085,115.80187423618474,116.220458984375,74271000
AAPL,2020-11-18,115.46118005472933,116.63905646851767,114.86737354648494,114.89657592773438,76322100
AAPL,2020-11-19,114.46825901798518,115.89923517011198,113.70896736833065,115.49038696289062,74113000
AAPL,2020-11-20,115.49040579108429,115.61695194437327,114.17624638114086,114.22491455078125,73604300
AAPL,2020-11-23,114.06913532208017,114.49745669006192,110.7301937966756,110.8275375366211,127959300
AAPL,2020-11-24,110.885966009348,112.77445860760254,109.60100171666315,112.11251068115234,113874200
AAPL,2020-11-25,112.48239314704134,113.6505326965225,112.1124765957872,112.94964599609375,76499200
AAPL,2020-11-27,113.47533097531714,114.37090528252364,113.13462416571154,113.49479675292969,46691300
AAPL,2020-11-30,113.86471334319992,117.75852242774822,113.7089574149293,115.88949584960938,169410200
AAPL,2020-12-01,117.79747164276061,120.19216354656007,116.82401928706074,119.46207427978516,127728200
AAPL,2020-12-02,118.78064316901394,120.0948096799896,117.68064477339988,119.81250762939453,89004200
AAPL,2020-12-03,120.24083575457,120.49393545508784,118.9656155022822,119.67623901367188,78967600
AAPL,2020-12-04,119.34526159986807,119.5983613009378,118.29393123559595,119.00455474853516,78260400
AAPL,2020-12-07,119.06297061812471,121.26297530550933,119.00456584583628,120.4647445678711,86712000
AAPL,2020-12-08,121.06826612455384,121.66207262611567,119.82224093273689,121.07799530029297,82225500
AAPL,2020-12-09,121.22403718972603,122.6063379407816,117.78775109403941,118.54704284667969,115089200
AAPL,2020-12-10,117.30100444410381,120.58154143292921,116.96029761781081,119.96826171875,81312200
AAPL,2020-12-11,119.17976698694284,119.50100803270227,117.34967931202699,119.1603012084961,86939800
AAPL,2020-12-14,119.34527359007757,120.07536295636294,118.31341632898723,118.54704284667969,79184500
AAPL,2020-12-15,121.0390623043862,124.50455773983639,120.83463820097641,124.4850845336914,157243700
AAPL,2020-12-16,124.0275637947843,124.9620697049553,123.20012338037756,124.41693878173828,98208600
AAPL,2020-12-17,125.47800506998152,126.13996040824293,124.64083543417424,125.28331756591797,94359800
AAPL,2020-12-18,125.53642885687911,125.67271159961813,122.77182016091811,123.2974853515625,192541500
AAPL,2020-12-21,121.70099438309586,124.90365310723669,120.17267468087437,124.82577514648438,121251600
AAPL,2020-12-22,128.11602426239406,130.84169295968275,126.20805171818213,128.3788604736328,168904800
AAPL,2020-12-23,128.65145425550145,128.91427567105393,127.30808538342248,127.48331451416016,88223700
AAPL,2020-12-24,127.83376887622417,129.91695629713385,127.61960817236115,128.4665069580078,54930100
AAPL,2020-12-28,130.43289960768968,133.69395641508856,129.96563173528466,133.06121826171875,124486200
AAPL,2020-12-29,134.38507537843176,135.1054204796811,130.77356128298763,131.28948974609375,121047300
AAPL,2020-12-30,131.98063489209892,132.37975381009915,129.8585016321147,130.17001342773438,96452100
AAPL,2020-12-31,130.5205178650633,131.16300010398734,128.22316928497395,129.16741943359375,99116600
AAPL,2021-01-04,129.97533030753675,130.06293743283263,123.39479194308862,125.97444152832031,143301900
AAPL,2021-01-05,125.46826076163048,128.24260563447913,125.020466187956,127.53197479248047,97664900
AAPL,2021-01-06,124.32933639261917,127.57093452826126,123.02490637051051,123.23906707763672,155088000
AAPL,2021-01-07,124.95233855838183,128.1355317571745,124.46561240551398,127.44437408447266,109578200
AAPL,2021-01-08,128.91428961570313,129.10899197173987,126.77269738263777,128.5443878173828,105158200
AAPL,2021-01-11,125.76032449463308,126.71430373737336,125.08863992699253,125.55589294433594,100384500
AAPL,2021-01-12,125.08861473418492,126.24702529391881,123.4921536305582,125.38065338134766,91951100
AAPL,2021-01-13,125.34173316138947,127.9603226503501,125.07891169236268,127.41519165039062,88636800
AAPL,2021-01-14,127.32757155716695,127.52225905827079,125.34172042627678,125.48774719238281,90221800
AAPL,2021-01-15,125.36117045243897,126.76294396711677,123.62842676171266,123.76470947265625,111598500
AAPL,2021-01-19,124.38771053172626,125.29302872598721,123.57001431695545,124.43638610839844,90757300
AAPL,2021-01-20,125.24435806944973,128.9726816127556,125.13727773804456,128.52488708496094,104319500
AAPL,2021-01-21,130.2479286583061,135.96208925479198,130.0434971272025,133.23641967773438,120150900
AAPL,2021-01-22,132.66208095000118,136.13731286135894,131.43553637442392,135.37802124023438,114459400
AAPL,2021-01-25,139.27182020640586,141.23818305206848,132.91516336360118,139.12579345703125,157611700
AAPL,2021-01-26,139.78777273313094,140.46918645287846,137.6169631530498,139.3594512939453,98390600
AAPL,2021-01-27,139.62224478331817,140.46915831522645,136.68242977361535,138.2886199951172,140843800
AAPL,2021-01-28,135.81605814636788,138.22048632254183,133.07091575107856,133.4505615234375,142621100
AAPL,2021-01-29,132.22401178645546,133.10985683778753,126.7532152717128,128.45675659179688,177523800
AAPL,2021-02-01,130.1992117164386,131.7859433114751,127.4540698050527,130.578857421875,106239800
AAPL,2021-02-02,132.12667146199954,132.69127555683025,131.0364096809211,131.4063262939453,83305400
AAPL,2021-02-03,132.15587647941985,132.16562050861145,130.0629600142458,130.3842010498047,89880900
AAPL,2021-02-04,132.68155527349182,133.75234392204015,131.01694525702797,133.74261474609375,84183100
AAPL,2021-02-05,133.90349935519643,133.9717351183683,132.45088238594224,133.3282928466797,75693800
AAPL,2021-02-08,132.61659492201852,133.52326614630692,131.53444758226135,133.47451782226562,71297200
AAPL,2021-02-09,133.19177019449774,134.42016235628924,132.44110262440083,132.59707641601562,76774200
AAPL,2021-02-10,133.05532098310047,133.55253314014962,131.02751236689184,131.99267578125,73046600
AAPL,2021-02-11,132.4898338171174,132.9675435248031,130.41329236021338,131.73916625976562,64280000
AAPL,2021-02-12,130.97879561848046,132.1291790385852,130.3353532601655,131.9731903076172,60145100
AAPL,2021-02-16,132.0901279755408,132.59706880200096,129.45786770907952,129.84783935546875,80576300
AAPL,2021-02-17,127.95653150303275,128.90219239259375,126.22119839919687,127.55681610107422,97918500
AAPL,2021-02-18,125.9579652802824,126.73789375549589,124.21288851935199,126.4551773071289,96856700
AAPL,2021-02-19,126.97189361497381,127.43010109713762,125.56802514842084,126.61116790771484,87668800
AAPL,2021-02-22,124.79785290469383,126.46495059628728,122.4483306541044,122.83829498291016,103916400
AAPL,2021-02-23,120.6544792375418,123.5304515985531,115.41922654111875,122.7017822265625,158273000
AAPL,2021-02-24,121.80488184514299,122.40931941932189,119.16288479188184,122.20458984375,111039900
AAPL,2021-02-25,121.55141178976116,123.28674515580227,117.51529718125303,117.9540023803711,148199500
AAPL,2021-02-26,119.51385248275434,121.71714451300848,118.15873226929354,118.21723175048828,164560400
AAPL,2021-03-01,120.64472644599832,124.71983750347,119.7088167333954,124.5833511352539,116307900
AAPL,2021-03-02,125.18779891061432,125.49001767022227,121.87311395477933,121.98035430908203,102260900
AAPL,2021-03-03,121.67811746535834,122.55553508836154,118.78264302842219,118.99712371826172,112966300
AAPL,2021-03-04,118.69492201638303,120.49849839926789,115.64346591859298,117.11557006835938,178155000
AAPL,2021-03-05,117.94423786319923,118.88014757741405,114.61980182519049,118.3731918334961,153766600
AAPL,2021-03-08,117.89550256292887,117.96374575469044,113.29394038143423,113.44017791748047,154376600
AAPL,2021-03-09,116.04318464645965,118.99715180961525,115.80920903774101,118.0514907836914,129525800
AAPL,2021-03-10,118.63641969338748,119.10437082693089,116.45262294368767,116.96932983398438,111943300
AAPL,2021-03-11,119.4651060547753,120.11829196722469,118.21722627040926,118.899658203125,103026500
AAPL,2021-03-12,117.37879987716553,118.12947496626138,116.16991732521446,117.99298858642578,88105100
AAPL,2021-03-15,118.36346113570012,120.88846666765528,117.39829786101335,120.87871551513672,92403800
AAPL,2021-03-16,122.54580261068884,124.02766536377307,121.59039794957519,122.4190673828125,115227900
AAPL,2021-03-17,120.93720389555035,122.7017830040472,119.27010655149442,121.62938690185547,111932600
AAPL,2021-03-18,119.79656889154106,120.08904396527872,117.30080936399335,117.50553894042969,121229700
AAPL,2021-03-19,116.8913345232248,118.38294083560933,116.67685382299581,116.97907257080078,185549500
AAPL,2021-03-22,117.31055690317099,120.76172845240197,117.24231371312757,120.29376983642578,111912300
AAPL,2021-03-23,120.23527288356823,121.1224343178664,119.07513126230569,119.46509552001953,95467100
AAPL,2021-03-24,119.73804436274435,119.81603868630508,117.05705085341589,117.07654571533203,88530500
AAPL,2021-03-25,116.5403780411406,118.60718345893137,116.0139273940255,117.56402587890625,98844700
AAPL,2021-03-26,117.33005170542276,118.43170133574063,115.93593444848634,118.16847229003906,94071200
AAPL,2021-03-29,118.59744153314395,119.50410536738507,117.70052885181629,118.34396362304688,80819200
AAPL,2021-03-30,117.09607172542653,117.37879562712054,115.87743806534003,116.89134216308594,85671900
AAPL,2021-03-31,118.59744636810407,120.42051782587205,118.1099928338644,119.08489990234375,118323800
AAPL,2021-04-01,120.55697812823146,121.06392639014648,119.41633152251266,119.91353607177734,75089100
AAPL,2021-04-05,120.7617238181442,122.99426157524732,119.98179530076379,122.74078369140625,88651200
AAPL,2021-04-06,123.32573845569713,123.9399272027551,122.49706897342678,123.04301452636719,80171300
AAPL,2021-04-07,122.67254799737614,124.71010003062226,121.99985979599343,124.69060516357422,83466700
AAPL,2021-04-08,125.71424485466245,127.11811320514343,125.29504201784057,127.0888671875,88844600
AAPL,2021-04-09,126.54291392534559,129.70160264420477,126.22119287511026,129.66261291503906,106686700
AAPL,2021-04-12,129.19464918855957,129.5163702074258,127.35207599025064,127.94676971435547,91420000
AAPL,2021-04-13,129.11667689697725,131.28097148351077,128.61946483937675,131.05673217773438,91266500
AAPL,2021-04-14,131.55393195001986,131.6124239805342,128.35623869078685,128.71694946289062,87222800
AAPL,2021-04-15,130.4620855191037,131.6124688471117,130.286594491838,131.12501525878906,89347100
AAPL,2021-04-16,130.93000444237106,131.29071524829968,129.9355952026849,130.79351806640625,84922400
AAPL,2021-04-19,130.15979315261126,132.07061690327527,129.9940607923638,131.4564208984375,94264200
AAPL,2021-04-20,131.6319582978669,132.12915555406386,128.502500021129,129.76988220214844,94812300
AAPL,2021-04-21,129.0386769276597,130.39379691363274,128.00527800142257,130.1500701904297,68847100
AAPL,2021-04-22,129.70163080104982,130.7837782500738,128.11254238332913,128.62924194335938,84566500
AAPL,2021-04-23,128.84369107132306,131.72940697661994,128.84369107132306,130.94949340820312,78657500
AAPL,2021-04-26,131.44671790843336,131.67094236224486,130.20858180313348,131.3394775390625,66905100
AAPL,2021-04-27,131.62218352757128,132.01215523774303,130.7447732125093,131.0177459716797,66015800
AAPL,2021-04-28,130.93975103357886,131.6319415185454,129.74061964154626,130.2280731201172,107760100
AAPL,2021-04-29,133.04553085743174,133.63048088194913,129.12640139531834,130.13055419921875,151101000
AAPL,2021-04-30,128.4732479162047,130.2085812488916,127.78107225167611,128.16128540039062,109839500
AAPL,2021-05-03,128.7267036427075,130.70577838338053,128.5219815192614,129.2141571044922,75135100
AAPL,2021-05-04,127.89805427494618,128.19052935599137,123.52071640184118,124.64186096191406,137564700
AAPL,2021-05-05,125.95797834787251,127.17661206810328,124.75884693241741,124.88558959960938,84000900
AAPL,2021-05-06,124.6808672259151,126.49419500952703,123.9399357544084,126.48445129394531,78128300
AAPL,2021-05-07,127.78327149877356,128.1836509944488,126.44537008751145,127.15827178955078,78973300
AAPL,2021-05-10,126.37698157156558,126.50392458875766,123.83791261142646,123.8769760131836,88071200
AAPL,2021-05-11,120.60552510907532,123.31060121990447,119.89263087268371,122.95904541015625,126142800
AAPL,2021-05-12,120.50787096501224,121.71880695136791,119.38482206893003,119.89263153076172,112172300
AAPL,2021-05-13,121.66021769444781,123.19342127323375,121.34771783923617,122.04107666015625,105861300
AAPL,2021-05-14,123.29106392253492,124.892626453878,122.90043727939631,124.46293640136719,81918000
AAPL,2021-05-17,123.84769755764366,123.95512006477786,122.23636740121376,123.31058502197266,74244600
AAPL,2021-05-18,123.59379552967953,124.01371786549493,121.8555147978895,121.92387390136719,63342900
AAPL,2021-05-19,120.27349147179841,121.99223682754793,119.9805196188087,121.76763153076172,92612000
AAPL,2021-05-20,122.29495001272419,124.72658904585231,122.16799209354527,124.3261947631836,76857100
AAPL,2021-05-21,124.82426479688547,125.00004641017311,122.27543512950636,122.49028015136719,79295400
AAPL,2021-05-24,123.05669713625909,124.94146389287052,122.98833802904868,124.12114715576172,63092900
AAPL,2021-05-25,124.82428611341189,125.3125750786712,123.35944156938784,123.92584991455078,72009500
AAPL,2021-05-26,123.9843985053702,124.40432076103178,123.457053757522,123.8769760131836,56575900
AAPL,2021-05-27,123.4766199875777,124.6484925303121,122.14849379883397,122.34380340576172,94625600
AAPL,2021-05-28,122.62699835536803,122.85161109201668,121.63090751379944,121.68949890136719,71311100
AAPL,2021-06-01,122.1484865589402,122.4121552577231,121.03520547415292,121.36723327636719,67637100
AAPL,2021-06-02,121.3672417498929,122.30474128408406,121.14263644461568,122.12895965576172,59278900
AAPL,2021-06-03,121.75786579428137,121.92387970340114,120.2441902802076,120.64458465576172,76229200
AAPL,2021-06-04,121.16215477898149,123.20317504815017,120.94730975584969,122.93949890136719,75169300
AAPL,2021-06-07,123.21293321808503,123.3594191359653,121.90434257301015,122.94926452636719,71057600
AAPL,2021-06-08,123.63286644051075,125.44928155152503,123.2520074907996,123.76958465576172,74403800
AAPL,2021-06-09,124.22856322000109,124.75590806990476,123.55473244780471,124.15043640136719,56877900
AAPL,2021-06-10,124.04301866252895,125.18560293992083,122.98833637271277,123.15435028076172,71186400
AAPL,2021-06-11,123.56449131477483,124.45316704928787,123.14456900791603,124.36527252197266,53522400
AAPL,2021-06-14,124.82424496082358,127.48048926644081,124.09182293027956,127.4218978881836,96906500
AAPL,2021-06-15,126.89456481981117,127.53909980449085,126.35745233257808,126.60159301757812,62746300
AAPL,2021-06-16,127.31453839236933,127.82235542381828,125.44931402318129,127.09969329833984,91815000
AAPL,2021-06-17,126.7578369661276,129.44338429633723,126.61134362559974,128.70118713378906,96721700
AAPL,2021-06-18,127.64656080258288,128.42779930928762,127.1875749842507,127.40242004394531,108953300
AAPL,2021-06-21,127.24618396376991,129.30673284742429,126.18173368531541,129.19931030273438,79663300
AAPL,2021-06-22,129.03324210427792,130.93753650393603,128.5351855604838,130.83987426757812,74783600
AAPL,2021-06-23,130.63484911301182,131.17196179435507,130.10749669817656,130.5664825439453,60214200
AAPL,2021-06-24,131.298913807041,131.48446319152282,129.81453363235784,130.28329467773438,68711000
AAPL,2021-06-25,130.33209840454234,130.7520133222248,129.69732354370646,129.99029541015625,70783700
AAPL,2021-06-28,130.28325319231956,132.08012525724726,130.22466180559726,131.6211395263672,62111300
AAPL,2021-06-29,131.6406714747908,133.29106502927266,131.20122118482706,133.1348114013672,64556100
AAPL,2021-06-30,132.97855283049014,134.18949604999602,132.68558101434905,133.7500457763672,63261400
AAPL,2021-07-01,133.39850004575504,134.11138680082388,132.5781758729055,134.05279541015625,52485800
AAPL,2021-07-02,134.66800143213112,136.71878923106325,134.521522975564,136.6797332763672,78852600
AAPL,2021-07-06,136.78720270819528,139.7950039901916,136.78720270819528,138.69149780273438,108181800
AAPL,2021-07-07,140.17582819219206,141.4941940308165,139.31646299700128,141.18170166015625,104911600
AAPL,2021-07-08,138.2617755637112,140.68364735524526,137.37309975875638,139.88287353515625,105575500
AAPL,2021-07-09,139.4043563311566,142.2363828285555,139.30669407903906,141.70904541015625,99890800
AAPL,2021-07-12,142.78330231767637,142.89072485841734,140.6250912359429,141.11337280273438,76299700
AAPL,2021-07-13,140.65438681301453,144.0040061068398,140.2637675203964,142.22665405273438,100827100
AAPL,2021-07-14,144.62896358307862,146.0645121600824,144.2187940743634,145.6543426513672,127050800
AAPL,2021-07-15,145.74225840567044,146.48444087501676,143.64263914576114,145.00006103515625,106820300
AAPL,2021-07-16,144.9805687583087,146.25008890568898,142.46103409612383,142.95907592773438,93251400
AAPL,2021-07-19,140.3808931785124,140.69340040632105,138.3496409012505,139.11135864257812,121434600
AAPL,2021-07-20,140.09769861315104,143.65238642562363,139.60941723835447,142.72463989257812,96350000
AAPL,2021-07-21,142.11919121599766,142.7051348899588,141.24029060622254,141.9922332763672,74993500
AAPL,2021-07-22,142.51962168780233,144.72664893696307,142.39266371599166,143.35946655273438,77338200
AAPL,2021-07-23,144.09186284341388,145.23443967973952,143.47662343109712,145.07818603515625,71447400
AAPL,2021-07-26,144.79499663408214,146.31843249256286,144.23834858516193,145.4981231689453,72434100
AAPL,2021-07-27,145.62505300491213,145.71295498966768,142.13873124540055,143.33013916015625,104818600
AAPL,2021-07-28,141.41606313093854,143.52544245138444,139.19926130154866,141.5820770263672,118931200
AAPL,2021-07-29,141.2989220568882,143.11533007978707,141.19149951624257,142.22665405273438,56699500
AAPL,2021-07-30,140.99611303233593,142.90040712312936,140.73243695786832,142.44142150878906,70440600
AAPL,2021-08-02,142.92972994024274,143.50589840764349,141.84574465184807,142.1094207763672,62880000
AAPL,2021-08-03,142.3926355441965,144.57036666149511,141.77739614243097,143.90631103515625,64786600
AAPL,2021-08-04,143.81841241009994,144.32621435379124,142.85160984220758,143.5059051513672,56368300
AAPL,2021-08-05,143.53520021202812,144.37504483971543,142.7441867059485,143.6133270263672,46397700
AAPL,2021-08-06,143.1341182329051,143.87741265764788,142.42993828378326,142.92872619628906,54126800
AAPL,2021-08-09,142.9873899692901,143.47640294108896,142.3223394909196,142.8798065185547,48908700
AAPL,2021-08-10,143.22214257955443,144.46423988872255,142.10719343722454,142.40060424804688,69023100
AAPL,2021-08-11,142.84070404163072,143.4959796880464,142.33212632967644,142.65487670898438,48493500
AAPL,2021-08-12,142.97763397957073,145.77478914489808,142.63531888467134,145.61830139160156,72282600
AAPL,2021-08-13,145.6965517804986,146.15622524916978,145.01193648359285,145.82369995117188,59375000
AAPL,2021-08-16,145.27597699148956,147.8677548726636,143.25147091055382,147.79928588867188,103296000
AAPL,2021-08-17,146.92886973012176,148.3470047149868,145.8139204751284,146.88975524902344,92229700
AAPL,2021-08-18,146.50827107774236,147.40805304290222,142.93846787438542,143.14385986328125,86326000
AAPL,2021-08-19,141.8430932126771,144.74783129125242,141.32474068639172,143.4763946533203,86960300
AAPL,2021-08-20,144.20015057068707,145.23685570513334,143.55464985258175,144.9336700439453,60549600
AAPL,2021-08-23,145.05105776321832,146.8897517241176,144.64028856581433,146.42030334472656,60131800
AAPL,2021-08-24,146.16596700294957,147.5449870963477,145.87255624979176,146.3322296142578,48606400
AAPL,2021-08-25,146.51806444524348,147.01686722827083,144.55223766808206,145.0999298095703,58991300
AAPL,2021-08-26,145.09018736118287,145.84325676235127,144.2686340417797,144.2979736328125,48597200
AAPL,2021-08-27,144.23927174159581,145.48136895257556,143.60356080464544,145.3346710205078,55802400
AAPL,2021-08-30,145.7258781178275,150.11722035437248,145.344448563989,149.75534057617188,90956700
AAPL,2021-08-31,149.3054768809692,149.4423999461669,147.96557089636175,148.49371337890625,86453100
AAPL,2021-09-01,149.47174324183015,151.57449356451917,148.9925050400125,149.1587677001953,80313700
AAPL,2021-09-02,150.4888943859777,151.32022266828497,149.05119460389105,150.2737274169922,71115500
AAPL,2021-09-03,150.38128139931968,151.23217421828528,149.72600573087058,150.909423828125,57808700
AAPL,2021-09-07,151.56469648456283,153.8043695479327,150.99743959102315,153.2469024658203,82278300
AAPL,2021-09-08,153.53053367824012,153.58921285674052,150.59645536526742,151.70162963867188,74420200
AAPL,2021-09-09,152.07328934160887,152.67966077073964,150.56712073419473,150.6844940185547,57305700
AAPL,2021-09-10,151.59402874023678,152.0634770377577,145.4324620067416,145.696533203125,140893200
AAPL,2021-09-13,147.32006383534568,148.09269782306362,145.48137014638132,146.2637939453125,102404300
AAPL,2021-09-14,147.0462435219262,147.75042357206001,143.6818310431746,144.865234375,109296300
AAPL,2021-09-15,145.29554507646444,146.1562127610325,143.15366567640987,145.75521850585938,83281300
AAPL,2021-09-16,145.1781923829195,145.69654500672686,143.98499938228917,145.52049255371094,68034100
AAPL,2021-09-17,145.54985605884855,145.54985605884855,142.55708356060515,142.85049438476562,129868800
AAPL,2021-09-20,140.64017542374413,141.65731614069242,138.16577024578245,139.799072265625,123478900
AAPL,2021-09-21,140.7672722677942,141.42256280767091,139.642548359155,140.27825927734375,75834000
AAPL,2021-09-22,141.27585049264187,143.21233776359767,140.54233100418216,142.6450958251953,76404300
AAPL,2021-09-23,143.42750895866175,143.8480679048245,142.43970805715156,143.6035614013672,64838200
AAPL,2021-09-24,142.45928187164873,144.22950668219346,142.3614732946102,143.69158935546875,53477900
AAPL,2021-09-27,142.273421957967,142.75265999815156,140.65968527072772,142.1756134033203,74150700
AAPL,2021-09-28,140.10222299723426,141.5692619814985,138.57650484135823,138.7916717529297,108972300
AAPL,2021-09-29,139.33934685752757,141.27583390106034,138.909013087078,139.69143676757812,74602000
AAPL,2021-09-30,140.5032258841864,141.20740583386313,138.17551911033874,138.39068603515625,89056700
AAPL,2021-10-01,138.7818918325454,139.77948259151805,136.0532056936857,139.51541137695312,94639600
AAPL,2021-10-04,138.6449269998756,139.08505053268152,135.23162663288193,136.08250427246094,98322000
AAPL,2021-10-05,136.42486459550415,139.11443634160335,136.29771642835235,138.00926208496094,80861100
AAPL,2021-10-06,136.405324957445,139.02642819558886,135.32949009194027,138.87973022460938,83221100
AAPL,2021-10-07,139.91641559084152,141.05092948182715,139.58389028870607,140.141357421875,61732700
AAPL,2021-10-08,140.8651231967564,141.01182116861023,139.4274233786023,139.75994873046875,58773200
AAPL,2021-10-11,139.14374758559657,141.6279267805162,138.6938491097419,139.671875,64452200
AAPL,2021-10-12,140.08267299121655,140.1022376916366,137.94079346178435,138.4004669189453,73035900
AAPL,2021-10-13,138.13641006788947,138.292882900144,136.14122849083293,137.81365966796875,78762700
AAPL,2021-10-14,138.98727624385413,140.71838645223315,138.4004546711347,140.60101318359375,69907100
AAPL,2021-10-15,140.6108377905611,141.7159973023287,140.35654141515744,141.65731811523438,67940300
AAPL,2021-10-18,140.29781043764254,143.61331759603044,140.01418949688554,143.32969665527344,85589200
AAPL,2021-10-19,143.77961939322623,145.89215946553824,143.32973571996214,145.4911651611328,76378900
AAPL,2021-10-20,145.43244096818108,146.4593710957878,144.8651841841365,145.98013305664062,58418800
AAPL,2021-10-21,145.54006729554342,146.35183078139093,144.62072033751141,146.19534301757812,61421000
AAPL,2021-10-22,146.40070968480316,146.87993285856993,145.3737794326728,145.4226837158203,58883400
AAPL,2021-10-25,145.41290903215594,146.08774940871533,144.3762037849461,145.37379455566406,50720600
AAPL,2021-10-26,146.04865428407604,147.5254684740955,145.73567873669694,146.03887939453125,60893400
AAPL,2021-10-27,146.07796575011088,146.43983059903536,145.22708789518356,145.5791778564453,56094900
AAPL,2021-10-28,146.5278661763529,149.804244404835,146.43005760449074,149.21743774414062,100077900
AAPL,2021-10-29,143.9850068548087,146.64523910016035,143.1928080838573,146.50831604003906,124953200
AAPL,2021-11-01,145.71610716586716,146.4104973070888,144.55225377378474,145.686767578125,74588300
AAPL,2021-11-02,145.39331876553575,148.23937742039493,145.383528956519,146.7234344482422,69122000
AAPL,2021-11-03,147.0853590623447,148.6306422432943,146.52789189067994,148.16119384765625,54511500
AAPL,2021-11-04,148.24917833275668,149.08049145321388,147.32983153314007,147.64280700683594,60394600
AAPL,2021-11-05,148.76917431705436,149.07280247570614,146.9767728258522,148.1717071533203,65463900
AAPL,2021-11-08,148.29902412050475,148.4557402315451,147.0747075253852,147.3489532470703,55020900
AAPL,2021-11-09,147.11388237768483,148.31860574960734,146.97675951376903,147.7113494873047,56787900
AAPL,2021-11-10,146.93762626246985,147.04536675115244,144.81221384507222,144.88076782226562,65187100
AAPL,2021-11-11,145.89938743250096,146.35971678839883,144.64567331029048,144.83177185058594,41000000
AAPL,2021-11-12,145.38028875154347,147.30981351364665,144.44981083290466,146.9082489013672,63804000
AAPL,2021-11-15,147.28040751304476,148.7593917575851,146.3597188974358,146.9180145263672,59222800
AAPL,2021-11-16,146.85924274203003,148.3773984758072,146.27156473370576,147.8974609375,59256200
AAPL,2021-11-17,147.8974444188513,151.81525751603942,147.88765526640586,150.33628845214844,88807000
AAPL,2021-11-18,150.5517823821893,155.4098626732955,149.9053395784081,154.6262969970703,137827700
AAPL,2021-11-19,154.41081232255357,157.71158022509883,153.3138293695712,157.25123596191406,117305600
AAPL,2021-11-22,158.35803684704905,162.29544415495414,157.69201563177705,157.71160888671875,117467900
AAPL,2021-11-23,157.8095322884944,158.47556839424874,155.79186060844827,158.0935821533203,96041900
AAPL,2021-11-24,157.44710392541154,158.8085432931144,156.359910261615,158.61265563964844,69463600
AAPL,2021-11-26,156.29140553118123,157.15331446693773,153.14735315261942,153.58810424804688,76959800
AAPL,2021-11-29,156.09549714109664,157.87810965774673,155.5274123262941,156.9476318359375,88748200
AAPL,2021-11-30,156.70277541909022,162.11915223655976,156.63420649835714,161.90367126464844,174048100
AAPL,2021-12-01,164.03886252915143,166.8009284808444,161.1494777894876,161.38455200195312,152052500
AAPL,2021-12-02,155.47846334245494,160.82627140546424,154.55777460571244,160.3953094482422,136739200
AAPL,2021-12-03,160.64995624545222,161.57064486360198,156.43830349501886,158.51473999023438,118023100
AAPL,2021-12-06,160.91438234430973,164.43063118657795,160.90459319122638,161.92323303222656,107497000
AAPL,2021-12-07,165.60596828506618,168.05460157243954,164.88116745170595,167.66281127929688,120405400
AAPL,2021-12-08,168.593312102322,172.34462027485748,167.19268602213367,171.48269653320312,116998900
AAPL,2021-12-09,171.3161880617465,173.11837862863902,170.3465238704593,170.97337341308594,108923700
AAPL,2021-12-10,171.61006589770645,175.93924886657175,171.10074585864132,175.762939453125,115402700
AAPL,2021-12-13,177.39859965742585,178.38785718223016,171.9234585953343,172.129150390625,153237000
AAPL,2021-12-14,171.64918787846642,174.08803193389883,168.67165647349816,170.7480926513672,139380400
AAPL,2021-12-15,171.51211498851686,175.81191555668835,168.76964200749114,175.61602783203125,131063300
AAPL,2021-12-16,175.5964093375668,177.41819331105674,167.24167279418768,168.72064208984375,150185800
AAPL,2021-12-17,166.43851201579665,169.90578548213614,166.20345276063674,167.6236572265625,195432700
AAPL,2021-12-20,164.82242453025603,167.07517044282818,164.01928047689202,166.26222229003906,107499100
AAPL,2021-12-21,168.03504264727704,169.641345814115,165.64517367936028,169.4356689453125,91185900
AAPL,2021-12-22,169.4845891969166,172.24665462353272,168.61287637449038,172.0311737060547,92135300
AAPL,2021-12-23,172.23690795484498,173.2163614776015,171.66882311821325,172.65806579589844,68356600
AAPL,2021-12-27,173.4514127643316,176.71299463822913,173.43183445537653,176.62484741210938,74919600
AAPL,2021-12-28,176.45833582983963,177.6042945644057,174.86182193569553,175.606201171875,79144300
AAPL,2021-12-29,175.64540604755402,176.9186986453212,174.47985393756576,175.6943817138672,62348900
AAPL,2021-12-30,175.78251482342475,176.85991961465393,174.4308642572052,174.53860473632812,59773000
AAPL,2021-12-31,174.43085959378186,175.5474359178977,173.61791144491113,173.9215545654297,64062300
AAPL,2022-01-03,174.17620137564992,179.12244407617163,174.05867174915193,178.2703094482422,104487900
AAPL,2022-01-04,178.87757285498617,179.18120100693088,175.43968197842852,176.0077667236328,99310400
AAPL,2022-01-05,175.91965899179817,176.46815060812955,171.0517734789437,171.32601928710938,94537600
AAPL,2022-01-06,169.15158724290762,171.6981718811385,168.11336910348592,168.46597290039062,96904000
AAPL,2022-01-07,169.3376997173353,170.5620164817169,167.5159157741246,168.6324920654297,86709100
AAPL,2022-01-10,165.6059836604726,168.95571251516662,164.71467747425172,168.65208435058594,106765600
AAPL,2022-01-11,168.77941063247667,171.58063290230876,167.3102305884416,171.48269653320312,76138300
AAPL,2022-01-12,172.50133585944042,173.53955411934612,171.22805833783443,171.9234619140625,74805200
AAPL,2022-01-13,172.16831849084767,172.9910557649256,168.26029402106818,168.65208435058594,84505800
AAPL,2022-01-14,167.8195575274604,170.20942643626557,167.57469415475944,169.51402282714844,80440800
AAPL,2022-01-18,167.98607548786666,168.99491146380436,165.92923196932753,166.31121826171875,90956700
AAPL,2022-01-19,166.5071040161468,167.56491564685888,162.53052498206404,162.81455993652344,94815000
AAPL,2022-01-20,163.54914953452655,166.19367112950465,160.8066766064742,161.12989807128906,91420500
AAPL,2022-01-21,161.04173994454513,162.91249968467412,158.965303342259,159.0730438232422,122848900
AAPL,2022-01-24,156.73215398969816,158.96530678454897,151.52145417153005,158.2992706298828,162294600
AAPL,2022-01-25,155.71350456711474,159.41583739515477,153.79378418345803,156.4970703125,115798400
AAPL,2022-01-26,160.14061983418955,161.01233270214277,154.57733208034693,156.40890502929688,108275300
AAPL,2022-01-27,159.112223875077,160.4736636918006,155.02790442490624,155.94859313964844,121954600
AAPL,2022-01-28,162.30523687541563,166.8499002604039,159.4550237648548,166.83030700683594,179935700
AAPL,2022-01-31,166.6637882659515,171.4043389682656,166.02713461119168,171.18885803222656,115541600
AAPL,2022-02-01,170.43467612383174,171.2476242171807,168.769608378118,171.02235412597656,86213900
AAPL,2022-02-02,171.15948068570833,172.26626780396012,169.7686586589768,172.22708129882812,84914300
AAPL,2022-02-03,170.89502658265624,172.618874147118,168.58351594007854,169.3474884033203,89418100
AAPL,2022-02-04,168.3667905913057,170.74010088602927,167.3860892995176,169.06309509277344,82465400
AAPL,2022-02-07,169.52403712153145,170.59299800892276,167.65089393875687,168.34719848632812,77251200
AAPL,2022-02-08,168.41582891603926,171.9659777736799,168.12161553517308,171.4560089111328,74829200
AAPL,2022-02-09,172.65246413479986,173.2408759269309,171.5246486789991,172.87802124023438,71285000
AAPL,2022-02-10,170.77936109253946,172.09349753019532,168.23934776207386,168.79833984375,90865900
AAPL,2022-02-11,169.0042733328554,169.7397993797007,164.79705596488338,165.38548278808594,98670700
AAPL,2022-02-14,164.13996586391173,166.30732224292808,163.34560023389338,165.62083435058594,86185500
AAPL,2022-02-15,167.67052968517936,169.61231438448638,166.96442343737377,169.4553985595703,62527400
AAPL,2022-02-16,168.53351334854412,169.994748612644,166.76824813134002,169.22000122070312,61177400
AAPL,2022-02-17,167.72933608370406,168.5923579851135,165.2187432406735,165.62083435058594,69589300
AAPL,2022-02-18,166.54270637048876,167.24879755806595,162.98275576839345,164.0713348388672,82772700
AAPL,2022-02-22,161.79610099125685,163.4731068473456,159.02071443579257,161.1488494873047,91162800
AAPL,2022-02-23,162.34528786351217,162.94351625967545,156.6670338772365,156.98086547851562,90009200
AAPL,2022-02-24,149.63540593186767,159.70721245821238,149.06659738297807,159.59933471679688,141147500
AAPL,2022-02-25,160.67813725963106,161.93343403788458,157.76545247894273,161.6686553955078,91974200
AAPL,2022-02-28,159.91315308309024,162.22760877136363,159.2953064697166,161.9333953857422,95056600
AAPL,2022-03-01,161.52149747345592,163.3848388800103,158.84418717486,160.05044555664062,83474400
AAPL,2022-03-02,161.21747641613547,164.13016029917193,159.8052642347465,163.34559631347656,79724800
AAPL,2022-03-03,165.21876441640376,165.6502754224143,162.35511815252505,163.02198791503906,76678400
AAPL,2022-03-04,161.31554410601458,162.3550849729684,158.9716688608393,160.02101135253906,83737200
AAPL,2022-03-07,160.2073682314536,161.83533601406552,155.97073134624392,156.22572326660156,96418800
AAPL,2022-03-08,155.75498387793954,159.73662866525098,152.7932618336368,154.401611328125,131148300
AAPL,2022-03-09,158.363665526824,160.25642710163922,156.33362131227005,159.8052978515625,91454900
AAPL,2022-03-10,157.10834060556428,157.29467624132576,152.96978004521466,155.4607696533203,105342000
AAPL,2022-03-11,155.86282296707049,156.20607434732403,151.51832415633135,151.74388122558594,96970100
AAPL,2022-03-14,148.52722554311967,151.14569651195163,147.20328761828517,147.71324157714844,108732100
AAPL,2022-03-15,147.98779883833126,152.56768641731915,147.4778450101939,152.09693908691406,92964300
AAPL,2022-03-16,154.01915688013034,156.9122229988077,151.4791438617729,156.5101318359375,102300200
AAPL,2022-03-17,155.549028989307,157.89290442537197,154.58794593498652,157.52023315429688,75615400
AAPL,2022-03-18,157.41236437319773,161.30574983268542,156.67683837905244,160.81539916992188,123511700
AAPL,2022-03-21,160.35447849802293,163.13968181166422,159.8641278042269,162.1884002685547,95811400
AAPL,2022-03-22,162.31586266906788,166.1504082464849,161.72745088254396,165.56199645996094,81532000
AAPL,2022-03-23,164.74802792669965,169.30828329467843,164.41457808924804,166.92518615722656,98062700
AAPL,2022-03-24,167.75877268098228,170.77933467330854,166.92518550141648,170.710693359375,90131400
AAPL,2022-03-25,170.52434378661113,171.89731959636083,169.4161465488256,171.34812927246094,80546200
AAPL,2022-03-28,168.84732298325162,172.33861684390223,168.68060557578377,172.2111358642578,90371900
AAPL,2022-03-29,173.28010585750482,175.55532497081904,172.93685443507036,175.5063018798828,100589400
AAPL,2022-03-30,175.1042250130881,176.14376602591867,173.289921571538,174.3392791748047,92633200
AAPL,2022-03-31,174.40795717422444,174.59429285993158,171.0343415037647,171.24029541015625,103049300
AAPL,2022-04-01,170.67144974905557,171.5050518578882,168.62178757896973,170.946044921875,78751300
AAPL,2022-04-04,171.2010287452735,175.04537594723365,171.07353279095375,174.996337890625,76468400
AAPL,2022-04-05,174.07446238611692,174.85902633621265,171.05390090505156,171.68154907226562,73401800
AAPL,2022-04-06,169.03368653783352,170.27918145157616,166.846726701127,168.513916015625,89058800
AAPL,2022-04-07,167.8568338106809,170.01437362269277,166.5721175347958,168.8179168701172,77594700
AAPL,2022-04-08,168.46488285345913,168.46488285345913,165.9346714824091,166.8074951171875,76575500
AAPL,2022-04-11,165.4541214198734,165.76793805160875,162.306063690876,162.55123901367188,72246700
AAPL,2022-04-12,164.77744578641645,166.59173431379904,163.42407312851623,164.4243927001953,79265200
AAPL,2022-04-13,164.15957544885293,167.73912889065093,163.55154548536066,167.11148071289062,70618900
AAPL,2022-04-14,167.32726844290085,167.96473333287506,161.85495282329552,162.10012817382812,75329400
AAPL,2022-04-18,160.75653828349098,163.3848252707186,160.41330184341265,161.8843536376953,69023900
AAPL,2022-04-19,161.8353289533827,164.58129552240263,160.7467499371193,164.1693878173828,67723800
AAPL,2022-04-20,165.50315744246095,165.62085178233113,162.89450317699752,164.002685546875,67929800
AAPL,2022-04-21,165.65026467883652,168.21969736612456,162.70816069883412,163.20831298828125,87227800
AAPL,2022-04-22,163.2475363117759,164.63031369845396,158.38325153783305,158.6676483154297,84882400
AAPL,2022-04-25,158.01058942731927,160.0210300948507,155.40193532965264,159.73663330078125,96046400
AAPL,2022-04-26,159.11880660312406,159.20706614015833,153.69552890649263,153.77398681640625,95623200
AAPL,2022-04-27,152.90116485569044,156.70627626102967,152.38139429047249,153.54843139648438,88063200
AAPL,2022-04-28,156.17671559506246,161.34501674699274,155.86288392873374,160.48199462890625,130216800
AAPL,2022-04-29,158.7166531917823,162.9925103374063,154.2152389962978,154.60751342773438,131747600
AAPL,2022-05-02,153.68569876055605,155.17635387935172,150.31208408187865,154.9115753173828,123055300
AAPL,2022-05-03,155.09791756360522,157.60852567132414,153.30324720330452,156.40225219726562,88966500
AAPL,2022-05-04,156.58856589280018,163.267138972668,156.18647479117334,162.81602478027344,108256500
AAPL,2022-05-05,160.68791986588977,160.91347698312873,151.9596689981739,153.7445526123047,130525300
AAPL,2022-05-06,153.223988771511,156.59274408051633,151.42666686979732,154.4713134765625,116124600
AAPL,2022-05-09,152.163286830581,153.047223819661,148.78473018495143,149.34454345703125,131577900
AAPL,2022-05-10,152.74276671948687,153.9409814618481,150.19900690567323,151.75079345703125,115366700
AAPL,2022-05-11,150.75886233593417,152.6740370686738,143.2061846849442,143.8838653564453,142689800
AAPL,2022-05-12,140.22046241259886,143.58920335731457,136.32135622581737,140.0142059326172,182602000
AAPL,2022-05-13,142.0079231185743,145.45525149236786,140.55435700186288,144.48292541503906,113990900
AAPL,2022-05-16,142.9508252776519,144.88564694988057,141.60528003698874,142.9409942626953,86643800
AAPL,2022-05-17,146.20173222860802,147.095485494692,144.06065379921478,146.574951171875,78336300
AAPL,2022-05-18,144.2275834099531,144.72847052072004,137.4016833512006,138.30526733398438,109742900
AAPL,2022-05-19,137.3820660685117,139.13027811714653,134.1606406090294,134.89724731445312,136095600
AAPL,2022-05-20,136.60614779257094,138.1873972505803,130.2418708685785,135.1329345703125,137426100
AAPL,2022-05-23,135.32939289148615,140.7017129465154,135.19189355677787,140.5543975830078,117726300
AAPL,2022-05-24,138.2954614249139,139.4347501436659,134.8776102549607,137.85350036621094,104132700
AAPL,2022-05-25,135.95794665102005,139.25794526331134,135.86955744381711,138.01063537597656,92482700
AAPL,2022-05-26,134.93649979225893,141.76238425203672,134.6909642722216,141.21238708496094,90601500
AAPL,2022-05-27,142.79363900414174,147.0070220098635,142.66595573580807,146.96774291992188,90978500
AAPL,2022-05-31,146.40794084331958,147.9695433008326,144.2177530085784,146.18203735351562,103718400
AAPL,2022-06-01,147.2231036462002,149.03025660842948,145.04274685421817,146.0543670654297,74286600
AAPL,2022-06-02,145.1900746138875,148.5686459793301,144.2373955374819,148.5097198486328,72348100
AAPL,2022-06-03,144.27667399411106,145.32757327458623,141.8802597672709,142.78382873535156,88570300
AAPL,2022-06-06,144.4043487713543,145.9168559663355,142.31238134609404,143.53024291992188,71598400
AAPL,2022-06-07,141.77222665254513,146.33918169758047,141.52669111278408,146.0543670654297,67808200
AAPL,2022-06-08,145.92668764129223,147.19364446593215,144.82669318974126,145.31776428222656,53950200
AAPL,2022-06-09,144.45350326791345,145.3079623441927,139.98475243487303,140.09278869628906,69473000
AAPL,2022-06-10,137.7749096051149,138.2463336751748,134.61241045362357,134.68116760253906,91437900
AAPL,2022-06-13,130.49722878533498,132.78562190034356,129.09277263849617,129.52491760253906,122207100
AAPL,2022-06-14,130.7525781704987,131.49900074632365,129.13203476822937,130.38917541503906,84784300
AAPL,2022-06-15,131.89184853709685,134.8873847695174,129.79989617338862,133.01148986816406,91533000
AAPL,2022-06-16,129.72133518143346,130.0257968459268,126.7356146942801,127.7374038696289,108123900
AAPL,2022-06-17,127.74724995941777,130.70349274398822,127.49188338256819,129.21063232421875,134520300
AAPL,2022-06-21,131.0373890350951,134.61238545733227,130.93918382298145,133.44363403320312,81000500
AAPL,2022-06-22,132.38292546422988,135.29988866486136,131.51865061736427,132.9329376220703,73409200
AAPL,2022-06-23,134.37672361512418,136.11510478571114,133.20797181999205,135.8008270263672,72433800
AAPL,2022-06-24,137.40171459924213,139.37583039772065,137.27404627901228,139.1302947998047,89116800
AAPL,2022-06-27,140.15171629316146,140.92761717490586,138.45261415174812,139.1302947998047,70207900
AAPL,2022-06-28,139.59189131103963,140.85884829692233,134.86778919791305,134.9856414794922,67083400
AAPL,2022-06-29,135.0052865296894,138.15795490582852,134.22938572393656,136.74366760253906,66242400
AAPL,2022-06-30,134.79899171123657,135.8989859736656,131.38114169133365,134.27845764160156,98964500
AAPL,2022-07-01,133.61062978312276,136.5570566364842,133.23742590571564,136.4490203857422,71051600
AAPL,2022-07-05,135.30974606974897,139.08116882706545,134.4847351652157,139.0320587158203,73353800
AAPL,2022-07-06,138.82581180795694,141.54633502633234,138.56062920663072,140.36776733398438,74064300
AAPL,2022-07-07,140.7311436298687,143.93293666537267,140.72132760332855,143.73651123046875,66253700
AAPL,2022-07-08,142.66598770215515,144.91510200246088,142.41063609457171,144.41419982910156,64547800
AAPL,2022-07-11,143.0686451840122,144.02132426836204,141.2123971200697,142.28292846679688,63141600
AAPL,2022-07-12,143.15701356941278,145.7989779664963,142.4597011366518,143.25523376464844,77588800
AAPL,2022-07-13,140.43652068379964,143.83472435454556,139.58204676627264,142.89187622070312,71185600
AAPL,2022-07-14,141.50706056941064,146.29008864591398,140.69188068401962,145.81866455078125,78140700
AAPL,2022-07-15,147.1052464203459,148.1659617146879,145.55346006304742,147.48828125,76259900
AAPL,2022-07-18,148.04814036588357,148.86332029894717,144.08027695642463,144.4436798095703,81420900
AAPL,2022-07-19,145.27848208027842,148.52937058051154,144.286523787425,148.30348205566406,82982400
AAPL,2022-07-20,148.42132610705224,150.97490184976564,147.6847194489196,150.30703735351562,64823400
AAPL,2022-07-21,151.74099392614767,152.7918934399678,149.22671189385298,152.57582092285156,65086600
AAPL,2022-07-22,152.61505981778862,153.48916568446282,150.67042266234586,151.33827209472656,66675400
AAPL,2022-07-25,151.25971149976874,152.27131674461305,149.56060972730697,150.21864318847656,53623900
AAPL,2022-07-26,149.54096368293668,150.3561434947877,148.1070444852617,148.89276123046875,55138700
AAPL,2022-07-27,149.85527117258624,154.52044701167125,149.44277321253915,153.99008178710938,78620700
AAPL,2022-07-28,154.17668202554245,154.82489948966665,151.65258430440582,154.5400848388672,81378700
AAPL,2022-07-29,158.3605701777879,160.70788879088073,156.65163782463424,159.60787963867188,101786900
AAPL,2022-08-01,158.13470710792794,160.66863573230555,158.01685484186865,158.6257781982422,67829400
AAPL,2022-08-02,157.24099208938756,159.50973846034333,156.7793839981374,157.152587890625,59907000
AAPL,2022-08-03,157.96775857743674,163.61507661089456,157.87936937014717,163.16329956054688,82507500
AAPL,2022-08-04,163.04540919289056,164.20434469622828,161.49362283306857,162.84898376464844,55474100
AAPL,2022-08-05,160.51808440274291,163.11454067024195,160.31154145785612,162.62278747558594,56697000
AAPL,2022-08-08,163.62595540473944,165.04220702567798,161.49174831186727,162.15069580078125,60276900
AAPL,2022-08-09,161.31475546531706,163.0850703328182,160.55745118727944,162.1999053955078,63135500
AAPL,2022-08-10,164.91437134851807,166.54699582568117,164.14723743893427,166.4486541748047,70170500
AAPL,2022-08-11,167.25509577756023,168.16976453213817,165.41594361409508,165.71099853515625,57149200
AAPL,2022-08-12,167.01906593388134,169.33029699566112,166.60598003496278,169.26145935058594,68039400
AAPL,2022-08-15,168.6910420110852,170.53019439574174,168.52384770403629,170.33349609375,54091700
AAPL,2022-08-16,169.93022509830618,170.84489380290904,168.8287027941199,170.1761016845703,56377100
AAPL,2022-08-17,169.9204107737534,173.24465231523857,169.72371248841205,171.67105102539062,79542000
AAPL,2022-08-18,170.8842371095866,172.01526346746522,170.26462327491188,171.2776336669922,62290100
AAPL,2022-08-19,170.1761140668042,170.87441022573427,168.48448182965225,168.69102478027344,70346300
AAPL,2022-08-22,166.89122718275175,167.05842149370653,164.38328250419255,164.8061981201172,69026800
AAPL,2022-08-23,164.32426652803133,165.92738691269662,163.90135093265715,164.47178649902344,54147100
AAPL,2022-08-24,164.5603177384026,165.33728128422243,163.5079585610888,164.766845703125,53841500
AAPL,2022-08-25,165.9962181286182,167.33378750652878,165.57331755675585,167.22560119628906,51218200
AAPL,2022-08-26,167.75673954884368,168.22881854744674,160.8623482022366,160.92135620117188,78961000
AAPL,2022-08-29,158.49205968709833,160.21319598841637,157.18400930436007,158.71827697753906,73314000
AAPL,2022-08-30,159.45590875707995,159.87880933569366,155.118641623387,156.2890167236328,77906200
AAPL,2022-08-31,157.665923552681,157.93147450788678,154.54820976951913,154.62689208984375,87991100
AAPL,2022-09-01,154.05645479166745,155.8070951296429,152.11894582091065,155.3546905517578,74229900
AAPL,2022-09-02,157.11517641377614,157.71511602884905,152.41401615420267,153.2401580810547,76957800
AAPL,2022-09-06,153.88925181756636,154.4990209999667,151.15510515135455,151.9812469482422,73714800
AAPL,2022-09-07,152.26648324611122,154.08596126340717,151.07643378022465,153.38768005371094,87449600
AAPL,2022-09-08,152.08942323375317,153.78105537712216,150.1617441609201,151.9123992919922,84923800
AAPL,2022-09-09,152.90577277832278,155.21701929836195,152.19764682354995,154.77442932128906,68028800
AAPL,2022-09-12,156.9577901423654,161.5507634451195,156.67257987610813,160.7344512939453,104956000
AAPL,2022-09-13,157.26267420589616,157.89211772902357,150.8403783347764,151.30262756347656,122656600
AAPL,2022-09-14,152.23698543372632,154.5088983666351,151.07645480780434,152.7484130859375,87965400
AAPL,2022-09-15,152.09926605765543,152.67954626691656,148.88321078041434,149.85687255859375,90481100
AAPL,2022-09-16,148.71602969989698,148.85372001445614,145.92285973622464,148.2144317626953,162278800
AAPL,2022-09-19,146.84737096636638,152.01078071909163,146.6408429802446,151.93209838867188,81474200
AAPL,2022-09-20,150.86989154639073,155.4727097837978,150.5551772691551,154.31216430664062,107689800
AAPL,2022-09-21,154.74490471552286,156.121822780707,151.06660011449515,151.1846160888672,101696800
AAPL,2022-09-22,149.86674694503643,151.9222722255848,148.42099098039108,150.22080993652344,86652500
AAPL,2022-09-23,148.69634230303134,148.97172290795524,146.10971554201328,147.94886779785156,96029900
AAPL,2022-09-26,147.19160174855077,151.23381448556898,147.171927414505,148.28329467773438,93339400
AAPL,2022-09-27,150.22077457787657,152.16811306913462,147.47678328794686,149.25692749023438,84442700
AAPL,2022-09-28,145.20489532446575,148.1554147485666,142.45107419388137,147.3686065673828,146691400
AAPL,2022-09-29,143.69029304650877,144.30006222073425,138.3596750779143,140.12998962402344,128138200
AAPL,2022-09-30,138.9497950371784,140.739784043771,135.72389496609006,135.92059326171875,124925300
AAPL,2022-10-03,135.930451339268,140.71029392940602,135.41902371449189,140.1005096435547,114311700
AAPL,2022-10-04,142.63791815031084,143.80829305388013,141.8806140938045,143.69027709960938,87830100
AAPL,2022-10-05,141.69377951288206,144.94918341662517,140.65125008419213,143.98533630371094,79471000
AAPL,2022-10-06,143.40507882099124,145.1065408456924,142.8248135939426,143.03134155273438,68402200
AAPL,2022-10-07,140.18899129011245,140.73976746295003,137.14996021039673,137.77940368652344,85925600
AAPL,2022-10-10,138.10397338867188,139.5497290653031,136.28449546728626,138.10397338867188,74899000
AAPL,2022-10-11,137.5925684188842,139.01866500579177,135.9402845213117,136.687744140625,77033700
AAPL,2022-10-12,136.8352517842159,138.04496046792565,135.88124936484056,136.0582733154297,70433700
AAPL,2022-10-13,132.76356905691682,141.22171730449597,132.15378472461572,140.63162231445312,113224000
AAPL,2022-10-14,141.92982762072035,142.1363705990491,135.9107723458466,136.09764099121094,88598000
AAPL,2022-10-17,138.7432621845146,140.5430657827838,137.95645402263972,140.0611572265625,85250900
AAPL,2022-10-18,143.09038098743915,144.2804155723702,138.2908639653918,141.3790740966797,99136600
AAPL,2022-10-19,139.35303637893844,142.55926212019432,139.16616774549112,141.48724365234375,61758300
AAPL,2022-10-20,140.6611165197279,143.48377562705596,140.29720887706276,141.02500915527344,64522000
AAPL,2022-10-21,140.51356590449524,145.41143897685419,140.29719327846567,144.84100341796875,86548600
AAPL,2022-10-24,144.76232705447245,147.75218027161432,143.59195189473937,146.98504638671875,75981900
AAPL,2022-10-25,147.61450271725704,149.97492757312142,146.89654709772452,149.827392578125,74732300
AAPL,2022-10-26,148.4701649982454,149.48317560972512,145.59831248015067,146.88671875,88194300
AAPL,2022-10-27,145.62779799425218,146.59163005196794,141.75278042653088,142.41172790527344,109180200
AAPL,2022-10-28,145.75564835945892,154.90226106166642,145.3819261249116,153.17129516601562,164762400
AAPL,2022-10-31,150.63384336153183,151.6960320711127,149.41429002672785,150.8108673095703,97943200
AAPL,2022-11-01,152.52217870801033,152.8860712842191,146.6703184608035,148.1652374267578,80379300
AAPL,2022-11-02,146.49328294195223,149.66017491618842,142.60843546015093,142.637939453125,93604600
AAPL,2022-11-03,139.7168825932146,140.44468255367912,136.46147960697192,136.58934020996094,97918500
AAPL,2022-11-04,139.97826383175124,140.54964571240953,132.38285778027205,136.3234100341797,140814800
AAPL,2022-11-07,135.07224959765693,137.08192417351185,133.65364870551915,136.8553466796875,83374600
AAPL,2022-11-08,138.32323704462326,139.32806703138522,135.44663574586633,137.4267578125,89908500
AAPL,2022-11-09,136.44159482466026,136.49085472450093,132.5897021500865,132.86553955078125,74917800
AAPL,2022-11-10,139.14089348616804,144.6872100830078,137.42674799216064,144.6872100830078,118854000
AAPL,2022-11-11,143.6527888029693,147.78050320153858,142.2243270907486,147.47511291503906,93979700
AAPL,2022-11-14,146.75601106211803,148.04653945457946,145.23889010351994,146.07626342773438,73374100
AAPL,2022-11-15,149.9576976256643,151.3073317859871,146.35208917690562,147.81008911132812,89868300
AAPL,2022-11-16,146.91363265596118,147.64262514508096,145.10096733747125,146.57867431640625,64218300
AAPL,2022-11-17,144.25374542723313,149.22869517163417,143.9779079987764,148.47999572753906,80389400
AAPL,2022-11-18,150.04634875723008,150.43055193083845,147.74112971557977,149.04150390625,74829600
AAPL,2022-11-21,147.928327968664,148.1351985339266,145.52458880647748,145.81027221679688,58724100
AAPL,2022-11-22,145.92849249022925,148.1844518302865,144.7463148991296,147.94801330566406,51804100
AAPL,2022-11-23,147.22887996484198,149.5735133563615,147.1205141770319,148.82481384277344,58301400
AAPL,2022-11-25,146.10579226397604,146.66732805436232,144.93347581626634,145.9087677001953,35195900
AAPL,2022-11-28,142.98289353666578,144.46060017306456,141.24905649481454,142.07656860351562,69246000
AAPL,2022-11-29,142.14555568748492,142.65783165746328,138.2641245866872,139.07192993164062,83763800
AAPL,2022-11-30,139.29850181511986,146.50971891238402,138.4611435666205,145.82997131347656,111380900
AAPL,2022-12-01,146.00729966926298,146.9136247638141,144.43107296360157,146.10580444335938,71250400
AAPL,2022-12-02,143.79073931676461,145.80041408602733,143.48533393064037,145.6132354736328,65447400
AAPL,2022-12-05,145.57386250650663,148.67704153557165,143.60358628944576,144.4508056640625,68826400
AAPL,2022-12-06,144.8842493657544,145.11082689130228,139.81077976944414,140.78607177734375,64727200
AAPL,2022-12-07,140.07674388503568,141.2391992545666,137.9192897333707,138.84532165527344,69721100
AAPL,2022-12-08,140.24423909407787,141.38700272319693,139.00297068921475,140.52992248535156,62128300
AAPL,2022-12-09,140.22454358218158,143.40655024212361,138.80594241386282,140.04722595214844,76097000
AAPL,2022-12-12,140.5791698825673,142.352421040337,138.96354439037955,142.3425750732422,70462700
AAPL,2022-12-13,147.2781498799709,147.7411660018872,142.09632874722436,143.30804443359375,93886200
AAPL,2022-12-14,143.18979848966035,144.48032672192886,139.06206832067184,141.08160400390625,82291200
AAPL,2022-12-15,139.01284678575612,139.69259452336593,134.00834311374663,134.4713592529297,98931900
AAPL,2022-12-16,134.6585187405124,135.60424282446493,131.74250357896327,132.5109100341797,160156900
AAPL,2022-12-19,133.10196229580487,133.19062108581718,129.36829682919725,130.40267944335938,79592600
AAPL,2022-12-20,129.43727633927585,131.26963355148135,127.9595693949815,130.33375549316406,77432800
AAPL,2022-12-21,131.00365840968308,134.7767390812449,130.77708085896677,133.43695068359375,85928000
AAPL,2022-12-22,132.35330392731453,132.56017450128888,128.3634917913713,130.26480102539062,77852100
AAPL,2022-12-23,128.97429723440067,130.45200460193325,127.71332148333421,129.90032958984375,63814900
AAPL,2022-12-27,129.42743066905106,129.45698360544398,126.80696007412172,128.0974884033203,69007800
AAPL,2022-12-28,127.7428420402377,129.08263031505834,123.99932216789122,124.16679382324219,85438400
AAPL,2022-12-29,126.08781995267968,128.54081165179434,125.83168946503402,127.68374633789062,75703700
AAPL,2022-12-30,126.50156359082803,128.01866936965655,125.53612512465858,127.99896240234375,77034200
AAPL,2023-01-03,128.34377240566315,128.9545531314731,122.32457886036785,123.2112045288086,112117500
AAPL,2023-01-04,125.00417001301611,126.74786861860159,123.22107249842935,124.48204803466797,89113600
AAPL,2023-01-05,125.24058317585433,125.87107085400619,122.90581107632524,123.16194152832031,80962700
AAPL,2023-01-06,124.1372542550979,128.35363661029058,123.03389687582771,127.69359588623047,87754700
AAPL,2023-01-09,128.53093430540028,131.4272419402479,127.95955255827974,128.21568298339844,70790800
AAPL,2023-01-10,128.32406282244906,129.30920076375085,126.21586822934367,128.78707885742188,63896200
AAPL,2023-01-11,129.29935853420528,131.52576493439358,128.52110615216108,131.50607299804688,69458900
AAPL,2023-01-12,131.89027740511193,132.26461961526783,129.48653833184324,131.42726135253906,71379600
AAPL,2023-01-13,130.0677644513709,132.914812571895,129.70326821418658,132.75718688964844,57809700
AAPL,2023-01-17,132.82614355724837,135.24957434953774,132.1365500404185,133.91964721679688,63646600
AAPL,2023-01-18,134.7865730896908,136.54996329562516,133.0231678517452,133.20050048828125,69672800
AAPL,2023-01-19,132.08728136161048,134.2250286377242,131.78189104102427,133.2595977783203,58280400
AAPL,2023-01-20,133.26943492058444,135.96871779350207,132.225191300495,135.82093811035156,80223600
AAPL,2023-01-23,136.06726442233395,141.18999437445396,135.85053284595898,139.01283264160156,81760300
AAPL,2023-01-24,138.22470516633354,141.03235437334166,138.21485919822922,140.41171264648438,66435100
AAPL,2023-01-25,138.7960933961296,140.31319931491353,136.74700453490559,139.75167846679688,65799300
AAPL,2023-01-26,141.04221286895242,142.10616376720364,139.79108333600698,141.8204803466797,54105100
AAPL,2023-01-27,141.03237815686282,145.04188252528883,140.95356530270018,143.76119995117188,70555800
AAPL,2023-01-30,142.8056023172103,143.38683009380475,140.7269606636837,140.87472534179688,64015300
AAPL,2023-01-31,140.57917270592753,142.19479823056315,140.1654165994733,142.14553833007812,65874500
AAPL,2023-02-01,141.83032262446247,144.43108640849707,139.21971287170524,143.26861572265625,77663600
AAPL,2023-02-02,146.68704352311798,148.93315698101298,145.96789698553212,148.57852172851562,118339000
AAPL,2023-02-03,145.8299825944814,155.0410292646019,145.632957993241,152.20382690429688,154357300
AAPL,2023-02-06,150.30248753748006,150.8246093903739,148.53908238509402,149.47496032714844,69858300
AAPL,2023-02-07,148.4011799958932,152.9229595728958,148.4011799958932,152.35157775878906,83322600
AAPL,2023-02-08,151.5930321421785,152.28262569889247,148.9233016908853,149.6621551513672,64120100
AAPL,2023-02-09,151.49451696275133,152.0363458567265,148.18445275739066,148.6277618408203,56007100
AAPL,2023-02-10,147.4635601548908,149.3184373833088,147.2267605905334,148.9928436279297,57450700
AAPL,2023-02-13,148.9336352385894,152.1994184714387,148.90403717735236,151.79490661621094,62199000
AAPL,2023-02-14,150.08800434565288,151.7159729836762,148.84484061249728,151.15357971191406,61707600
AAPL,2023-02-15,151.06476513520522,153.4228390365263,150.83784167870803,153.25511169433594,65573800
AAPL,2023-02-16,151.4594283283723,154.24176636818623,151.3015770289575,151.65676879882812,68167900
AAPL,2023-02-17,150.31494264074843,150.9562540378776,148.83497936586727,150.51226806640625,59144100
AAPL,2023-02-21,148.19363813923312,149.27895045459564,146.42755543146694,146.49661254882812,58867200
AAPL,2023-02-22,146.88140906273446,147.94698436963745,145.19425945136115,146.92088317871094,51011300
AAPL,2023-02-23,148.0851281966049,148.3317887532872,145.27320688340583,147.4043426513672,48394200
AAPL,2023-02-24,145.1449407917213,145.22387397766028,143.77350867783375,144.7502899169922,55469600
AAPL,2023-02-27,145.73692063205627,147.1774097603546,145.48038403430326,145.94410705566406,44998500
AAPL,2023-02-28,145.08572620470352,147.08860849628215,144.86866373473268,145.44091796875,50547000
AAPL,2023-03-01,144.86865768902635,145.26330849706878,143.0729618860178,143.36895751953125,55479000
AAPL,2023-03-02,142.4513915466776,144.75026945161636,141.977792498003,143.96095275878906,52238100
AAPL,2023-03-03,146.06246271527925,149.09146062574686,145.3619553852426,149.0125274658203,70732300
AAPL,2023-03-06,151.7356876269036,154.21216902598104,151.41010897005816,151.77516174316406,87558000
AAPL,2023-03-07,151.64689058754286,151.9724842932115,149.1112281718285,149.574951171875,56182000
AAPL,2023-03-08,150.768776295138,151.41996369175047,149.80187125635692,150.82797241210938,47204800
AAPL,2023-03-09,151.50875841619168,152.47566345847628,148.2232384177023,148.57843017578125,53833600
AAPL,2023-03-10,148.20350666672326,148.92375113671451,145.63823135434072,146.51634216308594,68572400
AAPL,2023-03-13,145.83555065664373,151.09435428881787,145.72701943515565,148.46002197265625,84457100
AAPL,2023-03-14,149.25921331444258,151.35088971565344,148.09498288130473,150.5517120361328,73695900
AAPL,2023-03-15,149.1704067412566,151.20288685726504,147.9173671829065,150.9463653564453,77167900
AAPL,2023-03-16,150.1274764543104,154.37004080347904,149.6144183096525,153.7681884765625,76161100
AAPL,2023-03-17,153.99511025228628,154.64629769155513,152.21915135199143,152.92953491210938,98944600
AAPL,2023-03-20,152.99857704057916,155.71184244967856,152.0908531826233,155.2974395751953,73641400
AAPL,2023-03-21,155.21853377224946,157.2707359778321,154.44893912645242,157.15234375,73938300
AAPL,2023-03-22,157.17209056471103,159.97415053377057,155.7019884063488,155.7217254638672,75701800
AAPL,2023-03-23,156.70836691747317,159.39203464017027,155.57371946683134,156.80702209472656,67622100
AAPL,2023-03-24,156.73795839634036,158.1981844310787,155.74145533462084,158.10939025878906,59196500
AAPL,2023-03-27,157.80352453027854,158.62243920020293,155.76116835559435,156.1656951904297,52390300
AAPL,2023-03-28,155.85981526203466,156.37287324275846,153.89639254798624,155.54408264160156,45992200
AAPL,2023-03-29,157.24115895998125,158.89872564622954,157.2214369560123,158.62246704101562,51305700
AAPL,2023-03-30,159.37229315696538,160.2997391161816,159.11577163727372,160.1912078857422,49501700
AAPL,2023-03-31,160.27014967971024,162.79595111857384,159.74723055627194,162.69728088378906,68749800
AAPL,2023-04-03,162.07571848273926,164.06872488806627,162.0263833617239,163.95033264160156,56976200
AAPL,2023-04-04,164.37457023031905,164.6113546852389,162.90446816785285,163.4175262451172,46278300
AAPL,2023-04-05,162.53942989245922,162.84528654392068,159.63869962188485,161.572509765625,51511700
AAPL,2023-04-06,160.2602872813979,162.75650592852264,159.83603835658786,162.46051025390625,45390100
AAPL,2023-04-10,159.26379397330305,159.8656463623047,157.94169694007527,159.8656463623047,47716900
AAPL,2023-04-11,160.1813521100088,160.19121311129285,158.36591919116847,158.6520538330078,47644200
AAPL,2023-04-12,159.06644488688698,159.89522066020655,157.64567781550258,157.96141052246094,50133100
AAPL,2023-04-13,159.4709538117945,163.58524921058068,159.26375236431844,163.34844970703125,68445600
AAPL,2023-04-14,162.39143019016473,164.0983319737809,161.63172656331614,163.00315856933594,49386500
AAPL,2023-04-17,162.88472838463733,163.18072400329442,161.83889024634973,163.02285766601562,41516200
AAPL,2023-04-18,163.8812698478859,165.17376867697192,163.43726882906975,164.24632263183594,49923000
AAPL,2023-04-19,163.5852815705882,165.91375779040226,163.3287449605883,165.39083862304688,47720200
AAPL,2023-04-20,163.87140244421354,165.6276243886042,163.3484832728481,164.42391967773438,52456400
AAPL,2023-04-21,162.84527188495923,164.22656472043278,162.2927547507698,162.815673828125,58337300
AAPL,2023-04-24,162.79594256316088,163.38793383083043,161.70076925644653,163.1215362548828,41949600
AAPL,2023-04-25,162.98341218856248,164.08844653165775,161.54290808705858,161.58238220214844,48714100
AAPL,2023-04-26,160.8818632857178,163.07221001839787,160.625341751742,161.572509765625,45498800
AAPL,2023-04-27,162.98341161052969,166.3083906842776,162.98341161052969,166.160400390625,64902300
AAPL,2023-04-28,166.23934534853646,167.58117930762924,165.63749302008387,167.41343688964844,55275900
AAPL,2023-05-01,167.0187740939811,168.17314354860417,166.387323749872,167.3246307373047,52472900
AAPL,2023-05-02,167.81799495399892,168.07453160209764,165.30205393167998,166.2886962890625,48425700
AAPL,2023-05-03,167.23583030731814,168.6368602354505,164.92709148440827,165.2132110595703,65136000
AAPL,2023-05-04,162.68740659727376,164.8086809772467,162.11515240317325,163.57537841796875,81235400
AAPL,2023-05-05,168.6960655683585,171.97172463520235,168.4790030974248,171.25148010253906,113453200
AAPL,2023-05-08,170.17600924259867,171.52771903028287,169.8109565174022,171.18238830566406,55962800
AAPL,2023-05-09,170.73841026688106,171.22185523763014,169.30778230115573,169.4755096435547,45326900
AAPL,2023-05-10,170.7088427451169,171.70534597701706,169.6037932108191,171.2416229248047,53724500
AAPL,2023-05-11,171.5277321199156,172.25783762602444,169.87016559220018,171.42906188964844,49514700
AAPL,2023-05-12,171.5377153905618,171.97244074298538,168.94914270667581,170.5003204345703,45533100
AAPL,2023-05-15,171.0832715155854,171.13267487374878,169.4135375098661,170.00634765625,37266700
AAPL,2023-05-16,169.92730529834625,171.0635071571624,169.73958158279842,170.00634765625,42110300
AAPL,2023-05-17,169.65066921503973,170.85602374756016,168.37613188825594,170.61891174316406,57951600
AAPL,2023-05-18,170.92517510124802,173.13831574371522,170.51021405749552,172.95059204101562,65496700
AAPL,2023-05-19,174.27452457823847,174.27452457823847,172.84191768629904,173.0592803955078,55809500
AAPL,2023-05-22,171.89341610998645,172.61467191708667,171.36977372037438,172.11077880859375,43570900
AAPL,2023-05-23,171.0536346915268,171.30063640969706,169.22581594675142,169.50245666503906,50747300
AAPL,2023-05-24,169.03809335131075,170.35214430979713,168.4749372695529,169.7790985107422,45143500
AAPL,2023-05-25,170.3422679275043,171.814388514026,169.63090177565675,170.91531372070312,56058300
AAPL,2023-05-26,171.24135456411133,173.6619683326656,171.03386649216068,173.32603454589844,54835000
AAPL,2023-05-30,174.83768056740178,176.84333305757605,174.45235853913644,175.17359924316406,55964400
AAPL,2023-05-31,175.20324889662425,177.19902686801004,174.64007778024913,175.12420654296875,99625300
AAPL,2023-06-01,175.5687945017499,177.95976900098933,174.8080250915144,177.9301300048828,68901800
AAPL,2023-06-02,178.8588732872537,179.5998784017098,177.11009699591673,178.7798309326172,61996900
AAPL,2023-06-05,180.43969339813148,182.73186141970515,175.90473056039738,177.42626953125,121946500
AAPL,2023-06-06,177.81156385551847,177.95975882757918,175.30201843952955,177.06068420410156,64848400
AAPL,2023-06-07,176.29993732672585,179.03672040758232,175.19337452542106,175.6873779296875,61944600
AAPL,2023-06-08,175.76641213704826,178.67115468077665,175.3317017878174,178.40440368652344,50214900
AAPL,2023-06-09,179.3232203666376,180.04446105377914,178.46365934119785,178.78970336914062,48900000
AAPL,2023-06-12,179.09600328256303,181.68457636718009,178.79959821677159,181.5857696533203,54274900
AAPL,2023-06-13,180.6076484418825,181.94144859403625,180.2519653861507,181.1115264892578,54929100
AAPL,2023-06-14,181.17082015656314,182.17859141427,179.8370198890403,181.74386596679688,57462900
AAPL,2023-06-15,181.75375744495216,184.28305271752754,181.5759083620863,183.77915954589844,65433200
AAPL,2023-06-16,184.4904993080967,184.74739071591918,182.06001110467366,182.70220947265625,101256200
AAPL,2023-06-20,182.1983730630018,183.86810729206732,182.1983730630018,182.79116821289062,49799100
AAPL,2023-06-21,182.68246747271866,183.18636063386023,180.40017397466633,181.75375366210938,49515700
AAPL,2023-06-22,181.53638158238215,184.8066817993699,181.46721386744264,184.7572784423828,51245300
AAPL,2023-06-23,183.32467881492002,185.31056720794078,182.79114665956078,184.4411163330078,53117000
AAPL,2023-06-26,184.58932295318664,185.79469252512132,183.00850595123646,183.04803466796875,48088700
AAPL,2023-06-27,183.66059237854205,186.13060949863421,183.4432296659109,185.8045654296875,50730800
AAPL,2023-06-28,185.67610944091012,187.6224840299043,185.3500804657921,186.98028564453125,51216800
AAPL,2023-06-29,186.81232983886036,187.79046201011187,186.67400948819943,187.3162078857422,46347300
AAPL,2023-06-30,189.33175958026345,192.14757008838143,188.96618679019105,191.64369201660156,85213200
AAPL,2023-07-03,191.45594020037944,191.5547469022835,189.4601624130482,190.1517791748047,31458200
AAPL,2023-07-05,189.27246641036476,190.66554451499093,188.33384790710164,189.03533935546875,46920300
AAPL,2023-07-06,187.56320791106293,189.7170705815605,186.9308841600135,189.50958251953125,45094300
AAPL,2023-07-07,189.11436793531539,190.35925096234297,187.9584018939785,188.3931121826172,46815000
AAPL,2023-07-10,186.9901598095207,187.71141562141005,184.79678352776446,186.34796142578125,59922200
AAPL,2023-07-11,186.8913900886379,187.02971045254367,184.36209481962464,185.8243408203125,46638100
AAPL,2023-07-12,187.40513225686783,189.4009103170613,186.20965240962747,187.4940643310547,60750200
AAPL,2023-07-13,188.21527762484376,188.89700466458706,187.50391158996257,188.25479125976562,41342300
AAPL,2023-07-14,187.948525384943,188.88712881002033,187.35573036289856,188.40301513671875,41616200
AAPL,2023-07-17,189.59852149146877,191.98951149918832,189.50960448705806,191.66346740722656,50520200
AAPL,2023-07-18,191.03112283932904,191.99936529239264,190.1122686661601,191.40655517578125,48288200
AAPL,2023-07-19,190.78413334726974,195.8525983579603,190.3395181934612,192.76014709472656,80507300
AAPL,2023-07-20,192.7502514500073,194.11370571807572,190.1913173439326,190.8137664794922,59581200
AAPL,2023-07-21,191.77212935032986,192.63169045749675,188.93653953192955,189.63803100585938,71951700
AAPL,2023-07-24,191.09039681521514,192.57240699977407,189.94430532096735,190.4383087158203,45377800
AAPL,2023-07-25,191.01138196195058,192.1080702594407,190.60629550166382,191.2978973388672,37283200
AAPL,2023-07-26,191.34728040522955,193.29365506077994,191.00148706119938,192.16732788085938,47471900
AAPL,2023-07-27,193.66910156142774,194.83494237556206,190.24071668140024,190.90267944335938,47460200
AAPL,2023-07-28,192.33527753863382,194.2717774555962,191.81163515269853,193.4813690185547,48291400
AAPL,2023-07-31,193.70861105598286,194.13346181996275,192.91820259976402,194.09393310546875,38824100
AAPL,2023-08-01,193.88647197429418,194.37058568804014,192.93797875368105,193.26402282714844,35175100
AAPL,2023-08-02,192.70084355962268,192.83916391140565,189.54911446715442,190.27035522460938,50389300
AAPL,2023-08-03,189.27247006657564,190.06286344658966,188.40301925761534,188.87725830078125,61235200
AAPL,2023-08-04,183.29506714999494,185.13276081602524,179.73823583645532,179.80740356445312,115956800
AAPL,2023-08-07,179.94567809387448,180.9336848652445,175.2230069327887,176.70501708984375,97576100
AAPL,2023-08-08,177.53496487660905,178.10801069610721,175.45026968400623,177.64364624023438,67823000
AAPL,2023-08-09,178.7007682180696,178.76004620834635,174.88706172714433,176.05291748046875,60378500
AAPL,2023-08-10,177.3274561288203,178.58222898523437,175.47001359754938,175.8355712890625,54686900
AAPL,2023-08-11,175.4299516016464,176.71608281179377,174.6681548123879,175.89492797851562,52036700
AAPL,2023-08-14,176.0730260741773,177.77469387045335,175.42005736478495,177.54714965820312,43675600
AAPL,2023-08-15,176.97331337741676,177.56690888775307,175.1628176334086,175.5585479736328,43622600
AAPL,2023-08-16,175.24197103328896,176.6369303294026,174.61868139075943,174.6879425048828,46964900
AAPL,2023-08-17,175.25188574378228,175.61793712814787,171.6308936142582,172.14535522460938,66062900
AAPL,2023-08-18,170.46346761685473,173.23362560342792,170.12709527960956,172.630126953125,61172200
AAPL,2023-08-21,173.20394701107267,174.25264612165492,171.88812158676677,173.96572875976562,46311900
AAPL,2023-08-22,175.17275618485058,175.78614291814105,174.37139220202937,175.3409423828125,42038900
AAPL,2023-08-23,176.6171452729967,179.61484705303545,176.42916808280543,179.18942260742188,52722800
AAPL,2023-08-24,178.74422007761805,179.16964451815014,174.1338878222112,174.4999542236328,54945800
AAPL,2023-08-25,175.4893068451812,177.2404295003986,173.9459373407173,176.70619201660156,51449600
AAPL,2023-08-28,178.17042326142217,178.66509377862053,176.6468447107556,178.2693634033203,43820700
AAPL,2023-08-29,177.78458503986462,182.92915552039761,177.58671984756458,182.157470703125,53003900
AAPL,2023-08-30,182.9687355268348,185.84772159478027,182.77087033679462,185.64984130859375,60813900
AAPL,2023-08-31,185.83782890921285,187.10418431162185,185.4816655087761,185.8675079345703,60794500
AAPL,2023-09-01,187.4702460412081,187.8956554579994,186.27313669620688,187.44056701660156,45766500
AAPL,2023-09-05,186.2731464424506,187.95502334145587,185.61028969797815,187.67800903320312,45280000
AAPL,2023-09-06,186.39186127990337,186.83707686156265,179.53573455303794,180.96038818359375,81755800
AAPL,2023-09-07,173.31273740579792,176.31045432139675,171.69021887943939,175.66737365722656,112488800
AAPL,2023-09-08,176.4489782367689,178.3188321743013,175.89493458078306,176.28077697753906,65551300
AAPL,2023-09-11,178.1506198206809,178.37816399656032,175.44970834431305,177.44818115234375,58953100
AAPL,2023-09-12,177.57680682896927,178.20998441272386,172.95658655286022,174.42080688476562,90370200
AAPL,2023-09-13,174.62857587906927,175.4101637291933,172.12554433664133,172.3531036376953,84267900
AAPL,2023-09-14,172.14534712441645,174.2229694212733,171.72982568427443,173.86680603027344,60895800
AAPL,2023-09-15,174.59889423512476,174.61868528190746,171.967258666553,173.14456176757812,109259500
AAPL,2023-09-18,174.59888982853914,177.46798769380123,174.2921965438023,176.07301330566406,67257600
AAPL,2023-09-19,175.62783421196144,177.71534451200176,175.24199179139225,177.16131591796875,51826900
AAPL,2023-09-20,177.34928142287384,177.78459392537832,173.53042414564908,173.61947631835938,58436200
AAPL,2023-09-21,172.68948203416045,174.42082885900223,172.006834299268,172.07608032226562,63149100
AAPL,2023-09-22,172.80820955696336,175.19252525078977,172.19482290064929,172.9269256591797,56725400
AAPL,2023-09-25,172.3432048049037,175.08368369125543,172.29373473406022,174.2031707763672,46172700
AAPL,2023-09-26,172.95657538348075,173.33251464271248,169.8302546610243,170.12705993652344,64588900
AAPL,2023-09-27,170.7800319235512,171.19555331579562,167.24809254140138,168.61337280273438,66921800
AAPL,2023-09-28,167.53500431517824,170.19633406818943,165.83333655703308,168.87062072753906,56294400
AAPL,2023-09-29,170.18644988639232,171.2252609973693,168.5243490895999,169.3850860595703,51861100
AAPL,2023-10-02,169.39496352748424,172.4421355524603,169.10804618991,171.8979949951172,52164500
AAPL,2023-10-03,170.42387079713225,171.77927819729268,168.99923247491208,170.5623779296875,49594600
AAPL,2023-10-04,169.26634637027362,172.3531005247124,169.14763028223018,171.8089599609375,53020300
AAPL,2023-10-05,171.93756684563112,173.57987653919332,170.83939772477277,173.04563903808594,48527900
AAPL,2023-10-06,171.947458780219,176.09279974358,171.33405713065292,175.59812927246094,57266700
AAPL,2023-10-09,174.9253820623563,177.1415113656987,173.92615307401468,177.0821533203125,42390800
AAPL,2023-10-10,176.20163840129018,177.80436599291428,176.05322819338144,176.48854064941406,43698000
AAPL,2023-10-11,176.300562769531,177.9329844734106,175.70696722860302,177.88351440429688,47551100
AAPL,2023-10-12,178.1506358590928,180.39642899359671,177.13160077070958,178.7838134765625,56743100
AAPL,2023-10-13,179.4862324115919,179.99079085887703,176.24119532002288,176.94363403320312,51427100
AAPL,2023-10-16,174.86601479996662,177.17118104988546,174.6285675347915,176.8150177001953,52517000
AAPL,2023-10-17,174.7670787756051,176.51821654411026,172.93680701299223,175.26174926757812,57549400
AAPL,2023-10-18,173.7085055181981,175.68718764266174,173.24351401125745,173.96572875976562,54764400
AAPL,2023-10-19,174.16355660570562,175.94437315507756,173.322625940824,173.58975219726562,59302900
AAPL,2023-10-20,173.44136860989997,173.55019672394363,170.7998299466356,171.0372772216797,64244000
AAPL,2023-10-23,169.08827156264798,172.15521956196545,168.11870652701532,171.15599060058594,55980100
AAPL,2023-10-24,171.2054814250168,171.81886808001443,169.62252961684246,171.59132385253906,43816600
AAPL,2023-10-25,170.04792986204652,171.21534495437086,168.83102960610762,169.2762451171875,57157000
AAPL,2023-10-26,168.55403244057868,169.55327657792432,163.90413245355498,165.1111297607422,70625300
AAPL,2023-10-27,165.13092178908886,167.1590740039346,165.05177269186868,166.4269561767578,58499100
AAPL,2023-10-30,167.21841659954197,169.34549366723184,167.0700063949142,168.47486877441406,51131000
AAPL,2023-10-31,167.54489051547947,169.07835686158955,166.11033410734646,168.9497528076172,44846000
AAPL,2023-11-01,169.1773025316942,172.37286957481675,168.30667766450742,172.1156463623047,56934900
AAPL,2023-11-02,173.64912468069178,175.88502975328987,173.5897666401313,175.67727661132812,77334800
AAPL,2023-11-03,172.38277434389337,174.9352758328065,171.50226149314057,174.76707458496094,79829200
AAPL,2023-11-06,174.49999736781203,177.51747580704054,174.33181118336782,177.31961059570312,63841300
AAPL,2023-11-07,177.2700837090538,180.4953444952308,177.06233058738,179.8819580078125,70530000
AAPL,2023-11-08,180.40634475587757,181.4946108426327,179.65443590363796,180.94058227539062,49340300
AAPL,2023-11-09,181.00983881988668,182.1574629246798,179.87208759448916,180.4656982421875,53763500
AAPL,2023-11-10,182.2488540012565,184.8245355233408,181.81296804065445,184.65611267089844,66133400
AAPL,2023-11-13,184.08156757584422,184.28959445510736,182.4866293320066,183.07110595703125,43627500
AAPL,2023-11-14,185.94396348691,186.35013134634684,184.55706727911962,185.6864013671875,60108400
AAPL,2023-11-15,186.09253074506157,187.72708773166863,186.02317839099575,186.2510223388672,53790500
AAPL,2023-11-16,187.79647578680803,189.173470968727,186.88506958999568,187.93516540527344,54412900
AAPL,2023-11-17,188.47010270019993,188.5988913131576,186.80582731444395,187.91534423828125,50922700
AAPL,2023-11-20,188.11347160798348,190.1145776039652,188.10357060538217,189.65887451171875,46505100
AAPL,2023-11-21,189.61926104331656,189.72823253932046,187.9648865974642,188.85646057128906,38134500
AAPL,2023-11-22,189.69849596618437,191.12501116236683,189.04466705374648,189.52017211914062,39617700
AAPL,2023-11-24,189.08429242242372,189.11401054524026,187.47945332619432,188.19271850585938,24048300
AAPL,2023-11-27,188.14317764380084,188.88616092409407,187.13271615011263,188.01438903808594,40552600
AAPL,2023-11-28,188.0044881862593,189.29232889633607,187.62803848681267,188.61868286132812,38415400
AAPL,2023-11-29,189.11401237919708,190.29288164913223,187.2020759179661,187.59832763671875,43014200
AAPL,2023-11-30,188.06392585220516,188.53944603911236,186.42936866830843,188.1728973388672,48794400
AAPL,2023-12-01,188.54933098414946,189.7678192377602,187.45961621033018,189.45082092285156,45704800
AAPL,2023-12-04,188.20260275786183,188.27195511561732,185.6962738498395,187.65774536132812,43389500
AAPL,2023-12-05,188.43048297188668,192.58127042048946,188.40074973234698,191.61044311523438,66628400
AAPL,2023-12-06,192.63079897005184,192.93789631295678,190.3126947209947,190.52073669433594,41089700
AAPL,2023-12-07,191.8184723448333,193.17565028147504,191.77883810543793,192.45248413085938,47477700
AAPL,2023-12-08,192.38316069569592,194.15642283244122,191.8581203150147,193.87904357910156,53406400
AAPL,2023-12-11,191.3033586686724,191.67980841318465,189.6291670567547,191.37269592285156,60943700
AAPL,2023-12-12,191.27361158280868,192.89826770087802,189.92633467152928,192.88836669921875,52696900
AAPL,2023-12-13,193.26481149731427,196.1475903161728,193.02706651664724,196.10797119140625,70404200
AAPL,2023-12-14,196.16742216364264,197.75244424587422,194.32482284497263,196.25657653808594,66831600
AAPL,2023-12-15,195.6819844119138,196.54384019084355,195.15694409646994,195.72161865234375,128538400
AAPL,2023-12-18,194.2554683979516,194.7904248709577,192.57137584033416,194.05734252929688,55751900
AAPL,2023-12-19,194.32481746504553,195.1074199235508,194.0573392330858,195.09751892089844,40714100
AAPL,2023-12-20,195.05788936850126,195.8305908429342,193.00726318359375,193.00726318359375,52242800
AAPL,2023-12-21,194.26535554386368,195.236182736706,191.68967428738756,192.85862731933594,46482500
AAPL,2023-12-22,193.35397752019378,193.58183662844655,191.16466173906855,191.7887725830078,37149600
AAPL,2023-12-26,191.7986702097743,192.0760494430794,191.02596875756228,191.24391174316406,28919300
AAPL,2023-12-27,190.68915794498034,191.6897034098951,189.3022466284661,191.3429718017578,48087700
AAPL,2023-12-28,192.32369457775746,192.83883387512188,191.3627683436117,191.76893615722656,34049900
AAPL,2023-12-29,192.08596845310797,192.5812907184497,189.93627163544917,190.72879028320312,42672100
AAPL,2024-01-02,185.3991117688797,186.67705163638013,182.16961614691823,183.9032440185547,82488700
AAPL,2024-01-03,182.49652699212288,184.14100045386294,181.7139093893273,182.5262451171875,58414500
AAPL,2024-01-04,180.4458595901839,181.37706768373354,179.18775216816366,180.20811462402344,71983600
AAPL,2024-01-05,180.28738953880892,181.05017488447822,178.48440937769652,179.48495483398438,62379700
AAPL,2024-01-08,180.38643729162627,183.86360885082058,179.80196071659407,183.823974609375,59144500
AAPL,2024-01-09,182.19931060924736,183.41779895114087,181.0204413910758,183.40789794921875,42841800
AAPL,2024-01-10,182.62529236075727,184.65610118978807,182.19930742900604,184.4480743408203,46792900
AAPL,2024-01-11,184.7947925921475,185.3000308909078,181.90211286972462,183.8536834716797,49128400
AAPL,2024-01-12,184.3192926371913,184.99293868218925,183.45743685571247,184.18060302734375,40477800
AAPL,2024-01-16,180.45578462721193,182.5361287641061,179.23728115128065,181.9120330810547,65603000
AAPL,2024-01-17,179.57411959355028,181.2185778549055,178.613193289656,180.97091674804688,47317400
AAPL,2024-01-18,184.34901955890965,187.3704881134165,184.0914574471942,186.86526489257812,78005800
AAPL,2024-01-19,187.5587198414397,190.15420352293785,187.0534966021051,189.76785278320312,68903000
AAPL,2024-01-22,190.50092877344645,193.50258021639056,190.46129453087994,192.0760498046875,60133900
AAPL,2024-01-23,193.19548176740474,193.91864797179585,192.01661247228014,193.35397338867188,42355600
AAPL,2024-01-24,193.5917040371039,194.54272920016803,192.52180639716883,192.68031311035156,53631300
AAPL,2024-01-25,193.3936190715828,194.43379881211092,191.30335858737243,192.3534393310547,54822100
AAPL,2024-01-26,192.45249496932922,192.93790105900956,190.14429166563914,190.6197967529297,44594000
AAPL,2024-01-29,190.213612724154,190.40183756577807,187.80635425336052,189.9362335205078,47145600
AAPL,2024-01-30,189.15363947733223,190.00559424490717,185.71610228505008,186.28076171875,55859400
AAPL,2024-01-31,185.29010506082795,185.3495564168855,182.6252845648342,182.6748046875,55467800
AAPL,2024-02-01,182.26867176596141,185.20097077595153,182.1002640289582,185.11181640625,64885400
AAPL,2024-02-02,178.1773164815156,185.5774319441079,177.57302274507782,184.1112823486328,102551700
AAPL,2024-02-05,186.38975267397447,187.47946764726828,184.1013663460926,185.9241485595703,69668800
AAPL,2024-02-06,185.1118168962398,187.53889270164484,185.02266252630227,187.52899169921875,43490800
AAPL,2024-02-07,188.85645841865113,189.26262627331204,186.8454513829838,187.63796997070312,53439000
AAPL,2024-02-08,187.61816353023744,187.7667541606289,185.5972553767356,186.5581817626953,40962000
AAPL,2024-02-09,187.12352087688578,188.45268968737696,186.4787864459619,187.32191467285156,45155200
AAPL,2024-02-12,186.89539390047275,187.14337102036012,185.27857823550397,185.6356658935547,41781900
AAPL,2024-02-13,184.26685928046126,184.70330147289806,182.02513622573113,183.54275512695312,56529500
AAPL,2024-02-14,183.82047352517276,184.0287658151745,180.96377246543662,182.65992736816406,54630500
AAPL,2024-02-15,182.06480997798818,182.99720639873473,179.8826142837668,182.37229919433594,65434500
AAPL,2024-02-16,181.9358579237584,183.35429496994237,180.2000180232841,180.8348388671875,49752500
AAPL,2024-02-20,180.31904659124555,180.95386745060242,178.54353696650966,180.09091186523438,53665600
AAPL,2024-02-21,180.4678422502364,181.41015233649017,179.1982005294332,180.8447723388672,41371400
AAPL,2024-02-22,181.99537582737872,183.463411373256,180.98364000764028,182.878173828125,52292200
AAPL,2024-02-23,183.51299444569602,183.54275049121756,180.75548990166286,181.04315185546875,45119700
AAPL,2024-02-26,180.76540051034647,181.28118200444274,179.1882545795608,179.6941375732422,40867400
AAPL,2024-02-27,179.6346334198553,182.43180748858953,178.1070858709482,181.15225219726562,54318900
AAPL,2024-02-28,181.03320292829392,181.6382676787398,178.67247114624934,179.9520263671875,48953900
AAPL,2024-02-29,179.80327228471162,181.09275646398507,178.07734590919267,179.2874755859375,136682600
AAPL,2024-03-01,178.0971730296413,179.06923911535185,175.94473341504965,178.20628356933594,73563100
AAPL,2024-03-04,174.7246735635979,175.46860492728393,172.38376893378626,173.6831817626953,81510100
AAPL,2024-03-05,169.37829007310003,170.6479317427376,168.24751498810025,168.74346923828125,95132400
AAPL,2024-03-06,169.67587669286206,169.85442810491517,167.31512946505867,167.75157165527344,68587700
AAPL,2024-03-07,167.78131806385875,169.34853532264208,167.12666995146384,167.63253784179688,71765100
AAPL,2024-03-08,167.6325286145872,172.29449531822434,167.57301652903823,169.34852600097656,76267000
AAPL,2024-03-11,171.54065314121274,172.9690037589795,170.65785520874886,171.35218811035156,60139500
AAPL,2024-03-12,171.7489536078961,172.62183794587216,169.62626998762764,171.82830810546875,59825400
AAPL,2024-03-13,171.3720295685671,171.78862930722158,169.3782838692582,169.74530029296875,52488700
AAPL,2024-03-14,171.51090581587792,172.89957168966941,170.65786388331372,171.6001739501953,72913500
AAPL,2024-03-15,169.7849566919112,171.2232208251953,168.9120724685351,171.2232208251953,121752700
AAPL,2024-03-18,174.1493830977455,176.27206668827822,172.11596763998543,172.31434631347656,75604200
AAPL,2024-03-19,172.92931675607417,175.18095319129145,171.62991909909198,174.65524291992188,55215200
AAPL,2024-03-20,174.29816190798687,177.2242889404297,173.67325471299228,177.2242889404297,53423100
AAPL,2024-03-21,175.61740074055217,176.05384289670778,169.45764237357878,169.9833526611328,106181300
AAPL,2024-03-22,170.3702201223851,171.64979072547655,168.6839784855534,170.88601684570312,71160100
AAPL,2024-03-25,169.1898419011277,170.54875171721093,168.078894077347,169.4675750732422,54288300
AAPL,2024-03-26,168.62443878704727,170.0329469889122,168.20783904863555,168.3367919921875,57388400
AAPL,2024-03-27,169.03112531152695,172.19531573949365,168.7335497446837,171.90765380859375,60273300
AAPL,2024-03-28,170.36028779920613,170.83639964948821,169.13031578937776,170.09246826171875,65672700
AAPL,2024-04-01,169.80482284392966,169.86433493378763,168.1086526063626,168.65420532226562,46240500
AAPL,2024-04-02,167.71189467068976,167.96978543762384,166.86876637308836,167.4738311767578,49329500
AAPL,2024-04-03,167.4242255584593,169.29893197888933,167.21593325359058,168.2772674560547,47691700
AAPL,2024-04-04,168.91210166538218,170.52891745806397,167.45401000976562,167.45401000976562,53704400
AAPL,2024-04-05,168.2177383421046,169.01126807227428,167.58291758503302,168.20782470703125,42104800
AAPL,2024-04-08,167.66228381393842,167.83090643391947,166.87868279928273,167.08697509765625,37425500
AAPL,2024-04-09,167.3349666518587,168.70380527202582,166.98780774616682,168.297119140625,42373800
AAPL,2024-04-10,167.43415997850798,167.72180678766216,165.75783217031642,166.4224090576172,49709300
AAPL,2024-04-11,166.97787330186227,174.040272115757,166.7993370367697,173.6236572265625,91070300
AAPL,2024-04-12,172.8499808741194,176.9168120397123,172.80039755418966,175.1214599609375,101670900
AAPL,2024-04-15,173.94105717912421,175.200785081753,171.10419855705527,171.29266357421875,73531800
AAPL,2024-04-16,170.36027866522625,172.354009228837,166.9084414489389,168.00946044921875,73711200
AAPL,2024-04-17,168.23761366668208,169.2691919230274,166.64064025878906,166.64064025878906,50901200
AAPL,2024-04-18,166.67036449953886,167.2754292189987,165.20234432957687,165.68836975097656,43122900
AAPL,2024-04-19,164.86508693094365,165.05353679625094,162.75231738649168,163.6648712158203,68149400
AAPL,2024-04-22,164.18068981978783,165.9066008250168,163.4367584871004,164.4980926513672,48116400
AAPL,2024-04-23,164.01206877643943,165.69831011966792,163.58554027123327,165.5495147705078,49537800
AAPL,2024-04-24,165.19246042802988,167.93013799719876,164.8651438915922,167.65240478515625,48251800
AAPL,2024-04-25,168.1582778691846,169.22954106338867,166.78943904292515,168.51536560058594,50558300
AAPL,2024-04-26,168.50540819041237,169.95358601606148,167.81106018420974,167.9300994873047,44838400
AAPL,2024-04-29,171.9671774185786,174.60565774723543,171.69937301226366,172.09613037109375,68169400
AAPL,2024-04-30,171.92752335282844,173.57409529864353,168.62446582369017,168.95179748535156,65934800
AAPL,2024-05-01,168.20783263565716,171.31251085120192,167.74163446478235,167.9300994873047,50383100
AAPL,2024-05-02,171.1141167118999,172.01675700988142,169.50722990892024,171.62991333007812,94214900
AAPL,2024-05-03,185.13970898312533,185.48688300008854,181.1820038934194,181.89617919921875,163224100
AAPL,2024-05-06,180.8745364649345,182.70955826534143,178.9601450261929,180.23971557617188,78569700
AAPL,2024-05-07,181.96562507289974,183.40388947971314,179.8528700999816,180.9241180419922,77305800
AAPL,2024-05-08,181.3704783401059,181.58869942461462,179.9817973354757,181.26136779785156,45057100
AAPL,2024-05-09,181.08279254328744,183.16580620820878,180.63643679661024,183.0765380859375,48983000
AAPL,2024-05-10,183.6526350835399,183.84135574437508,180.9013327671207,181.81512451171875,50759500
AAPL,2024-05-13,184.1890162605658,185.837821467034,183.37454074079744,185.02334594726562,72044800
AAPL,2024-05-14,186.24503525163803,187.029714327999,185.0332642686859,186.1655731201172,52393600
AAPL,2024-05-15,186.64235255391958,189.3638586651008,186.1059869360216,188.4401397705078,70400000
AAPL,2024-05-16,189.18505039119887,189.81080512810087,188.38051724709635,188.55929565429688,52845200
AAPL,2024-05-17,188.23153932133224,189.52277241007562,187.90376371878457,188.589111328125,41282900
AAPL,2024-05-20,188.052749878466,190.62527366658756,187.73490137733788,189.75120544433594,44361300
AAPL,2024-05-21,189.80088903544183,191.42982486744873,189.63203768676544,191.05239868164062,42309400
AAPL,2024-05-22,190.97290479885322,191.51919739836646,188.98639727760482,189.6121368408203,34648500
AAPL,2024-05-23,189.69162509909052,189.7114944206788,185.370979738518,185.61929321289062,51005900
AAPL,2024-05-24,187.54620129756856,189.2943226367172,186.771449342652,188.6983642578125,36327000
AAPL,2024-05-28,190.21804799663707,191.69800175645932,187.82431762786635,188.70831298828125,52280100
AAPL,2024-05-29,188.33088121296123,190.95307102285372,188.23154975607,189.00628662109375,53068000
AAPL,2024-05-30,189.47310363654154,190.88352231957748,189.34399093884022,189.99952697753906,49889100
AAPL,2024-05-31,190.1485307236603,191.2709124904654,188.62885345568,190.95306396484375,75158300
AAPL,2024-06-03,191.5986571441052,193.67456916074488,191.22123099586668,192.72103881835938,50080500
AAPL,2024-06-04,193.3269163239317,194.0023367795345,191.7277771220464,193.03887939453125,47471400
AAPL,2024-06-05,194.08179923154876,195.5716800296083,193.55537589536917,194.5486297607422,54156800
AAPL,2024-06-06,194.36985841579607,195.17439165110096,192.86010824182844,193.1680145263672,41181800
AAPL,2024-06-07,193.33687329712626,195.61143330627965,192.83031924399432,195.561767578125,53103900
AAPL,2024-06-10,195.57168290202756,195.96899354752293,190.8537269722117,191.8171844482422,97010200
AAPL,2024-06-11,192.34360572370616,205.762475197422,192.32375155853347,205.75253295898438,172373300
AAPL,2024-06-12,205.97105482418652,218.7145040828182,205.50422428227435,211.6326141357422,198134300
AAPL,2024-06-13,213.29133517221976,215.28776993558532,210.17251871917932,212.79470825195312,97862700
AAPL,2024-06-14,212.40734441299963,213.71843162956222,209.874544034183,211.0565185546875,70122700
AAPL,2024-06-17,211.9306022572564,217.47296142543522,211.2849932161641,215.20834350585938,93728300
AAPL,2024-06-18,216.12210108008887,217.15509356895643,211.56306955662498,212.8443603515625,79943300
AAPL,2024-06-20,212.48680152632818,212.79472296910444,207.4410850045998,208.26547241210938,86172500
AAPL,2024-06-21,208.9706859649803,210.4605668046439,205.71281440805072,206.0902557373047,241805100
AAPL,2024-06-24,206.3187055335118,211.2651058128792,205.19632375372012,206.73587036132812,80727000
AAPL,2024-06-25,207.73905391104032,209.95402109263304,207.20270345608853,207.65960693359375,55549700
AAPL,2024-06-26,210.07319184959564,213.41052543273105,209.21899292189278,211.81138610839844,66213200
AAPL,2024-06-27,213.2416710401095,214.28459061162127,210.91746067332394,212.65565490722656,49772700
AAPL,2024-06-28,214.31439376890182,214.6123729638464,208.8812938369491,209.19912719726562,82542700
AAPL,2024-07-01,210.65921399467373,216.0426482623776,210.4903626519942,215.28778076171875,60402900
AAPL,2024-07-02,214.69182595520752,218.89330089441245,213.6489214774443,218.78404235839844,58046200
AAPL,2024-07-03,218.5158580863075,220.05540466308594,217.55240059045883,220.05540466308594,37369800
AAPL,2024-07-05,220.15473164881905,224.9223536333555,220.15473164881905,224.81309509277344,60412400
AAPL,2024-07-08,225.55802531049062,226.31290797690275,221.7439339584199,226.28311157226562,59085900
AAPL,2024-07-09,226.39235814584333,227.85244261706796,224.84288445944628,227.13729858398438,48076100
AAPL,2024-07-10,227.75311249906628,231.50761086701095,227.70344677503346,231.4082794189453,62627700
AAPL,2024-07-11,229.82901193417422,230.82226580227746,224.2469300453064,226.0347900390625,64710600
AAPL,2024-07-12,227.37567478656334,231.07058040656065,227.13728840093884,228.9847412109375,53046500
AAPL,2024-07-15,234.88468027763452,235.62962070976812,231.5175501306247,232.81871032714844,62631300
AAPL,2024-07-16,233.41467931591345,234.67611608181264,230.76269307600518,233.23590087890625,43234300
AAPL,2024-07-17,227.90209958898402,229.8985495862513,225.11105861290636,227.33595275878906,57345900
AAPL,2024-07-18,228.7265030667722,228.88542732552744,220.7705449165008,222.6676483154297,66034600
AAPL,2024-07-19,223.30333735062962,225.2699757257536,221.7737179376491,222.79676818847656,49151500
AAPL,2024-07-22,225.47855462210336,226.24336434241772,221.58500128681854,222.4491424560547,48201800
AAPL,2024-07-23,222.8563682936816,225.40903804109774,221.17776681088287,223.49205017089844,39960300
AAPL,2024-07-24,222.48886176091068,223.28346786979841,215.66521268088363,217.06568908691406,61777600
AAPL,2024-07-25,217.45305415919788,219.36011485373604,213.17213256832727,216.0227813720703,51391200
AAPL,2024-07-26,217.22462220056258,218.0093012590926,214.55276681781487,216.4896240234375,41601300
AAPL,2024-07-29,215.49636696784094,217.82057739339885,214.2945231128628,216.76773071289062,36311800
AAPL,2024-07-30,217.71132777069818,218.84363662609175,214.6620309808042,217.32395935058594,41643800
AAPL,2024-07-31,219.94615098169663,222.31010016667176,219.14161772956027,220.5818328857422,50036300
AAPL,2024-08-01,222.8563831356547,222.96564167600837,215.55597572208578,216.88693237304688,62501000
AAPL,2024-08-02,217.6715836076827,224.0780833133434,216.24131073912352,218.37680053710938,105568600
AAPL,2024-08-05,197.74691336614487,212.0597055615941,194.6777624827749,207.85824584960938,119548600
AAPL,2024-08-06,203.91504310362458,208.57340664857958,199.7135830535153,205.83201599121094,69660500
AAPL,2024-08-07,205.5042262843129,212.19876304064402,204.99767225034321,208.404541015625,63516400
AAPL,2024-08-08,211.67233918968967,212.7549823030523,207.42121371107248,211.87098693847656,47161100
AAPL,2024-08-09,210.66916408754707,215.31758519349225,210.5400362270979,214.78123474121094,42201600
AAPL,2024-08-12,214.8607709437837,218.28150622882862,214.39340008618356,216.31259155273438,38028100
AAPL,2024-08-13,217.7843306202791,220.64821789171992,217.7843306202791,220.0316925048828,44155300
AAPL,2024-08-14,219.33558330044798,221.78180736898403,218.47044195323042,220.47914123535156,41960600
AAPL,2024-08-15,223.3430482530648,224.08885093177264,221.51333414952188,223.46237182617188,46414000
AAPL,2024-08-16,222.6668580486994,225.56057624113714,222.39836482120643,224.78494262695312,44340200
AAPL,2024-08-19,224.45676193958974,224.7252551363764,221.79175263729985,224.6258087158203,40687800
AAPL,2024-08-20,224.50650638916653,225.89866536829538,224.18828995199718,225.2423553466797,30299000
AAPL,2024-08-21,225.25230383574092,226.70412456960102,223.7905293550798,225.13296508789062,34765500
AAPL,2024-08-22,226.51518775043243,227.06211276120644,222.6469583809866,223.2734375,43695300
AAPL,2024-08-23,224.39710671028325,226.9427773475752,223.07454817990703,225.57049560546875,38677300
AAPL,2024-08-26,225.490936936756,226.00803101617393,222.6370036872603,225.90858459472656,30602200
AAPL,2024-08-27,224.73520717839608,227.5692634267734,223.63141860700006,226.75384521484375,35934600
AAPL,2024-08-28,226.6444476309267,228.57359288043327,224.41697829182954,225.2224578857422,38052200
AAPL,2024-08-29,228.8122756660522,231.61648594304322,227.5991020536236,228.50399780273438,51906300
AAPL,2024-08-30,228.90175696593346,229.11057321557684,226.2069166530855,227.71841430664062,52990800
AAPL,2024-09-03,227.27093626472063,227.71841483123856,219.9322331496077,221.52328491210938,50190600
AAPL,2024-09-04,220.4195086889333,220.5388322671096,216.26289369284987,219.61404418945312,43840200
AAPL,2024-09-05,220.38966486266608,224.2181094473344,220.28027986462445,221.13546752929688,36615400
AAPL,2024-09-06,222.69667077468378,223.97945984429646,218.54007124155592,219.58419799804688,48423000
AAPL,2024-09-09,219.58419811845144,220.03167667908036,215.49719894103853,219.67369079589844,67180000
AAPL,2024-09-10,217.69483113354613,220.2405018848782,215.517084853391,218.878173828125,51591000
AAPL,2024-09-11,220.22064379959926,221.84151146647733,216.67061540858364,221.41392517089844,44587100
AAPL,2024-09-12,221.25479170284098,222.29891847364556,218.5897974500539,221.52328491210938,37455600
AAPL,2024-09-13,222.32873358844014,222.78615069565666,220.66808158488044,221.25477600097656,36766600
AAPL,2024-09-16,215.32814508742544,216.00434741371936,212.72281255665072,215.10939025878906,59357400
AAPL,2024-09-17,214.54254826078727,215.68610617984226,213.29954392555678,215.57672119140625,45519300
AAPL,2024-09-18,216.33249894497217,221.46362499015893,216.322545198334,219.45492553710938,59894900
AAPL,2024-09-19,223.7308662842885,228.53383738270648,223.37288038958053,227.58914184570312,66781300
AAPL,2024-09-20,228.6829959505254,231.7855303113645,226.34614143297367,226.9228973388672,318679900
AAPL,2024-09-23,226.06770192621624,228.16589404695566,224.54626569168985,225.20257568359375,54146000
AAPL,2024-09-24,227.37035418692216,228.06644877557946,224.46669778796843,226.09751892089844,43556100
AAPL,2024-09-25,223.67119056847437,226.0179836305296,222.76629484001745,225.10313415527344,42308700
AAPL,2024-09-26,226.02793410267134,227.22121534991766,224.14851196557498,226.2467041015625,36636700
AAPL,2024-09-27,227.1814462394898,228.23551159576573,226.0279344568732,226.5151824951172,34026000
AAPL,2024-09-30,228.75258844686658,231.69602966308594,228.3647716650959,231.69602966308594,54541900
AAPL,2024-10-01,228.2355040411627,228.36476618305377,222.4878528116685,224.94403076171875,63285000
AAPL,2024-10-02,224.62583039487592,226.09754348610434,221.77189689552054,225.51084899902344,32880600
AAPL,2024-10-03,223.88001079844628,225.5406628776434,222.0702042586661,224.40704345703125,34044200
AAPL,2024-10-04,226.6245506840192,226.72399710298305,222.87566042869454,225.5307159423828,37245100
AAPL,2024-10-07,223.24361256318196,224.42695529805295,220.09135491038006,220.4493408203125,39505400
AAPL,2024-10-08,223.04474092880676,224.7153317715784,222.0006140653767,224.5065155029297,31855700
AAPL,2024-10-09,223.96950943919006,228.46421777631028,223.57175408478048,228.25538635253906,33591100
AAPL,2024-10-10,226.50525089558744,228.21562630222516,225.89866409237993,227.75819396972656,28183500
AAPL,2024-10-11,228.0167412789572,228.12612627842185,226.0677036085129,226.2765350341797,31759200
AAPL,2024-10-14,227.42011387416335,230.43315574832752,227.320682612259,230.0055694580078,39882100
AAPL,2024-10-15,232.30261271123658,236.16090332060597,231.0695468532438,232.54127502441406,64751400
AAPL,2024-10-16,230.30386376880503,230.8209426799016,228.55370384388218,230.48284912109375,34082200
AAPL,2024-10-17,232.12361966628396,232.5412825211578,229.22991678936268,230.8507843017578,32993800
AAPL,2024-10-18,234.8582185948981,234.8582185948981,232.7003647541102,233.68482971191406,46431500
AAPL,2024-10-21,233.13791711516282,235.52449481958178,233.13791711516282,235.15655517578125,36254500
AAPL,2024-10-22,232.5810475805218,234.89800969153723,231.29827366695753,234.54002380371094,38846600
AAPL,2024-10-23,232.76999409553275,233.82405947286142,226.4853561254601,229.46856689453125,52287000
AAPL,2024-10-24,228.69293816499177,229.52824872985036,227.13173238618916,229.27964782714844,31109500
AAPL,2024-10-25,228.4542922398222,231.91481257552053,228.2852454458818,230.1149444580078,38802300
AAPL,2024-10-28,232.0142568404043,233.4163543943246,231.24856181455635,232.0937957763672,36087100
AAPL,2024-10-29,231.7954872619061,233.01859945208068,231.01985366097637,232.36228942871094,35417200
AAPL,2024-10-30,231.30821865562254,232.1634063461827,228.2653461113998,228.81227111816406,47070900
AAPL,2024-10-31,228.05651850818114,228.54378173572667,224.10873499320775,224.64572143554688,64370100
AAPL,2024-11-01,219.73336072670745,224.08885327131992,219.03728125399175,221.66250610351562,65276700
AAPL,2024-11-04,219.7532516264011,221.5431659237015,218.48041626355018,220.7675323486328,44944500
AAPL,2024-11-05,220.55871830266648,222.6966799421733,219.90240829460964,222.19947814941406,28111300
AAPL,2024-11-06,221.36418677402693,224.80482991830564,219.95213547791562,221.47357177734375,54561100
AAPL,2024-11-07,223.37288331058951,226.6046949785728,223.31322152292373,226.20692443847656,42137700
AAPL,2024-11-08,226.1471868576639,227.63048374280507,225.39061415381417,225.93814086914062,38328800
AAPL,2024-11-11,223.98696589218596,224.68381119249955,220.50272420052974,223.22042846679688,42005600
AAPL,2024-11-12,223.53899499841924,224.5743058460154,222.354350392842,223.22042846679688,40398300
AAPL,2024-11-13,223.00141185159572,225.62952490733255,221.75703985190805,224.10641479492188,48566200
AAPL,2024-11-14,224.00686988588794,227.83952645793332,223.98695568104733,227.1924591064453,44923900
AAPL,2024-11-15,225.38064426033654,225.89830725108274,223.26024476090137,223.98695373535156,47923700
AAPL,2024-11-18,224.23582987715278,228.70561947942855,224.1561882479486,226.9933624267578,44633700
AAPL,2024-11-19,225.95804731142948,229.123737666772,225.63949596937007,227.252197265625,36211800
AAPL,2024-11-20,227.0331781982001,228.89475383274825,224.8729502483013,227.9689483642578,35169600
AAPL,2024-11-21,227.8495144168353,229.12375023514656,224.6937885863231,227.4911346435547,42108300
AAPL,2024-11-22,227.03318893672346,229.6812162999479,227.03318893672346,228.8350372314453,38168300
AAPL,2024-11-25,230.41787789282506,232.19981188776785,228.70562083004268,231.82151794433594,90152800
AAPL,2024-11-26,232.27945661483375,234.50937670519198,232.27945661483375,234.0016632080078,45986200
AAPL,2024-11-27,233.41431778082386,234.6288260383393,232.75728573526553,233.8722381591797,33498400
AAPL,2024-11-29,233.75278591990275,236.73927868022366,232.91657159263394,236.26144409179688,28481400
AAPL,2024-12-02,236.20171450499868,239.70585504150458,236.0922091638524,238.51126098632812,48137100
AAPL,2024-12-03,238.73027039850206,241.66698519896212,237.82436396202866,241.55747985839844,38861000
AAPL,2024-12-04,241.7765092325954,243.01093178619982,240.16380790150487,241.91587829589844,44383900
AAPL,2024-12-05,242.89144401931327,243.438955500192,241.0398180348311,241.94570922851562,40033900
AAPL,2024-12-06,241.81631992920728,243.52857697582414,240.99005511798387,241.7466278076172,36870600
AAPL,2024-12-09,240.74117665680967,246.1268220997756,240.66153502923254,245.63902282714844,44649200
AAPL,2024-12-10,245.77840669680953,247.09247084593116,244.23538234840328,246.65444946289062,36914800
AAPL,2024-12-11,246.84360125039836,249.67081089954078,245.15124311202538,245.38021850585938,45205800
AAPL,2024-12-12,245.77840766369866,247.62008434324935,244.57384885559844,246.84359741210938,32777500
AAPL,2024-12-13,246.70421556592945,248.16758302178013,245.13132757947596,247.0128173828125,33155300
AAPL,2024-12-16,246.8734732550572,250.24820975700106,246.53499250196242,249.90972900390625,51694800
AAPL,2024-12-17,248.95404406138837,252.68716009783537,248.655391740455,252.33872985839844,51356400
AAPL,2024-12-18,251.02467749046986,253.13512753347695,246.62457993830327,246.9331817626953,56774100
AAPL,2024-12-19,246.3856613682502,250.86540066585474,245.97750369773615,248.66534423828125,60882300
AAPL,2024-12-20,246.92322076153135,253.8518908180873,244.58381048961357,253.3441925048828,147495300
AAPL,2024-12-23,253.62293295259332,254.49896052911285,252.30886880268173,254.1206817626953,40858800
AAPL,2024-12-24,254.3396705835317,257.0474099027653,254.14055892454206,257.0374755859375,23234700
AAPL,2024-12-26,257.0275101814573,258.9289141129315,256.47003399402934,257.853759765625,27237100
AAPL,2024-12-27,256.66912911312295,257.53523753189216,251.92061656694878,254.43922424316406,42355300
AAPL,2024-12-30,251.09434735441482,252.35863351915538,249.6210152068174,251.06448364257812,35557500
AAPL,2024-12-31,251.30342042234355,252.1396347735265,248.30696287880588,249.29251098632812,39480700
AAPL,2025-01-02,247.80920478270548,247.97845273823052,240.73123158611202,242.75209045410156,55740700
AAPL,2025-01-03,242.26429748535156,243.08059762167903,240.80091479245596,242.26429748535156,40244100
AAPL,2025-01-06,243.2100158477468,246.21642284830082,242.10501290585998,243.89691162109375,45045600
AAPL,2025-01-07,241.8860138278822,244.44445006993732,240.2633629937866,241.11949157714844,40856000
AAPL,2025-01-08,240.83079756862327,242.6127469270518,238.9692217628596,241.60728454589844,37628900
AAPL,2025-01-10,238.9293760168756,239.0787097724967,231.95094323601768,235.7836151123047,61710900
AAPL,2025-01-13,232.47855694506205,233.61342361918983,228.68571346021633,233.34463500976562,49630700
AAPL,2025-01-14,233.69307331230715,235.05690023183175,231.42333988575893,232.2296905517578,39435300
AAPL,2025-01-15,233.5835582088168,237.88411516800545,233.3744970274307,236.79901123046875,39832000
AAPL,2025-01-16,236.28136958651152,236.9383864807084,227.0033243432251,227.23228454589844,71759100
AAPL,2025-01-17,231.0748831620974,231.2441159203825,227.45127273918456,228.94451904296875,68488300
AAPL,2025-01-21,222.99146586562136,223.40957304130882,218.39227174297113,221.63758850097656,98070400
AAPL,2025-01-22,218.80040121474653,223.11090745632038,218.80040121474653,222.8222198486328,64126500
AAPL,2025-01-23,223.72813912330528,226.00782197454978,221.29912251598503,222.6529998779297,60234800
AAPL,2025-01-24,223.76795755359672,224.61413662079448,220.4131353788753,221.77696228027344,54697900
AAPL,2025-01-27,223.01138591977585,231.10477141655377,222.9715575076631,228.82508850097656,94863400
AAPL,2025-01-28,229.81063008981926,239.1085741517517,229.77080167884077,237.187255859375,75707600
AAPL,2025-01-29,233.06589003597526,238.78005164957875,232.9563846938824,238.2823028564453,45486100
AAPL,2025-01-30,237.59540286874542,239.70585285329432,236.14198492507634,236.520263671875,55658300
AAPL,2025-01-31,246.07705979363328,246.07705979363328,232.38896748106293,234.93743896484375,100959800
AAPL,2025-02-03,228.9545099800506,230.78622201033428,224.68381655532258,226.98341369628906,73063300
AAPL,2025-02-04,226.2268315478868,232.08036234711574,225.62952690670866,231.75184631347656,45067300
AAPL,2025-02-05,227.50107667347064,231.62243633567465,227.24225275297744,231.42333984375,39620300
AAPL,2025-02-06,230.24863411824003,232.74734282564026,229.39250557129796,232.16995239257812,29925300
AAPL,2025-02-07,231.55275755143822,232.946448173879,226.236788599926,226.60513305664062,39707200
AAPL,2025-02-10,228.7876615470872,229.80417456619486,226.42572786906877,226.8741912841797,33115600
AAPL,2025-02-11,227.42233485023965,234.42837673351212,227.3525813044295,231.8272705078125,53718400
AAPL,2025-02-12,230.41209906543347,236.15247950770552,229.89386689621963,236.06277465820312,45243300
AAPL,2025-02-13,236.10265815205582,241.5141464162941,234.76722827404518,240.7069091796875,53614100
AAPL,2025-02-14,240.4278440984732,244.71319316935814,240.1687356269457,243.7664337158203,40896200
AAPL,2025-02-18,243.31796980618805,244.34445851454996,241.01584434943877,243.6368865966797,48822500
AAPL,2025-02-19,243.8262313730556,245.17162160901916,242.33134319523683,244.03550720214844,32204200
AAPL,2025-02-20,244.10528213544586,245.93900803040836,243.45748811790233,244.99224853515625,32316900
AAPL,2025-02-21,245.11182656230832,247.84249441981407,244.38431857946645,244.71319580078125,53197400
AAPL,2025-02-24,244.0953010258401,248.01191597096326,243.58704451830639,246.25791931152344,51326400
AAPL,2025-02-25,247.15485528022737,249.14803959700342,244.0753891604379,246.1981201171875,48013300
AAPL,2025-02-26,243.49735015822236,244.14512894194456,238.31507426807877,239.54087829589844,44433600
AAPL,2025-02-27,238.5941277716784,241.6337368385667,236.25213016109495,236.49131774902344,41153600
AAPL,2025-02-28,236.14250368420718,241.26498665715278,229.41550676334808,241.01583862304688,56833400
AAPL,2025-03-03,240.96599177281342,243.1983635012748,235.3053560708129,237.21881103515625,47184000
AAPL,2025-03-04,236.89992456399492,239.25188262538288,233.88023638606123,235.1259765625,53798100
AAPL,2025-03-05,234.61771347352882,235.7438674276595,228.44880585950324,234.93663024902344,47227600
AAPL,2025-03-06,233.64106399817908,237.04940729600818,232.3654272740836,234.5280303955078,45170400
AAPL,2025-03-07,234.30878315837532,240.54744460053885,233.95996981993864,238.2552947998047,46273600
AAPL,2025-03-10,234.73730306532093,235.35520052510583,223.45588808739058,226.70477294921875,72071200
AAPL,2025-03-11,223.0472976504486,225.07037859810526,216.70897065581676,220.08741760253906,76137400
AAPL,2025-03-12,219.3897895710681,220.99430349899413,214.17761702040198,216.2405548095703,62547500
AAPL,2025-03-13,215.2140760046737,216.1010424274323,207.7097381833997,208.96543884277344,61368300
AAPL,2025-03-14,210.53009451028822,213.22089031000854,208.86578742228792,212.76246643066406,60107600
AAPL,2025-03-17,212.58307041465437,214.48656508270392,209.25445626243933,213.27072143554688,48073400
AAPL,2025-03-18,213.43017106944268,214.41678753127792,210.76927194631702,211.96517944335938,42432400
AAPL,2025-03-19,213.48995680484757,218.0144781615262,213.0215573102422,214.50648498535156,54385400
AAPL,2025-03-20,213.2607660976187,216.74883872802718,211.49679368091097,213.37039184570312,48862900
AAPL,2025-03-21,210.83902892918795,218.09421843072647,210.55998434888178,217.5261688232422,94127800
AAPL,2025-03-24,220.24686734420678,220.7252273230714,217.83511614199446,219.977783203125,44299500
AAPL,2025-03-25,220.01766257627696,223.33631640181736,219.33001153042758,222.9875030517578,34493600
AAPL,2025-03-26,222.74828771017502,224.25315146564492,219.71865451354498,220.77503967285156,34466100
AAPL,2025-03-27,220.63551973925667,224.22325730600966,219.8083464889556,223.08714294433594,37094800
AAPL,2025-03-28,220.91458161653458,223.04728822423488,216.93817343567548,217.1574249267578,39818600
AAPL,2025-03-31,216.27045427307317,224.8511131847691,215.49311362240712,221.37301635742188,65299300
AAPL,2025-04-01,219.06091135294477,222.91771798921508,218.15400887457568,222.4293975830078,36412700
AAPL,2025-04-02,220.56578026164416,224.4225869866718,220.2667995775576,223.12701416015625,35905900
AAPL,2025-04-03,204.83954098981803,206.78290782089874,200.56416741637668,202.49755859375,103419000
AAPL,2025-04-04,193.2292544699453,199.19884701911502,186.70157274086588,187.738037109375,125910900
AAPL,2025-04-07,176.59612158290105,193.48835506739644,174.02491207450518,180.84161376953125,160466300
AAPL,2025-04-08,186.06374707733985,189.6913418115003,168.63336050772435,171.83241271972656,120859500
AAPL,2025-04-09,171.3640110222038,199.926344669284,171.30421792842867,198.17234802246094,184395900
AAPL,2025-04-10,188.42569728108137,194.11623030966024,182.3763752402466,189.77108764648438,121880000
AAPL,2025-04-11,185.46579368960585,198.85997858079665,185.42592149027786,197.47471618652344,87435900
AAPL,2025-04-14,210.7194495182335,212.2143377637297,200.47448329230923,201.82984924316406,101352900
AAPL,2025-04-15,201.1720967653651,202.81646776904176,199.11911932089467,201.45114135742188,51343900
AAPL,2025-04-16,197.68401406478426,200.01603598224625,191.71442177543545,193.6079559326172,59732400
AAPL,2025-04-17,196.5279673080365,198.15241736523095,193.75744237056688,196.3087158203125,52164700
AAPL,2025-04-21,192.61134997705832,193.13954254760668,189.16313478921086,192.50172424316406,46742500
AAPL,2025-04-22,195.45165216386687,200.9030125684292,195.3021694205859,199.059326171875,52976400
AAPL,2025-04-23,205.29799399880645,207.29117840656184,202.10890198775584,203.90277099609375,52929200
AAPL,2025-04-24,204.1917605029567,208.11833592046503,202.248408894664,207.65989685058594,47311000
AAPL,2025-04-25,205.66671618569228,209.0352025034097,205.49729734578435,208.56680297851562,38222300
AAPL,2025-04-28,209.2843516085664,210.77923983434187,206.7530142372406,209.4238739013672,38743100
AAPL,2025-04-29,207.97880282615472,211.51670773820763,207.65988606249564,210.49021911621094,36827600
AAPL,2025-04-30,208.58674127234366,212.8521544830753,205.96569903614,211.7758331298828,52286500
AAPL,2025-05-01,208.3674918385056,213.82881264887993,208.18809734114114,212.59304809570312,57365700
AAPL,2025-05-02,205.38767599056177,206.28461806468735,201.4710760745947,204.65020751953125,101010600
AAPL,2025-05-05,202.40787903175757,203.4044712176219,197.5345438511527,198.21221923828125,69018500
AAPL,2025-05-06,197.5345306234426,199.96620262041338,196.34858356859348,197.83349609375,51216500
AAPL,2025-05-07,198.49125449640593,198.7603386318323,192.59143085844198,195.58120727539062,68536700
AAPL,2025-05-08,197.04619801698016,199.3682595147921,194.0165494128041,196.81698608398438,50478900
AAPL,2025-05-09,198.32183886048443,199.85658408831688,196.86680762308345,197.8534393310547,36453900
AAPL,2025-05-12,210.52676720097676,210.82613996616402,206.31563192374182,210.34713745117188,63775800
AAPL,2025-05-13,209.98788789546765,212.95164926547025,208.56089957562318,212.48263549804688,51909300
AAPL,2025-05-14,211.98367663769176,213.49051386836734,210.13757262915965,211.88389587402344,49325800
AAPL,2025-05-15,210.506803034962,212.51258988469863,209.0997617101353,211.00575256347656,45029500
AAPL,2025-05-16,211.9138418912236,212.12340739052024,209.3292870180407,210.81614685058594,54737900
AAPL,2025-05-19,207.47318710280226,209.0398806327114,203.83084657536088,208.3413543701172,46140500
AAPL,2025-05-20,207.23369558110693,208.03201787298204,204.5992426766309,206.42539978027344,42496600
AAPL,2025-05-21,204.73893602091724,206.60500227852873,200.28831500749223,201.6654052734375,59211800
AAPL,2025-05-22,200.2883071907537,202.32401437172413,199.28041949489233,200.9369354248047,46742400
AAPL,2025-05-23,193.26311186041877,197.28464391104225,193.05356158182016,194.85975646972656,78432900
AAPL,2025-05-27,197.88337691051132,200.31825293342968,197.01519441683536,199.78936767578125,56288500
AAPL,2025-05-28,200.16855762950956,202.30406088976383,199.48000488022652,199.99891662597656,45339700
AAPL,2025-05-29,203.15228556391767,203.38179807643976,198.09293019267844,199.5299072265625,51396800
AAPL,2025-05-30,198.95112277889336,201.53569281345096,196.36656797106642,200.4280242919922,70819900
AAPL,2025-06-02,199.85921507319503,201.70533435611304,199.69954757512772,201.27622985839844,35423300
AAPL,2025-06-03,200.92696184786135,203.34187550579085,200.53778186221837,202.84292602539062,46381600
AAPL,2025-06-04,202.48369763994597,205.80670326672896,201.67540185470463,202.39389038085938,43604000
AAPL,2025-06-05,203.07246156364138,204.3198354061699,199.7294935749724,200.20849609375,55126100
AAPL,2025-06-06,202.57349663849442,205.26782088834017,201.62549563553227,203.49156188964844,46607700
AAPL,2025-06-09,203.96058960802065,205.56720771427428,199.59977555964565,201.02676391601562,72862600
AAPL,2025-06-10,200.1785434107301,203.92066462184746,200.14860765917956,202.2441864013672,54672600
AAPL,2025-06-11,203.0724503091444,204.07034932786254,197.99314795828434,198.36236572265625,60989900
AAPL,2025-06-12,198.66173587371065,199.26046614106752,196.94534836583952,198.78147888183594,43904600
AAPL,2025-06-13,199.3103695725812,199.9490243445518,195.2888376882346,196.03726196289062,51447300
AAPL,2025-06-16,196.8854859861783,198.27256505925683,196.1470352061455,198.0031280517578,43020700
AAPL,2025-06-17,196.78567812068002,197.97318035709665,194.79986887227625,195.2289581298828,38856200
AAPL,2025-06-18,195.52832221137376,197.15490236836843,194.66015499959357,196.16697692871094,45394700
AAPL,2025-06-20,197.8235020126397,201.27622400422058,196.44639652864126,200.57769775390625,96813500
AAPL,2025-06-23,201.20639190632414,201.87498244787415,198.54200324907936,201.07666015625,55814300
AAPL,2025-06-24,202.16436301176623,203.0125832870988,199.77938491343542,199.87918090820312,54064000
AAPL,2025-06-25,201.0267661369261,203.2421033073339,200.19850807531137,201.13653564453125,39525700
AAPL,2025-06-26,201.00678701240994,202.2142514946699,199.04094000321476,200.57769775390625,50799100
AAPL,2025-06-27,201.4658274879402,202.7930349784745,199.57979899649257,200.65753173828125,73188600
AAPL,2025-06-30,201.58557286233471,206.95427439094752,198.84135059390303,204.7389373779297,91912800
AAPL,2025-07-01,206.23578409144605,209.74839282792448,205.70689884063935,207.3833770751953,78788900
AAPL,2025-07-02,208.47108532398713,212.8917706186518,207.7026988246806,211.99366760253906,67941800
AAPL,2025-07-03,211.70428104663077,214.19902871499423,211.36499901814886,213.10134887695312,34955800
AAPL,2025-07-07,212.23315593085263,215.77570049162512,208.36131809352125,209.50889587402344,50229000
AAPL,2025-07-08,209.658593847986,210.98578616820197,208.01205130024096,209.5687713623047,42848900
AAPL,2025-07-09,209.0897778625777,210.8859991217609,206.78463359109693,210.69639587402344,48749400
AAPL,2025-07-10,210.06771262581316,213.03147386855414,209.58872537016995,211.96372985839844,44443600
AAPL,2025-07-11,210.12759762046792,211.68431760849728,209.41908263784933,210.7163543701172,39765800
AAPL,2025-07-14,209.48893166698292,210.46688365912564,207.10395364435493,208.1816864013672,38840100
AAPL,2025-07-15,208.7804390594974,211.44482767792792,208.48106630115817,208.67066955566406,42296300
AAPL,2025-07-16,209.8581806046168,211.95375954691573,208.2016644692293,209.71847534179688,47490500
AAPL,2025-07-17,210.12759810142074,211.3550095983717,209.14964612579556,209.57875061035156,48068100
AAPL,2025-07-18,210.42696659875526,211.34503189230253,209.25942654413325,210.73631286621094,48974600
AAPL,2025-07-21,211.65437808070223,215.3266389893317,211.18536434566,212.0335693359375,51377400
AAPL,2025-07-22,212.69220709721728,214.49840197701596,211.78411528941558,213.94955444335938,46404100
AAPL,2025-07-23,214.54829351654996,214.69797228179937,211.9637386583707,213.7000732421875,46989300
AAPL,2025-07-24,213.45058781785585,215.2368355364858,213.08137006420023,213.31088256835938,46022600
AAPL,2025-07-25,214.24891808809048,214.7877920897316,212.95164630742312,213.43064880371094,40268800
AAPL,2025-07-28,213.5803337758995,214.39861831079742,212.61237047326716,213.6002960205078,37858000
AAPL,2025-07-29,213.73000061776605,214.3586818606333,210.37707459375494,210.8261260986328,51411700
AAPL,2025-07-30,211.454797150492,211.94377315400357,207.28358653790625,208.6107940673828,45512500
AAPL,2025-07-31,208.0519764228089,209.39913099136336,206.72476887181696,207.1339111328125,80698400
AAPL,2025-08-01,210.4269720875647,213.1312852679161,201.07666267114303,201.95481872558594,104434500
AAPL,2025-08-04,204.0803265791815,207.44325668811337,201.25627047720934,202.9227752685547,75109300
AAPL,2025-08-05,202.97265486934364,204.90858140720596,201.73526982787092,202.49366760253906,44155100
AAPL,2025-08-06,205.19798558200998,214.9275012748427,205.15806109322384,212.80197143554688,108483100
AAPL,2025-08-07,218.42014073215765,220.38600300495352,216.12496995802366,219.56771850585938,90224800
AAPL,2025-08-08,220.36604479784603,230.5146761138317,218.78936250198095,228.86814880371094,113854000
AAPL,2025-08-11,227.6992650180531,229.33767612130436,224.54232171734583,226.95997619628906,61806100
AAPL,2025-08-12,227.78917070894937,230.57647717809445,226.8500938879156,229.42758178710938,55626200
AAPL,2025-08-13,230.8462285986664,234.77241529044048,230.2068337695816,233.10403442382812,69878500
AAPL,2025-08-14,233.83332460758467,234.89229562265464,230.6264418350812,232.5545654296875,51916300
AAPL,2025-08-15,233.77337703316005,234.0531046408583,229.11788646444978,231.36570739746094,56038700
AAPL,2025-08-18,231.47561022214762,232.89423321308522,229.88715369469057,230.66639709472656,37476200
AAPL,2025-08-19,231.05601964615855,232.64447617946885,229.1278960385577,230.3367156982422,39402600
AAPL,2025-08-20,229.75726351111018,230.24679444121838,225.55134937034353,225.79110717773438,42263900
AAPL,2025-08-21,226.05087353353895,226.30063142153253,223.56327948127884,224.68218994140625,30621200
AAPL,2025-08-22,225.95095699429655,228.8681272027074,225.1916985271248,227.53941345214844,42477800
AAPL,2025-08-25,226.26065308481304,229.07792927219558,226.01089520624416,226.94000244140625,30983100
AAPL,2025-08-26,226.65028173376106,229.26775474756235,224.4724002828088,229.08792114257812,54575100
AAPL,2025-08-27,228.38860049855515,230.676376013076,228.03893336267103,230.26678466796875,31259500
AAPL,2025-08-28,230.59647266873003,233.18396075811214,229.11789497993007,232.33477783203125,38074700
AAPL,2025-08-29,232.28481317583598,233.15398096397084,231.145917853049,231.91517639160156,39418400
AAPL,2025-09-02,229.02798202980685,230.62643860177437,226.75019132336067,229.49752807617188,44075600
AAPL,2025-09-03,236.98028515930878,238.6186963224971,234.133039090421,238.2390594482422,66427800
AAPL,2025-09-04,238.21906152531412,239.66765417218173,236.51072617258424,239.5477752685547,47549400
AAPL,2025-09-05,239.76756781945676,241.08629675958926,238.25903569310344,239.45787048339844,54870400
AAPL,2025-09-08,239.06825064349684,239.91741830634814,236.11111057683257,237.64962768554688,48999500
AAPL,2025-09-09,236.77047435136637,238.5487492683241,233.13400016518182,234.123046875,66313900
AAPL,2025-09-10,231.96513778704139,232.19491077497392,225.73117543382176,226.5703582763672,83440800
AAPL,2025-09-11,226.66027725307507,230.22681187017153,226.43048902665416,229.80722045898438,50208600
AAPL,2025-09-12,228.9980136278554,234.28288383192944,228.79821036620638,233.84332275390625,55824200
AAPL,2025-09-15,236.77047667310174,237.95932665324483,234.80238330570734,236.47076416015625,42699500
AAPL,2025-09-16,236.9502954777413,240.98639147239973,236.09114297984144,237.9193572998047,63421100
AAPL,2025-09-17,238.73857528095925,239.86748583209587,237.4997706474641,238.75856018066406,46508000
AAPL,2025-09-18,239.737599946219,240.9664044724694,236.4208079152849,237.64962768554688,44249600
AAPL,2025-09-19,240.99636870073516,246.06146581163878,239.9773675285625,245.26223754882812,163741300
AAPL,2025-09-22,248.05953649140056,256.3914711896616,247.8797028858207,255.8319854736328,105517400
AAPL,2025-09-23,255.63220171436936,257.0907792625319,253.33442606621003,254.18359375,60275200
AAPL,2025-09-24,254.9728287261993,255.4923293909784,250.79686899703333,252.06564331054688,42303700
AAPL,2025-09-25,252.96477212582877,256.9209435623003,251.466224879955,256.6212158203125,55202100
AAPL,2025-09-26,253.8539172209246,257.3505275669758,253.5342198150173,255.2126007080078,46076300
AAPL,2025-09-29,254.31347273152574,254.75304905914027,252.76497075706976,254.18359375,40127700
AAPL,2025-09-30,254.61318058017173,255.67215158054225,252.8648753735947,254.38340759277344,37704300
AAPL,2025-10-01,254.7929996074261,258.53938316103813,254.6831055272507,255.20260620117188,48713900
AAPL,2025-10-02,256.33149581258533,257.9299523535748,253.9038565188199,256.8809814453125,42630200
AAPL,2025-10-03,254.42336451804394,258.9889308017334,253.70406057825727,257.7701110839844,49155600
AAPL,2025-10-06,257.7401350456914,258.819106172963,254.80299514816292,256.44140625,44664100
AAPL,2025-10-07,256.56129542181253,257.15072039039774,255.18262697514498,256.23162841796875,31955800
AAPL,2025-10-08,256.2715719294531,258.2696351050741,255.8619653198879,257.8100891113281,36496900
AAPL,2025-10-09,257.5603136690899,257.75013209688524,252.8948383011137,253.79396057128906,38322000
AAPL,2025-10-10,254.69310389004832,256.13171175032437,243.76369637579657,245.032470703125,61999100
AAPL,2025-10-13,249.13848619669534,249.44818352992385,245.32217845998096,247.42015075683594,38142900
AAPL,2025-10-14,246.36117950382103,248.60900042906025,244.46301046499008,247.53004455566406,35478000
AAPL,2025-10-15,249.24838988167792,251.5761352503302,247.2303418581919,249.09852600097656,33893600
AAPL,2025-10-16,248.00958596667436,248.79881419551728,244.8926123625184,247.21035766601562,39777000
AAPL,2025-10-17,247.77980070207627,253.13461023404025,247.03052706557392,252.045654296875,49147000
AAPL,2025-10-20,255.64218177653177,264.1239650925819,255.3824390623343,261.98602294921875,90483000
AAPL,2025-10-21,261.6263807259345,265.03308188579996,261.5764108568555,262.5155029296875,46695900
AAPL,2025-10-22,262.3956210979312,262.5954395959732,255.18261234613632,258.19970703125,45015300
AAPL,2025-10-23,259.68824995662277,260.36758405794774,257.76012648314656,259.3285827636719,32754900
AAPL,2025-10-24,260.93706434715574,263.87421967110856,258.9290010880386,262.56549072265625,38253700
AAPL,2025-10-27,264.6234656652487,268.8593494221352,264.3936774471076,268.5496520996094,44888200
AAPL,2025-10-28,268.7294713644567,269.6286240979669,267.8902885694659,268.7394714355469,41534800
AAPL,2025-10-29,269.01920560410514,271.1471476128123,266.85129379808274,269.4388122558594,51086700
AAPL,2025-10-30,271.72657092903916,273.87451306817263,268.2199910571769,271.13714599609375,69886500
AAPL,2025-10-31,276.721738255342,277.05143573891627,268.89933466249033,270.108154296875,86167100
AAPL,2025-11-03,270.15812755648943,270.5877038096653,265.9921525413924,268.7894287109375,50194600
AAPL,2025-11-04,268.0701070960229,271.22705027239556,267.36080327265466,269.7784729003906,49274800
AAPL,2025-11-05,268.3498399683747,271.43687417180433,266.67147434431234,269.8783874511719,43683100
AAPL,2025-11-06,267.6305743388968,273.1352174017799,267.6305743388968,269.50872802734375,51204000
AAPL,2025-11-07,269.5386899523433,272.02629915101613,266.51162568814635,268.2099914550781,48227400
AAPL,2025-11-10,268.9599914550781,273.7300109863281,267.4599914550781,269.42999267578125,41312400
AAPL,2025-11-11,269.80999755859375,275.9100036621094,269.79998779296875,275.25,46208300
AAPL,2025-11-12,275.0,275.7300109863281,271.70001220703125,273.4700012207031,48398000
AAPL,2025-11-13,274.1099853515625,276.70001220703125,272.0899963378906,272.95001220703125,49602800
AAPL,2025-11-14,271.04998779296875,275.9599914550781,269.6000061035156,272.4100036621094,47431300
AAPL,2025-11-17,268.82000732421875,270.489990234375,265.7300109863281,267.4599914550781,45018300
AAPL,2025-11-18,269.989990234375,270.7099914550781,265.32000732421875,267.44000244140625,45677300
AAPL,2025-11-19,265.5299987792969,272.2099914550781,265.5,268.55999755859375,40424500
AAPL,2025-11-20,270.8299865722656,275.42999267578125,265.9200134277344,266.25,45823600
AAPL,2025-11-21,265.95001220703125,273.3299865722656,265.6700134277344,271.489990234375,59030800
AAPL,2025-11-24,270.8999938964844,277.0,270.8999938964844,275.9200134277344,65585800
AAPL,2025-11-25,275.2699890136719,280.3800048828125,275.25,276.9700012207031,46914200
AAPL,2025-11-26,276.9599914550781,279.5299987792969,276.6300048828125,277.54998779296875,33431400
AAPL,2025-11-28,277.260009765625,279.0,275.989990234375,278.8500061035156,20135600
AAPL,2025-12-01,278.010009765625,283.4200134277344,276.1400146484375,283.1000061035156,46587700
AAPL,2025-12-02,283.0,287.3999938964844,282.6300048828125,286.19000244140625,53669500
AAPL,2025-12-03,286.20001220703125,288.6199951171875,283.29998779296875,284.1499938964844,43538700
AAPL,2025-12-04,284.1000061035156,284.7300109863281,278.5899963378906,280.70001220703125,43989100
AAPL,2025-12-05,280.5400085449219,281.1400146484375,278.04998779296875,278.7799987792969,47265800
AAPL,2025-12-08,278.1300048828125,279.6700134277344,276.1499938964844,277.8900146484375,38211800
AAPL,2025-12-09,278.1600036621094,280.0299987792969,276.9200134277344,277.17999267578125,32193300
AAPL,2025-12-10,277.75,279.75,276.44000244140625,278.7799987792969,33038300
AAPL,2025-12-11,279.1000061035156,279.5899963378906,273.80999755859375,278.0299987792969,33248000
AAPL,2025-12-12,277.8999938964844,279.2200012207031,276.82000732421875,278.2799987792969,39532900
AAPL,2025-12-15,280.1499938964844,280.1499938964844,272.8399963378906,274.1099853515625,50409100
AAPL,2025-12-16,272.82000732421875,275.5,271.7900085449219,274.6099853515625,37648600
AAPL,2025-12-17,275.010009765625,276.1600036621094,271.6400146484375,271.8399963378906,50138700
AAPL,2025-12-18,273.6099853515625,273.6300048828125,266.95001220703125,272.19000244140625,51630700
AAPL,2025-12-19,272.1499938964844,274.6000061035156,269.8999938964844,273.6700134277344,144632000
AAPL,2025-12-22,272.8599853515625,273.8800048828125,270.510009765625,270.9700012207031,36571800
AAPL,2025-12-23,270.8399963378906,272.5,269.55999755859375,272.3599853515625,29642000
AAPL,2025-12-24,272.3399963378906,275.42999267578125,272.20001220703125,273.80999755859375,17910600
AAPL,2025-12-26,274.1600036621094,275.3699951171875,272.8599853515625,273.3999938964844,21521800
AAPL,2025-12-29,272.69000244140625,274.3599853515625,272.3500061035156,273.760009765625,23715200
AAPL,2025-12-30,272.80999755859375,274.0799865722656,272.2799987792969,273.0799865722656,22139600
AAPL,2025-12-31,273.05999755859375,273.67999267578125,271.75,271.8599853515625,27293600
AAPL,2026-01-02,272.260009765625,277.8399963378906,269.0,271.010009765625,37838100
AAPL,2026-01-05,270.6400146484375,271.510009765625,266.1400146484375,267.260009765625,45647200
AAPL,2026-01-06,267.0,267.54998779296875,262.1199951171875,262.3599853515625,52352100
AAPL,2026-01-07,263.20001220703125,263.67999267578125,259.80999755859375,260.3299865722656,48309800
AAPL,2026-01-08,257.0199890136719,259.2900085449219,255.6999969482422,259.0400085449219,50419300
AAPL,2026-01-09,259.0799865722656,260.2099914550781,256.2200012207031,259.3699951171875,39997000
AAPL,2026-01-12,259.1600036621094,261.29998779296875,256.79998779296875,260.25,45263800
AAPL,2026-01-13,258.7200012207031,261.80999755859375,258.3900146484375,261.04998779296875,45730800
AAPL,2026-01-14,259.489990234375,261.82000732421875,256.7099914550781,259.9599914550781,40019400
AAPL,2026-01-15,260.6499938964844,261.0400085449219,257.04998779296875,258.2099914550781,39388600
AAPL,2026-01-16,257.8999938964844,258.8999938964844,254.92999267578125,255.52999877929688,72142800
AAPL,2026-01-20,252.72999572753906,254.7899932861328,243.4199981689453,246.6999969482422,80267500
AAPL,2026-01-21,248.6999969482422,251.55999755859375,245.17999267578125,247.64999389648438,54641700
AAPL,2026-01-22,249.1999969482422,251.0,248.14999389648438,248.35000610351562,39708300
AAPL,2026-01-23,247.32000732421875,249.41000366210938,244.67999267578125,248.0399932861328,41689000
AAPL,2026-01-26,251.47999572753906,256.55999755859375,249.8000030517578,255.41000366210938,55969200
AAPL,2026-01-27,259.1700134277344,261.95001220703125,258.2099914550781,258.2699890136719,49648300
