ticker,date,open,high,low,close,volume
AVGO,2020-01-02,27.471437164754747,27.745016615865563,27.299376030754082,27.735551834106445,20329000
AVGO,2020-01-03,27.31572005589473,27.529937857430564,27.020634820960534,27.03009796142578,22870000
AVGO,2020-01-06,26.742752479742457,27.006868775113663,26.637794816510482,26.989662170410156,20789000
AVGO,2020-01-07,27.121290278625793,27.235712726036294,26.863197765060693,26.89674949645996,18565000
AVGO,2020-01-08,26.925995412625557,26.96987175535609,26.532832926435518,26.56122398376465,31979000
AVGO,2020-01-09,26.869220774892526,26.926861098982986,26.0717128148383,26.347871780395508,42397000
AVGO,2020-01-10,26.27818895108887,26.286792254524936,25.706081579433075,25.742216110229492,40705000
AVGO,2020-01-13,25.81103800373423,26.136233976240742,25.780925624627017,25.91083335876465,22054000
AVGO,2020-01-14,25.981381894115206,26.596504130851482,25.946108842942564,26.51305389404297,28911000
AVGO,2020-01-15,26.438203486527037,26.487240503773695,25.86953719312869,26.079452514648438,22733000
AVGO,2020-01-16,26.239474625305846,26.485522865477567,26.17150967752683,26.41583824157715,21508000
AVGO,2020-01-17,26.554344412554606,26.57843300261487,26.15946219042774,26.565528869628906,26896000
AVGO,2020-01-21,26.480356798790112,26.627469481888724,26.353890070414113,26.503583908081055,21967000
AVGO,2020-01-22,26.738454056282922,27.350995127030398,26.712644146903997,26.925142288208008,29264000
AVGO,2020-01-23,27.115265307571065,27.512728655986752,26.740170871700542,27.49982452392578,30266000
AVGO,2020-01-24,28.433269224270298,28.526184254198363,27.596187244062897,27.874069213867188,55782000
AVGO,2020-01-27,27.22108778406748,27.519615661212782,26.55262609390193,26.586177825927734,38843000
AVGO,2020-01-28,26.973318901028225,27.46369568244356,26.907935111384546,27.384546279907227,23166000
AVGO,2020-01-29,27.600481569959562,27.99708344275049,27.283887285682884,27.315717697143555,23668000
AVGO,2020-01-30,27.041278828305426,27.14451680982922,26.548320953467414,27.116987228393555,21128000
AVGO,2020-01-31,27.027519846470952,27.06365273644526,26.120751681175673,26.25324058532715,22123000
AVGO,2020-02-03,26.29367174718058,26.377121977592303,26.12247045550317,26.259260177612305,21288000
AVGO,2020-02-04,26.823626355460817,27.062792609929655,26.63951927343865,26.807279586791992,22559000
AVGO,2020-02-05,27.314855981600317,27.513588464197344,27.17376545265464,27.304533004760742,24825000
AVGO,2020-02-06,27.430141680602304,27.51961405472286,27.033538144531136,27.503267288208008,22683000
AVGO,2020-02-07,27.385409600608615,27.402614566741217,27.088601372276237,27.11957359313965,15883000
AVGO,2020-02-10,26.87351706315635,27.065365925632094,26.69543381109585,27.030954360961914,19218000
AVGO,2020-02-11,27.241733958514484,27.597900499448023,27.186673152074498,27.543701171875,15527000
AVGO,2020-02-12,27.705435539573525,27.967830480293863,27.670162497288434,27.934280395507812,15310000
AVGO,2020-02-13,27.657265030280474,27.999670917937383,27.611670641133912,27.871482849121094,13857000
AVGO,2020-02-14,27.9463291843219,28.020314632143826,27.28044702662721,27.338088989257812,19137000
AVGO,2020-02-18,27.099781245684298,27.100641083617354,26.501865699793704,26.734149932861328,26693000
AVGO,2020-02-19,26.927722830105687,27.257222952861778,26.815883167019543,27.159147262573242,20525000
AVGO,2020-02-20,27.01031286802819,27.159146898063153,26.3358289826273,26.604246139526367,25521000
AVGO,2020-02-21,26.540580801067073,26.62230971260528,26.006327699990035,26.196456909179688,24522000
AVGO,2020-02-24,25.310335595473212,25.70607764752694,24.954167420442438,25.086654663085938,36849000
AVGO,2020-02-25,25.302596338043863,25.441967230102218,24.180752137838674,24.31926155090332,31892000
AVGO,2020-02-26,24.462933196995603,24.794152998537886,24.432822455120156,24.594560623168945,23074000
AVGO,2020-02-27,24.11450610877597,24.54552123606988,23.532935645680425,23.568208694458008,34837000
AVGO,2020-02-28,22.654562892347435,23.58369842666557,22.60380454551891,23.45379066467285,44586000
AVGO,2020-03-02,23.80995545270172,24.55326404853672,23.327320522055967,24.51626968383789,31976000
AVGO,2020-03-03,24.48873884105538,24.81823726812173,23.363452206306395,23.59401512145996,29930000
AVGO,2020-03-04,23.877057847505142,24.580792533269474,23.638751466650934,24.55756378173828,23477000
AVGO,2020-03-05,23.85296913353282,24.354530320023628,23.4391606432769,23.57594871520996,24374000
AVGO,2020-03-06,22.968568149624364,23.308391168158845,22.583149110847785,23.18106460571289,30169000
AVGO,2020-03-09,21.600681684170087,22.391307784942523,21.01308896861908,21.311616897583008,43934000
AVGO,2020-03-10,22.07471247460044,22.68467244258446,20.939962457329912,22.617568969726562,55071000
AVGO,2020-03-11,21.841564377085618,22.066105152018185,20.861670725993232,21.16105842590332,36030000
AVGO,2020-03-12,19.52819083072316,20.884900429909667,18.610239857661995,18.821876525878906,64281000
AVGO,2020-03-13,19.40086160418747,20.171699693958647,17.306004462482395,20.150192260742188,84714000
AVGO,2020-03-16,17.90994788613399,18.8235963964968,15.505379541420597,16.137706756591797,76935000
AVGO,2020-03-17,16.50248073499994,17.20707547537928,15.612920686160493,17.164060592651367,70662000
AVGO,2020-03-18,15.972528822808343,16.12910469131125,13.392457320042395,14.442036628723145,98993000
AVGO,2020-03-19,14.422244710398893,17.848861152167263,14.19512279813787,16.728736877441406,74438000
AVGO,2020-03-20,17.673671754966552,18.258127167928418,16.440889102795317,16.81798553466797,74044000
AVGO,2020-03-23,16.875729870056553,17.146084534017238,15.551954082411203,16.927350997924805,46921000
AVGO,2020-03-24,17.99214221834973,19.135681941308636,17.61154639216111,18.615095138549805,62970000
AVGO,2020-03-25,18.565225194935632,21.348390150625065,18.30537068064984,19.034189224243164,64442000
AVGO,2020-03-26,19.77613432353509,21.418384526875258,19.77613432353509,21.27577018737793,60213000
AVGO,2020-03-27,20.385965880085426,21.18128140280943,20.12348629162946,20.183856964111328,39448000
AVGO,2020-03-30,20.31597191072262,21.117411973619188,19.986997125863702,21.008045196533203,52343000
AVGO,2020-03-31,20.82343224158802,22.11046097225511,20.653696470551594,20.744688034057617,50191000
AVGO,2020-04-01,19.947622902749522,20.509330783816868,19.220553193198036,19.566152572631836,41858000
AVGO,2020-04-02,19.458534954989307,20.819057801422804,19.375416812964463,20.741188049316406,45049000
AVGO,2020-04-03,20.704439686828778,21.22152538111914,20.171605486154707,20.496206283569336,28960000
AVGO,2020-04-06,21.39913827600404,22.171704575305,21.309895625699863,22.086835861206055,38868000
AVGO,2020-04-07,22.909273132092547,23.22949831287102,22.09470974680135,22.159454345703125,45892000
AVGO,2020-04-08,22.465683142666805,22.940771722733107,22.191829007030456,22.84453010559082,27565000
AVGO,2020-04-09,23.25487609298613,23.404489424603252,21.987971434464523,22.249576568603516,34828000
AVGO,2020-04-13,22.179579375645485,22.881276551459766,22.118334256739704,22.741287231445312,25729000
AVGO,2020-04-14,23.283745229707083,23.481480184252582,22.951271014723883,23.415861129760742,23094000
AVGO,2020-04-15,22.83578270308448,22.95127398951582,22.412313540299884,22.52430534362793,25926000
AVGO,2020-04-16,22.902275100736787,22.902275100736787,22.232949391769164,22.59867286682129,26896000
AVGO,2020-04-17,23.030013471339778,23.398360275999114,22.65554048650192,23.262744903564453,34089000
AVGO,2020-04-20,22.74828875492844,23.208503320747692,22.565427831116594,22.59779930114746,23801000
AVGO,2020-04-21,22.2723290486453,22.292453166872868,21.593380783571025,21.667749404907227,29138000
AVGO,2020-04-22,22.29069092673234,22.942517433580623,21.938092662599512,22.745656967163086,35438000
AVGO,2020-04-23,22.77015625070243,23.2032493004156,22.618792380081775,22.654664993286133,21659000
AVGO,2020-04-24,22.731663282198888,23.19187779718303,22.65029405171711,23.169130325317383,23373000
AVGO,2020-04-27,23.128883189865018,23.729963175678755,23.128883189865018,23.487606048583984,16588000
AVGO,2020-04-28,23.994188930896367,24.1840504428664,23.108756517016314,23.162126541137695,18988000
AVGO,2020-04-29,23.717713952592632,24.234799670427225,23.555851607649753,24.149930953979492,28871000
AVGO,2020-04-30,23.93207364695674,23.977570261441727,23.518228511442796,23.76496124267578,23379000
AVGO,2020-05-01,23.273249647295316,23.435112004203127,22.590800382444606,22.7220401763916,26836000
AVGO,2020-05-04,22.67916686067086,22.96089608725428,22.338817542142742,22.946022033691406,17046000
AVGO,2020-05-05,23.321367387799757,23.53047523447375,23.072885773852363,23.17437744140625,26462000
AVGO,2020-05-06,23.477108332390774,23.665219309148583,23.065013758123342,23.114009857177734,22727000
AVGO,2020-05-07,23.62321967434951,23.664342349589308,23.273246383305192,23.426359176635742,18238000
AVGO,2020-05-08,23.815709130494817,24.10881296520832,23.625849230386326,24.063316345214844,16757000
AVGO,2020-05-11,23.91807154847073,24.212924223914367,23.776331661163915,24.095684051513672,20851000
AVGO,2020-05-12,24.198928922635577,24.298670024710937,23.467483604988338,23.487606048583984,18764000
AVGO,2020-05-13,23.629347313401308,23.652096456452263,22.692293556591714,23.023893356323242,21927000
AVGO,2020-05-14,22.83228061538976,23.35636528122383,22.28894629147668,23.325742721557617,19912000
AVGO,2020-05-15,22.697535618139604,23.103505577568914,22.465678659684922,22.784154891967773,21650000
AVGO,2020-05-18,23.502483697646106,24.212056104418192,23.448237533142667,23.932077407836914,26531000
AVGO,2020-05-19,23.932071277168735,24.150804786440574,23.76408276720978,23.79383087158203,18702000
AVGO,2020-05-20,24.2330504083349,24.612771824220353,24.155180658671995,24.38266372680664,18605000
AVGO,2020-05-21,24.40365763788966,24.454404300396153,24.030060805307507,24.043184280395508,14847000
AVGO,2020-05-22,23.950445291813978,24.25754699813121,23.66784163222266,24.20505142211914,17452000
AVGO,2020-05-26,24.935621166551805,25.118482068029422,24.619769911707078,24.674890518188477,23573000
AVGO,2020-05-27,24.762382151099324,25.180601164544573,24.498152042588675,25.162227630615234,22812000
AVGO,2020-05-28,24.935617079238437,25.311838937267172,24.710759085259852,24.772878646850586,18543000
AVGO,2020-05-29,24.751885526239715,25.548075392733406,24.66526623933596,25.48420524597168,27300000
AVGO,2020-06-01,25.409838707874567,25.469334927303144,25.142983511633545,25.372217178344727,18444000
AVGO,2020-06-02,25.46320546529063,26.101032448991944,25.380961787175288,26.078283309936523,31847000
AVGO,2020-06-03,26.339887329774726,27.197322238203167,26.292641815563965,27.081830978393555,31926000
AVGO,2020-06-04,26.751110270632175,27.385436146128534,26.431757861605696,27.02583885192871,34997000
AVGO,2020-06-05,27.97163686415803,28.707457613689538,27.56829360806628,27.74240493774414,50958000
AVGO,2020-06-08,27.779159916029084,27.89640177575952,27.41693755657012,27.78091049194336,23916000
AVGO,2020-06-09,27.297949445060297,27.899903972667378,27.260326244081945,27.58842658996582,22335000
AVGO,2020-06-10,27.704786405932037,27.928768299043718,27.53417287108877,27.563920974731445,25914000
AVGO,2020-06-11,26.914717875136326,26.996087094357463,25.67056267116432,25.70118522644043,45115000
AVGO,2020-06-12,26.49474781558259,26.5936161065715,25.6119405045373,26.26988983154297,39439000
AVGO,2020-06-15,25.810557612666166,26.838604578869216,25.583948985296296,26.605873107910156,29824000
AVGO,2020-06-16,27.122955540767276,27.521050466629593,26.59799477718512,27.185951232910156,30387000
AVGO,2020-06-17,27.422182453483533,27.710036172800326,27.279569777196805,27.423933029174805,20279000
AVGO,2020-06-18,27.30844123605231,27.920895733211772,27.255945660777122,27.88502311706543,33625000
AVGO,2020-06-19,28.0812600122134,28.11838566669936,26.763294219970703,26.763294219970703,58465000
AVGO,2020-06-22,27.004608531438805,27.771875360073253,26.83047203048144,27.715303421020508,27195000
AVGO,2020-06-23,27.849669151083187,28.060047880597,27.516420004268703,27.517303466796875,22419000
AVGO,2020-06-24,27.33167202684306,27.48813086215868,26.91710053927753,27.134552001953125,19096000
AVGO,2020-06-25,27.054112673320077,27.35642204624401,26.783623121234225,27.30073356628418,15029000
AVGO,2020-06-26,27.717959658958918,27.91331108791349,26.796885941254022,27.173446655273438,31425000
AVGO,2020-06-29,27.231787717956674,27.43863259314596,26.911798945566428,27.382944107055664,14516000
AVGO,2020-06-30,27.39797033328382,28.027341245453204,27.115105543300096,27.898284912109375,25125000
AVGO,2020-07-01,27.854085988581595,28.007892756409447,27.573874963147823,27.643707275390625,15661000
AVGO,2020-07-02,28.08744714980068,28.23153076712386,27.814307206384047,27.885908126831055,16638000
AVGO,2020-07-06,28.286336475591362,28.37384646583224,28.05120564272717,28.179378509521484,17561000
AVGO,2020-07-07,28.051205855993544,28.12369024118619,27.62779467272759,27.678180694580078,16150000
AVGO,2020-07-08,27.9451346099595,28.272194452189513,27.766577396288348,28.248329162597656,18023000
AVGO,2020-07-09,28.28721806649727,28.66908288227801,27.866458987628892,28.418928146362305,25225000
AVGO,2020-07-10,28.455170173062086,28.550634690462747,27.883254729063914,28.236833572387695,13280000
AVGO,2020-07-13,28.434837599049178,28.59836918711512,27.453656500638274,27.518184661865234,21549000
AVGO,2020-07-14,27.313111004927595,27.952205068809043,26.977209801036125,27.8514347076416,18363000
AVGO,2020-07-15,27.928334727759278,28.089214238443148,27.417413597624208,27.73651885986328,15253000
AVGO,2020-07-16,27.456309620127517,27.745360320063465,27.34051197326735,27.520837783813477,12929000
AVGO,2020-07-17,27.76922857156725,27.862926173889917,27.40238932455668,27.641939163208008,13354000
AVGO,2020-07-20,27.565916052472126,28.078605790523344,27.425367979244974,28.03264045715332,14323000
AVGO,2020-07-21,28.218274990070988,28.218274990070988,27.638404925414836,27.78602409362793,14312000
AVGO,2020-07-22,27.84524684899207,27.90447255488312,27.435096022118643,27.73828887939453,14404000
AVGO,2020-07-23,27.700276197733302,27.940709468282886,27.25918569494112,27.373214721679688,19417000
AVGO,2020-07-24,27.100960595951218,27.482825409627676,26.887928141527773,27.030244827270508,15631000
AVGO,2020-07-27,27.25211517538565,27.664034568556765,27.18051594458891,27.639284133911133,20646000
AVGO,2020-07-28,27.50669389017261,27.58890141834556,27.062951279322835,27.168142318725586,13974000
AVGO,2020-07-29,27.272447595097802,27.511112268354655,27.176096240185768,27.30073356628418,16562000
AVGO,2020-07-30,27.048809371810847,27.661384356501845,27.048809371810847,27.588016510009766,21259000
AVGO,2020-07-31,27.81784656632918,28.14490811065022,27.52614375587949,27.999055862426758,24719000
AVGO,2020-08-03,28.109544654268678,28.594831898941372,28.045901641588088,28.395061492919922,20796000
AVGO,2020-08-04,28.330529361622453,29.045644908194323,28.32080790402129,29.027965545654297,25258000
AVGO,2020-08-05,29.01559795427677,29.309952842536145,28.799031607237364,29.12962532043457,22299000
AVGO,2020-08-06,28.973162477262647,29.24807101941493,28.76455070608509,29.096031188964844,14193000
AVGO,2020-08-07,29.027971433324062,29.146419477173783,28.41716164145382,28.810518264770508,14192000
AVGO,2020-08-10,28.65935934881256,29.105750606625413,28.645213835627047,28.936918258666992,11989000
AVGO,2020-08-11,28.95548435104815,29.463755120918567,28.530306257042653,28.642566680908203,19316000
AVGO,2020-08-12,28.803449438726947,29.6900513417059,28.760136168539084,29.49204444885254,18471000
AVGO,2020-08-13,29.365637549631703,29.471710367092196,28.98023548739922,29.119016647338867,15095000
AVGO,2020-08-14,28.995258923110793,29.15702358252599,28.816701734483587,28.977582931518555,10140000
AVGO,2020-08-17,29.12696933392353,29.328510034711265,29.08188914806077,29.198570251464844,10594000
AVGO,2020-08-18,29.334697458510504,29.451378561179016,29.00586736372023,29.050064086914062,8857000
AVGO,2020-08-19,29.123434470434596,29.44342322531587,29.014711263727918,29.100454330444336,11273000
AVGO,2020-08-20,28.96608963374597,29.169397246165968,28.82200434559135,29.066858291625977,8910000
AVGO,2020-08-21,29.020012114696527,29.210944516588103,28.728307679699505,29.172048568725586,11508000
AVGO,2020-08-24,29.347957932952294,29.717447551998593,29.271052864857193,29.52386474609375,11996000
AVGO,2020-08-25,29.612251676973408,29.796996445813914,29.43546144032416,29.71302032470703,11140000
AVGO,2020-08-26,29.589274265991612,30.18770878394693,29.48055106366993,30.025060653686523,14844000
AVGO,2020-08-27,30.09754576221729,30.169146684394498,29.71302716192372,29.978214263916016,12552000
AVGO,2020-08-28,29.965840142485074,30.480295181274414,29.850925952215213,30.480295181274414,14589000
AVGO,2020-08-31,30.365378524458865,30.98944348665194,30.365378524458865,30.686250686645508,22229000
AVGO,2020-09-01,30.938178538746172,32.00510437177661,30.710120478060766,31.781463623046875,29205000
AVGO,2020-09-02,32.34011646100853,33.498089419860605,32.13769231169139,33.148929595947266,37053000
AVGO,2020-09-03,32.3533862473987,32.6088451735321,30.952325933119198,31.122928619384766,41795000
AVGO,2020-09-04,31.907877175218655,32.9297196943269,31.24756643604794,32.0828971862793,58514000
AVGO,2020-09-08,31.173309427645474,32.06521534167578,30.938180282584028,30.98591423034668,26685000
AVGO,2020-09-09,31.482688416696924,31.985654971823237,31.035410334739762,31.82477378845215,26273000
AVGO,2020-09-10,32.010411040411704,32.51426114655604,31.32623343245113,31.564016342163086,22851000
AVGO,2020-09-11,31.866320690768653,32.19956807343944,31.351862372485208,31.79560661315918,17362000
AVGO,2020-09-14,32.21195468791042,32.342777955879974,31.7646764865077,32.0166015625,16447000
AVGO,2020-09-15,32.379019874271634,32.80508148305469,32.295043725663106,32.43294143676758,16618000
AVGO,2020-09-16,32.54519953572199,32.88286765896388,32.3834348598586,32.444427490234375,18498000
AVGO,2020-09-17,31.38015426422638,32.71668456866257,31.38015426422638,32.34542465209961,22862000
AVGO,2020-09-18,32.45149730329412,32.515140311998486,31.384571527193035,31.79825782775879,35295000
AVGO,2020-09-21,31.22112724960687,31.39506829075684,30.638646960392663,31.379905700683594,24198000
AVGO,2020-09-22,31.78845463999226,32.27281379155907,31.483385684682794,32.25408172607422,19500000
AVGO,2020-09-23,32.12830502395858,32.22017890104108,31.224701623698884,31.362070083618164,15542000
AVGO,2020-09-24,31.238076499919107,31.895485032944112,31.139063697155333,31.44502067565918,13611000
AVGO,2020-09-25,31.403103216305787,31.90886890218795,31.06681420651638,31.826805114746094,18183000
AVGO,2020-09-28,32.26209684859331,32.86420067517393,32.02571562356603,32.763404846191406,22192000
AVGO,2020-09-29,32.78036078379671,33.0756161995384,32.46815633929151,32.49224090576172,13722000
AVGO,2020-09-30,32.37538326139841,33.09344896522611,32.264777337469994,32.497589111328125,22403000
AVGO,2020-10-01,32.91327011446936,33.067587610329184,32.54219491086843,32.87937545776367,16016000
AVGO,2020-10-02,32.11225428379732,32.55112227622523,31.768833061577617,31.829486846923828,17100000
AVGO,2020-10-05,32.187171825485116,32.72326944362861,32.103325013327165,32.656368255615234,18923000
AVGO,2020-10-06,32.65726466855074,33.18265735872537,32.2924334925862,32.46726608276367,16672000
AVGO,2020-10-07,32.857071491588854,32.99176539699213,32.65280184134471,32.71345901489258,12747000
AVGO,2020-10-08,32.99443292023188,33.38691802825201,32.85349842685573,33.30128479003906,17045000
AVGO,2020-10-09,33.53321776859687,33.896265950944226,33.361063112813454,33.60190200805664,17253000
AVGO,2020-10-12,34.05593414071926,34.35118618205096,33.87753206999146,34.11302185058594,18839000
AVGO,2020-10-13,34.28964409814546,34.59203170618281,33.77227838486444,34.0291748046875,16731000
AVGO,2020-10-14,34.21203464625453,34.229875193585144,33.70448247386577,33.92302322387695,17298000
AVGO,2020-10-15,33.45471625212888,33.939966811858625,33.452038298953646,33.8900146484375,14361000
AVGO,2020-10-16,34.18883764280481,34.18883764280481,33.73123769473793,33.775840759277344,10295000
AVGO,2020-10-19,34.00686849184362,34.2182736726096,33.46363530409307,33.51893997192383,14803000
AVGO,2020-10-20,33.62954487423709,33.9979420361988,33.500203494074285,33.62776184082031,13297000
AVGO,2020-10-21,33.518939313304685,33.61616908919498,33.031902319780684,33.18711471557617,11896000
AVGO,2020-10-22,33.10059331587449,33.3887098001648,32.74646374821268,33.30486297607422,13547000
AVGO,2020-10-23,33.29504871096097,33.35570588605549,33.0720469928529,33.24687957763672,8868000
AVGO,2020-10-26,32.9685662131125,33.00067782762259,31.899052431543623,32.3834114074707,15509000
AVGO,2020-10-27,32.57429905712852,32.57429905712852,32.042662514038454,32.07655715942383,9620000
AVGO,2020-10-28,31.577044115455017,31.65375539854658,30.821514198292224,30.971370697021484,22331000
AVGO,2020-10-29,30.97583382531312,32.062296918939296,30.80724184985248,31.667137145996094,15697000
AVGO,2020-10-30,31.165830582359785,31.486953633859834,30.72250505397548,31.187240600585938,18530000
AVGO,2020-11-02,31.66981337975969,31.701033484124416,31.073058523850854,31.331741333007812,11757000
AVGO,2020-11-03,31.750982702985453,32.04445165676487,30.922307634844593,31.555631637573242,15457000
AVGO,2020-11-04,32.15507333483732,32.91327803455268,31.85714327995819,32.5252571105957,21277000
AVGO,2020-11-05,33.21476615022295,34.13264057316322,33.183546047494914,33.9738655090332,21783000
AVGO,2020-11-06,33.90072110640834,34.22362714883782,33.64382133833233,33.95156478881836,13545000
AVGO,2020-11-09,34.707992771849,35.1352642131372,33.45115453548396,33.49843215942383,24088000
AVGO,2020-11-10,33.032795786788014,33.28969212848351,32.1443550907163,32.391441345214844,26784000
AVGO,2020-11-11,33.080962220633424,33.641144412653254,32.8749095522512,33.532318115234375,15133000
AVGO,2020-11-12,33.649174766563654,33.771380633263966,32.850828209806906,33.0220947265625,12160000
AVGO,2020-11-13,33.45025057506436,33.65808965639624,33.14518513369816,33.31644821166992,10997000
AVGO,2020-11-16,33.433307345153956,34.018465653845325,33.3610570508042,33.96851348876953,12100000
AVGO,2020-11-17,33.776737566692,34.113914737693364,33.631338631210234,33.94978713989258,11950000
AVGO,2020-11-18,33.88644662858007,34.336911038196305,33.86236546538801,33.95156478881836,13517000
AVGO,2020-11-19,33.69288526473897,34.32799580643142,33.392280725291805,34.282501220703125,14555000
AVGO,2020-11-20,34.280706980103766,34.68567671542477,34.13709453709987,34.19329071044922,16140000
AVGO,2020-11-23,34.37527290572579,34.71245348705819,34.163867680659735,34.52067184448242,12212000
AVGO,2020-11-24,34.66516432576162,35.03891399390328,34.44751515131066,34.987178802490234,13455000
AVGO,2020-11-25,35.04159442473055,35.27886719191899,34.699064831105275,34.862300872802734,11787000
AVGO,2020-11-27,35.06924730571183,35.60623647916706,35.05586774769606,35.22980880737305,6846000
AVGO,2020-11-30,35.14684762555809,35.87294032889482,35.03266883763736,35.821205139160156,15454000
AVGO,2020-12-01,35.98890832954357,36.27613327793338,35.69097837359975,36.087921142578125,18181000
AVGO,2020-12-02,36.103087522197,36.1628531841187,35.77928993297214,36.012996673583984,10031000
AVGO,2020-12-03,36.08168179417938,36.27257190750952,35.510797890836635,35.662437438964844,16120000
AVGO,2020-12-04,35.89435724256357,36.78636409508245,35.89346232296895,36.722137451171875,20083000
AVGO,2020-12-07,37.144053765915494,37.717615521096675,36.870208388727264,37.54367446899414,19707000
AVGO,2020-12-08,37.40005456517129,38.061920587260595,37.30015025995026,37.76845169067383,18121000
AVGO,2020-12-09,37.4170128679097,38.008415250094274,36.89965062584983,37.127113342285156,20908000
AVGO,2020-12-10,36.700728031095096,37.04058307868115,36.394767635220695,36.57584762573242,26244000
AVGO,2020-12-11,36.03708019528726,36.304681585290936,35.526850096907474,36.199424743652344,26664000
AVGO,2020-12-14,36.26276104345113,36.955850874668755,36.21548341948611,36.73284912109375,26116000
AVGO,2020-12-15,37.04325530118284,37.409869440383346,36.83898567875177,37.29123306274414,21207000
AVGO,2020-12-16,37.28588787589109,38.10207500903443,37.19311907628596,37.90137481689453,23160000
AVGO,2020-12-17,38.04409631545246,38.35718889177256,37.870155239111,38.00841522216797,17152000
AVGO,2020-12-18,38.215323406435985,39.191396649270736,37.96343442292508,39.09334182739258,45243000
AVGO,2020-12-21,38.516690112895866,38.86304088831645,38.11636508905748,38.58236312866211,19096000
AVGO,2020-12-22,38.582366641907946,39.002482490536565,38.503200056828476,38.96200180053711,17929000
AVGO,2020-12-23,39.13292048840963,39.22287985247269,38.240509458177456,38.274696350097656,10533000
AVGO,2020-12-24,38.54727656073362,38.8630403226474,38.4645135310957,38.81446075439453,4123000
AVGO,2020-12-28,39.073551139342214,39.337138914311225,38.78657955389996,38.85224914550781,10625000
AVGO,2020-12-29,39.20759018576505,39.20759018576505,38.394345685488176,38.59675598144531,9593000
AVGO,2020-12-30,38.83334479117063,39.402795641129806,38.692105112064894,39.11762237548828,10553000
AVGO,2020-12-31,39.25076239458136,39.44777453290145,38.957490253824744,39.38930130004883,10211000
AVGO,2021-01-04,39.522450569464546,39.78423665147095,37.89506249022235,38.25310516357422,24171000
AVGO,2021-01-05,38.23781504452171,38.628242969775656,37.99941962295591,38.5121955871582,15069000
AVGO,2021-01-06,38.08038151560683,39.095137143695574,37.832089003640306,38.274696350097656,17226000
AVGO,2021-01-07,38.868444311629666,39.99565107051652,38.73710169387661,39.887699127197266,21267000
AVGO,2021-01-08,40.21245500888929,40.48143745300861,39.46128358732951,40.09010696411133,15271000
AVGO,2021-01-11,39.637601491288024,40.372578496613556,39.62050804510004,40.10089874267578,11660000
AVGO,2021-01-12,40.281724430953204,40.91055123865585,40.08651045927597,40.427459716796875,13846000
AVGO,2021-01-13,40.50931879492572,40.79629376574213,40.31230662019598,40.591182708740234,13118000
AVGO,2021-01-14,40.79810442398075,41.24700566332173,40.601987887459124,40.66856002807617,19692000
AVGO,2021-01-15,40.31860358365688,40.482331410227346,39.64209983376192,40.10899353027344,18165000
AVGO,2021-01-19,40.32760495348554,41.336066956158334,40.32760495348554,41.3162727355957,18819000
AVGO,2021-01-20,41.33875235542417,41.902805117003425,40.93213017741217,41.55105972290039,14710000
AVGO,2021-01-21,41.5717638171632,42.23387503909436,41.41793306513775,41.995479583740234,15749000
AVGO,2021-01-22,41.71659538023843,42.06114448905694,41.59604557401562,41.83354187011719,16248000
AVGO,2021-01-25,42.24197244520547,42.28155402357038,41.029301875861975,41.81285858154297,14692000
AVGO,2021-01-26,41.620345114526785,42.014372996711785,41.55107563123653,41.730098724365234,10742000
AVGO,2021-01-27,40.980720769078154,41.1084634964927,39.71857155807603,40.00554656982422,21857000
AVGO,2021-01-28,40.97982679380289,41.24520939199228,40.21515826490986,40.63887405395508,16946000
AVGO,2021-01-29,40.473335174381305,41.21101290839649,40.269123240338175,40.52730941772461,22069000
AVGO,2021-02-01,41.00860802802875,42.220379468833805,40.80529859511006,41.98828125,17027000
AVGO,2021-02-02,42.25995969247068,42.90857381401847,42.101626535464405,42.90047836303711,16141000
AVGO,2021-02-03,42.90497382239461,43.0480117471612,41.794857315327974,41.84883499145508,17857000
AVGO,2021-02-04,41.381947548743106,42.38591059637005,41.15524743311881,42.33823013305664,15243000
AVGO,2021-02-05,42.671070265396935,42.90407096336595,41.86412312384915,41.92259979248047,12488000
AVGO,2021-02-08,42.16908787700196,42.58920359208907,41.88391118408376,42.52443313598633,17610000
AVGO,2021-02-09,42.4614657348452,42.7484406864774,42.157397338339756,42.698062896728516,12758000
AVGO,2021-02-10,42.9301597169068,42.95534861099251,41.875819186030355,42.286041259765625,14587000
AVGO,2021-02-11,42.613506926926846,43.12268647079279,42.208682868182414,43.03632354736328,17123000
AVGO,2021-02-12,43.03542291093946,43.812682330836,42.72145735336164,43.74971008300781,13551000
AVGO,2021-02-16,44.15993267958059,44.510779044333,43.812682768037035,44.002498626708984,15163000
AVGO,2021-02-17,43.56168933633494,43.73171439330714,42.73674951707325,43.404258728027344,14084000
AVGO,2021-02-18,43.201847762350646,43.66784582441936,42.74304947003266,43.474430084228516,16715000
AVGO,2021-02-19,43.833370167824924,44.5431617400057,43.79018870967169,44.07716369628906,17992000
AVGO,2021-02-22,43.54099484039533,43.77579034236179,42.76013567389259,42.853694915771484,16967000
AVGO,2021-02-23,42.38410233103727,42.69716875889497,41.0274948705737,42.45247268676758,21303000
AVGO,2021-02-24,42.0728484755145,43.3080072328254,41.62124302938896,43.26033020019531,15125000
AVGO,2021-02-25,42.70886187196187,43.125381242588276,40.9510302232707,41.1264533996582,23148000
AVGO,2021-02-26,42.05934251360877,42.7997210648314,41.448511763302285,42.26985168457031,22640000
AVGO,2021-03-01,43.1541652596346,44.080759723005514,42.62879490176973,44.04297637939453,24677000
AVGO,2021-03-02,44.114040719124546,44.15812128332333,43.1451639881258,43.227027893066406,18546000
AVGO,2021-03-03,43.00122794835066,43.30619545232366,41.55915688015863,41.6572151184082,23991000
AVGO,2021-03-04,41.53217835500349,42.01166999280367,39.71137438076603,39.90568923950195,34575000
AVGO,2021-03-05,40.86466830303123,41.02209892264318,38.9530024449701,40.494930267333984,42414000
AVGO,2021-03-08,40.19716033126153,40.29881847609188,37.7169425048636,37.895965576171875,45243000
AVGO,2021-03-09,39.19499589481664,40.20345435740833,38.73709673390809,39.906585693359375,37884000
AVGO,2021-03-10,40.24394334814363,40.8448805184629,39.141922066374725,39.36592483520508,19914000
AVGO,2021-03-11,40.39417704900727,41.15254483940443,39.770748326909185,40.814292907714844,26170000
AVGO,2021-03-12,40.06491995543837,40.79630062350402,39.98935325306084,40.58759307861328,18906000
AVGO,2021-03-15,40.948339731067534,42.39220950294827,40.769316639926664,42.350826263427734,31241000
AVGO,2021-03-16,42.39579890758684,43.541001541656186,42.04855243929528,43.01742935180664,31190000
AVGO,2021-03-17,42.308535661504955,43.835171614775476,42.28244765043456,43.50411605834961,23754000
AVGO,2021-03-18,42.69177900232346,43.482532098335035,41.71930204314573,41.755287170410156,28728000
AVGO,2021-03-19,41.43796514149119,43.217696376338786,41.17050465740592,43.016422271728516,108602000
AVGO,2021-03-22,42.87588617234143,43.634741558978355,42.76346238353114,43.09075927734375,31805000
AVGO,2021-03-23,42.954758988348566,43.09891500924618,41.94567030062005,42.07350540161133,24712000
AVGO,2021-03-24,42.56218643650356,42.611145738912086,41.42163459485507,41.45790100097656,20882000
AVGO,2021-03-25,41.24847179400603,42.06988908593911,40.736221689689444,41.85954666137695,17537000
AVGO,2021-03-26,41.40078960707858,43.79068943345047,41.40078960707858,43.703651428222656,28925000
AVGO,2021-03-29,43.55495173424977,43.623856513039534,42.45519715590574,42.849586486816406,28410000
AVGO,2021-03-30,42.05719441414222,42.068075029087964,40.94565278769647,41.357269287109375,27935000
AVGO,2021-03-31,41.614749294269274,42.34640656103484,41.01636743650778,42.0372428894043,28684000
AVGO,2021-04-01,42.79973176079349,43.20862637107679,42.53952389880533,43.15150833129883,23528000
AVGO,2021-04-05,43.545889608057436,44.39269255724068,43.23037948180432,44.28752136230469,22966000
AVGO,2021-04-06,43.80155778829145,44.26394230612492,43.313784022364096,43.86955642700195,18063000
AVGO,2021-04-07,43.519592631670164,43.87318140603595,43.33735793831256,43.74171829223633,12074000
AVGO,2021-04-08,44.242189481214105,44.242189481214105,43.529571553445955,44.01552963256836,18121000
AVGO,2021-04-09,43.51869653091302,44.0001205065166,43.20499865138029,43.98017501831055,16614000
AVGO,2021-04-12,43.693666319568074,44.01008253405712,43.391755281753206,43.85142135620117,23247000
AVGO,2021-04-13,43.972015628177125,44.263952273620006,43.544987816154475,43.968387603759766,15281000
AVGO,2021-04-14,43.74263742339744,44.3518965108482,43.082603286770556,43.273902893066406,18220000
AVGO,2021-04-15,43.66737838134577,43.728120975817546,43.226751607964616,43.5186882019043,18370000
AVGO,2021-04-16,43.562213676101656,43.68007777591416,43.22675803969466,43.408992767333984,16263000
AVGO,2021-04-19,43.20409183962981,43.22857149340686,41.70995102765124,41.88674545288086,26319000
AVGO,2021-04-20,41.70632069043903,41.889461554323205,41.21038811069956,41.45699691772461,19128000
AVGO,2021-04-21,41.272039778474685,41.736240109915364,41.03449930578095,41.68637466430664,25947000
AVGO,2021-04-22,41.26115247294338,41.80876268587185,40.708105412478204,41.262062072753906,27057000
AVGO,2021-04-23,41.56851219234467,42.417127483674015,41.47875577016655,42.26118469238281,22890000
AVGO,2021-04-26,42.3418767374924,42.95929800270854,42.0290850098084,42.77978515625,18271000
AVGO,2021-04-27,42.94750845832844,42.998280044620714,42.16417343635921,42.2811279296875,13267000
AVGO,2021-04-28,42.19228595314206,42.2466855742509,41.34729856487406,41.63288879394531,15940000
AVGO,2021-04-29,42.58394953455043,42.58394953455043,41.617470174423495,42.275691986083984,14650000
AVGO,2021-04-30,41.679121448818755,41.771599748868326,41.14692247603265,41.36088943481445,19367000
AVGO,2021-05-03,41.682745359204205,41.69090754869097,40.642830540267695,40.811466217041016,15098000
AVGO,2021-05-04,40.54672986981854,40.590248868067874,39.6482491450149,40.303749084472656,23497000
AVGO,2021-05-05,40.83594178132086,40.929326211945686,40.10700299623106,40.23937225341797,16388000
AVGO,2021-05-06,40.23666960117309,40.716281378829116,39.87764037416086,40.6700439453125,13495000
AVGO,2021-05-07,41.214926697584694,41.55854455117909,40.72624665529634,41.032691955566406,11712000
AVGO,2021-05-10,40.65190135693736,40.66550039550704,39.5086275558828,39.53854751586914,25239000
AVGO,2021-05-11,38.53217393362147,40.051700355943325,38.35537952990454,39.89847946166992,17887000
AVGO,2021-05-12,38.9211292190572,39.063469522688536,38.00089064803448,38.294639587402344,29940000
AVGO,2021-05-13,38.97551621387195,39.42248942544201,38.59019519532283,39.03989028930664,21841000
AVGO,2021-05-14,39.56484152424255,40.35633881259027,39.171361692319216,40.03901290893555,16964000
AVGO,2021-05-17,40.08615764939868,40.08615764939868,39.24298267641643,39.886695861816406,15725000
AVGO,2021-05-18,40.24753418149436,40.294681200472475,39.28287061925885,39.32457733154297,17824000
AVGO,2021-05-19,38.62282994024076,40.11878605802965,38.59563186998961,40.04806900024414,21369000
AVGO,2021-05-20,40.41344600932508,41.64194180081268,40.37536732613008,41.2520866394043,21886000
AVGO,2021-05-21,41.52318245054755,41.52318245054755,40.738937757813225,40.91120147705078,13216000
AVGO,2021-05-24,41.42617229901631,41.92663560373562,41.37540070953109,41.63197708129883,14420000
AVGO,2021-05-25,41.877674697398405,41.973781024014244,41.38809202585825,41.6637077331543,9600000
AVGO,2021-05-26,41.77522175958986,41.89580426955819,41.30014430894364,41.74983596801758,9873000
AVGO,2021-05-27,41.70541007871891,42.47061529449781,41.67367783982729,42.401710510253906,19098000
AVGO,2021-05-28,42.612054678752315,43.03092374228783,42.40171573483277,42.82330322265625,19946000
AVGO,2021-06-01,43.10525949583812,43.337359636578995,42.358190950622514,42.45882797241211,16277000
AVGO,2021-06-02,42.77796974328382,43.31016875515785,42.564002768786985,42.950233459472656,13286000
AVGO,2021-06-03,42.503255435378804,42.590293425245505,42.000976440212256,42.14059829711914,20389000
AVGO,2021-06-04,42.657380257610626,43.373626166302714,42.568529989643906,43.06536865234375,23865000
AVGO,2021-06-07,42.88404088057806,43.01822588485646,41.92935182377108,42.048118591308594,24142000
AVGO,2021-06-08,42.43526001935426,42.82873982785751,42.02364700670244,42.02545928955078,16615000
AVGO,2021-06-09,42.35729027225019,42.35729027225019,41.861357688339446,42.06172561645508,12126000
AVGO,2021-06-10,42.20406063369593,42.57034231877043,41.72444903099144,42.4914665222168,15413000
AVGO,2021-06-11,42.47061560813655,42.805165060223,42.35365766475534,42.675514221191406,14508000
AVGO,2021-06-14,42.65647163153129,43.14696381794769,42.25482970790601,43.14061737060547,14675000
AVGO,2021-06-15,43.20679944419552,43.20770904398799,42.480582578704436,42.67913818359375,11131000
AVGO,2021-06-16,42.63653489896267,42.71359842414125,41.83959733549104,42.22673416137695,20437000
AVGO,2021-06-17,42.14785056774917,43.08712832930103,42.0626283197922,42.7181282043457,20881000
AVGO,2021-06-18,42.36454880986346,42.59030256372116,41.751658183869594,42.022743225097656,28537000
AVGO,2021-06-21,42.13879382972216,42.52347478627387,41.88934481053419,42.45311737060547,18591000
AVGO,2021-06-22,42.63311117633158,42.81585914214369,42.15248496736519,42.43848419189453,13722000
AVGO,2021-06-23,42.38458912200824,42.75190815508756,42.30966204848386,42.64043426513672,17674000
AVGO,2021-06-24,42.93556013750506,43.279128022709486,42.81769014444376,42.95109558105469,12502000
AVGO,2021-06-25,43.06896489261442,43.16947645714403,42.031875583098994,42.2328987121582,19100000
AVGO,2021-06-28,42.58010563673345,43.5203430611408,42.53533275801186,43.201446533203125,13987000
AVGO,2021-06-29,43.16217134816877,43.61355671290223,43.01323394131855,43.59893798828125,14184000
AVGO,2021-06-30,43.688472059118766,43.73050523816595,43.176778492711435,43.57059860229492,15381000
AVGO,2021-07-01,43.66197946322152,43.66197946322152,42.84784140978649,42.912715911865234,11153000
AVGO,2021-07-02,43.56421860634992,43.7296081951274,41.63989022799993,42.77840805053711,37054000
AVGO,2021-07-06,42.98216111364496,43.56238219425351,42.79027730610145,43.24531555175781,13870000
AVGO,2021-07-07,43.40247340318144,43.43536726798421,42.613919939757416,42.90357208251953,12581000
AVGO,2021-07-08,42.43574884575506,43.04429764758454,42.17441738042889,42.99129867553711,16011000
AVGO,2021-07-09,42.90632216762257,43.939758542911015,42.765607371021076,43.875797271728516,16782000
AVGO,2021-07-12,43.97995681934922,45.14040237175539,43.243485563603,44.384742736816406,33142000
AVGO,2021-07-13,44.34636312889076,44.54738273748648,44.04208878454516,44.22574996948242,11806000
AVGO,2021-07-14,44.69998627264857,44.95583485352177,43.92788132860418,44.004634857177734,14020000
AVGO,2021-07-15,44.15904855799432,44.26595623844492,43.230693506126016,43.61629104614258,12624000
AVGO,2021-07-16,43.77345585197595,43.88493320236402,42.695250070030205,42.76926040649414,13980000
AVGO,2021-07-19,42.34985880913518,42.5773796990151,41.81166737058187,42.54996871948242,14938000
AVGO,2021-07-20,42.752815004620075,43.15120135390363,42.33066713029526,42.816776275634766,20727000
AVGO,2021-07-21,42.911808093581236,43.79356394935827,42.808553332263905,43.769805908203125,13660000
AVGO,2021-07-22,43.548680980213724,43.76706255133372,43.35771038839666,43.524009704589844,12583000
AVGO,2021-07-23,43.86208502495183,44.18646450041223,43.56968966832431,44.14717102050781,13489000
AVGO,2021-07-26,44.056720331151936,44.190125781370966,43.83011266701169,44.064029693603516,11160000
AVGO,2021-07-27,43.92878987477614,44.02473177525355,42.74458622986081,43.43537139892578,14715000
AVGO,2021-07-28,43.55780529962097,43.77527706433414,43.34033702053498,43.64461135864258,8359000
AVGO,2021-07-29,43.719543433463706,44.39205344565601,43.62542800343331,44.23488998413086,9162000
AVGO,2021-07-30,44.038433414121116,44.43864965783117,43.82005189102021,44.352760314941406,11548000
AVGO,2021-08-02,44.686278930909396,45.19340292769648,44.180071654248465,44.2869758605957,15619000
AVGO,2021-08-03,44.360987768514015,44.56840701639901,43.85569026252486,44.479774475097656,11135000
AVGO,2021-08-04,44.638764088269035,44.77125628203182,44.225755550036446,44.572059631347656,12123000
AVGO,2021-08-05,44.812368962007284,44.812368962007284,44.30615826797285,44.560176849365234,8372000
AVGO,2021-08-06,44.32260921494671,44.60129908125983,44.22758055064856,44.35550308227539,9964000
AVGO,2021-08-09,44.45236193111295,44.48342933219456,43.95072082694354,44.2869758605957,5952000
AVGO,2021-08-10,44.398444030764196,44.44869980280275,43.661059610265056,44.06584548950195,9319000
AVGO,2021-08-11,44.2988537348176,44.40484818955351,43.84015906332471,44.18372344970703,9816000
AVGO,2021-08-12,44.067674375945614,44.31621006121902,43.56055045618869,44.248592376708984,8702000
AVGO,2021-08-13,44.09783089666476,44.67896517253268,44.05214129122294,44.42220687866211,8582000
AVGO,2021-08-16,44.30068210109539,44.67348391981286,44.26138862069819,44.603126525878906,9188000
AVGO,2021-08-17,44.3701276374922,44.427696269920226,43.35862278461115,43.73965072631836,16499000
AVGO,2021-08-18,43.55324478773337,43.59253478229022,42.79484192970645,42.85149383544922,15616000
AVGO,2021-08-19,42.61209314054641,43.47831690116948,42.27492490150528,43.268157958984375,14044000
AVGO,2021-08-20,43.2032855868117,43.51486933494412,42.98581378730471,43.41801071166992,10007000
AVGO,2021-08-23,43.5240000154464,44.42494404992086,43.466434880348295,44.08320617675781,15707000
AVGO,2021-08-24,44.078649487675264,44.137127869710284,43.87396992211061,43.99001693725586,9429000
AVGO,2021-08-25,44.002795593587145,44.432249237788476,44.002795593587145,44.170921325683594,10017000
AVGO,2021-08-26,44.13346915923545,44.60038992802685,43.91417436655919,44.38383483886719,10836000
AVGO,2021-08-27,44.59124218691291,45.36152397614766,44.46606285637556,45.31583786010742,16459000
AVGO,2021-08-30,45.68682061051367,46.40410355467362,45.526917435502426,45.58539581298828,19614000
AVGO,2021-08-31,45.80469005342457,45.80469005342457,45.01978948479961,45.431884765625,17378000
AVGO,2021-09-01,45.34599407847825,45.61737459052014,45.03715352606857,45.061824798583984,12586000
AVGO,2021-09-02,45.30213683340748,45.319498745660994,44.78770347790474,44.946693420410156,16991000
AVGO,2021-09-03,45.31309751404796,46.235056429821796,45.23360429456411,45.474830627441406,25191000
AVGO,2021-09-07,45.467518169524354,45.467518169524354,44.86445233217871,45.3752326965332,12398000
AVGO,2021-09-08,45.65209763055559,45.67676541702046,44.600386188634715,45.17329788208008,13987000
AVGO,2021-09-09,45.03349778977453,45.56803274075724,45.03349778977453,45.091976165771484,13174000
AVGO,2021-09-10,45.41727222171563,46.234150048013824,45.36792967230756,45.51778030395508,16110000
AVGO,2021-09-13,45.869569717221005,45.91251613831585,45.070963571394906,45.591793060302734,14927000
AVGO,2021-09-14,45.86956792315497,46.182064907151606,45.53696583833971,45.857688903808594,14134000
AVGO,2021-09-15,45.880544172199585,46.66452825721714,45.63383486994652,46.57680892944336,23346000
AVGO,2021-09-16,46.16196024406616,46.52288651608626,45.70600530917717,46.35841369628906,17569000
AVGO,2021-09-17,46.04956636137359,46.3830816346698,45.77818587964723,46.23505401611328,34470000
AVGO,2021-09-20,45.59544943694258,45.96094191905436,44.6305439860131,45.213504791259766,30105000
AVGO,2021-09-21,45.422452944537035,45.44638510441451,44.82509345332308,45.192344665527344,16935000
AVGO,2021-09-22,45.4923971801774,46.29777599954231,45.305550108676876,46.075950622558594,20610000
AVGO,2021-09-23,46.252680206349844,46.69264778952694,46.07595582666452,46.41743850708008,18370000
AVGO,2021-09-24,46.23058459086886,46.52788262130867,46.09804132566818,46.4744987487793,10605000
AVGO,2021-09-27,46.00140382358581,46.55734547320593,45.78049834541706,46.46806335449219,9831000
AVGO,2021-09-28,45.74551737648244,46.15510974991537,45.15091778727847,45.195098876953125,20124000
AVGO,2021-09-29,45.4353255028564,45.49423244643256,44.8849070556438,45.053348541259766,15783000
AVGO,2021-09-30,45.517250693345325,45.517250693345325,44.59313801857288,44.63455581665039,15735000
AVGO,2021-10-01,44.903320749362614,44.977876997110485,43.95067279877842,44.8572998046875,16052000
AVGO,2021-10-04,44.634550072956856,44.78457896972855,43.516224023522796,43.80800247192383,20093000
AVGO,2021-10-05,43.80708084572436,45.08187874432881,43.75093368582752,44.679649353027344,16557000
AVGO,2021-10-06,44.468871203178736,45.0413819420702,44.15316411787309,44.988914489746094,12042000
AVGO,2021-10-07,45.34329085539516,46.01244673490038,45.34329085539516,45.4620246887207,13261000
AVGO,2021-10-08,45.728948118211754,45.83755923208929,45.21902748826291,45.3635368347168,10279000
AVGO,2021-10-11,45.21534879844787,45.98390946998587,45.179450565062126,45.31659698486328,11186000
AVGO,2021-10-12,45.63873623091363,45.71789209754861,44.36669822381107,44.6667594909668,20991000
AVGO,2021-10-13,44.28846918295988,44.67596923238833,44.13936020886484,44.64191436767578,16424000
AVGO,2021-10-14,45.27241311018271,45.94340877458423,45.17668800488045,45.80073928833008,19233000
AVGO,2021-10-15,46.426637161125136,46.56102028879337,46.121056255941475,46.3207893371582,25103000
AVGO,2021-10-18,46.057543850609406,46.387976822375585,45.89830864778536,46.330909729003906,16042000
AVGO,2021-10-19,46.41927288448929,47.02215884239353,46.18456150376058,46.97797775268555,16383000
AVGO,2021-10-20,47.0341181533678,47.25778336839562,46.798490372797836,46.885929107666016,13458000
AVGO,2021-10-21,46.88869794261357,47.38296929951709,46.81322176436664,47.32406234741211,11787000
AVGO,2021-10-22,47.37837033754823,47.98953923646587,47.22005503695019,47.440040588378906,15367000
AVGO,2021-10-25,47.6314962524266,48.27672009624396,47.41887711874703,48.05305480957031,12416000
AVGO,2021-10-26,48.343900198197,49.24224438563765,48.23068944188127,49.139156341552734,24043000
AVGO,2021-10-27,48.950461120698606,49.34164439587528,48.03371145296153,48.148765563964844,23500000
AVGO,2021-10-28,48.24357562154087,48.778344852161766,48.178222155209845,48.743370056152344,11872000
AVGO,2021-10-29,48.184669531522296,48.980845677386725,48.184669531522296,48.93666458129883,15564000
AVGO,2021-11-01,48.81424911159641,49.020425225957695,48.316294470269476,48.60346984863281,16896000
AVGO,2021-11-02,48.54823478031671,49.77885528706856,48.477361752419,49.433692932128906,16262000
AVGO,2021-11-03,49.615928244424495,50.052215997640815,49.12993984539524,49.921512603759766,14038000
AVGO,2021-11-04,50.053140810954545,50.5382093301578,49.788054288603426,50.496788024902344,15956000
AVGO,2021-11-05,50.62381106368713,51.51386883470869,50.606321911097275,51.4448356628418,18674000
AVGO,2021-11-08,51.725566526748985,51.90229087995182,51.36936154963553,51.44759750366211,17231000
AVGO,2021-11-09,51.46969122816374,51.71912848437996,51.09691699049868,51.34175109863281,15838000
AVGO,2021-11-10,51.019590228561185,51.62707573425285,50.44431973032391,50.510589599609375,18450000
AVGO,2021-11-11,50.87140475873532,51.27915724678024,50.514276358976225,51.12084197998047,14157000
AVGO,2021-11-12,51.397890855818886,52.081772497367716,51.04628553217004,51.84061813354492,13592000
AVGO,2021-11-15,52.25205699693829,52.25205699693829,51.52859737293455,52.07533264160156,13972000
AVGO,2021-11-16,51.92070586163405,52.42142023773228,51.796445439420985,52.35146713256836,13194000
AVGO,2021-11-17,52.29347890520696,52.589860545743505,51.921624596850656,52.43154525756836,12532000
AVGO,2021-11-18,52.56592292502188,53.0841263894386,52.43153980731083,52.90740203857422,12712000
AVGO,2021-11-19,53.04271478096896,53.128317190207056,52.09006670582246,52.34687042236328,19612000
AVGO,2021-11-22,52.61930932537698,52.652444264963165,50.85207977649914,50.92571258544922,25898000
AVGO,2021-11-23,50.84655259168451,51.16317961357247,50.48850426528196,51.095069885253906,17109000
AVGO,2021-11-24,50.92110791419054,51.459560284954364,50.383571959488705,51.427345275878906,12084000
AVGO,2021-11-26,50.78671863278854,51.295719260700636,50.00895530835774,50.3099365234375,14219000
AVGO,2021-11-29,51.194474919467275,52.239168186505125,50.962526848925684,51.94370651245117,18703000
AVGO,2021-11-30,51.845223032281794,52.00353830378972,50.80789617754531,50.962528228759766,22574000
AVGO,2021-12-01,51.86455476661886,52.32477123534774,50.93031589688691,51.06193923950195,21980000
AVGO,2021-12-02,50.26207522072737,51.46232044394851,50.07154845775434,50.84931182861328,22619000
AVGO,2021-12-03,51.9989311990602,52.37262880556265,50.660623200435246,51.37119674682617,20305000
AVGO,2021-12-06,51.97224553955669,52.314648106387295,51.171469873482515,52.002620697021484,22482000
AVGO,2021-12-07,52.648757313827126,54.588107807503455,52.648757313827126,54.34235382080078,29562000
AVGO,2021-12-08,54.392062102014535,54.392062102014535,53.608772122025464,54.172996520996094,17998000
AVGO,2021-12-09,53.61061565849028,54.327632301470196,53.61061565849028,53.69989776611328,29080000
AVGO,2021-12-10,57.4331767279383,59.34491574295988,56.93706550823141,58.141910552978516,57087000
AVGO,2021-12-13,58.35545033553664,58.39410835083479,57.18005706712795,57.219635009765625,26898000
AVGO,2021-12-14,56.86802523963541,56.93981818945173,55.74509600608249,56.59833908081055,35956000
AVGO,2021-12-15,56.659081466964636,58.98685541366098,56.17769620526635,58.894813537597656,29092000
AVGO,2021-12-16,58.66470240248674,58.9684468984162,56.28446463524484,57.12942123413086,42748000
AVGO,2021-12-17,56.83948370828038,58.906777745930974,56.61581851558846,58.44379806518555,50661000
AVGO,2021-12-20,57.64670973903065,59.4682464132386,57.5353353429809,59.37067794799805,32770000
AVGO,2021-12-21,60.034857008942964,60.16176393707263,58.6639059948448,59.86256408691406,36534000
AVGO,2021-12-22,59.59207757465403,60.87410820422643,59.215989390446346,60.692543029785156,28383000
AVGO,2021-12-23,60.77869332175223,62.13112101151612,60.77869332175223,61.581817626953125,23596000
AVGO,2021-12-27,61.581806856925674,62.64707007058281,61.55030805014761,62.459957122802734,19442000
AVGO,2021-12-28,62.76287912764019,62.78233531818537,61.78839465771531,61.97087860107422,17247000
AVGO,2021-12-29,62.044965220677945,62.71191020564305,61.98197467643243,62.305259704589844,14797000
AVGO,2021-12-30,62.35065014011977,62.59149552445778,61.492881837415105,61.60774612426758,11473000
AVGO,2021-12-31,61.7828138764207,62.18483532998072,61.44007972133856,61.638309478759766,12046000
AVGO,2022-01-03,61.722605002810376,62.220960342868494,61.25017946226831,61.444705963134766,22591000
AVGO,2022-01-04,61.40395704869647,62.26636151532867,60.88058351818778,62.148719787597656,21103000
AVGO,2022-01-05,62.17559351376714,62.17559351376714,59.47073083841786,59.562442779541016,34961000
AVGO,2022-01-06,59.299352836545275,60.08579831206262,58.768572813241406,59.00941467285156,28581000
AVGO,2022-01-07,58.900107269928945,59.276195409075726,57.28923686735297,57.353153228759766,27832000
AVGO,2022-01-10,56.39997808756096,57.62086628491467,55.90995139976187,57.53935241699219,29793000
AVGO,2022-01-11,57.01875226939559,58.17294650725963,56.92889903721492,57.621788024902344,19037000
AVGO,2022-01-12,58.12756624691678,58.44992554631008,57.4078144628177,57.617164611816406,18806000
AVGO,2022-01-13,58.12386180266696,58.16183776696779,55.03735973864357,55.31896209716797,30048000
AVGO,2022-01-14,55.18833769505896,55.61444439871473,54.83818997256008,55.24299240112305,25661000
AVGO,2022-01-18,54.49730583298326,54.749264496234375,53.355150706681705,53.521888732910156,35825000
AVGO,2022-01-19,53.87297083866903,54.16476064497027,52.1824345189355,52.24171829223633,22692000
AVGO,2022-01-20,52.61502500236352,52.81325831983637,50.648444766712245,50.736446380615234,25225000
AVGO,2022-01-21,50.636402857669474,51.447859390291576,49.21912959470513,49.39420700073242,38010000
AVGO,2022-01-24,49.17745296742456,50.34647095327399,47.557317136709585,50.16769027709961,54256000
AVGO,2022-01-25,48.909733562843215,50.52153317879807,48.5595858553974,49.47849655151367,38158000
AVGO,2022-01-26,51.13291571885963,53.186568331320935,50.95413504550614,51.60719299316406,49715000
AVGO,2022-01-27,52.774356324956834,52.82437844688895,50.11674204789773,50.23530960083008,34183000
AVGO,2022-01-28,50.33257112611479,51.92028580081596,49.31639698451444,51.88323211669922,30254000
AVGO,2022-01-31,51.81838966116895,54.31667935146963,51.503440415116515,54.27128982543945,40288000
AVGO,2022-02-01,54.27035309892371,55.014186395719186,53.33939979605458,54.90488052368164,25719000
AVGO,2022-02-02,55.4866229285034,56.02388720918961,54.98918623414221,55.89698028564453,24443000
AVGO,2022-02-03,55.178157078083196,55.488473724672104,53.737727827637706,53.80534744262695,30602000
AVGO,2022-02-04,53.39128268173379,55.25781866675836,53.36904905858856,54.66775131225586,20548000
AVGO,2022-02-07,54.66775304642474,55.72561346258944,54.111961921034734,54.43339538574219,18671000
AVGO,2022-02-08,54.50287007426968,55.75062443509105,54.37411152617785,55.599632263183594,14570000
AVGO,2022-02-09,56.2600954969581,56.66489794920797,55.72375353786884,56.629695892333984,22004000
AVGO,2022-02-10,55.14387940695369,56.93538572276047,54.52046516013162,54.77891159057617,24920000
AVGO,2022-02-11,54.77891023824054,55.55701987913488,52.715066829119685,53.117088317871094,27281000
AVGO,2022-02-14,53.26344925024698,53.986904199587805,52.80677303971058,53.59507369995117,19291000
AVGO,2022-02-15,54.56308050672769,56.13875257419824,54.49082829547384,55.835845947265625,34284000
AVGO,2022-02-16,55.02901128517927,55.65428064617733,54.395409616648884,55.320804595947266,22931000
AVGO,2022-02-17,54.6251428457742,54.799290914947996,53.62378879779959,53.63397979736328,21424000
AVGO,2022-02-18,53.81367909192292,54.44357394866059,53.10411494062735,53.725677490234375,19708000
AVGO,2022-02-22,53.72568274262316,54.67238204453855,52.78268668868341,53.4913215637207,20204000
AVGO,2022-02-23,53.747913212302834,54.19625357488485,52.313042423273885,52.35472869873047,22416000
AVGO,2022-02-24,51.09400534716631,54.253685056127544,50.85686673351025,53.72660827636719,35316000
AVGO,2022-02-25,53.71087342906288,54.595508168033824,53.17082810334725,54.46860122680664,22380000
AVGO,2022-02-28,53.81924655401418,54.865990231955614,53.391288134730445,54.41579818725586,25005000
AVGO,2022-03-01,54.17032090330372,54.43247059873612,52.36492022339177,52.81140899658203,24898000
AVGO,2022-03-02,53.21897963644932,54.702020774622426,53.131907379619385,54.26201629638672,21771000
AVGO,2022-03-03,54.993815103667686,54.99566672764257,53.201383024207225,53.596923828125,26454000
AVGO,2022-03-04,54.9113756010443,56.1267088672328,54.09806738341912,55.20779800415039,44757000
AVGO,2022-03-07,55.30876227648234,55.46623511571325,52.800285390424605,52.86512756347656,26494000
AVGO,2022-03-08,53.001308155592625,55.213363171545986,52.208378306862826,53.35145950317383,26993000
AVGO,2022-03-09,54.54084714269639,55.73116930052563,54.37503491804787,55.30320739746094,22560000
AVGO,2022-03-10,54.24165051118487,54.654788872408076,53.39036272677315,54.44266128540039,19323000
AVGO,2022-03-11,54.83820323800639,55.06329926653055,53.45983856796326,53.52745819091797,19813000
AVGO,2022-03-14,53.445006817436884,53.72475752255838,52.31396844089741,52.59649658203125,25234000
AVGO,2022-03-15,53.47372894383697,55.27912610197626,53.26715977408662,54.908599853515625,28260000
AVGO,2022-03-16,55.2689374305541,56.29344741463154,54.10269692800378,56.23879623413086,29454000
AVGO,2022-03-17,56.01646604506328,56.22766776043102,55.35970500140777,55.826568603515625,18174000
AVGO,2022-03-18,55.947004601727045,56.802924942951925,55.207800188810026,56.543556213378906,41538000
AVGO,2022-03-21,56.477337503102575,56.477337503102575,54.916190726824105,56.07539367675781,25789000
AVGO,2022-03-22,56.11549339310146,57.21407603879397,55.89260354837559,57.012638092041016,19262000
AVGO,2022-03-23,56.701157883938706,57.0154406559651,55.876753933704535,55.89727020263672,13839000
AVGO,2022-03-24,56.57338572260868,58.493579472153584,56.1416013838443,58.41990661621094,26016000
AVGO,2022-03-25,58.480538873920864,58.791089841839764,57.82679660620852,58.6474723815918,14538000
AVGO,2022-03-28,58.368616845813236,59.06059528701416,57.42670423437736,59.02142333984375,14427000
AVGO,2022-03-29,59.68543208772346,60.18063300638285,58.75284721135279,59.82252502441406,23001000
AVGO,2022-03-30,59.58005073406576,60.085511564343676,58.50384841701859,58.85449981689453,18626000
AVGO,2022-03-31,58.79761570508288,59.59217918519444,58.57099753583688,58.72300720214844,21731000
AVGO,2022-04-01,58.9104511980128,59.17903751320488,57.69809160444259,58.47120666503906,16267000
AVGO,2022-04-04,58.41898692974763,59.379551881660724,58.24179706363229,59.20515823364258,16484000
AVGO,2022-04-05,58.710881488494266,58.96361189982739,57.16745112818872,57.27190017700195,19778000
AVGO,2022-04-06,56.1490655148138,57.03595385418611,55.374086354746794,56.141605377197266,23742000
AVGO,2022-04-07,55.9392338545292,56.66758090922998,55.32466012109594,56.239524841308594,16583000
AVGO,2022-04-08,55.71074277860463,55.82358757428911,54.646664737684134,54.74272155761719,20464000
AVGO,2022-04-11,54.33052652674681,54.95536021323735,54.036763585783596,54.14680862426758,23512000
AVGO,2022-04-12,54.939500128051336,55.82359221638442,54.29228607709118,54.56273651123047,17350000
AVGO,2022-04-13,54.88261694484477,55.64827186657485,54.65413465293034,55.25938415527344,20266000
AVGO,2022-04-14,55.487858859611066,55.68090458001676,53.42404770395817,53.51637268066406,27385000
AVGO,2022-04-18,53.42311854791982,55.13627845407752,53.42311854791982,54.69609832763672,21375000
AVGO,2022-04-19,54.03023513542534,55.83385242063175,54.03023513542534,55.73313522338867,16581000
AVGO,2022-04-20,56.34677989905057,57.20755610458171,55.50092752847577,55.74246597290039,13920000
AVGO,2022-04-21,56.471738788261256,57.43509973501772,55.084053622356066,55.277095794677734,20352000
AVGO,2022-04-22,55.03277004008034,55.83758985614067,54.67372285466856,54.73807144165039,21064000
AVGO,2022-04-25,54.22887689891421,54.90686722079939,53.26178753926685,54.824798583984375,26959000
AVGO,2022-04-26,54.44431019888911,54.599119641605164,52.19771269171012,52.231285095214844,35809000
AVGO,2022-04-27,51.83213490993648,53.16479953124901,51.75846204033882,52.181854248046875,19313000
AVGO,2022-04-28,52.77871016543312,54.55807943500864,52.035439193317345,53.99106979370117,22334000
AVGO,2022-04-29,53.401672451190684,53.92951366157864,51.609243617891636,51.701568603515625,26108000
AVGO,2022-05-02,51.95803736437099,53.869835756412925,51.887160710578804,53.74953079223633,26725000
AVGO,2022-05-03,53.717819150372044,54.71941290047239,53.322399833454305,54.199031829833984,17064000
AVGO,2022-05-04,54.25685394482051,56.334653556108776,53.528503281414196,56.296417236328125,23896000
AVGO,2022-05-05,55.416993794092996,55.75645322369246,53.55741995482363,54.088993072509766,32806000
AVGO,2022-05-06,53.61803804600047,55.02064730387726,53.10418496795149,54.09925079345703,20745000
AVGO,2022-05-09,53.42592338737575,53.903407835579166,52.24993587712028,52.4970703125,30074000
AVGO,2022-05-10,54.13561449798241,55.12975165274246,53.32519879596555,54.219547271728516,29271000
AVGO,2022-05-11,53.5844559287205,54.52730061188426,52.77124047177104,52.887813568115234,26660000
AVGO,2022-05-12,52.5418260752608,53.4939950398899,52.06247756048191,53.303749084472656,25518000
AVGO,2022-05-13,53.814809784715024,55.170786801544025,53.48373903659774,54.85837173461914,19449000
AVGO,2022-05-16,54.4983939423911,54.942305959204894,53.87076401682277,54.33892059326172,14189000
AVGO,2022-05-17,55.530761951013076,56.79441752529346,55.359168106962464,56.715145111083984,24676000
AVGO,2022-05-18,55.95508903768432,56.02223383535896,52.801087214053744,53.21049118041992,35024000
AVGO,2022-05-19,52.03823525163214,52.29469751496385,50.26259427786809,50.938716888427734,34884000
AVGO,2022-05-20,51.655867608527664,51.75752042555291,47.7893714045984,50.65707015991211,40281000
AVGO,2022-05-23,48.86744578464328,49.94644425384916,47.95910552699782,49.0875358581543,58586000
AVGO,2022-05-24,49.11551871305308,49.321620610588774,48.13910145708707,48.88610076904297,25060000
AVGO,2022-05-25,48.85811922332947,50.12177125527089,48.85811922332947,49.57900619506836,17842000
AVGO,2022-05-26,49.57061322560509,51.718357389509755,49.214365850457675,51.35371780395508,39743000
AVGO,2022-05-27,52.41965497649352,54.59910717919662,52.225677181043096,54.39580154418945,37301000
AVGO,2022-05-31,54.50957912739337,54.745521531331825,53.71687995859905,54.1020393371582,30009000
AVGO,2022-06-01,54.79681859743542,55.110169290020714,53.01091780405238,53.494930267333984,18345000
AVGO,2022-06-02,53.88008516823004,53.881949313155395,52.98293696267417,53.785892486572266,29488000
AVGO,2022-06-03,53.05195144613049,53.120028313742395,52.31614068725164,52.534366607666016,20562000
AVGO,2022-06-06,53.29908761167992,53.410996793091265,51.99533515352795,52.33945846557617,14557000
AVGO,2022-06-07,52.2751129510104,53.58072963077522,51.99440257220074,53.436180114746094,15895000
AVGO,2022-06-08,53.32707445530467,53.742074493564324,52.42433357450693,52.72462463378906,24004000
AVGO,2022-06-09,52.3329346098678,53.49679801672707,51.845190266033164,51.87223815917969,18787000
AVGO,2022-06-10,51.300555655911104,51.38915234936307,50.333466395629124,50.4780158996582,24018000
AVGO,2022-06-13,49.12670905407755,49.70677484571987,48.12324749463876,48.2724609375,31619000
AVGO,2022-06-14,48.957905366466235,48.957905366466235,47.98988047391621,48.51026153564453,24380000
AVGO,2022-06-15,49.347728443393585,49.78417676086959,48.076612696475664,49.12017822265625,19141000
AVGO,2022-06-16,47.74368971004595,47.97497181906943,45.9092958619788,46.36626052856445,37244000
AVGO,2022-06-17,46.16295423793995,46.66281910803207,45.498020013057214,46.50334930419922,43504000
AVGO,2022-06-21,47.399467281141476,48.041702083131064,47.28757012374964,47.37031555175781,21901000
AVGO,2022-06-22,46.66884781736249,47.370322392207996,46.470438830006096,46.64910125732422,24721000
AVGO,2022-06-23,47.18036720636806,47.18036720636806,46.1704699052415,46.6942253112793,16707000
AVGO,2022-06-24,47.48597376237019,48.125389141577735,47.15216190200806,47.87056350708008,21201000
AVGO,2022-06-27,48.31345206269932,48.33601801801379,47.28098517635606,47.552734375,13207000
AVGO,2022-06-28,48.20155975815147,48.34636785028916,46.83810028095636,46.87007141113281,15667000
AVGO,2022-06-29,46.59079986051726,46.6331123790693,45.76238057880512,46.11405944824219,14444000
AVGO,2022-06-30,45.89026127489895,46.427181120428216,45.20194756629541,45.68151092529297,18890000
AVGO,2022-07-01,45.079714223607105,45.53670450403495,44.14127734190655,44.93208312988281,21315000
AVGO,2022-07-05,44.38292948700477,44.846505445434275,43.622211802565054,44.78726577758789,20711000
AVGO,2022-07-06,45.18502543566677,45.798112132200266,44.71204424750514,45.380611419677734,22975000
AVGO,2022-07-07,45.89777938929203,47.14651859521011,45.89777938929203,46.8785285949707,21319000
AVGO,2022-07-08,46.35665154439535,46.98102292442557,46.07549718083856,46.89263153076172,12713000
AVGO,2022-07-11,46.02755699313266,46.2278420119512,45.22734595682754,45.40412521362305,21449000
AVGO,2022-07-12,45.870512023819884,46.31998023935322,45.14176544267176,45.264007568359375,21159000
AVGO,2022-07-13,44.66314262094338,45.66551794333577,44.410196600763584,45.297855377197266,17665000
AVGO,2022-07-14,45.365564098427235,45.76331825465898,44.51739829668653,45.571495056152344,19957000
AVGO,2022-07-15,46.153546822486135,46.52120941885313,45.711596997385314,46.49488067626953,18714000
AVGO,2022-07-18,47.030854695481736,47.242427995964015,45.90529750671322,46.175167083740234,18042000
AVGO,2022-07-19,46.71491171778795,48.083070000118155,46.62934331184858,47.862098693847656,27257000
AVGO,2022-07-20,47.9128798850659,48.67171805109781,47.43613950504972,48.1225700378418,27412000
AVGO,2022-07-21,48.195916196769026,48.69051993503264,47.581889726427626,48.67829895019531,13912000
AVGO,2022-07-22,48.7845489873814,48.87669958027568,47.643944173091256,48.19308853149414,17867000
AVGO,2022-07-25,47.99938624788403,48.268316044345774,47.62984048579796,48.24856948852539,15061000
AVGO,2022-07-26,48.391503988099586,48.59649155684096,47.854580541076075,48.058631896972656,17958000
AVGO,2022-07-27,48.72718906336954,49.85462951056342,48.607769929556284,49.62895202636719,25699000
AVGO,2022-07-28,49.70417839491826,50.44984850214717,48.950982715797075,50.17621612548828,14867000
AVGO,2022-07-29,50.02295671434289,50.57304098173047,49.86216125120412,50.35206604003906,18482000
AVGO,2022-08-01,49.97123704433099,50.75734019517905,49.878143049870715,50.435752868652344,11485000
AVGO,2022-08-02,50.139546233929785,50.70185499983014,49.576297668226765,49.95054244995117,13072000
AVGO,2022-08-03,50.33419919110111,51.529341326505445,50.22418161997701,51.41086196899414,19228000
AVGO,2022-08-04,51.567884304398014,52.013593299088996,51.248176628408025,51.980682373046875,16293000
AVGO,2022-08-05,51.237836056237384,51.90545975911322,51.085502407266645,51.85280227661133,14357000
AVGO,2022-08-08,51.656281823485045,51.99855549490813,50.65860536570618,51.297080993652344,13722000
AVGO,2022-08-09,50.69151621986731,50.71596536408165,49.62519850423642,50.10005569458008,20072000
AVGO,2022-08-10,51.346912037093716,51.81331099806695,50.70561705277762,51.755950927734375,19519000
AVGO,2022-08-11,52.08882459893474,52.4480254156644,51.176716592283825,51.28767395019531,14268000
AVGO,2022-08-12,51.51146283976352,52.508199356340825,51.30835490276296,52.491275787353516,18399000
AVGO,2022-08-15,52.115148261842414,52.63796387151085,51.76440926468711,52.55991744995117,14329000
AVGO,2022-08-16,52.424510898265,52.46400400886015,51.342209555799656,51.8725471496582,14782000
AVGO,2022-08-17,51.18800276499174,51.21997389479259,49.93456086491882,50.644500732421875,19022000
AVGO,2022-08-18,51.09772942117942,52.71037207394618,50.93035179406904,52.511966705322266,23459000
AVGO,2022-08-19,51.79827538961344,52.242104909946555,51.51712094587027,51.56977844238281,16923000
AVGO,2022-08-22,51.01874399974245,51.06763869930933,49.55937477997251,49.7192268371582,18555000
AVGO,2022-08-23,50.19878090015472,50.55328267663692,49.734265165373756,49.81607437133789,9003000
AVGO,2022-08-24,49.795397274069096,49.95901212939299,49.219924087273164,49.91575622558594,11883000
AVGO,2022-08-25,50.16117496276896,51.762532814745406,50.049277809138495,51.72962188720703,17345000
AVGO,2022-08-26,51.60831934909154,51.8104874994293,48.89644817003505,48.97731399536133,25682000
AVGO,2022-08-29,48.89644689633888,49.15409192314911,48.14419458456882,48.34918212890625,16580000
AVGO,2022-08-30,48.59931291411449,48.699928896314994,47.1465257418153,47.61668395996094,18282000
AVGO,2022-08-31,47.97118194661164,47.97118194661164,46.690471426910854,46.932132720947266,32445000
AVGO,2022-09-01,46.21372940472183,46.38486624303805,45.21417333202514,46.26450729370117,31930000
AVGO,2022-09-02,48.70838120714406,48.878578219434566,46.85596062718068,47.0364990234375,40426000
AVGO,2022-09-06,46.87758894456175,47.39194279107381,46.11028906724978,46.8465576171875,24738000
AVGO,2022-09-07,47.28944912185064,47.90253577368019,46.92930851097093,47.498199462890625,20440000
AVGO,2022-09-08,47.26029773307815,48.21377844571618,46.89357493391309,48.13761520385742,22535000
AVGO,2022-09-09,48.46766457208577,49.45781900524675,48.46766457208577,49.122127532958984,23019000
AVGO,2022-09-12,49.5311552139216,49.955238021819554,49.32522788836472,49.74836730957031,18157000
AVGO,2022-09-13,48.317215231682766,48.73377612915337,47.17379090029543,47.35903549194336,35136000
AVGO,2022-09-14,47.68625926569916,48.23822301169275,47.27628060501771,48.02665328979492,20605000
AVGO,2022-09-15,47.85552370100729,48.102823784733694,46.760054241165484,47.02898406982422,36574000
AVGO,2022-09-16,46.80142463720896,47.36279361135592,46.062336648211456,47.25089645385742,59012000
AVGO,2022-09-19,46.491119677881294,47.334582794740555,46.491119677881294,47.1888313293457,17948000
AVGO,2022-09-20,46.639683424434494,46.90579380625714,46.04916638347134,46.36323165893555,17132000
AVGO,2022-09-21,46.5557204811009,47.398671121426716,45.681478310392855,45.7165641784668,20669000
AVGO,2022-09-22,45.74407223015307,45.81803108734985,44.84991771277848,45.28704071044922,23540000
AVGO,2022-09-23,45.03480571738376,45.32305963311937,43.806887152179456,44.440284729003906,29649000
AVGO,2022-09-26,44.468727420189126,44.8783530989763,43.741458905529456,43.831539154052734,19361000
AVGO,2022-09-27,44.52278189751611,44.55501749219215,43.28632692201375,44.06764221191406,17850000
AVGO,2022-09-28,43.74431004509223,44.44692815604466,43.27115715836597,44.18238067626953,27605000
AVGO,2022-09-29,43.7025936031982,43.747159898919016,42.18357414703125,42.68138122558594,39997000
AVGO,2022-09-30,42.57991698539002,43.41054424653717,42.06599216200066,42.101078033447266,27202000
AVGO,2022-10-03,42.59698268817745,43.7073274496194,42.38173992674681,43.311927795410156,21479000
AVGO,2022-10-04,44.42321226110858,45.52881489615094,44.172887272687646,45.500370025634766,27277000
AVGO,2022-10-05,44.80723954688034,46.28074110318897,44.70388453763824,45.96878433227539,18493000
AVGO,2022-10-06,45.873022828491564,46.43340930580848,45.39228489681561,45.466243743896484,17250000
AVGO,2022-10-07,44.7911157072967,44.88214363554326,43.52432062098089,43.662757873535156,28425000
AVGO,2022-10-10,43.61724581300593,43.62672623144139,40.947110014371745,41.50275802612305,33454000
AVGO,2022-10-11,41.26571282893996,41.597581771305094,40.35354165191035,40.84471130371094,28046000
AVGO,2022-10-12,40.98598775112652,41.315013621684464,40.58395072014015,40.826690673828125,15046000
AVGO,2022-10-13,39.57980882479255,42.078317002915625,39.35698099904818,41.52836227416992,27980000
AVGO,2022-10-14,42.03185471143629,42.096333134282176,40.432239302253336,40.49766540527344,22816000
AVGO,2022-10-17,41.67817696248349,41.83842171718098,41.09408407202021,41.28182601928711,24120000
AVGO,2022-10-18,42.49931171086844,42.53155091763327,40.78780879771737,41.230621337890625,20341000
AVGO,2022-10-19,41.07891376131194,41.5596516402314,40.85608594717909,41.27518844604492,12702000
AVGO,2022-10-20,41.259069113002546,41.92850021061102,40.59627539322192,40.80108642578125,23402000
AVGO,2022-10-21,40.97082485025353,42.73163660049526,40.69395027653771,42.64345169067383,26980000
AVGO,2022-10-24,42.92790746947411,43.50252000090626,42.7743000769755,43.28727722167969,25287000
AVGO,2022-10-25,43.42666770933527,44.02118883579643,43.31667529655292,43.62389373779297,18246000
AVGO,2022-10-26,43.42665725643781,44.73232898750368,43.17538457098386,43.72913360595703,29291000
AVGO,2022-10-27,44.19091275494939,44.63846379924951,43.134618212188606,43.18107986450195,18512000
AVGO,2022-10-28,43.328996970646706,44.9769695105867,43.20478213371726,44.840431213378906,23094000
AVGO,2022-10-31,44.26676658305617,44.83189141893978,44.09229576974789,44.57682800292969,19259000
AVGO,2022-11-01,45.11540891090419,45.21307061225866,43.91783048949502,44.366329193115234,16324000
AVGO,2022-11-02,44.592003950653265,45.556322908050795,43.21142184901259,43.24081802368164,21070000
AVGO,2022-11-03,42.758183451430114,42.940235724581,41.84980659491079,42.111507415771484,23887000
AVGO,2022-11-04,43.319516950101175,44.46020205304038,42.980059330243684,44.11979675292969,28891000
AVGO,2022-11-07,44.259178503746355,45.299355168007246,43.76611714237578,45.06040954589844,17687000
AVGO,2022-11-08,45.632178322682044,46.34807117201295,44.89732101713904,45.713722229003906,20743000
AVGO,2022-11-09,45.371423270760786,45.41883622161721,44.47347811893692,44.51519775390625,23695000
AVGO,2022-11-10,46.55666448360043,48.089905946017105,46.19540305236916,48.033016204833984,33970000
AVGO,2022-11-11,47.86518928325145,49.211636675208645,47.599694142766936,49.12534713745117,26728000
AVGO,2022-11-14,48.86933274116734,49.78244787372296,48.64271058971986,48.663570404052734,21608000
AVGO,2022-11-15,50.25085979357506,50.49834176485977,48.9186385160566,49.72555923461914,23315000
AVGO,2022-11-16,48.9954459399317,49.16801778024286,48.38480350326911,48.52229309082031,25405000
AVGO,2022-11-17,47.88416086788369,48.618066951391626,47.707794662403316,48.55833053588867,20375000
AVGO,2022-11-18,49.009674125059675,49.091218036697875,48.45307833110233,48.847530364990234,14536000
AVGO,2022-11-21,48.637021891425505,49.38704924528494,48.463502378031414,49.06371307373047,18622000
AVGO,2022-11-22,49.588072873719646,50.28120691043491,49.21258533168551,50.2593994140625,18920000
AVGO,2022-11-23,50.28783573726142,51.34318237925377,50.140865751870955,50.59979248046875,13964000
AVGO,2022-11-25,50.320083112307415,50.68893327284073,50.2053523158107,50.246124267578125,7455000
AVGO,2022-11-28,49.803309094912926,50.137076984966576,48.94993034083579,49.51600646972656,23505000
AVGO,2022-11-29,49.59091501610039,49.861152175159475,48.81623708925102,49.438255310058594,12694000
AVGO,2022-11-30,49.69616725326739,52.30846230006227,49.10069852425527,52.24872589111328,47349000
AVGO,2022-12-01,52.24871747956422,52.38051735354902,51.38869780126147,52.22216796875,23006000
AVGO,2022-12-02,50.92313784154041,51.45887011911657,50.831162226263984,51.27871322631836,19320000
AVGO,2022-12-05,50.99141051426441,51.15355426097729,49.82701896596576,50.31534194946289,18548000
AVGO,2022-12-06,50.31628983196297,50.593164378235926,49.472391435680315,49.85831069946289,19655000
AVGO,2022-12-07,49.26853305651099,49.780562568173465,48.931922067483015,49.16423034667969,16524000
AVGO,2022-12-08,49.383256663076075,50.48411733995432,49.342481098147495,50.357059478759766,27514000
AVGO,2022-12-09,52.24018462035152,52.40137704503499,51.29766975443686,51.6504020690918,37028000
AVGO,2022-12-12,51.65325383744065,52.8024752859611,51.41525588053613,52.77971649169922,23416000
AVGO,2022-12-13,54.599309246802726,55.170123745291335,53.57619813752259,54.14606857299805,40414000
AVGO,2022-12-14,53.90997656314557,55.53139968000688,53.83222337347682,54.468467712402344,35218000
AVGO,2022-12-15,53.45768160492405,53.71464402367247,52.88117731602919,52.90962219238281,36876000
AVGO,2022-12-16,52.85746718165609,53.08029500993366,52.23355360299892,52.71144485473633,49549000
AVGO,2022-12-19,52.97054820631162,53.20575034850906,52.176973034582126,52.55081558227539,25092000
AVGO,2022-12-20,52.12439335960865,52.490587609069124,51.718046199924174,52.014442443847656,29831000
AVGO,2022-12-21,52.363420652174995,53.72492852918226,52.29458188254399,53.659912109375,25619000
AVGO,2022-12-22,52.90649743811347,53.05851974264689,52.318490147207086,52.88163757324219,27553000
AVGO,2022-12-23,52.5861918358449,52.932304122530795,52.342382107003935,52.81852722167969,13761000
AVGO,2022-12-27,52.734388255958244,53.36160006425083,52.29362175652206,52.92465591430664,16677000
AVGO,2022-12-28,52.74300088977309,53.32909696621566,51.86433092156112,52.09762191772461,15410000
AVGO,2022-12-29,52.76307991865575,53.790898138840944,52.63400266349843,53.33292007446289,18176000
AVGO,2022-12-30,52.76020812615224,53.508845244602384,52.39592870610516,53.45912551879883,14376000
AVGO,2023-01-03,54.020364603126886,54.26608552444428,52.661727159164656,52.918922424316406,20173000
AVGO,2023-01-04,53.828182819450156,54.322495044710834,53.162729269853685,53.565250396728516,17074000
AVGO,2023-01-05,53.13213029479335,53.52700670813463,52.693274979561636,53.066158294677734,16277000
AVGO,2023-01-06,53.840605775909225,56.50624562583617,53.76220385294204,56.26052474975586,35261000
AVGO,2023-01-09,56.63055461735078,57.52643247722929,53.59585312069274,55.15718460083008,37739000
AVGO,2023-01-10,54.6896434810303,54.98890647334296,52.585239366009624,54.969783782958984,44635000
AVGO,2023-01-11,54.785249633231885,55.295814125876674,54.199153618794185,55.27669143676758,22502000
AVGO,2023-01-12,55.03287735621531,55.943099778858766,54.857910053264334,55.640010833740234,19514000
AVGO,2023-01-13,55.18203890683803,55.639061342811324,55.13614518103418,55.35892105102539,19647000
AVGO,2023-01-17,54.96691539260523,55.96700690383132,54.932492362565505,55.381866455078125,15835000
AVGO,2023-01-18,55.76144304334545,56.17735334419654,54.85409456366038,54.908592224121094,15703000
AVGO,2023-01-19,54.41428054512087,54.504156824254196,53.57194482604116,53.85017395019531,22692000
AVGO,2023-01-20,53.83201291715029,54.6284549450861,53.45721473779676,54.572998046875,22950000
AVGO,2023-01-23,54.68964048410806,55.91250783600146,54.477383373941734,55.610374450683594,23429000
AVGO,2023-01-24,55.30537659865439,56.09416654262613,55.036707014421914,55.93545150756836,13825000
AVGO,2023-01-25,55.23176329826387,56.120948442764806,55.07591864236841,55.99761199951172,13766000
AVGO,2023-01-26,56.44984606202367,57.420299796603224,56.053058445760236,57.23099136352539,24525000
AVGO,2023-01-27,56.72808214770311,57.29505557636461,56.42881912080007,56.505306243896484,19344000
AVGO,2023-01-30,55.74135880908803,56.373348509428986,55.43158074732127,55.593162536621094,16984000
AVGO,2023-01-31,55.6524444771,56.145797449259426,55.525282061013634,55.93354034423828,23719000
AVGO,2023-02-01,55.79586504756968,58.160334896061904,55.712685171859974,57.62969207763672,26553000
AVGO,2023-02-02,58.096275705475925,58.623092541697055,57.3428569818573,57.91843795776367,24188000
AVGO,2023-02-03,57.175528858033054,58.13546738952719,57.00820989388016,57.139198303222656,19093000
AVGO,2023-02-06,56.72998373166832,57.67462197297898,56.6267255858535,57.491050720214844,18709000
AVGO,2023-02-07,57.429867112024816,58.99310976804053,57.339990826098294,58.74834442138672,24025000
AVGO,2023-02-08,58.005444115120056,58.340085745787235,57.42604078647887,57.53025817871094,15290000
AVGO,2023-02-09,58.57145374724727,58.794229607428946,56.934590972346534,57.31034469604492,18837000
AVGO,2023-02-10,57.01395237059451,57.21951673061983,56.37526983812074,56.72138214111328,21035000
AVGO,2023-02-13,56.888705927148116,57.508265821814945,56.74242080004842,57.473846435546875,19847000
AVGO,2023-02-14,56.80934111281763,57.900264460167804,56.72807241869027,57.587615966796875,17571000
AVGO,2023-02-15,57.25776192975228,58.158417655159504,57.05123833568467,58.10200881958008,12683000
AVGO,2023-02-16,57.43847046030949,58.221526985197265,57.32373795898951,57.418392181396484,17449000
AVGO,2023-02-17,57.36675779992537,57.44802649812801,56.64489174303784,56.94511032104492,14215000
AVGO,2023-02-21,56.41064035146066,56.706077319843736,55.43923111113063,55.601768493652344,22737000
AVGO,2023-02-22,55.669655212378785,55.74996832141358,54.699201497594785,55.088340759277344,23475000
AVGO,2023-02-23,56.004297504272664,56.02246460695355,54.850268870453185,55.81785583496094,18939000
AVGO,2023-02-24,55.21836907408511,55.47747549956394,54.84357457116139,55.23940658569336,15353000
AVGO,2023-02-27,56.01577284338722,56.39152295092704,55.86183573249026,55.97561264038086,18321000
AVGO,2023-02-28,55.98613997288824,57.23100068565125,55.66297265543568,56.82082748413086,27822000
AVGO,2023-03-01,56.793091803364675,57.195612945559695,56.43932750346015,56.751976013183594,15484000
AVGO,2023-03-02,56.35232719464303,57.45663987380869,56.04063424158247,57.23768997192383,27525000
AVGO,2023-03-03,59.059079136089984,60.78295159522689,58.87263746015036,60.498985290527344,46088000
AVGO,2023-03-06,60.71315000743146,61.578430741982544,60.4005015086688,60.514278411865234,24983000
AVGO,2023-03-07,60.700719111188874,60.78772497695502,59.614577346534524,59.77137756347656,19334000
AVGO,2023-03-08,60.02283926134406,60.4961139974113,59.629877636983736,60.45117950439453,20912000
AVGO,2023-03-09,60.24274196861791,61.42450084436677,59.45872993071419,59.519920349121094,21775000
AVGO,2023-03-10,60.06204459349644,60.2503974552631,58.592500553786245,58.7846794128418,26098000
AVGO,2023-03-13,58.04464152678103,59.698715945340766,58.02456324900887,58.94147491455078,22364000
AVGO,2023-03-14,59.60310681608208,60.55730828570175,59.135565602913836,60.470298767089844,25893000
AVGO,2023-03-15,60.01232429358406,60.24179294671886,58.91566363784346,59.85647964477539,22963000
AVGO,2023-03-16,59.455862302459174,60.911065041423534,59.06958981346717,60.8565673828125,31716000
AVGO,2023-03-17,60.85656667761761,61.15009247863997,59.955907350789644,60.32783508300781,79303000
AVGO,2023-03-20,60.49706962321881,61.64440552262863,60.3880742993418,61.545928955078125,25857000
AVGO,2023-03-21,61.929194176447204,62.26624068786906,61.0856117591187,61.31865692138672,25000000
AVGO,2023-03-22,61.33309511774725,62.45016816707941,60.73315238737179,60.757225036621094,25799000
AVGO,2023-03-23,61.52570013809745,62.41936012626317,60.8159738680534,61.55747985839844,27162000
AVGO,2023-03-24,61.441923663224216,61.56422287535266,60.52900331888692,61.2628059387207,17228000
AVGO,2023-03-27,61.53533460184003,61.54496292807337,60.28247666140413,60.36433029174805,14707000
AVGO,2023-03-28,60.20928527233936,60.335438012248325,59.5958606407416,60.15824890136719,12439000
AVGO,2023-03-29,60.936343251066845,61.054792588609224,60.15246681230366,60.23528289794922,26395000
AVGO,2023-03-30,60.93153189717221,61.25124668227752,60.60122632103076,61.02975845336914,21523000
AVGO,2023-03-31,60.720634200217766,61.84541066660564,60.2747667020634,61.77992630004883,22097000
AVGO,2023-04-03,61.5353362575247,62.00720139981762,61.28880922105809,61.8694953918457,15682000
AVGO,2023-04-04,61.93498416208461,62.03995166331163,60.861243842173195,61.093326568603516,13429000
AVGO,2023-04-05,60.77841853255394,60.832345976305255,60.25455088653219,60.57330322265625,16908000
AVGO,2023-04-06,60.106248735131565,60.514558086485195,59.60645375560214,59.95987319946289,14493000
AVGO,2023-04-10,59.51785875863267,60.46351759495658,59.36377982856786,60.417293548583984,15400000
AVGO,2023-04-11,60.743749814316935,60.75338181389392,59.784609108919724,59.856834411621094,16518000
AVGO,2023-04-12,60.41248044402576,60.42981216523502,59.34548120376369,59.38785171508789,14112000
AVGO,2023-04-13,59.61609004013309,60.33159484006232,59.42734030518438,60.113956451416016,17265000
AVGO,2023-04-14,59.75185814122369,60.47891971410959,59.244359839927775,59.66133499145508,17465000
AVGO,2023-04-17,59.57178963647342,60.508782666125136,59.49474833023168,60.41440963745117,13201000
AVGO,2023-04-18,60.82463858182257,61.19828080241068,60.39225659496101,60.89204788208008,16806000
AVGO,2023-04-19,60.35952122073952,61.32251553139969,60.24010939722909,61.10198974609375,19060000
AVGO,2023-04-20,60.46256107143319,61.89453683739953,60.39322683182649,60.95946502685547,20239000
AVGO,2023-04-21,60.72641825917244,61.03457612291353,59.89728015753993,60.947906494140625,14807000
AVGO,2023-04-24,61.01916914191379,61.52088908277377,60.84101754792692,61.105838775634766,12338000
AVGO,2023-04-25,61.0528682759628,61.245467852767824,59.87320183752051,59.90016555786133,23670000
AVGO,2023-04-26,59.70275904820321,60.00706339474879,59.080664820192034,59.3387451171875,17179000
AVGO,2023-04-27,59.338743535451414,59.71431071369473,58.09070525146115,59.552528381347656,18250000
AVGO,2023-04-28,59.616084017471174,60.35855246545276,59.18177342290517,60.33158874511719,16183000
AVGO,2023-05-01,60.33159412395412,61.53437085531716,60.302701797067705,61.43421936035156,17030000
AVGO,2023-05-02,60.26032434620855,60.33158717961688,58.26307314216321,58.967987060546875,28357000
AVGO,2023-05-03,59.40711863955576,59.893431802701706,58.97377413174623,59.050811767578125,19816000
AVGO,2023-05-04,58.74265747661547,59.124003164856276,57.90389092497778,58.75806427001953,17684000
AVGO,2023-05-05,59.31563217489092,60.81019746250639,59.06718021605309,60.68019485473633,24876000
AVGO,2023-05-08,60.64745528146469,60.73894091495014,59.76149862050308,60.57811737060547,13934000
AVGO,2023-05-09,59.96854509485705,60.09758892195123,59.30696772202421,59.562164306640625,16990000
AVGO,2023-05-10,59.904026109663725,60.47604276869237,59.539049703554575,60.309444427490234,19174000
AVGO,2023-05-11,60.339295824999574,60.5222634136593,59.51208263107952,60.44425964355469,14430000
AVGO,2023-05-12,60.512634790366825,60.92864754848674,60.11106635844764,60.77938461303711,11942000
AVGO,2023-05-15,60.84871959632244,61.63355860897442,60.52130139546468,61.61237335205078,14614000
AVGO,2023-05-16,61.67593260058893,62.29706805813391,61.50933793166896,61.77030563354492,14967000
AVGO,2023-05-17,62.339436502628054,63.64428966277071,62.07268667050173,63.313987731933594,24133000
AVGO,2023-05-18,63.17241260311197,65.42196544969278,63.17241260311197,65.2813720703125,26389000
AVGO,2023-05-19,65.48360700560153,65.96029178977611,65.33049421599905,65.70027923583984,22968000
AVGO,2023-05-22,65.61842586995074,65.93429079686027,64.91736913088984,65.3266372680664,17796000
AVGO,2023-05-23,66.50823914388823,67.31233847769741,65.6781385533533,66.10955810546875,36088000
AVGO,2023-05-24,65.6222655768276,65.89864734510746,65.10418017164861,65.43833923339844,23021000
AVGO,2023-05-25,67.3527784588714,70.52872994694839,66.52075300697442,70.18301391601562,49263000
AVGO,2023-05-26,71.97707563648406,78.48210650213328,71.93759986660909,78.26543426513672,82500000
AVGO,2023-05-30,80.42158038093608,88.76688927514746,76.92494393058544,77.3611831665039,116912000
AVGO,2023-05-31,76.54840587653939,79.12634319629244,76.0890601766754,77.80607604980469,89998000
AVGO,2023-06-01,77.09925581797059,77.59712963425798,75.61046873745666,76.07174682617188,80792000
AVGO,2023-06-02,76.13817951557202,79.32857549651682,75.80690779230126,78.19512939453125,62815000
AVGO,2023-06-05,77.92549314266019,77.92549314266019,76.5079654855426,77.26103210449219,26222000
AVGO,2023-06-06,77.2321358759802,77.2321358759802,74.76494801764176,76.07654571533203,37823000
AVGO,2023-06-07,76.05921142571913,77.56436744894152,75.83675705786162,76.3298110961914,28957000
AVGO,2023-06-08,76.5493777119322,77.52200401715163,75.95906320217289,77.44400024414062,21909000
AVGO,2023-06-09,77.59808833286966,78.74886631462176,77.41319212018652,77.48445129394531,19241000
AVGO,2023-06-12,78.1103843637624,82.62490454099249,78.1103843637624,82.37067413330078,51065000
AVGO,2023-06-13,82.92632860835775,83.13144392923506,80.98782057831134,81.96237182617188,38990000
AVGO,2023-06-14,82.42267649873477,85.56588975462891,81.58680111189342,85.338623046875,43524000
AVGO,2023-06-15,85.16817215378607,85.51099344680782,83.87871856614169,85.07379913330078,33814000
AVGO,2023-06-16,85.63713520660332,85.70165710026488,83.34231729773013,83.59847259521484,68299000
AVGO,2023-06-20,83.07365942296525,84.46133593538687,82.91476449280432,83.59078979492188,27535000
AVGO,2023-06-21,83.25872338732665,83.8395967244158,81.76781047753455,82.06405639648438,23229000
AVGO,2023-06-22,81.81525908166526,82.18507902248551,80.86842873966108,81.55773162841797,23464000
AVGO,2023-06-23,80.74256061664684,80.93715017473323,79.27488484744745,79.5943603515625,37413000
AVGO,2023-06-26,79.8702852997729,81.03203194965121,79.40752478003067,79.54402923583984,21372000
AVGO,2023-06-27,80.2265543750582,82.29059990928178,79.48303678807699,82.13569641113281,24923000
AVGO,2023-06-28,81.19952310121275,83.11640584908942,81.03784645542444,82.0911636352539,19445000
AVGO,2023-06-29,82.72140149307282,83.53365497315909,81.9430285312522,83.50752258300781,23386000
AVGO,2023-06-30,84.08356168536386,84.66928036334254,83.67791868764749,83.97803497314453,23145000
AVGO,2023-07-03,84.0932400736285,84.87838624322539,83.7350313060301,84.85031127929688,9038000
AVGO,2023-07-05,83.97513893704,84.89486188334628,83.4281534746711,83.43879699707031,14440000
AVGO,2023-07-06,81.80653687039728,82.66816725955593,81.74167121574686,82.09697723388672,23939000
AVGO,2023-07-07,82.33222599453404,83.06413244391037,81.77362207537455,81.97595977783203,19409000
AVGO,2023-07-10,82.12408514228473,85.11461933627625,82.12408514228473,84.97521209716797,30622000
AVGO,2023-07-11,85.3024271906536,85.48540563652037,83.70695529962936,85.3934326171875,25498000
AVGO,2023-07-12,86.06627588528019,86.89789601491806,85.3885842534943,86.15824890136719,28197000
AVGO,2023-07-13,87.02859751664687,87.02859751664687,85.02748988355192,86.19795227050781,25912000
AVGO,2023-07-14,85.7913290933388,87.4555370358445,85.7913290933388,86.02561950683594,18510000
AVGO,2023-07-17,86.26088093399497,88.41011905065454,86.1418005266928,88.13323974609375,26819000
AVGO,2023-07-18,87.7101564798174,88.08965968747034,86.96276117861093,87.46328735351562,24513000
AVGO,2023-07-19,86.86692791236952,87.70919911369639,85.7400366583217,87.26386260986328,24118000
AVGO,2023-07-20,86.40899859591384,87.808906064597,85.77584570126399,86.00238800048828,28268000
AVGO,2023-07-21,87.56590483477385,88.2106762120257,86.53388950299404,86.81658172607422,74287000
AVGO,2023-07-24,87.20867185355357,87.65787868586914,86.57260880597057,87.28514862060547,19992000
AVGO,2023-07-25,87.19124706774008,89.37534068057931,87.19124706774008,88.87288665771484,20042000
AVGO,2023-07-26,88.00253174635549,88.15936303447427,85.93558356023617,86.46224212646484,19877000
AVGO,2023-07-27,87.9541289606228,88.08482786540436,85.77584834988869,86.50484466552734,21922000
AVGO,2023-07-28,87.06538659716881,87.47587494138249,86.54550117034339,87.11088562011719,18791000
AVGO,2023-07-31,86.8891789136146,87.22802103102296,86.25989647488241,87.0005111694336,14952000
AVGO,2023-08-01,87.03246383162838,89.12747940168786,86.90853809773968,89.06745910644531,19683000
AVGO,2023-08-02,88.3220299609333,88.38979840241119,86.19118334709651,86.38578033447266,26877000
AVGO,2023-08-03,85.83586736135986,86.6790986446452,85.29952549574244,85.67709350585938,18281000
AVGO,2023-08-04,85.67709147797355,86.51354959178208,84.55309580952775,85.35470581054688,21156000
AVGO,2023-08-07,85.93848381680726,86.87659828429358,85.70516838405086,86.84658813476562,11146000
AVGO,2023-08-08,86.17181143366605,86.22118082835306,84.55600521258164,85.50090026855469,14081000
AVGO,2023-08-09,85.45831074874395,85.53672270793602,82.16668513136008,82.36127471923828,24672000
AVGO,2023-08-10,82.59264476340172,83.40393810538531,81.03880887311605,81.60322570800781,20186000
AVGO,2023-08-11,80.74256401960879,80.97394427216234,79.72312741496124,80.33110809326172,20331000
AVGO,2023-08-14,80.46374363006736,82.69527126038173,80.10069688361408,82.68753051757812,17688000
AVGO,2023-08-15,82.21411860608694,82.73787444410505,80.97976547357764,81.56644439697266,14035000
AVGO,2023-08-16,82.07664211550745,82.72625147540528,80.54410056009327,80.6438217163086,16003000
AVGO,2023-08-17,80.98458488274964,81.26630947161527,80.06486216026629,80.07357788085938,19228000
AVGO,2023-08-18,79.38622230228788,80.17718145129616,78.61171961802745,79.95160675048828,17759000
AVGO,2023-08-21,80.74740681228448,83.96932864211466,80.52570986100814,83.75634002685547,30012000
AVGO,2023-08-22,84.55699511789004,84.68671906043137,82.37580405849748,82.85115814208984,17079000
AVGO,2023-08-23,82.36513770518137,85.01973215388435,82.29058874491504,84.86386108398438,19692000
AVGO,2023-08-24,87.35873215917515,88.08579327094101,82.52875960791074,82.72238159179688,30934000
AVGO,2023-08-25,82.97021817593465,84.1726258022913,81.09689204466999,82.46678924560547,24181000
AVGO,2023-08-28,82.90923665122621,83.65856722802701,82.01081551067259,83.36328887939453,14306000
AVGO,2023-08-29,83.10380685353363,86.43802800105072,82.91212008574641,86.15630340576172,27822000
AVGO,2023-08-30,86.39447048711273,87.00632890384782,85.10880555565423,86.38381958007812,23234000
AVGO,2023-08-31,86.93855148792545,89.42275342452402,86.5280632096676,89.34724426269531,55203000
AVGO,2023-09-01,87.31224550230588,87.31224550230588,83.70986078225336,84.4708023071289,65017000
AVGO,2023-09-05,84.17941559513054,85.48542238484394,83.9364168033018,84.43694305419922,24808000
AVGO,2023-09-06,84.46889416852962,84.94037050337772,83.91125773457757,84.44662475585938,20142000
AVGO,2023-09-07,83.21031240888877,83.42233342515941,81.37281663109005,82.97119140625,27789000
AVGO,2023-09-08,82.77466101439323,83.33907788606439,82.30221717008645,83.02153015136719,16810000
AVGO,2023-09-11,84.10775463672016,84.13002404200462,81.86945412640752,83.17545318603516,15710000
AVGO,2023-09-12,82.3138290908676,83.09123451403705,81.48317651854396,81.76006317138672,16680000
AVGO,2023-09-13,82.01855575820828,83.17256166660556,81.7329607528057,82.57425689697266,17413000
AVGO,2023-09-14,83.16482089153995,84.87259290398616,82.77466673260533,84.38562774658203,19648000
AVGO,2023-09-15,84.04871918119859,84.04871918119859,81.60323514480599,82.4532470703125,50190000
AVGO,2023-09-18,81.57225064313218,82.9034220491488,81.3224713493796,82.29059600830078,16541000
AVGO,2023-09-19,81.9023752138214,82.39030790360485,81.1772493289575,82.21314239501953,13126000
AVGO,2023-09-20,82.73779672863121,82.73779672863121,80.82604748241367,80.84745788574219,13681000
AVGO,2023-09-21,77.39581336359667,80.06194768150817,77.39386763792275,78.68556213378906,53654000
AVGO,2023-09-22,78.96588558489722,80.84843418058439,78.88217484033785,80.70242309570312,27764000
AVGO,2023-09-25,80.59730340059271,81.62521076263408,80.11157758914345,81.1706314086914,15648000
AVGO,2023-09-26,80.7111820415446,80.81825633639816,78.96296284470732,79.44771575927734,17641000
AVGO,2023-09-27,79.74656458553225,80.1768001534073,78.29815014159685,79.5080795288086,15352000
AVGO,2023-09-28,79.83512843609226,81.65441128336364,79.3007372144771,80.98665618896484,16180000
AVGO,2023-09-29,81.41982440595066,82.15863566616959,80.10184791563752,80.84844207763672,16481000
AVGO,2023-10-02,80.70048350197503,81.62521549219488,80.15927478266904,81.27381896972656,14676000
AVGO,2023-10-03,80.49997356531456,81.35169641258061,78.73909925769384,79.31535339355469,18761000
AVGO,2023-10-04,79.85069602970403,80.84842972388918,79.45841704590624,80.18943786621094,16417000
AVGO,2023-10-05,79.8292814601082,80.65861334211243,79.3785936132411,80.19430541992188,11474000
AVGO,2023-10-06,79.76018527757441,82.58205893178956,79.01261084668013,82.27738952636719,21103000
AVGO,2023-10-09,81.81016321482554,83.38220550988581,81.55415919939051,83.31114196777344,15760000
AVGO,2023-10-10,83.4347638454862,84.93379689919303,83.29557020004661,83.55741882324219,14718000
AVGO,2023-10-11,83.68394464164857,85.20536072660794,83.37634923578162,85.12944030761719,14334000
AVGO,2023-10-12,85.31147107471534,89.35107200414127,85.31147107471534,88.15087127685547,43871000
AVGO,2023-10-13,88.4818184694875,90.12783519045372,85.86240442196238,85.968505859375,28312000
AVGO,2023-10-16,86.72680463999366,89.14277964113575,86.72680463999366,87.85594940185547,21150000
AVGO,2023-10-17,86.16026684617702,86.92243418777895,84.29621000801129,86.08726501464844,33008000
AVGO,2023-10-18,85.65411140375932,87.18039937980201,85.19174167322853,86.34327697753906,20404000
AVGO,2023-10-19,86.34230590215913,86.5827292552923,84.26410022113629,84.47434997558594,26620000
AVGO,2023-10-20,85.16254023137141,85.16254023137141,82.91788596486089,83.09212493896484,26953000
AVGO,2023-10-23,83.51359871575548,85.0359951186335,82.03987515211152,83.92826843261719,16456000
AVGO,2023-10-24,84.10153959913916,85.95099620498503,84.01587569398276,85.76702117919922,14972000
AVGO,2023-10-25,85.37377227370256,85.53535660954685,82.35721447678799,82.70276641845703,21432000
AVGO,2023-10-26,82.5353301401843,83.16901272784226,79.65699363488152,80.47562408447266,27917000
AVGO,2023-10-27,80.79197705029743,81.78581933184637,80.64985741837513,81.6057357788086,18236000
AVGO,2023-10-30,81.87244644876637,82.68328656751821,80.51455307385177,81.88704681396484,20889000
AVGO,2023-10-31,82.1440301127729,82.30075011840256,81.04506662734065,81.89873504638672,14747000
AVGO,2023-11-01,81.96006481327149,83.11160015104083,81.33417243210133,83.02496337890625,18684000
AVGO,2023-11-02,83.90686613789052,85.70765755294326,83.71218959777163,84.81212615966797,18759000
AVGO,2023-11-03,85.41562789042153,86.38902535925824,84.78876265341816,85.91984558105469,18041000
AVGO,2023-11-06,85.81081745990659,86.23229721717416,84.80335503626839,85.73976135253906,12870000
AVGO,2023-11-07,85.88480081643195,87.77805844521123,85.28518321113935,87.39356231689453,19365000
AVGO,2023-11-08,87.60576529117395,88.862421680875,87.50842703724808,88.68915557861328,15280000
AVGO,2023-11-09,88.8225133814513,90.50649416305339,88.43899753605211,88.71349334716797,24486000
AVGO,2023-11-10,89.72193861574216,93.34394369591789,89.37832498439238,93.20475006103516,36272000
AVGO,2023-11-13,92.47762387160094,92.70637287093747,91.54608178080242,92.1739273071289,16893000
AVGO,2023-11-14,93.67391996910831,95.07853309142234,92.98378161724357,94.7076644897461,23886000
AVGO,2023-11-15,95.34525239473506,95.5632999045877,94.11877692550165,94.9451904296875,16099000
AVGO,2023-11-16,93.83552059976016,94.29301861354764,92.5233811840397,93.40235900878906,26198000
AVGO,2023-11-17,93.2719142718465,95.7715996434594,92.57009407156445,95.17198944091797,19789000
AVGO,2023-11-20,94.71157546671725,97.32709098587935,94.71157546671725,96.92215728759766,18674000
AVGO,2023-11-21,94.90624891870908,96.46368331311412,94.57821594712735,95.50975799560547,43344000
AVGO,2023-11-22,95.75213507021996,96.17069626248473,94.51688903713699,94.61422729492188,33743000
AVGO,2023-11-24,94.90234650526843,95.37930910892688,94.10318814357616,95.28294372558594,23158000
AVGO,2023-11-27,95.0181773669669,95.49124852417003,92.40752652557657,92.49610900878906,96962000
AVGO,2023-11-28,91.49353072849733,92.55647619815548,90.93090410388125,92.11747741699219,39025000
AVGO,2023-11-29,92.31116769448175,93.39066652843171,91.43802714656135,91.58014678955078,34843000
AVGO,2023-11-30,91.59670713550973,91.73492792282971,89.39390802462962,90.1103286743164,49571000
AVGO,2023-12-01,89.79202329126808,90.9055872408896,88.38449141064594,90.52596282958984,29612000
AVGO,2023-12-04,89.61486907898431,90.62038588987092,89.20603649069861,89.93901062011719,25009000
AVGO,2023-12-05,88.73490126819875,89.28681141689567,88.17519336587708,88.88285064697266,37066000
AVGO,2023-12-06,89.58760807043063,89.64698240195078,87.90751871531725,87.9600830078125,24813000
AVGO,2023-12-07,88.14503478226088,89.95360893380045,87.96008688765178,89.77255249023438,43517000
AVGO,2023-12-08,90.31570712115634,92.54381534578914,88.63076080170917,91.91792297363281,69668000
AVGO,2023-12-11,93.15510233615008,101.18563099511672,93.06555440822906,100.18595886230469,101184000
AVGO,2023-12-12,100.06428709011008,105.06754934510919,99.73235523552957,104.37545776367188,90242000
AVGO,2023-12-13,103.9588618625894,107.05231323294535,103.42738168808071,106.07015991210938,71654000
AVGO,2023-12-14,106.31253557167207,109.16264495644332,106.12758766123835,107.7054672241211,66964000
AVGO,2023-12-15,106.60843361216092,111.92901972512398,106.55002471792366,109.96859741210938,118544000
AVGO,2023-12-18,109.09838514087133,112.11786139754662,108.88812797009771,111.648681640625,54741000
AVGO,2023-12-19,111.6731274649704,112.50040893025835,110.74512815375475,111.43648529052734,36020000
AVGO,2023-12-20,110.76370847769992,111.61055161342328,108.47157912870945,108.58110046386719,34523000
AVGO,2023-12-21,110.75883099595008,111.02970234784593,109.0328850271207,110.23468780517578,24106000
AVGO,2023-12-22,110.30216139610891,110.69526692435426,108.88913461840225,109.71543884277344,19089000
AVGO,2023-12-26,109.93642160753893,111.03750630809327,109.81711946408073,110.68449401855469,16793000
AVGO,2023-12-27,111.08640369834089,111.43550666946332,109.81125609894985,110.12515258789062,20055000
AVGO,2023-12-28,110.66493692888774,110.71872025623253,109.4289051966295,109.7574691772461,21247000
AVGO,2023-12-29,109.66458121378159,109.95012003434708,109.00060441675268,109.15510559082031,20558000
AVGO,2024-01-02,106.79549623531491,107.76163403533405,105.32575428563521,106.13641357421875,28831000
AVGO,2024-01-03,104.65200040742894,105.12138288809673,103.19594857206359,103.51571655273438,34735000
AVGO,2024-01-04,103.45508070579264,104.58354583077168,102.41951473745586,102.57988739013672,25658000
AVGO,2024-01-05,102.83315389610178,103.21060705941764,101.84647716701178,102.60628509521484,22475000
AVGO,2024-01-08,103.31232322861864,105.41475247022368,102.87227573493475,105.10671997070312,33110000
AVGO,2024-01-09,104.20412931480315,106.44639949694687,104.1151469642965,105.85380554199219,23225000
AVGO,2024-01-10,105.64454491648037,105.89976393747784,103.90881832721657,105.66605377197266,17643000
AVGO,2024-01-11,106.03275834322972,107.69318531948258,105.0734618772855,107.5641098022461,25757000
AVGO,2024-01-12,108.7492836692088,109.10034130136157,107.5670352633705,108.31706237792969,26882000
AVGO,2024-01-16,108.77276497956366,110.13200833461424,107.43209847260616,109.02896881103516,26145000
AVGO,2024-01-17,108.18114584219981,108.8480546734526,106.60873132618217,107.92494201660156,18314000
AVGO,2024-01-18,110.00096336483492,112.11805991489594,109.70565118444628,111.85990142822266,32228000
AVGO,2024-01-19,113.17025121537876,119.00717088262279,113.0421455827273,118.44001007080078,53077000
AVGO,2024-01-22,118.93383478082416,120.40847081440425,118.1486011833784,119.34943389892578,31222000
AVGO,2024-01-23,119.39833064981433,119.98309847625497,117.68900701542431,119.9175796508789,16952000
AVGO,2024-01-24,121.48122019562553,125.61273396920413,120.3771957748224,122.61261749267578,34805000
AVGO,2024-01-25,125.26557944213964,125.26557944213964,120.16107200931263,120.2784194946289,36356000
AVGO,2024-01-26,119.27120132960466,119.41886114510277,117.36728348726078,117.82199096679688,25818000
AVGO,2024-01-29,118.80280656690195,119.65942307012243,117.83275938308886,119.08248138427734,21526000
AVGO,2024-01-30,118.98469496766891,120.08284779050604,117.76430797870162,118.14274597167969,20683000
AVGO,2024-01-31,116.31315103688887,117.07295908499411,114.83265077187167,115.3890609741211,27400000
AVGO,2024-02-01,116.10779289098063,117.64696309789535,115.30202769708313,117.34577941894531,19411000
AVGO,2024-02-02,118.20044235084859,120.73704757670333,117.84840734451866,119.72494506835938,26689000
AVGO,2024-02-05,119.98113942793007,122.01414030984543,119.51077963357768,121.5594253540039,22045000
AVGO,2024-02-06,123.56114531390915,124.3962455155297,118.51238322929154,119.55968475341797,25354000
AVGO,2024-02-07,120.66956215283027,123.16411183336754,119.95571138814613,122.9245376586914,25768000
AVGO,2024-02-08,123.89654957986427,126.72945175827431,123.7019552316686,124.65538024902344,29326000
AVGO,2024-02-09,122.43267419490218,125.73005712822297,122.13539987478131,125.50416564941406,26293000
AVGO,2024-02-12,126.14664157843328,126.15250559531248,123.11425101782726,123.70097351074219,24778000
AVGO,2024-02-13,120.77909848601283,122.80818277470175,119.9938647854797,122.39552307128906,31907000
AVGO,2024-02-14,124.11560105043345,124.48328089421544,121.38537882630852,123.42913055419922,27306000
AVGO,2024-02-15,125.1628992032951,125.16778588412188,121.73056173579114,123.70782470703125,21873000
AVGO,2024-02-16,123.11815897085683,124.74534157005019,121.48999903552799,121.79216003417969,21268000
AVGO,2024-02-20,120.85144746633057,121.03333643502756,118.57300090102602,119.94104766845703,26329000
AVGO,2024-02-21,119.10497796843404,120.08773800724799,117.60296144688346,120.02906799316406,20579000
AVGO,2024-02-22,125.3350182279121,128.19725561487255,124.82261053072297,127.60270690917969,40819000
AVGO,2024-02-23,127.94201458573829,129.04212204946487,126.03027049156728,126.7685546875,23115000
AVGO,2024-02-26,128.1014073757558,128.96095589186626,127.26629972464877,128.01632690429688,16282000
AVGO,2024-02-27,128.016325208062,128.29111334233528,126.36274702450956,126.75487518310547,12126000
AVGO,2024-02-28,126.43901615210024,126.97880410430334,125.45820341818366,126.08893585205078,10967000
AVGO,2024-02-29,127.44718283364028,127.9449229068937,125.87965523439684,127.17142486572266,27536000
AVGO,2024-03-01,129.6591279658519,137.6610620912021,129.07924695960054,136.82107543945312,44488000
AVGO,2024-03-04,137.2102956391482,140.63480689043237,135.45403004459158,137.12326049804688,34854000
AVGO,2024-03-05,136.41331825579675,136.41331825579675,130.28889761892134,131.30392456054688,36040000
AVGO,2024-03-06,136.07891118616487,136.3967170567769,131.72540794888306,132.01290893554688,43196000
AVGO,2024-03-07,135.1411154061032,138.3015966174961,134.25124713383795,137.58775329589844,62832000
AVGO,2024-03-08,136.33998585318852,138.17349826401366,127.2780357850966,127.97622680664062,74025000
AVGO,2024-03-11,124.96536541938883,127.02769394042083,122.4844982808772,126.45075225830078,31105000
AVGO,2024-03-12,127.80802854368403,127.88529031735769,123.14162183370665,126.3294906616211,42789000
AVGO,2024-03-13,125.44939905366583,125.44939905366583,122.46493542039032,123.00374603271484,37838000
AVGO,2024-03-14,123.46041636421081,124.49598982354797,122.01023601572084,123.43401336669922,38029000
AVGO,2024-03-15,122.57250410578308,123.93272469642422,120.2852615609474,120.81624603271484,88823000
AVGO,2024-03-18,122.62336023645922,123.49366688794456,120.44465413871191,120.98639678955078,25737000
AVGO,2024-03-19,119.00228742972108,121.28268861417328,117.73789800638723,121.06169128417969,24491000
AVGO,2024-03-20,121.67645509418143,126.48549010898378,120.4557782606142,125.30802917480469,40946000
AVGO,2024-03-21,130.4460550797196,137.839810051983,129.23618969838006,132.3787078857422,72468000
AVGO,2024-03-22,132.5750958190893,135.149992917215,132.19701668106268,132.91586303710938,38624000
AVGO,2024-03-25,132.08703682194178,133.40393789093193,131.34460449300232,132.7302703857422,21237000
AVGO,2024-03-26,134.01772812108405,135.51534495075745,130.66112320547717,130.7573699951172,23522000
AVGO,2024-03-27,132.5751035964542,132.5751035964542,127.274068443189,129.5042724609375,25583000
AVGO,2024-03-28,129.42274577378643,130.61985899659152,128.7971942135063,130.16026306152344,19856000
AVGO,2024-04-01,130.18677522446634,133.8497868630368,130.16026727769346,132.6006317138672,17252000
AVGO,2024-04-02,129.21554530494134,131.82580642779342,127.99979103139529,131.47129821777344,24694000
AVGO,2024-04-03,130.41462419457088,135.20893650028765,130.14651780265632,133.87237548828125,28650000
AVGO,2024-04-04,136.0436621609955,137.87614211141073,129.1379744296282,129.38348388671875,27014000
AVGO,2024-04-05,130.21822993969047,133.6779445040504,129.05941743982842,131.53709411621094,19438000
AVGO,2024-04-08,130.96948852000594,131.83858665766738,129.21163230646667,131.2100830078125,17139000
AVGO,2024-04-09,133.29886437255948,133.5060729098174,128.51339309449494,131.01170349121094,17986000
AVGO,2024-04-10,129.9235967079252,131.17568883937508,129.1851054023142,129.86172485351562,17467000
AVGO,2024-04-11,130.87423570014334,136.6869094376575,129.9874555721427,135.7628173828125,31713000
AVGO,2024-04-12,132.77251166959476,134.19646364476677,131.26115388479838,131.99276733398438,27823000
AVGO,2024-04-15,134.53918804042684,134.53918804042684,128.25415167329768,128.7147216796875,24370000
AVGO,2024-04-16,129.1752835456735,131.23167994415732,128.74516249445347,130.5187225341797,18923000
AVGO,2024-04-17,131.89849071890615,132.28049589168864,125.84029296601011,125.95912170410156,24718000
AVGO,2024-04-18,126.48648133625848,126.94312535194531,123.29092475545885,123.63758850097656,24888000
AVGO,2024-04-19,123.63757801410824,123.73676179318097,117.60491458317763,118.30707550048828,44797000
AVGO,2024-04-22,120.25052328336511,121.1048988500601,117.8975645962357,120.24659729003906,25162000
AVGO,2024-04-23,120.61095265418479,123.53055097355404,120.59622268475914,122.6751937866211,22025000
AVGO,2024-04-24,124.1197595805285,126.25274285039691,122.25978270498462,123.42447662353516,20108000
AVGO,2024-04-25,124.95939260444041,128.4534740075066,123.44213863011039,127.11692810058594,30410000
AVGO,2024-04-26,128.64696644614853,133.14763888340195,127.97230987719267,131.99276733398438,24100000
AVGO,2024-04-29,131.9937631900903,132.86777637766565,130.18877993174698,131.4575653076172,13372000
AVGO,2024-04-30,130.50104699448718,132.41308081251543,127.57162639384285,127.6914291381836,22113000
AVGO,2024-05-01,125.53683585275668,126.91561623811135,121.9052620562456,122.05355072021484,30958000
AVGO,2024-05-02,123.37144062676585,124.17376681180544,120.13366494266383,121.63225555419922,29480000
AVGO,2024-05-03,123.6385585017687,126.0818674893551,122.47385713461534,125.51522827148438,24898000
AVGO,2024-05-06,126.31165803089182,128.7225625897549,125.21669549150029,128.67739868164062,16287000
AVGO,2024-05-07,129.27936291369573,129.52978731201983,127.34671052177075,127.9703140258789,12413000
AVGO,2024-05-08,127.0265906775298,131.38781475012243,126.53458280520935,130.15634155273438,13918000
AVGO,2024-05-09,129.41588673599892,129.78708789838973,127.86131329053343,128.2217254638672,12170000
AVGO,2024-05-10,129.1684394231599,131.9858945551714,129.1684394231599,130.88601684570312,16300000
AVGO,2024-05-13,132.37869492870215,133.39903361439355,130.6218279125299,131.34854125976562,18507000
AVGO,2024-05-14,130.8408341046128,135.7166637741711,130.19858945551107,135.52418518066406,19420000
AVGO,2024-05-15,135.52122717986794,141.31034466707425,134.53722630489574,141.03733825683594,32757000
AVGO,2024-05-16,140.03860873297313,141.94374964731713,137.98221216623776,138.676513671875,28395000
AVGO,2024-05-17,138.70499443422128,139.4032219075876,135.6960200301013,137.02276611328125,18174000
AVGO,2024-05-20,137.0924900126912,139.14887151884528,136.8135796348344,138.86309814453125,27170000
AVGO,2024-05-21,137.35565514036273,138.40741675321235,136.8430283074461,137.40672302246094,15333000
AVGO,2024-05-22,137.09347857305792,137.9763327328778,135.93565498450445,136.72325134277344,21002000
AVGO,2024-05-23,140.27721234572323,140.33318022262137,135.32479698318488,136.82632446289062,31039000
AVGO,2024-05-24,137.46468519960462,138.81891328777408,136.70163384959503,138.25521850585938,16730000
AVGO,2024-05-28,138.46732180775902,139.17242718513637,136.752681750129,138.70791625976562,22919000
AVGO,2024-05-29,137.39690612702594,137.39690612702594,135.81582473945653,136.5690460205078,26861000
AVGO,2024-05-30,135.4230299466213,135.79424617295194,133.12899068930852,133.9578399658203,21717000
AVGO,2024-05-31,133.69071534633494,133.80758109508457,128.37788662224511,130.46864318847656,73091000
AVGO,2024-06-03,132.84026056968796,132.8697205056139,127.91337848787911,129.81558227539062,26278000
AVGO,2024-06-04,129.668268109417,130.80646157926824,128.3533300080388,130.69155883789062,23048000
AVGO,2024-06-05,132.18229135565463,138.89451119934265,131.6460935723304,138.77078247070312,32947000
AVGO,2024-06-06,139.6330114299605,139.71353925242389,136.33042667233838,137.61001586914062,20172000
AVGO,2024-06-07,138.249310364324,139.9403794911047,137.1926337884847,138.13735961914062,17859000
AVGO,2024-06-10,138.4476685706372,142.30216947939525,138.38187072711895,141.45957946777344,31042000
AVGO,2024-06-11,141.2367012041317,143.86954463455262,139.07915777467556,143.4786834716797,34844000
AVGO,2024-06-12,147.30567084455075,147.87525456998128,144.98806102387485,146.86473083496094,56697000
AVGO,2024-06-13,167.9284761141277,170.4670506065517,162.28372134690113,164.8831787109375,89061000
AVGO,2024-06-14,165.65603035451062,171.58556898591993,165.18858240677463,170.38748168945312,69705000
AVGO,2024-06-17,176.76682228011722,180.98958825375075,174.66329877327126,179.60195922851562,87528000
AVGO,2024-06-18,180.65468161669904,181.83607590390048,175.2947269038563,177.01426696777344,86797000
AVGO,2024-06-20,177.1066031916637,177.23329890975737,169.12853411382468,170.34036254882812,68157000
AVGO,2024-06-21,166.52021717848638,168.3212741572264,162.17568587547308,162.8837432861328,99289000
AVGO,2024-06-24,161.7675394903663,163.63441428139816,156.70481545342625,156.85751342773438,58575000
AVGO,2024-06-25,157.63778042237416,158.22001103330166,154.0784050088497,155.73248291015625,53329000
AVGO,2024-06-26,157.39050728539902,159.41598804994206,155.02317722318733,156.83685302734375,46479000
AVGO,2024-06-27,156.8368457390385,158.1786278458907,154.7680269797338,156.31077575683594,31649000
AVGO,2024-06-28,157.2190820426154,161.4897401569505,156.2457563982271,158.1697540283203,69377000
AVGO,2024-07-01,158.4328058148295,162.42760644860522,156.98462519463033,161.6444091796875,47623000
AVGO,2024-07-02,161.6444189944175,163.45710265891688,159.79232066678705,163.28765869140625,32539000
AVGO,2024-07-03,164.521071921964,170.35516357421875,163.97529459006736,170.35516357421875,39954000
AVGO,2024-07-05,172.95005878332074,173.92634580300182,167.08247548386956,167.8026123046875,45240000
AVGO,2024-07-08,167.96909978510126,173.0820618846056,167.96909978510126,171.99444580078125,36398000
AVGO,2024-07-09,173.0485871358842,174.46918356692657,168.02428497052406,170.75808715820312,37802000
AVGO,2024-07-10,172.00827867340254,174.02685976032646,170.07342744546423,171.87921142578125,41074000
AVGO,2024-07-11,173.8465517263996,173.8672361552837,164.37329374951628,168.0626983642578,51026000
AVGO,2024-07-12,168.5631741118149,170.02909299614282,166.6204460118345,167.5425567626953,30453000
AVGO,2024-07-15,167.47653789804528,170.93443041596313,166.747516968512,168.87545776367188,22999200
AVGO,2024-07-16,169.8409139178114,170.2448315462779,163.92997702927101,166.86575317382812,22244900
AVGO,2024-07-17,159.90069805035702,160.4228296260464,153.30015461450097,153.66465759277344,43343400
AVGO,2024-07-18,156.531458745187,159.1125630259725,151.6155241867383,158.13726806640625,37973500
AVGO,2024-07-19,159.4376538525716,161.51633374971877,154.78771602608396,155.01431274414062,26309500
AVGO,2024-07-22,157.85153870220694,160.57057883173334,155.55612346150286,158.66921997070312,28813300
AVGO,2024-07-23,158.019018529631,162.87584549227324,157.52644052295227,161.33900451660156,21570200
AVGO,2024-07-24,157.96977106546785,159.01403402329345,148.85707803936174,149.093505859375,37162600
AVGO,2024-07-25,149.01471539679088,151.27073142198208,143.35992865727997,147.04440307617188,30872100
AVGO,2024-07-26,151.22146381122133,151.30027810437878,147.69460311194482,149.3792266845703,20839900
AVGO,2024-07-29,149.7634267161912,152.69918753195844,146.9360186347724,147.99014282226562,16625800
AVGO,2024-07-30,151.0047204441328,151.19190250165332,141.22212793395354,141.3896026611328,31102300
AVGO,2024-07-31,149.2215967688734,158.93523658772372,148.75857219587925,158.2948760986328,45827500
AVGO,2024-08-01,155.16207766538665,156.55115130175932,144.0002578300909,144.837646484375,40320000
AVGO,2024-08-02,139.82322089988372,143.1924685407192,137.52782004030732,141.6851806640625,33745800
AVGO,2024-08-05,127.68608025135322,143.26139548577868,126.59255640022316,139.97097778320312,41309300
AVGO,2024-08-06,139.62615164689635,146.6995793398278,138.16812501795758,141.7836456298828,24751300
AVGO,2024-08-07,146.0494051009614,147.87195006454726,133.81376703061068,134.2472381591797,29749800
AVGO,2024-08-08,139.10401332989022,144.0987610753118,136.34557373885949,143.57662963867188,27583200
AVGO,2024-08-09,142.0595033501877,147.33009437702867,141.97084291097377,146.05923461914062,18438700
AVGO,2024-08-12,145.88193217730557,148.88666159947795,144.19730845789394,146.41390991210938,17778500
AVGO,2024-08-13,149.30039495584398,154.05870024447955,147.58621810250528,153.8419647216797,22053600
AVGO,2024-08-14,155.67437701079433,157.8712709877291,152.42335875154697,155.34927368164062,20184200
AVGO,2024-08-15,158.80717366667227,164.1959791893673,157.95993874814187,163.66400146484375,27945000
AVGO,2024-08-16,162.02862567045452,163.62457374902544,160.26518782574468,163.26007080078125,19296900
AVGO,2024-08-19,162.41283439513623,165.33874919936753,158.0387389289202,165.2205352783203,20441700
AVGO,2024-08-20,164.5703262610826,165.8707244706085,161.71336460813606,163.4866485595703,19417500
AVGO,2024-08-21,162.66894629472006,163.99891284537597,160.46220657868722,163.31915283203125,16097700
AVGO,2024-08-22,168.30406362190902,169.86061205551246,159.0928631552294,159.93023681640625,30044500
AVGO,2024-08-23,162.58030459139997,165.78206181027195,161.03361738245803,163.89056396484375,18848000
AVGO,2024-08-26,162.51135529924784,163.24036118553568,156.30486892278668,157.2506103515625,18521200
AVGO,2024-08-27,155.26060406403752,159.62483827852918,153.51687359515856,158.9943389892578,16683100
AVGO,2024-08-28,157.7037910925091,159.8711315170545,153.9306414064788,155.8319854736328,18063600
AVGO,2024-08-29,156.13738089978233,160.77745727285037,153.1030985955385,154.60052490234375,23519300
AVGO,2024-08-30,158.7283445677515,160.8168857025775,156.3541298130385,160.4031219482422,25158500
AVGO,2024-09-03,157.9993178242449,158.3539745714711,149.13291417587718,150.52197265625,37179100
AVGO,2024-09-04,148.0689565972433,155.44776575498855,146.93601812591154,151.83224487304688,20324100
AVGO,2024-09-05,148.33497330108997,154.03902097150444,147.88179484388976,150.55157470703125,31548500
AVGO,2024-09-06,141.1236104756376,141.3698994991553,134.5723284629826,134.9663848876953,76634600
AVGO,2024-09-09,137.0450669903484,139.48824993280522,132.8975531552517,138.7296905517578,39516700
AVGO,2024-09-10,139.12374784718887,147.63549608465522,138.94641192959094,146.00999450683594,36067500
AVGO,2024-09-11,146.1873075843009,156.5117389152898,142.8870287604027,155.920654296875,39700800
AVGO,2024-09-12,155.75319397419855,163.85117876338356,154.50204144946585,162.11729431152344,43530700
AVGO,2024-09-13,164.26492567901525,165.58503118220705,161.6049923102437,165.20082092285156,29850000
AVGO,2024-09-16,162.7379427524382,163.0433387461317,158.02889767582795,161.58531188964844,26126900
AVGO,2024-09-17,163.0334948403556,163.55562639139637,158.31458851687952,160.05831909179688,19844300
AVGO,2024-09-18,161.339005776259,164.98408004768325,158.96477615778144,159.27017211914062,26557600
AVGO,2024-09-19,165.73427251210495,168.02735900361984,163.73772298749546,165.477294921875,32453100
AVGO,2024-09-20,165.24009700210559,170.023946869103,164.5383440289774,169.1146240234375,91758500
AVGO,2024-09-23,170.00416312416422,171.30885347574315,166.39652267195416,170.93325805664062,29431100
AVGO,2024-09-24,170.80477483076524,173.9478831398789,169.68788210295295,172.81121826171875,34223400
AVGO,2024-09-25,172.62340711022614,175.08451931735237,171.74373500981832,173.4833221435547,16613800
AVGO,2024-09-26,176.42872935556656,178.15842278062112,172.9693425054574,176.0234832763672,24340000
AVGO,2024-09-27,176.10256465680152,176.3990865592675,169.76694083709097,170.6861572265625,20580900
AVGO,2024-09-30,169.87567279411184,170.91349195929894,167.66167466222592,170.4983673095703,16902000
AVGO,2024-10-01,170.16233025191076,170.25128230955397,163.87612845567332,165.52674865722656,23770400
AVGO,2024-10-02,165.60578990705608,170.8343992821477,165.0819411162678,168.67970275878906,14317800
AVGO,2024-10-03,167.6517677988029,172.91004310998687,167.22676464875883,169.8954315185547,13072300
AVGO,2024-10-04,174.2542656598086,174.84729437359562,170.59720247206607,174.59031677246094,17921400
AVGO,2024-10-07,172.79145377991412,176.2409473219031,171.84258666643808,173.04843139648438,15588300
AVGO,2024-10-08,173.3844615494682,179.49275797685127,172.86061276409905,178.63284301757812,20774200
AVGO,2024-10-09,177.1601516249541,184.256829554681,174.3728669238212,183.7922821044922,25504100
AVGO,2024-10-10,181.4300199216682,184.14810970931555,180.41197295319688,183.53530883789062,16318000
AVGO,2024-10-11,179.038109635851,180.47128129018338,175.3415019524016,179.37416076660156,23070000
AVGO,2024-10-14,181.1730367659656,182.803884555897,178.03982244382397,180.19451904296875,17195800
AVGO,2024-10-15,178.69215671320333,179.5916009470547,171.35825813000915,173.93797302246094,27657500
AVGO,2024-10-16,176.43864207599475,177.1700608668773,173.2955486538224,174.7682647705078,15285100
AVGO,2024-10-17,179.26545219782278,183.35741273520114,178.59334987772087,179.42359924316406,25232400
AVGO,2024-10-18,180.20440772506174,180.5898816511337,176.60663097275085,177.80259704589844,17835200
AVGO,2024-10-21,177.29853638286994,179.61138014781645,176.18164371716264,177.90145874023438,13695100
AVGO,2024-10-22,176.58687644750472,178.59331961486433,175.35138114338034,177.29852294921875,12062600
AVGO,2024-10-23,175.52930193265448,176.9031722383196,170.5675631779394,171.49664306640625,19513700
AVGO,2024-10-24,172.23793132412308,172.27747562132183,167.53317043341016,169.36170959472656,20485200
AVGO,2024-10-25,172.16876304219073,174.74847812529228,170.71581919758574,170.99256896972656,19977700
AVGO,2024-10-28,170.99256522129812,171.95131086867278,169.3617173082383,170.02394104003906,13195800
AVGO,2024-10-29,170.43907314910592,178.13867426676063,169.22334983194608,177.16017150878906,23702300
AVGO,2024-10-30,175.41068748751005,177.11073028081395,173.5821483527737,174.59031677246094,17911500
AVGO,2024-10-31,172.42573640395284,172.42573640395284,165.43778220746466,167.800048828125,26086600
AVGO,2024-11-01,166.30753953057467,169.34192311015406,165.5563638464253,166.9598846435547,17847000
AVGO,2024-11-04,167.31573287609143,170.44894749493406,166.46571141205268,166.59420776367188,13621300
AVGO,2024-11-05,168.0767938884487,172.37630874587103,168.0767938884487,171.88211059570312,13441800
AVGO,2024-11-06,177.5456415111208,178.1189132050085,173.91822870959513,177.46656799316406,24300800
AVGO,2024-11-07,179.87825057485188,182.7248217029709,179.68055924671054,181.6771240234375,18970600
AVGO,2024-11-08,180.86664268195688,182.9027366279172,179.72009936501962,181.50909423828125,13503200
AVGO,2024-11-11,181.27187407762887,181.4992160838324,174.76823974254023,176.833984375,17036700
AVGO,2024-11-12,176.82408083416837,177.47642597045277,171.19022529746175,174.17518615722656,15862000
AVGO,2024-11-13,172.68271902765733,173.55249748998298,170.59720229396353,171.56582641601562,17472500
AVGO,2024-11-14,172.7420129378933,173.53273293639867,167.89886237312894,168.4029541015625,20638900
AVGO,2024-11-15,166.51511397384257,167.17733763773415,161.53358853188945,162.92723083496094,20836200
AVGO,2024-11-18,163.73772583707358,164.41972166032812,160.3376403355744,163.7476043701172,17856900
AVGO,2024-11-19,164.72613219874026,164.8645070784968,162.4033948438294,163.43133544921875,18003400
AVGO,2024-11-20,163.61911854611574,163.61911854611574,158.9934310538489,161.35569763183594,17196700
AVGO,2024-11-21,164.3208667381114,164.40981877567796,158.73643429218444,162.0376739501953,24835300
AVGO,2024-11-22,162.39353580936466,162.9964582324985,160.51557355091103,162.3243408203125,17332500
AVGO,2024-11-25,163.48074254595002,165.28950959093856,160.9998732538955,162.90748596191406,26850600
AVGO,2024-11-26,162.69004003569023,164.43949066035128,160.80219944799626,162.8284149169922,16308800
AVGO,2024-11-27,161.30625224627371,161.30625224627371,155.71192629340868,157.8172149658203,19722700
AVGO,2024-11-29,157.71841041375197,160.80220215277004,157.23409078018312,160.19927978515625,11024000
AVGO,2024-12-02,161.05919205157582,166.42619240232344,160.86151578585057,164.577880859375,21472400
AVGO,2024-12-03,162.57140962398404,166.3174398260734,162.12663433153202,166.19882202148438,17024400
AVGO,2024-12-04,171.4274577702038,173.3548275510578,166.60407896951824,168.58087158203125,32748200
AVGO,2024-12-05,168.7686625900181,170.3995103978738,167.23664535982417,168.49191284179688,18490000
AVGO,2024-12-06,168.12622241393288,178.58344235372917,167.36515301401374,177.44679260253906,27830800
AVGO,2024-12-09,176.87351073549456,178.69215626538133,173.97751688339852,176.86363220214844,20886300
AVGO,2024-12-10,175.7467380844835,176.42873392280816,167.76049442539696,169.8163604736328,27762600
AVGO,2024-12-11,177.92118681924606,182.72479274626681,174.3827267668397,181.0741729736328,41295200
AVGO,2024-12-12,178.830531062559,179.88812231761287,173.94786612544868,178.5636749267578,46967200
AVGO,2024-12-13,211.4179542473502,226.046221930104,208.6603353144413,222.1914825439453,121336600
AVGO,2024-12-16,229.1003861826416,248.9572805634588,228.13176197046786,247.09909057617188,111623200
AVGO,2024-12-17,237.857568492453,239.6564570349698,231.08706274615707,237.44244384765625,70382100
AVGO,2024-12-18,236.6319794472422,237.0668762647475,216.6762542491529,221.0251922607422,53960100
AVGO,2024-12-19,225.26541472137666,225.40378960647672,215.05527866260576,215.7866973876953,40845200
AVGO,2024-12-20,217.80300891588513,227.61777691963988,216.36983729956972,218.22801208496094,131910400
AVGO,2024-12-23,224.65989494605236,231.3097955113691,223.1138678435984,230.2692108154297,40643800
AVGO,2024-12-24,237.96961610528453,238.07863161231856,232.69726688307333,237.53355407714844,22827200
AVGO,2024-12-26,237.850704789261,245.06550829143066,235.4722037902246,243.16270446777344,28459000
AVGO,2024-12-27,243.44018469961608,243.5789303328946,234.2333874066111,239.58502197265625,29282200
AVGO,2024-12-30,232.59815183964946,236.6317103990724,229.54573282439043,233.47027587890625,27316800
AVGO,2024-12-31,233.7675918534759,235.3334440474897,229.23851102924021,229.76376342773438,17927700
AVGO,2025-01-02,234.0450856994073,237.35517088324633,228.17810374943434,229.9025115966797,31525800
AVGO,2025-01-03,231.49810220546215,234.37214059044996,226.94921116556216,230.46742248535156,24973200
AVGO,2025-01-06,234.38205232484663,239.5850365730726,231.2107125694037,234.29286193847656,34028400
AVGO,2025-01-07,237.35518275276323,237.35518275276323,225.56175800931098,226.59243774414062,25928600
AVGO,2025-01-08,227.64294600558634,230.38814383496705,224.03554419658755,227.25643920898438,18756500
AVGO,2025-01-10,225.26443724993786,225.7896896703449,219.26861448479562,222.30120849609375,23864000
AVGO,2025-01-13,218.01989125805056,227.20686314885705,217.54417899645338,223.2724151611328,23772100
AVGO,2025-01-14,224.5409772667198,228.19791905646377,221.10205137173838,222.68771362304688,18143100
AVGO,2025-01-15,226.50323793455638,228.27720104887052,223.55983437220115,225.95816040039062,21745600
AVGO,2025-01-16,233.11349609829972,236.4632314565716,227.15732390312334,227.35552978515625,23471900
AVGO,2025-01-17,234.95683725854067,235.96770690590301,230.576422282823,235.31361389160156,31196600
AVGO,2025-01-21,239.33727397549399,240.5760797414127,235.27398501442437,238.15792846679688,30903200
AVGO,2025-01-22,244.54024481010532,244.7781009481159,238.53451720513203,238.75254821777344,29610500
AVGO,2025-01-23,236.27492543214683,238.2470943303279,234.00542503418015,238.128173828125,17653900
AVGO,2025-01-24,242.5085906982422,247.35479778973527,239.74358314484718,242.5085906982422,25387800
AVGO,2025-01-27,211.4889006539896,216.47385352442137,194.4726675666414,200.31983947753906,90569400
AVGO,2025-01-28,206.14717891356318,208.0698078301664,197.10885712729012,205.5030059814453,50316000
AVGO,2025-01-29,206.96973587761653,209.55636270407408,200.9541034480479,204.50204467773438,32533700
AVGO,2025-01-30,216.61262690597016,219.97226751719148,211.78622938915623,213.7286834716797,42449500
AVGO,2025-01-31,217.69285452232205,224.7689121682608,214.36294415234264,219.28843688964844,41104700
AVGO,2025-02-03,213.53047575867046,218.96139592201595,211.59792669467845,215.78013610839844,24507300
AVGO,2025-02-04,217.3856301225789,221.03266684202924,213.37189663314714,220.4380340576172,23768500
AVGO,2025-02-05,231.84494620011236,235.79920396523886,225.46261738086568,229.9223175048828,29196000
AVGO,2025-02-06,232.39995000134874,232.69726639464838,226.51314287814745,229.28807067871094,21169500
AVGO,2025-02-07,232.89547216952067,233.53964508623997,222.10299748961444,222.85618591308594,22117500
AVGO,2025-02-10,225.3932547399952,233.70813303145874,225.08603334904828,232.9351043701172,23901600
AVGO,2025-02-11,230.3980327417482,235.75958738637436,227.91051636530545,232.9351043701172,18476200
AVGO,2025-02-12,228.29702093758465,234.3622086859115,227.94024429814544,234.23338317871094,16397300
AVGO,2025-02-13,233.94597485573362,234.8280039033728,228.66370557146226,233.6883087158203,20962000
AVGO,2025-02-14,232.4296953869045,233.62886604048438,226.85010929237538,230.95303344726562,16988800
AVGO,2025-02-18,228.03936092517188,230.12054544267565,222.2912994119015,226.48341369628906,26080500
AVGO,2025-02-19,225.80951640802843,227.01859202042505,222.39040046682635,226.68162536621094,16375500
AVGO,2025-02-20,226.60234108515445,226.92938761686455,220.75518401093754,224.70945739746094,16104000
AVGO,2025-02-21,223.62920472019493,225.71040439907546,213.69894885916236,216.70181274414062,24883600
AVGO,2025-02-24,216.642345025439,217.51445394777917,205.68137958230633,206.06788635253906,33050400
AVGO,2025-02-25,205.14623132231566,206.77154385447642,199.12067836543815,200.72616577148438,33100800
AVGO,2025-02-26,205.0570376708734,211.6276529530181,204.1551834737872,211.0330352783203,21368300
AVGO,2025-02-27,215.33415335805682,217.28651228367212,195.63218334588487,196.0286102294922,27572900
AVGO,2025-02-28,194.00686569542538,199.388245188928,191.42023894794775,197.6439971923828,39747200
AVGO,2025-03-03,202.173109284758,202.23256954441678,182.8774686741326,185.69203186035156,37435600
AVGO,2025-03-04,187.52546372778568,192.21310053422786,178.86372832711143,185.80104064941406,37910500
AVGO,2025-03-05,190.1418101150186,192.3419302506341,185.42444344771909,189.86431884765625,25644500
AVGO,2025-03-06,179.41871388168033,185.15687078081336,176.0194380457626,177.84295654296875,56864100
AVGO,2025-03-07,186.0487873763474,193.72938256615052,179.93404437538027,193.21405029296875,74528900
AVGO,2025-03-10,187.90204503508303,190.2607206844505,178.81415357620975,182.79815673828125,44217100
AVGO,2025-03-11,186.36594046026116,193.868140235085,183.69012305886238,188.38766479492188,42153200
AVGO,2025-03-12,194.46275407826718,198.18907597496346,190.72651205834697,192.49057006835938,30409700
AVGO,2025-03-13,191.42024910447395,194.56187364072244,187.7732124129884,189.6462860107422,27236100
AVGO,2025-03-14,194.44294192352282,195.73130289103105,191.46980820872236,193.78884887695312,25900900
AVGO,2025-03-17,186.3659291795771,194.95828354553797,185.82085165695545,192.75816345214844,26830600
AVGO,2025-03-18,188.73453032027123,191.16258649221368,185.22622407426002,186.98037719726562,24951000
AVGO,2025-03-19,187.64436987480715,196.49440549469347,185.22621877379206,193.81858825683594,37962700
AVGO,2025-03-20,190.37920278337236,192.68537566363145,187.81456890274092,189.405029296875,31430000
AVGO,2025-03-21,187.0889247074457,190.92593303750039,186.25391668046277,190.51837158203125,43086500
AVGO,2025-03-24,193.14264487449591,195.51840810720242,189.53426230649885,190.11080932617188,33180300
AVGO,2025-03-25,189.7529499168252,190.45872742663622,186.56206382977678,187.13861083984375,23417300
AVGO,2025-03-26,185.548143779762,186.93979846581837,176.52222793161485,178.20216369628906,30578500
AVGO,2025-03-27,176.60177043394623,177.3174829616382,169.44466032492642,170.96554565429688,32151700
AVGO,2025-03-28,170.90588481814865,172.26773467268714,165.47841601990734,168.1126251220703,30391500
AVGO,2025-03-31,163.51020338452625,166.93965006119086,159.66324513451602,166.43267822265625,35656400
AVGO,2025-04-01,165.37900233624754,167.70507551453636,162.44657722045892,167.51620483398438,20472400
AVGO,2025-04-02,165.09073073612564,172.39694067158848,164.5141837403319,171.06492614746094,19523700
AVGO,2025-04-03,159.58372313468178,162.45650799667598,152.78446981789182,153.09262084960938,44354900
AVGO,2025-04-04,147.28741615877223,151.88984218576314,138.34102510923265,145.41860961914062,72302200
AVGO,2025-04-07,143.62934919095161,159.474389665116,137.27741190274102,153.22186279296875,68503500
AVGO,2025-04-08,166.62156135736896,168.7686988898971,152.17811097166458,155.10060119628906,58888200
AVGO,2025-04-09,159.54396999667875,186.2141569570814,156.57177469019106,184.04713439941406,72708300
AVGO,2025-04-10,174.25581185432864,175.89597740470617,165.40881645293535,171.273681640625,51212200
AVGO,2025-04-11,172.58581367453812,181.57197468264695,172.27766264129502,180.85626220703125,33964100
AVGO,2025-04-14,183.9775654288772,184.89208359208797,174.7727284481235,177.29759216308594,25748300
AVGO,2025-04-15,178.6594163606847,181.17434495383753,177.0192508148541,177.88406372070312,17242400
AVGO,2025-04-16,169.41480654182155,175.0311607584241,165.92571972674614,173.56991577148438,34638600
AVGO,2025-04-17,175.20014398981402,175.20014398981402,168.90784763658527,169.9714813232422,22501800
AVGO,2025-04-21,165.99532339103962,166.9993018284933,160.64736470494694,165.219970703125,23469800
AVGO,2025-04-22,166.43268279674174,169.5042884970676,164.23585532904437,168.56988525390625,18504900
AVGO,2025-04-23,176.72102930983826,179.37512329066433,174.77271279640473,175.85621643066406,24380500
AVGO,2025-04-24,178.6196673855301,187.44677794816178,177.2379476166406,187.02926635742188,27576900
AVGO,2025-04-25,185.80659626091514,192.2181733558548,185.77677617142373,191.16448974609375,21242300
AVGO,2025-04-28,189.39508550488122,191.9497842926685,186.5620557818819,191.3235321044922,16385800
AVGO,2025-04-29,190.5780074371534,192.09889267021788,188.9676619357672,190.03128051757812,14630000
AVGO,2025-04-30,184.7926597646488,192.0491795307309,182.9238685093533,191.3235321044922,22768900
AVGO,2025-05-01,196.95977484404,200.20035113371952,195.0710982960973,196.15460205078125,24939700
AVGO,2025-05-02,202.68544778253386,204.4548438611689,199.8822532183644,202.427001953125,17766800
AVGO,2025-05-05,199.05719717742812,202.01944235657737,198.8086863195287,199.52439880371094,14025400
AVGO,2025-05-06,195.26989510668673,200.7073139181569,194.7728733884017,198.8981475830078,16348800
AVGO,2025-05-07,198.1029178737544,205.001582031566,197.24803987674807,203.5900421142578,20253700
AVGO,2025-05-08,206.7610354120376,209.9022163210932,202.47671061473858,206.53240966796875,18460900
AVGO,2025-05-09,208.08311279559274,208.70936500953886,205.28985318719646,206.9598388671875,13289200
AVGO,2025-05-12,218.1825848320729,220.4788225908599,214.59408765817133,220.2601318359375,25437700
AVGO,2025-05-13,220.6776376936342,233.878533005299,220.6776376936342,231.0355682373047,28790500
AVGO,2025-05-14,228.8586241684668,232.10915056688648,226.98983275644693,230.73736572265625,19751400
AVGO,2025-05-15,228.78904890014428,233.06343885854758,226.71150168628188,231.2542724609375,18803700
AVGO,2025-05-16,230.93616815699212,231.2542541551896,225.04148295392625,227.24826049804688,23094600
AVGO,2025-05-19,220.52854075303352,229.8725429168733,220.2800298958261,229.25624084472656,15355500
AVGO,2025-05-20,225.14089991938488,230.3894479696874,224.99178430547127,230.2999725341797,11787200
AVGO,2025-05-21,227.02957300002203,235.09126563331813,226.47291111925512,228.36158752441406,17642900
AVGO,2025-05-22,226.97987230369,232.29801070114792,226.0752891455304,229.15682983398438,14340200
AVGO,2025-05-23,225.58820896276507,229.27610143925486,224.8327262802185,227.35760498046875,15385600
AVGO,2025-05-27,231.48289825448072,235.07139579176155,229.75327232227366,234.246337890625,17941700
AVGO,2025-05-28,235.737381743169,239.55451985391173,233.0335825333463,238.00379943847656,20443000
AVGO,2025-05-29,244.44523551562045,244.60428611252675,235.98591580345146,240.52870178222656,20743700
AVGO,2025-05-30,239.78313935630607,241.72152086537886,233.500778070811,240.62808227539062,27088600
AVGO,2025-06-02,241.801062384954,248.51085548299486,241.7414222065019,247.22854614257812,19197000
AVGO,2025-06-03,248.59037504233706,256.3439165881252,247.9144176437091,255.32005310058594,30380200
AVGO,2025-06-04,256.5228109531338,263.84890520275707,256.05560938982757,259.5248107910156,31536000
AVGO,2025-06-05,261.3837445846279,263.3121913581494,257.51690089535253,258.3817138671875,41970900
AVGO,2025-06-06,249.64406647832072,253.7991759042738,244.66391435297146,245.45913696289062,41146700
AVGO,2025-06-09,243.59035362656013,246.69176437719915,239.67381995572012,242.82493591308594,25334100
AVGO,2025-06-10,242.7652901118351,244.81301717121605,239.9620803306559,243.1728515625,25491300
AVGO,2025-06-11,244.89253140574652,253.25243999822533,242.3477827413393,251.4035186767578,24599000
AVGO,2025-06-12,248.69972803324086,256.3538745740875,248.0138356400778,254.54470825195312,20410900
AVGO,2025-06-13,249.1669292040933,252.4870306120026,246.87069131318654,247.21859741210938,19028400
AVGO,2025-06-16,248.85878212830525,253.66994875418058,248.08342945586662,250.59835815429688,20363000
AVGO,2025-06-17,249.4551881703037,252.44726851144554,246.44323788205094,247.8845977783203,22014300
AVGO,2025-06-18,249.39556021816716,254.11726659912372,247.92438016121775,249.7633514404297,30435500
AVGO,2025-06-20,252.29418566768663,252.60306201352853,243.2868734217402,249.08583068847656,42134900
AVGO,2025-06-23,248.20899346134024,253.29055332846227,245.56858434041575,252.85214233398438,19747000
AVGO,2025-06-24,257.8340631311668,264.9083897518971,257.8340631311668,262.81597900390625,32764900
AVGO,2025-06-25,265.0379027983115,268.8939005039471,262.47719095099103,263.6927795410156,18894200
AVGO,2025-06-26,264.12122374331733,270.68741525432085,263.17467802480945,269.1928405761719,23569600
AVGO,2025-06-27,269.3223391555624,270.86675120137494,265.9147259893317,268.37579345703125,27477600
AVGO,2025-06-30,273.7363596469909,276.7055620373892,271.14575731970547,274.65301513671875,24708400
AVGO,2025-07-01,273.4075041433443,273.50714853025937,261.7099768108234,263.7824401855469,28847600
AVGO,2025-07-02,263.03516972809786,271.01620823775625,261.77974767565695,268.9237976074219,17582100
AVGO,2025-07-03,269.7508058608756,274.8024450356559,269.14299636207227,274.1846923828125,10592700
AVGO,2025-07-07,274.1349001272362,276.55610387696515,271.67383253760704,273.1883239746094,16760600
AVGO,2025-07-08,275.3504555476737,275.3504555476737,270.1692516452457,270.81689453125,14869400
AVGO,2025-07-09,271.97273182729106,278.43927904586025,271.73360960536064,276.8948669433594,20133000
AVGO,2025-07-10,278.7780365587177,280.1629932584368,271.7136840160203,274.4039001464844,17891600
AVGO,2025-07-11,273.1484815426436,275.47004081973523,270.9066195355262,273.3876037597656,14274700
AVGO,2025-07-14,273.1384956037424,277.35317652552436,268.60493439491546,274.6031799316406,11934200
AVGO,2025-07-15,278.79794092230685,282.335088614007,276.8450386433714,279.9238586425781,17918400
AVGO,2025-07-16,279.09683125127077,280.49179179560423,274.672918646978,279.7943115234375,15031000
AVGO,2025-07-17,280.1231488001347,287.2373080549828,278.89758668660966,285.4139404296875,17231100
AVGO,2025-07-18,286.0715389091275,286.4900331927288,279.9836527281804,282.315185546875,15012400
AVGO,2025-07-21,282.93294373906576,289.489161731407,282.6041506868929,287.1675720214844,17726800
AVGO,2025-07-22,286.60959548664596,286.9583356565573,275.43017577707127,277.5823669433594,16564800
AVGO,2025-07-23,275.7789291613795,282.97281677598664,272.01260204170546,282.6639404296875,20556200
AVGO,2025-07-24,288.7418823172575,290.1467862113425,282.4746237731423,287.665771484375,16413800
AVGO,2025-07-25,287.0280784453959,291.53171897791543,286.23095374459723,289.13043212890625,12476200
AVGO,2025-07-28,291.4021934097013,294.38139956068517,289.5389618746707,293.23553466796875,13683400
AVGO,2025-07-29,296.42399659178324,301.0970361471004,293.80350395844147,296.34429931640625,19210800
AVGO,2025-07-30,296.0752348361971,302.16315144554056,294.73011155725163,301.52545166015625,16738900
AVGO,2025-07-31,301.7047876274771,305.83980177863236,289.18027528990467,292.6377258300781,25488500
AVGO,2025-08-01,285.5036281815283,291.5815713048187,280.5914362824954,287.5960388183594,21428100
AVGO,2025-08-04,291.1431645122426,297.400449390253,290.34603975909465,296.6431884765625,17164600
AVGO,2025-08-05,296.7328376118884,300.1105907915103,290.39585592554363,291.8704833984375,18477500
AVGO,2025-08-06,291.8405891342194,301.714748804207,290.844206084661,300.5788879394531,17392100
AVGO,2025-08-07,305.0626334049917,309.2175339897491,298.79537506257185,302.6613464355469,16319400
AVGO,2025-08-08,302.9502575639977,306.7564481551199,301.45568297235053,303.866943359375,12458700
AVGO,2025-08-11,303.9466462275217,307.19486479687686,300.20026652563314,302.8008117675781,12396400
AVGO,2025-08-12,305.5209597698995,312.3063263582977,303.5680573762634,311.6985168457031,17609600
AVGO,2025-08-13,315.604344023125,316.2021799590679,303.64774693306185,307.9720458984375,17371200
AVGO,2025-08-14,305.89960147840947,313.0337085014843,305.889627916577,310.1043395996094,15717600
AVGO,2025-08-15,309.9050647764562,310.3733660956816,298.675837084531,305.2320251464844,22806900
AVGO,2025-08-18,301.605183842217,305.06263449929554,297.9185541199927,304.65411376953125,14724700
AVGO,2025-08-19,301.3262003272975,301.80444477031716,291.33247872403075,293.8433532714844,20149600
AVGO,2025-08-20,294.3913439553484,294.4212342322375,280.85050119502444,290.11688232421875,23600500
AVGO,2025-08-21,289.0108789806071,291.33246862703726,285.1349645410327,288.55255126953125,14946300
AVGO,2025-08-22,290.69475314081933,299.0045840804541,287.96467333005705,292.9366149902344,16301300
AVGO,2025-08-25,291.7509246616038,297.3207023810555,290.6548972017836,293.1658020019531,15124700
AVGO,2025-08-26,293.28536321522665,299.16401725639395,292.9266494976974,296.93212890625,25689100
AVGO,2025-08-27,296.4538686779001,300.0906609869209,292.71743197537194,299.1640319824219,13830300
AVGO,2025-08-28,301.8343179592494,309.87513668147704,301.23648203212196,307.53363037109375,18907100
AVGO,2025-08-29,305.899592885595,305.899592885595,292.59787208762094,296.31439208984375,21610700
AVGO,2025-09-02,288.29351151701366,297.62961723838333,286.1313770004628,297.16131591796875,19693000
AVGO,2025-09-03,301.1966507762421,303.3488418851159,295.3279398199263,301.2962951660156,18529400
AVGO,2025-09-04,303.9566424105166,307.66318895826834,301.15680818142255,304.9928894042969,31220800
AVGO,2025-09-05,354.49316800977635,355.05114009731574,330.22129098021907,333.6787414550781,78401600
AVGO,2025-09-08,341.51030589623633,352.8890142231355,340.01573125336444,344.3998107910156,43535600
AVGO,2025-09-09,348.28572108973026,349.7105721166718,334.6153429310139,335.45233154296875,26972300
AVGO,2025-09-10,350.2486028434186,371.6210341170062,349.282109947066,368.23333740234375,51086800
AVGO,2025-09-11,369.83749813065486,372.8764850466621,357.462436174312,358.32928466796875,29430900
AVGO,2025-09-12,361.5974031029108,363.0720610727096,355.86820014112755,358.5683898925781,31949800
AVGO,2025-09-15,358.56839427416327,364.17803619479184,355.05116302049885,362.77313232421875,21792200
AVGO,2025-09-16,364.108259286033,364.3673286154711,355.6987837123167,358.6979064941406,21306500
AVGO,2025-09-17,357.5520681711368,358.62814849980543,340.26481594992777,344.9179382324219,45197100
AVGO,2025-09-18,348.73409712551546,349.43157748264656,342.54656637339025,344.1009216308594,24663900
AVGO,2025-09-19,343.4034232046415,345.01755893268125,335.21315305253,343.6923828125,41240100
AVGO,2025-09-22,341.7760380534867,346.007961438887,337.2946225641125,338.14300537109375,28660000
AVGO,2025-09-23,339.59022979989425,344.56073039886326,336.3763778545622,338.292724609375,21944100
AVGO,2025-09-24,339.1111706417358,339.43053638920253,333.17252116309095,338.6620178222656,19677300
AVGO,2025-09-25,332.3540534519229,337.41437819036025,326.67491764900683,335.4581298828125,21678200
AVGO,2025-09-26,336.78559955059944,338.4324424387367,329.9486749660252,333.8911437988281,15464700
AVGO,2025-09-29,335.3583412434885,340.3986850814345,326.92446601361576,327.2738037109375,21336000
AVGO,2025-09-30,329.4895586921265,330.41777534323023,323.99007149680943,329.27996826171875,20109500
AVGO,2025-10-01,327.52331274107087,337.3046155650654,323.88028938377545,332.7533264160156,21122700
AVGO,2025-10-02,346.94613279826723,346.94613279826723,334.6097520846038,337.5341491699219,19917600
AVGO,2025-10-03,340.84781268590405,343.7422682537494,335.0988032286194,337.7237854003906,14749100
AVGO,2025-10-06,335.2785061762593,343.47281899105866,333.9210875326703,334.84930419921875,18465700
AVGO,2025-10-07,336.38635869437076,337.4642827717498,325.9563033065211,335.7675476074219,18086700
AVGO,2025-10-08,333.18249269889185,345.8782018261481,331.9847722218821,344.8401794433594,21478300
AVGO,2025-10-09,345.0897008256517,346.6467191648675,339.74991194444385,344.361083984375,17643700
AVGO,2025-10-10,344.73040346364303,349.9304450982553,323.4311308853702,324.0100402832031,28941000
AVGO,2025-10-13,352.0962810574937,358.6936733463407,342.8639463884139,356.018798828125,45984300
AVGO,2025-10-14,349.46135044654557,350.00032771992784,339.0013534714144,343.4728088378906,22078000
AVGO,2025-10-15,353.7930450422342,358.7136225658441,346.8363549208457,350.6590270996094,23918500
AVGO,2025-10-16,356.1185964559741,362.5463002369994,348.822559012796,353.4736633300781,20317200
AVGO,2025-10-17,348.9423363810571,350.29975503263256,340.1292124033727,348.6628723144531,20937900
AVGO,2025-10-20,353.12431765989385,355.9089979812152,347.17570830871205,348.5730285644531,15640200
AVGO,2025-10-21,349.3315941537989,350.4294995415704,340.6581872793508,342.005615234375,16092600
AVGO,2025-10-22,346.6367480474716,347.3454140892065,334.8692853737159,339.6501159667969,19268800
AVGO,2025-10-23,339.7499215564238,345.9081519197073,339.7499215564238,343.63250732421875,12859200
AVGO,2025-10-24,351.8368035037162,357.615724116075,350.2099115239806,353.4537048339844,16143700
AVGO,2025-10-27,360.84957620143024,362.05725693787093,354.4018909218209,361.35858154296875,20065800
AVGO,2025-10-28,361.9274807904839,373.3456356622722,361.8376563232959,372.2577209472656,21056000
AVGO,2025-10-29,372.4773064541324,385.74193453414676,372.4773064541324,385.2428894042969,24975200
AVGO,2025-10-30,385.6620664689169,385.6620664689169,369.3532754406913,375.75103759765625,24295300
AVGO,2025-10-31,377.54758667637077,378.09655458766673,364.40275518375444,368.9241027832031,21598400
AVGO,2025-11-03,371.289569949187,374.13413323017323,361.28871669170906,361.85760498046875,17198900
AVGO,2025-11-04,357.8353037115148,368.24540811707857,350.32967603363403,351.26788330078125,24047500
AVGO,2025-11-05,350.2199173013735,364.17320009440454,349.4214267919185,358.2944641113281,17087600
AVGO,2025-11-06,359.42227629198584,362.8058169633589,352.0364143081127,354.9109191894531,19896900
AVGO,2025-11-07,353.51358407805725,353.82298961530716,336.62588383734607,348.7626647949219,21903200
AVGO,2025-11-10,357.21651196493383,359.3125076849558,353.93278635220935,357.7055969238281,16409000
AVGO,2025-11-11,358.2844643145674,361.19890129590146,349.00223701645064,351.287841796875,16446800
AVGO,2025-11-12,357.35624784064254,358.184649360429,351.0083779016386,354.5416259765625,12190500
AVGO,2025-11-13,350.9085725680634,352.8748116678882,333.52185668369225,339.33074951171875,22616600
AVGO,2025-11-14,330.8369674345405,344.0816137283381,328.4315663420069,341.80596923828125,18500800
AVGO,2025-11-17,339.17105383295115,351.52741664873565,336.8754278621148,341.9956359863281,14799600
AVGO,2025-11-18,342.54458731450086,347.30546686014986,334.86927082543855,339.8497314453125,21726800
AVGO,2025-11-19,340.0593246396941,359.0030887779281,337.154878322139,353.7431640625,21851900
AVGO,2025-11-20,365.30104892403585,375.36178572181956,344.5208016176336,346.1576843261719,28867000
AVGO,2025-11-21,344.5008427180449,347.93427569823666,331.16634081512166,339.5503234863281,30280300
AVGO,2025-11-24,347.06594034697866,381.27048291428184,346.99606671788854,377.2381896972656,47262400
AVGO,2025-11-25,384.1948931297658,387.3887942839682,371.04007024282095,384.2947082519531,33507600
AVGO,2025-11-26,384.81369582131686,399.10635596161484,382.5280910075386,396.8107604980469,28693000
AVGO,2025-11-28,398.5873688295901,402.2303923458253,396.40154862798926,402.1904602050781,13365500
AVGO,2025-12-01,394.09595313396335,394.66487190377194,384.3645729043559,385.3426818847656,23252000
AVGO,2025-12-02,387.5684272128699,392.74851810955937,379.0647091457051,380.84130859375,22207000
AVGO,2025-12-03,379.274297240148,381.5698926449878,369.94214725566906,379.88311767578125,21336400
AVGO,2025-12-04,379.9529999571057,383.15689168218967,375.8109313926675,380.3023376464844,15845900
AVGO,2025-12-05,385.43254658323315,392.77847660946213,384.4144749779196,389.4947509765625,24779900
AVGO,2025-12-08,401.71138434383937,406.5121961238282,396.6410686959877,400.3340148925781,30410600
AVGO,2025-12-09,397.9884900533008,406.15286104685873,394.7546873669902,405.51409912109375,24546000
AVGO,2025-12-10,401.43191432587605,413.81818763503134,398.79694142183473,412.18133544921875,31531000
AVGO,2025-12-11,404.05686558016885,408.51833024999127,393.43720107819075,405.59393310546875,45681600
AVGO,2025-12-12,379.2343611447257,381.2704737741121,354.4717445910618,359.24261474609375,95588500
AVGO,2025-12-15,361.198890766926,361.3086660726182,336.8654458966141,339.1610412597656,65894900
AVGO,2025-12-16,335.37827800796214,346.83636515155337,334.42011988751364,340.648193359375,58061100
AVGO,2025-12-17,345.9480437905322,345.9480437905322,320.80617864389535,325.3973693847656,73300900
AVGO,2025-12-18,335.3583382333405,335.3882797237394,323.01196619032106,329.2500305175781,54501900
AVGO,2025-12-19,332.7034086883467,342.79411720970523,331.9448503322005,339.7099914550781,159095200
AVGO,2025-12-22,346.0299987792969,346.239990234375,337.2200012207031,341.45001220703125,28739600
AVGO,2025-12-23,340.80999755859375,350.1099853515625,338.5400085449219,349.32000732421875,28232600
AVGO,2025-12-24,350.69000244140625,352.8599853515625,347.1400146484375,350.2200012207031,11424400
AVGO,2025-12-26,351.05999755859375,353.25,347.75,352.1300048828125,15028100
AVGO,2025-12-29,348.7200012207031,350.3299865722656,344.69000244140625,349.3900146484375,21946900
AVGO,2025-12-30,349.9700012207031,352.67999267578125,349.29998779296875,349.8500061035156,16633600
AVGO,2025-12-31,349.7300109863281,349.8800048828125,345.4200134277344,346.1000061035156,15346100
AVGO,2026-01-02,352.7799987792969,360.6600036621094,345.55999755859375,347.6199951171875,25398600
AVGO,2026-01-05,354.739990234375,355.0299987792969,336.5,343.4200134277344,31136000
AVGO,2026-01-06,343.6000061035156,349.04998779296875,338.0,343.7699890136719,27135500
AVGO,2026-01-07,341.70001220703125,349.70001220703125,335.8800048828125,343.5,20249300
AVGO,2026-01-08,342.7799987792969,343.67999267578125,330.5,332.4800109863281,24385200
AVGO,2026-01-09,337.9200134277344,347.3900146484375,333.5,344.9700012207031,22482500
AVGO,2026-01-12,340.95001220703125,353.8999938964844,340.95001220703125,352.2099914550781,20949600
AVGO,2026-01-13,352.8800048828125,359.489990234375,350.9100036621094,354.6099853515625,18308000
AVGO,2026-01-14,348.9700012207031,350.69000244140625,334.4200134277344,339.8900146484375,30094700
AVGO,2026-01-15,349.1199951171875,349.67999267578125,341.6700134277344,343.0199890136719,22218800
AVGO,2026-01-16,346.2699890136719,354.510009765625,344.04998779296875,351.7099914550781,31291200
AVGO,2026-01-20,344.1000061035156,345.3999938964844,331.79998779296875,332.6000061035156,32293900
AVGO,2026-01-21,335.510009765625,335.79998779296875,324.20001220703125,328.79998779296875,32006600
AVGO,2026-01-22,335.3500061035156,336.989990234375,324.8900146484375,325.489990234375,24275400
AVGO,2026-01-23,319.29998779296875,321.989990234375,314.1099853515625,320.04998779296875,30259500
AVGO,2026-01-26,319.79998779296875,328.67999267578125,317.6000061035156,324.8500061035156,25006400
AVGO,2026-01-27,329.760009765625,334.760009765625,327.0199890136719,332.7900085449219,25537600
