ticker,date,open,high,low,close,volume
CAT,2020-01-02,131.21738984995034,132.58240565338068,130.31911939177505,132.56478881835938,3311900
CAT,2020-01-03,131.01482992502793,132.0628097797954,129.85236081085367,130.72421264648438,3100600
CAT,2020-01-06,129.6938466445495,130.82988376392572,129.0509599047996,130.63613891601562,2549600
CAT,2020-01-07,129.76428431445112,129.9580291381384,128.1438718401843,128.91004943847656,2841900
CAT,2020-01-08,129.30636888915743,130.83871098111703,128.98053135926838,130.05491638183594,2153200
CAT,2020-01-09,130.16942231258906,130.31033013079278,129.02456980567501,129.72909545898438,2272500
CAT,2020-01-10,129.85235122049642,130.09013141950817,128.42569690183706,128.6898956298828,2393700
CAT,2020-01-13,129.04214936029865,129.30634808367262,128.17911273913535,129.29754638671875,3355200
CAT,2020-01-14,129.85236236246482,130.3191076657223,128.848417859912,129.17425537109375,2742200
CAT,2020-01-15,128.76913561859857,129.22707912922473,127.8708654271367,128.19671630859375,2640500
CAT,2020-01-16,128.95408581135135,130.27506606397836,128.78677293369165,130.22222900390625,3070900
CAT,2020-01-17,130.55040627683613,131.49044503517845,130.00943878903956,131.05589294433594,3331500
CAT,2020-01-21,130.5414821782526,131.13565715001968,129.20237263280407,129.34426879882812,2476700
CAT,2020-01-22,129.69900888214906,129.9739242743234,126.39113367533561,126.48868560791016,3602400
CAT,2020-01-23,125.7614924196454,127.00306384478844,123.97896711616296,126.5951156616211,3182700
CAT,2020-01-24,126.41771469192192,126.55073387961289,123.50003421025328,124.49329376220703,2526200
CAT,2020-01-27,121.407135432036,122.2141547364554,120.22766233414868,120.36954498291016,2920500
CAT,2020-01-28,121.51355506161467,122.02791852852536,120.27198387294499,121.26524353027344,2763800
CAT,2020-01-29,122.01906409676614,122.16982373064192,120.31635033938744,120.41390228271484,2620000
CAT,2020-01-30,119.50928761075875,120.58235859824063,117.8686591085924,120.05025482177734,3862600
CAT,2020-01-31,118.67569484966306,119.7132851805021,115.7668776042462,116.48522186279297,6785700
CAT,2020-02-03,116.56505133434705,118.09040150828497,114.66723382007059,115.08404541015625,4385300
CAT,2020-02-04,117.94847806973281,119.52703556585348,117.66468576249395,118.4007568359375,3501600
CAT,2020-02-05,120.20991484345807,121.9126283159202,120.11236291645412,121.88602447509766,4448100
CAT,2020-02-06,122.56002354650641,122.67531588985305,120.72429068194522,121.71753692626953,2283800
CAT,2020-02-07,120.64442443098469,121.04350901186974,117.9484654602418,118.2765884399414,3812300
CAT,2020-02-10,117.98396943739067,119.12798880313653,117.75339828964229,119.11912536621094,2331600
CAT,2020-02-11,120.15670226526666,121.69977909794726,119.77535800907741,120.77748107910156,2381900
CAT,2020-02-12,122.73738608737193,124.10311319497066,122.4624706848198,123.79271697998047,3222000
CAT,2020-02-13,124.15631631080663,124.59973172620238,122.76398541112101,123.90800476074219,3318800
CAT,2020-02-14,123.70406397517971,123.81934280615727,121.39829790808383,122.37381744384766,2813400
CAT,2020-02-18,121.90378284058605,122.88816569194789,119.79312094459299,121.12336730957031,3869700
CAT,2020-02-19,121.30957367666801,121.6820545039048,120.66219101097612,121.37165832519531,2134900
CAT,2020-02-20,120.83954090174313,123.17190986857486,120.78633322723871,121.4337158203125,2678200
CAT,2020-02-21,121.05241200841397,121.88603517930059,119.81971765817832,121.68206787109375,2855600
CAT,2020-02-24,117.53166956091552,118.71115599540381,117.10599462120831,117.21240997314453,4964800
CAT,2020-02-25,117.92189591129441,118.07265552774508,113.73605333372605,114.40117645263672,4840200
CAT,2020-02-26,114.97761121076363,116.16597480223412,113.1152745948135,113.73605346679688,3902500
CAT,2020-02-27,111.38595094250742,113.98436554615955,109.2752960019571,109.31963348388672,7369000
CAT,2020-02-28,106.0383498426748,110.17984771728516,105.55946043778899,110.17984771728516,8300700
CAT,2020-03-02,110.89817005823953,113.40789553269347,109.08903480891468,113.15958404541016,6100200
CAT,2020-03-03,112.6275075317117,114.89779213259108,109.77191137630334,110.30400848388672,6358100
CAT,2020-03-04,111.80275224959105,113.01771281140708,110.24192823696274,112.98223876953125,5074700
CAT,2020-03-05,109.21321630946174,110.72082598979766,107.51936620375972,108.16675567626953,6015300
CAT,2020-03-06,105.53286244870063,108.06032880961179,105.38210284046671,107.67012786865234,5767900
CAT,2020-03-09,100.20300952806366,100.20300952806366,92.25700642506916,92.29248046875,8636200
CAT,2020-03-10,96.34530154341823,96.71776887094083,87.8938047534868,94.43861389160156,8293200
CAT,2020-03-11,92.0530583133049,92.89554503683992,88.74517578507971,89.29501342773438,6543600
CAT,2020-03-12,82.91867612228631,83.61040303304884,77.59769155828933,81.81900787353516,10285900
CAT,2020-03-13,87.25526933745212,88.6032557487785,79.93891628836657,88.36380767822266,8718600
CAT,2020-03-16,78.9279256248001,93.8710203028161,78.48451031230123,82.83885192871094,9899000
CAT,2020-03-17,85.14461205752897,89.07327208259306,82.44864608681858,88.86042785644531,7206100
CAT,2020-03-18,83.35322769474243,91.29923110794839,82.57281900124282,88.78950500488281,6995100
CAT,2020-03-19,88.00022063881705,92.58513411436093,86.24429273010779,91.3524398803711,6870800
CAT,2020-03-20,91.44999805783928,92.22153655335939,83.50399459537888,84.69234466552734,7650300
CAT,2020-03-23,83.2734120032665,85.34859279096432,80.38234175182426,81.45540618896484,6737500
CAT,2020-03-24,85.18897116407521,90.48335253785939,84.3996922314523,89.8714370727539,7417100
CAT,2020-03-25,89.72066956098956,96.22114088715566,87.35283297128878,92.82457733154297,6578100
CAT,2020-03-26,92.98419448031203,98.4116006213687,91.24600717745936,97.99478912353516,6059600
CAT,2020-03-27,92.61175279910627,97.23214105808091,91.69831803847364,93.50745391845703,5746500
CAT,2020-03-30,94.29670188369647,100.06996437503899,93.05513765676943,99.0678482055664,5725600
CAT,2020-03-31,98.19877526584051,103.67938975796301,97.78196371660103,102.90784454345703,8970800
CAT,2020-04-01,99.40485668904486,103.53749128032479,97.1079682671997,98.74860382080078,6847000
CAT,2020-04-02,98.64220720025605,105.10719871798186,98.55351869457812,103.52864074707031,8106500
CAT,2020-04-03,102.42894217215593,103.61729201981566,99.43145694953779,101.69287109375,5036400
CAT,2020-04-06,106.45517715558744,107.95392347282447,104.76132696675947,106.80104064941406,5785600
CAT,2020-04-07,108.98265600680324,114.22383022200034,106.8720007602036,108.12242889404297,8489900
CAT,2020-04-08,109.07131191898691,113.67395890517416,107.34199466492548,112.98223876953125,4686100
CAT,2020-04-09,114.09077036661137,114.93327040314531,109.21320801648979,110.88044738769531,4752100
CAT,2020-04-13,106.37534678591902,106.46403527456295,100.72623918395871,101.22286224365234,10519600
CAT,2020-04-14,103.31578356493011,104.50413353594563,101.55099224657917,103.29804992675781,7166300
CAT,2020-04-15,100.17640190081663,100.30055766601635,97.37402021576099,98.90823364257812,5652800
CAT,2020-04-16,99.19202934942209,100.62869776406036,96.54040699891881,100.40699005126953,5926400
CAT,2020-04-17,102.4296372164521,104.30013397362349,101.89265488640937,104.08534240722656,4132300
CAT,2020-04-20,102.42067358636585,104.77444922843888,100.34433728441829,102.5638656616211,4083800
CAT,2020-04-21,99.37777149011767,99.37777149011767,97.19403587179877,98.31275177001953,5743300
CAT,2020-04-22,100.26377912701612,100.32642693579312,97.73995667212951,99.01976776123047,3794000
CAT,2020-04-23,99.63731023831662,103.12770506067179,99.29721624947143,101.0513687133789,3545400
CAT,2020-04-24,102.01793174116769,102.36697053279747,99.52990883545817,102.06268310546875,3045300
CAT,2020-04-27,99.20771572079374,103.9331701647549,98.20535073455918,103.10084533691406,5344800
CAT,2020-04-28,105.48149318252105,105.60678882640603,101.46306728226577,103.33355712890625,5604600
CAT,2020-04-29,104.67598778902556,108.13058235056427,104.29114932248838,107.45040130615234,4261100
CAT,2020-04-30,105.60676416182629,105.83050730623695,103.2171890182643,104.15690612792969,4040500
CAT,2020-05-01,102.02686719424261,102.55489770311154,98.95711118009892,99.23455047607422,3960400
CAT,2020-05-04,98.46489680636013,98.69759162816078,95.38619525651333,96.40646362304688,4500700
CAT,2020-05-05,97.7668171287912,99.42251528006265,97.31933077287461,97.47148132324219,3477400
CAT,2020-05-06,98.47383013341832,98.66177355250362,95.4935698562824,96.3616943359375,4465300
CAT,2020-05-07,97.56991289736654,98.49174043978319,95.56517612257247,96.02161407470703,4377900
CAT,2020-05-08,97.52517450112649,100.41593244769328,96.92554444138659,100.33538818359375,3911300
CAT,2020-05-11,98.59019037994051,99.13611741446971,96.81814152896403,97.2029800415039,4207300
CAT,2020-05-12,97.65044423695655,97.84733926778925,93.97210693359375,93.97210693359375,3874100
CAT,2020-05-13,94.09742277625833,94.23167003781101,91.77944691730612,93.50674438476562,5376100
CAT,2020-05-14,91.73469627121703,95.1176917826743,89.69415972958245,95.03714752197266,5542400
CAT,2020-05-15,94.13321857122884,96.64808939838464,93.32774186364007,96.58544158935547,6583100
CAT,2020-05-18,100.4338164737456,103.51252410261071,100.24587306543907,102.93973541259766,5603500
CAT,2020-05-19,102.8770997598175,103.3156412590904,100.24588490467607,100.30853271484375,3404900
CAT,2020-05-20,101.40934376310018,105.14138471808556,101.17665580185819,103.53938293457031,3735700
CAT,2020-05-21,102.87709911482503,103.53043212656253,101.86578252043047,102.08057403564453,2342300
CAT,2020-05-22,102.14324408359126,102.17009900342651,99.76261996574708,100.6575927734375,2735100
CAT,2020-05-26,103.79892427130179,106.10794837034713,103.79892427130179,105.0787353515625,4185100
CAT,2020-05-27,107.14612991073001,109.62520121998551,106.97608291722271,109.56255340576172,4462700
CAT,2020-05-28,111.64784042129627,111.71943987353679,107.64731149967653,108.05899810791016,3743700
CAT,2020-05-29,107.06558279800416,108.03215496317637,105.22194120110522,107.51306915283203,4219000
CAT,2020-06-01,107.27141820678305,108.47067823369322,105.25772982253307,107.84420013427734,2131300
CAT,2020-06-02,109.04345667150098,110.81550539729423,108.54227420800747,110.3680191040039,2977500
CAT,2020-06-03,112.27431089937734,113.97476021954617,111.88052759511551,113.7420654296875,3712600
CAT,2020-06-04,112.23853168532642,115.47832854998383,111.63889477574678,115.41568756103516,3076700
CAT,2020-06-05,123.37198075638496,124.7323293022082,119.38039687452877,120.92869567871094,5591900
CAT,2020-06-08,121.10770166460652,125.24247080486907,121.10770166460652,123.25563049316406,4139200
CAT,2020-06-09,120.8391957265138,121.18823446957181,119.21929762011125,120.09636688232422,3819600
CAT,2020-06-10,119.67575350608982,121.16141150244235,116.84763642642596,118.53018951416016,4018700
CAT,2020-06-11,113.13348759144017,113.51831924748488,108.75706537496983,108.78392028808594,5969300
CAT,2020-06-12,111.33458943438679,112.02371531115634,106.81497521000196,110.21587371826172,4492700
CAT,2020-06-15,106.06321190322068,111.31669705014899,105.61572557298967,110.62757110595703,4093100
CAT,2020-06-16,117.57255351425758,118.53018081168676,113.1155935086295,116.44489288330078,6892400
CAT,2020-06-17,116.48962552278664,116.76706481671373,114.34169012682953,114.76232147216797,3228100
CAT,2020-06-18,113.7868249653861,115.433571404285,113.39303480473653,114.18955993652344,2467700
CAT,2020-06-19,116.34642742794288,116.34642742794288,112.52489777755761,114.07319641113281,6488000
CAT,2020-06-22,113.08873210346498,113.19613126771272,111.51357850165827,112.57859802246094,2806300
CAT,2020-06-23,114.01057136827379,114.17166672691951,112.61441614541069,112.99030303955078,2357100
CAT,2020-06-24,111.68363471643622,111.728379250836,109.03451656525512,109.2403564453125,3766500
CAT,2020-06-25,108.83762382679707,111.71943683413032,108.11269816985775,111.6120376586914,2903400
CAT,2020-06-26,111.2719547475461,111.37040228842102,108.69442906369318,109.53570556640625,3645800
CAT,2020-06-29,110.72600709075321,112.80234317323836,110.33221697624951,112.0953140258789,2798700
CAT,2020-06-30,110.98554019128403,113.71520218387128,110.98554019128403,113.21401977539062,2778800
CAT,2020-07-01,115.79156725444926,115.8094568752066,112.65915611273381,112.82025146484375,2807800
CAT,2020-07-02,114.7802502772316,116.65073996722445,113.83158138780747,114.30591583251953,2527500
CAT,2020-07-06,116.46278015053568,116.79391561793679,114.70862797620622,115.83628845214844,2491900
CAT,2020-07-07,114.32380117345464,115.22772543631801,113.48253154929891,113.84051513671875,2018100
CAT,2020-07-08,115.74681602575812,115.74681602575812,113.18719366595676,114.6728515625,2279500
CAT,2020-07-09,114.14479274407083,114.86972510757128,111.97896094657658,112.52489471435547,2663500
CAT,2020-07-10,112.73969171847806,114.76232473838044,112.60544447214153,114.5654296875,2691400
CAT,2020-07-13,115.82737104964947,118.21694664068453,115.31724368608934,116.85659790039062,3708400
CAT,2020-07-14,116.63284208556838,122.88869215744,115.65731152017565,122.50386047363281,6540800
CAT,2020-07-15,125.44830547989599,125.44830547989599,122.70969155742502,123.82840728759766,4915200
CAT,2020-07-16,123.77471255434955,126.18219101861936,123.14823446942012,124.00740051269531,3621500
CAT,2020-07-17,124.3139647947076,124.81890074342489,123.10572323763797,123.43933868408203,2458200
CAT,2020-07-20,122.41144670708898,123.4844426288012,121.05893361420294,121.39256286621094,2478000
CAT,2020-07-21,121.51878553005552,123.69181257337992,121.2122054678399,122.5106201171875,3221100
CAT,2020-07-22,121.951580244936,124.31396504918762,121.89748193010165,123.511474609375,2156800
CAT,2020-07-23,123.43936064028517,123.99840876163688,122.36637843764555,123.16886901855469,1613700
CAT,2020-07-24,123.70984921542808,125.05335037424386,123.39427111345306,124.052490234375,2036300
CAT,2020-07-27,123.66475789320928,126.54110420856529,123.58361042086656,126.1353530883789,2506900
CAT,2020-07-28,125.27872609542716,126.22548759254174,124.35901374750425,124.45819854736328,2029900
CAT,2020-07-29,124.9541762453121,127.20836470313961,124.25087054714787,126.71244049072266,2338300
CAT,2020-07-30,125.40500667906309,125.42304403805464,122.60079584948036,123.28606414794922,3063500
CAT,2020-07-31,119.40886367429724,121.86142180251542,117.40715699343951,119.81462860107422,6780900
CAT,2020-08-03,119.29165948938021,119.9228295246571,118.20965174912338,118.82278442382812,2851100
CAT,2020-08-04,118.45307358684596,119.41787271164675,117.82190366142476,118.58833312988281,2301800
CAT,2020-08-05,119.72446341836998,122.57376110118572,119.57118024510444,121.69913482666016,2767800
CAT,2020-08-06,121.29336965694819,121.91552783812229,120.55398927976341,121.1761474609375,2446400
CAT,2020-08-07,120.82450537580536,121.82536563485439,119.49002961656497,121.65404510498047,2223700
CAT,2020-08-10,122.38436382491112,128.18214217334034,122.33927731587616,128.055908203125,5181600
CAT,2020-08-11,129.85930955551845,131.82495554437344,128.29940103209543,128.51580810546875,4206000
CAT,2020-08-12,129.79616728388507,129.99453696676397,127.4337822076582,128.55186462402344,2541200
CAT,2020-08-13,127.67724940613877,128.70515887027102,126.02718167925993,126.83868408203125,2939900
CAT,2020-08-14,125.7386002956589,127.03701474791562,125.12546778124394,126.1984634399414,2038500
CAT,2020-08-17,126.36981846505167,126.77558345532059,124.70172701024379,125.08042907714844,2284000
CAT,2020-08-18,125.28777432595781,126.33372092709217,124.50332125434332,124.76480102539062,1563200
CAT,2020-08-19,124.88203431867606,126.1624116476774,123.94429802084191,124.44923400878906,1849500
CAT,2020-08-20,122.64587261723723,124.41314842064679,122.3122434155488,123.96231079101562,2279700
CAT,2020-08-21,123.34918726676214,125.33287023095302,123.34918726676214,124.81890869140625,2524600
CAT,2020-08-24,126.01812902877461,128.26330537288615,125.40499645777246,127.74934387207031,2921700
CAT,2020-08-25,128.64202720101397,130.67980864458178,126.72145420325877,127.27147674560547,2467500
CAT,2020-08-26,126.66736851489928,128.43465852250014,126.06324758984813,127.88463592529297,2379900
CAT,2020-08-27,128.15510957948203,130.14780420669166,127.38868010226442,129.27317810058594,3010300
CAT,2020-08-28,130.09371284362177,131.50934968675574,128.66005240035847,129.50762939453125,3698700
CAT,2020-08-31,129.39040916844047,129.4805822043515,128.2813523707979,128.31741333007812,2886500
CAT,2020-09-01,127.74038414298239,131.7528379225446,127.05511562103318,131.68972778320312,2673900
CAT,2020-09-02,132.42901956739792,134.84551602690152,132.00523116321412,134.59304809570312,4515500
CAT,2020-09-03,133.9799165331768,136.33328938831343,131.01341113756166,132.32984924316406,4479100
CAT,2020-09-04,134.07913509063914,135.95462165565792,131.6806751197375,133.61026000976562,5129400
CAT,2020-09-08,132.54625887934205,135.9365527928657,131.39211568501602,133.91680908203125,4775200
CAT,2020-09-09,135.07096252541405,140.19247161904204,134.53897740110253,137.6768035888672,5345100
CAT,2020-09-10,137.06367290485377,138.18175535638375,134.12421604738716,135.1250762939453,4387000
CAT,2020-09-11,135.68407925391784,139.21864436111932,135.46768601291814,138.70469665527344,3237100
CAT,2020-09-14,138.85799405611948,139.57933703667703,137.24400134776673,138.41616821289062,2569300
CAT,2020-09-15,139.03835763706505,139.281813871442,133.7725760839089,133.98898315429688,4092400
CAT,2020-09-16,135.25132167609382,137.036635269845,133.78158624450128,136.25218200683594,3302000
CAT,2020-09-17,135.116058638527,140.8867754578926,134.48487487769629,138.74078369140625,4487000
CAT,2020-09-18,138.56946622524458,140.8507176015351,137.108756507814,137.40631103515625,5113500
CAT,2020-09-21,133.9528735265027,134.80045046657793,129.72401438408858,131.04046630859375,4278200
CAT,2020-09-22,130.75191887287357,132.99709512670654,130.2920694631125,132.68150329589844,2579500
CAT,2020-09-23,132.97908441651654,134.26848739560822,129.4805932129948,130.18389892578125,2420100
CAT,2020-09-24,129.85929906536688,132.94302737982994,128.696130057852,130.86917114257812,2138800
CAT,2020-09-25,129.74204304288364,132.27574813527312,128.94856446988965,131.5634307861328,1848900
CAT,2020-09-28,133.44795128428837,135.53081913338326,132.91596613187798,133.15940856933594,2212700
CAT,2020-09-29,133.78155514258697,134.32256580690603,131.83394701967836,132.91595458984375,1605600
CAT,2020-09-30,133.44797248895978,136.10791243214584,133.2135418146657,134.48489379882812,3642800
CAT,2020-10-01,135.179175655771,135.5308285149147,131.32901780726687,132.28480529785156,2157400
CAT,2020-10-02,130.0846629455471,136.37835092425885,129.61578806851048,135.19715881347656,3220500
CAT,2020-10-05,137.2079447033414,139.26376352569648,136.71202047898498,138.39816284179688,2597700
CAT,2020-10-06,138.85799850362562,140.16542495862092,136.40544054626034,136.630859375,2559800
CAT,2020-10-07,138.2087604786055,140.71541619675884,138.13662481841408,139.55226135253906,2334200
CAT,2020-10-08,140.43592665047868,141.31956458377215,139.07440191337025,141.25645446777344,1842900
CAT,2020-10-09,142.34748712114333,143.7180375442152,141.92369859399923,143.31228637695312,4084200
CAT,2020-10-12,144.24097704385167,147.15338397035362,143.83522597186376,146.62139892578125,4279800
CAT,2020-10-13,145.81896177117633,147.13540028569093,145.27795097219908,146.17962646484375,3319000
CAT,2020-10-14,146.66651299184502,148.61413501347783,146.5222416365077,147.52310180664062,4087100
CAT,2020-10-15,144.5115479403739,149.47977539466518,144.40333751584683,148.81253051757812,2958500
CAT,2020-10-16,150.80520182291667,153.7446585018105,150.23714195145502,152.15771484375,5569000
CAT,2020-10-19,152.14865003122637,153.30279297286287,150.39939826573914,151.0576171875,2757700
CAT,2020-10-20,151.66176860593689,154.42089256602225,151.40028884697898,152.3740997314453,3007100
CAT,2020-10-21,153.11345483968276,153.75365024915544,150.3453192868502,150.94041442871094,2502000
CAT,2020-10-22,151.46340413864263,153.14954620629334,150.4805814214463,152.9782257080078,2356800
CAT,2020-10-23,153.64954176283132,154.8107346043371,152.0075431592572,152.9419403076172,2857300
CAT,2020-10-26,151.17292631490528,151.17292631490528,145.90219698201957,148.05221557617188,4506600
CAT,2020-10-27,146.02014508666457,146.8275372001262,142.43676206289194,143.25323486328125,4857900
CAT,2020-10-28,139.52472287430842,141.00342148332817,136.5491642811434,137.1297607421875,5645100
CAT,2020-10-29,136.62170825687977,141.0759644055947,135.74174000712665,140.31393432617188,3867200
CAT,2020-10-30,139.66989153368527,142.69079854248625,138.83527104747026,142.47308349609375,4373500
CAT,2020-11-02,144.42348243901512,148.64189028104687,143.01734649167122,148.11572265625,4072400
CAT,2020-11-03,149.68517931101505,153.313910930676,147.93432294893466,152.12550354003906,4843600
CAT,2020-11-04,144.40539177631848,147.30838862081862,140.822021484375,140.822021484375,9081700
CAT,2020-11-05,143.0355387820348,149.64891045741996,142.9720431715479,147.9524688720703,4821600
CAT,2020-11-06,148.72356195449146,150.17504624129546,145.83871322916661,146.31951904296875,2983000
CAT,2020-11-09,157.87703027575168,159.9998348225173,154.3299420101016,154.96498107910156,5969600
CAT,2020-11-10,155.94470527352468,158.74791042096732,154.91959820466352,156.30758666992188,3499100
CAT,2020-11-11,156.3802042921798,156.70679071402355,151.92593260168994,153.73123168945312,2345500
CAT,2020-11-12,153.15966613555943,155.21897486461057,152.08918328691888,153.43182373046875,2185500
CAT,2020-11-13,154.49325340940987,156.23504294754818,153.48627981864885,155.7723846435547,2120200
CAT,2020-11-16,158.75697345768967,158.75697345768967,155.88120594244293,157.11497497558594,3902400
CAT,2020-11-17,156.18964364639749,156.4708680683232,154.39342577804246,155.9537811279297,2110800
CAT,2020-11-18,156.07171757911794,159.10171854965384,156.07171757911794,156.70675659179688,3165100
CAT,2020-11-19,156.4890458393808,157.1694329952042,154.8651945848543,156.85191345214844,2012100
CAT,2020-11-20,156.44366090024326,157.05147167554713,155.40947312931408,156.24407958984375,2449800
CAT,2020-11-23,157.6320429229046,159.21054562350025,157.1603179395147,158.557373046875,2403500
CAT,2020-11-24,159.89097329599687,161.7688483927298,159.00193800123296,160.4806365966797,3447000
CAT,2020-11-25,160.08148717096046,160.09962086082743,156.74304718142682,158.4213409423828,2506400
CAT,2020-11-27,158.2217485379037,159.59158952258178,157.7409427823705,158.82955932617188,976900
CAT,2020-11-30,157.49597650794382,158.64810232072705,156.4254938094305,157.4778289794922,2382600
CAT,2020-12-01,159.11081668191514,160.18129975856712,156.8882212280148,157.1785125732422,2710200
CAT,2020-12-02,157.17847527917533,158.2308105712754,156.2894400770611,157.7318572998047,1971000
CAT,2020-12-03,157.7318731371198,158.82957044457143,157.19663859330558,158.4213409423828,2903900
CAT,2020-12-04,159.59160274092636,166.74927475846283,159.3194451218067,165.29779052734375,6086200
CAT,2020-12-07,163.6466798567765,163.6466798567765,160.17216859995435,162.12261962890625,4587400
CAT,2020-12-08,161.17010099927296,163.96422570914933,161.02494842778327,162.24057006835938,2001600
CAT,2020-12-09,162.9481866781839,163.72836451922822,160.571371930066,163.35643005371094,2915500
CAT,2020-12-10,162.6034497855642,162.86652670642297,160.69836037172013,162.24964904785156,3109400
CAT,2020-12-11,160.56230933628518,163.09334358200996,159.87284146070172,162.64881896972656,2673400
CAT,2020-12-14,163.83722957724578,166.31383490195074,161.27896727506888,161.52391052246094,2533600
CAT,2020-12-15,163.2294167246796,165.7967460584011,162.40389078488894,164.87142944335938,2360300
CAT,2020-12-16,164.06398124042067,164.44499627711033,161.8050915487876,162.8392791748047,2031800
CAT,2020-12-17,163.90073715402372,163.95516591464042,162.00472816580663,162.5399627685547,2296500
CAT,2020-12-18,163.35641097447427,164.47224192572727,160.9977301930751,164.16380310058594,5262700
CAT,2020-12-21,160.51694969478973,164.10031949634453,159.95450070833425,163.43807983398438,2071000
CAT,2020-12-22,162.64876474895408,163.43802303592122,160.09958381879784,160.1903076171875,2493300
CAT,2020-12-23,160.9795896571107,162.64880273424936,160.58042699898812,161.85955810546875,1862500
CAT,2020-12-24,162.7939623828907,163.15684383445839,161.7960695367315,162.8937530517578,585700
CAT,2020-12-28,163.72838089093617,164.30897744633788,161.7597954789879,161.81422424316406,1508800
CAT,2020-12-29,162.53993440055376,162.73044887197472,158.85677458817275,160.2538299560547,1490300
CAT,2020-12-30,163.0842637140045,165.31592575805783,162.10450458154997,163.32919311523438,2720600
CAT,2020-12-31,163.51969460542887,165.19798827014486,162.15892044782476,165.1254119873047,1717800
CAT,2021-01-04,166.01447344149662,168.71787465223602,163.51972042529928,165.2433624267578,4078300
CAT,2021-01-05,164.39058440496032,168.55454970735067,164.39058440496032,166.59503173828125,2933700
CAT,2021-01-06,169.779281967435,178.96904959458118,168.87209902592048,175.86648559570312,8034700
CAT,2021-01-07,178.5789463572083,179.05067146414083,174.36053787484622,176.20211791992188,5297500
CAT,2021-01-08,175.85738991609156,177.13650713359354,173.56221855777622,176.2293243408203,3186600
CAT,2021-01-11,173.77996206171713,177.31798383913159,172.64598338482398,175.86648559570312,2540800
CAT,2021-01-12,176.61033646362202,179.62218992905986,175.36750048816072,179.2048797607422,2466100
CAT,2021-01-13,180.33884743122968,181.5907640186892,177.6263799484138,177.70802307128906,3154700
CAT,2021-01-14,177.8985542823439,179.54055295091317,177.2272340207556,179.077880859375,2486600
CAT,2021-01-15,177.49937070574404,177.544732609323,173.1630384997781,176.55589294433594,3317100
CAT,2021-01-19,177.19433166697968,178.85419574947522,176.41913188902424,176.9845733642578,2361200
CAT,2021-01-20,175.7077279730729,176.8386106817276,173.66482198132726,175.41587829589844,2501100
CAT,2021-01-21,175.4250386341868,176.67448723691743,173.32741393228673,175.27911376953125,1951200
CAT,2021-01-22,174.05699951986844,175.85365915078341,172.65249725111465,175.05108642578125,2027000
CAT,2021-01-25,173.79253733801986,174.53126284572943,170.5184263987375,170.85586547851562,3837100
CAT,2021-01-26,171.0930031265746,172.7437382431859,170.39075185200403,170.73731994628906,2506000
CAT,2021-01-27,167.99213350462236,169.22335179632287,163.5597671371238,164.73626708984375,4095300
CAT,2021-01-28,166.22286093417637,171.10211775050595,165.3564546169654,168.11984252929688,3445400
CAT,2021-01-29,167.35376072742798,172.2056584538883,164.8274902520744,166.7518310546875,4541400
CAT,2021-02-01,169.59731232567032,170.36339705424777,166.00399225418178,168.46641540527344,2738200
CAT,2021-02-02,170.0897568343522,175.817174878806,169.30542817648572,175.5618133544922,5265400
CAT,2021-02-03,174.11173851807087,174.67717995987863,172.4245153617493,174.60421752929688,2979000
CAT,2021-02-04,175.10581470948904,175.66214103161872,173.4641949133556,174.78660583496094,2253800
CAT,2021-02-05,175.58007685093023,177.2308118570864,173.290924047249,176.01783752441406,2240000
CAT,2021-02-08,177.84185812409396,180.15835620424053,177.54089330963694,180.07627868652344,2725700
CAT,2021-02-09,180.15835159247038,181.1798117016146,177.74153196937155,179.92123413085938,2331600
CAT,2021-02-10,181.03390666208358,182.1374444076691,178.99100013627995,180.32254028320312,2816400
CAT,2021-02-11,180.20394338137072,180.9609128926917,177.2855159327691,180.89707946777344,2178200
CAT,2021-02-12,180.55961184465124,181.27097804259262,179.44695929583864,180.56874084472656,1804200
CAT,2021-02-16,182.173889911436,187.12609460699383,181.70877009594778,184.57247924804688,3722700
CAT,2021-02-17,184.58163502485777,185.04675494288415,182.21040433604506,184.4995574951172,2290400
CAT,2021-02-18,183.8155290057653,185.02850338657527,181.10685950804708,182.32894897460938,2345800
CAT,2021-02-19,185.36595403739656,192.85355909112067,184.864345966486,191.43994140625,4937300
CAT,2021-02-22,191.1845541425515,199.6115129370621,190.92006359698567,198.87278747558594,4578300
CAT,2021-02-23,200.21345850503914,201.31699620077438,194.5133987290879,200.80625915527344,4125100
CAT,2021-02-24,201.01600761949987,206.72518180659003,200.5326437209139,202.89474487304688,4925000
CAT,2021-02-25,203.94356216173836,204.65492846620612,200.38673063939953,202.3019561767578,4313000
CAT,2021-02-26,201.32609479759276,202.83090488873233,196.82989469432763,196.88461303710938,4461300
CAT,2021-03-01,200.01281625082495,202.9950914364895,199.63888898784307,200.4232177734375,2871200
CAT,2021-03-02,199.44738872882937,200.0401894234026,196.09118604531588,196.82992553710938,2854300
CAT,2021-03-03,193.47369921292747,198.4076740610242,193.3551335220354,195.99996948242188,2664000
CAT,2021-03-04,195.60777660697883,197.60507946440484,190.12660499974075,194.04824829101562,3568400
CAT,2021-03-05,195.48007810085778,201.3534204621745,192.88997492169267,200.78797912597656,3602300
CAT,2021-03-08,201.52674249004218,204.56373582755887,199.00960125285897,202.08306884765625,3048700
CAT,2021-03-09,201.90065294888183,202.76705912793614,197.12171850498035,197.72364807128906,2902400
CAT,2021-03-10,198.57183226055164,202.5117201335234,198.07935323451073,201.60882568359375,2435800
CAT,2021-03-11,203.37813378533863,203.92534509292975,199.8668913799791,200.4232177734375,2960000
CAT,2021-03-12,199.73006442540597,208.8684027764629,198.92749167682692,208.85015869140625,4756500
CAT,2021-03-15,208.73160556065181,211.40380057763147,205.95910286022922,210.43707275390625,4215300
CAT,2021-03-16,207.68283378753011,210.86575240192042,204.9924081657521,206.53370666503906,3539200
CAT,2021-03-17,208.05673216239504,213.68382912028162,207.1447226603163,213.07278442382812,3518500
CAT,2021-03-18,213.41021762097824,216.85761233079353,209.5250622587217,210.38233947753906,4336200
CAT,2021-03-19,208.62215726394308,209.4429601850751,204.33571572306334,205.4665985107422,7485100
CAT,2021-03-22,206.67958258872667,207.1903056676898,203.8979648253624,206.13238525390625,2211600
CAT,2021-03-23,202.5208201288093,205.42101747189614,197.58684556969877,199.0460662841797,4017600
CAT,2021-03-24,201.10719182718591,207.12645955465922,201.10719182718591,201.7638397216797,4258000
CAT,2021-03-25,199.93983592055199,205.17477538528018,197.0305234306973,204.51812744140625,2901800
CAT,2021-03-26,206.43335846695066,209.6162627553182,205.3936681806258,209.30618286132812,3040100
CAT,2021-03-29,208.02935877196944,211.44939417100778,207.67367564711583,209.9628143310547,3003200
CAT,2021-03-30,210.8565847511073,214.0668619526532,210.8018664099937,212.5711669921875,3139100
CAT,2021-03-31,213.72944508645926,216.15537992994695,208.7133925267837,211.4676513671875,4512300
CAT,2021-04-01,210.9477972510066,214.32222957166886,207.56423592912626,212.26109313964844,3787100
CAT,2021-04-05,214.32223811584157,214.92416774149234,211.92364861482042,213.145751953125,2323400
CAT,2021-04-06,212.04220920194163,215.85440224030978,209.97194373600416,210.3458709716797,2614500
CAT,2021-04-07,211.5497258808613,213.5835031322058,209.16938057267268,210.1361083984375,2449600
CAT,2021-04-08,209.88074095258855,210.71978798372902,207.1811868347001,210.19993591308594,2158900
CAT,2021-04-09,210.94782082599167,211.76862389004344,207.51865586326767,210.4462127685547,2482900
CAT,2021-04-12,210.03576459414145,210.9477739810755,208.7863022710538,210.61032104492188,1688200
CAT,2021-04-13,212.87217527924952,212.9542528076903,207.9838030093301,209.16941833496094,2286400
CAT,2021-04-14,209.39738889869432,213.61086837842754,209.35178563999784,212.11517333984375,2491000
CAT,2021-04-15,212.63498125074887,212.89947176383632,210.43704922257106,212.0604248046875,1860200
CAT,2021-04-16,213.97566504940946,215.179524272613,211.8324510679701,212.8265380859375,2128400
CAT,2021-04-19,212.40701438263443,212.58942742191715,209.68011478898694,211.94189453125,1712600
CAT,2021-04-20,210.58301521519687,210.94782741206913,205.74937537306047,207.6007537841797,2815800
CAT,2021-04-21,207.31799404776925,212.1425178964027,206.13237898414658,212.00572204589844,1977700
CAT,2021-04-22,212.72622481464828,212.89037985178967,208.64042597947085,208.74986267089844,2410700
CAT,2021-04-23,210.12405815437725,212.22199450399367,208.76818656607026,210.8111572265625,3458300
CAT,2021-04-26,211.23257419779736,213.32135416058537,210.6737330862316,211.22340393066406,1864800
CAT,2021-04-27,210.97604118815755,211.49824316053116,208.9513972094992,211.0218505859375,1959300
CAT,2021-04-28,210.7561621770483,214.11836482439924,210.14235543556006,212.8174591064453,2965300
CAT,2021-04-29,215.291036227868,215.47425984586573,204.48067501720865,208.39256286621094,5442400
CAT,2021-04-30,206.60613335985582,209.23542824585357,206.01980932321655,208.97891235351562,3953500
CAT,2021-05-03,210.71036728962855,211.56236336915262,208.15436507199098,209.03384399414062,3182900
CAT,2021-05-04,207.96198625878765,214.37491094518197,206.45037388862127,213.8343963623047,4040700
CAT,2021-05-05,214.9428597080851,219.25784706377587,212.40518443594462,217.92945861816406,3690600
CAT,2021-05-06,218.03941977083818,220.76948926391464,216.20715573915047,217.1874237060547,4527000
CAT,2021-05-07,215.87737404780432,221.60319984687723,213.6053702848709,220.7786865234375,3327900
CAT,2021-05-10,223.07818973691874,225.16697002557555,222.24450608354164,222.26283264160156,3752900
CAT,2021-05-11,218.75401512307093,222.61093729855335,216.70187424849004,219.23040771484375,3163100
CAT,2021-05-12,221.03519233304465,222.83080339356871,216.6102726795824,217.41647338867188,3668500
CAT,2021-05-13,216.24382662402306,220.77869195163933,214.8971252237118,219.93585205078125,2228100
CAT,2021-05-14,221.7039206515238,222.9407043128994,219.9449490742555,221.9146270751953,2041600
CAT,2021-05-17,222.38187416093183,224.864583912528,220.8977308989347,224.2599334716797,1998400
CAT,2021-05-18,224.2599540592443,224.94705308354077,219.33117323072236,219.38613891601562,2436200
CAT,2021-05-19,216.29878454705857,217.19659005001597,212.48767182971685,217.0041961669922,3143100
CAT,2021-05-20,217.5630508902954,217.6729962499286,213.08316540434402,215.28189086914062,3339200
CAT,2021-05-21,216.75684621967548,219.3220047479976,215.30018565222727,217.34317016601562,2479100
CAT,2021-05-24,217.7554179494433,219.60600850895926,216.4087027872046,219.00135803222656,2372700
CAT,2021-05-25,219.42278312604168,221.60318188691835,216.88510740248813,217.27903747558594,2265700
CAT,2021-05-26,217.4989002814764,219.41361279599408,216.77514817717156,217.77374267578125,2070000
CAT,2021-05-27,221.2458922122879,222.95905468903644,218.89142611109168,221.04434204101562,3594700
CAT,2021-05-28,221.62152108610266,221.9421589357174,218.7631794100215,220.8611297607422,2290700
CAT,2021-06-01,223.54538789927713,224.3882277508134,221.52990008220638,222.4002227783203,2476000
CAT,2021-06-02,222.68421298375387,224.5439598340625,220.5129706279098,223.04150390625,2348500
CAT,2021-06-03,222.0979139890233,225.7716129162514,220.6687500486729,223.38966369628906,1923200
CAT,2021-06-04,224.56227172628408,226.00060567853842,221.9971133054285,223.55453491210938,1837900
CAT,2021-06-07,223.58203944707412,223.83855531404836,218.60743492732925,219.65182495117188,2330700
CAT,2021-06-08,219.32201071347214,220.98022149311487,216.26213297212786,220.01828002929688,2212300
CAT,2021-06-09,218.95557829218868,219.12964563292104,214.787174319683,214.97039794921875,2919600
CAT,2021-06-10,216.335414865822,216.80263716403837,206.6610629613365,206.79847717285156,6281800
CAT,2021-06-11,207.32071443477136,208.80484408809414,201.57656177128965,202.19036865234375,8734900
CAT,2021-06-14,201.61317096457333,203.35381612990565,197.51805990750975,200.64205932617188,7213300
CAT,2021-06-15,201.44834304461597,202.26370028165744,198.12277812162625,201.05441284179688,5055900
CAT,2021-06-16,200.64210175404293,200.99023645235195,198.5258386755171,198.947265625,4156900
CAT,2021-06-17,198.77319846229798,199.96417308162242,190.44556037441708,191.88388061523438,7995300
CAT,2021-06-18,188.88809688178162,194.04592472893776,188.26513380590333,191.3433380126953,7156400
CAT,2021-06-21,193.80773916121854,197.17909841593107,193.67031096543676,195.32852172851562,5633900
CAT,2021-06-22,195.58502658649581,196.8126401170062,193.46874991462403,195.25521850585938,3776400
CAT,2021-06-23,195.68579469030232,198.58993136226593,194.7513361652998,195.85984802246094,3283400
CAT,2021-06-24,198.37922448176988,203.31717558562332,197.2707125489613,200.94439697265625,6827600
CAT,2021-06-25,202.63006099700246,203.15226292619997,197.21573171627136,198.1685028076172,11274200
CAT,2021-06-28,198.2967482293949,198.59907343581907,195.64912758059785,198.13185119628906,3172000
CAT,2021-06-29,199.75344481401854,200.35809537884958,196.59279174013562,197.06002807617188,3443400
CAT,2021-06-30,196.6202414061322,199.67096258216864,196.10720973311672,199.3778076171875,3249500
CAT,2021-07-01,200.77952462571054,201.35667837236574,198.02195791754104,198.53500366210938,2426300
CAT,2021-07-02,199.40532815536497,200.05577415695163,197.49977159602074,199.49693298339844,2433600
CAT,2021-07-06,199.17625587235048,199.31367007685918,193.61532807882253,195.6125030517578,4348100
CAT,2021-07-07,194.85213826879976,197.02336686896786,193.45045727640436,196.6844024658203,2707700
CAT,2021-07-08,192.38771596624983,195.96062509971145,192.32358001764337,194.3207550048828,3723800
CAT,2021-07-09,197.7929002013168,200.25729760509563,196.41870215273218,199.1854248046875,3163800
CAT,2021-07-12,197.90285777538773,200.58711808614444,196.83098490877023,200.24815368652344,2509000
CAT,2021-07-13,200.59629328802527,200.67874182308557,196.69356154637043,197.14247131347656,2373300
CAT,2021-07-14,197.20659149404906,197.55472616655166,193.50542394806646,193.89019775390625,3185200
CAT,2021-07-15,192.6442553973529,195.4934267657402,192.49767090749725,193.6794891357422,2737500
CAT,2021-07-16,194.64142334487263,194.86128609236152,189.64849244163617,190.50965881347656,4368800
CAT,2021-07-19,186.30050743535622,187.6636554514668,183.5005117733011,187.0465545654297,5391100
CAT,2021-07-20,187.0096737022859,192.15834529041908,186.3373122595885,191.54124450683594,3934300
CAT,2021-07-21,192.24124214839262,194.30439582751578,191.19124743091135,194.09254455566406,3407300
CAT,2021-07-22,194.34122543043924,194.6912283432133,192.0754400307233,192.64649963378906,1931500
CAT,2021-07-23,192.95965909827424,193.76096678910795,191.4491401333676,192.98728942871094,2302600
CAT,2021-07-26,193.27284633658655,195.32679495558807,192.9596931669576,194.368896484375,2157600
CAT,2021-07-27,191.14518363642435,194.39648353944523,190.6570290824241,193.32806396484375,2472000
CAT,2021-07-28,193.4201632800103,195.8977857154409,191.6701769481578,194.74647521972656,3246900
CAT,2021-07-29,197.10438832326466,197.5741180210129,193.13467134914603,195.778076171875,3419700
CAT,2021-07-30,191.4859578570547,192.19516906434131,187.11097793149546,190.4267578125,5834900
CAT,2021-08-02,191.57808511869445,194.24912010688857,188.76888442512742,188.96231079101562,3977100
CAT,2021-08-03,189.10045788763202,192.766226839062,187.36888227807424,192.03860473632812,3580500
CAT,2021-08-04,191.7807097119763,193.0425415933318,188.23466755176594,188.37283325195312,2948700
CAT,2021-08-05,189.0451798863843,191.26490985388887,188.53860046685875,190.83201599121094,2685800
CAT,2021-08-06,192.50833296074381,193.77938432886026,191.25570649691312,191.90045166015625,2677100
CAT,2021-08-09,190.92409845092692,193.309624260612,189.84647361214962,192.3977813720703,2747200
CAT,2021-08-10,193.42017972111495,197.93331162630722,192.46229549105513,197.16885375976562,4193600
CAT,2021-08-11,198.69775250523475,204.997733770179,197.62934712241085,204.15957641601562,7794100
CAT,2021-08-12,204.69381198244585,206.09379550336735,201.22145540106575,202.85171508789062,4444500
CAT,2021-08-13,202.52013934598682,203.1372401260631,200.53987672977854,201.31356811523438,2049400
CAT,2021-08-16,200.19908129496926,200.7885517103041,197.4175111847566,200.52145385742188,3132500
CAT,2021-08-17,199.1490752995985,199.30565183256007,193.95436316937196,196.58856201171875,4022800
CAT,2021-08-18,195.72281632260635,196.68992010819397,193.16230248515978,193.2451934814453,2947700
CAT,2021-08-19,191.73466644622434,192.46230263867574,187.16627371153393,188.30836486816406,4788100
CAT,2021-08-20,189.2017428098778,190.89646833317562,187.51622271024246,188.7596435546875,2765500
CAT,2021-08-23,190.8872860557475,193.18990711793984,189.57939897891225,192.62806701660156,2827400
CAT,2021-08-24,193.18992024861942,196.43201485968748,192.98728845704738,195.80569458007812,2485900
CAT,2021-08-25,196.33988820524405,198.6701395621581,195.40041489031194,197.80435180664062,2599800
CAT,2021-08-26,197.57408929884497,197.57408929884497,193.86226533220147,194.56227111816406,2513900
CAT,2021-08-27,195.50174428041834,197.1320040166154,195.4649085252086,196.02674865722656,2511400
CAT,2021-08-30,196.38595121650366,196.86490034463063,194.1570156587246,194.7556915283203,1922100
CAT,2021-08-31,194.5991298475641,195.53860327149687,193.80702755955903,194.22149658203125,2857900
CAT,2021-09-01,194.22148485246805,194.33202022478082,190.29782346042776,191.54124450683594,4122900
CAT,2021-09-02,192.42546243561347,196.1372869881585,192.42546243561347,195.05966186523438,2921600
CAT,2021-09-03,194.47935715399996,195.99909539265275,193.42015715312783,193.7609405517578,2512000
CAT,2021-09-07,193.45699706559353,193.73331439257285,191.43991290303546,191.78990173339844,2641100
CAT,2021-09-08,190.7675795214118,191.68862811169143,188.60312376670632,190.44522094726562,2603100
CAT,2021-09-09,190.19650095952395,191.71622524870506,188.7228178486157,189.20176696777344,2777900
CAT,2021-09-10,190.74914444639955,191.46756113126315,188.64915505155457,188.8241424560547,2551200
CAT,2021-09-13,190.8044092706874,191.44914040526723,187.82941251798704,189.92019653320312,2699100
CAT,2021-09-14,189.7727632950673,189.82803799201432,185.7201568719168,186.35568237304688,3757600
CAT,2021-09-15,186.20835926898772,190.27939164008887,185.9320419293752,189.48728942871094,3342700
CAT,2021-09-16,189.2293826931844,190.09517039997226,186.80703506390304,187.52545166015625,3120100
CAT,2021-09-17,186.6320861903053,187.22155674438088,183.7031442733675,183.97946166992188,6351100
CAT,2021-09-20,177.81761034508472,178.67419270610475,173.59920678519094,175.7544708251953,9151100
CAT,2021-09-21,176.84128978244652,177.4952403190844,172.2176229581997,174.85182189941406,5699900
CAT,2021-09-22,176.84130588755593,179.1439270579668,176.0676285472781,176.2426300048828,3924400
CAT,2021-09-23,177.67944549667558,181.9991646265695,177.62418484279698,181.09652709960938,3367800
CAT,2021-09-24,180.20310750225846,182.17415044679143,179.53995155324898,181.28074645996094,2199500
CAT,2021-09-27,181.99919074126285,186.04259312786044,181.99919074126285,184.20970153808594,3033100
CAT,2021-09-28,184.3939054819981,185.95047968377284,183.05838797800695,184.71627807617188,3247500
CAT,2021-09-29,184.65180093742794,185.27812123095387,182.09128720967098,182.24786376953125,2954700
CAT,2021-09-30,182.9386731712873,183.1689353272492,176.50055228520858,176.81370544433594,4978100
CAT,2021-10-01,177.6702287000652,180.40574354100895,176.14129905470892,178.98733520507812,3695500
CAT,2021-10-04,179.36501470633135,180.44263991358042,177.21896971863328,177.8821258544922,2864600
CAT,2021-10-05,177.54131693347756,179.05183602304913,175.67158946449834,177.30184936523438,3074600
CAT,2021-10-06,174.99920588445585,177.2005111226285,172.97290210082105,176.7123565673828,3777700
CAT,2021-10-07,178.43470531925178,180.88469747361154,178.3241840068722,180.29522705078125,3510500
CAT,2021-10-08,180.34131684929383,181.05973362563094,179.36500759191705,179.75184631347656,2713200
CAT,2021-10-11,180.83864018244998,181.60311204389672,177.4675996524318,177.66102600097656,2015200
CAT,2021-10-12,177.13606203882537,178.29657814027917,174.61238397861393,174.925537109375,4706700
CAT,2021-10-13,175.45973683394428,176.15052319943223,172.89922316352894,174.0229034423828,3253200
CAT,2021-10-14,178.26891858564673,179.42022907243845,177.40313085092606,178.98733520507812,5212900
CAT,2021-10-15,180.48867686514131,183.70312725345124,179.88078145985992,183.3070831298828,4736300
CAT,2021-10-18,181.79655866870516,182.99391048361343,180.1110382157054,182.53338623046875,2809400
CAT,2021-10-19,182.92024745910376,185.57285772353362,182.7913012244029,185.25970458984375,2626900
CAT,2021-10-20,185.27808756735845,188.98069177761684,184.69782261547635,188.06886291503906,2936000
CAT,2021-10-21,185.6833955759402,186.32812675801995,183.9702446897936,186.18075561523438,3071300
CAT,2021-10-22,185.8195401333806,187.4032356186398,184.4859048050959,185.82879638671875,2632400
CAT,2021-10-25,186.41226280326862,188.29231381793272,185.69913561890783,187.27357482910156,3294700
CAT,2021-10-26,187.77371056773563,187.810749718093,184.7359914977173,184.8934326171875,2933600
CAT,2021-10-27,185.45835289338936,185.6250502476129,181.44819055824448,181.64268493652344,3406700
CAT,2021-10-28,182.78183079159155,189.39442785409042,182.49473147498506,189.01470947265625,4462700
CAT,2021-10-29,192.62662113202964,194.2566119301879,188.22748450905758,188.9405975341797,4292200
CAT,2021-11-01,189.19996032163954,191.59865877691843,188.75541983708555,190.20945739746094,3215200
CAT,2021-11-02,190.5520779676106,192.459911821308,188.0052093678005,191.8208770751953,3429600
CAT,2021-11-03,191.02441820871212,191.3207879098632,186.91239459287965,188.5146026611328,3137000
CAT,2021-11-04,188.93135411018977,189.7556128839325,187.6440282920593,188.5516357421875,2543500
CAT,2021-11-05,190.30205370575524,193.4509185019413,190.07052015302187,190.67251586914062,2591300
CAT,2021-11-08,199.94306879018433,200.48022820624277,195.64580759340018,198.42420959472656,5944700
CAT,2021-11-09,199.28553045911687,199.6467363274422,193.52498931189237,194.31219482421875,3310300
CAT,2021-11-10,193.81206784340688,194.441832185744,191.18183652016805,191.40411376953125,3261800
CAT,2021-11-11,192.52475799972785,194.89565899487644,192.52475799972785,193.12673950195312,4819800
CAT,2021-11-12,193.88619570148256,195.1272121076587,192.9137519888246,193.81210327148438,2018000
CAT,2021-11-15,194.48813489794625,195.12716960225163,191.4874557292578,192.36729431152344,2392600
CAT,2021-11-16,192.6358780247581,192.80257536676362,190.09826569798736,190.25570678710938,2138000
CAT,2021-11-17,189.8575045722619,190.03347232537422,186.01405342505876,187.98670959472656,3135700
CAT,2021-11-18,188.25526951336315,188.66277075039977,185.83805911338115,186.5419158935547,2119900
CAT,2021-11-19,186.07887883101716,187.93114720177985,184.9119548448437,185.63433837890625,2980100
CAT,2021-11-22,186.60674107733774,189.42218216402466,185.3101450238284,187.43099975585938,2596500
CAT,2021-11-23,188.05153183754322,190.38539372649203,186.69936983355726,190.16311645507812,3127100
CAT,2021-11-24,188.61646145001598,192.87666954308014,188.07930201251756,191.7745819091797,3880500
CAT,2021-11-26,186.15294162631992,186.56969911705698,182.08721376502237,184.0506134033203,3496000
CAT,2021-11-29,186.36596636294507,186.61602653403128,179.00320288186006,181.4481964111328,4559900
CAT,2021-11-30,179.5218509154142,182.244687739333,177.40100980379026,179.06805419921875,6358000
CAT,2021-12-01,182.98560018348724,183.77280578846418,177.22504422658628,177.32691955566406,3425300
CAT,2021-12-02,178.1048447389178,183.02261449994762,177.64177769352239,182.25392150878906,3445700
CAT,2021-12-03,183.06892909741333,184.6618809081947,181.28149703592698,183.1893310546875,3250900
CAT,2021-12-06,184.83785202139333,188.24601884875744,183.6894406086848,186.4122772216797,2838400
CAT,2021-12-07,188.273805325833,190.97812948244942,188.07006881377788,189.3851776123047,2818000
CAT,2021-12-08,189.31108096146133,190.96885483671502,188.5701708309029,189.10733032226562,2341200
CAT,2021-12-09,188.09785600456914,189.82972238424173,186.0418370119899,189.05177307128906,1646600
CAT,2021-12-10,190.22790131116497,190.69096827066798,187.1809269355753,188.43121337890625,3315200
CAT,2021-12-13,188.7646624296811,189.16289331661247,185.64358084717568,186.38449096679688,1868500
CAT,2021-12-14,185.22683751909523,188.9128476288531,185.04161350791338,186.74569702148438,2248800
CAT,2021-12-15,186.1529597341995,187.63477999172298,183.9672826267793,187.58847045898438,2193700
CAT,2021-12-16,189.85749532788856,192.84890459008537,189.53334273197174,190.94107055664062,2856800
CAT,2021-12-17,189.81119805865285,190.08904114000592,186.3659777659215,186.49563598632812,6079600
CAT,2021-12-20,182.95778782964726,182.95778782964726,178.79944077987764,181.0221710205078,3605100
CAT,2021-12-21,182.44843335607803,184.3192283554845,182.20764355682215,183.6616668701172,2303400
CAT,2021-12-22,186.13444229059795,188.37568529535724,185.99552781720448,187.218017578125,3558700
CAT,2021-12-23,188.39418998019534,191.9875946778474,188.27378802949534,190.96884155273438,2669600
CAT,2021-12-27,190.72807304534695,191.617153933938,189.98716288373043,191.1355743408203,1711200
CAT,2021-12-28,190.95031734827666,192.87667792560703,190.91327820311156,191.35781860351562,1393000
CAT,2021-12-29,191.03368099381845,193.1452655696115,190.8577132572216,192.015380859375,1334900
CAT,2021-12-30,192.01539473660097,193.47868838727933,190.71879844947154,190.85772705078125,1465900
CAT,2021-12-31,190.96885852807557,192.39511303001447,190.4780085600758,191.46897888183594,1374500
CAT,2022-01-03,192.01537324510434,193.1915674391225,190.5983892867931,191.70974731445312,2055600
CAT,2022-01-04,192.89519704305653,202.74926267985856,192.5803148605344,201.9713134765625,5242300
CAT,2022-01-05,202.06392233796308,206.86130411511095,202.06392233796308,203.51795959472656,5378200
CAT,2022-01-06,205.1294165390377,206.2593011043594,201.95276969767764,205.5924835205078,3913200
CAT,2022-01-07,206.06483600222046,209.2785224402955,205.81477583986288,207.6300048828125,3673400
CAT,2022-01-10,208.33384237130642,209.0747524043918,204.3144241662989,205.26834106445312,3734900
CAT,2022-01-11,205.60174830552515,205.68509697404502,200.5913599664757,203.7031707763672,2944300
CAT,2022-01-12,205.71288209366622,207.16691927479803,203.81431867560948,205.97219848632812,2506900
CAT,2022-01-13,206.4260404646081,211.0474549680456,206.1945069267308,210.23245239257812,5002300
CAT,2022-01-14,208.1208422554435,212.6774200289123,207.06505001685542,212.0291290283203,3970600
CAT,2022-01-18,210.8900332014455,213.4091053234551,210.10281344778272,212.89047241210938,5411900
CAT,2022-01-19,213.72802872005576,213.8676172391904,205.6036361002703,206.2830047607422,4991700
CAT,2022-01-20,205.74323564310433,206.4784254996229,201.05286266900993,201.60194396972656,3545600
CAT,2022-01-21,202.4208899578413,202.4208899578413,197.68399687421984,199.23814392089844,3754700
CAT,2022-01-24,196.51138293628088,200.05707282185773,192.32355755326805,199.4614715576172,5107300
CAT,2022-01-25,197.36758986837657,201.78807291147655,192.73306635926147,199.44288635253906,4554300
CAT,2022-01-26,200.0850074577877,203.69584841552626,197.51647945088666,199.42425537109375,3558500
CAT,2022-01-27,200.28047225212495,202.7838498204507,195.57148231182617,197.45135498046875,3678100
CAT,2022-01-28,191.3277833545376,193.5705999641059,183.14757049839724,187.20510864257812,10747300
CAT,2022-01-31,185.61375167225341,187.6146103914619,181.17465213827893,187.57737731933594,6179000
CAT,2022-02-01,186.87008659359856,191.5139107620599,186.6281142495792,191.1044464111328,4026400
CAT,2022-02-02,189.10361772344118,191.52325634382495,187.42848438627217,190.72291564941406,3492300
CAT,2022-02-03,190.7787246576224,191.58836640842918,186.20933813702982,186.67465209960938,2748200
CAT,2022-02-04,186.32100698348063,187.0654978988296,182.85907026614282,184.6458740234375,3930800
CAT,2022-02-07,185.04605848968538,187.54944995155196,184.29225212092373,185.9580841064453,2402000
CAT,2022-02-08,186.3675463921899,188.2753365116966,185.40900074877655,187.5215301513672,2407100
CAT,2022-02-09,188.58246668217762,189.94118987751375,188.0706184168025,189.4758758544922,2743700
CAT,2022-02-10,188.51730627505057,192.4073241997007,187.57736297918854,188.9826202392578,3538500
CAT,2022-02-11,189.30833362384868,190.45300201260505,186.24657395303115,187.27957153320312,3826700
CAT,2022-02-14,187.00967191087065,187.70764282932396,184.36669210772195,186.02320861816406,2730500
CAT,2022-02-15,186.77703366176812,190.26688860387983,186.13489808037858,189.29904174804688,2752600
CAT,2022-02-16,189.0198603196271,191.1696088034633,188.9174906680036,189.51309204101562,2253900
CAT,2022-02-17,187.05622535304852,187.76349751094793,180.95130803147757,181.23049926757812,4699600
CAT,2022-02-18,179.94616054482972,182.04937389337044,177.91738491106406,178.63397216796875,4385200
CAT,2022-02-22,178.63404443609812,181.37939423717546,177.3311708966821,177.9453887939453,3488000
CAT,2022-02-23,178.4199957492191,178.9783782119624,173.44113042390177,173.72032165527344,3550400
CAT,2022-02-24,169.40219664924518,172.41743617777522,167.20591422234784,171.87767028808594,5919500
CAT,2022-02-25,172.11031027183566,174.89287834880474,171.3471886478853,174.08323669433594,3594600
CAT,2022-02-28,171.5519599135779,175.6746492848808,170.92844086559876,174.56719970703125,5168500
CAT,2022-03-01,174.74401769521094,175.16279744116187,168.10863573291815,170.14671325683594,5110600
CAT,2022-03-02,172.35230357728312,180.1323542621882,172.16618081645177,179.24826049804688,5849900
CAT,2022-03-03,179.90898050929687,182.94282214994575,178.99695500361548,181.3328399658203,4429700
CAT,2022-03-04,177.84300869957374,182.4123811874715,177.10780465959493,182.086669921875,4334700
CAT,2022-03-07,181.27701681484535,189.38279271683325,180.18818378925104,183.0545196533203,6912300
CAT,2022-03-08,189.7270860022998,199.98260838628326,188.91744435628254,195.4318389892578,9318600
CAT,2022-03-09,197.82357150435408,198.7821170664985,193.05874719322637,195.22711181640625,4798300
CAT,2022-03-10,194.86420045939136,202.43021080295185,193.73813430754302,197.0977020263672,4886300
CAT,2022-03-11,197.57230093952444,202.66283655790053,197.57230093952444,199.92678833007812,4045500
CAT,2022-03-14,201.2948321971564,203.3235943500511,198.15860629071224,200.49449157714844,3530700
CAT,2022-03-15,201.12731653611843,202.29991689099094,195.90649294728678,201.44374084472656,4364200
CAT,2022-03-16,202.4115778673837,204.26353258846922,197.59093193245783,201.090087890625,4378700
CAT,2022-03-17,200.38282407315972,206.39467288992054,199.4707984258289,206.32022094726562,3600400
CAT,2022-03-18,204.2542317921427,206.32022711171268,202.87690631251488,205.5850372314453,4105100
CAT,2022-03-21,205.6687726991618,211.29907452034374,205.65947153194602,208.19078063964844,2902200
CAT,2022-03-22,208.8887613081403,210.18233362408904,205.985192372864,207.26016235351562,2461500
CAT,2022-03-23,206.31094713841028,209.18658457854667,206.31094713841028,206.7576446533203,2001700
CAT,2022-03-24,207.10189446779046,209.39124499450824,206.14334901561358,206.7947998046875,2110900
CAT,2022-03-25,206.68314984364372,208.27452982339813,205.79905616611572,207.86505126953125,1581100
CAT,2022-03-28,206.9158222316831,207.232232337688,203.84474704922317,206.45982360839844,3072500
CAT,2022-03-29,205.48265203486068,206.06893798100913,201.51816792147127,205.70599365234375,3667800
CAT,2022-03-30,206.59941226165583,210.21025338040093,205.3895930434958,207.6044921875,2507400
CAT,2022-03-31,207.72546262846623,209.56810191942185,206.99955979237248,207.36251831054688,3152100
CAT,2022-04-01,208.78640218559912,209.87523526610778,203.03511363184688,204.5241241455078,2618300
CAT,2022-04-04,203.95641301170718,205.9944903751514,201.5740078709658,205.491943359375,2181300
CAT,2022-04-05,204.73818236760147,206.943766424479,200.2153292254705,201.03428649902344,3582100
CAT,2022-04-06,200.1966947557328,202.06726616070918,198.73561615111248,201.21109008789062,2783300
CAT,2022-04-07,200.51308206245687,201.3041072118589,198.74488063388873,200.92254638671875,2253600
CAT,2022-04-08,200.8201983629484,202.76522156367457,199.18229828890819,201.97418212890625,2450200
CAT,2022-04-11,201.9741910172259,203.5841734597374,200.78298832909235,201.0621795654297,2494700
CAT,2022-04-12,200.5038290876587,204.25425934021388,200.06643272766019,201.6671142578125,2508200
CAT,2022-04-13,201.8810912084707,204.44031777726076,201.38785958759692,203.12814331054688,1898900
CAT,2022-04-14,204.65440737755708,213.3185518062391,203.44458813461216,212.00636291503906,5337900
CAT,2022-04-18,212.18318192343168,218.12059304940618,212.18318192343168,213.96998596191406,3644000
CAT,2022-04-19,214.27707795837193,216.7804693279503,211.78300195612985,216.05458068847656,2689400
CAT,2022-04-20,217.3481891355326,219.97255291540327,216.44547876934024,218.7720489501953,2907700
CAT,2022-04-21,220.78220377644175,221.39640749747542,215.57998218280596,216.43617248535156,3571400
CAT,2022-04-22,213.57476967348018,214.8745455378569,201.60561679361777,202.2601776123047,5053700
CAT,2022-04-25,201.33444039277725,202.91474646152056,195.96702719876893,202.63421630859375,4145500
CAT,2022-04-26,202.1011625367106,204.03679291386226,195.76124857596122,196.6495819091797,4176700
CAT,2022-04-27,197.40705232830834,201.5588584566511,193.84435806822808,200.0720672607422,3358300
CAT,2022-04-28,193.9658965664463,199.13696231776672,188.88835987987187,198.6507110595703,6092800
CAT,2022-04-29,198.8938077046957,203.11107628927775,196.518683381839,196.87400817871094,3404000
CAT,2022-05-02,196.3690882717355,198.95929405026868,194.1809789982556,198.3047332763672,2639500
CAT,2022-05-03,198.14574719627123,201.38116784455235,197.10779577266774,199.7541046142578,2121100
CAT,2022-05-04,200.9977824453812,208.79643698512635,199.95048522230402,208.14187622070312,3023700
CAT,2022-05-05,207.96422423575504,208.66554245723583,199.89439893639823,201.9141845703125,3005600
CAT,2022-05-06,202.92408514523842,202.92408514523842,196.69639016329555,200.71726989746094,2268400
CAT,2022-05-09,198.2673137538959,198.2860195662209,192.1050684155765,192.89988708496094,2929900
CAT,2022-05-10,194.72336058174238,195.9202759547272,188.31798134002028,189.8141326904297,3040400
CAT,2022-05-11,192.21728791057936,196.09792380328682,190.37515765021024,191.8900146484375,2552400
CAT,2022-05-12,190.39388649574698,192.0115899936097,186.3636464117237,189.85153198242188,3282000
CAT,2022-05-13,191.83385988388466,193.05884074049007,189.74861152577725,191.0670928955078,2323800
CAT,2022-05-16,191.7123400576103,195.6303732063248,190.4593074093308,193.74148559570312,2540800
CAT,2022-05-17,198.98734432416595,199.89438362929212,195.56490824101078,199.25851440429688,2275900
CAT,2022-05-18,199.95984083233455,203.75630772112592,194.05007358061758,194.44281005859375,4723300
CAT,2022-05-19,192.49780989830023,195.6958190085026,188.6171884381039,193.33938598632812,2887700
CAT,2022-05-20,193.04953132209658,193.21785511922295,181.44504875445412,184.97970581054688,5404500
CAT,2022-05-23,186.95273386971175,192.15185173416347,186.23272408414127,190.89881896972656,3246600
CAT,2022-05-24,188.89770708150905,192.34819477647915,188.22444049379027,192.3014373779297,2467800
CAT,2022-05-25,191.6936224515832,196.45323140902488,191.52531294897216,195.72386169433594,3080200
CAT,2022-05-26,197.8184905715247,199.77282720540498,196.74312743298591,199.16502380371094,2016000
CAT,2022-05-27,201.04456017562856,203.50385401248806,200.2590871788827,203.045654296875,2020400
CAT,2022-05-31,200.84817760018808,203.93398056931275,199.63257078757258,201.83938598632812,3773500
CAT,2022-06-01,204.27995367568684,204.78489645736894,200.38997230944327,203.44772338867188,2314000
CAT,2022-06-02,205.33661052129568,206.50547416459514,203.14850120544432,205.72000122070312,1784100
CAT,2022-06-03,204.0835955759505,209.55388322656552,204.0835955759505,208.4317626953125,2222500
CAT,2022-06-06,208.43175326124782,210.17102288394065,207.8239498912923,209.1143798828125,1565400
CAT,2022-06-07,207.59019180384684,212.51812512694258,207.26290426257958,212.35916137695312,1799000
CAT,2022-06-08,210.66662670084108,217.26838056930413,210.04011749779724,214.88389587402344,4171300
CAT,2022-06-09,212.66776235604956,213.39714654207697,209.10506754242735,209.15182495117188,3045700
CAT,2022-06-10,205.25245978665777,205.92572639986375,201.0538963610198,201.21286010742188,2604100
CAT,2022-06-13,195.97634155599167,196.24751162372513,191.60010896959514,193.45159912109375,3559400
CAT,2022-06-14,194.55502637131005,196.11662659053383,191.9461288238299,193.27395629882812,2359000
CAT,2022-06-15,194.0126844020176,195.10673920333258,189.94504695123476,192.62875366210938,2343100
CAT,2022-06-16,188.01876242672185,188.18707196525833,180.70634363868905,182.14637756347656,4789900
CAT,2022-06-17,182.97858008624758,184.90487932169736,178.48079514944993,180.1359100341797,7226100
CAT,2022-06-21,184.30642118249114,185.54073374481982,181.28606731726794,183.62379455566406,2755400
CAT,2022-06-22,177.66725263080676,180.2761496939942,175.52590096927935,175.6381072998047,4008700
CAT,2022-06-23,174.46928140289694,175.07708484872703,164.59472267429075,167.0727081298828,6667900
CAT,2022-06-24,169.56937649985298,173.5528727744108,167.72724632755418,173.45001220703125,4868900
CAT,2022-06-27,175.8718959608778,177.74207773723546,173.7585956902013,175.4136962890625,3061100
CAT,2022-06-28,177.63923175872,180.56607104498127,175.26409271739155,175.27345275878906,3327200
CAT,2022-06-29,175.1612403724075,175.39501310559615,170.3081161484741,171.5704803466797,2436900
CAT,2022-06-30,168.55951222436164,170.31748801312867,165.62332681643485,167.15687561035156,4197100
CAT,2022-07-01,167.67112753505265,169.55066915764777,162.44397343515558,166.7173309326172,3423100
CAT,2022-07-05,162.49075957744955,163.098562992099,159.52652295624645,162.4813995361328,3724900
CAT,2022-07-06,162.21957349464395,163.3323340045398,158.30154014367506,161.12551879882812,3190600
CAT,2022-07-07,170.654073524545,170.654073524545,164.88456491539705,168.5781707763672,4677600
CAT,2022-07-08,168.5314355365222,169.4758865143939,164.9406897637817,167.47479248046875,2491100
CAT,2022-07-11,165.89447352674318,168.10128853545444,163.28556202716138,163.65960693359375,2773300
CAT,2022-07-12,163.39782001057395,165.73554770420398,161.39672567556093,163.16404724121094,2718400
CAT,2022-07-13,161.0694162589348,163.8746891110498,160.7047313588941,162.58425903320312,2389000
CAT,2022-07-14,158.73170846626635,159.62004212536633,156.23501703204843,158.9093780517578,2531200
CAT,2022-07-15,161.0694108108051,162.12606811523438,158.21738065395292,162.12606811523438,2282100
CAT,2022-07-18,164.6975670515759,165.2305614523734,161.49955784172604,162.2289276123047,2476400
CAT,2022-07-19,163.74492211477002,169.20622793023108,162.7844964249276,169.0084991455078,2671400
CAT,2022-07-20,168.33993831735367,170.24198215306623,166.7298037495242,169.46044921875,2175900
CAT,2022-07-21,168.00095442753104,170.49621320959912,166.17424068976172,170.42088317871094,2214500
CAT,2022-07-22,170.89166725366832,172.12516584924114,166.98400312783647,168.1892547607422,1961500
CAT,2022-07-25,168.70717461933506,171.9368835743891,167.3889348628247,171.19300842285156,1845600
CAT,2022-07-26,170.58100680354073,172.92559188040397,170.03487468668706,170.64691162109375,1767700
CAT,2022-07-27,172.23817494736204,175.30779833363195,169.79001355189806,174.43211364746094,1856500
CAT,2022-07-28,175.93867106767658,178.4527514222532,173.44341244382784,176.870849609375,2229200
CAT,2022-07-29,178.14204457672818,187.8405676440607,178.07612540705358,186.6729736328125,5188100
CAT,2022-08-01,183.6880805097835,185.67486520504718,182.10617857290694,183.48092651367188,3185100
CAT,2022-08-02,177.02152286727215,178.40568166889778,172.4641637055412,172.79371643066406,8193100
CAT,2022-08-03,172.61483432458544,174.61103000046194,170.99527446266234,172.19110107421875,4155900
CAT,2022-08-04,172.18167261693344,175.07238883142563,170.54327682137594,172.91612243652344,2478900
CAT,2022-08-05,172.8596336843405,175.23247937055777,172.53006659512852,174.56393432617188,1908500
CAT,2022-08-08,175.8633116392036,177.02148006560432,173.40572562315805,174.95936584472656,2655000
CAT,2022-08-09,175.0912196562446,176.90852241911693,174.34735899338187,175.1665496826172,2460000
CAT,2022-08-10,177.708890544499,180.33597333129416,176.50363876620966,179.5826873779297,2304300
CAT,2022-08-11,181.56943749028892,184.1588475839307,180.70316383763478,182.67111206054688,2538900
CAT,2022-08-12,183.5091816831728,185.4677194999502,182.48283689056984,185.34530639648438,1864800
CAT,2022-08-15,182.106200721651,185.0251787544389,181.795484057427,184.50729370117188,1752400
CAT,2022-08-16,183.91405502643354,186.8141819908569,183.56565186190392,185.98558044433594,1959300
CAT,2022-08-17,183.61274916147914,185.4017907139075,182.54873222250941,184.48843383789062,1576200
CAT,2022-08-18,185.54304696901048,186.08917894218902,183.8481571156521,185.82553100585938,1750900
CAT,2022-08-19,183.86695765497015,185.70308198776576,182.49220993765036,184.1776885986328,2003600
CAT,2022-08-22,181.83309090688635,182.60519846892325,180.36419143513578,180.56192016601562,2008900
CAT,2022-08-23,181.49416555023444,186.56941038312945,181.23992845490216,185.6937255859375,2444900
CAT,2022-08-24,186.02325521994322,187.07784693944285,182.1532628027445,182.82180786132812,2503200
CAT,2022-08-25,184.0741229085775,187.29440602079808,183.2078491796526,187.2661590576172,1888700
CAT,2022-08-26,187.75579315332274,188.6691499944837,180.53369368604564,180.7126007080078,2560400
CAT,2022-08-29,178.90475660807093,181.8896395073509,177.9631526259232,180.580810546875,1996600
CAT,2022-08-30,180.3171177752565,180.75026182121888,173.81063242712057,176.02340698242188,2691200
CAT,2022-08-31,175.73153801711513,177.07802467892517,173.72591714025967,173.9236602783203,2656600
CAT,2022-09-01,171.62612293111718,172.5112327724665,169.58284447731853,171.78619384765625,2686200
CAT,2022-09-02,174.0554692170905,174.89349602938842,169.34745018895964,170.2702178955078,2185400
CAT,2022-09-06,172.21932115670376,172.93494920632787,169.1026150244226,170.11013793945312,2141700
CAT,2022-09-07,168.65068550501434,171.2212602875852,167.7844115877163,170.29849243164062,2166900
CAT,2022-09-08,169.1873758649125,172.57715553198153,167.68081829889775,172.45474243164062,2245700
CAT,2022-09-09,176.59780104299148,178.67873745962748,176.28707005522213,178.4245147705078,2279600
CAT,2022-09-12,179.7051067747148,181.44706533720765,179.47911667046418,181.16458129882812,1937200
CAT,2022-09-13,176.8802826256939,178.95180814785067,172.78430027800454,173.5469970703125,2207500
CAT,2022-09-14,173.17975975120072,174.32851747412906,171.24946919265835,173.86712646484375,2295000
CAT,2022-09-15,173.8859718562356,175.64676636288357,171.0705713245333,171.83328247070312,1933100
CAT,2022-09-16,169.48870346290423,169.80884534341098,167.38893077074638,168.98965454101562,5088300
CAT,2022-09-19,166.89926895058895,172.05925360942462,166.47555012581256,171.4754638671875,2923700
CAT,2022-09-20,170.04423065082847,170.16664374527994,166.01416744483393,167.5960693359375,2512400
CAT,2022-09-21,168.81072515741744,169.95007205726162,161.84286290657136,161.9087677001953,4061900
CAT,2022-09-22,162.61497281125347,164.42285037673062,160.3457042130242,160.5905303955078,2508400
CAT,2022-09-23,158.81087317597664,159.54532286485778,152.28555248755544,154.64898681640625,4047200
CAT,2022-09-26,154.42301395528992,156.16498662809823,152.7469604410475,153.12359619140625,3213400
CAT,2022-09-27,154.8561913333973,154.9597683422018,151.2215995258972,152.9541473388672,2753500
CAT,2022-09-28,154.89383185079495,158.64141111516162,153.98988584159508,157.9634552001953,3694800
CAT,2022-09-29,156.0237182807651,156.86174493494747,153.9898509960986,156.2120361328125,3518100
CAT,2022-09-30,156.20265261695633,157.98228321068538,154.3194450313072,154.49835205078125,2963000
CAT,2022-10-03,157.65273719666544,163.24586677205738,156.35333355904132,161.2308349609375,3444700
CAT,2022-10-04,164.12152469710543,169.66756981109816,164.03678381395477,169.14027404785156,4008200
CAT,2022-10-05,166.80510435604157,169.7334926949098,166.37197466193598,167.96328735351562,3067400
CAT,2022-10-06,167.04989428233188,170.41141158580152,166.5602563986283,168.36813354492188,2415000
CAT,2022-10-07,166.4002146057367,168.50941216235634,164.91247896772813,167.18174743652344,2759200
CAT,2022-10-10,169.30980181612475,170.58097287969315,165.7882122828735,168.2363739013672,2633900
CAT,2022-10-11,166.4943734313852,172.3888074316535,166.35312425549063,169.25326538085938,2542400
CAT,2022-10-12,168.99901668750485,170.54324607694298,168.33989701537845,169.01785278320312,2260800
CAT,2022-10-13,163.60365374429804,174.14961301139107,162.62439215304127,172.4453125,3745900
CAT,2022-10-14,173.01972418319795,173.5658561931834,167.1629465199315,167.78440856933594,2830200
CAT,2022-10-17,171.65439499521835,173.5470136745317,168.7354171385401,170.2419891357422,2940000
CAT,2022-10-18,174.10253159287953,174.69574656656386,170.3455417401678,172.8313751220703,2674000
CAT,2022-10-19,172.25697005704365,174.85579089872323,171.37186034762004,173.64112854003906,2088700
CAT,2022-10-20,173.76357746702982,174.8935136417567,169.92184619680552,169.99716186523438,2953900
CAT,2022-10-21,170.36685650522344,180.49048318143994,169.87395662327594,180.3103790283203,3483800
CAT,2022-10-24,178.82213617271478,182.1303273083294,178.6325582099807,181.33409118652344,2919500
CAT,2022-10-25,180.3766993741693,185.4764290374072,179.0780751368694,184.68966674804688,2545000
CAT,2022-10-26,187.96942227712216,189.18273860267487,184.4337433501851,186.69923400878906,3546000
CAT,2022-10-27,199.2020898524039,205.81847251265847,196.5669169630064,201.0884246826172,7872200
CAT,2022-10-28,201.4296680006339,208.06499824065477,200.20687779193378,207.913330078125,5161000
CAT,2022-10-31,204.12171742903078,207.46781859744468,203.8089072606684,205.18338012695312,3786100
CAT,2022-11-01,207.24032813851088,208.03656430377515,205.42035356196158,207.11709594726562,2717500
CAT,2022-11-02,206.26397197695272,210.1503707498468,202.78515062777902,203.36337280273438,3150000
CAT,2022-11-03,200.51965674136738,210.23567520988905,200.34904092067575,207.8374786376953,3570400
CAT,2022-11-04,212.34952060377782,217.76204593639414,211.9514025423143,215.97999572753906,4973800
CAT,2022-11-07,216.12217149901699,217.19330794234125,211.06984005243245,216.7003936767578,3405600
CAT,2022-11-08,216.70040832771716,220.51098776429325,214.86147162290501,217.837890625,3676600
CAT,2022-11-09,214.29274685877687,217.20280573975032,213.33535419270964,213.79034423828125,6248300
CAT,2022-11-10,220.12234859892078,220.47306857884206,214.53919257411565,220.34036254882812,4590800
CAT,2022-11-11,220.86168513574347,225.98036218166737,219.91378090769308,224.1698760986328,3585400
CAT,2022-11-14,223.7054453682446,227.35488320747098,222.2835887239549,224.1793975830078,3217700
CAT,2022-11-15,224.74809959142559,226.92826775779636,220.62471038936286,222.3688507080078,3371000
CAT,2022-11-16,221.80959536372305,222.43521564248826,218.81421445073005,220.31190490722656,3062000
CAT,2022-11-17,215.88519383641338,218.52036650527617,213.76188310057867,218.43505859375,3256900
CAT,2022-11-18,218.82371760363066,219.76213362160593,215.77146454245235,219.3734893798828,2868700
CAT,2022-11-21,219.4872398853581,221.49679233929572,216.3781149904891,220.07493591308594,2522600
CAT,2022-11-22,221.80960225855293,225.1083051140525,221.20294409588783,224.89976501464844,2523300
CAT,2022-11-23,225.25048724078044,227.14629570446215,223.33571664257812,224.5774688720703,2311300
CAT,2022-11-25,224.6533142226223,225.11779252653199,222.93760979109092,223.42103576660156,1034800
CAT,2022-11-28,221.7527436919365,222.71961016896137,219.50621503378426,220.19818115234375,2862100
CAT,2022-11-29,221.146068095414,223.44946851856125,219.48723563032775,222.87124633789062,2277900
CAT,2022-11-30,223.6106147342274,224.42581299674583,218.76682326607502,224.09405517578125,3850000
CAT,2022-12-01,224.55851612731277,224.653312340009,219.85691904055565,223.41156005859375,2504700
CAT,2022-12-02,221.70533299008247,226.04673635790047,221.42095881135924,223.82864379882812,2218300
CAT,2022-12-05,222.5679240207738,223.6200983320888,220.16023909108634,220.4541015625,2064500
CAT,2022-12-06,220.47308664509336,220.90912904451122,213.8093196973043,216.3970947265625,3633800
CAT,2022-12-07,215.1742705278463,217.86631519880385,214.01782615468383,217.05111694335938,3044000
CAT,2022-12-08,218.88057133061776,220.38773559951773,217.58193268756693,218.89004516601562,2189400
CAT,2022-12-09,219.91380881849142,220.68160902643984,215.35439121712074,215.4491729736328,2257000
CAT,2022-12-12,215.69561659321067,221.24084781885438,215.19322849406356,220.91856384277344,2709200
CAT,2022-12-13,225.43061898862007,225.52540074509852,220.0370409341704,223.2220001220703,2945200
CAT,2022-12-14,223.7622932342395,225.80977005295793,220.97545219718478,222.2646026611328,3513800
CAT,2022-12-15,220.06547221436261,220.79534813278391,215.85677468469223,218.64361572265625,2953200
CAT,2022-12-16,216.7193879457154,221.07026567731762,216.1696016571747,220.5963134765625,7610700
CAT,2022-12-19,221.71480136901013,224.58695012929383,218.899524550297,220.1886749267578,2622400
CAT,2022-12-20,220.33088941936177,223.44001453012697,219.78110316071917,222.89022827148438,2649900
CAT,2022-12-21,225.27893888466704,229.3075321502847,225.27893888466704,229.13690185546875,4143600
CAT,2022-12-22,227.63922256833186,228.25536907064043,220.89962209972452,225.16519165039062,3129900
CAT,2022-12-23,224.60591579932222,228.00888868631606,224.17936176695852,227.37379455566406,1959900
CAT,2022-12-27,228.15108707706278,232.28395038180483,227.2316187538059,230.47344970703125,3381500
CAT,2022-12-28,230.47341618155906,231.11799852960712,225.86660139944192,226.9093017578125,2270000
CAT,2022-12-29,228.6439922882831,229.02314820568924,225.85715145734764,227.6865997314453,1652500
CAT,2022-12-30,226.91881405632844,227.64870443090814,225.31685344504993,227.0799560546875,1521100
CAT,2023-01-03,228.1416105349398,228.1416105349398,223.89500312438017,226.43539428710938,2651900
CAT,2023-01-04,227.49702818393666,229.516068937508,226.12256986476638,228.7861785888672,2387900
CAT,2023-01-05,227.9994119796231,228.95679008143958,225.18413515205194,227.76243591308594,2355900
CAT,2023-01-06,230.23648716410514,236.8907797559363,229.6203551216961,235.89547729492188,3945100
CAT,2023-01-09,236.03766188547326,237.8955608141379,233.18447493974938,233.7721710205078,3417100
CAT,2023-01-10,234.08495110701006,237.77229805248504,233.6109989830988,237.45948791503906,3011900
CAT,2023-01-11,238.38844627576975,238.76760219218764,234.255583145782,237.66802978515625,2402400
CAT,2023-01-12,238.87187881888468,243.97160847925053,237.9334483736739,241.78195190429688,3881500
CAT,2023-01-13,243.42182140354436,245.10908996097842,241.9336191203569,244.99534606933594,3067800
CAT,2023-01-17,245.37451667679775,246.9290937627722,242.6066520556551,242.9099884033203,4100100
CAT,2023-01-18,243.87679943426647,245.4218879594866,238.93822648972022,239.64915466308594,3361400
CAT,2023-01-19,238.56337618814555,239.29674740361537,232.67739749643366,234.05841064453125,4885200
CAT,2023-01-20,235.12513454018102,238.03003344274754,233.11551738458755,237.8300323486328,2964100
CAT,2023-01-23,238.8205695604243,241.611167844125,237.41098462483956,240.67779541015625,2610200
CAT,2023-01-24,240.84923542411747,246.72568131860268,237.86814056353927,245.35418701171875,3505100
CAT,2023-01-25,242.4207291927734,246.85903309104629,242.22072808520872,246.14471435546875,2424900
CAT,2023-01-26,247.63044599999907,249.78293533163782,244.6684188474572,249.6495819091797,2677200
CAT,2023-01-27,249.97343816634518,253.3831356813117,249.64961717909566,251.95449829101562,2783000
CAT,2023-01-30,250.81155551922458,252.39258425185602,248.87813424399874,249.05909729003906,3426900
CAT,2023-01-31,244.77323608690102,245.1446958052642,234.68705836793634,240.2873077392578,10992100
CAT,2023-02-01,239.77297152848323,240.67777228805826,233.63935277167423,237.66810607910156,6022000
CAT,2023-02-02,237.4681210511022,237.6586031397648,230.2963621432097,233.24887084960938,6130300
CAT,2023-02-03,232.39166607491845,239.01101595203977,231.56306109639286,235.9727783203125,4134700
CAT,2023-02-06,236.3061398818847,240.14441102340118,236.2013725627404,239.4586639404297,3528800
CAT,2023-02-07,238.63006726778215,240.01108049900384,233.67746057675384,237.78240966796875,3467900
CAT,2023-02-08,236.29664201250472,239.5920242862391,235.32516446920968,237.02999877929688,2300300
CAT,2023-02-09,238.10620818594262,239.9824862690758,233.80124387274287,234.5631866455078,2464900
CAT,2023-02-10,234.56319969231268,236.80140398689312,233.0012234610471,235.88706970214844,2820300
CAT,2023-02-13,231.91548318557037,236.5633217496172,231.10591613749023,236.34425354003906,3068100
CAT,2023-02-14,235.25847837449808,235.54420876206868,230.15348013264438,232.73455810546875,2512900
CAT,2023-02-15,232.5821604093494,236.93474922931827,231.65830708285384,236.86807250976562,2398200
CAT,2023-02-16,234.7727412557676,236.70616266818706,232.8869439956092,234.7917938232422,1934900
CAT,2023-02-17,236.06803475055855,238.92530943186145,233.9441313066549,236.00135803222656,3759300
CAT,2023-02-21,232.86789328622808,236.2013805111843,228.34387490950178,229.25820922851562,3105900
CAT,2023-02-22,229.7153777011536,230.7058932619663,225.1723065871232,226.57237243652344,3145200
CAT,2023-02-23,229.2201136585471,229.37250514021716,224.39132666254636,226.6295166015625,3219000
CAT,2023-02-24,224.03892230179727,225.42946915665954,221.93407125012538,224.9342041015625,2105500
CAT,2023-02-27,227.72481840528528,229.77252629801285,227.3628922625727,228.5629425048828,1720900
CAT,2023-02-28,229.4772359931445,229.62962745059278,227.35333273653757,228.1533660888672,2647700
CAT,2023-03-01,230.49633961901824,237.82048926010006,230.07728488006333,236.83949279785156,4117700
CAT,2023-03-02,234.78227771615838,240.47778958758002,234.42036610435858,240.18252563476562,2676500
CAT,2023-03-03,240.38254078972142,243.24933475567124,238.02053090194792,243.1636199951172,2314700
CAT,2023-03-06,243.48741364309595,243.53503779344777,239.61105195634127,241.89686584472656,2317100
CAT,2023-03-07,241.96353950568758,242.6302340036418,234.2488922973385,234.4298553466797,3018400
CAT,2023-03-08,236.1918950327205,239.16345655898397,235.01088273063613,236.8871612548828,2068600
CAT,2023-03-09,237.1061729260189,238.2300418507752,229.16295284915591,229.49630737304688,2518800
CAT,2023-03-10,225.06756264054684,226.8009832181011,215.05758053459476,216.2100067138672,5767500
CAT,2023-03-13,211.99075141090742,217.46719498438685,211.00022130443767,214.0098876953125,4885100
CAT,2023-03-14,218.09577332257197,218.66721951728812,211.62880040258653,214.9337158203125,3754900
CAT,2023-03-15,208.96203223466415,210.6573475156326,202.45698248999796,206.92384338378906,5471700
CAT,2023-03-16,205.40949057186134,209.3525293478405,203.1713006225774,208.30487060546875,3555000
CAT,2023-03-17,207.05717884404407,207.05717884404407,201.371200715439,204.7808837890625,7203000
CAT,2023-03-20,207.00955062526253,211.31450055981975,206.18093110875583,209.82872009277344,3464200
CAT,2023-03-21,213.40032013504796,215.24802676081725,212.9717318378908,214.2194061279297,3074600
CAT,2023-03-22,214.45751427293047,215.80995589508493,209.40014034891007,209.48585510253906,2930200
CAT,2023-03-23,210.0192398210962,214.58136388985292,207.24769400649325,209.00015258789062,2957400
CAT,2023-03-24,206.5333377882459,207.0857314210374,202.9998351446443,206.6857147216797,2976800
CAT,2023-03-27,204.70469516916884,208.5429812311718,203.74275116558687,207.62864685058594,3209500
CAT,2023-03-28,207.77148397928732,210.06683145250148,207.3524292352032,209.6858673095703,1802000
CAT,2023-03-29,212.14313707570128,212.60029697922923,210.9621249143318,212.39076232910156,1857300
CAT,2023-03-30,214.3432289153108,215.57185065483233,213.33366083590454,213.85748291015625,1921100
CAT,2023-03-31,215.60996934805925,218.1624612917596,214.2003699288783,217.9529266357422,2746700
CAT,2023-04-03,219.06725309356347,222.7245758726701,217.9719702363235,218.9339141845703,2242500
CAT,2023-04-04,218.01005986526383,218.5720016168722,205.96189035803806,207.10479736328125,4282100
CAT,2023-04-05,205.91428035766853,207.51436190126373,201.48550995814188,203.37130737304688,4265300
CAT,2023-04-06,202.55220671430155,202.86650868296377,198.99966581923948,199.21871948242188,4180100
CAT,2023-04-10,200.2187643929179,205.80949392641196,199.36158779283744,205.27613830566406,3839000
CAT,2023-04-11,205.88565500511172,212.29546945800854,205.88565500511172,210.1049041748047,3882000
CAT,2023-04-12,211.58118459454138,212.60028620787986,209.42870956383615,210.0096893310547,2385100
CAT,2023-04-13,209.4763475881446,211.60977019304337,206.35239488852724,211.12403869628906,2909100
CAT,2023-04-14,212.38123015080475,215.08611333393685,210.9049686737857,213.03839111328125,2246900
CAT,2023-04-17,214.30511699463466,216.1242520031291,213.62890346830133,214.52418518066406,1751800
CAT,2023-04-18,214.82897281192885,216.6766795695585,213.40033536421748,214.48609924316406,2567100
CAT,2023-04-19,214.10512221176103,214.43846220983002,211.8288272630955,213.96224975585938,2078400
CAT,2023-04-20,211.838368802497,213.5527367256289,210.419250306961,211.6955108642578,2826800
CAT,2023-04-21,211.31244492101447,211.61888227377833,208.27687112741646,210.92941284179688,2712500
CAT,2023-04-24,211.17836443119467,214.2043672818485,211.17836443119467,213.95538330078125,2790700
CAT,2023-04-25,212.93077212935148,213.76387489757875,209.01421305468523,209.35894775390625,2505600
CAT,2023-04-26,208.49710467418535,211.04431026301268,206.95537651376213,207.0224151611328,3254700
CAT,2023-04-27,201.55455653525718,206.91709344945355,195.38764346745262,205.24130249023438,7711100
CAT,2023-04-28,204.19751905956122,211.20710535102438,203.9676910488583,209.52174377441406,4669500
CAT,2023-05-01,210.03883899533233,212.54774729620647,207.3479999571227,208.05662536621094,2876400
CAT,2023-05-02,207.90339665484356,207.90339665484356,201.65987479662434,206.02650451660156,2858000
CAT,2023-05-03,206.49575805664062,209.87606679311392,205.74883522381717,206.49575805664062,2635100
CAT,2023-05-04,206.88836210138138,207.7310356001492,200.4533237943581,201.45880126953125,3211000
CAT,2023-05-05,204.53266302354777,206.5340325821763,203.39312291156472,205.96905517578125,2716600
CAT,2023-05-08,207.26181812033542,208.8609996618665,204.57097910565045,205.68177795410156,2414100
CAT,2023-05-09,204.67631886724962,206.2563444506992,202.96221598384136,204.43692016601562,4111900
CAT,2023-05-10,206.29460601103278,206.8308712825866,201.27681945552325,204.1304473876953,2446100
CAT,2023-05-11,200.13733564090765,201.36305595340568,199.5819288412228,201.1236572265625,3263300
CAT,2023-05-12,202.73238179975587,203.53675784662735,199.11266036536284,200.65438842773438,2172600
CAT,2023-05-15,201.39173100038576,204.26451498600125,200.28091768579807,202.33016967773438,1925600
CAT,2023-05-16,201.1428171556463,201.35348920833368,198.2700323772607,198.41366577148438,2771500
CAT,2023-05-17,200.40542603901358,204.77205571598796,199.80213667699553,203.10585021972656,2897400
CAT,2023-05-18,202.05249245126276,206.51488749752443,201.31514040174213,205.61474609375,2643600
CAT,2023-05-19,210.15374637983956,210.5655051010955,203.91979532105202,205.6721954345703,4402100
CAT,2023-05-22,205.16469994145314,207.951304506985,202.90477547431462,205.1742706298828,2540600
CAT,2023-05-23,204.15919926201744,206.13184212348196,202.387657728679,203.6899871826172,2298300
CAT,2023-05-24,202.82814270488208,203.46972943728008,200.34797579641744,200.8076171875,2964000
CAT,2023-05-25,200.798048576268,202.80898881538096,199.75427378941387,201.07574462890625,2243600
CAT,2023-05-26,202.76113490481748,204.23582451632865,201.29601598139686,202.81858825683594,1973900
CAT,2023-05-30,202.22481964462884,203.86231283193945,199.4190744937157,200.9990997314453,2885900
CAT,2023-05-31,200.26180634383263,201.84183192816434,196.8814978494602,197.02513122558594,5937000
CAT,2023-06-01,198.87327494472285,201.64073785902607,197.30282010540716,200.204345703125,2989100
CAT,2023-06-02,205.8349994853404,218.12094253156408,204.9348580348166,217.01971435546875,8358200
CAT,2023-06-05,217.3644657347702,217.3644657347702,211.38906846008936,213.0361328125,3438400
CAT,2023-06-06,212.4519967960247,218.5901833719668,212.0593793955506,217.06759643554688,3230100
CAT,2023-06-07,218.14965849011313,226.33709655612978,216.68453968597433,225.5614471435547,5586400
CAT,2023-06-08,224.59428244389474,226.2605026893642,221.91302863978856,224.5081024169922,3546800
CAT,2023-06-09,225.70510915181282,225.81044517254946,221.61617494361198,225.0635223388672,2488500
CAT,2023-06-12,225.25503680919616,228.75983753446232,223.42604171541828,227.8118133544922,3644200
CAT,2023-06-13,229.89935025086774,236.21946685904766,229.51630358229735,235.0320587158203,4335100
CAT,2023-06-14,236.33440959678197,237.78995784586894,231.32619267142636,233.00198364257812,3122400
CAT,2023-06-15,233.65312466326634,237.84739444568234,233.15517128991084,237.16749572753906,2743900
CAT,2023-06-16,238.82415001182235,240.25097160014025,234.5820118352225,234.86929321289062,5261200
CAT,2023-06-20,232.05396551107862,232.90622435690798,230.3494478194199,230.9239959716797,2979800
CAT,2023-06-21,228.7119405247425,234.85969744108203,227.93629106783916,231.239990234375,2892500
CAT,2023-06-22,230.04300700711352,230.76120314549672,225.94450221301233,227.2755584716797,2421600
CAT,2023-06-23,224.49853515625,225.8583180667303,221.47253197486356,224.49853515625,3354000
CAT,2023-06-26,225.47527745378926,229.45886070656232,225.15926941719843,226.90208435058594,1748300
CAT,2023-06-27,227.40960431654796,230.62712336257343,225.34121069618186,230.48348999023438,2283000
CAT,2023-06-28,229.1428527646427,231.78582375840818,227.7734992172537,231.6134490966797,2200100
CAT,2023-06-29,231.68049407021218,236.39185885116382,231.13465800686578,233.88296508789062,2070000
CAT,2023-06-30,236.1141490495473,236.45886913889183,233.5477874722244,235.61619567871094,2377900
CAT,2023-07-03,235.52046381903867,237.85699772369458,234.86930629766957,236.84194946289062,1045700
CAT,2023-07-05,234.61072637457022,237.00471337839235,233.76803827346896,234.44793701171875,1820600
CAT,2023-07-06,232.45615292683271,233.5286544973301,228.71195350675538,230.378173828125,3079700
CAT,2023-07-07,230.00467750763627,237.291973891439,229.92806817683683,234.78306579589844,2903900
CAT,2023-07-10,234.14150978526808,238.78585061818714,233.73932170464482,238.25917053222656,2771900
CAT,2023-07-11,239.24548366584327,243.67915230897597,239.24548366584327,242.1278533935547,3293300
CAT,2023-07-12,244.65590771649335,246.71474536247817,240.77764574311496,242.84605407714844,2986200
CAT,2023-07-13,243.76531677602466,245.58474095300053,242.0225019323169,245.01019287109375,1949400
CAT,2023-07-14,245.60392698045942,245.60392698045942,242.1853065008156,244.78038024902344,1936800
CAT,2023-07-17,243.48764314416294,247.87342924830955,241.323469462374,246.5423583984375,2674500
CAT,2023-07-18,246.705148646634,252.95824141135896,246.0348206090723,252.62307739257812,3832400
CAT,2023-07-19,250.3423490730016,253.01764462785806,249.9189184641875,252.85403442382812,2771900
CAT,2023-07-20,254.22057565568107,255.40423135813427,250.63104810922567,251.25656127929688,2102300
CAT,2023-07-21,251.89172427577753,251.90135704415528,247.81142455830215,247.94613647460938,2249900
CAT,2023-07-24,248.5716412143048,252.55573058498726,248.3791914306834,249.60134887695312,2195300
CAT,2023-07-25,250.30386065393824,253.9414933549103,249.66871470701363,252.19003295898438,2016600
CAT,2023-07-26,250.71763772738615,252.6519443431605,247.56117379023064,248.59088134765625,2622800
CAT,2023-07-27,249.2164187387468,251.2662012861013,247.14740002358155,248.57164001464844,2284400
CAT,2023-07-28,250.1402609211236,253.0754065276794,249.23566174986468,250.62142944335938,2101200
CAT,2023-07-31,252.8540084774115,255.22134891599072,251.80506483036547,255.18287658691406,3568700
CAT,2023-08-01,262.4774122869386,277.9036729599088,260.3121540737558,277.778564453125,11823200
CAT,2023-08-02,276.91244088725,282.8115707386848,275.31495812111103,276.7392272949219,6288300
CAT,2023-08-03,274.7857167914586,277.09531973117004,270.46480366610973,270.8497619628906,4743500
CAT,2023-08-04,272.5338811584524,272.8225705440241,264.98913237593683,266.0284729003906,3888200
CAT,2023-08-07,266.6828504722334,271.3405584774533,265.49919464367173,271.042236328125,2438200
CAT,2023-08-08,267.5296925264355,273.2556095633981,264.4309661361137,272.23553466796875,2519500
CAT,2023-08-09,273.93892079530156,276.306262169925,273.18829892685017,273.8138122558594,3088600
CAT,2023-08-10,273.77524250498345,276.82586370331467,270.5995421664963,273.1304931640625,2647100
CAT,2023-08-11,273.24593215389,275.2668454466635,271.96600767558425,274.47772216796875,1874100
CAT,2023-08-14,273.3614928809794,274.8435003389372,270.6765639661532,273.82342529296875,2194000
CAT,2023-08-15,271.8794614888517,271.9949666078306,266.61547648226815,266.9234313964844,2593600
CAT,2023-08-16,266.5673523403294,271.0999514440325,263.7573153431115,264.171142578125,2831300
CAT,2023-08-17,266.586574296912,269.02128563290455,264.3154731662535,264.8062744140625,2534700
CAT,2023-08-18,262.727659362524,265.3067157254067,260.89919538984094,263.4878845214844,2533000
CAT,2023-08-21,264.4021217353184,265.8359946355319,258.6762041670196,262.4774475097656,2207400
CAT,2023-08-22,263.62259898411907,263.80544536278023,259.5134305845218,260.0234680175781,1668800
CAT,2023-08-23,260.11972666421656,263.44943443493565,258.9745430764709,262.7469177246094,1677800
CAT,2023-08-24,261.37071062914526,264.34432815685665,259.061107918788,259.1573181152344,1433600
CAT,2023-08-25,261.2938082204798,263.31472238619966,258.7051185825981,262.2946472167969,1291700
CAT,2023-08-28,263.1991593700756,266.5673387404422,262.75649259020736,264.4405822753906,1550700
CAT,2023-08-29,264.6426616411053,269.5794549008121,263.1317855790061,269.48321533203125,2065800
CAT,2023-08-30,269.48323086967116,273.12086358105495,269.2715155534236,271.69659423828125,1431000
CAT,2023-08-31,272.9573151718032,274.08323315749004,270.26275361134753,270.5418395996094,2579000
CAT,2023-09-01,274.073563239076,276.25808700388825,272.96688157326855,275.4689636230469,2336600
CAT,2023-09-05,275.5555788790192,278.5099605798196,270.78239548124395,271.0229797363281,2515600
CAT,2023-09-06,269.85854034796637,273.75599324684543,268.5305106585133,272.2451171875,1688900
CAT,2023-09-07,270.3493368524222,272.80331391856447,267.19287254466474,270.83050537109375,1593200
CAT,2023-09-08,270.96521701888327,272.7166772836658,268.60747978796894,271.6484680175781,1240100
CAT,2023-09-11,273.8426299462258,274.26606059976535,269.406270220627,271.4271545410156,1515300
CAT,2023-09-12,269.7045565029237,273.98693820627045,269.2811259056761,271.1961669921875,1587300
CAT,2023-09-13,269.65651234292085,272.09122440837695,262.74693794286134,265.5281066894531,2119300
CAT,2023-09-14,268.49205102190035,272.51461305335926,267.36610369238224,271.91796875,2660500
CAT,2023-09-15,271.25394102123187,271.25394102123187,266.8849225679973,268.6363830566406,4940900
CAT,2023-09-18,268.54981019783736,272.1008367295463,268.3477276138132,270.3590087890625,1363200
CAT,2023-09-19,269.5312815166877,272.8224863373638,267.19281011073275,269.1367492675781,2313500
CAT,2023-09-20,270.89783642945304,275.8057604764136,267.6066313206327,268.1166687011719,2380300
CAT,2023-09-21,265.8071077092618,265.8071077092618,261.37074801631354,261.7845458984375,2277600
CAT,2023-09-22,261.76528426390365,264.73890192767755,261.38032598773657,262.7757263183594,1707800
CAT,2023-09-25,260.55273940533056,264.4790613929235,259.89835730209745,263.9401550292969,1257400
CAT,2023-09-26,260.9376937313373,263.12221770162216,259.01301956865996,259.36907958984375,1756400
CAT,2023-09-27,260.7932855059348,263.9016440939229,259.0610909288171,262.4388732910156,1991600
CAT,2023-09-28,263.1895412224277,267.7702748184014,261.96738378412664,265.8359680175781,1994700
CAT,2023-09-29,268.5689827880955,269.0212823288249,261.13974036755303,262.7179870605469,2257800
CAT,2023-10-02,262.37159962148337,266.3845288605855,260.0619670994188,261.4862365722656,1778200
CAT,2023-10-03,260.99540818577964,263.27614216497415,257.4636478603872,258.83978271484375,2187900
CAT,2023-10-04,257.42513014273817,257.7330850103406,252.8828986342769,255.04815673828125,2970100
CAT,2023-10-05,253.96071316289525,255.92388874799957,250.6214027988656,250.9774627685547,2639300
CAT,2023-10-06,251.7184940721446,258.31050834167326,248.54276437729573,256.0201416015625,2293400
CAT,2023-10-09,256.02012838564144,261.38032283511797,254.68246593893917,261.0820007324219,1640800
CAT,2023-10-10,262.381198565992,264.73893615547547,261.59207511329504,262.92010498046875,2009000
CAT,2023-10-11,263.2280911415376,264.07495257001614,259.7348024331639,262.554443359375,1538200
CAT,2023-10-12,263.48785223720165,263.48785223720165,256.16448194780656,259.4556579589844,1910500
CAT,2023-10-13,260.3025193196128,263.6225936351005,256.0778752651483,257.84857177734375,1918300
CAT,2023-10-16,261.8711735293062,263.6515030826541,259.4268290108274,260.5912780761719,1678600
CAT,2023-10-17,258.464446100884,265.1815686102113,258.464446100884,262.38116455078125,2110100
CAT,2023-10-18,258.3874870042468,258.8686555089102,249.00470116331047,249.45700073242188,4257100
CAT,2023-10-19,248.19635361265966,250.2076345353177,242.27797190838461,243.36541748046875,3850000
CAT,2023-10-20,243.0945822720564,245.20332495381373,240.04756282251438,241.05355834960938,3103500
CAT,2023-10-23,239.53489475959512,243.38478305641465,238.4998663432284,239.2350311279297,3193200
CAT,2023-10-24,242.06921884661898,243.49116508917317,239.16729014915703,241.39210510253906,2304600
CAT,2023-10-25,241.70162922435617,242.57221666341383,236.50718173520352,236.93280029296875,2542400
CAT,2023-10-26,237.50353332396836,238.6643019331096,232.5509127196464,234.50486755371094,3859200
CAT,2023-10-27,235.104577518581,235.94613206250767,230.08423883935302,230.7613525390625,3229900
CAT,2023-10-30,233.06357921804073,235.6366263166647,231.36110486227236,234.2436981201172,4478300
CAT,2023-10-31,220.20799513526973,223.00351891563062,216.4451618840577,218.66030883789062,12093300
CAT,2023-11-01,217.7510519764423,225.04455944167765,216.599951257824,224.25137329101562,4932800
CAT,2023-11-02,228.09157973270112,231.7576761899629,225.26703780500173,231.30303955078125,7749900
CAT,2023-11-03,233.61492595119017,236.25569167071788,230.39378335306407,232.87977600097656,3929500
CAT,2023-11-06,233.61493008566075,234.97884012845975,228.63329167965796,230.4905242919922,2891500
CAT,2023-11-07,226.91148997924842,229.38780021809865,225.9345125871941,227.24037170410156,4074000
CAT,2023-11-08,228.2850644778365,230.016542158937,226.78573165321203,227.14364624023438,2532500
CAT,2023-11-09,229.67798591533804,231.4578319759554,226.1763300065189,226.4955291748047,2708800
CAT,2023-11-10,227.64665195478122,232.29940906009034,226.95018781843828,231.8447723388672,2525200
CAT,2023-11-13,231.07092700704084,235.35610154364278,231.07092700704084,233.76971435546875,3035700
CAT,2023-11-14,238.68362531429773,241.3920949365253,236.6909700542217,239.75733947753906,3441800
CAT,2023-11-15,241.36307611010977,244.6615903632054,240.4731531208899,242.88174438476562,3739900
CAT,2023-11-16,242.31104918634037,244.65193659291188,238.53854773772778,240.09591674804688,2625000
CAT,2023-11-17,241.91443458785253,245.94811351961533,241.8273802733474,244.79702758789062,2792500
CAT,2023-11-20,244.35205688725858,244.63257015189117,240.53118725949523,242.26266479492188,2661400
CAT,2023-11-21,241.28570145590598,241.682301921923,240.20231946090598,241.25668334960938,1765500
CAT,2023-11-22,233.93415512557067,239.53488609495798,233.90513701774782,237.96783447265625,3593700
CAT,2023-11-24,238.68362224750686,240.7633317957254,238.63525381987978,239.273681640625,982200
CAT,2023-11-27,238.8867830768869,240.1055878479012,238.26770552907396,239.30271911621094,1743300
CAT,2023-11-28,239.64127826280892,240.73432804048062,237.96782207898795,239.40911865234375,2149900
CAT,2023-11-29,241.51787198938402,243.35576922345624,240.19266246100733,241.29539489746094,2224700
CAT,2023-11-30,242.83341142200524,243.278380361588,239.73802345091028,242.5238800048828,3210500
CAT,2023-12-01,243.67496705465814,249.02418800963426,242.80437955089903,248.36642456054688,3731500
CAT,2023-12-04,245.28068571606096,247.17660413785006,244.1682708955473,246.42210388183594,3028700
CAT,2023-12-05,245.4838073277694,248.79201885503977,245.4838073277694,246.84771728515625,2682200
CAT,2023-12-06,248.40510315603052,252.4774979851531,247.21533119441318,247.6022491455078,3632600
CAT,2023-12-07,248.80170448648465,250.90077939615108,247.44747689312607,248.99517822265625,2162500
CAT,2023-12-08,248.96613890339614,253.08688706921157,248.59855654795504,251.01683044433594,3258200
CAT,2023-12-11,251.34568537505524,253.6672221642699,251.01680370257785,252.39039611816406,2898300
CAT,2023-12-12,251.49079991674665,253.90907378654097,250.64924533324938,252.88372802734375,2375700
CAT,2023-12-13,252.85475939696457,259.46150143313116,250.80406747731797,259.2099914550781,3708300
CAT,2023-12-14,263.5435368475994,276.12821584089204,261.7056248206463,275.84771728515625,6464100
CAT,2023-12-15,270.9434368172484,277.47277690530444,270.82736438331904,276.3990478515625,7321200
CAT,2023-12-18,277.36635337111227,279.4364101452396,275.2673080088811,276.3700256347656,2691700
CAT,2023-12-19,277.42436527496204,283.4507143583022,276.8053025174773,283.38299560546875,3659600
CAT,2023-12-20,282.38665556813726,288.5193942626486,280.0554361281195,280.2392272949219,3818400
CAT,2023-12-21,280.42306878059253,281.22595234173343,277.2309586621866,280.5875244140625,3209300
CAT,2023-12-22,280.81962728850965,283.25723667689334,279.4653998505187,280.86798095703125,2833800
CAT,2023-12-26,282.05778988799165,287.3779924459227,281.48708079235246,285.9657287597656,2019000
CAT,2023-12-27,285.96576745690027,289.3706869275526,285.09519464269385,288.3743591308594,1876500
CAT,2023-12-28,287.38764446559156,289.4190002214122,286.36229880673824,287.1748352050781,2267400
CAT,2023-12-29,287.14587386208217,288.4904189175095,283.61519956379095,286.00445556640625,2300600
CAT,2024-01-02,283.8376383835388,286.9427233394749,281.82564747845885,283.14117431640625,2433100
CAT,2024-01-03,278.9624257002598,279.484751622384,274.0581590140283,275.006103515625,3043400
CAT,2024-01-04,275.1125283412586,278.79797557525967,274.5128011092611,276.7472839355469,2995400
CAT,2024-01-05,276.89238893610224,281.4871098005441,276.13788858547605,279.4847717285156,2684800
CAT,2024-01-08,278.15951365519913,283.1121335042923,275.91534856109666,282.6961975097656,2369100
CAT,2024-01-09,279.77492917649755,282.8025830267029,278.58512789891665,282.7348937988281,1974500
CAT,2024-01-10,282.5994706730033,284.9210076195529,281.93202474187797,283.76025390625,2048000
CAT,2024-01-11,284.9694259237132,285.9367355639702,279.9490865291833,282.512451171875,1941400
CAT,2024-01-12,285.617492278142,286.15918328745084,279.48475301422354,280.9163818359375,1955600
CAT,2024-01-16,279.4364175739571,280.7229264250149,276.26364308959813,277.8403625488281,3140100
CAT,2024-01-17,269.71489804771625,272.8006177503669,267.8866984217251,269.5214538574219,3789200
CAT,2024-01-18,270.8660538555203,273.29401066941927,268.583217113807,272.6846008300781,2479300
CAT,2024-01-19,274.3560810003598,278.00999551004645,271.08114961273014,277.2325744628906,3116000
CAT,2024-01-22,278.0294065564935,282.3927385861197,278.0294065564935,280.52691650390625,2072200
CAT,2024-01-23,282.3053077110907,284.6181752181347,279.40935962682977,280.6824035644531,1866300
CAT,2024-01-24,282.63568420693,284.35574355989706,280.2062067643006,282.4801940917969,2765900
CAT,2024-01-25,285.70659859323064,294.7539718428126,284.861145036345,292.2856140136719,4647100
CAT,2024-01-26,292.50905620848204,294.43321283603444,290.2350690977588,290.98333740234375,2920500
CAT,2024-01-29,290.58490102035773,295.1329049210372,289.05921186336604,294.6955871582031,2101400
CAT,2024-01-30,292.03294338027905,297.10569394229697,292.03294338027905,296.1630554199219,2150200
CAT,2024-01-31,296.95019232255476,297.1251075904435,291.4692766750366,291.83856201171875,2813000
CAT,2024-02-01,294.6858941521064,299.37966130264107,293.4225777113503,299.0103759765625,3196300
CAT,2024-02-02,298.3398438275585,308.41731198310987,297.3680528053189,306.2016296386719,4661500
CAT,2024-02-05,325.4236757784158,325.4236757784158,306.9985251169489,312.3336486816406,6557500
CAT,2024-02-06,314.07316756320694,318.1935523315713,310.0693929816135,313.6164245605469,2825700
CAT,2024-02-07,313.8302252511106,318.57257064041386,312.04213315717374,314.4618835449219,3203000
CAT,2024-02-08,315.51138190638784,317.221713817904,312.3530613076671,312.91668701171875,1986100
CAT,2024-02-09,312.91672201802436,313.2374000195875,306.6681126058959,308.2132568359375,2823000
CAT,2024-02-12,308.26179984575674,313.9759353935152,307.5815639727942,312.55712890625,2483600
CAT,2024-02-13,306.88190163945944,307.08596945452217,302.0229464265714,304.0151062011719,2923200
CAT,2024-02-14,307.0957039898235,308.8837959909038,305.1132419130283,307.77593994140625,1887100
CAT,2024-02-15,307.0373655635494,314.09254776403526,306.5611678267613,313.9565124511719,2362900
CAT,2024-02-16,314.5881935428527,319.0389834130692,312.3725111798408,312.8292541503906,2513200
CAT,2024-02-20,308.31049461207505,310.00140185934094,303.9179792794133,304.8897705078125,2701600
CAT,2024-02-21,304.07334284393414,308.854566746109,304.07334284393414,308.1937561035156,1779700
CAT,2024-02-22,311.94493220500374,314.2480722864905,311.3035465425995,313.0041809082031,1875800
CAT,2024-02-23,313.88847157704305,315.9097836701366,312.96525832736944,314.74365234375,1575000
CAT,2024-02-26,314.5201459024707,318.0088719746974,313.1596444568081,316.20135498046875,1650000
CAT,2024-02-27,317.7562506794706,318.6988891915784,314.6367800318517,318.3879089355469,1640900
CAT,2024-02-28,318.1546882668134,322.3236505469449,317.765948118792,320.2634582519531,1471000
CAT,2024-02-29,321.66287414441166,325.443155994201,320.7882680312528,324.53936767578125,2699800
CAT,2024-03-01,324.57814865350144,328.2417895352429,324.18943823914935,327.2019958496094,1815500
CAT,2024-03-04,326.13306470108796,330.66161430836434,325.34591636562845,329.0970153808594,1551000
CAT,2024-03-05,325.95815923668835,329.42743066303683,322.38194571920195,324.1214599609375,2030000
CAT,2024-03-06,326.7647677188895,328.20302926883426,324.7337278144013,326.1622619628906,1542300
CAT,2024-03-07,328.96101772465516,332.6829646223454,328.88325782819425,330.6227722167969,1732500
CAT,2024-03-08,332.4205892899612,334.7820345495798,328.56257742978323,329.621826171875,2307400
CAT,2024-03-11,327.4935781165542,328.6694369625898,322.17787997984806,325.5208435058594,1868000
CAT,2024-03-12,325.82210447238793,328.8443900817748,323.3537468832164,327.726806640625,1645900
CAT,2024-03-13,328.6014187372773,333.4214937312351,327.87257549667714,331.88604736328125,1818800
CAT,2024-03-14,334.8305963556947,337.0560061769731,329.37886276881363,332.2748107910156,2110200
CAT,2024-03-15,333.2951179894241,337.4932616921269,331.52645147716913,337.1822814941406,4406000
CAT,2024-03-18,338.26098746453175,343.37261745198003,338.04719226506836,341.9732360839844,2528200
CAT,2024-03-19,341.6817017739571,344.0139941077532,339.75754502880466,343.91680908203125,2207600
CAT,2024-03-20,341.21529519018384,348.0761381626655,338.3193766169162,346.39495849609375,2563900
CAT,2024-03-21,347.5804985074793,354.89808351939007,346.6572851988108,354.276123046875,2616300
CAT,2024-03-22,354.3150003222631,355.2090314238861,347.7651088935111,348.008056640625,2052000
CAT,2024-03-25,346.89057707631883,348.74670181978433,345.01502718534715,345.9090881347656,1774800
CAT,2024-03-26,346.404672764793,349.4463838773275,345.95765712968483,346.336669921875,1637200
CAT,2024-03-27,348.6008728449743,354.5190765464322,347.78457195408777,354.36358642578125,2262800
CAT,2024-03-28,354.3344140117739,356.8610764314258,353.2751654274023,356.0933532714844,2028600
CAT,2024-04-01,357.1137973765437,357.5510855692789,352.41033209996027,353.4792785644531,1953800
CAT,2024-04-02,352.08964073833056,354.6940338402476,351.2830671521314,354.5385437011719,1968900
CAT,2024-04-03,355.1798961115531,365.4614618759655,354.3150175113571,365.1893615722656,2623700
CAT,2024-04-04,366.72474385071325,370.2815022651254,358.47424822498294,359.35858154296875,2492200
CAT,2024-04-05,361.9921144281289,370.2523371734688,361.30215118504265,368.60028076171875,2068300
CAT,2024-04-08,368.41573168042584,371.23394976404387,362.37121914800707,362.9348449707031,2690000
CAT,2024-04-09,364.4507988879782,366.52071858427735,355.1993587025777,361.4090881347656,2042700
CAT,2024-04-10,355.86987143441814,362.10875296552206,354.1109321198307,361.57427978515625,2148500
CAT,2024-04-11,362.1184746066479,362.8375904357126,356.5501016612083,361.48681640625,2535700
CAT,2024-04-12,358.241079658671,362.322584419925,352.4491834416801,355.31597900390625,2072900
CAT,2024-04-15,362.4488943980591,363.8968535136598,351.8952286017953,353.64447021484375,2171000
CAT,2024-04-16,352.7795577289884,353.20714814102246,347.104301854463,349.7281494140625,2513900
CAT,2024-04-17,352.42003107011345,352.67270624237955,342.9256428453732,348.2121887207031,2313800
CAT,2024-04-18,350.962328740594,353.2266184752668,346.12282833374604,347.8331604003906,2380700
CAT,2024-04-19,349.4522081269626,352.04659851235175,343.4539137401842,345.9117431640625,2929600
CAT,2024-04-22,347.31623771930435,353.070698959325,344.52676865313794,348.7889709472656,2085400
CAT,2024-04-23,351.1200526658207,356.50388275802965,350.1837408595269,354.2898864746094,1810700
CAT,2024-04-24,354.9726692355403,359.08857814403655,350.04721678531905,354.5532531738281,3032700
CAT,2024-04-25,322.28920092096433,333.50553605959,322.1721656644971,329.6627197265625,6459600
CAT,2024-04-26,330.09182397609055,336.9776751005788,329.98452182903645,334.90997314453125,3324600
CAT,2024-04-29,335.4952427789282,342.2933187630648,335.4952427789282,341.1716613769531,2171400
CAT,2024-04-30,338.46020545532497,339.1917055479075,324.9030763590915,326.31732177734375,4201700
CAT,2024-05-01,325.15664318857847,330.1503452734765,322.58174880834605,322.90362548828125,3520600
CAT,2024-05-02,325.2932400126239,327.8681349123591,321.12857640375495,327.1658935546875,2492000
CAT,2024-05-03,329.7504857443965,333.18364880643867,326.7172129725195,328.44354248046875,1977100
CAT,2024-05-06,332.4619196764285,334.10047278474934,331.3207961693113,333.6615905761719,1653900
CAT,2024-05-07,335.9730952439992,339.9427092990339,334.92948136941624,336.4900207519531,1965600
CAT,2024-05-08,331.61337975666726,337.7287098974346,330.38445005988694,336.00238037109375,2260300
CAT,2024-05-09,337.3873737597615,344.1756865120381,336.90944010986647,343.1028137207031,3208900
CAT,2024-05-10,346.24338591570665,348.69148247889393,344.79988164782304,346.03857421875,2210600
CAT,2024-05-13,346.0482958435096,349.7057962777272,345.62890960394157,347.8819274902344,2051200
CAT,2024-05-14,348.8962951170168,351.71499340831446,348.22331263181377,349.3449401855469,1563400
CAT,2024-05-15,352.5537772830831,354.3483872283613,349.2864043289588,351.1590576171875,1913900
CAT,2024-05-16,347.9501985574284,349.9203613560015,340.98630363205547,342.0689392089844,2821700
CAT,2024-05-17,344.26346701689164,347.6186166413057,342.88824320879024,347.4820556640625,2104300
CAT,2024-05-20,347.608842100373,355.44076865913024,346.01904378489667,353.8022155761719,2247900
CAT,2024-05-21,353.32429820349864,354.2801059163021,348.681701547662,350.2129821777344,1841100
CAT,2024-05-22,349.65706872808215,350.3398141015394,343.8635852081386,347.16021728515625,2104200
CAT,2024-05-23,351.51015468592414,352.42697047166126,340.1865480934079,342.0494384765625,2749200
CAT,2024-05-24,343.9416213065923,345.18028414194674,338.12861218922956,340.2938537597656,2635200
CAT,2024-05-28,339.41602601362143,340.61569682089896,335.9048197915523,337.92376708984375,2264900
CAT,2024-05-29,336.49001984621975,336.7923708162009,329.38959395136163,329.76995849609375,3040000
CAT,2024-05-30,330.1211380169301,336.051152727614,330.1211380169301,330.88189697265625,2745800
CAT,2024-05-31,330.96964139316884,332.4814260632073,326.79521551813406,330.16986083984375,8319400
CAT,2024-06-03,332.46192399083304,332.9788495530764,317.7148862949397,323.1864929199219,3878600
CAT,2024-06-04,320.6018242828515,322.1818595826626,316.49567912207164,319.4899597167969,3706600
CAT,2024-06-05,321.35286721056093,323.0986926086142,318.6414414828072,321.3236083984375,2616300
CAT,2024-06-06,322.07461666065893,322.86463438283135,319.02181816556094,320.1922302246094,2452100
CAT,2024-06-07,318.1537678762616,324.66898786293893,315.73493032215987,320.826171875,2499100
CAT,2024-06-10,320.6018506216935,323.7229295735221,320.33852130502873,321.4796447753906,2640500
CAT,2024-06-11,319.6753011186122,320.53359931704125,315.7447085054359,319.23638916015625,3247000
CAT,2024-06-12,324.93232549040914,326.90251806387516,317.9586974352071,320.6213684082031,4817300
CAT,2024-06-13,319.4217088872024,319.8021032245916,313.5209533465099,318.309814453125,3183900
CAT,2024-06-14,313.46242221391554,314.7205808953426,308.05906673170927,313.5404357910156,4195300
CAT,2024-06-17,313.54042633813754,315.85196171201557,311.01431642768614,314.4474792480469,3198900
CAT,2024-06-18,315.0814609665257,317.56857913751725,313.0820392882123,317.11993408203125,3275300
CAT,2024-06-20,317.0418908175851,322.93291322581365,316.5737200433844,321.0115051269531,4463300
CAT,2024-06-21,322.37694510604666,322.3964410585684,318.13423889474024,319.7532958984375,8265100
CAT,2024-06-24,321.235849134703,325.4395641894193,318.027023131993,321.8600769042969,2447300
CAT,2024-06-25,319.9191265823985,321.3431050501901,316.36889862469883,319.32415771484375,2990400
CAT,2024-06-26,318.2025445511512,319.62652308304024,315.7934696899338,318.67071533203125,2198600
CAT,2024-06-27,317.987970708184,321.10904972473213,316.66153147328106,319.3826904296875,1995100
CAT,2024-06-28,320.4068286101102,325.9467159367525,320.2215128575626,324.88360595703125,8891500
CAT,2024-07-01,326.84399790563845,327.01958055851463,317.3442590529592,320.9627380371094,2950200
CAT,2024-07-02,319.90939400598137,321.9478374874731,317.5490737951495,319.6753234863281,2119800
CAT,2024-07-03,320.162946412307,323.2352406213984,320.162946412307,322.4549560546875,1352200
CAT,2024-07-05,323.39130720537116,325.2151759270785,318.5731577592967,320.250732421875,2280900
CAT,2024-07-08,322.21109766527223,325.0395880731428,319.0705529845966,320.94317626953125,1913400
CAT,2024-07-09,320.4360802558988,321.9770941078069,317.7929050086242,318.0172424316406,1896100
CAT,2024-07-10,318.056264950274,320.3775634765625,313.7062858108624,320.3775634765625,2904400
CAT,2024-07-11,321.8599962692853,326.1807157423154,321.1772510379413,322.9621276855469,3016400
CAT,2024-07-12,326.68790542822967,329.8869975075377,325.20537974147993,327.3121032714844,2451300
CAT,2024-07-15,330.7355406231192,339.31846208522,329.50661109341235,337.2409973144531,3394300
CAT,2024-07-16,338.2748947502602,353.3438087875843,336.74364382159797,351.68572998046875,4637000
CAT,2024-07-17,350.11548807477175,353.7437300966572,347.4138248377727,348.9743347167969,3061000
CAT,2024-07-18,347.7063632189252,360.1223683347544,346.97486315605227,347.2479553222656,3876300
CAT,2024-07-19,346.5847824854265,347.69664725324543,338.1383903818596,339.0552062988281,3462700
CAT,2024-07-22,340.7983655414105,341.5132694235021,334.31536693270465,340.6710510253906,2659600
CAT,2024-07-23,338.57532170317273,341.4446798186584,334.3153365439243,337.047607421875,2027800
CAT,2024-07-24,335.85281975043466,337.68411618044564,328.508028794114,329.0858154296875,2835800
CAT,2024-07-25,328.5667920480883,340.9941810138242,327.03907788603374,337.17486572265625,3291300
CAT,2024-07-26,341.4251016362073,345.6361035509738,339.7015143029656,343.2270202636719,1894900
CAT,2024-07-29,342.933216971891,344.1083956090777,336.02912466501334,337.400146484375,2190300
CAT,2024-07-30,336.54817071069806,338.56553788355905,331.61246205072996,334.6483154296875,1970800
CAT,2024-07-31,338.20316782561616,343.72643542611274,333.7962929788872,339.03558349609375,2568100
CAT,2024-08-01,339.13352939836886,342.590477093991,321.29057953573795,324.6593933105469,3747900
CAT,2024-08-02,316.07086606029065,316.7074086901767,311.08620440030364,314.2297668457031,4246700
CAT,2024-08-05,302.60541665839827,313.9457618415669,300.6957588707036,310.2439880371094,4681300
CAT,2024-08-06,307.5508696889149,325.29590983975663,304.07434723850696,319.6844787597656,5071700
CAT,2024-08-07,326.6082378775507,328.2436615817899,317.73573105274295,319.0577697753906,3011700
CAT,2024-08-08,323.17084314885557,329.4677708896834,320.83028845469295,329.203369140625,2268300
CAT,2024-08-09,329.0466477037747,331.49491145157066,325.5995031058496,331.2598876953125,1668100
CAT,2024-08-12,331.2598812667339,332.81697339379065,326.69631414308105,329.0760192871094,2127600
CAT,2024-08-13,330.2022261376682,332.4937974547969,326.8236400449666,331.7886962890625,1503800
CAT,2024-08-14,332.57217350089496,334.7168550639711,327.6756457104991,330.603759765625,1610900
CAT,2024-08-15,337.3707599515872,340.44579370544056,333.7375447509672,338.4871826171875,3232600
CAT,2024-08-16,338.1052473031686,338.683034001881,333.7081748670146,336.37188720703125,2483800
CAT,2024-08-19,336.56774204856225,338.9376747547356,336.1956011381186,337.5176696777344,2252600
CAT,2024-08-20,337.86044923512264,339.00624999542833,334.7462644409086,336.19561767578125,1479500
CAT,2024-08-21,337.4491041645481,338.44801498486197,334.77561905378934,335.8724365234375,1433200
CAT,2024-08-22,335.9017942939008,337.9975224578232,334.69723774198,335.2750244140625,2021400
CAT,2024-08-23,337.8310460438691,342.3064797027548,335.97037142504735,341.1998596191406,2183900
CAT,2024-08-26,342.57087585157734,347.07568740871415,341.71888479539945,343.8929443359375,1718100
CAT,2024-08-27,343.09970525146684,344.4413490725436,339.9169622155275,343.853759765625,1210800
CAT,2024-08-28,343.3347263646708,347.09525605942105,338.6830250404253,340.99420166015625,1514500
CAT,2024-08-29,343.9517156056322,349.0832674096466,340.29889494189894,344.363037109375,1664500
CAT,2024-08-30,345.2933710578622,348.86783065668175,342.590477935472,348.7307434082031,2974100
CAT,2024-09-03,344.921233893088,345.3325554150792,331.3970252859105,333.1989440917969,3107200
CAT,2024-09-04,331.5830771520861,333.7963173558276,328.35138064955584,329.7811584472656,2782500
CAT,2024-09-05,329.06624887612315,329.5265236922672,323.7192487994547,326.65716552734375,2525500
CAT,2024-09-06,327.28393262946224,331.61244650185193,321.32973804258205,322.5440673828125,2676600
CAT,2024-09-09,326.9999132824702,329.3991939006259,326.0793636928981,327.1272277832031,2355800
CAT,2024-09-10,328.17507333109455,328.8018432375884,322.57347419348474,327.2447509765625,1869200
CAT,2024-09-11,326.10877157182836,328.5374602692341,319.36134150241736,328.0673828125,1934700
CAT,2024-09-12,328.34157967052704,333.9823894779976,326.77468473667017,332.5525817871094,1747000
CAT,2024-09-13,335.3338541915492,340.03450936230286,333.3066843211716,338.1640319824219,2518600
CAT,2024-09-16,341.14106823645255,344.1866939187914,337.165090398334,340.7591247558594,1648200
CAT,2024-09-17,342.75690495900074,347.24211073689656,342.01262325898864,346.37054443359375,2088400
CAT,2024-09-18,347.6534842047985,354.14628504368466,345.02895239809794,347.77099609375,1990700
CAT,2024-09-19,355.48792605542786,366.9360106931094,353.793716640599,365.5845642089844,4066600
CAT,2024-09-20,362.73475905598116,363.76304778480613,358.2691282704293,361.1874694824219,5440500
CAT,2024-09-23,361.3539218924971,365.25156848765647,359.3855381871751,363.48883056640625,2442700
CAT,2024-09-24,372.13611505917135,381.3709593733863,371.64646227619875,377.9433898925781,4024300
CAT,2024-09-25,378.99125652224984,380.59733200629694,370.099175074632,370.4223327636719,2661500
CAT,2024-09-26,381.93900130631596,388.99978658573605,378.20784921772395,382.86932373046875,3906800
CAT,2024-09-27,382.9084851090242,387.3741162017658,381.0869910596846,382.98681640625,2683700
CAT,2024-09-30,381.32198841656555,384.6320458581634,378.8149686745572,383.0259704589844,2251300
CAT,2024-10-01,383.17286704877114,387.3055376140815,378.6289048937282,384.26971435546875,2091400
CAT,2024-10-02,383.8682153696401,387.4720527629575,380.5973382901149,385.8953552246094,1767900
CAT,2024-10-03,384.2207138986513,385.846364604884,380.6756327924223,382.99658203125,1866100
CAT,2024-10-04,388.510128741535,389.2348053404962,383.7409151295987,388.8724670410156,1675100
CAT,2024-10-07,388.2456848721832,392.8680081162356,387.942102552246,390.0084228515625,2224500
CAT,2024-10-08,386.10100875229284,386.8256852827096,376.88574010644913,379.9313659667969,2438800
CAT,2024-10-09,380.13706869771687,388.39260775035234,379.48092079448764,387.9910888671875,1757900
CAT,2024-10-10,387.00195509278046,388.74511775389175,382.4188123504474,388.4317626953125,1331700
CAT,2024-10-11,388.4317701475798,395.2477284504864,388.4317701475798,393.7004089355469,2110400
CAT,2024-10-14,385.2490156121684,388.08899566326437,378.86392444906164,385.79742431640625,3006100
CAT,2024-10-15,382.5461354164153,384.34805405922816,379.5690381480126,379.96075439453125,2715100
CAT,2024-10-16,379.38296148942027,386.4339733554488,378.9226866886374,385.4742431640625,1551600
CAT,2024-10-17,386.9725781528787,388.90181126211553,385.023769691814,386.32623291015625,1561500
CAT,2024-10-18,388.0497828762489,388.24565591980996,381.6549195109787,385.709228515625,3024100
CAT,2024-10-21,385.5520720516252,386.3972863752294,382.554440570292,383.7731628417969,2375900
CAT,2024-10-22,383.03601698331715,384.5692200585312,379.10472089437667,381.7878112792969,1523900
CAT,2024-10-23,380.3037828838026,383.3308677984227,376.1169427807396,379.104736328125,1500900
CAT,2024-10-24,380.3037689883143,381.689524471249,375.6550005461149,380.411865234375,1844100
CAT,2024-10-25,382.91807070005797,385.2965181414913,377.7091151375198,379.3406066894531,1606800
CAT,2024-10-28,381.71900801518365,384.8443809751284,380.7165083912494,383.9008483886719,3213900
CAT,2024-10-29,382.8099667520559,382.90825515555224,378.92779976452357,380.8541564941406,2186400
CAT,2024-10-30,367.57620768305236,381.59128872896605,360.89301590436116,372.7261962890625,4037500
CAT,2024-10-31,370.86861431847683,372.4018172429182,366.34761826210104,369.7383728027344,2394500
CAT,2024-11-01,371.57629395930576,376.6869609981917,370.4656979893078,373.1094970703125,1633300
CAT,2024-11-04,371.6057657013582,374.9375235123289,368.85384046604435,370.0528869628906,1793600
CAT,2024-11-05,370.6524353847283,379.4388847108229,369.1978450064073,376.7852478027344,1724100
CAT,2024-11-06,398.2108051212147,411.1152587824515,397.0707257053561,409.71966552734375,4720000
CAT,2024-11-07,407.7933795556958,411.3118765571004,400.54013306262493,401.1986083984375,3211100
CAT,2024-11-08,394.07312587360485,396.13706239396157,385.66015433710834,386.6134948730469,3345900
CAT,2024-11-11,391.0755291177575,395.1738886915122,388.22534531471615,389.72906494140625,1858900
CAT,2024-11-12,390.95757164403005,391.8814286136305,384.43160581565314,386.2596740722656,1737100
CAT,2024-11-13,382.26943647450025,384.48079064617673,379.0457747039706,380.4217224121094,2001900
CAT,2024-11-14,381.8271293291143,383.4782664737411,379.5764539395476,380.7066955566406,1372500
CAT,2024-11-15,379.36021077355224,381.81727067388283,375.6353295599041,377.47320556640625,2165500
CAT,2024-11-18,379.3700943444527,379.66492957067226,376.3430093794267,377.8565368652344,1626200
CAT,2024-11-19,371.5369909529203,376.667333921926,371.5369909529203,375.76312255859375,1793200
CAT,2024-11-20,377.41428574173665,379.5666728831564,371.96943192331423,374.9473876953125,1859600
CAT,2024-11-21,377.3258416495984,385.2866928644579,372.4903338807473,382.8984375,1833500
CAT,2024-11-22,383.65517949255354,391.32122503326895,381.2276328970813,390.6627197265625,1893000
CAT,2024-11-25,393.12963655230277,400.15682280699303,393.12963655230277,398.6825866699219,4398000
CAT,2024-11-26,396.716906586559,401.39515848323765,394.85938479978915,400.8251037597656,1796600
CAT,2024-11-27,401.3853686962363,405.04147565959937,396.31399258618995,396.76611328125,1371900
CAT,2024-11-29,400.3336594351156,404.12737541309826,398.0436928683053,399.1346130371094,1962100
CAT,2024-12-02,400.461457370542,401.1396083278618,393.90603810766146,395.59649658203125,1548500
CAT,2024-12-03,396.589123006426,398.5646088110625,389.78799783722076,392.4023132324219,1716200
CAT,2024-12-04,391.724153331101,394.5743368192971,389.3260604668073,392.64801025390625,1193800
CAT,2024-12-05,393.62100893901237,394.53502805348654,387.43903762893206,388.1958312988281,1291400
CAT,2024-12-06,391.3113706891889,392.87405725432427,385.9942892351981,388.2449645996094,1331000
CAT,2024-12-09,395.62597469842035,402.67280586348954,391.59639036757034,392.4023132324219,1739800
CAT,2024-12-10,384.00899136251456,388.67740532461835,378.98674516671076,381.7190246582031,2251000
CAT,2024-12-11,383.77315826674146,384.6282104189792,380.7755268211437,382.1907958984375,1651600
CAT,2024-12-12,382.3676591294479,383.17358199506526,373.62053166706113,374.2397155761719,1804600
CAT,2024-12-13,374.0628463188732,376.3135218329851,372.3822255605711,373.9743957519531,2034800
CAT,2024-12-16,375.2127680197645,375.75333930273786,371.27166354151905,372.4117431640625,1311100
CAT,2024-12-17,369.57133621408474,372.38222866889697,367.4091112488445,369.34527587890625,2138700
CAT,2024-12-18,372.1954840088153,374.61322280143986,356.79461777126215,357.6398620605469,2820700
CAT,2024-12-19,362.11169512792736,363.2222911025953,353.8264955906469,354.1802978515625,2616700
CAT,2024-12-20,352.3424278281888,365.1093028536955,351.10405990654994,359.7529296875,5142000
CAT,2024-12-23,358.6030175068899,360.05760794387595,355.2909051540537,359.1141052246094,1804900
CAT,2024-12-24,358.19024651370165,361.25665283203125,356.4309830194176,361.25665283203125,886000
CAT,2024-12-26,358.7799085839464,361.17800167296417,357.6201833997159,360.8143615722656,1097900
CAT,2024-12-27,357.14844759942105,361.0895516628648,355.5366017530336,358.5931701660156,1245800
CAT,2024-12-30,354.2392908670386,358.5539031566915,352.57831570245,356.7749938964844,1422200
CAT,2024-12-31,357.25654656546857,359.48754638875874,355.5857336625714,356.5292663574219,1168100
CAT,2025-01-02,359.2320372758604,362.51466608737707,351.93946944175804,353.5906066894531,1802600
CAT,2025-01-03,355.37937039492226,358.2197465021033,353.3154337416652,357.5415954589844,1390800
CAT,2025-01-06,360.69641429362196,364.47045492026444,356.3523189407243,357.94451904296875,1590700
CAT,2025-01-07,357.8757327146438,359.80205948995655,354.8879391494779,356.76513671875,1607400
CAT,2025-01-08,356.2245881177039,356.6471952598339,351.5561738907164,354.8682861328125,1828800
CAT,2025-01-10,351.68389660632903,353.6692202701618,343.79182113356296,344.9712219238281,2773900
CAT,2025-01-13,346.89753276563926,356.9616704025351,345.75745338518044,356.273681640625,2746000
CAT,2025-01-14,359.2123404255906,365.61053437504467,358.9076673797507,365.18792724609375,2331700
CAT,2025-01-15,372.62793000620013,373.41417726000316,367.9005186646207,368.450927734375,1984500
CAT,2025-01-16,369.8464774164228,374.868723386514,368.2837909385481,374.0136413574219,1974700
CAT,2025-01-17,378.09243500158834,380.2055007717107,375.4387979922371,379.3897399902344,2605900
CAT,2025-01-21,385.6930053028086,397.115818147881,385.49570783675455,392.9530944824219,3144500
CAT,2025-01-22,393.2687410363634,395.0443278424132,389.74718913589504,392.2132568359375,1994800
CAT,2025-01-23,391.976536553591,404.0306770625121,391.87788782174925,400.88397216796875,2587400
CAT,2025-01-24,400.22305416434057,403.84322454676555,399.7791499545646,402.0972595214844,1938200
CAT,2025-01-27,391.7989835061156,394.11709321917766,384.627669303469,389.6189880371094,2964400
CAT,2025-01-28,388.69174692687164,391.4931963073976,381.23436038213026,384.9926452636719,1788900
CAT,2025-01-29,386.62023135334886,393.93950341410607,385.81135392459424,387.8927307128906,2675800
CAT,2025-01-30,368.4305189607682,375.64129859695197,368.0951373618022,369.89044189453125,4234600
CAT,2025-01-31,372.33674805633075,372.86942709540915,366.2406360762451,366.3984680175781,2858000
CAT,2025-02-03,359.19754209775596,363.5476586751996,354.8079299080222,356.6426696777344,3079300
CAT,2025-02-04,364.64266798111146,364.64266798111146,354.531789579934,357.0373229980469,2709800
CAT,2025-02-05,357.9447962137029,358.0730365529739,352.3517714262563,353.9793701171875,2134200
CAT,2025-02-06,358.96082701356625,362.55143622065594,357.5995527560073,360.48980712890625,3007000
CAT,2025-02-07,364.2382098305716,364.5144082168298,357.6587277710893,358.94110107421875,1804800
CAT,2025-02-10,360.3714164108792,361.26906872716006,356.64272299891053,358.2900695800781,1944400
CAT,2025-02-11,356.8301373202241,359.47378488456496,356.0804731781275,357.3135070800781,1516900
CAT,2025-02-12,352.1544494209991,354.05824636252936,346.66991754696915,347.26177978515625,2833100
CAT,2025-02-13,347.7845940856662,352.73644706568695,345.66378193760426,348.8992614746094,3547200
CAT,2025-02-14,351.75992439746864,354.00897707415027,348.0114832007544,348.5244445800781,2045300
CAT,2025-02-18,350.645208814184,352.08538381312843,346.3443714168849,349.1951599121094,3120200
CAT,2025-02-19,347.0941032981632,349.0472398183464,344.845050685543,348.2087707519531,2211000
CAT,2025-02-20,350.1816462395989,352.0065425294085,342.73413312852654,344.4110412597656,2174100
CAT,2025-02-21,345.7722933588741,347.22234241342846,333.0177980626433,335.4246826171875,3225200
CAT,2025-02-24,338.7292155854977,340.7612529988304,331.66639395237996,334.31988525390625,2513300
CAT,2025-02-25,336.37166928200077,339.55783991915735,331.81438051471906,337.71319580078125,3323500
CAT,2025-02-26,340.7612467873447,344.0460357178783,335.50357359367723,337.93017578125,2397800
CAT,2025-02-27,338.98564553859586,342.2112812185386,333.86608680385325,335.38519287109375,1971000
CAT,2025-02-28,337.33835360190653,340.2187039025479,334.1423092981838,339.2816162109375,3210300
CAT,2025-03-03,342.91169105514655,343.424622359993,325.5505663801578,327.5332946777344,2569700
CAT,2025-03-04,322.94636070957466,327.4148739639074,314.35455957968884,322.3150329589844,3500200
CAT,2025-03-05,324.65287404357605,334.90186580042456,324.1892521142826,333.89569091796875,3189100
CAT,2025-03-06,330.71941847219074,337.26930917263314,328.0067438201167,336.38153076171875,2234100
CAT,2025-03-07,334.79339007276235,347.34074542630344,334.79339007276235,345.5454406738281,3063800
CAT,2025-03-10,340.3173338451274,347.62676193229174,337.21009464373617,340.52447509765625,2809100
CAT,2025-03-11,339.2519908559221,340.4652768132542,331.80444886113236,335.1582946777344,3190900
CAT,2025-03-12,338.3741059376265,340.2285938064538,330.8970013446261,333.5406188964844,1816700
CAT,2025-03-13,331.4691243959668,336.0264131552171,327.1683163368302,328.7860412597656,2490300
CAT,2025-03-14,333.13616753732794,337.3482004945099,332.37662949358366,335.0301208496094,1936100
CAT,2025-03-17,335.1287476057622,339.68603618547775,334.39880115372546,337.9894104003906,1683800
CAT,2025-03-18,337.3580388773526,337.3580388773526,330.7983052531879,332.13983154296875,3310000
CAT,2025-03-19,332.35686164387363,337.35805405600263,332.1004110789145,334.02392578125,2407200
CAT,2025-03-20,330.02890596907156,335.168182480374,329.0819143248535,331.68609619140625,2782900
CAT,2025-03-21,326.7145244102635,331.3902095212882,324.74167013147235,331.2225036621094,6766100
CAT,2025-03-24,335.92773861128416,338.49245510530005,334.6848609291071,337.0325622558594,2277200
CAT,2025-03-25,338.9166271629917,340.1299433954611,336.2039524987991,337.96966552734375,1678000
CAT,2025-03-26,338.69959402784957,342.55652759466545,334.19164506710786,336.4801330566406,1703200
CAT,2025-03-27,336.450541177895,337.35806735309785,332.06095865593426,334.6947021484375,1481100
CAT,2025-03-28,332.42592852801585,333.6589623875411,323.59739405246853,325.21514892578125,1965200
CAT,2025-03-31,321.2102548506371,327.4740728287973,317.62951973399186,325.3236389160156,2837500
CAT,2025-04-01,322.57157347313245,327.7009769332913,319.4939253763632,326.083251953125,1955300
CAT,2025-04-02,321.7034543606303,331.7847398818796,321.6738627536579,330.11767578125,1747600
CAT,2025-04-03,315.33115918469485,320.292886213032,300.8602606170747,301.6099548339844,4638700
CAT,2025-04-04,281.1317092884864,290.2956250131829,277.6792146130137,284.1698913574219,7216800
CAT,2025-04-07,272.25386711090744,290.3548095862367,263.67193969323944,276.2587585449219,7824700
CAT,2025-04-08,285.95535598491426,287.81968748181373,264.62877757796224,270.2218322753906,4989000
CAT,2025-04-09,267.0850179506151,297.76287744997,265.4771369206121,296.9244384765625,6457300
CAT,2025-04-10,292.65318086472496,294.2215963202136,276.00228682427075,285.2352600097656,4116800
CAT,2025-04-11,285.0281191196146,291.40042967916713,280.2834072345927,289.467041015625,3197900
CAT,2025-04-14,294.61619187691105,298.374476677219,291.6963460194461,294.0736389160156,2758400
CAT,2025-04-15,292.8011422551194,297.63465911803297,288.4214336350772,289.4472961425781,3611300
CAT,2025-04-16,288.73706003039445,291.71608905619837,283.706275938789,286.20196533203125,3017200
CAT,2025-04-17,288.2043791944375,293.6593190988964,287.93802464811944,290.2561340332031,2717600
CAT,2025-04-21,286.777127824633,288.4324061451005,279.9677490553702,282.2276306152344,2978300
CAT,2025-04-22,284.963289976511,290.6427431322175,284.46770164611706,288.6009216308594,2231200
CAT,2025-04-23,298.6812011671278,302.66572085211465,292.5755486969868,293.16033935546875,2458300
CAT,2025-04-24,294.80567685491394,305.49056040695706,294.44886776424187,304.1524658203125,2874400
CAT,2025-04-25,302.4079992349164,305.2724839984379,301.22849661219857,303.74609375,2162400
CAT,2025-04-28,303.74610475405586,308.6821452464027,301.1690393442946,304.3507080078125,2189600
CAT,2025-04-29,302.30889557637073,305.9465273996128,300.23733988894,304.6877136230469,2651000
CAT,2025-04-30,312.4287594834927,313.2613441760222,299.5137299316223,306.5411682128906,5124800
CAT,2025-05-01,308.6325968325493,316.0763433154841,308.2757575016629,311.1898193359375,2961000
CAT,2025-05-02,315.6699654844999,321.80535166141,315.6699654844999,320.8240661621094,3765200
CAT,2025-05-05,316.56202444593606,323.5894637336913,316.56202444593606,320.25909423828125,1829100
CAT,2025-05-06,318.71283526409945,321.2403538353427,317.0278531315811,318.0586853027344,1724200
CAT,2025-05-07,319.8923539897498,319.95182217105037,315.3032010934157,317.4639892578125,1555500
CAT,2025-05-08,322.0134842332823,325.9682695020504,320.05094351995746,321.3890380859375,2553400
CAT,2025-05-09,322.7766518124994,324.8482072643296,320.4573022121492,322.7469177246094,1646200
CAT,2025-05-12,340.0826138902846,347.90301236258176,336.7324621427822,339.5275573730469,4592000
CAT,2025-05-13,345.85124952719923,352.19477382298044,344.998852156219,349.4294128417969,4132500
CAT,2025-05-14,348.6166812664781,349.3204082764231,345.70261925555695,346.5748596191406,2052200
CAT,2025-05-15,346.3567802116594,348.2400098471058,345.42507171600374,346.7235107421875,1580400
CAT,2025-05-16,348.43828729808035,351.09463375999746,345.16738583528905,350.46026611328125,2561700
CAT,2025-05-19,346.6144952636314,349.84571065450393,345.46472669110995,349.45916748046875,2277700
CAT,2025-05-20,347.7444361719224,349.35013761562294,344.4239881164003,346.4063415527344,2266000
CAT,2025-05-21,343.5815102199459,345.34580355867297,338.63551785457014,339.4879455566406,2093400
CAT,2025-05-22,338.982431020054,344.3050450533582,337.5848682448229,342.144287109375,2174100
CAT,2025-05-23,334.65098120489347,341.8964801836879,333.2732311256307,340.36016845703125,1936600
CAT,2025-05-27,346.86230555372987,350.22237890822026,343.56167013431116,348.4085388183594,2240100
CAT,2025-05-28,349.37987170723545,349.6871340700022,345.7818953805591,346.4063415527344,1924400
CAT,2025-05-29,349.0924517575151,349.9745833063475,345.66295853858975,348.6860656738281,2290300
CAT,2025-05-30,348.7256879071402,350.123250695381,343.95813036096797,344.959228515625,4867100
CAT,2025-06-02,343.41298163687395,343.41298163687395,336.50447904565084,341.6288757324219,2552700
CAT,2025-06-03,342.9471438856669,347.74443556340293,341.8766863411774,346.317138671875,2614300
CAT,2025-06-04,347.2091843037015,348.6265899668588,346.24774169921875,346.24774169921875,1616300
CAT,2025-06-05,347.9029901997609,348.4084999504504,342.7984367066058,345.8809814453125,1753300
CAT,2025-06-06,350.45032935628115,354.28617808589894,349.1518903870387,350.2322692871094,1608000
CAT,2025-06-09,352.0857546413381,357.27951036917756,350.8071283520758,354.9106140136719,2147100
CAT,2025-06-10,356.2685383302116,357.180403911293,352.9480904952733,355.4062194824219,1894300
CAT,2025-06-11,357.7553122967223,361.0757602150816,354.5934562765161,359.9359130859375,2551700
CAT,2025-06-12,356.6749244018651,358.8059481547796,354.71238374079786,357.7751159667969,1571800
CAT,2025-06-13,354.0780624797853,357.20026302674046,352.56156334278916,353.8996276855469,1609600
CAT,2025-06-16,357.81476864183304,361.39290180906227,357.02183942560754,359.2420654296875,1579800
CAT,2025-06-17,357.53726403703365,359.1925424519722,353.87981955731055,354.5240783691406,1560100
CAT,2025-06-18,353.9789413487463,361.0163020009737,353.810427999709,356.6253662109375,2000500
CAT,2025-06-20,359.7475714675361,361.0360889926194,355.971190911253,357.3389892578125,6268300
CAT,2025-06-23,356.7443046174175,363.8609455340639,354.5736253861366,362.9986267089844,2927400
CAT,2025-06-24,366.62637152266865,370.8091082431751,364.6737521741088,369.7287292480469,3841800
CAT,2025-06-25,369.70890633185974,370.8884090158934,366.24970935421993,368.3014221191406,1737700
CAT,2025-06-26,370.7000520400299,378.9565398898471,369.7485309642132,378.5105285644531,2575100
CAT,2025-06-27,379.6404608380797,384.0710215713315,379.3728540381434,381.3155517578125,4455000
CAT,2025-06-30,382.90146880477266,385.7164070047957,381.4147037538111,384.7846984863281,2791400
CAT,2025-07-01,383.17898278491583,390.4145905788169,380.8596330216859,387.4707946777344,2393600
CAT,2025-07-02,389.23506712563636,395.1226586131261,385.98400905243585,394.91448974609375,2713700
CAT,2025-07-03,395.4002234729475,398.8693419317185,394.0819415195596,394.34954833984375,1737800
CAT,2025-07-07,394.5477983720907,394.5477983720907,384.66576537324244,388.05560302734375,3012900
CAT,2025-07-08,388.9674613008143,392.45642260946425,388.06548688287637,390.8110656738281,2003600
CAT,2025-07-09,396.19312265787613,400.19748470152905,393.37818466625794,398.63140869140625,3101000
CAT,2025-07-10,401.0895410201283,408.36477389615084,399.8803043146782,404.7271423339844,3382800
CAT,2025-07-11,401.87258570497323,403.28996105792294,398.15567325949,402.33843994140625,2072600
CAT,2025-07-14,400.4353560483236,403.2007472984812,398.6809843134441,402.1897277832031,2497500
CAT,2025-07-15,402.6754033534872,405.14342333544806,399.46397069507935,401.0697021484375,2167000
CAT,2025-07-16,401.4265529979041,409.4253560172349,399.76138344506313,409.2370300292969,3242100
CAT,2025-07-17,411.19955707262193,416.195096180974,409.2370465377182,414.3812561035156,2444700
CAT,2025-07-18,415.0056845434875,416.1950784005503,408.5233806409896,410.0596923828125,2526600
CAT,2025-07-21,415.05363374602655,415.2625348443219,407.71194870045656,407.9407653808594,1833300
CAT,2025-07-22,408.24913606000166,416.34685390547617,408.24913606000166,415.0237731933594,2185000
CAT,2025-07-23,417.81919539193774,425.9368291169325,417.27206335114346,425.3697814941406,3254900
CAT,2025-07-24,424.82266089963156,427.92645586299744,422.2958410064833,427.2897644042969,2511400
CAT,2025-07-25,427.45888624874937,432.6119824050139,426.39443481518146,431.497802734375,2218400
CAT,2025-07-28,429.01078928265855,434.13404249154354,428.8814594336476,430.6920166015625,2550300
CAT,2025-07-29,432.293620177751,432.9501968212643,422.5942463079233,427.8169860839844,2383700
CAT,2025-07-30,427.7672727441442,434.56179536948645,424.2158022865682,431.8658752441406,3172600
CAT,2025-07-31,431.87585001401453,438.85938878873475,431.42817442780216,435.7456359863281,4116400
CAT,2025-08-01,424.7530104907289,428.6227963436456,419.10251049844425,426.4640808105469,4027300
CAT,2025-08-04,428.6227788421314,434.621497687227,427.7573011060086,431.44805908203125,4059500
CAT,2025-08-05,425.4294903828786,437.45671136772137,424.3551114664357,431.975341796875,4329900
CAT,2025-08-06,431.08992893811615,432.452810515411,423.330441672216,425.4991149902344,2630800
CAT,2025-08-07,424.6236941813721,425.1111402155259,407.83133617220034,414.95416259765625,4261100
CAT,2025-08-08,418.3364690557006,419.70930836188785,413.60120565935915,414.35723876953125,2965200
CAT,2025-08-11,414.81487965716184,416.11807517086015,404.68771532170183,406.418701171875,3416000
CAT,2025-08-12,408.8659345780191,416.01860384279723,407.51301077807017,410.5670471191406,2765100
CAT,2025-08-13,413.02420619757936,413.38235271521864,408.40831478608226,411.5519104003906,4403000
CAT,2025-08-14,407.1747491613789,417.0631393921411,404.88670376532093,415.3321838378906,3676000
CAT,2025-08-15,413.56142455375965,414.3970593105621,404.9861877360874,405.672607421875,3107400
CAT,2025-08-18,404.88667679679037,410.994809785708,403.3546646543037,410.4974060058594,3185200
CAT,2025-08-19,417.13278618733136,419.68944909047,411.91004611379554,413.92950439453125,3543600
CAT,2025-08-20,412.6461833826129,419.7292390485615,409.91046246241706,418.4061279296875,4060200
CAT,2025-08-21,417.7495700779758,418.39618898004437,412.00954085439736,415.7201843261719,2504300
CAT,2025-08-22,419.4208142417862,435.5665523873442,417.8689168271768,433.4078369140625,3785100
CAT,2025-08-25,432.7413211266782,434.6314495609248,429.92602887828053,430.0553283691406,1857900
CAT,2025-08-26,429.15997870830785,429.9458851874799,425.0215755828647,429.0207214355469,2792200
CAT,2025-08-27,427.4986945303473,432.80100584967545,426.7227457919305,430.4234313964844,1970900
CAT,2025-08-28,432.65179443359375,433.71624589477466,430.3836342283491,432.65179443359375,1651700
CAT,2025-08-29,423.2011165078074,425.87715145482775,412.218431798358,416.86419677734375,3673800
CAT,2025-09-02,411.76080653378847,415.0436593838339,408.38839428607315,413.8896789550781,2329500
CAT,2025-09-03,415.95891925591616,415.95891925591616,409.23400996112184,412.96453857421875,1496700
CAT,2025-09-04,413.6509502132502,418.6051030442599,412.13885357413443,418.0380554199219,1634600
CAT,2025-09-05,418.65481944071195,422.69373579755484,415.7400405097262,420.8831787109375,1843200
CAT,2025-09-08,420.45544797983234,421.70891533607363,414.6159319209702,420.58477783203125,1876700
CAT,2025-09-09,420.9628105099401,421.3507697082577,414.277701860692,415.91912841796875,1710700
CAT,2025-09-10,417.64012900579775,424.2854364094454,417.3217832913537,420.7140808105469,2221000
CAT,2025-09-11,421.7188500255136,433.527211348568,421.12195939528146,429.1401062011719,2737900
CAT,2025-09-12,426.83213975297616,430.36369453410646,425.5289442460835,429.27935791015625,2341800
CAT,2025-09-15,431.5773623227951,436.4718290112582,428.3740806767124,433.6764221191406,2255800
CAT,2025-09-16,433.86543157410284,438.51116593788055,432.02503149263583,438.3818664550781,2366300
CAT,2025-09-17,442.6893925311773,449.99127684578826,440.6997772838462,448.32000732421875,4512200
CAT,2025-09-18,448.61841806521613,465.28144504094934,446.5392738647711,464.53533935546875,4331900
CAT,2025-09-19,467.8182392571551,469.66856685070434,460.30742354020805,464.1175537109375,5069300
CAT,2025-09-22,464.88354465887153,470.7827465362563,457.22351387112354,469.648681640625,3180000
CAT,2025-09-23,470.8026339118609,482.8198958365672,465.75895231413466,468.8130187988281,3856600
CAT,2025-09-24,470.2455712901221,474.04571330274166,466.1966970148788,467.3506774902344,2776700
CAT,2025-09-25,462.2970140790459,465.56993946171207,457.1936464236414,461.3121643066406,2979200
CAT,2025-09-26,463.0630688461099,466.0176487362781,459.97915910593895,463.34161376953125,2329000
CAT,2025-09-29,465.64955455173765,470.03665996051745,465.03277866209373,469.1612243652344,2892100
CAT,2025-09-30,469.1711698515366,474.96095754739065,467.79833046395066,474.6724548339844,2315300
CAT,2025-10-01,471.5487574869672,481.41723182127305,468.6936645487978,478.3233947753906,2964700
CAT,2025-10-02,484.3320383871312,493.40470966579323,481.6759189601034,488.0227966308594,2648600
CAT,2025-10-03,490.68883273038875,501.8605326440852,489.97257006733497,495.26495361328125,2996500
CAT,2025-10-06,497.8216391641365,502.9647775233625,490.47995412113494,492.80780029296875,2629200
CAT,2025-10-07,495.3445428207713,495.7922183860808,481.03920462220395,484.18280029296875,2135400
CAT,2025-10-08,488.4405734284048,506.83458658226965,486.7991469615078,499.5127868652344,3959400
CAT,2025-10-09,501.4427327565582,503.8999088229399,494.55868094148815,497.7619323730469,3113900
CAT,2025-10-10,500.5075955365551,508.8440880933737,488.74896240234375,488.74896240234375,3889100
CAT,2025-10-13,499.54263547130785,503.75068259242073,492.8774426973558,502.13909912109375,2618400
CAT,2025-10-14,497.98077932957125,528.7999299717098,496.4189544570793,524.7311401367188,5459800
CAT,2025-10-15,531.4262229638018,535.654155191405,524.472527673791,531.2769775390625,3447100
CAT,2025-10-16,535.2662175246071,542.1602274563429,531.923678294355,538.1511840820312,3463100
CAT,2025-10-17,534.5897067002439,539.3946443532178,524.2337257030123,524.3432006835938,2814700
CAT,2025-10-20,528.323849900992,532.9530334004278,525.7099706174059,529.9400634765625,2170800
CAT,2025-10-21,523.8443565640789,532.1349564144007,520.8214001482658,523.4253540039062,2259100
CAT,2025-10-22,524.5028048717766,524.5726487826784,509.0190431087665,512.7103881835938,4149000
CAT,2025-10-23,517.1201165050097,521.6694699883404,511.81252729234274,519.2850341796875,2619400
CAT,2025-10-24,521.6395280861959,525.9993227817796,519.8038571052599,521.5098266601562,2392000
CAT,2025-10-27,525.819748877983,528.2340830693865,520.2128719409593,525.8397216796875,2493800
CAT,2025-10-28,524.7323006588755,529.0521495207842,520.4522756129812,523.2457275390625,2775400
CAT,2025-10-29,556.8770427148323,594.8182991681131,556.6974701928598,584.123291015625,6948500
CAT,2025-10-30,576.5410866642994,592.3840239694905,574.4260401024899,581.788818359375,2574800
CAT,2025-10-31,582.6667531877316,585.6796623249537,570.016297979302,575.9125366210938,2974800
CAT,2025-11-03,574.5856185928172,574.8749197341687,564.0702436829968,569.2581176757812,2439400
CAT,2025-11-04,563.681138857707,565.1776374564442,543.9273695329117,546.3018188476562,3440700
CAT,2025-11-05,550.6516231064367,572.6701129808721,549.0752942097995,567.8214721679688,2701300
CAT,2025-11-06,571.8620119737222,582.6268033422898,562.9129186588588,568.4500122070312,2245800
CAT,2025-11-07,562.2345452813333,564.2598360689459,549.0454327307096,561.7855834960938,2320100
CAT,2025-11-10,568.6694645435819,572.8396999764461,560.1992922618937,569.5174560546875,1829900
CAT,2025-11-11,567.3924431128899,569.1184462887138,558.9522297350596,566.6043090820312,1517400
CAT,2025-11-12,569.1682969656042,579.913176325618,569.1682969656042,571.6824340820312,2645100
CAT,2025-11-13,571.4330412546635,575.473575435336,543.3587119371701,552.2578735351562,3458700
CAT,2025-11-14,547.6786434564884,557.006794396982,539.7372017095968,552.73681640625,2764500
CAT,2025-11-17,551.3001310030844,560.279122548159,546.2918295667286,550.7613525390625,1941100
CAT,2025-11-18,542.081665235722,550.2825094304287,536.79404889702,545.6034545898438,1918600
CAT,2025-11-19,548.7161827088792,559.6006896494674,546.3617060664096,551.8189086914062,1880900
CAT,2025-11-20,564.6289679412652,567.5421350079787,539.7371942179268,544.855224609375,3195000
CAT,2025-11-21,544.5459171909188,553.6944949041391,535.8263284353707,549.1451416015625,2921600
CAT,2025-11-24,550.8412278443247,564.4194448868656,549.3846138422142,558.2937622070312,4653500
CAT,2025-11-25,563.2721101877833,565.8161455705873,546.2718475124497,565.287353515625,3105100
CAT,2025-11-26,565.2873718537443,573.5380870314847,564.6987831654579,572.3907470703125,1995100
CAT,2025-11-28,572.450643349739,576.0123175995025,571.0639341519161,574.4160766601562,1019500
CAT,2025-12-01,569.0784989663301,574.2464611850382,565.6764855199178,566.7340087890625,1764500
CAT,2025-12-02,569.9964011681315,584.1931655831978,567.7316803855888,581.1103515625,2749500
CAT,2025-12-03,580.0429004896233,591.855229054682,560.8976920116323,590.1093139648438,2545700
CAT,2025-12-04,588.8023713066243,601.3130780236668,585.6298014949156,597.75146484375,2313600
CAT,2025-12-05,602.5901035352266,605.5831007382161,596.3447062954923,601.7620239257812,2177300
CAT,2025-12-08,603.2485305039338,603.4380894273969,590.5482653099591,595.1076049804688,1822500
CAT,2025-12-09,591.6656555298227,598.5894582081673,590.8475623150691,592.9725952148438,1755300
CAT,2025-12-10,598.7291312438998,615.7891906369632,597.292490176602,613.91357421875,2797900
CAT,2025-12-11,609.0250721541819,625.3468692873395,602.8495186966885,624.149658203125,2779500
CAT,2025-12-12,624.5387541433447,626.0352527555093,594.3893246654245,596.494384765625,4581100
CAT,2025-12-15,601.1235729155685,602.739786557378,586.5177317373707,588.3833618164062,3968600
CAT,2025-12-16,589.3211857598376,597.2625663614099,584.9115200821287,587.5552978515625,2319400
CAT,2025-12-17,586.2184524629366,589.620465921921,556.1587781528966,560.5784301757812,3753300
CAT,2025-12-18,567.1729667542162,573.3185608501003,560.5983228094384,564.5092163085938,2193000
CAT,2025-12-19,571.3532104719434,580.372087083199,568.9987338763441,574.8749389648438,5355600
CAT,2025-12-22,583.1256378606332,584.4225911423857,574.3461915387502,581.0504760742188,2387700
CAT,2025-12-23,579.1449845944963,587.3358425598271,579.1449845944963,581.0604858398438,1731000
CAT,2025-12-24,581.299930981546,585.759528792813,579.6438325385045,582.3973999023438,947000
CAT,2025-12-26,581.8486918951696,582.467239818432,577.2993382926053,581.63916015625,954400
CAT,2025-12-29,578.7359862191341,582.6068735386772,573.2986953788825,577.2593994140625,2585700
CAT,2025-12-30,578.6561156959426,579.6238222354142,574.1666198652,576.042236328125,1216700
CAT,2025-12-31,575.9524278639863,577.5886143155245,570.7146826531371,571.5327758789062,1163900
CAT,2026-01-02,576.2417756503542,598.2103336128539,573.9670685579915,597.0131225585938,2761600
CAT,2026-01-05,606.4610817174635,620.2987012716831,604.8049224159328,614.661865234375,3444800
CAT,2026-01-06,614.5620823479409,625.3069616175073,607.4786801065231,621.6355590820312,2706800
CAT,2026-01-07,621.5457954992867,623.5411271060259,594.3893615600554,595.1276245117188,3312400
CAT,2026-01-08,595.1276248837884,608.1571378482344,592.783073708791,606.7105102539062,2075400
CAT,2026-01-09,608.5461770217581,617.7048026245985,606.7803499679387,616.1783447265625,1822000
CAT,2026-01-12,613.2152863099899,629.507124396307,611.5292287328191,628.2999877929688,1856800
CAT,2026-01-13,631.7219455583305,643.085372713945,631.5224002359595,635.044189453125,1959100
CAT,2026-01-14,632.6198628509114,638.2367262067627,621.6156406814805,637.259033203125,2105700
CAT,2026-01-15,643.434549990609,650.8372127912749,642.5366264602794,645.6693115234375,2052800
CAT,2026-01-16,650.4481029970807,654.149464812241,639.5137254627431,645.3800048828125,2554900
CAT,2026-01-20,642.0,644.0999755859375,625.1199951171875,629.0,2659000
CAT,2026-01-21,633.6699829101562,647.2000122070312,627.3200073242188,645.3800048828125,2490700
CAT,2026-01-22,649.1099853515625,655.780029296875,640.9000244140625,648.4099731445312,1565700
CAT,2026-01-23,644.1199951171875,646.5,623.5700073242188,626.6199951171875,2267800
CAT,2026-01-26,628.0,639.0,619.260009765625,635.9199829101562,2532900
CAT,2026-01-27,640.0,644.1300048828125,633.22998046875,638.9099731445312,1827500
