ticker,date,open,high,low,close,volume
CRM,2020-01-02,161.95224348799078,165.0644387991355,161.61632858856322,164.9853973388672,5189300
CRM,2020-01-03,163.0785258681764,164.76800471372863,163.01924855352792,164.17520141601562,3205400
CRM,2020-01-06,163.01928334450142,171.5852038784384,162.4758827182296,171.3678436279297,8836200
CRM,2020-01-07,171.15048532759695,174.74678895569576,170.02417086922583,173.88723754882812,8272700
CRM,2020-01-08,173.1264515372458,176.70300558736005,172.6522179066573,175.2012481689453,7225100
CRM,2020-01-09,176.69312919975098,177.74040212195663,175.16173300710733,177.4440155029297,5952900
CRM,2020-01-10,177.6811404083109,178.51105316573108,176.54495140057742,178.0368194580078,5111800
CRM,2020-01-13,179.08407014913888,182.23577840416243,178.95564097749175,181.6429901123047,6202600
CRM,2020-01-14,181.29718503318193,181.64298950899564,179.85470488411562,179.93374633789062,4342300
CRM,2020-01-15,179.4990270355552,180.89210440052884,178.4517541486216,178.886474609375,3886600
CRM,2020-01-16,180.04244833785015,180.91188935944635,178.7877046801401,180.49693298339844,3485300
CRM,2020-01-17,181.0304149538416,181.13909506409348,179.18286815517502,180.04241943359375,4577000
CRM,2020-01-21,179.3310712072793,183.76717676170568,179.3211966787612,183.0459442138672,6302400
CRM,2020-01-22,183.16450593316426,184.2019043410434,180.49692079548694,180.5561981201172,4781800
CRM,2020-01-23,181.01066239960923,182.087573877719,179.1235873742584,181.7714080810547,4369000
CRM,2020-01-24,182.7791959973057,183.89563591056785,178.9556576403704,179.92388916015625,4653600
CRM,2020-01-27,176.6239812748122,179.54843986876355,175.17162650681817,178.5406951904297,4239400
CRM,2020-01-28,178.96551969537833,181.6528688931007,178.18500981636208,180.65499877929688,3445300
CRM,2020-01-29,181.79119291626873,181.88999850788295,179.439758531524,179.5879669189453,2785500
CRM,2020-01-30,178.72840347334827,183.7079098919133,178.37272444345075,183.44114685058594,3715700
CRM,2020-01-31,182.64085153977751,183.79680448346795,178.6197025566869,180.1214599609375,4193300
CRM,2020-02-03,181.0600635146575,183.63873256654333,179.66700121239606,183.1941375732422,4755200
CRM,2020-02-04,185.74318665159745,187.4129017522133,184.40938646188417,186.0791015625,3983200
CRM,2020-02-05,188.11435250711116,188.26256088956387,180.66487246301003,183.2633056640625,6162700
CRM,2020-02-06,184.58720890475004,185.30844142917445,182.02830406934214,184.4884033203125,4102700
CRM,2020-02-07,184.60699472730641,186.3853748512102,183.42138787721407,183.4905548095703,3713100
CRM,2020-02-10,183.93514730944685,186.99793983734324,183.3324693633363,186.8497314453125,3873500
CRM,2020-02-11,189.18140388805332,190.2879692735985,186.38537437400166,186.83985900878906,4299200
CRM,2020-02-12,187.43263730849344,188.23291127005444,184.52792805866818,187.18563842773438,4535400
CRM,2020-02-13,186.23716950109082,188.7565612813482,186.15812804448325,186.37548828125,3132100
CRM,2020-02-14,187.07699615754154,187.96618627788604,185.84200150394176,187.66978454589844,3599400
CRM,2020-02-18,188.657762757629,189.2011633698983,186.6521328323943,188.79608154296875,4957000
CRM,2020-02-19,189.69518180799764,191.59213181700338,189.49758567540468,190.5547332763672,3903200
CRM,2020-02-20,191.67113490242022,193.37048843853216,187.49191798628723,191.038818359375,5451200
CRM,2020-02-21,189.53706468454018,189.73466078149238,184.47853223960797,187.22515869140625,5242100
CRM,2020-02-24,176.643723541546,184.90336721331872,176.643723541546,183.70790100097656,8463300
CRM,2020-02-25,186.20752880836218,187.69939671206566,177.27604029213316,179.09396362304688,11361100
CRM,2020-02-26,174.4207315707045,180.4771492485913,172.15822834509314,176.72276306152344,13923100
CRM,2020-02-27,170.1427427217141,176.18927146038308,168.0086684343188,170.0834503173828,9927300
CRM,2020-02-28,163.00937205402738,169.70797988931258,161.16181034135695,168.3544158935547,12640800
CRM,2020-03-02,170.13284950577514,174.66774596353247,166.56618457289886,174.6381072998047,7761000
CRM,2020-03-03,176.2683118465971,176.27818637611645,165.08419357871026,167.33682250976562,8323500
CRM,2020-03-04,170.1822555892729,173.69951779196543,167.59371173629265,173.58096313476562,5846300
CRM,2020-03-05,170.4983889491049,171.66421639103382,166.0820479026648,167.5640411376953,5797500
CRM,2020-03-06,163.681245848937,165.5584467247552,156.63683168206032,162.11033630371094,9757700
CRM,2020-03-09,149.8789293621366,155.81679256087608,148.83165643923263,149.3948211669922,9657100
CRM,2020-03-10,155.34256567333176,159.53167302991082,149.18735644641768,159.40322875976562,11443900
CRM,2020-03-11,155.78712918953303,157.70384294527756,148.34752399472936,152.7144775390625,10341300
CRM,2020-03-12,142.60729714443295,149.41458698240993,138.41820498298136,138.90231323242188,13213000
CRM,2020-03-13,147.6757117733133,147.7053504369168,133.69557928394568,146.00599670410156,13765400
CRM,2020-03-16,132.4012823451853,139.8507774661659,121.90877410212657,122.80785369873047,13845300
CRM,2020-03-17,125.47545078048898,136.35327773982715,121.44442661563224,133.79437255859375,12191500
CRM,2020-03-18,124.03295265969562,131.81835427801627,113.9059990553434,130.65252685546875,12988200
CRM,2020-03-19,130.01032336917396,142.2713510614355,127.31309989313972,137.78585815429688,10444000
CRM,2020-03-20,138.73436320304407,144.44497750596793,132.9842357028806,137.67721557617188,12450100
CRM,2020-03-23,137.09426324712146,141.9947280284522,132.48032563050225,138.83314514160156,11898300
CRM,2020-03-24,142.89380436399028,152.2896368239526,141.46119872448412,151.79563903808594,11834400
CRM,2020-03-25,150.83728793174032,156.12307047415936,145.19584144240258,145.2946319580078,10639300
CRM,2020-03-26,146.51975397132472,153.21836309220083,145.95658922966766,152.87255859375,8573100
CRM,2020-03-27,148.82178476507687,149.63193333252454,143.17044862400908,144.2473602294922,8273500
CRM,2020-03-30,145.9467420815792,151.1633587459791,144.80066332522568,148.05117797851562,7650400
CRM,2020-03-31,147.24098296467872,150.12592830569886,141.0660104687581,142.25160217285156,10429700
CRM,2020-04-01,136.65953862323525,137.3906456118168,131.5022011401486,132.45066833496094,8737600
CRM,2020-04-02,132.401289256876,133.76472805364304,128.47894539060823,132.70758056640625,8150500
CRM,2020-04-03,132.8360116585809,134.55512951073612,130.07951043808055,132.69769287109375,6004400
CRM,2020-04-06,137.3313825248554,148.0511403565023,136.63978864956562,145.77874755859375,12296800
CRM,2020-04-07,148.52540452033597,148.98976373393083,142.7752619565624,143.32855224609375,7859500
CRM,2020-04-08,144.54374713354224,150.33340146543858,143.2593499464852,149.30587768554688,7665500
CRM,2020-04-09,150.56062832564456,154.22609813448653,149.85914491214353,152.6947021484375,7094600
CRM,2020-04-13,152.269890227352,153.44560750521353,148.19935282722847,150.66934204101562,5138600
CRM,2020-04-14,153.8407965830015,156.88380966701604,153.28750640120106,155.81678771972656,7334300
CRM,2020-04-15,153.21837912029585,155.38209217407376,152.15134192628406,153.76177978515625,4042600
CRM,2020-04-16,155.11531373881724,156.1033093677269,152.39832575931567,155.17459106445312,4391500
CRM,2020-04-17,158.0792879056406,161.30014796949638,155.73774327773532,160.66783142089844,7312900
CRM,2020-04-20,158.8203017604702,162.3375638850263,158.59306698067937,160.80616760253906,4686000
CRM,2020-04-21,158.07928976092268,158.1682057432654,146.22334302885346,148.7526092529297,13737900
CRM,2020-04-22,152.1513083070317,153.83089765633696,148.86128145469544,152.2896270751953,6660900
CRM,2020-04-23,151.65731246182034,154.59166036501358,149.68132141997253,149.898681640625,6281400
CRM,2020-04-24,151.74622837054986,152.6453079123235,149.4837252619486,152.1315460205078,6710500
CRM,2020-04-27,153.67282498474327,156.5380211954224,152.34891453340327,155.7377471923828,5036400
CRM,2020-04-28,157.58531130704276,158.87958323859425,152.3291670415709,152.60581970214844,4731800
CRM,2020-04-29,155.98474326478166,159.94660001862624,154.64106870508616,158.50411987304688,5256700
CRM,2020-04-30,159.6897391290557,163.3156812963402,158.0891759507422,160.00588989257812,6830700
CRM,2020-05-01,156.587419698137,158.24724498108648,153.39618322633584,154.49285888671875,4276900
CRM,2020-05-04,153.71235339379749,160.07504730998156,153.2183556062132,159.53164672851562,5974200
CRM,2020-05-05,160.57892515844628,162.169598692295,158.3262963755025,161.290283203125,5264800
CRM,2020-05-06,162.46600684215403,163.72076553685014,160.96424923534704,161.7052459716797,4112600
CRM,2020-05-07,164.5012791248442,169.21402269391805,164.02704542421574,167.86045837402344,6460900
CRM,2020-05-08,170.87380759302368,173.96623813103048,169.095412793601,173.78839111328125,5403400
CRM,2020-05-11,173.4524934862718,181.09958434441947,172.06930576932206,180.47714233398438,8696000
CRM,2020-05-12,180.80319994540733,180.8229640791424,174.88510070576453,175.4087371826172,5904600
CRM,2020-05-13,173.067159729639,173.10668798965457,164.2740063279354,167.60354614257812,12534900
CRM,2020-05-14,166.4179858909418,166.54643014670089,162.59444763711068,164.99526977539062,7442300
CRM,2020-05-15,165.26202526036437,169.65860258615345,164.1850986182681,169.27328491210938,5673800
CRM,2020-05-18,171.91123842985732,174.87522529933761,170.0636914387453,170.4292449951172,6398300
CRM,2020-05-19,170.6762435926562,176.06081671403052,170.6762435926562,173.92674255371094,5264000
CRM,2020-05-20,176.42638810803678,176.98953778171864,172.8004308542659,174.80606079101562,4951200
CRM,2020-05-21,174.80606360188975,176.14973829263238,172.83007229642223,173.15611267089844,4429700
CRM,2020-05-22,174.48004748336092,176.4955520877127,173.34384337756492,175.7150421142578,4965100
CRM,2020-05-26,179.81516586325785,179.81516586325785,174.10455356002325,174.4009552001953,8353600
CRM,2020-05-27,174.1737197184153,174.4898855140873,169.3127836770705,174.48001098632812,6340200
CRM,2020-05-28,177.8391937697633,182.5815752854134,174.97401278927435,178.92599487304688,10275200
CRM,2020-05-29,172.20763375433432,172.8992276498103,168.6409690837907,172.69174194335938,19588900
CRM,2020-06-01,171.0220594102255,175.3889985366771,170.60708795523823,174.242919921875,5711600
CRM,2020-06-02,172.75102573653092,172.8004134529062,169.16459711174025,172.13845825195312,8571800
CRM,2020-06-03,172.73129084840878,173.81807707812385,170.7651739689854,172.88937377929688,6004000
CRM,2020-06-04,172.89925087392703,173.32408179692047,167.9592722775291,169.38198852539062,7301600
CRM,2020-06-05,168.06793121976474,172.09895505527044,164.9952643171806,171.7926788330078,8232200
CRM,2020-06-08,171.54567307401527,174.45038241840928,170.58731617941953,174.4306182861328,4592600
CRM,2020-06-09,173.88722412063535,173.88722412063535,171.4468738033476,172.46450805664062,4025600
CRM,2020-06-10,174.13422128142653,180.30919366729273,173.93662518020204,179.91400146484375,8127200
CRM,2020-06-11,174.5195459417798,176.28805147061894,169.93524686201522,169.98464965820312,6521200
CRM,2020-06-12,173.78842924372336,175.5569499040361,169.79693344091285,173.00791931152344,5443800
CRM,2020-06-15,169.93527440575428,176.75243926736533,169.21404170648464,176.46592712402344,6000000
CRM,2020-06-16,177.84908689547123,180.30920142709587,175.8730956469551,178.31344604492188,5824100
CRM,2020-06-17,178.79758119903408,180.55621232092582,178.51105400663027,179.222412109375,5038600
CRM,2020-06-18,179.72628240563446,186.73116755997447,179.4397552405782,185.40725708007812,8677800
CRM,2020-06-19,187.2251719011374,188.95416425378642,183.263314851718,184.70578002929688,11841000
CRM,2020-06-22,184.78483003643564,190.18916758904118,184.75519137221144,189.349365234375,6252200
CRM,2020-06-23,189.6951451126516,191.76005218869886,186.32607667765936,186.79043579101562,6950800
CRM,2020-06-24,185.25904898756798,187.0275695487467,181.83070305953413,183.3225860595703,4903100
CRM,2020-06-25,183.90551409553035,186.50394754150298,182.22592446540006,186.0791015625,4022400
CRM,2020-06-26,185.74316601257775,185.96052624268427,180.82295232554466,180.9711456298828,7595700
CRM,2020-06-29,181.11935215625414,181.50466981920584,177.83919968139068,181.1292266845703,3972100
CRM,2020-06-30,181.247779736149,185.6344823685563,180.93162900103246,185.08120727539062,4478900
CRM,2020-07-01,185.8419898938926,190.50533062060336,185.20967327377676,189.58648681640625,4754600
CRM,2020-07-02,190.8412225333083,193.044448371055,189.98165616024863,190.21878051757812,4200300
CRM,2020-07-06,192.10587213142867,197.055724795617,191.5130687249651,195.34649658203125,5794200
CRM,2020-07-07,195.2872315427106,197.81649809492865,193.85464080851403,194.02259826660156,5431500
CRM,2020-07-08,195.62313411628466,198.78471710708104,194.98094298907895,197.87576293945312,4233700
CRM,2020-07-09,199.5948638017784,200.38526325123715,193.29144741375472,198.33023071289062,6062800
CRM,2020-07-10,197.65839653678813,198.32035177707812,194.71417388168518,196.49256896972656,3783200
CRM,2020-07-13,197.59913473574198,197.85600818367612,185.7728253157584,186.0791015625,5555400
CRM,2020-07-14,183.7573027177966,187.679646362921,181.09959220466223,187.28443908691406,5854700
CRM,2020-07-15,188.73677082135876,189.79393319595297,184.50815147421048,185.83206176757812,7681800
CRM,2020-07-16,184.18214544667572,184.61686594048527,179.74603959472276,183.28306579589844,7350000
CRM,2020-07-17,184.89350127202357,186.13837033642574,181.15887900320018,185.52581787109375,4324300
CRM,2020-07-20,185.6443565083896,192.9654071005197,185.0219295676882,192.748046875,5729000
CRM,2020-07-21,193.64712579359897,194.1411235634806,187.20539065317016,188.50955200195312,5376800
CRM,2020-07-22,188.4898065113519,189.5667181380511,186.60273122562734,189.01344299316406,2833000
CRM,2020-07-23,189.18139715791304,192.23431508217402,185.2590533391889,186.2766876220703,3639500
CRM,2020-07-24,183.82645778937177,186.6718899240078,182.1666324279117,186.227294921875,3908400
CRM,2020-07-27,187.62036030533082,189.2604366360489,186.38536579285335,188.6676483154297,3015700
CRM,2020-07-28,188.70715203197148,190.65350449196308,186.78056370435985,187.22515869140625,3114200
CRM,2020-07-29,187.86735624678943,192.22442043628484,187.47216403927203,191.28582763671875,3747800
CRM,2020-07-30,187.80806924770522,189.61610290140274,185.12072016330822,189.39874267578125,3587400
CRM,2020-07-31,190.6831578526965,192.64927459663815,188.3811262104785,192.51095581054688,3734000
CRM,2020-08-03,195.42552841039185,202.3316078545806,194.21029807020855,200.75082397460938,6557500
CRM,2020-08-04,200.56311218683345,200.94842987815787,196.51232408778858,198.99220275878906,4480300
CRM,2020-08-05,200.36552616365688,201.45231236218862,199.1601702325522,200.2074432373047,3559100
CRM,2020-08-06,200.5334773490909,207.42968273267954,199.97031259492732,205.2956085205078,5113300
CRM,2020-08-07,204.13964809357074,204.45581392503507,196.1961700232371,198.6365203857422,5423400
CRM,2020-08-10,197.99432444279873,199.0613615657994,193.37051198541315,194.79322814941406,5528200
CRM,2020-08-11,191.2957101099356,193.48906162666452,189.41852443284404,189.68528747558594,5015400
CRM,2020-08-12,190.68316718347873,193.07411493183477,189.81372615657918,190.30772399902344,3980300
CRM,2020-08-13,190.99931073677013,195.69228969201146,190.91037967804476,192.79745483398438,4711600
CRM,2020-08-14,192.87651649342942,193.13338994119286,190.2089311913932,191.1376495361328,2833000
CRM,2020-08-17,192.9950321551572,194.70427517857587,192.086078128706,194.37823486328125,3574500
CRM,2020-08-18,196.93714710504577,202.34148375868926,196.61110677719572,201.5609588623047,7284800
CRM,2020-08-19,201.55110563544102,204.61389807485372,197.62876183442748,202.6477813720703,7080700
CRM,2020-08-20,201.40292064038306,207.58776802385228,201.06699065964952,206.99496459960938,5175100
CRM,2020-08-21,207.41978439809537,207.4790617179163,203.7740784729535,205.03871154785156,5727800
CRM,2020-08-24,206.3725369318113,206.77760369228608,202.6873022897309,205.95758056640625,5699000
CRM,2020-08-25,210.66042207176682,215.72884430071562,208.26947453980787,213.45645141601562,27096500
CRM,2020-08-26,248.93537368580795,274.6331333682721,246.4752592573128,269.05096435546875,63253400
CRM,2020-08-27,263.79483368074983,274.93942320098836,257.708776970941,273.0029602050781,22817100
CRM,2020-08-28,268.02344354289545,272.4397850542669,264.19001581385487,267.8456115722656,28068000
CRM,2020-08-31,266.75886187843446,271.41231358218926,262.7179627370172,269.3770446777344,16010100
CRM,2020-09-01,267.7467649739583,278.54554792646564,267.3317936214805,277.87371826171875,13293600
CRM,2020-09-02,280.06710858989356,281.0847428324115,265.3459804612545,273.3684997558594,12963800
CRM,2020-09-03,267.33181701653115,268.48778505220264,254.31993278203907,261.8287048339844,14000600
CRM,2020-09-04,259.8231043436142,262.48081502815137,240.28053670868113,251.64248657226562,14374300
CRM,2020-09-08,237.6820938824615,250.63470091683837,237.25724796167717,238.37368774414062,15229600
CRM,2020-09-09,243.4421154185797,250.40748757418288,240.04342313979276,247.42373657226562,9988600
CRM,2020-09-10,251.75116124420023,253.43076585685293,244.0052792100372,244.8253173828125,5945000
CRM,2020-09-11,247.71026943057288,248.2833087140017,236.57555428529997,240.18174743652344,5455200
CRM,2020-09-14,243.35320462357402,245.88247105972064,241.1104502908711,243.6792449951172,4255200
CRM,2020-09-15,248.35246094416817,248.91562569921354,245.52679279092854,248.6587371826172,4133600
CRM,2020-09-16,251.61283960632295,252.36371084096027,247.2261366959938,247.59170532226562,5441200
CRM,2020-09-17,243.16546807471315,245.83306820942624,238.41321173236773,241.5945587158203,5279500
CRM,2020-09-18,242.1873657538282,245.13158841459702,235.84443582395454,239.86557006835938,6595600
CRM,2020-09-21,236.10132203246863,242.1873788635336,233.95737327790152,242.10833740234375,5561600
CRM,2020-09-22,243.77806361852203,245.58609755246476,238.3638363464378,244.80557250976562,3600800
CRM,2020-09-23,245.50703434792536,245.78367191244143,232.5247726465593,233.15708923339844,7507900
CRM,2020-09-24,233.00885480412254,237.0794065103395,230.82539319425686,234.69833374023438,4166800
CRM,2020-09-25,234.54028240369217,241.0215313354751,232.22837624368734,239.82606506347656,5117800
CRM,2020-09-28,244.5881930614839,245.59595281417646,239.30242554447042,243.70887756347656,4088300
CRM,2020-09-29,242.31579467690415,244.92410244978626,241.56492345045592,244.47950744628906,3983700
CRM,2020-09-30,243.6891022140166,252.34395308770883,243.2642713536367,248.3030548095703,8188500
CRM,2020-10-01,250.14073816684655,251.61285715221203,247.79919323748763,250.40750122070312,4318000
CRM,2020-10-02,246.75188027554842,251.8894539468432,244.2423782966073,244.87469482421875,4494500
CRM,2020-10-05,246.9988965237769,250.23952084011955,246.0109009376818,248.51052856445312,3403500
CRM,2020-10-06,249.69611189544318,254.20138428076538,246.0108927038234,247.13720703125,4448100
CRM,2020-10-07,249.17248090175696,257.60995647566335,249.17248090175696,256.8591003417969,4963200
CRM,2020-10-08,261.02848633757293,261.44342766331306,253.99393134795693,257.09625244140625,4150400
CRM,2020-10-09,259.74406570843195,262.85624615964855,258.36087774691754,262.787109375,4225000
CRM,2020-10-12,266.75874122278276,266.75874122278276,262.105291623795,263.8639221191406,4317000
CRM,2020-10-13,263.22184036637935,265.56338546420903,261.0581272668371,263.62689208984375,3713200
CRM,2020-10-14,266.7588274340022,266.91691035729644,255.6438762909188,258.6868896484375,5129500
CRM,2020-10-15,255.0115232985952,257.39259625163345,250.97064009206795,254.626220703125,5256800
CRM,2020-10-16,256.1279626434612,259.3685869161856,255.3869659638636,255.4462432861328,3092300
CRM,2020-10-19,256.6417708624927,258.3411246605049,251.4449038689088,251.9487762451172,3242300
CRM,2020-10-20,253.045410095998,256.0686740030304,251.0002671900236,252.897216796875,2989300
CRM,2020-10-21,253.3714669548137,255.2091241769136,248.8266814645797,251.1781005859375,2794000
CRM,2020-10-22,250.84220958066933,252.15624557598275,243.17536892878053,246.67286682128906,3685700
CRM,2020-10-23,247.09772368040572,247.56208285245103,243.8472094760886,247.51268005371094,3159600
CRM,2020-10-26,242.35534827345072,245.13161377890546,234.53042413696454,239.0751953125,5864100
CRM,2020-10-27,245.02289531586882,248.7278786119757,242.81966947028965,247.2952880859375,4285600
CRM,2020-10-28,241.6637412063165,242.50352846061776,235.15283843727633,235.5677947998047,4425400
CRM,2020-10-29,239.6086794263864,239.6086794263864,234.28338413894383,234.2932586669922,4589000
CRM,2020-10-30,232.98910702556793,234.89593111228731,225.91505559768754,229.48171997070312,5741200
CRM,2020-11-02,232.29750745028292,235.63693721275715,226.24110501778455,229.65956115722656,3953400
CRM,2020-11-03,232.27777162698985,238.0476623137546,230.4796123984095,234.2834014892578,4151400
CRM,2020-11-04,243.06665578727316,249.84430548282458,240.32002951850828,247.72999572753906,6505400
CRM,2020-11-05,255.01156575320718,257.7878615192893,252.37363401443366,257.09625244140625,8961700
CRM,2020-11-06,256.8788147706724,258.6078067931673,251.43496531563804,257.0270080566406,3798600
CRM,2020-11-09,257.8174155604786,267.66773105238656,254.16182046511528,256.1674499511719,8777500
CRM,2020-11-10,254.96214477662076,255.8908630623821,239.98412770663603,244.68699645996094,6863200
CRM,2020-11-11,250.46676787848077,253.65798955678898,248.19438997959162,251.12872314453125,4163400
CRM,2020-11-12,244.43010223668063,251.90923606788604,243.40259345929047,246.4258575439453,5607000
CRM,2020-11-13,249.80478211942506,250.74337484251865,244.5881670120176,246.51475524902344,5160000
CRM,2020-11-16,246.52465947506198,250.44700310399494,245.20073395042397,246.8902130126953,5712600
CRM,2020-11-17,250.6940114616418,255.16961529243713,247.45338706749843,253.0948486328125,5090700
CRM,2020-11-18,253.32205075195787,259.50691248871607,252.77866526475057,254.07293701171875,5880500
CRM,2020-11-19,253.75683867901952,263.88379566993206,252.59101086660698,261.47308349609375,8084600
CRM,2020-11-20,260.42576169844347,261.83858819788367,254.7250378289726,254.94239807128906,7286100
CRM,2020-11-23,258.09406500205625,258.5979221840781,251.5535248020981,254.5471649169922,5383600
CRM,2020-11-24,256.8788884787483,259.1611561912106,254.72506503472331,257.70880126953125,5797300
CRM,2020-11-25,260.5640957351496,262.9056405305149,242.10832971294641,243.85708618164062,26394900
CRM,2020-11-27,247.9869198234237,248.81683259034185,244.06457570223884,244.65737915039062,7395000
CRM,2020-11-30,242.53316887128767,244.65736857230732,233.23614122658938,242.84933471679688,18966400
CRM,2020-12-01,242.05893692110962,243.73852652952039,235.83456124230048,238.4527587890625,18872000
CRM,2020-12-02,222.77322994961358,223.2869918511514,213.0414829342137,218.12965393066406,52225500
CRM,2020-12-03,223.3956794509885,223.3956794509885,217.48747014993364,218.3173828125,21395300
CRM,2020-12-04,221.1331621756982,225.85577950512547,219.1571711566704,223.14866638183594,20504800
CRM,2020-12-07,225.37168033102284,227.11054718612635,223.53400788417687,224.9665985107422,12864100
CRM,2020-12-08,225.9051741498284,226.74497638892248,222.95107713415752,225.12466430664062,12116800
CRM,2020-12-09,225.31241403377163,226.09292397451765,217.42821286170263,217.92221069335938,15651800
CRM,2020-12-10,217.9221922118096,221.6172860308334,217.51711040605707,220.2439727783203,9258600
CRM,2020-12-11,219.25595648055057,220.0661200155005,217.3392428252931,219.7499542236328,8214400
CRM,2020-12-14,220.41191351036173,220.78735662631894,217.80360598115598,218.61376953125,8508500
CRM,2020-12-15,219.40418215684804,219.47333400701504,215.58062907234714,217.50721740722656,10766800
CRM,2020-12-16,218.82122201450215,221.31097470106093,217.6059918656637,220.93553161621094,8821400
CRM,2020-12-17,222.20018712257487,224.0082207389838,221.8049949435674,223.20794677734375,9946900
CRM,2020-12-18,224.29476236838528,225.08516185306087,221.70620367918235,224.6998291015625,11845400
CRM,2020-12-21,222.20018259741167,224.70969961740946,222.01247611535575,223.7513427734375,9219000
CRM,2020-12-22,224.27501833833588,229.08655245381973,223.8798260983832,228.39495849609375,10339600
CRM,2020-12-23,229.7089739636462,230.38080372646988,224.38367835306204,224.6998291015625,7090500
CRM,2020-12-24,225.55940962813045,226.43872515250646,222.13106352086717,223.0696563720703,6146300
CRM,2020-12-28,224.49237472414376,225.1049272081991,219.38443897891563,221.94334411621094,6422500
CRM,2020-12-29,222.26935307106675,222.59539340134543,218.20869088576353,219.78948974609375,6122400
CRM,2020-12-30,220.45142635539128,220.95529860029373,218.92003041518737,219.7301788330078,4724000
CRM,2020-12-31,219.6017996512296,220.1155465401766,217.5270027342093,219.85867309570312,6011100
CRM,2021-01-04,219.96734533591135,221.06402108263086,213.13041742032925,217.66531372070312,10319900
CRM,2021-01-05,216.8551792828391,220.32303872523815,215.37318574881283,218.86080932617188,8657200
CRM,2021-01-06,215.383050043888,217.81352595747128,213.18969851170363,213.5552520751953,9789800
CRM,2021-01-07,214.424688425149,218.0111173536695,213.90105195205473,215.36328125,8443100
CRM,2021-01-08,217.35902267329402,219.65117960323525,216.58838734441068,219.37452697753906,7301700
CRM,2021-01-11,216.99347412540126,217.93206691156266,213.6342801070129,215.63003540039062,7199000
CRM,2021-01-12,215.38304041419624,215.67944210878863,211.519974006968,212.9328155517578,10736000
CRM,2021-01-13,214.39502459114306,216.27221002045084,212.94266999270224,215.56085205078125,6839200
CRM,2021-01-14,215.61027423968844,216.86503286513766,212.96245328428236,213.01185607910156,6548000
CRM,2021-01-15,213.57501596790925,215.2546055429735,210.43319706491317,210.58139038085938,8525600
CRM,2021-01-19,212.76486607858132,214.671690418293,211.13466423506972,214.15792846679688,7753800
CRM,2021-01-20,219.32517594063742,221.94335857591804,217.32942035932598,220.7577667236328,9857700
CRM,2021-01-21,221.0047329616066,222.04213133225304,218.16919048070704,219.5029754638672,6785900
CRM,2021-01-22,222.20021746163735,225.0555243103314,221.064028485145,223.05978393554688,10186100
CRM,2021-01-25,226.93269412073096,227.53537199286725,218.66317641629686,223.20794677734375,8213500
CRM,2021-01-26,225.06540597941262,225.17408610098897,221.84453059939545,223.54388427734375,5021000
CRM,2021-01-27,221.01459753763638,225.075259777996,218.9200518335729,222.08163452148438,7641100
CRM,2021-01-28,222.29899728535025,226.84378281565256,222.29899728535025,223.78099060058594,7246000
CRM,2021-01-29,221.96312007093312,226.04353210630168,220.3428077077753,222.85231018066406,6473000
CRM,2021-02-01,224.4825041842582,227.14019988926262,222.05202818795038,225.71749877929688,5696700
CRM,2021-02-02,228.69135639437326,233.11757272551256,228.6024404032116,231.38858032226562,7134900
CRM,2021-02-03,232.17897638884088,233.1669720330487,229.47186289648923,232.0011444091797,5357600
CRM,2021-02-04,232.6927386176373,235.370198374232,232.6433358202456,235.12319946289062,4770700
CRM,2021-02-05,236.27913599580828,236.4866217000619,233.57203776566865,236.0222625732422,5020000
CRM,2021-02-08,236.63480680147234,238.21560569867992,234.28338766328594,236.061767578125,4336400
CRM,2021-02-09,236.6842189902905,237.19798091362216,233.40408150044107,233.85855102539062,5157200
CRM,2021-02-10,234.59954369790086,235.360304503487,231.15144882732915,233.87831115722656,5535600
CRM,2021-02-11,236.0617878731622,239.9742571885307,235.71599844915502,238.3440704345703,6091600
CRM,2021-02-12,238.0575363262343,238.6602142440472,236.04203193955794,237.4844970703125,4314400
CRM,2021-02-16,242.05893419637147,248.21414287333494,240.87334243175758,245.6058349609375,10837600
CRM,2021-02-17,245.60582514122487,246.50490476472717,242.5529223236093,244.68699645996094,5879200
CRM,2021-02-18,243.0172909631152,245.03279545357583,239.6581117871417,244.0447998046875,4152800
CRM,2021-02-19,245.02292061246067,246.3962339596429,243.02716518307346,243.60020446777344,4647700
CRM,2021-02-22,241.32778850522004,241.58467699756088,237.49437600851024,238.05752563476562,5055000
CRM,2021-02-23,232.4358513841558,236.09144735267517,226.26087856654502,232.81129455566406,8641600
CRM,2021-02-24,232.70259716450215,238.60093196827654,228.73085072174592,237.5832977294922,6128300
CRM,2021-02-25,235.6665788957583,237.46473804495915,227.0117432476778,228.30601501464844,8828900
CRM,2021-02-26,226.63630939537967,227.7329851110868,213.74296383925994,213.9010467529297,20372900
CRM,2021-03-01,217.26022859205483,217.55663029015537,212.44869479592197,214.92855834960938,14027700
CRM,2021-03-02,215.77823606748478,215.97584725077823,210.7789806727404,210.9074249267578,10211500
CRM,2021-03-03,210.27509580099237,210.759219050213,202.93428098727966,203.52708435058594,11459000
CRM,2021-03-04,204.35701078388067,206.58000093281012,199.09099231089826,202.86514282226562,12800500
CRM,2021-03-05,207.4889532414841,209.80087443317862,200.78046966304876,208.22994995117188,11406000
CRM,2021-03-08,211.05562393825244,212.32025715227581,205.0782623726211,205.22645568847656,9576400
CRM,2021-03-09,209.6328985051725,213.1995632128569,208.6350283795672,208.99070739746094,9732200
CRM,2021-03-10,212.14242034026498,213.55524683795707,209.22783628177646,209.41555786132812,7186400
CRM,2021-03-11,212.41905793457397,215.55100223551204,211.77686681292542,213.35765075683594,6431000
CRM,2021-03-12,210.88765676947335,211.28286405290285,206.78748107985072,209.6625518798828,6114600
CRM,2021-03-15,209.30687532832297,210.3837869215741,206.98507962212412,210.24546813964844,5733700
CRM,2021-03-16,212.260982994057,214.0887809868462,210.91730829964987,211.90530395507812,5311000
CRM,2021-03-17,210.95682227099158,212.23132994684494,208.32875038751718,210.56161499023438,5805100
CRM,2021-03-18,208.17067262626773,208.84251748237122,205.8982797014377,206.96531677246094,5580100
CRM,2021-03-19,207.29134020675704,210.19604948363525,206.5602331612948,209.65264892578125,7088400
CRM,2021-03-22,208.94129953907625,214.37527519011354,208.83261942303085,212.58700561523438,5002500
CRM,2021-03-23,212.18191251314008,214.81985874327637,211.75708167570494,212.41903686523438,4578000
CRM,2021-03-24,212.54750633201604,212.6956996474029,206.8961700791358,207.0147247314453,4617700
CRM,2021-03-25,203.69504847570627,205.67103965080236,201.91665340299653,202.97381591796875,7977200
CRM,2021-03-26,203.17143494335,206.89618294982662,202.31188350940076,206.58001708984375,7333200
CRM,2021-03-29,206.5009557352984,209.10926352646086,203.5172198660888,208.23983764648438,5686900
CRM,2021-03-30,206.13540555396938,208.75358791672514,204.87077236641753,207.4790802001953,4717900
CRM,2021-03-31,207.9138182776101,211.1050401790639,207.58777788634802,209.32664489746094,6838000
CRM,2021-04-01,211.03585840788128,216.30186149514452,210.80860857381774,216.09439086914062,7763500
CRM,2021-04-05,216.97372378784416,219.17694985082122,216.30187891120406,217.6455535888672,5553200
CRM,2021-04-06,217.18120004585802,218.89042821282362,215.6300397174367,218.43594360351562,5448500
CRM,2021-04-07,219.29549440346742,220.00683731527872,216.75633865586636,218.1395263671875,4403400
CRM,2021-04-08,220.32300943162457,223.00048402704664,219.77960885960727,221.75559997558594,6169100
CRM,2021-04-09,221.63703527298125,228.5332397335639,220.9454414289025,228.50360107421875,7319300
CRM,2021-04-12,226.76474124151287,227.09078157976379,224.4231815532774,226.01385498046875,6205700
CRM,2021-04-13,226.25100931627998,230.68711531917958,225.75701147934487,229.21499633789062,5397100
CRM,2021-04-14,230.05478117055992,230.34129326089055,224.9270816015868,225.2827606201172,4617600
CRM,2021-04-15,227.1105413919898,230.28201386836344,226.74498784797896,230.20297241210938,5073900
CRM,2021-04-16,231.19099074155832,231.19099074155832,227.13032786525238,229.12608337402344,5088700
CRM,2021-04-19,228.05901152756542,229.4125605885408,226.12253364251518,227.73297119140625,4257700
CRM,2021-04-20,227.2389845850491,228.67157516839683,224.16631771220054,225.22348022460938,4081200
CRM,2021-04-21,224.38368498513503,228.01950161624322,223.9489645019337,227.79226684570312,4024000
CRM,2021-04-22,227.23898435497634,231.08228657430323,226.26086329944394,228.57278442382812,4975400
CRM,2021-04-23,230.14369848937238,232.66309029558803,228.9679813080973,230.70684814453125,5447100
CRM,2021-04-26,231.2304863339539,232.96936825897782,229.6299382671629,232.63345336914062,3459600
CRM,2021-04-27,232.63347792136042,233.06818337287874,229.12609011445596,231.3984832763672,3445200
CRM,2021-04-28,232.17895574178274,235.46898275349554,230.72660106790192,234.03639221191406,4274500
CRM,2021-04-29,234.4711196857449,234.81690909544554,229.38293337291068,231.54664611816406,4140800
CRM,2021-04-30,230.00538546136846,231.68497501565497,226.76476100408584,227.55516052246094,5024800
CRM,2021-05-03,227.99975737943055,228.6814767810825,220.39219398939477,221.0738983154297,5835700
CRM,2021-05-04,219.00898162307593,219.3350219783339,211.78673623940148,214.5728759765625,6727500
CRM,2021-05-05,216.193213115053,216.93420984482663,212.26097961460994,212.8142547607422,4205800
CRM,2021-05-06,213.21933371057344,215.65968411370818,210.93706622580277,215.4324493408203,5200000
CRM,2021-05-07,217.86290366972278,218.594025838733,212.50796934299592,213.9010467529297,5774700
CRM,2021-05-10,212.91303053790995,213.36751510179508,210.67027652870502,211.32235717773438,5263700
CRM,2021-05-11,206.4910868878894,213.9702210511775,206.40217089924363,212.9723358154297,6097900
CRM,2021-05-12,210.77899467790286,210.8086333422429,206.49109704637988,208.01260375976562,5482500
CRM,2021-05-13,210.41343296719063,213.0513795208073,207.9434438635476,209.31675720214844,5337000
CRM,2021-05-14,211.61878832609008,215.649812342219,211.57926005818518,215.04713439941406,4429000
CRM,2021-05-17,213.9899492226435,215.10638900094773,210.2652169116137,212.4783172607422,3816100
CRM,2021-05-18,212.85378637603924,214.74086169568724,211.22358449953026,211.75711059570312,3540600
CRM,2021-05-19,213.2588515471033,218.93982612075132,211.93492601508055,218.6829376220703,8092100
CRM,2021-05-20,220.30325893682254,224.1070481007955,219.6907064771471,221.09365844726562,6705500
CRM,2021-05-21,222.50649908754727,223.0696487487769,219.76974701282305,219.90806579589844,4913600
CRM,2021-05-24,222.29903508445844,224.86782996457055,221.5185251056561,224.26515197753906,5288300
CRM,2021-05-25,225.26301357691108,226.96236734152313,223.563659812299,224.97650146484375,6256300
CRM,2021-05-26,225.7372293459322,227.47611124169237,225.5495077707657,226.92282104492188,5807100
CRM,2021-05-27,226.76475526331825,226.76475526331825,222.68432859438386,223.11904907226562,15344100
CRM,2021-05-28,236.34829517991076,240.5769149010755,234.9749819771346,235.2417449951172,17810800
CRM,2021-06-01,235.14297349873894,235.53816574327962,229.6694840261998,233.3645782470703,8103900
CRM,2021-06-02,231.58616758930827,235.42946995292212,231.09216977868635,231.80352783203125,5543900
CRM,2021-06-03,230.09428736332723,230.3807994449441,226.67581606277304,228.0688934326172,5109000
CRM,2021-06-04,228.84940105598,235.03424742002474,228.74072094863604,234.62916564941406,6177600
CRM,2021-06-07,233.75977386905853,236.59531652456263,233.00888753614336,235.28128051757812,3510800
CRM,2021-06-08,235.93334344366656,238.88744052844385,232.8409125074873,233.5819091796875,5827300
CRM,2021-06-09,236.00251659944254,236.00251659944254,232.68285060527023,233.25588989257812,3350900
CRM,2021-06-10,233.16696706937486,237.40546165952557,232.3271647594291,237.30667114257812,4659500
CRM,2021-06-11,236.16056835424416,237.48447873522127,235.54801595496542,237.42520141601562,4624200
CRM,2021-06-14,237.81056402183896,243.67926094245286,237.5932037599186,243.30381774902344,6764700
CRM,2021-06-15,242.26640194032228,242.41459524654687,239.1048040351144,239.66796875,5135300
CRM,2021-06-16,239.09493744236406,242.06879879903263,236.60518428584118,239.48025512695312,5099300
CRM,2021-06-17,239.0949208700388,244.2127305350111,238.30452142228745,241.49574279785156,5170200
CRM,2021-06-18,238.946741398546,243.05679162861992,238.16621643380697,239.86557006835938,7822200
CRM,2021-06-21,240.52751653410843,241.78227511891825,236.02225918385537,241.54515075683594,5895100
CRM,2021-06-22,240.87332397246206,241.78227809152904,237.99825323378158,240.1916046142578,4457200
CRM,2021-06-23,240.82393439906784,241.56493112029574,237.95875310723335,238.93685913085938,4482400
CRM,2021-06-24,240.42873262651506,244.71662986486112,239.78652644826025,240.84368896484375,4987300
CRM,2021-06-25,241.2586487347222,241.2685232635313,238.09706581990406,238.96649169921875,15409300
CRM,2021-06-28,241.27841521467877,244.61783013424,240.67573728789725,241.63409423828125,4274900
CRM,2021-06-29,241.5056427697431,243.8175488162855,239.5197619991148,242.85919189453125,3871900
CRM,2021-06-30,242.53315850840335,243.66936250708525,240.57693141865633,241.3376922607422,4168800
CRM,2021-07-01,241.56490516448793,243.6298121876236,239.70746875865817,242.0391387939453,3899600
CRM,2021-07-02,243.95587159953482,245.97139106469535,242.88883454308802,245.2205047607422,4056200
CRM,2021-07-06,246.01091608586725,249.88385721276347,245.3983636089674,247.24591064453125,5590200
CRM,2021-07-07,249.96288381283503,250.45688160693155,244.88458709254752,245.45762634277344,5101400
CRM,2021-07-08,241.90085225588652,243.61997012070398,238.83807477450674,242.84933471679688,5159600
CRM,2021-07-09,242.6418310317692,245.02290399926477,241.1598376608059,242.11819458007812,4213500
CRM,2021-07-12,244.25226171542934,244.29177490426173,238.94673042225978,239.99400329589844,5604500
CRM,2021-07-13,239.38145494508962,244.19300392236087,238.77877700679397,241.0906982421875,6699800
CRM,2021-07-14,241.56491820941383,243.19510487874012,236.99049387065804,239.51976013183594,6375700
CRM,2021-07-15,238.32430021280223,239.12457423796198,232.98912999465952,234.72799682617188,7912600
CRM,2021-07-16,235.43936561715694,237.9883961946458,234.91572913046994,235.5677947998047,7288100
CRM,2021-07-19,233.67080997920294,235.63692644891208,231.49722289710326,234.69833374023438,8843000
CRM,2021-07-20,235.83455316293856,240.26076935097288,233.4337310254907,237.22763061523438,8487000
CRM,2021-07-21,238.5416428274002,240.0631493081104,235.40969881094182,239.20359802246094,15323100
CRM,2021-07-22,240.57694251182974,245.7145169137967,240.41885958854036,245.299560546875,7868700
CRM,2021-07-23,246.99892042146587,247.55219559111111,243.7187675219723,245.26992797851562,5877300
CRM,2021-07-26,245.22050437780914,245.49714193916523,242.8690851062824,244.62771606445312,3960700
CRM,2021-07-27,244.24240309410447,245.15135725260447,238.29466525902373,240.58680725097656,6352500
CRM,2021-07-28,240.8930990630431,243.12596373478118,240.08293541915978,241.0314178466797,4100200
CRM,2021-07-29,240.5670728121851,243.2050194606158,240.5670728121851,241.11045837402344,3271100
CRM,2021-07-30,240.08293463993093,241.30805463074765,238.7293854704793,239.02577209472656,3748400
CRM,2021-08-02,239.401218577371,239.55930149624257,236.01240080440672,237.9686279296875,3525700
CRM,2021-08-03,238.48239625284995,240.13234718918085,236.170474960502,238.2353973388672,3077900
CRM,2021-08-04,238.71949972541145,241.71312528364203,236.79291125857253,241.2388916015625,4121600
CRM,2021-08-05,241.74276587325457,247.88809995792664,240.6164514470783,247.55218505859375,5235200
CRM,2021-08-06,246.23814298708206,249.05393652101418,246.22826845815078,247.58181762695312,4045400
CRM,2021-08-09,248.40185387431677,249.3898494819987,244.87471739421292,246.3270721435547,3312200
CRM,2021-08-10,247.8584492646774,248.23389241371925,240.12244197262066,240.46824645996094,4430600
CRM,2021-08-11,241.73287559435227,243.19510482459214,237.2177436546492,239.37156677246094,3999200
CRM,2021-08-12,239.5889399917818,245.44774683446,239.0257752470514,245.40823364257812,4467400
CRM,2021-08-13,248.6884000482393,250.7236687435054,245.8824808505191,248.54019165039062,5986400
CRM,2021-08-16,247.1668530146292,247.98689115701117,241.53528121064898,246.20849609375,4047500
CRM,2021-08-17,245.27978323555794,246.2085015154686,242.98764127347013,244.02503967285156,3472600
CRM,2021-08-18,245.02292219718302,253.71727189207311,244.74628462010656,248.2042694091797,8306700
CRM,2021-08-19,246.17886675358872,252.3736035103311,245.39835684729073,250.0320587158203,6600800
CRM,2021-08-20,249.96289718842235,254.77443113619177,249.57757949143326,253.05532836914062,5510700
CRM,2021-08-23,253.91481469637222,258.71645780909233,253.4899839158594,257.3925476074219,7603900
CRM,2021-08-24,258.77578712853983,259.3488112353954,255.95010440177418,256.54290771484375,6685200
CRM,2021-08-25,257.72851790043325,258.7560417674045,255.64386165575493,257.7186584472656,9701000
CRM,2021-08-26,266.56119853654445,271.9161479092245,264.1504868810923,264.5753479003906,18987000
CRM,2021-08-27,264.6444957788431,267.6579005501885,262.243673626985,263.3304748535156,7992500
CRM,2021-08-30,262.6191278363528,264.3678693258371,261.5718548334433,261.7892150878906,5730000
CRM,2021-08-31,261.5916039692276,263.56759531887957,259.5464758372766,262.0856018066406,5901500
CRM,2021-09-01,263.0735898579964,269.97969992774136,262.4017600548798,265.0989990234375,7189000
CRM,2021-09-02,265.77081916390733,266.02770767097337,260.7518147302542,260.9790344238281,4498300
CRM,2021-09-03,260.4356652073396,264.19992630610847,258.65725490673975,263.8738708496094,7356700
CRM,2021-09-07,263.34038786327284,264.68404757096164,260.90003722685765,262.0263366699219,4672500
CRM,2021-09-08,260.4554641229857,261.1668223491475,258.43994412365373,259.46746826171875,3851500
CRM,2021-09-09,258.67700693245416,260.5443028779284,257.3234578280601,257.6099548339844,4126500
CRM,2021-09-10,257.8668436377616,258.44975740561483,253.42086357504158,254.1124725341797,5280900
CRM,2021-09-13,253.91487708211073,254.59659647937153,249.1626205106882,251.0595703125,5258200
CRM,2021-09-14,251.05956333796215,252.04755894118492,249.96288761536022,251.31643676757812,4097500
CRM,2021-09-15,251.48438262381737,253.66785943960645,249.91347330522134,253.08494567871094,4764600
CRM,2021-09-16,252.46252196461887,258.08421950778285,251.9388854871068,257.2345275878906,5122600
CRM,2021-09-17,256.1576425847357,258.55849512846896,255.5747287209961,257.40252685546875,7049400
CRM,2021-09-20,253.509786353385,256.09832999064537,251.87959965027082,255.12022399902344,5985500
CRM,2021-09-21,256.35520805529774,259.39822110045156,254.675603550038,254.8732147216797,6040600
CRM,2021-09-22,255.79205977665572,257.2345249383199,253.13434914895038,256.058837890625,4355600
CRM,2021-09-23,266.7588135903725,276.036106802274,263.2020233789209,274.5244445800781,15617200
CRM,2021-09-24,275.1567290708374,282.92235872929564,274.87020195190274,282.2011413574219,13368300
CRM,2021-09-27,279.0494788143327,280.3536402386011,275.69029981495316,276.3226013183594,5941100
CRM,2021-09-28,271.8074584078637,273.3783979643939,266.79834356879746,269.0114440917969,7127100
CRM,2021-09-29,270.20687393375886,271.3825909659996,266.00789314753575,267.2527770996094,4361900
CRM,2021-09-30,267.4010076254749,270.96768748034816,267.1935369883165,267.96417236328125,5224200
CRM,2021-10-01,268.24081523594964,273.02271049714597,265.5435762946025,271.9556884765625,4756000
CRM,2021-10-04,271.9161667463996,271.9951931326549,262.9451794203029,267.6084899902344,6393800
CRM,2021-10-05,268.843422152481,270.2661379846671,267.77640035395535,268.50750732421875,4050400
CRM,2021-10-06,266.4327643619625,272.1828753565292,264.28880082332165,271.96551513671875,4745500
CRM,2021-10-07,273.5759396862955,276.1447339392318,270.7897852238516,271.2837829589844,5374200
CRM,2021-10-08,272.2323403209947,273.5957791946681,269.0015751243593,269.2090759277344,2683300
CRM,2021-10-11,268.51748383559936,272.9535751064653,268.25073583743887,270.4638366699219,2693000
CRM,2021-10-12,273.10174159840494,277.37974903831343,272.7065192597341,275.6507568359375,5970100
CRM,2021-10-13,276.6387550811214,281.6775384360596,275.25556733596216,280.9958190917969,6573500
CRM,2021-10-14,282.5667510752759,287.1510652855929,281.2428405450293,286.5384826660156,5433900
CRM,2021-10-15,288.9788059910537,289.3542491206389,285.8468770123733,288.1587829589844,5119300
CRM,2021-10-18,287.2893645054182,289.7297148871582,285.24420634050693,288.1983337402344,5163300
CRM,2021-10-19,288.5935181479717,291.9823357886488,287.8623809078274,288.83062744140625,3631200
CRM,2021-10-20,289.5913404736005,291.86374816679523,284.4933103333434,286.60760498046875,4487900
CRM,2021-10-21,285.99510925855805,288.0699062063795,284.80950238802143,286.3310241699219,2828500
CRM,2021-10-22,285.53077220446943,289.48275521075965,284.7206084518829,289.04803466796875,2927000
CRM,2021-10-25,289.7791104885712,291.5871594028048,288.2180906367115,290.3916931152344,2993500
CRM,2021-10-26,292.2293837537092,294.77839953982595,290.09530930077443,291.5674133300781,3601400
CRM,2021-10-27,292.9703725249481,295.598444784126,291.5476562620663,291.60693359375,3742700
CRM,2021-10-28,291.5278934394222,295.22298764570434,290.00637164515024,294.79815673828125,3450400
CRM,2021-10-29,294.42266188552173,297.16928819639116,292.71341879932737,296.0923767089844,4251900
CRM,2021-11-01,297.88072602723156,301.20037735712975,296.1220947545797,299.1256103515625,3825100
CRM,2021-11-02,298.0980175625437,299.7973711089521,295.815750261718,299.3132629394531,4177500
CRM,2021-11-03,300.30124008842097,300.30124008842097,294.61037643956405,299.25396728515625,3260200
CRM,2021-11-04,299.85665476668726,304.7077166217525,298.76985361208057,304.3421630859375,3833800
CRM,2021-11-05,304.79667063900087,307.6618521123294,299.6986092558696,303.5616760253906,4681800
CRM,2021-11-08,303.5122881396293,307.6519924943439,302.22787565141755,306.2391357421875,3893000
CRM,2021-11-09,306.27862310154416,308.0076153287303,303.53199665526347,305.9920959472656,3126500
CRM,2021-11-10,302.88979491881196,304.88553502212307,294.31400100990635,296.0726318359375,4350900
CRM,2021-11-11,297.88068164248585,302.0796630586735,297.88068164248585,299.3429260253906,2681900
CRM,2021-11-12,300.84465706511554,303.53200627516196,298.00911454685996,302.9688415527344,3803700
CRM,2021-11-15,303.2158619221093,304.06555386806656,299.58993473581626,301.8227844238281,3595300
CRM,2021-11-16,300.42968805591244,303.8876726475613,299.0860285157492,303.403564453125,2989400
CRM,2021-11-17,304.08527840450824,306.1798242098984,303.56164195316074,304.3223876953125,3864700
CRM,2021-11-18,302.48474258452075,303.3047656824348,295.98371452136536,299.352783203125,4443100
CRM,2021-11-19,302.04010445353805,302.32663159903205,297.48545954158124,297.55462646484375,4758900
CRM,2021-11-22,298.21658934568114,301.8227672682505,293.15805667990094,293.276611328125,4474700
CRM,2021-11-23,290.12490279244537,292.911057629218,284.84900989054165,287.92169189453125,6431100
CRM,2021-11-24,282.60626890944553,285.9753375121859,279.80036503309424,285.6986999511719,5091400
CRM,2021-11-26,281.0847754851743,284.11792950790147,279.642310211498,280.7982482910156,4195300
CRM,2021-11-29,286.04446619803184,294.8080122195108,281.28235047179334,293.17779541015625,8215600
CRM,2021-11-30,292.63441642606733,295.6774295789282,279.99794437847333,281.5392150878906,13597600
CRM,2021-12-01,268.0036989044598,273.6155067347953,248.44138280495216,248.48089599609375,30723100
CRM,2021-12-02,249.78504548257715,259.42786167495234,249.1132006603937,258.064453125,12200800
CRM,2021-12-03,258.41023107476525,258.6078422506359,248.6784836877805,255.21902465820312,8944000
CRM,2021-12-06,253.02566246777448,256.11809331559294,247.70036713874805,255.6438446044922,7123000
CRM,2021-12-07,262.2832001293671,266.98606895911945,260.43565313231693,263.7849426269531,7401200
CRM,2021-12-08,265.08908928685884,265.2768108574785,261.39399549910047,263.11309814453125,4586500
CRM,2021-12-09,262.8463568050157,263.4786583078215,259.4871778088261,261.1470031738281,3967000
CRM,2021-12-10,262.90565374958487,267.32199559939767,261.26557731965875,262.83648681640625,3480100
CRM,2021-12-13,262.6092307829875,267.3120997087902,261.4335135515368,262.5697326660156,3625700
CRM,2021-12-14,258.8548605503433,259.0030538677397,250.2593014021538,252.5218048095703,7227300
CRM,2021-12-15,251.79066627739346,257.066558777432,248.876067410038,256.9183654785156,6484900
CRM,2021-12-16,256.8788348920865,258.2126348727338,249.19223096174946,250.0814208984375,6556700
CRM,2021-12-17,248.22399230223715,250.85204884782493,243.82740031182246,249.89369201660156,12119400
CRM,2021-12-20,246.89022211875042,248.5204088432796,243.5409176074175,244.24240112304688,5580100
CRM,2021-12-21,245.02291223003257,249.97276482810275,242.30592429199794,249.51829528808594,5428200
CRM,2021-12-22,250.3778417510381,251.20775443227652,246.5147753583655,249.76528930664062,4982400
CRM,2021-12-23,248.21413628868206,251.25716461835614,246.3468251631567,250.10121154785156,3769500
CRM,2021-12-27,250.34820236995233,255.32769351869229,250.20000906144853,255.19924926757812,3531800
CRM,2021-12-28,256.612119106609,257.64950247084397,251.87961153621555,252.38348388671875,3293700
CRM,2021-12-29,252.92687045009592,253.35170131650926,250.08143833333514,251.48439025878906,2592700
CRM,2021-12-30,252.2352691761994,254.80404858370417,251.40535652495706,252.26490783691406,2950600
CRM,2021-12-31,251.41524533526143,253.41098562295994,250.5853326368749,251.07933044433594,3169300
CRM,2022-01-03,251.9487614857319,253.61849159680705,245.665108643319,252.39337158203125,4316800
CRM,2022-01-04,253.7666694359101,253.78641849296397,240.47811689339983,245.25013732910156,7240700
CRM,2022-01-05,233.3349130685706,235.3405428791687,224.58127167367599,224.93695068359375,18882500
CRM,2022-01-06,225.30252464907792,231.66521913913817,223.3364229255564,226.39920043945312,9376100
CRM,2022-01-07,225.75698120851803,229.4916031489379,223.33639514722594,225.5692596435547,6286700
CRM,2022-01-10,222.79301678672755,227.0710397163627,216.26236500427817,226.87344360351562,7803800
CRM,2022-01-11,226.0533874657905,233.51275696956114,223.8402719810098,232.0208740234375,7635300
CRM,2022-01-12,234.15495270340023,236.4075814220925,232.92983275570492,234.97499084472656,6718900
CRM,2022-01-13,234.64895308811774,235.923460768462,225.18395350816309,225.88543701171875,6680300
CRM,2022-01-14,225.2926406550597,230.48949220362783,224.87768430256872,228.4542236328125,5805100
CRM,2022-01-18,225.70759184033065,227.96022060263516,222.59541173008836,223.34628295898438,6032000
CRM,2022-01-19,224.73936369524353,229.42246833642247,223.4549663809337,223.55377197265625,5332600
CRM,2022-01-20,226.32018188351842,228.62219859439648,219.81916837854902,220.26376342773438,5663700
CRM,2022-01-21,220.38227550877002,222.071754460003,215.63001952940704,216.00546264648438,9128400
CRM,2022-01-24,209.84037384586853,220.69845034608483,205.01895074722074,220.35264587402344,11664300
CRM,2022-01-25,218.347038520455,221.2122198735082,212.0930242505914,212.80438232421875,9092700
CRM,2022-01-26,216.97369836806763,218.8014961239425,206.56023214289135,208.46705627441406,10029600
CRM,2022-01-27,211.5100982197441,220.4712104030543,209.51434290202093,210.18618774414062,9462100
CRM,2022-01-28,211.72744827499994,219.62152302990233,208.3485053207104,219.4634552001953,8254900
CRM,2022-01-31,220.273627130938,230.11407043725183,219.59190772040557,229.83743286132812,7084200
CRM,2022-02-01,229.58052550353423,229.98560730490007,223.60316437263924,229.33352661132812,6387100
CRM,2022-02-02,230.93408022519566,231.6750768714628,220.34276695516814,222.30886840820312,9378900
CRM,2022-02-03,215.45219981530488,218.13953387903905,207.87426057508011,210.2158203125,12826600
CRM,2022-02-04,212.40918995792933,219.00899365546778,210.6307947750061,216.59828186035156,6176500
CRM,2022-02-07,216.37101664169364,218.78172809765385,214.05911076695742,214.36538696289062,3922300
CRM,2022-02-08,213.0118513648029,215.32375738525832,209.60325458072833,214.8198699951172,5628700
CRM,2022-02-09,218.4853370059401,219.52273535654942,212.98220958939555,219.37452697753906,6107700
CRM,2022-02-10,215.08664549876926,219.32515519111288,213.21933436228426,215.0570068359375,5312600
CRM,2022-02-11,215.00760016676998,217.28986761740973,203.63577610476287,205.40428161621094,8165600
CRM,2022-02-14,203.3294986692515,207.38027160727285,202.1735456196504,203.9222869873047,7005900
CRM,2022-02-15,207.2321045384802,211.99425119730614,206.0168740107507,211.67808532714844,6353000
CRM,2022-02-16,208.46705902522325,209.87001088352292,205.7105581007672,209.19818115234375,7072700
CRM,2022-02-17,205.82910405783622,207.2320558569477,197.10510199504682,197.6287384033203,8820100
CRM,2022-02-18,197.99432824886662,200.16793080543886,193.43966756087826,194.47706604003906,6691800
CRM,2022-02-22,193.1827593092448,199.04158047570462,191.20676830515035,192.78756713867188,8434800
CRM,2022-02-23,193.99295296827455,196.61113542484085,187.84761878562963,188.252685546875,7784300
CRM,2022-02-24,182.52232770459952,202.44030919458012,182.22592598490084,201.83763122558594,11792600
CRM,2022-02-25,202.26245498128156,205.96743838132613,199.1897881451533,205.5919952392578,5853600
CRM,2022-02-28,205.29561770654433,209.12904580634958,204.46570494543738,208.0027313232422,7904700
CRM,2022-03-01,210.83825524647628,211.81637631879642,205.95756964051424,206.3824005126953,12587300
CRM,2022-03-02,213.50584101760015,214.70130717189917,198.7352957175847,207.8643798828125,16670100
CRM,2022-03-03,207.8644092563217,209.08952931934226,201.76847775662557,202.2921142578125,6559900
CRM,2022-03-04,202.2426823905186,203.90252272364165,196.86798428420084,200.57296752929688,6813600
CRM,2022-03-07,201.00770390212455,202.46993318420834,193.68665281159116,193.87437438964844,7043500
CRM,2022-03-08,191.94777235409518,194.83271752255695,186.92875320054154,189.77418518066406,8229000
CRM,2022-03-09,195.9689200447632,202.76631906190977,194.8524802680258,200.72117614746094,6881300
CRM,2022-03-10,196.70991594887866,198.7846975154086,195.15875573130626,197.74729919433594,5604200
CRM,2022-03-11,202.31183093190276,202.31183093190276,195.25754407722053,195.5242919921875,5196900
CRM,2022-03-14,195.86024427089114,197.7571939276155,189.51731461620213,190.80169677734375,5665500
CRM,2022-03-15,196.1467549235084,197.55959639636134,190.42626733429333,193.7854461669922,5276300
CRM,2022-03-16,196.27522587969415,203.42830497172764,194.96118981305506,203.10227966308594,6043400
CRM,2022-03-17,202.1636672159085,208.150918506102,200.1283985674921,207.88417053222656,5842600
CRM,2022-03-18,206.71830665740254,216.94406672671235,205.80935255189303,216.17343139648438,12220600
CRM,2022-03-21,215.57079159963484,216.46987133566523,208.08178212732437,211.15444946289062,6448700
CRM,2022-03-22,211.1544246443206,219.18683384131015,210.06762343448335,215.5905303955078,7018800
CRM,2022-03-23,211.30263788154667,211.36191521210614,205.80938414063704,208.57577514648438,8404700
CRM,2022-03-24,209.80087803390524,211.53974491526068,207.35063801737454,211.4113006591797,4150300
CRM,2022-03-25,211.69783067126392,213.26874012566748,205.9773274552868,208.49671936035156,3656500
CRM,2022-03-28,207.85450659368635,212.7944842952143,206.78746960108245,212.6956787109375,4290900
CRM,2022-03-29,215.99559841583203,219.49311136586067,214.16781555746937,218.633544921875,5370400
CRM,2022-03-30,217.07253044930627,217.21084923699772,210.83826524708144,212.3597869873047,4951200
CRM,2022-03-31,211.92504806460897,214.1875512684846,209.24757345812077,209.77122497558594,7141300
CRM,2022-04-01,209.92930691693093,211.46070315618863,207.51859517135625,209.7020721435547,6007900
CRM,2022-04-04,212.05351175399537,218.3470392372237,211.52987526413648,216.2228546142578,7843600
CRM,2022-04-05,215.38303154976478,215.6497945714805,206.16503118858398,207.6173858642578,7304600
CRM,2022-04-06,202.7465710504021,203.00344446314182,195.70215803803623,198.40927124023438,7171300
CRM,2022-04-07,196.7296631065647,200.28645300860038,195.81083450931436,197.75718688964844,5246000
CRM,2022-04-08,196.25544002556597,197.7374333851254,194.25968474685345,194.80308532714844,3897700
CRM,2022-04-11,191.87863956363591,194.73394635553814,189.85324548982732,193.10374450683594,5173800
CRM,2022-04-12,197.35212096074056,198.70567010758816,192.2441855214189,192.47142028808594,4832200
CRM,2022-04-13,189.68530925269437,194.7339681324427,187.04736241228684,193.3705291748047,8733000
CRM,2022-04-14,193.9633145934638,194.0917437774374,186.94853939942362,187.13626098632812,5126700
CRM,2022-04-18,186.0395678870904,187.07696624536584,183.3028159511259,184.76504516601562,4899500
CRM,2022-04-19,184.99230767545987,189.89275757081603,183.29295398133655,189.0924835205078,6120400
CRM,2022-04-20,190.57448536307592,190.9795672084319,183.84623722082176,183.9944305419922,6015400
CRM,2022-04-21,186.51381540694365,187.88712874126435,174.6183545541444,175.1024627685547,9119500
CRM,2022-04-22,175.56682246412703,176.90062261028262,169.04606027616552,169.37208557128906,8843900
CRM,2022-04-25,167.6529873263779,172.6621175241562,167.19850268579543,172.4744110107422,7988900
CRM,2022-04-26,170.54778635576008,171.63458748679392,165.5386567759956,168.0382843017578,8073300
CRM,2022-04-27,168.94725217744363,175.10246071103975,168.5816986197366,172.58306884765625,9644600
CRM,2022-04-28,179.23227712343098,184.68600172871513,176.83144008716553,183.5102996826172,10614800
CRM,2022-04-29,180.37835730624982,183.13485829578198,173.1956253367695,173.82794189453125,7110800
CRM,2022-05-02,172.98816012582927,175.64587091916803,171.04180742868593,175.4384002685547,6278400
CRM,2022-05-03,174.82582512023222,178.22453252688095,174.0156765364336,176.21890258789062,5047700
CRM,2022-05-04,177.55267947990603,183.74740046425015,172.64234059622189,183.25340270996094,7563100
CRM,2022-05-05,178.3233299949434,180.05232228256884,167.78141882746692,170.2316436767578,8379400
CRM,2022-05-06,167.45537117374823,170.36006542683256,163.59230495563045,167.662841796875,7232700
CRM,2022-05-09,164.71863471998233,168.24577132430792,160.1837383391564,161.63609313964844,9997800
CRM,2022-05-10,165.41025674228362,169.20415703547891,161.31995469089065,165.14349365234375,8598700
CRM,2022-05-11,163.51327799408668,167.93949422858464,158.89934017637893,159.3340606689453,7220100
CRM,2022-05-12,155.04615239887,164.84708265758087,152.78364896036106,158.4942626953125,10187500
CRM,2022-05-13,161.58667588793867,166.65508282904543,160.0651542922821,164.90634155273438,6499700
CRM,2022-05-16,162.76240886322043,164.1159580799803,159.93674070024093,162.14984130859375,5065800
CRM,2022-05-17,165.32130120501301,167.07005759214982,156.37006371675176,161.76451110839844,7317700
CRM,2022-05-18,160.86544633454423,162.54503579250186,154.31503086533183,155.44134521484375,7454400
CRM,2022-05-19,153.36656330945894,157.33831011565496,152.87256547550083,153.7321319580078,8382200
CRM,2022-05-20,156.83445580399507,158.80055776105283,152.6947510668445,157.7335205078125,9068700
CRM,2022-05-23,157.92119807996366,158.80051347738527,154.03838297720998,158.39544677734375,6148800
CRM,2022-05-24,155.87605500076774,156.48860738949702,152.69470826952173,155.04612731933594,6928400
CRM,2022-05-25,153.455512039877,159.94663648589827,153.455512039877,157.7335205078125,7436800
CRM,2022-05-26,157.77302869589252,161.72501131932026,155.67848272967336,160.50978088378906,6697700
CRM,2022-05-27,158.74124435243044,163.2465016807717,158.32628802751648,163.11807250976562,7883600
CRM,2022-05-31,164.95576909324308,165.2719198786653,157.43712119553473,158.31643676757812,18114600
CRM,2022-06-01,175.87310458459504,182.2061604760748,172.27680093256097,173.95640563964844,37037400
CRM,2022-06-02,172.89924574280582,187.84762535608152,172.60284402069456,186.1383819580078,19231200
CRM,2022-06-03,182.77920835512552,187.3635078967915,181.59361650524295,182.69029235839844,9224000
CRM,2022-06-06,186.66199434774146,188.1341131627799,179.51879065353472,180.67474365234375,5811700
CRM,2022-06-07,179.52869763214306,186.33598711212,179.52869763214306,184.90338134765625,6331100
CRM,2022-06-08,184.7551866493703,188.2724487531633,183.16451304899007,186.9188995361328,6226200
CRM,2022-06-09,186.26682843007276,190.36700456176214,184.3698784919377,184.86387634277344,8467700
CRM,2022-06-10,181.42564070784204,181.7417914672403,175.0728210255118,176.3078155517578,7855800
CRM,2022-06-13,168.50265541874793,170.60707583059286,163.07855405663352,164.0369110107422,10726200
CRM,2022-06-14,166.7044958801969,167.59370097897315,160.2034829251085,162.4758758544922,8576200
CRM,2022-06-15,164.7285130165509,169.4412565601249,162.7031188880265,166.52667236328125,7740700
CRM,2022-06-16,161.76451933807215,164.89646365788596,156.71586109510525,157.9311065673828,8090900
CRM,2022-06-17,156.65657935173184,164.2345037669804,156.27126167216383,161.30015563964844,13074600
CRM,2022-06-21,163.0686701352639,167.31705405687964,162.92046175594695,164.82730102539062,6736800
CRM,2022-06-22,162.72289213990774,168.40386753238758,162.23878388529212,165.43988037109375,5864500
CRM,2022-06-23,167.06015688614633,171.308540587108,165.113804528678,170.97262573242188,7258000
CRM,2022-06-24,175.5865945180348,184.17227944128123,174.4306413745148,183.6881561279297,12107100
CRM,2022-06-27,183.87588155215155,184.34024074028733,178.30358637014012,179.1334991455078,6170600
CRM,2022-06-28,178.12572134113566,180.14124082162942,169.38196926512614,169.4017333984375,6668600
CRM,2022-06-29,170.42924656677246,171.69387977003018,166.04254354738987,168.5619354248047,5430400
CRM,2022-06-30,163.06868171895096,165.4892679969168,159.17597652531282,163.0587921142578,9539400
CRM,2022-07-01,162.78215503772645,167.1194552628222,162.08068658076317,166.1808624267578,4561600
CRM,2022-07-05,164.1060934896934,170.28106667826376,162.63397445431568,170.1328582763672,4614200
CRM,2022-07-06,171.43700386242816,172.9585104809291,168.77929323781808,170.65647888183594,4085100
CRM,2022-07-07,172.07919611022282,174.81594821126265,171.09120048572208,174.51954650878906,4000100
CRM,2022-07-08,171.9606435947383,174.48991001276778,170.76516224097654,173.3932342529297,2869200
CRM,2022-07-11,171.9112429603346,174.20340010276863,169.20412945431173,172.2669219970703,3689300
CRM,2022-07-12,170.14271624942685,171.29866920634163,162.3770708082222,164.3332977294922,7073000
CRM,2022-07-13,160.46036773657792,163.84918538130057,159.23524777511028,161.52740478515625,6225900
CRM,2022-07-14,159.0969217363995,159.7687665477178,155.75749196315277,159.10679626464844,6096100
CRM,2022-07-15,161.74477015121985,165.59794705249837,160.27265124503046,165.37071228027344,6037700
CRM,2022-07-18,166.92186098288653,170.56756732012678,165.10395261668225,165.8745880126953,3818200
CRM,2022-07-19,168.86820409582555,172.0100379050593,165.7955372140492,171.7235107421875,4373400
CRM,2022-07-20,173.98603306050822,181.29719454885293,173.50190978408222,180.25979614257812,5654000
CRM,2022-07-21,178.49128311058297,183.30281670733217,177.75028643384587,183.12498474121094,3886000
CRM,2022-07-22,182.8483663114668,185.30846588713368,178.75804975549357,180.27957153320312,3804700
CRM,2022-07-25,179.6472205841757,179.80530347969227,172.97825107016845,175.16171264648438,4407900
CRM,2022-07-26,174.98389113397334,175.00365526599558,167.722117866403,168.41372680664062,3886500
CRM,2022-07-27,172.76092132663487,180.04244450045292,172.25704896837706,178.1356201171875,4960900
CRM,2022-07-28,176.26829153380757,179.69663733414717,173.8180516897849,179.11370849609375,4562100
CRM,2022-07-29,179.6373564293052,182.20613578951188,178.05655753408917,181.81094360351562,4751400
CRM,2022-08-01,179.12360662282885,182.9570193278238,177.60208494520575,180.78343200683594,3997100
CRM,2022-08-02,178.63948696847612,182.9175098439618,177.27604817854015,181.58370971679688,4317900
CRM,2022-08-03,183.30283009232275,188.3910016138822,183.14474717159428,187.3733673095703,5786300
CRM,2022-08-04,186.29644801885624,189.28019895354967,185.0021761942952,188.9739227294922,3759700
CRM,2022-08-05,184.75517133501205,189.49755307959012,184.04381331954454,187.88711547851562,4090300
CRM,2022-08-08,188.7960631083157,192.03668725609347,186.81019751078355,187.47215270996094,3396800
CRM,2022-08-09,184.06356648650078,184.88360456868915,177.6613598043207,180.05230712890625,5851700
CRM,2022-08-10,185.90126069609926,187.29433814758016,183.97467223959205,186.34585571289062,4179200
CRM,2022-08-11,189.82358829201408,190.18914181832503,184.08333660559583,184.4884033203125,4175100
CRM,2022-08-12,184.389628576802,187.73893314722926,183.28306322382912,187.61048889160156,3846200
CRM,2022-08-15,186.7805831190551,189.8038474359594,186.63237472422372,188.76644897460938,2768500
CRM,2022-08-16,187.27457372233633,188.55897104988057,184.1228652666818,187.3140869140625,3835900
CRM,2022-08-17,185.46653468709968,187.1559987157357,184.23154019076836,185.7036590576172,3181300
CRM,2022-08-18,186.15811921708845,186.30632759455594,184.36984968853653,185.6739959716797,2791600
CRM,2022-08-19,182.99655552130073,183.21391577037656,179.40025195788814,181.56396484375,4346100
CRM,2022-08-22,177.83920436336888,178.42211813730094,173.9464993668721,174.85545349121094,5182900
CRM,2022-08-23,173.7686828928788,175.97190901110298,172.81032588897506,173.88723754882812,5076800
CRM,2022-08-24,174.5491887410044,179.05444646876165,173.94651079470952,177.84909057617188,11438800
CRM,2022-08-25,166.55629325922123,172.04954615892018,163.57254244782786,171.8223114013672,24025600
CRM,2022-08-26,171.87171801968216,174.18362406262995,162.65371743367552,163.2465057373047,11074700
CRM,2022-08-29,162.30792337681027,163.82944511266453,158.1287060190599,158.2867889404297,9329900
CRM,2022-08-30,160.1936158695488,161.8830950831097,156.47875761145667,157.75326538085938,8079400
CRM,2022-08-31,157.87182244912884,159.27478957571995,154.09768680578668,154.24588012695312,9166100
CRM,2022-09-01,153.01087645162943,153.4653610689318,149.05889398179468,151.6869659423828,9924000
CRM,2022-09-02,154.58179904503956,156.76526089049955,151.12381442634347,151.8450469970703,7315700
CRM,2022-09-06,151.0447600630444,152.57614105998428,149.00949170203958,149.898681640625,6373700
CRM,2022-09-07,149.47387021511884,152.21062266069583,148.67359607062323,151.4399871826172,6211400
CRM,2022-09-08,150.491488428111,155.14493899583357,149.95796239225538,155.01649475097656,6659200
CRM,2022-09-09,156.6960763406147,161.3297620992661,156.56763211452468,160.63816833496094,5642300
CRM,2022-09-12,161.72499458785825,163.67134703458345,160.7864018270209,163.64170837402344,6353400
CRM,2022-09-13,156.3502959635534,159.32415714518038,155.9155755089654,156.2021026611328,5463200
CRM,2022-09-14,156.68619651399132,159.7094602120156,156.11315733763945,158.3559112548828,6037300
CRM,2022-09-15,154.91770654270522,157.92120640639757,152.45759217553658,152.9219512939453,7012200
CRM,2022-09-16,150.09628969977368,150.38281686603653,147.76461948141937,149.6912078857422,9882300
CRM,2022-09-19,148.90083063882196,151.696845054156,148.59453932463853,150.99537658691406,4874800
CRM,2022-09-20,149.18736193368173,149.76040129190525,147.0631770489796,148.00177001953125,5505700
CRM,2022-09-21,149.4046728676788,151.4597052087998,145.73920312195887,145.85777282714844,6164400
CRM,2022-09-22,147.71521759500413,151.0250089046599,147.35953857389373,148.3475341796875,12405100
CRM,2022-09-23,146.2925273404602,148.04126883682505,143.05188764566296,145.2452392578125,9175800
CRM,2022-09-26,145.23536743520958,149.37507181706036,143.6051805656738,144.56353759765625,7862400
CRM,2022-09-27,146.58889921063496,148.80201473449372,144.50422793622462,147.1026611328125,7046600
CRM,2022-09-28,144.2473397204767,149.06876247505642,143.92129940381557,148.36727905273438,7908400
CRM,2022-09-29,146.6679347617354,147.19157119140013,143.26922769519172,145.04762268066406,8602500
CRM,2022-09-30,144.25722985919552,146.84578854188922,142.02436526554686,142.11328125,7575600
CRM,2022-10-03,143.2395969126205,147.1718302288693,142.1725598626547,146.12454223632812,6819900
CRM,2022-10-04,149.8789288813709,155.53026489591034,149.40469521651636,153.8605499267578,8017900
CRM,2022-10-05,150.37291717026392,155.07578555770144,150.1160437587982,154.3545379638672,4256200
CRM,2022-10-06,153.85068447802595,156.35031227710178,152.58605124669972,153.59381103515625,3853900
CRM,2022-10-07,149.9777381371942,151.33128731245162,147.47811042454234,148.48585510253906,5956700
CRM,2022-10-10,148.81187591795205,149.14780584210587,142.84438979008473,143.89166259765625,5497800
CRM,2022-10-11,142.77524997687385,143.22973462195023,137.84516119286695,140.85855102539062,7415000
CRM,2022-10-12,140.6016427940689,141.71808257774146,137.9044191927914,140.58187866210938,5707100
CRM,2022-10-13,137.29186953582328,144.58326651109448,135.93830536833877,143.69407653808594,6548600
CRM,2022-10-14,145.56139941092718,145.9269529734309,140.29538084207658,140.5127410888672,5736300
CRM,2022-10-17,144.3165169047574,147.21133662354228,144.18807265934524,145.41317749023438,6288200
CRM,2022-10-18,154.57191133628817,157.06166451345675,150.07652826172782,151.6869659423828,16354800
CRM,2022-10-19,150.03703226359744,154.07793118391697,148.83167626612234,151.82530212402344,6220500
CRM,2022-10-20,153.1393248542907,159.36370042800786,151.75613698262782,155.60931396484375,9203400
CRM,2022-10-21,155.60930697545876,158.50412684670633,152.96148600417226,158.24725341796875,8335500
CRM,2022-10-24,159.24514838436102,159.63048120099313,156.4985213944468,158.7215118408203,6259200
CRM,2022-10-25,159.75888964017082,164.0369125079797,159.74901511113717,163.28604125976562,5804500
CRM,2022-10-26,157.8816915907933,162.14982451897563,156.79489045771078,157.99037170410156,6617500
CRM,2022-10-27,159.85766910716123,162.68333673752343,157.40744457735516,157.832275390625,4987700
CRM,2022-10-28,157.5951601304483,161.13218590476856,156.27124975043108,161.0630340576172,5055400
CRM,2022-10-31,160.173809291296,162.0312454659557,159.06725926840772,160.63816833496094,4878100
CRM,2022-11-01,163.0192685405449,163.7108624222604,157.72361169886986,157.90145874023438,4545900
CRM,2022-11-02,157.59517137628498,157.85205987847488,148.15982553775297,148.20921325683594,7238200
CRM,2022-11-03,147.21134116026232,148.61429307231305,144.3757986748625,144.57339477539062,5999400
CRM,2022-11-04,144.74135392627505,145.185948926625,134.40691342222684,138.09214782714844,14265300
CRM,2022-11-07,138.9319348709225,143.19019344649254,137.10415207703772,142.85427856445312,7379900
CRM,2022-11-08,143.34827150703964,149.74060395617914,143.33839697870786,145.3341522216797,9101800
CRM,2022-11-09,144.09915633501387,144.5733899756604,140.2360901341329,140.35464477539062,5588500
CRM,2022-11-10,149.18734141427592,154.49287316885105,147.9325827322016,154.42372131347656,8777900
CRM,2022-11-11,154.61145804695454,158.00027618279438,153.71237830966777,155.83656311035156,7382500
CRM,2022-11-14,153.9494824516799,158.23737976046536,152.79351432695483,156.75538635253906,6580100
CRM,2022-11-15,160.72712883025588,163.26628494589235,158.82030441786503,160.1244659423828,8116100
CRM,2022-11-16,158.0792811764456,158.8894447287701,151.9833507051527,153.2578582763672,6454700
CRM,2022-11-17,148.38707952479234,149.93822496509617,146.55928141345785,147.89308166503906,7357900
CRM,2022-11-18,150.01724948429566,150.49149823052815,143.90155425934054,146.2628631591797,7555700
CRM,2022-11-21,144.26712863533962,145.5712750504133,141.6785697880761,143.11117553710938,8015900
CRM,2022-11-22,143.45697314988112,147.58680303031625,141.20434415168668,147.45835876464844,7017700
CRM,2022-11-23,145.84789546366937,151.074400265063,145.7787436158186,150.41244506835938,5558900
CRM,2022-11-25,150.24447651702533,152.1908136994957,149.56275723898565,151.5091094970703,3023700
CRM,2022-11-28,150.17533201194414,153.45548465797464,150.17533201194414,151.8450469970703,7931700
CRM,2022-11-29,150.88668521590793,152.17108247679343,149.44420504508847,149.85916137695312,6398100
CRM,2022-11-30,148.9403501561205,158.32630920410156,148.32779765297627,158.32630920410156,14591500
CRM,2022-12-01,145.77876746737664,145.81828066181126,140.37442982246702,145.23536682128906,33721500
CRM,2022-12-02,142.55788295456813,143.4668522015727,141.066014979076,142.82464599609375,15086700
CRM,2022-12-05,141.0857820462444,142.65669151394698,131.28486699265235,132.32225036621094,20294600
CRM,2022-12-06,131.1168909413807,132.93479906407342,129.33849600587038,131.670166015625,16981800
CRM,2022-12-07,130.90940567318708,132.14440006633035,128.45918101836307,128.9136505126953,12915900
CRM,2022-12-08,126.8882815878397,129.88192245372645,125.49521155871872,128.56788635253906,15156900
CRM,2022-12-09,128.1825531619999,131.76896689915213,126.81911442479209,129.53610229492188,10287500
CRM,2022-12-12,129.52623441090657,132.4803317255793,129.37802601956304,131.51210021972656,11852400
CRM,2022-12-13,135.74071505356008,138.20082952790986,132.43092375910533,133.99195861816406,12579800
CRM,2022-12-14,133.38928921699372,135.62216906682528,131.63065814049585,133.13241577148438,9611800
CRM,2022-12-15,130.08937584665017,132.50996199577486,128.1232592207127,128.8741455078125,10807300
CRM,2022-12-16,127.37237750440089,128.32085981360174,125.36674785405577,126.73018646240234,15464700
CRM,2022-12-19,126.2362139766431,128.02449141432683,125.67305669924674,127.4613265991211,9441400
CRM,2022-12-20,125.9694500207232,128.42956470717385,125.66317377002656,126.90804290771484,8455500
CRM,2022-12-21,126.42391105307195,130.57349693103927,125.0802364873844,128.73582458496094,9313200
CRM,2022-12-22,127.12540579688695,127.98495723768633,124.82337399075139,127.63916778564453,9968600
CRM,2022-12-23,127.18464030822723,128.30107990534518,126.0583261845873,127.88612365722656,5821300
CRM,2022-12-27,127.01671019598643,130.16841852920973,126.11763813187754,129.0915069580078,8300800
CRM,2022-12-28,128.15290767324868,129.56573405415443,126.63138610468732,126.92778778076172,6249800
CRM,2022-12-29,128.14302497624828,131.35401064295576,127.94542887342031,130.9489288330078,7628800
CRM,2022-12-30,129.04210966832687,131.04773958855088,128.79511076115034,130.9983367919922,5630200
CRM,2023-01-03,133.56714546704032,135.30601252873473,131.43307106703915,133.1620635986328,8196400
CRM,2023-01-04,139.52472890787374,140.14717091130976,135.96793899626118,137.91429138183594,14322600
CRM,2023-01-05,135.98772072496678,136.9263135777712,132.62854154368233,134.7033233642578,8493500
CRM,2023-01-06,135.928437551282,139.9495718363311,133.92280767318624,138.82325744628906,9145700
CRM,2023-01-09,140.878282618674,147.40893384253735,140.878282618674,145.3341522216797,13679700
CRM,2023-01-10,144.05963680199508,147.48798275856154,143.8521661672197,145.67007446289062,6527700
CRM,2023-01-11,143.53599612171436,145.2748629088157,141.83664252439473,143.16055297851562,13595000
CRM,2023-01-12,146.06525639221928,148.02149840751557,142.21207983290628,147.80413818359375,11678000
CRM,2023-01-13,144.444932165894,148.15980471634333,144.33625206307522,147.71519470214844,8378100
CRM,2023-01-17,147.80415351851266,148.68346903356655,144.34616878449575,146.68771362304688,9407600
CRM,2023-01-18,147.07303301701552,147.74486282251365,143.54588131129867,143.70396423339844,7812600
CRM,2023-01-19,141.79712870291456,144.91918325270882,141.44144969399926,144.65243530273438,7070100
CRM,2023-01-20,142.5677747073206,149.710979005445,142.5677747073206,149.43434143066406,10127100
CRM,2023-01-23,155.4611152063131,155.97486206887936,151.39056304319766,153.99887084960938,19922900
CRM,2023-01-24,154.02851592359937,158.28678984190344,152.645328042779,153.00100708007812,6390200
CRM,2023-01-25,149.39482303682638,154.5225075966035,148.02150973997047,154.29527282714844,9390500
CRM,2023-01-26,156.2910214208401,163.18722626902107,156.20210543780718,163.10818481445312,13354600
CRM,2023-01-27,163.0686651109546,165.23237773201927,161.63607460872564,162.54502868652344,9872300
CRM,2023-01-30,162.10046324486052,164.44200825146845,161.4384928531521,162.7722930908203,8169800
CRM,2023-01-31,162.3079222233001,165.99314173229212,162.3079222233001,165.95362854003906,6421300
CRM,2023-02-01,165.71648730630147,171.00226946289348,164.99525478500044,169.7574005126953,8853900
CRM,2023-02-02,173.6007110975941,176.69312703121474,170.8244308366446,172.54354858398438,10667100
CRM,2023-02-03,167.97902591365133,172.97828152863136,167.8209429902991,168.9867706298828,6481700
CRM,2023-02-06,165.98326199778117,169.11520626330818,165.3410708833935,167.02066040039062,4310600
CRM,2023-02-07,165.55842189727656,169.668471936435,164.60993953401496,169.223876953125,6179200
CRM,2023-02-08,167.9592271998814,170.3798130473451,167.19846647903938,167.5936737060547,7694500
CRM,2023-02-09,171.24927702978866,173.27467099975217,169.94511561769326,171.5753173828125,11512300
CRM,2023-02-10,165.64735970656318,167.70239253474682,163.34532795781348,165.02491760253906,11273700
CRM,2023-02-13,166.2598851593203,169.10531708556294,164.94584930659337,169.02627563476562,8820300
CRM,2023-02-14,166.2006361012898,170.71576856318865,165.83508252035588,167.9197540283203,8393100
CRM,2023-02-15,166.8230609538589,169.54992334771595,166.22038304255233,169.04605102539062,4997000
CRM,2023-02-16,166.96137512114822,168.32479874260724,165.94374090033944,166.09193420410156,7483500
CRM,2023-02-17,163.0489065659929,165.10393914623478,160.786403359853,163.18722534179688,8084500
CRM,2023-02-21,161.77440095936666,162.53514669805702,159.5118826491298,159.67984008789062,5210800
CRM,2023-02-22,161.15194217183844,163.01925301241056,160.16394669903596,161.39894104003906,4343700
CRM,2023-02-23,163.30579441041027,163.48364146679134,159.6304644607362,162.14984130859375,4679400
CRM,2023-02-24,158.66221038609044,160.4406054879416,157.7433817109103,160.2528839111328,6569900
CRM,2023-02-27,161.87318872462257,162.79203243356423,160.2726407436726,161.1815948486328,6891200
CRM,2023-02-28,160.57894364510017,162.475893624091,159.59094792214964,161.64598083496094,6912600
CRM,2023-03-01,161.03340317054403,165.96349140999067,161.02351356646275,165.341064453125,15841200
CRM,2023-03-02,190.80169200486324,191.58221691621654,182.97676921324242,184.35008239746094,37712500
CRM,2023-03-03,185.81235928750425,187.49194896918,182.07772165681712,184.19203186035156,12087200
CRM,2023-03-06,182.84835606681946,186.73117160517063,181.42563996630042,181.59359741210938,10770300
CRM,2023-03-07,182.24568394302364,183.92527353023445,180.83284232644505,181.11936950683594,9024300
CRM,2023-03-08,181.09958865496353,182.6803725011584,179.61759531912196,180.7537841796875,6749100
CRM,2023-03-09,180.9020107612228,181.6331178987421,176.3967379034211,176.5745849609375,7102400
CRM,2023-03-10,176.35723388046935,177.20691079238597,169.64874965632737,171.10108947753906,14109000
CRM,2023-03-13,168.9472518486209,174.97403119042664,167.95925622377518,173.40310668945312,9154800
CRM,2023-03-14,177.83921229306586,183.08546664361262,176.9598967908637,180.69451904296875,10138100
CRM,2023-03-15,177.00929566741053,181.65287198155457,176.07070286066065,180.7142791748047,7716900
CRM,2023-03-16,181.09959239647262,185.39736411383547,180.7834265753322,185.05157470703125,8369500
CRM,2023-03-17,183.80669883042324,185.40726198901953,181.96902637101033,182.63099670410156,10493300
CRM,2023-03-20,181.99866012276834,183.29293183298273,180.45737445863486,183.0261688232422,5513200
CRM,2023-03-21,183.6387432320618,187.0078119541634,182.67051173420978,186.41500854492188,6982000
CRM,2023-03-22,187.7191517156955,189.14186769869187,184.17225136195188,184.2710418701172,6575600
CRM,2023-03-23,185.15036736397437,188.27243704362567,183.35222323116312,185.1898956298828,8685000
CRM,2023-03-24,184.26116546609876,188.03531560899197,183.85608368258326,187.77842712402344,6102700
CRM,2023-03-27,186.6521439958956,189.8038526599416,186.6422694662154,188.96405029296875,7776500
CRM,2023-03-28,188.8849813672222,190.51518306452067,188.8849813672222,189.99154663085938,4899000
CRM,2023-03-29,190.82147993406545,195.0599746547553,190.5646064913506,194.2794647216797,8085200
CRM,2023-03-30,195.39588217197448,195.79107435773838,193.14325354676606,194.23992919921875,6932500
CRM,2023-03-31,195.1192714380671,197.59913515706592,194.62527360017444,197.38177490234375,6634300
CRM,2023-04-03,195.84049962150078,196.54196809306376,193.18278890177635,194.1312713623047,5340800
CRM,2023-04-04,195.7713106454207,196.31471120872254,194.2596786719909,194.8327178955078,4659100
CRM,2023-04-05,195.62313423390736,195.9096463325947,191.40438868354886,192.96542358398438,3953700
CRM,2023-04-06,191.67114651393138,191.7403134422684,187.32397190159395,190.23855590820312,6304700
CRM,2023-04-10,188.30206390109555,190.23854176757746,187.0077921726294,189.19126892089844,5263800
CRM,2023-04-11,186.79043973734773,188.17364257838656,185.0614474927612,186.6224822998047,4907700
CRM,2023-04-12,188.0155447069243,189.58645391741555,187.2547839586755,188.03530883789062,5033400
CRM,2023-04-13,188.16376630363797,192.04659700157126,188.16376630363797,191.69091796875,4716400
CRM,2023-04-14,189.5469786283929,192.82711647072838,188.89489785666228,192.3133544921875,5073800
CRM,2023-04-17,192.81722264270186,195.14889283425873,192.68877839201772,194.71417236328125,5413500
CRM,2023-04-18,196.69015041814873,197.7176591282246,194.6943952416302,196.1171112060547,4679000
CRM,2023-04-19,193.94353044492922,196.68028235321606,193.38036574233212,196.53207397460938,3665100
CRM,2023-04-20,194.81296720787765,197.67816352319437,194.45730326075207,195.13900756835938,3620000
CRM,2023-04-21,194.66477113646576,196.72967831462222,194.11149601462637,196.64076232910156,4860100
CRM,2023-04-24,196.06773205121343,196.3838978928068,191.73043178781725,192.58010864257812,4449700
CRM,2023-04-25,191.64150726142864,191.7897005708135,188.34160558378358,188.38111877441406,5010000
CRM,2023-04-26,190.3076721423386,192.03666411976272,188.2822936007041,189.22088623046875,4007600
CRM,2023-04-27,191.83908855482267,195.1389899776979,190.94989861593086,193.5878448486328,4794400
CRM,2023-04-28,193.79534167738862,196.26533081462588,192.92591575250086,195.9886932373047,4094600
CRM,2023-05-01,195.38602600762752,196.66054891473377,194.75370935681778,195.41566467285156,2882900
CRM,2023-05-02,195.64287534060722,196.02819298693407,190.61396673134738,191.51304626464844,6051000
CRM,2023-05-03,191.87865070595603,193.43967063870605,190.24844876258865,190.2978515625,3779900
CRM,2023-05-04,189.59633844368963,192.22441020306024,188.4700241290473,190.07058715820312,4386500
CRM,2023-05-05,191.6217446942821,195.73181003179656,190.93015078547356,195.21804809570312,4284400
CRM,2023-05-08,196.33445549113205,198.0930861722983,193.72614812660115,195.5242919921875,4169400
CRM,2023-05-09,194.4177639463278,201.35349695787363,194.4177639463278,198.7649383544922,6996800
CRM,2023-05-10,202.47981564184445,203.80372609478013,200.6026150031474,202.39089965820312,6535600
CRM,2023-05-11,200.47417547994192,201.3534908936587,196.16651439040888,201.02745056152344,5366300
CRM,2023-05-12,200.98793818863803,201.51158972755198,197.72756476074565,199.38739013671875,4733600
CRM,2023-05-15,201.30410123571951,202.9342879271365,200.0493426166605,200.88914489746094,4518200
CRM,2023-05-16,199.50593696021753,203.20104579602125,199.3281049950306,202.1043701171875,4423200
CRM,2023-05-17,204.02108406340565,206.97519622839778,202.34149461892696,206.86651611328125,5772200
CRM,2023-05-18,206.9850810864555,211.31250669899973,206.81712364118727,210.7592315673828,5165500
CRM,2023-05-19,210.40352636208826,210.68016389347366,207.4098861552841,207.83473205566406,6091600
CRM,2023-05-22,206.65905026348622,210.26524346559444,206.53060600356923,207.7359619140625,3890800
CRM,2023-05-23,205.24620975100328,207.12339534593815,203.99145112773576,204.15940856933594,4256800
CRM,2023-05-24,203.5666181628375,207.68657331153844,202.95406568081495,206.5503692626953,4894000
CRM,2023-05-25,209.47485404011897,209.7811302972205,205.9378275996335,207.3901824951172,6496700
CRM,2023-05-26,210.2454823085277,213.55525876895086,209.99848339018487,212.85379028320312,6933300
CRM,2023-05-30,216.6378067860883,219.47334943013234,213.1402938010338,216.2425994873047,10421000
CRM,2023-05-31,216.91444595594243,222.2990191832579,214.4543313830922,220.69847106933594,19624000
CRM,2023-06-01,205.72042652563448,212.77471387180708,203.58635260352804,210.34423828125,20907400
CRM,2023-06-02,210.34427302330263,213.5453844351821,207.9039225017893,210.47271728515625,11026900
CRM,2023-06-05,207.94343720235133,209.77123511074288,204.57436855475785,207.34075927734375,7804400
CRM,2023-06-06,206.04649187000666,210.8382616352152,205.8686448170974,210.2948760986328,6796000
CRM,2023-06-07,212.30048303182278,214.0591138585806,202.32172220868287,203.26031494140625,9323900
CRM,2023-06-08,202.91454886582707,207.85452705361627,202.39091238397077,207.0147247314453,5548600
CRM,2023-06-09,208.1608067007462,216.03513326718536,208.1608067007462,212.725341796875,7676700
CRM,2023-06-12,213.555247158968,217.74435401354268,209.5933901513589,211.12478637695312,11568300
CRM,2023-06-13,212.91304892268113,213.63428147976174,205.42404056681403,206.4713134765625,11698900
CRM,2023-06-14,205.20665644090343,209.1685279305036,202.5588358132497,206.88624572753906,8963400
CRM,2023-06-15,205.45370861046516,210.7691304509923,204.88066927918445,209.3760528564453,7905400
CRM,2023-06-16,210.97655684609646,211.08523695639244,208.0718626789055,209.21792602539062,13672700
CRM,2023-06-20,206.14525708523058,214.4444284127468,206.10574389811006,214.36538696289062,9522900
CRM,2023-06-21,213.92082283603673,215.18545606480643,205.5722625900499,207.07400512695312,7971600
CRM,2023-06-22,207.1135311498482,211.39155408657604,206.58000506109775,210.72958374023438,5689800
CRM,2023-06-23,207.97305969194227,208.46705745843144,205.5722377831003,207.56797790527344,14037600
CRM,2023-06-26,206.5108496703765,209.20807350430056,204.86089878640598,204.8707733154297,4771500
CRM,2023-06-27,205.6414028357781,207.95330891325233,205.02885039019512,206.31324768066406,4014800
CRM,2023-06-28,205.9081434870976,209.65263975725455,205.10786955308083,209.6230010986328,4775900
CRM,2023-06-29,209.3562548375533,210.09725151358376,207.2024317355205,207.90390014648438,3838300
CRM,2023-06-30,209.31675666065792,211.28287340929367,208.42756661589354,208.7239532470703,5984200
CRM,2023-07-03,208.04224617906277,209.4155594960193,207.4000399768669,209.10926818847656,2400000
CRM,2023-07-05,207.96317753254024,212.04358868258998,207.56797028848194,211.25320434570312,5069300
CRM,2023-07-06,208.66465874318106,209.94905598314227,205.3351185383749,207.6173858642578,4250900
CRM,2023-07-07,207.2518521836705,209.563758391676,206.76772888686912,207.07400512695312,3022200
CRM,2023-07-10,206.491079763867,210.3146178998906,205.81924999423256,210.25534057617188,3820100
CRM,2023-07-11,219.39433024854694,219.6808574537123,214.63219865066998,218.5150146484375,10028100
CRM,2023-07-12,219.23621466147185,225.3519097553268,218.9497025745961,224.5516357421875,8923500
CRM,2023-07-13,225.51988179669948,228.18748211402578,224.86781612472063,227.60455322265625,5800300
CRM,2023-07-14,226.94257990468097,229.41256883502277,225.41118375274584,226.5770263671875,4278700
CRM,2023-07-17,226.48812047956235,227.51562928711473,225.07527890910902,225.26300048828125,3557900
CRM,2023-07-18,224.3244064154542,226.86354729552951,222.76337154153757,224.89744567871094,5092700
CRM,2023-07-19,231.1712008826865,235.36030755634116,228.45421304596707,231.5565185546875,8516300
CRM,2023-07-20,228.32577558722372,230.69695885570854,224.59115364777156,225.4210662841797,5303000
CRM,2023-07-21,227.23899481739096,228.03926886530135,224.56152002779288,225.32228088378906,3529700
CRM,2023-07-24,224.5318795301925,224.85791989438377,220.8565346119123,222.9510955810547,5363200
CRM,2023-07-25,223.16844182814128,224.7887539428715,222.48672247991416,223.31663513183594,3203700
CRM,2023-07-26,221.76550477712814,224.77887937500927,220.4415791812259,222.87205505371094,4856700
CRM,2023-07-27,225.30251128725018,227.37730808943635,221.32089020238695,222.44720458984375,4299600
CRM,2023-07-28,223.2870073984834,224.5812792328096,221.29125204923582,222.89181518554688,4238700
CRM,2023-07-31,219.68081176024336,222.67443700511336,219.0880084129835,222.30886840820312,5571900
CRM,2023-08-01,221.2023309013904,222.1112850304292,218.96946630672662,221.57777404785156,4212600
CRM,2023-08-02,219.31525659409104,220.1748230078188,216.1734378578103,217.85302734375,5127000
CRM,2023-08-03,213.60465241627224,215.59053328306257,212.02386845197435,212.9723358154297,5515200
CRM,2023-08-04,213.8121209321344,214.64203357730045,210.5122194080581,212.0139617919922,4800400
CRM,2023-08-07,212.72534236902243,214.2863773152205,211.7966240399005,213.46633911132812,3615200
CRM,2023-08-08,210.98645253552564,211.61876908395527,208.60537964393293,209.04010009765625,4843800
CRM,2023-08-09,209.1092509980731,209.11914060191376,202.45017067542588,203.38876342773438,7847500
CRM,2023-08-10,205.6809093681391,207.81498340547023,203.96180673441341,205.7500762939453,4004700
CRM,2023-08-11,203.6555308652914,206.98507109886606,203.03308883444856,206.19467163085938,2930800
CRM,2023-08-14,205.40427797233116,209.55387152782583,204.63364261502304,209.51434326171875,3304700
CRM,2023-08-15,207.80510829390582,209.82061260642982,205.34499391814023,206.27371215820312,4076400
CRM,2023-08-16,205.50307332010496,207.17278820292933,204.46567498293325,204.5052032470703,2759600
CRM,2023-08-17,204.09027495079724,204.44593892317314,200.94844084758432,201.39303588867188,4062700
CRM,2023-08-18,198.5574908980048,203.03311007462227,197.7967300113455,202.37115478515625,4267200
CRM,2023-08-21,203.52711097679463,206.90605440820903,201.76847986469505,206.52073669433594,4023300
CRM,2023-08-22,207.33088728954408,207.58776072402046,203.52709811491664,204.27796936035156,3153200
CRM,2023-08-23,205.50309743268855,208.4572098855057,204.65342056143257,206.61953735351562,3833200
CRM,2023-08-24,208.47696017490296,209.44520678258235,202.97383215145052,203.04298400878906,3960300
CRM,2023-08-25,203.04296006563936,208.2595753639077,203.01332140518682,206.95542907714844,3068800
CRM,2023-08-28,207.9236776062867,210.91730316328258,207.12340355697725,209.17843627929688,4086900
CRM,2023-08-29,204.2680940573728,209.90955567041487,204.04085928636556,209.41555786132812,5850400
CRM,2023-08-30,209.22780749759696,213.0019424004785,206.91588661166102,212.4585418701172,9946000
CRM,2023-08-31,225.2629983057963,226.04350820174247,218.54462516576328,218.801513671875,19268400
CRM,2023-09-01,220.81701906367115,221.28137820690137,217.87279636399487,218.87066650390625,5600900
CRM,2023-09-05,216.69707487626846,217.67519593900084,214.99772125296855,216.06475830078125,5807300
CRM,2023-09-06,216.83536474212795,219.54247772887368,216.3907698003946,218.9595489501953,5066700
CRM,2023-09-07,217.13181050030894,220.0562692126533,216.6773258632679,219.85867309570312,4201900
CRM,2023-09-08,220.63917346117287,222.7633578634158,220.18468887490428,222.06187438964844,4578900
CRM,2023-09-11,223.29686424141264,224.10702781206612,220.11551742971318,222.6052703857422,4418000
CRM,2023-09-12,220.76760515286531,222.09151558683254,218.60389246156385,218.9990997314453,4002300
CRM,2023-09-13,218.52485057627055,219.19669539593505,215.67943361681947,216.17343139648438,4173600
CRM,2023-09-14,216.78598783129766,217.92219179092504,215.71895079839908,216.15367126464844,4297200
CRM,2023-09-15,216.24259302853753,216.55875885812114,210.89754826823616,212.0337371826172,9939000
CRM,2023-09-18,211.98431642420243,213.78247550745,211.60887330229028,212.41903686523438,4279400
CRM,2023-09-19,211.8163848607325,213.46633577204875,209.7119493213067,213.11065673828125,4001500
CRM,2023-09-20,212.616666089263,214.5728933031583,210.3640371579611,210.47271728515625,2990900
CRM,2023-09-21,207.2814604741444,209.34636746652757,205.572232467461,206.10574340820312,4957300
CRM,2023-09-22,206.7973671109471,207.20244894563743,203.4085492673903,203.95193481445312,3848300
CRM,2023-09-25,202.53909611824506,204.05072816615143,201.4226562764204,203.86300659179688,4067300
CRM,2023-09-26,203.0034572881449,203.9618142269028,198.86375330898548,200.05923461914062,5404500
CRM,2023-09-27,200.5532294431549,201.4819326305411,198.52783547659234,200.2963409423828,4123800
CRM,2023-09-28,198.3499848130103,202.6872847536927,197.15451861802373,200.7606964111328,4344000
CRM,2023-09-29,202.6181263911653,205.29558585216307,199.67390391419724,200.34573364257812,4405100
CRM,2023-10-02,198.38951662972133,202.64777519211935,198.11287907176623,201.26458740234375,3745700
CRM,2023-10-03,200.31612850094825,201.12629221256316,195.05010960230538,197.43118286132812,4622400
CRM,2023-10-04,198.4685797030012,200.30625229564447,197.11501535170072,199.44668579101562,3656400
CRM,2023-10-05,199.5751016679826,199.7232949706581,196.10724270483487,199.58497619628906,3592600
CRM,2023-10-06,198.07335859413863,205.76985295194334,197.49044479378588,204.8707733154297,4989200
CRM,2023-10-09,202.43040571506538,205.77970999475014,202.23280962206405,204.73243713378906,2781100
CRM,2023-10-10,205.14741667882214,206.70845161882144,203.78397785419622,204.39654541015625,4503500
CRM,2023-10-11,204.74232566269828,206.68867821686914,201.95618588694137,204.3668975830078,3971000
CRM,2023-10-12,205.33515260535333,206.07614939646726,200.82989452747952,203.21095275878906,3548500
CRM,2023-10-13,202.6477645844059,204.6533943124028,200.77057910002762,202.13400268554688,3677500
CRM,2023-10-16,203.369007603827,206.97520053454556,202.57860812068208,206.02671813964844,3623200
CRM,2023-10-17,204.0112228341383,209.39579599639734,203.52709954876624,207.3209991455078,4006100
CRM,2023-10-18,206.37254026160443,207.11353701370157,201.7388381597247,202.37115478515625,3380800
CRM,2023-10-19,203.97168241739226,208.41766248252338,203.06272830203937,205.81924438476562,4995900
CRM,2023-10-20,204.87076100123463,205.61175767512862,199.6936588124069,201.28433227539062,5539100
CRM,2023-10-23,197.50032214702586,201.12627940761885,195.47494314817277,199.5751190185547,4564100
CRM,2023-10-24,201.284355084529,202.18343476888344,198.51796417338642,201.7684783935547,3959600
CRM,2023-10-25,200.76072039984706,201.29424651268556,193.08398969769812,194.69442749023438,4490000
CRM,2023-10-26,195.05008755261494,197.26320310125402,191.3549786190983,193.89413452148438,5149100
CRM,2023-10-27,194.9315291765284,195.9293992760325,193.06421815033326,194.21029663085938,3168600
CRM,2023-10-30,196.61113612084637,198.17217107098043,194.7141862648349,196.87789916992188,3438300
CRM,2023-10-31,198.01407711980966,199.48619599680725,196.27521028420935,198.41915893554688,3425400
CRM,2023-11-01,198.50807641565936,202.03522798433787,198.08324553909134,201.46218872070312,3593600
CRM,2023-11-02,203.83336035855325,205.75994867396557,203.47768135604517,205.61175537109375,4963600
CRM,2023-11-03,206.8763807362274,207.65689056151734,204.71266814153685,204.97943115234375,3861900
CRM,2023-11-06,205.71056339148674,205.97731133981316,202.2328147786476,204.93003845214844,3729700
CRM,2023-11-07,206.98509084324257,210.77899056083692,206.45157981992546,209.2969970703125,5467100
CRM,2023-11-08,209.87000446270912,209.96881004397284,207.1332526783468,208.93141174316406,3433500
CRM,2023-11-09,211.0062141545191,211.01608868267132,206.56023423630958,207.4889373779297,4731400
CRM,2023-11-10,206.88625875998636,211.69780726130188,206.33298367312338,211.06549072265625,4112600
CRM,2023-11-13,210.01821923905408,213.54535547862494,209.2179301878895,212.6956787109375,3306600
CRM,2023-11-14,216.37106364208088,218.59405402196526,215.3336651163445,218.52488708496094,4743800
CRM,2023-11-15,218.1000161058043,218.71256851823517,215.04711349624225,216.78598022460938,4800700
CRM,2023-11-16,217.35903534960886,220.09578742495617,216.3117624095685,218.7916259765625,3712300
CRM,2023-11-17,218.51500454909947,220.1155527397783,217.73449458869695,218.5644073486328,3634900
CRM,2023-11-20,218.77184883848219,223.38580135385763,217.97157484981943,222.4274444580078,4599300
CRM,2023-11-21,221.31100093898144,223.25735335864584,220.85651635735377,221.62716674804688,3852300
CRM,2023-11-22,221.60742346716367,222.98073679382395,220.53051184548684,221.15293884277344,3893600
CRM,2023-11-24,221.66668301131006,221.7951272574766,219.45356754399853,221.6864471435547,1869100
CRM,2023-11-27,222.79300571951754,223.50436375092406,221.55801123105013,222.09152221679688,4885500
CRM,2023-11-28,220.92569886664202,222.82264862800827,219.56226010119076,222.219970703125,5535300
CRM,2023-11-29,225.8656753150618,228.720982003572,224.53187522129545,227.5847930908203,12327400
CRM,2023-11-30,246.06032007083977,249.46890205407897,240.72513450629307,248.8760986328125,24425700
CRM,2023-12-01,246.9989483173077,260.26772458461613,246.70254656420306,256.87890625,14538200
CRM,2023-12-04,249.76528035240668,252.0574222101691,246.85069646822217,247.65097045898438,11429200
CRM,2023-12-05,246.98903379457607,248.64885922221512,245.6552336593814,248.0066680908203,5771500
CRM,2023-12-06,248.50065209098116,250.9311127714086,245.86270570582644,246.13934326171875,5374800
CRM,2023-12-07,245.7639110823138,247.7201381935752,243.926238621548,245.8627166748047,6568200
CRM,2023-12-08,245.56629928154123,249.06379692822648,245.02289870879775,247.79916381835938,4605800
CRM,2023-12-11,246.99890313459463,250.4766519119024,246.71239104022982,249.07369995117188,4766000
CRM,2023-12-12,248.77728678776919,253.4998893164028,248.00665145155213,253.37147521972656,5827600
CRM,2023-12-13,254.4187549000364,256.00941333278877,252.0969592253436,254.2310333251953,6567600
CRM,2023-12-14,253.4208917395376,255.66363107709583,250.1802671174947,254.1223602294922,6613200
CRM,2023-12-15,251.94875328081594,259.1611241974673,251.45475547934143,258.45965576171875,13739500
CRM,2023-12-18,256.70101825858427,262.4017418880087,256.56268440510166,260.4257507324219,7498500
CRM,2023-12-19,262.2831878766766,263.3798484980859,260.57394466851997,261.166748046875,4665500
CRM,2023-12-20,258.5189012212072,261.73977613821626,256.9578514762695,257.1258239746094,4510500
CRM,2023-12-21,261.5718202225174,265.1384696630644,261.0679328467826,264.04180908203125,5160700
CRM,2023-12-22,264.0516998838574,264.93100024319347,262.1152069003263,263.1427307128906,3110600
CRM,2023-12-26,262.34248103587726,263.33047667569923,261.44340138549114,263.0242004394531,3218800
CRM,2023-12-27,262.74755311215966,263.80471564381946,262.2140270441168,263.5181884765625,3387000
CRM,2023-12-28,263.3008455017366,263.715816948808,262.11523863973383,262.3918762207031,2958700
CRM,2023-12-29,261.8286868249943,262.460988241533,259.4970018578879,259.98114013671875,3706600
CRM,2024-01-02,257.41239276436755,257.4321418227445,250.7236580532121,253.05532836914062,4741400
CRM,2024-01-03,250.45689461704762,251.10897535727563,248.7476663818595,248.8168182373047,5097100
CRM,2024-01-04,248.8069433493408,249.60721740409517,246.84082660231905,248.22402954101562,4489800
CRM,2024-01-05,248.1943692895836,250.86195426527308,247.16684547299982,248.10543823242188,3676000
CRM,2024-01-08,249.18237301547987,258.4201226857584,248.3722093998438,257.7384033203125,6626000
CRM,2024-01-09,256.3848505574006,260.7616636986359,255.67349254055628,258.2027587890625,4571800
CRM,2024-01-10,260.1095976336781,263.2613060930937,259.59585076254086,260.95928955078125,5128300
CRM,2024-01-11,264.7828234325696,269.6832732149465,261.9176421943295,268.12225341796875,9012600
CRM,2024-01-12,267.9740401119501,271.93588170889035,267.80606760427077,268.6656188964844,4847600
CRM,2024-01-16,266.46247514498486,268.31002243783524,264.5062326371935,265.9585876464844,5858700
CRM,2024-01-17,265.0693083919985,268.63595750291273,260.9592436914754,268.1814880371094,4706500
CRM,2024-01-18,269.72281796696615,272.3805287319263,268.87315616317954,271.165283203125,4752400
CRM,2024-01-19,273.19067327641386,278.6147594774202,272.22242673300593,277.5082092285156,7413600
CRM,2024-01-22,280.38327523762905,282.2900994785344,276.80673604759414,276.9351501464844,6735900
CRM,2024-01-23,277.4588001380367,278.32824111861356,272.40026732511757,273.4475402832031,6573800
CRM,2024-01-24,276.6190056216619,277.58722196624774,273.3684918118475,273.55621337890625,7037800
CRM,2024-01-25,275.26547896163714,276.49061418347077,273.5364864146722,275.6804504394531,4178000
CRM,2024-01-26,275.9274480045423,279.938708281483,275.3445341383229,276.57952880859375,4877400
CRM,2024-01-29,278.0219753627863,284.6909461318089,277.62678312523934,284.4044189453125,5762300
CRM,2024-01-30,284.17719538070816,285.81727178793886,283.08050452382423,284.2760009765625,4810900
CRM,2024-01-31,280.64012613336047,282.2011759993784,277.44891977844605,277.7156677246094,4557300
CRM,2024-02-01,278.62460677548233,281.62809123753635,277.9823856113714,280.3930969238281,3218300
CRM,2024-02-02,281.7763958824395,284.7008548177683,279.76087613926296,282.2308654785156,3629600
CRM,2024-02-05,282.81374036256295,285.58011598072545,277.982427408319,284.6513977050781,5274800
CRM,2024-02-06,284.48345961835486,285.17506860891825,278.5258472696576,282.3987731933594,4207200
CRM,2024-02-07,283.9005463268369,286.32111749562927,281.7763617823918,285.3726501464844,3621400
CRM,2024-02-08,285.82716065613266,289.59142208105527,285.5110249285938,288.44537353515625,4488400
CRM,2024-02-09,289.7297040287186,291.6958055858388,287.5561016907723,287.8031005859375,4376300
CRM,2024-02-12,287.3289262266379,287.5067582222311,283.55477529134134,283.8709411621094,3750000
CRM,2024-02-13,277.0437953917629,280.02753066319514,273.1017033705406,277.77490234375,4956600
CRM,2024-02-14,281.57874880987777,285.9852007875046,281.22308486292036,285.6789245605469,3850700
CRM,2024-02-15,287.84262144130577,288.4947021259025,284.5526095089461,288.4354248046875,3986500
CRM,2024-02-16,288.4947247840506,288.56389171464434,284.42418760102106,286.2420959472656,4159400
CRM,2024-02-20,286.0247085384426,287.35850854632923,280.7389263745844,282.9520568847656,4295500
CRM,2024-02-21,276.7079130447631,280.1658973712873,275.01841899348955,280.1461181640625,3797200
CRM,2024-02-22,288.4947217007785,291.0931550115274,287.901918297174,290.1249084472656,5264300
CRM,2024-02-23,294.4226843171118,294.4226843171118,287.58574160266886,289.28509521484375,4416800
CRM,2024-02-26,292.0416298996784,300.1827043887268,291.4587160856552,296.7840270996094,8719300
CRM,2024-02-27,297.959711264169,298.1276837891848,293.03951228334444,295.9046936035156,6178800
CRM,2024-02-28,295.98369566841933,297.26810798312334,293.0493476583884,296.1714172363281,12490800
CRM,2024-02-29,296.3986946279696,306.8121772082445,291.25124574027615,305.1128234863281,21737800
CRM,2024-03-01,303.31464847579684,314.88406848182814,302.939205324496,313.0760498046875,9450200
CRM,2024-03-04,310.79380914013393,313.83682257627595,309.7761747930125,310.86297607421875,9350000
CRM,2024-03-05,307.5729190665558,308.79802400694234,292.58504215139726,295.1636962890625,9015300
CRM,2024-03-06,300.9928540396655,302.2179890886607,299.1057788221952,300.1234130859375,8270000
CRM,2024-03-07,302.32665331207335,303.087399068905,298.1276720160723,298.7896423339844,6788900
CRM,2024-03-08,298.5722822302302,305.1621959942232,298.5722822302302,301.61529541015625,4851600
CRM,2024-03-11,299.0069791583673,303.91728795601017,296.6456553889256,302.3266296386719,4895500
CRM,2024-03-12,303.0281860241597,305.3302331429738,300.2222815457844,302.93927001953125,4832000
CRM,2024-03-13,301.7322892771597,304.43305145636157,299.86252387833866,301.41571044921875,5548800
CRM,2024-03-14,301.73224478051026,306.1741294771022,298.76438663512823,300.07025146484375,4828800
CRM,2024-03-15,295.75694334299516,296.835261493797,290.622546427401,291.1765441894531,11885100
CRM,2024-03-18,296.4099260649757,297.74546847152914,292.8484897110396,297.2904052734375,5240500
CRM,2024-03-19,294.98538190625186,298.5369161030019,293.4420976923611,298.2203674316406,3329900
CRM,2024-03-20,298.7347682443716,303.73065169925434,297.46848305994746,302.80072021484375,4946600
CRM,2024-03-21,304.6407771771472,308.45940719620796,303.0678158332374,305.0859680175781,6083900
CRM,2024-03-22,306.0060069004833,306.90626094261853,303.3645995293291,304.47259521484375,3779000
CRM,2024-03-25,300.4462437844966,304.4132610854645,299.2986681208531,302.78094482421875,4141200
CRM,2024-03-26,304.1857215725864,304.680364656208,301.6234740223004,302.5533752441406,3893900
CRM,2024-03-27,304.1461336110629,305.98619134186765,295.4305251239082,298.15106201171875,3859900
CRM,2024-03-28,296.78586605865235,299.55585539895196,296.4198349876791,297.9532165527344,4892300
CRM,2024-04-01,298.45776707996214,300.2582752759903,296.77596840180485,299.02166748046875,2918100
CRM,2024-04-02,294.3126808969598,301.19810524709084,291.73065808714415,300.7430419921875,4746100
CRM,2024-04-03,300.7331024881509,303.86915302822507,299.8526534686546,301.4750671386719,3047400
CRM,2024-04-04,304.9573313167106,307.9647392097586,288.97046492229225,290.9886169433594,8351000
CRM,2024-04-05,290.3950642944449,300.1692162657415,290.1576150893402,298.6753845214844,4918200
CRM,2024-04-08,297.8740289077459,300.24830933553847,296.31094007760805,298.4972839355469,3142900
CRM,2024-04-09,300.0702659967041,302.3258370888031,296.0438643387303,299.13043212890625,2997700
CRM,2024-04-10,295.2524642179776,297.6960022216823,294.9556602579294,296.409912109375,3036400
CRM,2024-04-11,296.2615862038509,297.8642252698813,293.2343723700994,295.94500732421875,3468600
CRM,2024-04-12,293.68941600950535,294.6589274420905,290.3555260435255,291.166748046875,3820000
CRM,2024-04-15,279.9086381296287,283.410719709562,268.7494910695705,269.9761962890625,18365100
CRM,2024-04-16,271.83606911272454,277.5541423153611,269.5211429570502,274.4378967285156,7624300
CRM,2024-04-17,274.7643275414444,275.98116038298747,271.89540372471413,273.35955810546875,4199400
CRM,2024-04-18,273.35953605041414,273.36940838156613,266.85991927858566,269.0066833496094,5918200
CRM,2024-04-19,269.5706097272183,270.2235422971964,265.8509138309181,267.47332763671875,4913600
CRM,2024-04-22,276.3966367291025,276.7033129812848,266.6719382067117,270.87640380859375,6747200
CRM,2024-04-23,272.00425244023484,273.73550328815986,267.5128846442447,273.7156982421875,6285200
CRM,2024-04-24,275.02156263169604,275.95149407167145,271.17322483574833,273.23095703125,3938800
CRM,2024-04-25,268.69014432696764,270.6489117274008,266.39499304281645,270.2136535644531,4811900
CRM,2024-04-26,272.0537336996763,273.9333716398406,270.53022433758395,271.3513488769531,3754600
CRM,2024-04-29,271.9448670621704,274.31914763385345,270.29274601230946,272.7857360839844,3576400
CRM,2024-04-30,271.56895546557405,271.66785992981664,265.48482138375783,266.0586242675781,5218000
CRM,2024-05-01,266.13776097451904,271.06441708802635,263.6942228683271,265.8113098144531,3761000
CRM,2024-05-02,267.5326788034801,270.1542813813765,265.0693656516896,269.2144775390625,3859900
CRM,2024-05-03,273.8542057924443,274.6951050780381,270.42138156279435,270.7280578613281,4041600
CRM,2024-05-06,273.211194459057,274.1609007970372,271.1237847914382,272.6769714355469,3744800
CRM,2024-05-07,272.6373961391329,275.8921563803691,271.1336918960387,274.2103576660156,3507700
CRM,2024-05-08,272.7758930478209,276.9407794697765,272.7758930478209,275.9811706542969,3283300
CRM,2024-05-09,269.25400456522846,272.39992704088553,268.16578384360065,272.22186279296875,4709700
CRM,2024-05-10,273.14194065415825,276.6440224452385,272.0240423571029,273.7058410644531,2912300
CRM,2024-05-13,274.17078850338964,274.8236908194147,272.2416683614599,274.54669189453125,2998700
CRM,2024-05-14,273.9927315732315,275.87236954886544,272.09331873976106,273.8344421386719,3056800
CRM,2024-05-15,276.7429004320802,284.71654445763374,276.73302810011114,284.4593505859375,5828500
CRM,2024-05-16,286.3192733044097,286.9128209714542,281.53110072567523,281.6300354003906,3559200
CRM,2024-05-17,283.96468985714904,284.2614636101291,281.21447571394276,282.54998779296875,3478900
CRM,2024-05-20,282.9358109264557,284.6373841438478,282.05533184851134,283.9943542480469,2799300
CRM,2024-05-21,283.71741531432224,284.14280116090634,280.25491339998314,280.7198791503906,3492100
CRM,2024-05-22,280.3736248470743,284.0141910676993,279.79982190486544,280.77923583984375,3309200
CRM,2024-05-23,283.608576785551,283.9251556333999,274.48735629242117,275.5854797363281,5456600
CRM,2024-05-24,268.0273271639763,272.0141497029693,265.6530461073405,269.3727722167969,8325100
CRM,2024-05-28,270.1740412814433,270.30265330557654,264.2976794031939,266.9390563964844,9294100
CRM,2024-05-29,265.12874908263007,269.9465689089675,264.90120234725526,268.7099609375,13397900
CRM,2024-05-30,221.00650680040437,222.67840271026915,209.72865139555876,215.67425537109375,66763300
CRM,2024-05-31,216.7624800457119,232.10630216899244,213.74515439282348,231.92823791503906,36807400
CRM,2024-06-03,232.1063123379672,238.40807539607323,227.74357187658148,234.0848846435547,19962700
CRM,2024-06-04,233.19456733754419,238.012386777589,229.7122753424144,232.34378051757812,11197500
CRM,2024-06-05,233.1154007494996,234.38168588431347,229.06922379380043,233.99586486816406,10772100
CRM,2024-06-06,237.30996951013498,244.1063606165592,236.88456861066504,240.1591033935547,11693800
CRM,2024-06-07,239.73374906772602,241.31659807850494,237.71559657769603,239.25889587402344,6883800
CRM,2024-06-10,239.19952558632474,241.02971126224338,237.85409562716083,239.24899291992188,7656900
CRM,2024-06-11,238.57627316276992,241.13852090043758,233.72876153158535,238.40809631347656,7264400
CRM,2024-06-12,237.98266280336395,239.60509141038688,232.3734124041693,233.27366638183594,10260100
CRM,2024-06-13,232.99670622825792,233.12530317837633,226.2102018212408,226.57623291015625,13566700
CRM,2024-06-14,226.89278483963028,232.72956709419873,226.74438285974952,229.4550323486328,8833700
CRM,2024-06-17,227.81282692966752,229.35611099997547,225.32972398016534,228.01068115234375,10563700
CRM,2024-06-18,228.0106788188837,229.80128442303925,226.77407107067577,229.32643127441406,7119800
CRM,2024-06-20,230.35531764272352,241.15832207016203,230.35531764272352,239.2094268798828,14809600
CRM,2024-06-21,237.99259329109842,242.74115507284486,237.6166596968414,242.43447875976562,15719600
CRM,2024-06-24,240.58450375161763,241.79143407487362,237.24071169912395,237.36932373046875,7545700
CRM,2024-06-25,239.1896355333386,240.49550066848332,237.30009511595978,239.1698455810547,6037800
CRM,2024-06-26,238.8829435383746,241.00001543461522,237.32975693511042,240.54493713378906,4524700
CRM,2024-06-27,242.37511901975878,255.82941737897937,241.83100859065252,250.14102172851562,12869000
CRM,2024-06-28,250.78405312361232,257.3924777313775,250.46747429206667,254.34548950195312,12619300
CRM,2024-07-01,255.38422926073724,256.6999968277493,251.803018008409,253.4650115966797,5871700
CRM,2024-07-02,252.31743534113028,254.96873007021694,251.338036619233,253.44522094726562,5130600
CRM,2024-07-03,254.22676857227853,258.4213322347438,254.1871886724578,258.15423583984375,4755700
CRM,2024-07-05,259.905273532858,262.96216428987475,258.5202788810636,260.3702392578125,6562100
CRM,2024-07-08,258.5796575820262,260.02400712473906,254.43454557526636,254.61260986328125,6539300
CRM,2024-07-09,253.74065448030325,254.6423098674916,248.78652393813414,250.11422729492188,7014900
CRM,2024-07-10,248.89550323591263,252.46248309925832,243.8522022192758,250.2727508544922,8947700
CRM,2024-07-11,250.2826718756605,253.0767935373784,248.6180762126491,248.8162384033203,5341800
CRM,2024-07-12,249.31168905037885,252.94801946953103,247.3994016996467,251.64013671875,4705500
CRM,2024-07-15,253.6713130247079,254.0379441185745,249.8070968893939,250.54031372070312,4404300
CRM,2024-07-16,251.45185458179682,254.42433297794273,250.35203697047058,253.68121337890625,4780400
CRM,2024-07-17,251.6698396995035,253.2254439971932,247.3201135472447,248.91534423828125,5625300
CRM,2024-07-18,249.8269069696154,250.13406065970457,243.46580484706163,245.0808563232422,6351600
CRM,2024-07-19,246.3689081217135,246.70580049202889,242.92083746533956,245.3582763671875,4468900
CRM,2024-07-22,246.46797981453437,253.23532354691474,245.7248602774051,251.74908447265625,5647600
CRM,2024-07-23,254.23607414161268,254.96927580487193,251.4221315490454,253.7109375,3905500
CRM,2024-07-24,251.30324265435354,253.56232507936082,246.61662405335565,247.48855590820312,5204100
CRM,2024-07-25,252.4030329741427,261.6573295174848,249.41073407516012,254.16668701171875,7155800
CRM,2024-07-26,255.80159785355485,262.0635960774059,254.71168305209508,260.2999267578125,6127300
CRM,2024-07-29,260.29994201778464,263.63902146712536,256.148377829032,256.2177429199219,5101400
CRM,2024-07-30,257.2382803516147,258.3579187396842,252.7795626744198,255.56378173828125,3944300
CRM,2024-07-31,253.8595755050403,259.4280139827402,253.00747947612146,256.4258117675781,4647700
CRM,2024-08-01,257.5156959556684,260.94394577667447,247.4489143241743,250.7384490966797,5527400
CRM,2024-08-02,245.5168208330332,245.72490099017952,238.90801180211076,241.73187255859375,6504500
CRM,2024-08-05,230.18873806168295,239.60158647182513,230.07974658060272,236.81735229492188,6899300
CRM,2024-08-06,238.87827687772065,241.61296677358075,235.84635122692572,236.23277282714844,5673900
CRM,2024-08-07,240.38432096152468,244.26835746307742,237.4613869874191,237.837890625,4035500
CRM,2024-08-08,241.0085475031773,247.14174840046056,240.85001169767943,246.8345947265625,4474300
CRM,2024-08-09,246.4184370050827,250.6294477414019,246.17073049118156,250.2133026123047,2975300
CRM,2024-08-12,250.2826754607024,251.7589966533348,246.73551625729607,249.00450134277344,3679700
CRM,2024-08-13,250.67901537781444,253.4335108590226,250.67901537781444,252.26434326171875,4031600
CRM,2024-08-14,253.04708739480688,255.3457961787807,251.53112460948267,252.9777374267578,4145200
CRM,2024-08-15,255.53405705682044,260.47830008792386,253.88928202561883,260.37921142578125,5167900
CRM,2024-08-16,259.3487459424135,261.1817803757758,257.29772854555483,260.49810791015625,3494900
CRM,2024-08-19,260.68635227770824,262.95535250732274,259.22983670500196,262.9454345703125,4501300
CRM,2024-08-20,262.51938155576465,263.06432380381614,258.63533002405535,259.4378967285156,5731300
CRM,2024-08-21,258.7047421573733,259.73520993280795,256.80234243638745,258.69482421875,4648200
CRM,2024-08-22,259.1010507847015,260.84491456927043,254.90984508149518,256.2177429199219,5111400
CRM,2024-08-23,259.5865243143035,263.1634223146865,258.308380396437,261.5780944824219,4711300
CRM,2024-08-26,261.5186406618094,264.84780181076894,260.82505030363654,262.8463439941406,3818300
CRM,2024-08-27,257.26796860879716,262.0338393193739,257.02026210518045,261.7762451171875,5276400
CRM,2024-08-28,259.4279850487505,262.7472585388257,254.99899116216827,256.5248718261719,10981900
CRM,2024-08-29,268.52380295409523,269.4551819484388,253.92892296783532,254.65223693847656,14301700
CRM,2024-08-30,255.07826916050746,256.7527676593531,248.69734676863004,250.5799102783203,10507700
CRM,2024-09-03,250.3024970990101,251.3626883362158,244.37736095707453,245.78433227539062,6190400
CRM,2024-09-04,244.2089152565855,247.1912964380765,242.9109354570622,245.40780639648438,4706500
CRM,2024-09-05,243.72340652897915,246.22029260272342,242.75240115761463,243.86212158203125,4083600
CRM,2024-09-06,245.46729161739626,247.70655341751967,239.22508344751313,241.73187255859375,6259400
CRM,2024-09-09,244.23863362681792,247.0723968773012,242.5245087072464,243.5054168701172,4588800
CRM,2024-09-10,244.86285115320266,245.0709161610621,241.077888314401,243.90174865722656,3544800
CRM,2024-09-11,242.56415992503705,247.72637108616632,239.78984353759208,247.28050231933594,4822200
CRM,2024-09-12,249.0837770413773,251.80854886415008,247.28048136953987,251.0456085205078,5219700
CRM,2024-09-13,250.22322815576874,254.47386566808734,250.1340574311791,252.234619140625,4998900
CRM,2024-09-16,252.23460171154915,255.44486852540857,252.23460171154915,254.55313110351562,5367000
CRM,2024-09-17,256.34653776159587,256.9905686990718,252.42285963148268,252.8489227294922,5423400
CRM,2024-09-18,254.04970679283613,254.16878774728167,249.04810985307088,250.50689697265625,4436700
CRM,2024-09-19,258.7337220820819,267.4865347282224,256.0840499858392,263.96356201171875,11022800
CRM,2024-09-20,263.98343537188396,268.26059758455585,259.32916331093486,264.76739501953125,11463200
CRM,2024-09-23,265.21396133908655,266.01778794784104,260.2421202304283,262.1971130371094,6034000
CRM,2024-09-24,267.77436159232593,270.38433051174104,264.2613519066179,268.3797302246094,7154500
CRM,2024-09-25,268.38960839660905,274.9393025470421,267.3277528456145,272.0018615722656,7920000
CRM,2024-09-26,274.0263560606948,276.5172437497849,270.6323974154602,273.6591796875,5253400
CRM,2024-09-27,274.15539131096295,275.7233411468912,272.9645210996873,274.5325012207031,5220100
CRM,2024-09-30,271.8629480342527,273.63928927077893,267.08959502075254,271.624755859375,5059700
CRM,2024-10-01,272.0515345526866,272.6072658834686,267.6354238610257,268.8064270019531,4369900
CRM,2024-10-02,271.6347021728905,279.8516208941231,268.78657172784386,277.350830078125,8512300
CRM,2024-10-03,276.86457222795195,278.9783501818775,275.6141918281622,278.76995849609375,3868400
CRM,2024-10-04,281.6974515061887,285.6967787837511,279.3256750193778,285.5578308105469,6129900
CRM,2024-10-07,284.39673572521093,285.97464928721297,281.22113243990816,282.4020690917969,4794700
CRM,2024-10-08,283.82118125224116,290.4006771177935,281.9356619792613,289.3487548828125,5211200
CRM,2024-10-09,288.6044326498607,289.34871887170266,284.892904763085,285.7265319824219,4851000
CRM,2024-10-10,285.7265225119979,288.0189215764828,282.451645073389,287.9593811035156,3965500
CRM,2024-10-11,287.006711065969,288.02886303437316,284.11887660337004,285.9051818847656,3597000
CRM,2024-10-14,287.71131515896195,290.22203964305663,286.0540243981558,289.418212890625,3642500
CRM,2024-10-15,291.2243150507366,291.3433960049719,285.80591963743404,286.15325927734375,3850800
CRM,2024-10-16,285.3593534285688,288.7037052873726,282.06466911224425,288.6441345214844,3497000
CRM,2024-10-17,289.73577299287734,291.10526468063534,287.88995743813445,288.8922424316406,2830000
CRM,2024-10-18,289.8151450442657,292.46478708553286,287.9395291921711,290.7082824707031,3087900
CRM,2024-10-21,286.798299338365,290.68844876555454,285.8456214259229,289.07086181640625,2712600
CRM,2024-10-22,287.54258762465736,289.7159058952571,285.45858006975675,286.1333923339844,3100100
CRM,2024-10-23,285.5379695015959,286.1036039985789,280.466883762595,282.2630920410156,3227100
CRM,2024-10-24,284.37685947291857,286.7089622128459,283.0073680645748,284.5753479003906,3210700
CRM,2024-10-25,287.7906747919397,292.1373112085486,286.62957495096276,288.2471618652344,3351200
CRM,2024-10-28,291.3632944801895,293.8144786698125,290.2617349644037,291.531982421875,3867800
CRM,2024-10-29,291.76021510250945,298.3099402740727,290.57927847571625,296.61297607421875,4280700
CRM,2024-10-30,294.80684633709933,297.2580304094434,294.09233028364025,294.1419372558594,2826500
CRM,2024-10-31,290.3708783756658,293.83428066117176,287.3440961561807,289.1502380371094,4301800
CRM,2024-11-01,288.0189173177721,294.72739621523795,287.7906586513844,292.4747009277344,3527500
CRM,2024-11-04,295.7197875262781,297.8931056841978,290.6884357589127,295.7396545410156,5107900
CRM,2024-11-05,295.1740258397582,296.53358397182456,292.4945830397841,295.2236328125,4456100
CRM,2024-11-06,302.6763707727709,306.2092466448859,300.76108166220206,304.5618896484375,5874900
CRM,2024-11-07,305.15737326313314,309.81164586676636,303.66880071063,308.4123840332031,5722600
CRM,2024-11-08,307.66811074445326,320.35074821574455,307.08260914996345,319.497314453125,8485000
CRM,2024-11-11,322.77212667228025,342.2525830062161,322.77212667228025,339.1265869140625,13954200
CRM,2024-11-12,336.7052098864509,346.20228014533467,335.9311533387187,338.551025390625,7659700
CRM,2024-11-13,342.86783938280405,345.53734828300503,336.1891003787379,339.11663818359375,6902900
CRM,2024-11-14,339.8311264993771,343.36400225001006,328.29965820584215,329.1233215332031,7630600
CRM,2024-11-15,324.4393344156664,327.7439823599531,321.71028480372735,322.7820739746094,7093000
CRM,2024-11-18,324.50882665901986,324.50882665901986,317.7705462127895,319.7950134277344,4250400
CRM,2024-11-19,316.5697597902427,322.22634754943186,313.5926147138455,320.96600341796875,5469900
CRM,2024-11-20,322.811808887561,324.766801788851,319.5567985543814,323.21868896484375,3763500
CRM,2024-11-21,328.8256801943921,340.3273803877121,326.096630537299,333.221923828125,8364200
CRM,2024-11-22,336.3677789672962,340.1983576744547,333.22191574976597,339.41436767578125,5649400
CRM,2024-11-25,342.37166210881327,345.1999558093376,335.71278985602765,336.5265197753906,7117200
CRM,2024-11-26,339.37471186361745,341.19075708768105,336.55635141007656,340.5655517578125,4492800
CRM,2024-11-27,333.896692525784,334.80969689005127,326.3744535965018,327.495849609375,7471500
CRM,2024-11-29,326.83094070632785,329.4607457943361,324.75686687144275,327.4759826660156,3517600
CRM,2024-12-02,329.4707294568515,331.95168374493016,327.59511347822246,328.48828125,6063400
CRM,2024-12-03,324.9057627717939,330.2646178988805,321.18433139394403,328.9050598144531,12632400
CRM,2024-12-04,364.0155216894566,366.18883999189006,353.9329201844669,365.06744384765625,24733100
CRM,2024-12-05,358.03142656501393,362.66586188644743,353.9527527927425,358.6268615722656,10942100
CRM,2024-12-06,362.20938384365564,364.35293193123545,358.3391013043111,359.23223876953125,5738900
CRM,2024-12-09,358.9444632741916,358.9444632741916,348.1175755864638,348.8916320800781,6475000
CRM,2024-12-10,348.67329144894654,352.781735645267,344.78314213735234,346.1625671386719,6033000
CRM,2024-12-11,350.7969821614354,357.45588488364274,349.1992622308716,352.1466369628906,7546600
CRM,2024-12-12,352.29551377194895,357.2574224166243,350.2313731012023,355.30242919921875,5422000
CRM,2024-12-13,361.2269604815836,362.0208537752003,349.8145702465885,351.61077880859375,5538000
CRM,2024-12-16,348.1076405272929,355.34211137177573,347.8893153487804,354.5085144042969,5482300
CRM,2024-12-17,354.18098874455217,354.50849163382753,346.45032756227937,348.2961730957031,6911000
CRM,2024-12-18,352.20069983284696,352.468937687748,333.06561120593415,335.042724609375,8400000
CRM,2024-12-19,339.483747674258,341.3018649629688,333.2543954576421,334.0492248535156,7423400
CRM,2024-12-20,330.5818401167717,344.20293894703144,328.99224196546874,341.42108154296875,14932300
CRM,2024-12-23,340.0301558220981,341.61978423610753,334.4962757391636,340.6759338378906,5330300
CRM,2024-12-24,340.775296683177,342.7126610808064,338.61935799617214,342.1960144042969,1811000
CRM,2024-12-26,342.64307811378035,342.64307811378035,338.8180435412087,339.5035705566406,3483300
CRM,2024-12-27,338.14249229292227,340.05002217321436,333.09542424871614,336.25482177734375,3220400
CRM,2024-12-30,331.3071120832029,335.91700123928774,329.4591602921029,333.5623779296875,3411100
CRM,2024-12-31,334.08891847406267,334.9632155839923,330.2539692559901,332.1614990234375,3026000
CRM,2025-01-02,334.1286985053966,336.7217858705215,325.6838293135402,328.5153503417969,4807100
CRM,2025-01-03,329.94601511359593,331.27732027417466,327.1343534323665,330.7408142089844,4101200
CRM,2025-01-06,331.85349262718745,334.4167753960742,325.157218831852,328.3861389160156,5785300
CRM,2025-01-07,328.3563902455701,329.3499042856474,320.81562231973993,322.822509765625,4643100
CRM,2025-01-08,325.6142722519488,326.6673946780022,321.01429753003026,324.77972412109375,3788200
CRM,2025-01-10,320.6764933873943,320.6764933873943,313.9702740855954,315.7884216308594,6540000
CRM,2025-01-13,312.5595100124572,318.4709001121339,311.7646806218206,317.0005187988281,4583000
CRM,2025-01-14,322.892050272035,327.80001186174127,319.4147512691054,321.4415283203125,5935200
CRM,2025-01-15,327.74040877289275,329.3797008369834,318.69942515443574,319.07696533203125,6042700
CRM,2025-01-16,320.8454332765541,325.5944292752247,317.4774060564232,317.92449951171875,5047700
CRM,2025-01-17,326.5879168159225,327.4324097631028,320.9745688911741,322.45489501953125,6303600
CRM,2025-01-21,327.26348603632,327.38270285807397,320.35858233952825,324.7200927734375,6397200
CRM,2025-01-22,329.1014762702018,333.0556724699669,325.157224911627,330.46258544921875,7259300
CRM,2025-01-23,330.1744754160669,333.2841789095482,327.4622017555929,332.4893798828125,4355900
CRM,2025-01-24,334.1187645731953,336.45352866640565,329.6380368024413,331.7144775390625,3299100
CRM,2025-01-27,330.2043070098737,350.85947209252856,328.3563854756025,344.8487243652344,15661100
CRM,2025-01-28,352.46890109155197,364.70899911979836,348.18685878180554,357.6153259277344,12099300
CRM,2025-01-29,356.43308522242864,357.843858095249,349.2201640242237,351.7039489746094,6266700
CRM,2025-01-30,338.6888877567181,345.7428426212518,337.7947312966253,341.3415832519531,7591100
CRM,2025-01-31,345.742891065736,347.23316214791583,337.8941360968504,339.4837646484375,5778000
CRM,2025-02-03,333.7908930522389,339.2452750998084,329.11145069623467,337.0396728515625,4549400
CRM,2025-02-04,343.3782791590096,344.6797799799326,336.47337554687374,341.90789794921875,4965600
CRM,2025-02-05,343.4776519354873,345.7826116294076,336.67207515696214,345.6733093261719,4521000
CRM,2025-02-06,335.29111947226227,335.29111947226227,326.96546720583797,328.66436767578125,13240600
CRM,2025-02-07,329.8466388374716,331.65484154395693,321.6203443587684,323.7166442871094,7626100
CRM,2025-02-10,325.7931205914578,329.59826582842817,324.5313384209432,325.0777893066406,5981900
CRM,2025-02-11,321.9183887916446,324.3227059631927,319.17631082499133,322.2959289550781,5455900
CRM,2025-02-12,317.4773668901393,324.87905785912807,314.91411426969023,324.0047607421875,5643400
CRM,2025-02-13,324.0842515592302,328.20732824711183,321.1235691741864,327.7105712890625,4312100
CRM,2025-02-14,325.90235355185473,326.36930628352377,320.5274398769872,324.4220275878906,5879700
CRM,2025-02-18,326.4587596538271,327.0250699071274,320.90502006566066,326.82635498046875,5262100
CRM,2025-02-19,327.60127850945565,327.60127850945565,320.7758425587096,322.4250793457031,5012000
CRM,2025-02-20,320.14990955833997,322.34559710833406,316.1460497525669,316.3646240234375,6393100
CRM,2025-02-21,316.9011554343283,316.9011554343283,304.86968536952014,307.7906188964844,7353200
CRM,2025-02-24,309.4895327968412,310.7016209993714,301.5513359105853,306.3202209472656,6652900
CRM,2025-02-25,304.26362189112405,306.41956032402146,298.6701339665224,303.8960266113281,7360100
CRM,2025-02-26,310.6320859187478,311.66534895175005,304.4623725667541,305.3366394042969,12638500
CRM,2025-02-27,294.4179367634713,302.9423039100066,290.7717573421373,292.9872741699219,16691400
CRM,2025-02-28,294.04036551245565,300.0213385982369,290.25507997699333,295.9181213378906,10863100
CRM,2025-03-03,299.0476824405732,301.1042634802497,289.1721518971972,291.1591796875,6298200
CRM,2025-03-04,288.11906932324877,289.7583614123664,280.409390731486,285.476318359375,9096300
CRM,2025-03-05,285.3570722590492,290.7816498287126,283.7674439067222,290.0762634277344,6612600
CRM,2025-03-06,286.3605552247186,296.1466440087654,282.98258332076335,284.1946716308594,10396800
CRM,2025-03-07,281.3432729965196,286.440004409572,273.3852468768571,281.05517578125,8248100
CRM,2025-03-10,275.17355279582483,276.5446068623499,268.9640907696343,271.12994384765625,10040200
CRM,2025-03-11,271.9446332052547,278.6309928464292,270.23578803869503,275.2530212402344,8313400
CRM,2025-03-12,280.02191816433384,284.0754418163111,277.2798099082185,282.73419189453125,7463900
CRM,2025-03-13,280.22060469021176,280.7273065200528,268.00039491818404,269.97747802734375,9494500
CRM,2025-03-14,273.216343637986,278.07464153828516,270.9113839349445,277.5877990722656,6976900
CRM,2025-03-17,275.5709645664941,280.8962152033799,274.28932305774714,278.9290466308594,4484300
CRM,2025-03-18,278.20379146136474,278.68068911717126,274.15026750575765,276.92218017578125,5881700
CRM,2025-03-19,275.7001249146373,280.38951203588084,275.49149547176864,277.577880859375,5245400
CRM,2025-03-20,275.26299101822957,281.0452498716523,275.26299101822957,277.22021484375,5504700
CRM,2025-03-21,274.41849582398214,280.0219293858747,272.27250192706424,278.7998962402344,9804100
CRM,2025-03-24,281.8996225521375,284.90005391627557,281.3830062423805,284.105224609375,6763800
CRM,2025-03-25,283.75752555792866,288.5661601105729,283.75752555792866,286.7380676269531,4301700
CRM,2025-03-26,286.4698142053963,287.16528611160646,277.76662213399413,279.16748046875,5070300
CRM,2025-03-27,278.7204217691993,279.07807225027915,274.21980463110077,276.00811767578125,3757200
CRM,2025-03-28,274.9152066974648,275.4119636184054,267.44399352158683,268.21893310546875,4973400
CRM,2025-03-31,262.8341291870963,266.7088582287802,257.50890844493546,266.6194152832031,7585800
CRM,2025-04-01,267.1161135182954,269.06342245332263,264.0958533081965,268.44744873046875,4598200
CRM,2025-04-02,264.23498331917074,271.85524928115666,264.02635386206265,269.77880859375,5396900
CRM,2025-04-03,258.45274215812157,260.8669738607244,252.79963000799293,253.57456970214844,8872600
CRM,2025-04-04,246.09341488172535,248.66661250455718,237.97640731715396,239.19842529296875,9705000
CRM,2025-04-07,228.5082126973041,251.309355236658,228.5082126973041,242.6260528564453,11965200
CRM,2025-04-08,252.3028610162248,255.7205665414689,238.71159764840493,242.407470703125,9340300
CRM,2025-04-09,239.3375011275609,266.4306455678788,239.3375011275609,263.4501037597656,12491100
CRM,2025-04-10,258.7195117283103,259.9533950667156,246.9079758016327,253.86354064941406,9692300
CRM,2025-04-11,253.01774008168894,255.14720010547077,246.46018388832317,253.744140625,6089000
CRM,2025-04-14,258.719512169536,258.719512169536,251.89329674110186,253.29635620117188,6038100
CRM,2025-04-15,253.11724463444415,255.45567715877536,252.55005973121456,253.6744842529297,5227700
CRM,2025-04-16,250.68924602363424,255.3461898945357,245.47506256308372,248.6095428466797,7190900
CRM,2025-04-17,248.53989968187287,250.32107734194676,245.58452556639912,246.04225158691406,5566900
CRM,2025-04-21,239.245881326436,241.2857881674309,231.62361816322937,235.09642028808594,9240000
CRM,2025-04-22,237.056708883534,243.0172134961763,234.43967200383779,242.19129943847656,7145300
CRM,2025-04-23,251.36591368061553,256.5204104313382,248.27122960999503,249.24639892578125,5818900
CRM,2025-04-24,256.9284046303888,263.67501263737825,255.73430235574477,263.3963928222656,7857600
CRM,2025-04-25,263.4162635639989,267.70503452055453,262.89883547981884,266.5308532714844,5651700
CRM,2025-04-28,266.8293743717208,268.17273179181507,262.03310523853975,264.3317565917969,4977700
CRM,2025-04-29,264.0929217037389,267.25725318850573,263.86407386906006,266.4413146972656,3139800
CRM,2025-04-30,263.49587983101014,267.54584286066154,261.7047567605506,267.3866271972656,4624100
CRM,2025-05-01,272.0535026323769,273.2476047955542,267.6751786461924,268.0035400390625,5208900
CRM,2025-05-02,273.10827808062066,274.9591333857254,270.9091708166825,273.7252197265625,4323400
CRM,2025-05-05,272.0236382368057,274.80986635828674,270.96886120362325,271.28729248046875,4219600
CRM,2025-05-06,268.491158563174,273.4466129008133,267.21746370777396,272.0137023925781,4681600
CRM,2025-05-07,272.36198256421926,277.41698080777826,272.36198256421926,276.8597412109375,4267600
CRM,2025-05-08,277.83488562819514,281.65597003062123,277.00898672974733,278.3622741699219,4789900
CRM,2025-05-09,280.23304606011396,281.08882644093893,272.5311744691004,274.0635986328125,4324200
CRM,2025-05-12,283.5963890315926,287.5468381917414,281.83511712667,287.3975830078125,5937400
CRM,2025-05-13,289.5668234882655,291.29824426169705,287.50701096087215,287.745849609375,6711600
CRM,2025-05-14,292.0545222782317,294.5919514662753,287.83541385450167,289.30810546875,7926200
CRM,2025-05-15,288.143891699413,290.5320657640479,286.53187496496645,289.3280334472656,4635600
CRM,2025-05-16,289.65639289703677,290.7310909575918,288.29314493618807,289.7160949707031,3846000
CRM,2025-05-19,286.68112642706654,288.47224936046155,285.49698469459213,286.21343994140625,5781200
CRM,2025-05-20,286.67117794219195,287.0194602958218,283.80535683514177,286.6413269042969,4032300
CRM,2025-05-21,283.009285122029,286.2134278449618,279.72551939321505,280.8897705078125,5689800
CRM,2025-05-22,281.10868756007653,284.9397323843511,279.6459260950728,282.024169921875,6642700
CRM,2025-05-23,277.6259367118648,279.3573575673769,270.3121290798704,271.78485107421875,8887800
CRM,2025-05-27,271.8246687911871,277.2079981681154,268.9588477460283,275.8248596191406,10958000
CRM,2025-05-28,276.3422815272568,277.4368701473734,272.2326167433027,274.6705627441406,12758600
CRM,2025-05-29,262.291821403503,266.4711486427925,253.24659309764493,265.6054382324219,28053100
CRM,2025-05-30,266.7597249073496,268.41155325123873,259.4160960275319,264.0630798339844,12388500
CRM,2025-06-02,261.81416445977914,262.49083852802005,257.86374592594944,260.3315124511719,9213500
CRM,2025-06-03,260.7096742926187,263.4461307975984,260.0728116569826,263.1675109863281,7838500
CRM,2025-06-04,262.88886693595765,264.19241275784753,260.33151689531473,261.8739013671875,7372500
CRM,2025-06-05,262.411240735764,267.4264276397349,262.34160855932663,265.8243713378906,8642900
CRM,2025-06-06,268.6404315046344,273.54614456070783,266.8890895749681,273.1580810546875,7507000
CRM,2025-06-09,271.5062307850607,272.84958816275235,268.33193897752176,270.9091796875,5728300
CRM,2025-06-10,270.7300931076003,272.40181200821524,265.5258393377422,266.8990478515625,6309700
CRM,2025-06-11,267.1776434957942,268.1826789858777,264.1028653208659,264.60040283203125,6568100
CRM,2025-06-12,263.39638210899955,267.69508331485355,262.10276630287075,265.5954895019531,8054000
CRM,2025-06-13,262.1823473859279,264.3914148937996,256.7293259642356,257.1273498535156,7659300
CRM,2025-06-16,259.1075814343983,262.6798968694778,258.6796761257309,262.58038330078125,7177000
CRM,2025-06-17,262.5505399510323,269.16778250477347,260.8091587333489,261.4659118652344,9110100
CRM,2025-06-18,263.91368765093256,264.1927492588952,256.60823494739657,258.6314392089844,7628000
CRM,2025-06-20,259.817456655112,261.99015275869795,258.3922502544928,259.7576599121094,12859200
CRM,2025-06-23,259.7676331752182,263.85388583857736,257.88394454608215,262.5283508300781,9283800
CRM,2025-06-24,264.82064320505685,272.46498460976255,264.55155786179466,270.26239013671875,9713900
CRM,2025-06-25,271.0895987672613,273.08290464055,266.0864119748629,266.8638000488281,6074300
CRM,2025-06-26,267.8803700666945,270.10291702325173,264.27249137022915,269.83380126953125,6708000
CRM,2025-06-27,270.9500761150971,273.2523725794237,268.52821656996906,272.5048828125,21741400
CRM,2025-06-30,273.541347404653,275.45493436234784,269.4949390492876,271.77728271484375,8541900
CRM,2025-07-01,271.1693224168494,273.0829094718521,269.7341701448904,270.9999084472656,6256800
CRM,2025-07-02,270.6111953013726,270.80056179319484,264.7608474104284,268.3089294433594,6115200
CRM,2025-07-03,268.7973236476577,273.81048697220405,268.41859064487744,271.2391052246094,5031800
CRM,2025-07-07,270.6012712197317,273.0829275068359,267.31229800414667,268.89697265625,6283500
CRM,2025-07-08,269.8836570269711,275.87352048919706,268.8272073481585,272.73406982421875,6661200
CRM,2025-07-09,273.4417029728777,274.6376987412052,268.46841422686356,270.01324462890625,6373600
CRM,2025-07-10,269.9932846279135,270.5813062328398,262.3290208230744,263.08648681640625,7244600
CRM,2025-07-11,261.7011219794026,262.0699091251535,256.3989513251319,257.20623779296875,7011200
CRM,2025-07-14,257.73444976835225,261.35230471439434,256.63812547933446,258.8108215332031,6533900
CRM,2025-07-15,260.12643161487614,260.93371810734266,256.3690607744403,256.7178649902344,5201500
CRM,2025-07-16,258.06337045832316,258.1132213607658,253.66814200571213,257.086669921875,5649500
CRM,2025-07-17,257.12650405539694,259.32912913863555,255.79099265243187,259.01019287109375,5837400
CRM,2025-07-18,259.4287756865312,262.0998289653263,258.25273239205177,261.5018310546875,6381200
CRM,2025-07-21,262.73764140771107,263.4253343649166,260.7642880656724,261.4021301269531,6714700
CRM,2025-07-22,262.1197420448966,265.0000838477651,261.12308903331905,262.707763671875,5001400
CRM,2025-07-23,263.0366496015436,267.5813844415642,261.6213890854148,266.3255920410156,5620700
CRM,2025-07-24,267.08307773232013,268.39863655611185,264.75091339847336,266.80401611328125,5877100
CRM,2025-07-25,267.11296512767046,270.1926190733175,266.1163121841432,268.2092590332031,4015400
CRM,2025-07-28,268.5979692739651,269.4351540997721,265.6977055477225,269.345458984375,4533700
CRM,2025-07-29,270.6909567011995,273.0829177811591,266.4153068809318,266.49505615234375,5137100
CRM,2025-07-30,265.97674750587186,266.8737290090076,262.4485878170771,263.92364501953125,3928200
CRM,2025-07-31,264.1130203024067,264.152894935,256.99690394843594,257.46533203125,7340300
CRM,2025-08-01,254.1365472328568,255.13320020653453,249.29281317247444,249.90077209472656,7646900
CRM,2025-08-04,250.1599051139438,252.65153763499904,249.80110942260313,251.47549438476562,4403500
CRM,2025-08-05,252.16316511396653,252.44222673188074,246.1832472311458,246.66165161132812,6761000
CRM,2025-08-06,248.53534134245595,249.42236185988793,246.19321603395085,248.3360137939453,5834700
CRM,2025-08-07,249.85093960906158,252.16316662963715,236.17685941820372,240.0737762451172,10010200
CRM,2025-08-08,240.48238993587321,242.13683752621722,237.03397915454343,239.7050018310547,8812000
CRM,2025-08-11,238.12031917625202,241.06044231482528,230.79492917415087,231.9011993408203,10740100
CRM,2025-08-12,232.22013961205553,232.8878952701341,225.72195805659598,230.88462829589844,13178000
CRM,2025-08-13,232.23009942481045,236.5555848046755,228.84148546301256,236.2366485595703,10209200
CRM,2025-08-14,236.20675283651198,236.20675283651198,232.09057122230067,232.58889770507812,7544800
CRM,2025-08-15,235.35958456043838,243.6816426523053,233.844683048516,241.6285400390625,12942800
CRM,2025-08-18,238.9674876775106,243.70158930090764,238.68842606159092,243.15342712402344,8809200
CRM,2025-08-19,244.17996755460413,247.66825280538418,242.6351524734296,245.17662048339844,8642200
CRM,2025-08-20,244.8776323408181,246.74138374093866,243.63181612499412,245.6251220703125,8195100
CRM,2025-08-21,244.21983778353916,245.46565399964132,239.21665080922955,245.0072021484375,5646800
CRM,2025-08-22,244.95736043181125,248.694808988169,243.29295183297268,247.45895385742188,6694300
CRM,2025-08-25,248.53535425895976,248.53535425895976,245.96398768870094,247.04037475585938,4957700
CRM,2025-08-26,245.874278537385,247.99715417711397,242.03717382302509,242.9241943359375,8862300
CRM,2025-08-27,244.9274649263173,249.53199673516653,244.78793412022242,249.3227081298828,6506900
CRM,2025-08-28,251.63492851216466,254.79431648794338,249.45225615352194,253.67807006835938,8461200
CRM,2025-08-29,254.54517284221765,256.77769626861664,252.02364194183815,255.392333984375,7363200
CRM,2025-09-02,253.9671183974592,254.1365475782886,247.91742753930816,252.013671875,9312500
CRM,2025-09-03,254.20631253100441,257.136474793279,249.71141296191587,255.5916748046875,17417900
CRM,2025-09-04,239.25650693405856,244.39923985299026,233.83471240318957,243.1932830810547,30967500
CRM,2025-09-05,244.0105402023087,250.28945674210604,243.54211210566288,249.92068481445312,13029400
CRM,2025-09-08,249.9605628679778,252.09339957238274,246.47227754344624,251.42564392089844,12602200
CRM,2025-09-09,250.47882566429809,254.4853595572759,250.36919323193996,251.21633911132812,10901900
CRM,2025-09-10,251.90403758730855,253.1398927420404,240.92091762504424,241.75811767578125,11363600
CRM,2025-09-11,242.88433712734889,246.34272431190254,242.68500956555326,245.45570373535156,6944900
CRM,2025-09-12,245.27629639079507,246.76129954919494,240.44252351375297,241.9474639892578,8386400
CRM,2025-09-15,242.43583488042594,243.89095490758902,240.03389757358784,241.70828247070312,7244600
CRM,2025-09-16,241.70828064430623,241.8677335603887,236.44595422065126,238.50901794433594,8779800
CRM,2025-09-17,239.5832760328519,242.60839179826723,238.99423050732716,241.81967163085938,10124000
CRM,2025-09-18,243.7665355373202,246.89148112821167,242.5584787704777,243.88633728027344,9344400
CRM,2025-09-19,245.6235352392074,246.80162631939768,242.95783985692353,246.69180297851562,11813900
CRM,2025-09-22,244.88471622264223,250.0763330824201,242.76813759719553,249.28761291503906,7523800
CRM,2025-09-23,249.33753841836412,250.95492284170336,243.7365785723499,244.16587829589844,7669800
CRM,2025-09-24,245.27409721111175,248.43898687954513,242.6183801855698,245.49374389648438,6707100
CRM,2025-09-25,244.1059732887912,244.2657190952083,239.1040526946698,240.5616912841797,8145500
CRM,2025-09-26,240.30212973638223,244.13593790795204,239.96268130367227,243.03770446777344,4974600
CRM,2025-09-29,244.32562460095255,245.42385799816446,242.47859986042315,244.70501708984375,6373500
CRM,2025-09-30,244.65510291400471,244.81484872886895,235.4299877672869,236.61807250976562,10801100
CRM,2025-10-01,236.10889448599363,242.07925326422549,233.13368588015516,235.3101806640625,10016600
CRM,2025-10-02,235.05058850917524,239.01419192564174,233.22355102815519,238.4950408935547,7679200
CRM,2025-10-03,238.36525018389457,242.41870498515195,238.11565306328316,239.97265625,8849800
CRM,2025-10-06,238.9443087004941,250.0663553838117,235.030627818784,245.3839111328125,13922600
CRM,2025-10-07,246.08278137033756,246.9613680829946,237.16717980686568,239.35365295410156,8387400
CRM,2025-10-08,239.35365101557989,240.93110658498432,235.27023070219687,240.0425262451172,7120200
CRM,2025-10-09,238.88441488031407,245.56363622116956,236.7678209522734,244.9346466064453,7929100
CRM,2025-10-10,246.1227237369477,248.64864528416416,240.33206770887335,241.29051208496094,7988300
CRM,2025-10-13,242.49857920437358,248.94817553892844,241.9794129251161,248.34913635253906,8276500
CRM,2025-10-14,247.71016207938936,247.87988628993733,239.16395927651064,239.38360595703125,9123900
CRM,2025-10-15,240.48182555475006,240.93111255297558,235.51983364711316,236.19874572753906,8389200
CRM,2025-10-16,252.78197687329362,256.3262437224176,242.27892599819603,245.6035614013672,24869700
CRM,2025-10-17,246.17265954454095,250.37586659475454,241.7697626071404,242.6882781982422,10851200
CRM,2025-10-20,244.60518003126887,254.988414232794,243.90631113516227,253.87022399902344,9963900
CRM,2025-10-21,254.08985944257833,266.6995103873049,253.5906652197049,262.9855041503906,13354700
CRM,2025-10-22,261.7774780774517,261.97713749732,256.0966450491536,256.2264404296875,9370000
CRM,2025-10-23,257.1848706434358,258.14331502365,253.7104678711125,254.63897705078125,6110100
CRM,2025-10-24,257.0051798213831,258.08342599002344,253.59067776195727,254.41934204101562,5490800
CRM,2025-10-27,256.6656946460323,257.68407038593926,254.5091871272732,255.0583038330078,4942400
CRM,2025-10-28,255.05830701181281,258.42287132512075,253.7304485011051,253.85025024414062,6435600
CRM,2025-10-29,251.5938868484303,253.16136401144894,248.63865036335372,251.0547637939453,7904200
CRM,2025-10-30,250.09630629684727,258.8621556541047,249.5971120727019,256.23638916015625,7767800
CRM,2025-10-31,254.38939627545577,261.3980879054935,252.22289502936,259.9903564453125,6878300
CRM,2025-11-03,259.581016790974,261.13850045424783,254.6889191066702,260.9188537597656,7054300
CRM,2025-11-04,257.7339810055552,258.84220806616736,253.05155181314677,254.02996826171875,6792200
CRM,2025-11-05,254.28954564855417,256.4161027754438,251.60387816989416,252.27279663085938,5241200
CRM,2025-11-06,250.13624181719678,250.13624181719678,234.10212534656964,238.88441467285156,11041800
CRM,2025-11-07,235.76942361831442,240.58166320348778,235.4100031711471,239.49342346191406,5741500
CRM,2025-11-10,239.6132293842693,241.5201549909935,234.70116000999562,241.3204803466797,6486600
CRM,2025-11-11,241.51017136260455,245.3040506985469,240.77137362461437,244.10598754882812,5762800
CRM,2025-11-12,245.34398760395354,248.02963978607323,243.28729456320232,245.62353515625,4278200
CRM,2025-11-13,244.85476585694323,245.5037122517735,239.52337522293246,240.0425262451172,5542100
CRM,2025-11-14,237.92594966999576,244.78487346350207,237.03738455666786,243.267333984375,5512900
CRM,2025-11-17,241.67989651286456,242.43866624147637,235.21032846563247,236.64801025390625,5280900
CRM,2025-11-18,235.85929283939552,237.4067827490581,229.8989125760023,233.1237030029297,8045100
CRM,2025-11-19,231.62612726745814,231.90567482301051,224.69730878155454,227.5127716064453,9710700
CRM,2025-11-20,228.8805575724273,230.6976319067919,222.9401492013568,225.00680541992188,7521100
CRM,2025-11-21,224.49762926549602,228.31146525310695,221.60230883110134,226.74400329589844,7479300
CRM,2025-11-24,226.97363407477627,228.4712167993143,224.6773375169781,226.45448303222656,8563300
CRM,2025-11-25,226.43451053962758,234.2518941740301,226.15496298368106,233.74270629882812,10233000
CRM,2025-11-26,230.13851545978986,232.44480556934866,225.63578904762014,227.78231811523438,8506600
CRM,2025-11-28,228.63096074180987,232.18522127482206,228.26156188105725,230.16847229003906,3691500
CRM,2025-12-01,228.30148853607872,233.87249800065496,228.23160926528996,232.4547882080078,5634700
CRM,2025-12-02,232.64449284586362,236.2686327464416,231.24673980347964,234.33177185058594,7626200
CRM,2025-12-03,234.98071076435025,238.8744197012809,232.78425917853812,238.33529663085938,13782000
CRM,2025-12-04,243.2972894524746,248.5687793718207,237.21710730737183,247.06121826171875,20912100
CRM,2025-12-05,250.42577647236214,261.4579718798408,249.0979180071859,260.15008544921875,15852400
CRM,2025-12-08,261.4579743418438,263.8541005481511,255.92689375155607,259.11175537109375,10805400
CRM,2025-12-09,259.580989495859,261.8273634434193,258.5826010747211,260.5993347167969,8045900
CRM,2025-12-10,260.3297787441035,265.5014234121082,258.73235118929074,263.77423095703125,8894700
CRM,2025-12-11,263.0753561983486,267.4682592783796,260.34974476512775,261.9272155761719,7783800
CRM,2025-12-12,263.0953333430303,264.06377143176593,260.4895539155952,261.80743408203125,6006600
CRM,2025-12-15,260.78904397285606,261.85732694921745,252.68213446346326,254.16973876953125,10271800
CRM,2025-12-16,253.59066938620413,255.44767253517185,251.7037158021078,254.49920654296875,6145300
CRM,2025-12-17,255.9168879687216,261.5478132312219,255.8370303019412,257.7239990234375,6269000
CRM,2025-12-18,258.4200134277344,260.07000732421875,256.1600036621094,257.8500061035156,5654200
CRM,2025-12-19,260.67999267578125,262.0400085449219,255.5,259.9100036621094,20732100
CRM,2025-12-22,260.6199951171875,264.6300048828125,258.4100036621094,264.6300048828125,5664200
CRM,2025-12-23,262.7200012207031,264.239990234375,260.5199890136719,263.42999267578125,4745100
CRM,2025-12-24,263.2300109863281,266.29998779296875,262.54998779296875,265.260009765625,2076600
CRM,2025-12-26,264.79998779296875,267.9100036621094,264.79998779296875,266.0799865722656,2456400
CRM,2025-12-29,264.7099914550781,269.1099853515625,264.7099914550781,266.2300109863281,4300100
CRM,2025-12-30,266.6600036621094,268.2799987792969,265.3299865722656,265.9200134277344,3291800
CRM,2025-12-31,265.2900085449219,266.1000061035156,264.3900146484375,264.9100036621094,3367900
CRM,2026-01-02,265.0,265.3800048828125,252.47999572753906,253.6199951171875,9680600
CRM,2026-01-05,253.6199951171875,259.5899963378906,252.30999755859375,256.260009765625,6421500
CRM,2026-01-06,255.1999969482422,263.54998779296875,255.0,262.8999938964844,6103300
CRM,2026-01-07,263.5,267.8299865722656,263.5,266.1199951171875,5976200
CRM,2026-01-08,264.3999938964844,265.20001220703125,260.4100036621094,260.5299987792969,5243500
CRM,2026-01-09,260.0,261.0299987792969,256.510009765625,259.94000244140625,5174400
CRM,2026-01-12,259.0,261.55999755859375,255.77000427246094,259.3999938964844,4927700
CRM,2026-01-13,257.6600036621094,260.9100036621094,240.36000061035156,241.05999755859375,13661000
CRM,2026-01-14,239.17999267578125,242.24000549316406,236.4600067138672,239.57000732421875,10149300
CRM,2026-01-15,237.02000427246094,238.83999633789062,231.6699981689453,233.52999877929688,11489600
CRM,2026-01-16,232.9499969482422,232.9499969482422,226.44000244140625,227.11000061035156,13902600
CRM,2026-01-20,223.5399932861328,227.94000244140625,219.36000061035156,220.07000732421875,13050800
CRM,2026-01-21,220.14999389648438,223.38999938964844,218.9600067138672,221.5800018310547,12616600
CRM,2026-01-22,222.24000549316406,228.72000122070312,221.11000061035156,228.08999633789062,9483000
CRM,2026-01-23,226.77999877929688,230.85000610351562,226.64999389648438,228.0500030517578,9408000
CRM,2026-01-26,229.42999267578125,230.9499969482422,227.58999633789062,229.39999389648438,7239600
CRM,2026-01-27,231.94000244140625,235.74000549316406,226.27000427246094,228.52999877929688,9838400
