ticker,date,open,high,low,close,volume
CSCO,2020-01-02,40.1714364951395,40.47234344482422,40.02098142602057,40.47234344482422,16708100
CSCO,2020-01-03,40.04605532980947,40.2383027609003,39.686635249080034,39.812015533447266,15577400
CSCO,2020-01-06,39.402437932148594,39.970822958993004,39.293775244752624,39.954105377197266,22183600
CSCO,2020-01-07,39.88722797971453,39.88722797971453,39.36899264299292,39.69498062133789,16501900
CSCO,2020-01-08,39.26033995522226,39.94574480821995,39.1266025006996,39.720062255859375,25175900
CSCO,2020-01-09,39.945738251360495,40.02096575646586,39.34391821051755,39.55288314819336,18203600
CSCO,2020-01-10,39.68664235766812,39.75351270492247,39.33558260024372,39.39409255981445,13502600
CSCO,2020-01-13,39.544531648279325,40.1045562313922,39.536171263979284,40.09619903564453,18237400
CSCO,2020-01-14,40.087853519859806,40.11293149350894,39.80366093074681,39.94575881958008,17948700
CSCO,2020-01-15,40.05441114156813,40.45562676224006,39.92067366419515,40.129638671875,16289400
CSCO,2020-01-16,40.438899696612864,41.02400221862825,40.31351944598378,40.998924255371094,20094900
CSCO,2020-01-17,41.21625804664848,41.4085054654157,40.84847760330867,40.97385787963867,27176200
CSCO,2020-01-21,40.92370788036008,41.124315698252914,40.68130769706755,40.78997039794922,21771800
CSCO,2020-01-22,41.19118154515153,41.40014655410795,40.99057692214305,41.01565170288086,15186000
CSCO,2020-01-23,40.957130432128906,41.10758545206579,40.4639730197918,40.957130432128906,16767700
CSCO,2020-01-24,41.141034751007986,41.358356971977415,40.572649633330144,40.831764221191406,14066700
CSCO,2020-01-27,40.029343435849974,40.17979852305544,39.511111018005344,39.67828369140625,20666000
CSCO,2020-01-28,39.72007017313904,40.09620783538102,39.70335258942239,39.92903518676758,14035100
CSCO,2020-01-29,40.096206163489434,40.10456336072276,39.22691097778898,39.327213287353516,14273600
CSCO,2020-01-30,38.90093165794443,39.511109177158694,38.66688865066595,39.48603439331055,14822600
CSCO,2020-01-31,39.27707741144789,39.28543461159296,38.315836778508576,38.42449951171875,20069900
CSCO,2020-02-03,38.78390336731487,39.143323404716206,38.62508793445451,38.89256286621094,15374900
CSCO,2020-02-04,39.46931161833041,39.87888124724767,39.37736650490528,39.803653717041016,13947300
CSCO,2020-02-05,40.39712275370937,40.62280218925275,40.246667670978155,40.4974250793457,17042300
CSCO,2020-02-06,40.69802474975586,40.80668744921928,40.305172693862495,40.69802474975586,9814800
CSCO,2020-02-07,40.62278845866197,40.76488629479139,40.01261113540594,40.09619903564453,16807500
CSCO,2020-02-10,40.11292566783402,40.86519780842969,40.02098055109883,40.848480224609375,19012700
CSCO,2020-02-11,41.28312189440301,41.550596819911284,40.84011714688354,41.065799713134766,23168300
CSCO,2020-02-12,41.316559447068244,42.02703916119165,41.29148466777416,41.73448944091797,31686200
CSCO,2020-02-13,39.41078852107872,39.84543278551873,38.93434871826203,39.55288314819336,47044700
CSCO,2020-02-14,39.41915771207071,39.46931046025459,38.85077265353149,39.260345458984375,26747200
CSCO,2020-02-18,39.13496209453349,39.16003687237026,38.691957347136515,38.94271469116211,18546300
CSCO,2020-02-19,39.02630146119587,39.126606954921094,38.36597449787853,38.691959381103516,27626400
CSCO,2020-02-20,38.524785825415144,39.25198310049085,38.36597358031092,39.160037994384766,20416700
CSCO,2020-02-21,39.0597412882127,39.160043605357906,38.49135617680123,38.700321197509766,20028700
CSCO,2020-02-24,37.61369575153697,38.18208074242218,36.777835845947266,36.777835845947266,35295900
CSCO,2020-02-25,36.81963749265933,36.953374983751914,35.16463484468113,35.72466278076172,48024700
CSCO,2020-02-26,35.91689278943048,36.25959514327841,35.055955119186734,35.239845275878906,38513200
CSCO,2020-02-27,34.50430693128672,35.189712018264736,33.44276412863699,33.46784210205078,51442900
CSCO,2020-02-28,32.34778144499717,33.89412111256006,32.05522854265234,33.37588882446289,80188000
CSCO,2020-03-02,33.55978287032613,34.42907491424125,32.53167218490419,34.412357330322266,48864300
CSCO,2020-03-03,34.48758934519537,35.02254253445821,33.19200671437368,33.46784210205078,49294700
CSCO,2020-03-04,34.036223896723875,34.64640138000521,33.26723095561442,34.596248626708984,30022100
CSCO,2020-03-05,33.57649644048434,33.86068898301617,32.84094189744563,33.074981689453125,30255900
CSCO,2020-03-06,31.762678532733624,33.39260609515023,31.595505902745536,33.16692352294922,48605600
CSCO,2020-03-09,30.843234689677754,33.06662211991132,30.333359589192327,31.729244232177734,61535300
CSCO,2020-03-10,32.80749749303589,33.55977259632253,31.654010064180415,33.50126266479492,50536500
CSCO,2020-03-11,32.615255898879454,32.7322757826699,30.400225737808178,30.968610763549805,63594300
CSCO,2020-03-12,28.83717249474646,29.94050753511338,27.583382386279222,27.75055503845215,51855300
CSCO,2020-03-13,29.405557885999112,31.49520808717271,27.859218012551914,31.461772918701172,53859600
CSCO,2020-03-16,27.77562929139637,30.9184648890332,27.081867102635695,28.176841735839844,44211300
CSCO,2020-03-17,29.004337878654916,30.299920028364156,28.084890116386948,29.673025131225586,41572400
CSCO,2020-03-18,28.21863237015987,31.520280028126262,27.842497918694544,31.027122497558594,56904300
CSCO,2020-03-19,30.968617095928163,32.86601996857778,30.216344894072993,31.52028465270996,58319700
CSCO,2020-03-20,31.988362540142056,32.155535177630604,29.5894452361229,29.756614685058594,48582500
CSCO,2020-03-23,29.681387876215453,29.940505630023694,28.20191844828829,28.92075538635254,39823400
CSCO,2020-03-24,30.433658651529406,32.33106099593797,29.706461435623403,32.264190673828125,48235600
CSCO,2020-03-25,32.30598867446375,33.39260598290471,31.34474844667788,31.48684310913086,42873900
CSCO,2020-03-26,31.737605750598927,34.2033902409542,31.23608782908801,33.9192008972168,38473300
CSCO,2020-03-27,32.77407453620361,33.55978508958798,32.10538707799065,32.448089599609375,31278600
CSCO,2020-03-30,32.97467649724265,33.84397163242974,32.56510370844495,33.701873779296875,27120300
CSCO,2020-03-31,33.543055555919786,33.785452481045404,32.690478154694276,32.85765075683594,26014200
CSCO,2020-04-01,31.904772531545014,32.481517933570935,31.654015186058917,32.03851318359375,26790700
CSCO,2020-04-02,31.928831064911673,33.709218294380754,31.616631452260815,33.58264923095703,28180500
CSCO,2020-04-03,33.59951952818666,33.9960995210122,32.51947572329857,32.95824432373047,21235200
CSCO,2020-04-06,34.13953917482079,35.168957870074976,33.56576513669067,34.958011627197266,31641400
CSCO,2020-04-07,35.995869978927466,36.06337432770901,34.24923518901121,34.29142379760742,30366100
CSCO,2020-04-08,34.73862503333281,35.60772572528067,34.4854901907281,35.21958541870117,22683500
CSCO,2020-04-09,35.514914752217166,35.60773162760716,34.4686198188909,34.763946533203125,27643900
CSCO,2020-04-13,34.628937380792706,34.98332553790779,34.19860522568514,34.780818939208984,19592000
CSCO,2020-04-14,35.363033862003455,36.130878184017675,35.042394618665774,36.09712600708008,22882400
CSCO,2020-04-15,35.60771706328112,35.751158925642336,34.78924482647095,35.03394317626953,18428800
CSCO,2020-04-16,35.23646492762589,35.2617806698075,34.32517867870713,35.01708221435547,26178000
CSCO,2020-04-17,35.64992014100012,35.978995811911496,35.2195911602971,35.843990325927734,30701500
CSCO,2020-04-20,35.37147742581465,36.527465578026195,35.261787656837086,35.89462661743164,23438800
CSCO,2020-04-21,35.29552384857796,35.43052930358395,34.097347618963845,34.215476989746094,31661000
CSCO,2020-04-22,34.8230050049063,35.51490840108166,34.68799954269608,35.23645782470703,18330700
CSCO,2020-04-23,35.34615041319327,35.90304834155843,35.04238732157881,35.11832809448242,16100200
CSCO,2020-04-24,35.30396113558381,35.995864511580194,35.1436431597548,35.87773513793945,14639200
CSCO,2020-04-27,36.029618551252824,36.468387118113434,35.92836525698782,36.33338165283203,17937900
CSCO,2020-04-28,36.70464602097643,36.81433896781594,35.78492027928566,35.85242462158203,16427700
CSCO,2020-04-29,36.578073731227654,36.687766668298835,36.22368562208312,36.569637298583984,17430100
CSCO,2020-04-30,36.42620081233659,36.42620081233659,35.58241572182574,35.759613037109375,26679900
CSCO,2020-05-01,35.20270610542289,35.278646873119285,34.40110982835736,34.52767562866211,22095300
CSCO,2020-05-04,34.552994692275355,34.94113500065405,34.16485438389666,34.890506744384766,15997700
CSCO,2020-05-05,35.109891169548995,35.37990208747174,34.92425745643309,34.98332214355469,15060200
CSCO,2020-05-06,35.06771157476756,35.177401325434964,34.56987821345016,34.72175979614258,16040300
CSCO,2020-05-07,35.09301668667718,35.24489823728948,34.78081715210044,34.90738296508789,20173600
CSCO,2020-05-08,35.45584248352646,36.29962739778806,35.18583156846547,36.274314880371094,21959100
CSCO,2020-05-11,36.09711646601199,36.83121163583981,35.9536745801184,36.55276107788086,26182700
CSCO,2020-05-12,37.07590671797842,37.37966979182833,36.44306805371908,36.4683837890625,25817100
CSCO,2020-05-13,36.62870331978037,36.763708778491925,34.856756271843246,35.39677810668945,36986700
CSCO,2020-05-14,36.645577563454665,37.61593146210901,36.502132460214064,36.99996566772461,50417700
CSCO,2020-05-15,36.22368305599284,37.447171704823205,36.15617872448985,37.35435485839844,30573000
CSCO,2020-05-18,38.14751995371662,38.2234607342123,37.40499145418592,38.02095413208008,26966500
CSCO,2020-05-19,37.826884346504166,37.95345016942095,37.47249296101141,37.64125061035156,24345400
CSCO,2020-05-20,38.01251523227652,38.662230096323015,37.99563914530051,38.341590881347656,20184500
CSCO,2020-05-21,38.35002812171211,38.52722219563668,37.59906000183574,37.666561126708984,18674900
CSCO,2020-05-22,37.69187479660569,37.92813678783382,37.22779368554071,37.885948181152344,12592800
CSCO,2020-05-26,38.62846457607828,38.645340657223535,37.700302644572446,37.83530807495117,21776900
CSCO,2020-05-27,38.00407671519746,38.797233446890885,37.8015669013692,38.780357360839844,22157200
CSCO,2020-05-28,38.729734921248976,39.20225248725939,38.282526657837614,38.47659683227539,20013000
CSCO,2020-05-29,38.84786745051327,40.34980392456055,38.316281927030616,40.34980392456055,43553600
CSCO,2020-06-01,39.78446467618272,39.902594063073586,39.00818078995301,39.06724548339844,18712400
CSCO,2020-06-02,39.15162588159709,39.57351838799885,38.712857288685136,39.56507873535156,17285900
CSCO,2020-06-03,39.641025279735175,39.826659039557256,39.26976097887585,39.60727310180664,17492000
CSCO,2020-06-04,39.4638274352415,39.86884387566073,39.26131760563961,39.53976821899414,14100700
CSCO,2020-06-05,39.885717459986644,40.746378548910684,39.82665276730616,40.358238220214844,22591100
CSCO,2020-06-08,40.046024979590854,40.63667497072365,39.75913802497113,40.61136245727539,17820900
CSCO,2020-06-09,40.5185526859926,40.70418640042546,40.07134770353242,40.54386520385742,18597300
CSCO,2020-06-10,40.21478547431354,40.358230571340016,39.75914088674764,40.01227569580078,18462400
CSCO,2020-06-11,39.64946041757092,39.657896851699725,36.82277860431738,36.84809112548828,35582000
CSCO,2020-06-12,37.93657537120262,38.69598320963592,37.21935936062582,38.02939224243164,26125600
CSCO,2020-06-15,37.227789028780535,38.61159575505492,37.06747105593108,38.26564407348633,21300100
CSCO,2020-06-16,40.00384409634434,40.07134843693143,38.73816667939341,39.21912384033203,28074600
CSCO,2020-06-17,39.44695073314568,39.506015428612336,38.72973473460228,38.95755386352539,20399100
CSCO,2020-06-18,38.6369135705132,38.85629624089333,38.26564613309187,38.6706657409668,22423500
CSCO,2020-06-19,39.03349414271004,39.24444040059469,38.012515027056615,38.24033737182617,36103200
CSCO,2020-06-22,38.0631351926563,38.35845860337329,37.81000038078691,38.105323791503906,18398600
CSCO,2020-06-23,38.746605889674754,38.94067927338049,38.24033617412197,38.366905212402344,23222400
CSCO,2020-06-24,38.21502503227799,38.366906596178595,37.45561721277496,37.75938034057617,22840100
CSCO,2020-06-25,37.77625617578678,38.24033729848607,37.29529896623495,38.15596008300781,19114900
CSCO,2020-06-26,38.071569973894384,39.24443035242765,37.65811721682046,39.07567596435547,106928300
CSCO,2020-06-29,39.10099562831799,39.193812489999175,38.53565802479815,38.940677642822266,23875400
CSCO,2020-06-30,38.94067696577568,39.666329323390386,38.898485142992925,39.354129791259766,21888800
CSCO,2020-07-01,39.26975488024387,39.42163643855007,38.814110205325285,38.86473846435547,17129500
CSCO,2020-07-02,39.179395145660614,39.306961221063084,38.677640223425655,38.805206298828125,19632000
CSCO,2020-07-06,39.179397101276706,39.536580183748164,39.0093100736303,39.477046966552734,16152900
CSCO,2020-07-07,39.22191608941475,39.366491191146885,38.745676328744324,38.805206298828125,17102800
CSCO,2020-07-08,38.77119402671651,39.179400987069485,38.541577003241606,38.958290100097656,15020800
CSCO,2020-07-09,39.63012286787897,40.14038392379049,39.306961101022395,39.71516799926758,26027700
CSCO,2020-07-10,39.740678496827954,39.902259374483556,39.32396872240142,39.681148529052734,13775700
CSCO,2020-07-13,39.85973409185769,39.96178823476484,38.93276338069172,39.06032943725586,17965500
CSCO,2020-07-14,38.6861395303524,39.54507412148368,38.618103437042464,39.34096908569336,19303500
CSCO,2020-07-15,39.54508293759961,39.8257270188602,39.11136410054441,39.46004104614258,15705000
CSCO,2020-07-16,38.8647292970218,38.97528632626194,38.4395134474792,38.932762145996094,17709400
CSCO,2020-07-17,39.153884572878404,39.91076842777152,39.01781560170818,39.7576904296875,20389700
CSCO,2020-07-20,39.68965391482811,40.05533987937253,39.340976977022976,39.944786071777344,15966500
CSCO,2020-07-21,40.20841936974268,40.25094356024087,39.842733391611986,39.987308502197266,16044700
CSCO,2020-07-22,39.98730481693199,40.06384381097847,39.57059179509226,39.88525390625,27218300
CSCO,2020-07-23,39.95329136938803,40.56560339232037,39.698162441213,40.31897735595703,23750200
CSCO,2020-07-24,40.38701193724117,40.51457477442672,39.21341501912089,39.46004104614258,16983600
CSCO,2020-07-27,39.68114628420466,40.19140404888014,39.24742750864447,40.131874084472656,15576000
CSCO,2020-07-28,39.95329328865828,40.03833843156223,39.29846028693006,39.35799026489258,13975300
CSCO,2020-07-29,39.46003158329828,39.86823840385303,39.434516426667756,39.723663330078125,11618200
CSCO,2020-07-30,39.23042109678257,39.511061912803555,38.59259722638765,39.49405288696289,15385100
CSCO,2020-07-31,39.4515302064218,40.063842133150736,39.000802395990675,40.055335998535156,17701100
CSCO,2020-08-03,40.089348551703814,40.276444557914296,39.69815076066315,40.10635757446289,14141100
CSCO,2020-08-04,39.97879994615753,40.54008483886719,39.89375805859002,40.54008483886719,12839500
CSCO,2020-08-05,40.54007826935997,40.59110534011558,40.01281151477674,40.25093460083008,13075600
CSCO,2020-08-06,40.165891952393096,40.67615295890264,40.05533491436174,40.625125885009766,14190900
CSCO,2020-08-07,40.25093758158571,40.48055130664103,39.99580545305353,40.33597946166992,17054300
CSCO,2020-08-10,40.106360584270945,40.820723373065164,40.106360584270945,40.59110641479492,14999200
CSCO,2020-08-11,40.735683107110994,41.20341993208681,40.04683220507332,40.131874084472656,18859600
CSCO,2020-08-12,40.20841176384113,40.93128069174774,40.19990887383407,40.905765533447266,26823700
CSCO,2020-08-13,37.24041384278844,37.28293478914673,36.04130498829932,36.33045196533203,91849500
CSCO,2020-08-14,36.13483817632967,36.46650596350596,35.94774219622452,36.143341064453125,32539500
CSCO,2020-08-17,36.185867905351095,36.36445778237167,35.59907120479515,35.79467010498047,30511700
CSCO,2020-08-18,35.82869216458768,35.96476112100762,35.55655425174779,35.70112609863281,23344600
CSCO,2020-08-19,35.80317720075273,36.01578514908057,35.531039286424274,35.60757827758789,20097400
CSCO,2020-08-20,35.60758127961076,36.07531815653826,35.488521337571775,35.981773376464844,18443900
CSCO,2020-08-21,35.760657159374276,35.97326511304967,35.556555340564245,35.93074417114258,17389600
CSCO,2020-08-24,35.777671602165825,36.11784567720917,35.7181416256543,35.871219635009766,17742900
CSCO,2020-08-25,35.91373717043511,35.97326714128944,35.53104218341435,35.684120178222656,15417400
CSCO,2020-08-26,35.42048637997758,35.956256087458854,35.25039936820928,35.93074417114258,21625800
CSCO,2020-08-27,36.05832313758709,36.11785312637644,35.73515802405839,35.96477508544922,22456800
CSCO,2020-08-28,35.83719847534001,35.97326744474631,35.71813853262701,35.88822555541992,16573600
CSCO,2020-08-31,35.80318873606333,36.015796752890644,35.66711973505949,35.905242919921875,21298000
CSCO,2020-09-01,35.7181328004798,35.777662762282766,35.292916933807426,35.74364471435547,23325100
CSCO,2020-09-02,35.752151836295276,36.30493053175975,35.743645702008614,36.075313568115234,30045700
CSCO,2020-09-03,35.50552867930339,35.57356478246289,34.587060751489915,34.8251838684082,39288100
CSCO,2020-09-04,35.037787459021395,35.23338636502427,34.39145753609579,34.714622497558594,34867400
CSCO,2020-09-08,34.059793891577286,34.53603688075673,33.99176103263162,34.01727294921875,29101800
CSCO,2020-09-09,34.10231534426219,34.42548035047498,33.7791535821894,34.127830505371094,23351600
CSCO,2020-09-10,34.04279017598224,34.56155418843981,33.52402616352468,33.65159225463867,25108800
CSCO,2020-09-11,33.821677952114754,34.059797852325,33.60906997145837,33.915225982666016,21853000
CSCO,2020-09-14,34.204365439334836,34.56154521105156,34.05979035734977,34.33192825317383,19866700
CSCO,2020-09-15,34.45098406395029,34.73162806034109,34.34043028731685,34.527523040771484,19024100
CSCO,2020-09-16,34.629586653638825,35.012278398380296,34.348942580412285,34.374454498291016,24310200
CSCO,2020-09-17,33.728122499572926,34.35744341125332,33.600556441594314,34.33192825317383,22225900
CSCO,2020-09-18,34.17034499948925,34.28940491506095,33.660087291570726,33.85568618774414,44450800
CSCO,2020-09-21,33.43047989186649,33.56654886909239,32.903209766493376,33.200862884521484,28495000
CSCO,2020-09-22,33.31992016253001,33.558040042548114,33.06479125620489,33.43898010253906,17656800
CSCO,2020-09-23,33.36244202651078,33.49851099658022,32.46948920767126,32.55453109741211,24843200
CSCO,2020-09-24,32.31641650247174,32.45248549482179,31.976242399526296,32.18885040283203,30910400
CSCO,2020-09-25,32.11230052753897,32.77563947944554,31.993240605031,32.699100494384766,22966600
CSCO,2020-09-28,33.336927122075615,33.41346611364203,32.98825021474857,33.27739715576172,24275700
CSCO,2020-09-29,33.22637169590149,33.490006733927146,33.02226987122487,33.21786880493164,16353700
CSCO,2020-09-30,33.24337577373181,33.762139637455675,33.18384581338378,33.498504638671875,27113200
CSCO,2020-10-01,33.558591468189135,33.738831922803044,33.10370621992411,33.301109313964844,20763500
CSCO,2020-10-02,32.6574001618137,33.08653814889157,32.588739786394,32.846221923828125,24493000
CSCO,2020-10-05,33.02644616267929,33.29251278916443,32.85479038023926,33.10369110107422,26929100
CSCO,2020-10-06,33.043612068329466,33.773145051122434,32.957785814140315,33.10369110107422,28430800
CSCO,2020-10-07,33.45559676309115,33.970564307148926,33.28394091507189,33.81607437133789,20593700
CSCO,2020-10-08,34.1593915629749,34.48553743053587,34.039233420732394,34.15081024169922,19031300
CSCO,2020-10-09,34.45977109909754,34.52843145345099,34.090712281519444,34.20228576660156,16167500
CSCO,2020-10-12,34.27095198823614,34.78591614407046,34.01346991031899,34.640010833740234,22757200
CSCO,2020-10-13,34.794502068024904,34.854581112704686,34.08213157530408,34.16796112060547,23438300
CSCO,2020-10-14,34.202301470809836,34.69151858868019,34.12505649040591,34.23663330078125,16439100
CSCO,2020-10-15,33.876152254011004,34.33103745255727,33.773156784328066,34.30529022216797,15451400
CSCO,2020-10-16,34.22804090228799,34.58851517812847,33.94480830778837,34.46835708618164,21292500
CSCO,2020-10-19,34.45978019404263,34.657183266744525,33.61008557548303,33.73024368286133,19600500
CSCO,2020-10-20,33.850405035011875,33.910484094459974,33.49851199793164,33.6444206237793,16564900
CSCO,2020-10-21,33.738830472919325,33.96198079057392,33.45559782359991,33.524261474609375,17016300
CSCO,2020-10-22,33.34402650268201,33.43843740129034,32.94063894598776,33.31827926635742,20399000
CSCO,2020-10-23,33.412690164965746,33.44702199610761,33.17237389509992,33.31827926635742,15556100
CSCO,2020-10-26,32.957793479804046,32.983540707237005,31.8849486825977,32.33124923706055,29146500
CSCO,2020-10-27,32.08235682707167,32.18534902722113,31.404318021789752,31.644634246826172,37911500
CSCO,2020-10-28,31.172581432527007,31.335652680129417,30.62328536264222,30.649032592773438,34561500
CSCO,2020-10-29,30.47737462957723,30.958010294280104,30.279971572841035,30.631864547729492,35332000
CSCO,2020-10-30,30.55461979744468,30.83785240734679,30.460212201539935,30.812105178833008,29151200
CSCO,2020-11-02,31.0610026939457,31.198326702790247,30.614698846685254,30.812105178833008,23483100
CSCO,2020-11-03,31.206913622592687,32.039442329967734,31.1554158876615,31.4815616607666,27342900
CSCO,2020-11-04,31.781952081488825,32.013686942236994,31.32706695153634,31.38714599609375,30121900
CSCO,2020-11-05,31.77336853085101,32.01368469219029,31.67895767487854,31.95360565185547,23149700
CSCO,2020-11-06,32.23684822403578,32.27117677626469,31.82487613072051,32.211097717285156,19475300
CSCO,2020-11-09,34.262376768319434,34.52844351024268,32.71748060420006,32.7861442565918,42649500
CSCO,2020-11-10,32.79472973818601,33.49851589420513,32.760397907632985,33.232452392578125,31514500
CSCO,2020-11-11,33.48134158787646,33.858985081188024,32.992124584325325,33.7559928894043,27332800
CSCO,2020-11-12,33.455596142139996,33.80748915071984,32.95779779359278,33.18952941894531,29368300
CSCO,2020-11-13,35.36096745754902,35.6356154814705,34.81167140970606,35.532623291015625,49106400
CSCO,2020-11-16,35.824449947825535,36.553983406555325,35.489719480366496,36.511070251464844,34572600
CSCO,2020-11-17,35.97891624768587,36.34797506548563,35.72143418909726,35.94458770751953,23140900
CSCO,2020-11-18,35.96177192186962,36.25358594324178,35.41247243676744,35.46397018432617,21327700
CSCO,2020-11-19,35.18931119369545,35.506872353583944,34.991908133545174,35.3352165222168,22177700
CSCO,2020-11-20,35.232223140443374,35.52403706167109,35.1206463627221,35.1635627746582,19776300
CSCO,2020-11-23,35.215060471165046,35.87593333223504,35.20647915242566,35.738609313964844,19651400
CSCO,2020-11-24,36.16775330078443,36.656970401935816,35.961768876122484,36.571144104003906,22849700
CSCO,2020-11-25,36.717035061775654,36.73420096944079,36.2278181525365,36.47671890258789,22617700
CSCO,2020-11-27,36.78570811667876,36.888700314993386,36.596886358049495,36.64838409423828,10769500
CSCO,2020-11-30,36.425229242971376,36.94877808343775,36.39948201280511,36.923030853271484,34741600
CSCO,2020-12-01,36.914450468732085,37.82422423572033,36.914450468732085,37.36933898925781,23942500
CSCO,2020-12-02,37.24059316264769,37.729810195060146,37.206261338673464,37.66973114013672,17422200
CSCO,2020-12-03,37.575322188864995,37.88430207235793,37.420832247118526,37.85855484008789,27710700
CSCO,2020-12-04,37.66972584082182,38.2018559413114,37.66972584082182,38.09028244018555,17319800
CSCO,2020-12-07,38.0130425867733,38.18469843147525,37.68689680924591,38.064537048339844,14086800
CSCO,2020-12-08,37.94437536333055,38.21902337934523,37.70405916783336,38.08169937133789,13348500
CSCO,2020-12-09,38.167527671837924,38.47650749824447,38.07311680554009,38.356346130371094,22679800
CSCO,2020-12-10,38.227605754934636,38.28768480032534,37.8585468909275,38.03878402709961,17741500
CSCO,2020-12-11,37.712638299219776,38.04736861876252,37.52381984544717,38.03878402709961,14577700
CSCO,2020-12-14,37.99587433491051,38.54517038487784,37.89288214405732,37.97012710571289,16112300
CSCO,2020-12-15,38.09886653412449,38.450759520840954,37.88429755993,38.38209915161133,18159400
CSCO,2020-12-16,38.36493324078825,38.74257345670798,38.219024635823374,38.38209915161133,16192000
CSCO,2020-12-17,38.54517098825537,38.56233689934341,38.27910427748506,38.467926025390625,16141600
CSCO,2020-12-18,38.536590704883956,39.11163400849689,38.425013916846055,39.000057220458984,41027000
CSCO,2020-12-21,38.167535219966595,38.588088631474605,37.82422350627328,38.51942825317383,19865300
CSCO,2020-12-22,38.14177717026238,38.68249186647384,38.14177717026238,38.356346130371094,16024000
CSCO,2020-12-23,38.32201730831709,38.450756719015196,38.064531938795945,38.09028244018555,12032600
CSCO,2020-12-24,38.150362768411696,38.270520865391916,37.96154103083559,38.22760772705078,5720500
CSCO,2020-12-28,38.56234130742389,38.91423433979666,38.38210413149073,38.55375671386719,13458400
CSCO,2020-12-29,38.59667105450576,38.83698727613862,38.21902753586787,38.313438415527344,11829000
CSCO,2020-12-30,38.39926670484421,38.673914741635365,38.141781305547504,38.17611312866211,11043100
CSCO,2020-12-31,38.090287176735096,38.4850933238036,37.90146542202282,38.4078483581543,15105500
CSCO,2021-01-04,38.338639575566305,38.390551665456826,37.50800983054084,38.035804748535156,24392500
CSCO,2021-01-05,37.79353029802501,38.13097200237278,37.533960010112516,38.0531005859375,17763700
CSCO,2021-01-06,38.18289343459884,38.82316669293233,37.97523519097274,38.416507720947266,21823100
CSCO,2021-01-07,38.24345321915201,39.03081828687212,38.21749388023657,38.901031494140625,18218800
CSCO,2021-01-08,38.4857214871065,39.29039174556576,38.28671747596068,38.9875602722168,20936300
CSCO,2021-01-11,39.06544005415723,39.757628784668064,38.952958354006654,39.24713897705078,25058200
CSCO,2021-01-12,39.195222770831585,39.74032282881208,38.90104215389469,39.61919021606445,20145000
CSCO,2021-01-13,39.1865726694196,39.77493391550786,39.09139610010882,39.24713897705078,19367300
CSCO,2021-01-14,38.82316501168899,39.454787328634474,38.805859883751566,39.065433502197266,22333500
CSCO,2021-01-15,38.90102750513044,39.49804272973755,38.83181030988921,39.30768966674805,30271700
CSCO,2021-01-19,39.22117250477028,39.48074279713215,38.736638871910195,39.10003662109375,28868800
CSCO,2021-01-20,39.221173153207005,39.36826177775156,39.05677610152144,39.22982406616211,16499400
CSCO,2021-01-21,39.108694178334396,39.1433044337726,38.69338101492284,39.03082275390625,17488400
CSCO,2021-01-22,38.71933580301677,38.84046839251432,38.26941239872908,38.73664093017578,14643400
CSCO,2021-01-25,38.970259286817225,39.08273767423497,38.68472960964326,38.961605072021484,16581300
CSCO,2021-01-26,38.840465988491985,39.238473986668026,38.736638532579825,39.16060256958008,13087800
CSCO,2021-01-27,39.143297576029084,40.19888377703493,39.004859879145606,39.54130554199219,29634500
CSCO,2021-01-28,39.72300861998801,40.03449429621813,39.1952138131109,39.22982406616211,21166000
CSCO,2021-01-29,38.80584983725537,39.255773145300175,38.48571330483275,38.57223892211914,22608100
CSCO,2021-02-01,38.8664218581781,39.480742279472,38.64146182124484,39.28173828125,16776900
CSCO,2021-02-02,39.38556502285279,39.748962760685046,39.30769360751513,39.65378952026367,16520900
CSCO,2021-02-03,39.584573991999385,39.93932086187027,39.40287510024944,39.60187911987305,13173600
CSCO,2021-02-04,39.68839614245876,40.94298969001618,39.60187381529557,40.882423400878906,22285700
CSCO,2021-02-05,41.15929446049763,41.82552687124244,41.09872817775854,41.60056686401367,25488600
CSCO,2021-02-08,42.015881877832015,42.690765231394195,42.015881877832015,42.344669342041016,25215400
CSCO,2021-02-09,42.19758827096816,42.24950365382775,41.88610257504187,41.96397399902344,24795000
CSCO,2021-02-10,39.93066752431487,41.02086410925158,39.6537920963749,40.873775482177734,44540900
CSCO,2021-02-11,40.96894239910135,41.453475973443844,40.839158918902164,41.16794967651367,18589900
CSCO,2021-02-12,41.03816672891634,41.26312676264321,40.588243360847336,40.91703414916992,15239800
CSCO,2021-02-16,40.89107287101016,40.89107287101016,40.146972302053676,40.24214553833008,18539000
CSCO,2021-02-17,40.077747677251494,40.146968169908064,39.68839065759518,40.017181396484375,13296300
CSCO,2021-02-18,40.138323423664445,40.14697763759478,39.532657172546855,40.095062255859375,16867500
CSCO,2021-02-19,40.26811373791747,40.32868003824731,39.43748736143744,39.524009704589844,25117700
CSCO,2021-02-22,39.186557099614696,39.52399876537615,38.77989493799709,39.30768966674805,21435800
CSCO,2021-02-23,39.16060204107343,39.610525411441095,39.022164334853784,39.37691116333008,19714900
CSCO,2021-02-24,39.14329429649416,39.6278245446835,38.9702463647345,39.57591247558594,17823600
CSCO,2021-02-25,39.44612918309772,40.008534185800364,39.14329775125171,39.385562896728516,21916700
CSCO,2021-02-26,39.437482522073324,39.610527187143866,38.72798553269938,38.82316207885742,22144900
CSCO,2021-03-01,39.12599601933424,39.99123252891268,39.12599601933424,39.731658935546875,17394100
CSCO,2021-03-02,39.74030970286886,39.870096488297186,39.29903727290461,39.385562896728516,14833000
CSCO,2021-03-03,39.30769268416224,39.39421501000932,38.935640741912536,39.04812240600586,16851100
CSCO,2021-03-04,39.05677858338697,39.34230823828038,38.20019621993794,38.5549430847168,24653500
CSCO,2021-03-05,39.32499297299246,40.44114866246897,39.16925016512994,40.017181396484375,33197600
CSCO,2021-03-08,40.00854001528051,41.877450854192325,39.97392976070803,41.10738754272461,34824500
CSCO,2021-03-09,41.37560619874424,41.851485579494,41.28908387519521,41.43617248535156,26512700
CSCO,2021-03-10,41.93801900541771,42.21489445302,41.695750513303935,41.78227615356445,19841500
CSCO,2021-03-11,41.972621878339915,42.46580972831458,41.73035671040632,42.223541259765625,21976600
CSCO,2021-03-12,42.232201441857654,42.38794430057307,41.93802085324142,42.24085235595703,15196500
CSCO,2021-03-15,42.31006598326382,42.77729118273136,42.31006598326382,42.75133514404297,15523600
CSCO,2021-03-16,42.56098234629416,43.03686506289912,42.56098234629416,42.976295471191406,17282300
CSCO,2021-03-17,42.92437626853715,42.92437626853715,42.30140503428931,42.759979248046875,18326900
CSCO,2021-03-18,41.98127609183204,42.88977377219837,41.98127609183204,42.223541259765625,18416900
CSCO,2021-03-19,42.145669651027774,42.58694211990243,41.80822793989736,42.3792839050293,65366800
CSCO,2021-03-22,42.34467814399852,43.59062096416529,42.34467814399852,43.521400451660156,28813900
CSCO,2021-03-23,43.27913532400311,43.85019135056371,43.17530785570546,43.27048110961914,28328200
CSCO,2021-03-24,43.209908071927046,43.651180519444075,42.93303266590723,42.95899200439453,26444700
CSCO,2021-03-25,43.76366789441522,44.47316162748535,43.512748493530125,43.70309829711914,34537700
CSCO,2021-03-26,43.78096434892961,45.54604755145509,43.74635739837016,45.48548126220703,31997000
CSCO,2021-03-29,45.338391330620254,45.80561650546578,45.234560580107804,45.44221878051758,25032800
CSCO,2021-03-30,45.0874812142135,45.24322407130634,44.282810886105764,44.79330062866211,22465100
CSCO,2021-03-31,44.84520189389713,45.03555164770623,44.60293346991728,44.741371154785156,22212400
CSCO,2021-04-01,44.77598685477914,45.05286225823774,44.42989095014831,44.97499084472656,17896200
CSCO,2021-04-05,44.99243158661077,46.116586246794704,44.99243158661077,45.67215347290039,19860900
CSCO,2021-04-06,45.29742828978093,45.506575248524996,45.12313971154056,45.340999603271484,15126100
CSCO,2021-04-07,45.323573120838,45.436861202104254,44.9488571430096,45.11442947387695,15783600
CSCO,2021-04-08,45.262565613189075,45.31485317898176,44.83556212752117,45.23642349243164,15111300
CSCO,2021-04-09,45.16671103589765,45.4455714109139,45.0359937807372,45.39328384399414,13135800
CSCO,2021-04-12,45.37585956919358,45.454289265928146,44.85299714048195,44.94013977050781,16441700
CSCO,2021-04-13,45.00113694202239,45.21028389257725,44.73970574703733,45.0185661315918,13353200
CSCO,2021-04-14,44.88785107583643,45.03599753231097,44.5654193636669,44.76585006713867,15376600
CSCO,2021-04-15,45.10570094542317,45.262560300110714,44.76584011835932,45.001129150390625,17869800
CSCO,2021-04-16,45.70700614696582,46.34315663464807,45.54143050099881,46.01200866699219,28327900
CSCO,2021-04-19,45.77671974152551,46.15143902414922,45.7418646850298,46.055580139160156,20245600
CSCO,2021-04-20,45.828998237628596,46.00328678270717,44.96627176784227,45.1318473815918,21257500
CSCO,2021-04-21,45.17543458166328,45.375865315527605,44.86171575499611,45.25386428833008,14015500
CSCO,2021-04-22,45.14927490356489,45.39327686311037,44.774555708961536,44.879127502441406,15564800
CSCO,2021-04-23,44.87913343687617,45.428141242727,44.60027306787081,45.23642349243164,14016800
CSCO,2021-04-26,45.00984540580517,45.11441720083772,44.87912816880642,45.001129150390625,13778200
CSCO,2021-04-27,44.94885490446348,45.02728127495933,44.74842087671354,44.76585006713867,13601000
CSCO,2021-04-28,44.931420738797215,45.114422231580164,44.37369667978407,44.53927230834961,14984000
CSCO,2021-04-29,44.60027822290719,44.96628125292629,44.42598964106458,44.84428024291992,13916600
CSCO,2021-04-30,44.635130033281335,44.643842965165625,43.92926287665645,44.36498260498047,19930200
CSCO,2021-05-03,44.6264187437416,44.79199438646993,44.27784491685508,44.59156036376953,13465900
CSCO,2021-05-04,44.53927769450797,44.64384951384732,43.83341043434139,44.19070053100586,18164800
CSCO,2021-05-05,44.434712077277105,44.66128493818333,44.16456457164241,44.55671310424805,16205300
CSCO,2021-05-06,44.504409303070474,45.93356936827206,44.399837507252116,45.698280334472656,27106800
CSCO,2021-05-07,45.7331440867965,46.77887214080702,45.50657128182851,46.561012268066406,24146000
CSCO,2021-05-10,47.03159277562872,47.179735900950185,46.32572555541992,46.32572555541992,23845600
CSCO,2021-05-11,46.27343652906749,46.2821527857401,45.41071327804182,46.038150787353516,20220900
CSCO,2021-05-12,45.47171845295558,45.689578352280094,44.85299713670073,44.96628189086914,22123300
CSCO,2021-05-13,45.41071529232057,46.02072363962302,45.21028459557282,45.74186325073242,15864000
CSCO,2021-05-14,46.12529373297409,46.37801198981155,45.83771709775672,46.099151611328125,14789400
CSCO,2021-05-17,45.9771509241011,46.31701515377389,45.907437486104406,46.134010314941406,15731000
CSCO,2021-05-18,46.01200566409686,46.48258379937876,45.95972142080638,46.12529373168945,20177200
CSCO,2021-05-19,45.21028443542784,45.89000621540619,45.192855245649156,45.72443389892578,29187900
CSCO,2021-05-20,43.92926877612648,46.160155281481764,43.65912131154622,46.055580139160156,48830800
CSCO,2021-05-21,45.98586477089255,46.12529496385503,45.52400288000642,45.6895751953125,24468400
CSCO,2021-05-24,46.15143053604993,46.857297657647095,46.00328743142447,46.52614974975586,21128900
CSCO,2021-05-25,46.508724213294514,46.69172903092532,46.30829353139201,46.45643997192383,20657200
CSCO,2021-05-26,46.49129272144482,46.7178688370853,46.02943088273733,46.10786056518555,18671200
CSCO,2021-05-27,46.12528958969122,46.491292556969654,45.8202871169592,46.116573333740234,56216100
CSCO,2021-05-28,46.34315361143164,46.37801198981155,46.046864043758255,46.099151611328125,14863500
CSCO,2021-06-01,46.15143405686432,46.46515280150724,45.68957219629435,45.85514450073242,15741700
CSCO,2021-06-02,45.881295522684546,46.177585114831565,45.66343562623168,46.15143966674805,14529300
CSCO,2021-06-03,46.012000359454696,46.67429617518792,45.855140999111434,46.4738655090332,17593100
CSCO,2021-06-04,46.569732189290086,47.20588271425023,46.569732189290086,47.11874008178711,11676700
CSCO,2021-06-07,47.33660286488288,47.44117469505136,46.87474090105007,46.9880256652832,14899800
CSCO,2021-06-08,47.03160173269778,47.3976048115104,46.961884960955196,47.1710319519043,15329700
CSCO,2021-06-09,47.21458351168177,47.423727090820684,47.005436608265605,47.07515335083008,14860900
CSCO,2021-06-10,47.43245603888326,47.998893088829895,47.29302584071952,47.955318450927734,22183500
CSCO,2021-06-11,48.09475136578284,48.23418157182246,47.528317608118634,47.7287483215332,17134000
CSCO,2021-06-14,47.3975969777526,47.51959798385945,46.648158426778416,47.20587921142578,15131400
CSCO,2021-06-15,47.258157474660024,47.33658715232265,46.82243778192931,46.874725341796875,12542600
CSCO,2021-06-16,46.927015587083226,46.98801608593534,46.29958140970746,46.59587097167969,15477900
CSCO,2021-06-17,46.54358927594179,46.66559028903475,46.19501210343765,46.29958724975586,18288400
CSCO,2021-06-18,46.02072505368262,46.04686717710747,45.21028598473039,45.375858306884766,35758300
CSCO,2021-06-21,45.6372914411418,46.54358943329392,45.56757800097226,46.34315872192383,17682200
CSCO,2021-06-22,46.44772687922918,46.50001444843917,46.02072336565412,46.41286849975586,16451200
CSCO,2021-06-23,46.421582151327186,46.43901134008563,45.82900303065169,45.97714614868164,14749800
CSCO,2021-06-24,46.13400568677221,46.22986456314451,45.84643238193318,45.99457550048828,13974300
CSCO,2021-06-25,45.98586434981664,46.36058361327429,45.8812925371218,46.238582611083984,16682700
CSCO,2021-06-28,46.32572824876598,46.439016325719365,46.11658128548882,46.15143966674805,14008700
CSCO,2021-06-29,46.09043137749954,46.351862544234386,45.985859575661124,46.10786056518555,10926100
CSCO,2021-06-30,46.142723244523744,46.2472950561161,45.85514660729733,46.18629455566406,15826400
CSCO,2021-07-01,46.229871741940684,46.709162873950945,46.18630042526309,46.569732666015625,15074800
CSCO,2021-07-02,46.675030161075235,47.05236194771816,46.36790119401921,46.98216247558594,15066000
CSCO,2021-07-06,46.701350622958394,46.82420219065863,45.92913646497299,46.490745544433594,19394500
CSCO,2021-07-07,46.56973114269836,46.771559235905116,46.21872372562716,46.73645782470703,14411600
CSCO,2021-07-08,46.64870764416664,47.14011735857536,46.42932884536084,46.73645782470703,15691800
CSCO,2021-07-09,46.82420856109371,47.32439192475415,46.76278276888661,47.15766525268555,14673400
CSCO,2021-07-12,47.4209249720371,47.4209249720371,46.622386227447706,46.71013641357422,14000600
CSCO,2021-07-13,46.8066627974698,47.01726792687899,46.68381120008734,46.78911209106445,9927400
CSCO,2021-07-14,46.94706763749501,47.56132900504672,46.8066653261222,47.46480178833008,17113700
CSCO,2021-07-15,47.24541625016532,47.271740633725145,46.71890849424079,47.07868957519531,14952400
CSCO,2021-07-16,47.28051156967235,47.745593472413574,47.07868351098362,47.12255859375,14144900
CSCO,2021-07-19,47.0962364770561,47.12256420781594,46.27137344143166,46.56095504760742,19925300
CSCO,2021-07-20,46.75400429245814,47.324390456634546,46.6750277981484,47.01726150512695,17250200
CSCO,2021-07-21,47.22786546364172,47.298068282952755,46.876858061995875,47.280517578125,14068600
CSCO,2021-07-22,47.30684465828474,47.868453854967925,47.192766744128825,47.85968017578125,15729800
CSCO,2021-07-23,48.16680888211644,48.561691392342865,47.83335216820804,48.46516418457031,13042500
CSCO,2021-07-26,48.37741450038921,48.833722811621485,48.37741450038921,48.6757698059082,10097400
CSCO,2021-07-27,48.59679054237505,48.623114926013535,48.07905646360503,48.509037017822266,14738700
CSCO,2021-07-28,48.66699632782194,48.71964844938383,47.74560595894708,48.0615119934082,18835700
CSCO,2021-07-29,48.263327022839,48.57045594672993,48.1755768581428,48.32475280761719,10680200
CSCO,2021-07-30,48.33353964176347,48.69332074596157,48.27211049706414,48.588016510009766,13438800
CSCO,2021-08-02,48.78983600494333,49.088191259289964,48.49148075059669,48.65821075439453,12468800
CSCO,2021-08-03,48.73719827653374,49.50940929410047,48.500268754966086,49.360233306884766,17357400
CSCO,2021-08-04,49.465523070543846,49.465523070543846,48.67576152380891,48.868812561035156,11662400
CSCO,2021-08-05,48.71964647768384,49.12330268429023,48.70209577120682,48.93024826049805,10785200
CSCO,2021-08-06,48.67576601474216,49.096972881353125,48.39496143700151,48.78106689453125,18386100
CSCO,2021-08-09,48.98289879065354,49.2022775933159,48.61434400895913,48.6757698059082,8707200
CSCO,2021-08-10,48.70208730683336,48.851263264778886,48.48270853518096,48.798614501953125,10441900
CSCO,2021-08-11,49.044314492019836,49.14961535833462,48.789834329926094,49.01799011230469,12604500
CSCO,2021-08-12,49.00921524774699,49.535726297437805,48.842488589778114,49.48307418823242,11209700
CSCO,2021-08-13,49.48308086965332,49.68490896101082,49.3690029580322,49.55328369140625,10841700
CSCO,2021-08-16,49.404101607777655,49.518179513023114,49.079421943953236,49.38655090332031,14407400
CSCO,2021-08-17,49.0267722809626,49.158400897244256,48.81617051185765,49.14962387084961,11987500
CSCO,2021-08-18,48.95657147641237,49.26370044278196,48.289658081646,48.394962310791016,17111700
CSCO,2021-08-19,48.05273711671548,50.44835686944464,47.90356112012966,50.25530242919922,39881600
CSCO,2021-08-20,50.23773753730173,51.194229093307484,49.88673017185851,51.08892822265625,21876500
CSCO,2021-08-23,50.76425191481666,51.51014182762364,50.66772805670602,51.3697395324707,16225400
CSCO,2021-08-24,51.325859612570675,52.1507226005339,51.273207501547915,52.054195404052734,17658300
CSCO,2021-08-25,52.247246816853526,52.88783240088003,51.92256383858129,52.08051681518555,18069600
CSCO,2021-08-26,52.141949375006895,52.32623010328947,51.7646209346018,51.94889831542969,13729400
CSCO,2021-08-27,52.01031426557236,52.08051372464503,51.65053325075802,51.79093551635742,14795200
CSCO,2021-08-30,51.75584163771367,51.96644674045901,51.597888647518296,51.88747024536133,11798600
CSCO,2021-08-31,51.86991199997296,51.93133778195682,51.40483012282259,51.79093551635742,19873900
CSCO,2021-09-01,51.79094767681579,51.89624856387636,51.475041668179244,51.80849838256836,11629700
CSCO,2021-09-02,52.08052280479065,52.40520582040358,51.82604595539882,52.23847579956055,12855700
CSCO,2021-09-03,52.06297174094607,52.352549979104694,52.01909330861362,52.141944885253906,9732200
CSCO,2021-09-07,51.98399679676611,52.098071351354186,51.55401291826992,51.6680908203125,15503600
CSCO,2021-09-08,51.3785063328969,51.71196299453777,51.32585757142234,51.492584228515625,13124500
CSCO,2021-09-09,51.29076851599281,51.720749126358676,51.11526479142393,51.422393798828125,14958800
CSCO,2021-09-10,51.55401816320447,51.729521873251024,50.73792875682459,50.799354553222656,13622100
CSCO,2021-09-13,51.036279431811984,51.360959090111244,50.65894766103668,50.98362731933594,13553200
CSCO,2021-09-14,51.10648616171861,51.3083142538158,50.59752574450887,50.781803131103516,12810300
CSCO,2021-09-15,50.70282431118389,52.29990161687164,50.071015679261535,50.50977325439453,37524600
CSCO,2021-09-16,51.16790969839741,51.61544095286413,50.13244155164185,50.307945251464844,24029600
CSCO,2021-09-17,50.36058913341504,50.41324124249129,49.55327687897187,49.8867301940918,40262700
CSCO,2021-09-20,49.47429918314071,49.491849885738326,48.51780765002331,49.044315338134766,21897000
CSCO,2021-09-21,49.1057430056491,49.46552405405446,48.46515739982758,48.49148178100586,18700600
CSCO,2021-09-22,48.9302520677558,49.25493514166166,48.58802163346256,48.71965026855469,17940600
CSCO,2021-09-23,48.87759217899335,49.93061097795289,48.789838659731615,49.74633026123047,16262500
CSCO,2021-09-24,49.53573373522392,49.8516397429808,49.333905640813654,49.781436920166016,13156400
CSCO,2021-09-27,49.544509865006546,49.72878726282817,49.18472874892171,49.33390808105469,13859500
CSCO,2021-09-28,48.94780277559844,49.13208353421847,48.62312304914783,48.71965026855469,17803200
CSCO,2021-09-29,48.80739137950805,49.12329736698943,48.561688210335696,48.684539794921875,14051700
CSCO,2021-09-30,48.96534015334837,49.053093668671934,47.74559474371263,47.763145446777344,18538000
CSCO,2021-10-01,47.91232948673328,48.62311801725348,47.42092310781503,48.38618850708008,18338000
CSCO,2021-10-04,48.14766019354577,48.30668025828592,47.661767049092546,47.90913009643555,17084100
CSCO,2021-10-05,47.82078751203428,48.615884472286986,47.82078751203428,48.315513610839844,14135000
CSCO,2021-10-06,48.01513899415108,48.04164458313467,46.80482269271444,47.65292739868164,26339200
CSCO,2021-10-07,48.13882419044291,48.95159036306517,48.0151393045465,48.60704803466797,14725500
CSCO,2021-10-08,48.766061670937766,48.85440463631075,48.36851158662313,48.66004943847656,9255500
CSCO,2021-10-11,48.81023219790591,48.92508074669651,48.50102845508667,48.527530670166016,8117600
CSCO,2021-10-12,48.58054390566612,48.64238466114882,47.767774394928864,47.95329666137695,14241900
CSCO,2021-10-13,47.98863364202025,48.36851448198652,47.776609164405954,48.253665924072266,13737100
CSCO,2021-10-14,48.66888676762405,49.34030212706921,48.571707474925894,49.16361618041992,14455900
CSCO,2021-10-15,49.37563714698775,49.37563714698775,48.55403474733819,48.81023406982422,15202200
CSCO,2021-10-18,48.62471819807879,49.02226834202653,48.20949878439242,48.757232666015625,10989600
CSCO,2021-10-19,48.845579581662484,49.2784649000434,48.61588244246275,49.24312973022461,13258400
CSCO,2021-10-20,49.29613458293157,49.67601546473217,49.29613458293157,49.649513244628906,11613600
CSCO,2021-10-21,49.50815887031175,49.578832575494296,49.057600940757894,49.198951721191406,12619900
CSCO,2021-10-22,49.07526773918582,49.349136336894496,48.53636686276425,48.686553955078125,15026600
CSCO,2021-10-25,48.686552440955815,48.96041766007919,48.421520170485266,48.71305465698242,10218900
CSCO,2021-10-26,49.084112769159866,49.78203044061431,48.94276197075618,49.30497360229492,15250000
CSCO,2021-10-27,49.58767207706233,50.10890374524707,49.410982747664875,49.63184356689453,16279000
CSCO,2021-10-28,49.67601246585362,50.082395543224635,49.3756416325645,49.68484878540039,11209200
CSCO,2021-10-29,49.755527206846565,49.98522435587269,49.34914409096194,49.44632339477539,13550400
CSCO,2021-11-01,49.35796571524597,49.69367504136669,49.0310927074818,49.5611572265625,14341400
CSCO,2021-11-02,49.79969526161761,51.124860142012416,49.72018523399118,50.90399932861328,22097900
CSCO,2021-11-03,50.86865927830562,51.17786303936543,50.46227285939642,50.93050003051758,13219400
CSCO,2021-11-04,50.88632880561235,50.96583883128015,49.96755040575701,50.462276458740234,18070400
CSCO,2021-11-05,50.69197470021303,51.06301924810417,50.29442456313785,50.41810607910156,15637700
CSCO,2021-11-08,50.44459753588614,50.81564537468295,49.99404305670556,50.35625457763672,15045300
CSCO,2021-11-09,50.41811058454335,50.91284006267656,50.267926836043486,50.7449836730957,14459800
CSCO,2021-11-10,51.15136284232686,51.796275976620535,50.96583720829764,51.03651428222656,17876300
CSCO,2021-11-11,50.85982776590669,51.03651709038248,50.0823967602543,50.14423751831055,17440700
CSCO,2021-11-12,50.32976056585332,50.48878061267027,49.74668818421399,50.197242736816406,16663600
CSCO,2021-11-15,50.294424387870556,50.97467609336897,50.20608141108107,50.59479522705078,19041800
CSCO,2021-11-16,50.568282395530304,51.310374703056084,50.29441383284856,50.35625457763672,21136900
CSCO,2021-11-17,50.01172305250511,50.47994689780771,49.71135221191682,50.14423751831055,31496300
CSCO,2021-11-18,46.58396237601167,47.64409495475711,45.12628302904668,47.37906265258789,70834000
CSCO,2021-11-19,47.30838250469727,47.43206401301238,46.62813083889584,47.04335021972656,30030800
CSCO,2021-11-22,47.13169972683682,49.05760643211626,47.087528234894755,48.23600387573242,39949300
CSCO,2021-11-23,48.2448336696571,49.101774651696125,48.121152160923295,48.854408264160156,25653100
CSCO,2021-11-24,48.72189066644925,49.251955204025855,48.72189066644925,49.06643295288086,19328700
CSCO,2021-11-26,48.11231404752856,48.757227154782726,48.11231404752856,48.29783630371094,16730300
CSCO,2021-11-29,48.71305038884632,49.64066493925168,48.43918519371845,49.26078414916992,25724500
CSCO,2021-11-30,49.101774194202726,49.11944009237008,47.83845016093236,48.44802474975586,45141300
CSCO,2021-12-01,49.05760451583896,49.808533329796646,48.52753989310187,48.615882873535156,24120500
CSCO,2021-12-02,48.721899561037205,50.01172597599213,48.66005879936599,49.605342864990234,22384700
CSCO,2021-12-03,49.73784706603773,50.197237893622216,49.18127695587813,49.67600631713867,26235400
CSCO,2021-12-06,50.0912291070102,50.50644511101647,49.88803757950324,50.3209228515625,23172800
CSCO,2021-12-07,50.44460928882993,51.43406817610737,50.36509925985351,51.310386657714844,24254800
CSCO,2021-12-08,51.310379008399856,51.3545504912309,50.02938578589084,50.37392807006836,23631300
CSCO,2021-12-09,50.53295168474938,51.0895218440462,50.29442161647931,50.84215545654297,16480200
CSCO,2021-12-10,51.16019910957172,52.42352324240386,51.16019910957172,52.34401321411133,19901500
CSCO,2021-12-13,52.211491694917775,52.573703271580484,51.71676566049165,51.77860641479492,18496300
CSCO,2021-12-14,51.540076638730774,51.707929634209385,50.68313565271873,51.03651428222656,19114200
CSCO,2021-12-15,51.169029003698796,53.03309471229872,51.15136310519416,52.94475173950195,27953900
CSCO,2021-12-16,53.050763239494984,53.678007099764194,52.89174319462837,53.280460357666016,24599300
CSCO,2021-12-17,53.24512231572425,53.71334613547721,52.8210699821628,53.4129753112793,62171000
CSCO,2021-12-20,52.71506033011753,53.36880985788385,52.38818725126875,53.32463836669922,21342100
CSCO,2021-12-21,53.39531038560539,54.102067702425764,53.006596557409104,53.916542053222656,20761100
CSCO,2021-12-22,53.86353127423429,54.42009804613453,53.55432414199924,54.35825729370117,17095500
CSCO,2021-12-23,54.587961993352295,55.568584589770516,54.587961993352295,55.02084732055664,17771400
CSCO,2021-12-27,55.13569315967866,56.07214421895606,55.02084459343036,56.02796936035156,14779700
CSCO,2021-12-28,56.02796947617226,56.399017394792054,55.86011647136126,56.12514877319336,12865000
CSCO,2021-12-29,56.23116252853187,56.79656565240847,56.142816184133366,56.505027770996094,15069900
CSCO,2021-12-30,56.57571026487077,56.664053247661585,56.07214784881183,56.20466232299805,9076700
CSCO,2021-12-31,56.14281903864693,56.38134912554797,55.93962749130202,55.98379898071289,10359100
CSCO,2022-01-03,55.568581233954916,55.96612799654346,55.215202589355634,55.798274993896484,17184300
CSCO,2022-01-04,55.48724734965968,55.81604995009518,54.30534583570587,54.42975616455078,29682500
CSCO,2022-01-05,54.37642704711591,54.77631974537205,53.541098269590506,53.56775665283203,30317900
CSCO,2022-01-06,53.31894201384462,54.323116370951595,53.23896346522677,54.136497497558594,19616600
CSCO,2022-01-07,54.09206185722327,54.65191165752868,53.914331385229694,54.32311248779297,20152400
CSCO,2022-01-10,54.09207336188856,55.007384300855605,53.78104751219382,54.9362907409668,24715300
CSCO,2022-01-11,54.740777244733174,55.47835754460238,54.59859353980894,55.4250373840332,22804200
CSCO,2022-01-12,55.451704911247944,55.82493590416645,55.02515036230212,55.202880859375,13405400
CSCO,2022-01-13,55.16733457940078,55.22953974162569,54.39420746615899,54.65191650390625,14871600
CSCO,2022-01-14,54.62525972261646,54.65191811008858,54.154273407736746,54.52750778198242,18831900
CSCO,2022-01-18,53.30116845273561,53.51444571166407,52.86573232606693,53.07900619506836,26545800
CSCO,2022-01-19,51.54164515907158,52.86573374179497,51.34614128231222,52.3414306640625,24333900
CSCO,2022-01-20,52.421413954777385,52.73243979599447,51.559423209222295,51.61274337768555,17726500
CSCO,2022-01-21,51.60384720969905,51.8437828467269,50.30642048200195,50.36862564086914,25914000
CSCO,2022-01-24,49.90652713171075,50.652992418741924,48.76016912128309,50.56412887573242,34180100
CSCO,2022-01-25,49.8443253060721,50.37751337963032,48.93790286908145,49.862098693847656,25156400
CSCO,2022-01-26,49.86210584430035,50.164246699958944,48.75129437348606,49.16896057128906,28632700
CSCO,2022-01-27,49.32890287036611,50.235325227241496,48.34250536046007,48.53800582885742,25967400
CSCO,2022-01-28,48.4313732127996,49.46220597494284,47.49829238852007,49.41777420043945,30976600
CSCO,2022-01-31,49.25781454689228,49.63993388968214,48.76016988444045,49.47108840942383,29925300
CSCO,2022-02-01,49.27559566432816,49.32002744349897,48.644655586291215,49.20450210571289,22438500
CSCO,2022-02-02,49.08008405985879,50.048711609336884,49.026763899271465,49.91541290283203,23316700
CSCO,2022-02-03,49.648818030238324,49.89764205212811,48.92901451922362,49.05342483520508,19260500
CSCO,2022-02-04,48.777948208140955,49.426661639715256,48.33362366131522,49.00899887084961,19675900
CSCO,2022-02-07,49.1689471852031,49.3466742602057,48.60909740715025,49.02676010131836,14450200
CSCO,2022-02-08,48.929024319420456,49.31114373214372,48.6179950772426,49.1778450012207,15219900
CSCO,2022-02-09,49.604394217967766,50.10203895166895,49.30225337785052,50.02206039428711,19136700
CSCO,2022-02-10,49.08898023653614,49.791010484386135,48.6446556642609,48.76017761230469,19730600
CSCO,2022-02-11,48.76016136370761,48.95566519513676,47.78264898641451,47.89817428588867,20132500
CSCO,2022-02-14,47.46274305063489,47.67602030263516,46.83180307293811,47.25835418701172,21868400
CSCO,2022-02-15,47.73822206378375,48.25363668538197,47.66712852153479,48.22697830200195,17678000
CSCO,2022-02-16,48.10256870242194,48.378047707882786,47.444966986627335,48.209205627441406,20388700
CSCO,2022-02-17,49.32001995790495,50.70631363114949,49.23115641305067,49.55995559692383,32884700
CSCO,2022-02-18,49.28447152662802,51.26615834159427,49.21338137112064,50.83960723876953,35626200
CSCO,2022-02-22,50.59079471951544,50.77741022130522,49.533303486112686,50.03094482421875,25188300
CSCO,2022-02-23,50.30642587385677,50.644113479562776,48.31585040697541,48.378055572509766,22033700
CSCO,2022-02-24,48.04925303369773,48.72462819841008,47.28501432148867,48.63576126098633,27739300
CSCO,2022-02-25,48.857923233916566,49.95984952203734,48.42248710783141,49.79989242553711,18963700
CSCO,2022-02-28,49.24004141156532,49.764344462030216,48.653533201717046,49.55995559692383,23868700
CSCO,2022-03-01,49.34667625657074,49.631043655991235,48.21809165702766,48.53800582885742,17799600
CSCO,2022-03-02,48.67130744092975,50.10203291165408,48.61798727912736,49.89764404296875,18660000
CSCO,2022-03-03,50.42195384778828,50.653001133319556,49.62216826339647,49.82655715942383,16794600
CSCO,2022-03-04,49.47109066697753,50.56413197455732,49.09785969555191,50.21755599975586,16729000
CSCO,2022-03-07,50.03983379983729,50.15535574614923,49.33780017258439,49.40000534057617,21350900
CSCO,2022-03-08,49.49775722934218,49.639940954574826,48.049258197959425,48.34251403808594,23642400
CSCO,2022-03-09,49.44443571328149,49.98651221030607,49.09786310434507,49.69325637817383,19150900
CSCO,2022-03-10,48.34250575810774,49.01787748980509,47.960386426381994,48.617984771728516,18550900
CSCO,2022-03-11,49.13341509536595,49.95097073243001,48.520244977640225,48.600223541259766,20330300
CSCO,2022-03-14,48.63575855604386,49.23115513892458,47.98704520360121,48.253639221191406,17977500
CSCO,2022-03-15,48.36027233534389,49.52440363456507,48.36027233534389,49.408878326416016,18829100
CSCO,2022-03-16,49.70214934349007,49.76435451544016,48.5202442965831,49.59551239013672,21821800
CSCO,2022-03-17,49.311134699143615,50.03093822247444,49.18672099110652,49.91541290283203,18830500
CSCO,2022-03-18,49.79100292825482,50.13757549964631,49.35556681186493,49.73768615722656,51807200
CSCO,2022-03-21,49.817663421301404,50.2530995264824,49.3377921548381,49.76434326171875,29174600
CSCO,2022-03-22,50.084258383061766,50.40417256673188,49.844322745309185,49.91541290283203,29287900
CSCO,2022-03-23,49.675488277784034,49.844330393995925,48.38694634690715,48.413604736328125,19742100
CSCO,2022-03-24,48.582434655491845,48.60020804061947,47.702674126196996,48.431365966796875,20551500
CSCO,2022-03-25,48.52913056381232,49.03566030749107,48.34251505612594,48.84904479980469,18090600
CSCO,2022-03-28,48.697966006714715,49.01788019885654,48.360278427239784,49.00010681152344,17164600
CSCO,2022-03-29,49.47108840942383,50.039826619337454,48.91124197783331,49.47108840942383,20036500
CSCO,2022-03-30,49.54217523909577,50.59966618974509,49.39999155337883,49.80876922607422,16125400
CSCO,2022-03-31,49.79988754662453,50.54635279385178,49.515520156245266,49.551063537597656,27587700
CSCO,2022-04-01,49.915417334676654,49.93319072311714,48.777947593903114,49.46220779418945,17465100
CSCO,2022-04-04,49.28447301320351,49.87098122101932,48.866810285923435,49.64881896972656,19629200
CSCO,2022-04-05,49.38934481306478,49.738290720057655,48.91513320971694,49.138816833496094,16063600
CSCO,2022-04-06,48.933035694830984,48.99566684589099,48.17251262444994,48.64672088623047,19644100
CSCO,2022-04-07,48.7004011646975,49.0761880322594,48.08303556235665,48.87934875488281,15739000
CSCO,2022-04-08,49.06723751977257,49.129868658406686,48.32460628576655,48.566184997558594,18148200
CSCO,2022-04-11,48.2440856452533,48.27093000288287,47.233038053931324,47.31356430053711,20992100
CSCO,2022-04-12,46.25777563492247,47.37619379140927,46.06093294717556,46.365142822265625,25254200
CSCO,2022-04-13,46.383039081547935,46.84830145585121,45.998302953049865,46.66040802001953,17004600
CSCO,2022-04-14,46.59777724255388,46.8661969263095,45.73882947613787,45.783565521240234,18024800
CSCO,2022-04-18,45.524092759193174,46.132512498171934,45.452512360188,45.729881286621094,13990700
CSCO,2022-04-19,45.631457053855605,46.47250621003902,45.559876659384976,46.374088287353516,15490900
CSCO,2022-04-20,46.72303678106491,48.02039907829696,46.6604056389837,47.43882369995117,19526200
CSCO,2022-04-21,47.72513546504639,48.16355684517444,47.17934690712535,47.224082946777344,17147300
CSCO,2022-04-22,47.349343371643556,47.38513356722213,45.89092873979623,45.95355987548828,17693000
CSCO,2022-04-25,46.03409705213665,46.508305310287746,45.21988868144653,46.47251510620117,18677000
CSCO,2022-04-26,46.41882779166183,46.47250967838013,45.515144016302266,45.541988372802734,19238300
CSCO,2022-04-27,45.55093579180228,45.72988338438275,44.06567657572483,44.119361877441406,33668600
CSCO,2022-04-28,44.316197439614854,45.43461553298806,44.029882680762604,45.30040740966797,20170700
CSCO,2022-04-29,45.19304334630075,45.309359800500516,43.72567914184201,43.824100494384766,20281400
CSCO,2022-05-02,44.14620685088242,44.65620531774157,43.77936578852511,44.61146926879883,22499200
CSCO,2022-05-03,44.530945349555154,45.058838946289534,44.316207524975944,44.66515350341797,15828200
CSCO,2022-05-04,44.76357211640312,46.22199050822175,44.441467105877116,46.150413513183594,23942300
CSCO,2022-05-05,45.76567905571401,45.81936095070552,43.985155587088784,44.387786865234375,24846500
CSCO,2022-05-06,43.97620033082627,44.59356588309737,43.707777260747335,44.13725280761719,21743900
CSCO,2022-05-09,43.84199595311725,44.21778285155025,43.546731893084164,43.80620574951172,22421200
CSCO,2022-05-10,44.47726004262879,44.951471743101514,43.97621080715231,44.334102630615234,21741100
CSCO,2022-05-11,43.92252110167776,44.4146244429002,43.466207963162084,43.528839111328125,23872100
CSCO,2022-05-12,43.51095128056498,43.64515944342887,42.47305912063032,43.20674133300781,25951000
CSCO,2022-05-13,43.582517886986395,44.405675424695055,43.42146539945951,44.34304428100586,18954500
CSCO,2022-05-16,44.43251220440927,44.43251220440927,43.73462043262066,43.84198760986328,20254500
CSCO,2022-05-17,44.45041304592469,45.38093780396327,44.298306396465755,45.27356719970703,18780600
CSCO,2022-05-18,45.15724986962468,45.15724986962468,43.13514805263917,43.26935958862305,40672700
CSCO,2022-05-19,38.527271633703286,39.305689750302484,36.70201230024037,37.32832717895508,97674600
CSCO,2022-05-20,37.45358376313974,38.473580466617264,37.14937392059898,38.41989517211914,46148700
CSCO,2022-05-23,38.77779350611518,39.20726565808422,38.41989833957036,38.786739349365234,27366600
CSCO,2022-05-24,38.83148575136198,39.42201049259735,38.026223189158344,39.16253662109375,30053900
CSCO,2022-05-25,39.14463682608171,39.74410734031037,38.64358424597693,39.36832046508789,25504600
CSCO,2022-05-26,39.413055777517634,40.737262486238414,39.413055777517634,40.25410842895508,28294700
CSCO,2022-05-27,40.37042746359815,40.83568990282998,40.21832420759604,40.81779479980469,23882100
CSCO,2022-05-31,40.50463153257897,40.808841401417865,40.03042333617823,40.30778884887695,64821200
CSCO,2022-06-01,40.75515248172774,40.97883608855735,40.05726072062445,40.46883773803711,20666000
CSCO,2022-06-02,40.424109570832144,40.97884406811008,40.173584974605006,40.96989822387695,20546800
CSCO,2022-06-03,40.755159806111536,40.92516156226443,40.3704236601698,40.48674011230469,17947000
CSCO,2022-06-06,40.79989825594967,41.23831973173186,40.379375295702594,40.55832290649414,12641900
CSCO,2022-06-07,40.10200507070588,40.844636437601984,40.01253297468688,40.77305603027344,14667200
CSCO,2022-06-08,40.66569041338138,40.826742922990164,40.15569193733417,40.19147872924805,16263800
CSCO,2022-06-09,40.11096174145166,40.50464381509346,39.58306808583485,39.60095977783203,18417700
CSCO,2022-06-10,39.18937574114004,39.35937750364471,38.733062585933304,38.912010192871094,20262400
CSCO,2022-06-13,38.52726768153095,39.22515947908853,38.37516104610823,38.68832015991211,29050800
CSCO,2022-06-14,39.03726873453809,39.09989987896375,38.08884889829883,38.39305877685547,22499100
CSCO,2022-06-15,38.80464066003796,39.753060613986,38.56306189592454,39.18937683105469,22525100
CSCO,2022-06-16,38.30358980570273,38.84042920536508,38.30358980570273,38.75990295410156,27049000
CSCO,2022-06-17,38.79569170877034,39.36832129052995,38.6883245154758,38.822532653808594,59678600
CSCO,2022-06-21,39.19832304364882,39.61884597386554,39.09990169408484,39.49358367919922,23277900
CSCO,2022-06-22,38.89411326496827,39.475688693786715,38.62569016059193,38.983585357666016,19942300
CSCO,2022-06-23,38.84042568516262,38.88516172888967,38.2230600901901,38.410953521728516,33801700
CSCO,2022-06-24,38.86726573694119,39.565160973006726,38.68832156613896,39.45779037475586,30543800
CSCO,2022-06-27,39.62779905557342,39.62779905557342,39.03727431433805,39.16253662109375,22755300
CSCO,2022-06-28,39.287790389293946,39.788842920563106,38.46463631628868,38.52726745605469,20091300
CSCO,2022-06-29,38.598848048762385,38.70621523938282,38.19621681750893,38.36621856689453,13450800
CSCO,2022-06-30,37.90989909370398,38.59884505527585,37.74884661369283,38.1514778137207,24947900
CSCO,2022-07-01,38.04411133882828,38.20516382183408,37.194112881440184,38.11568832397461,24338500
CSCO,2022-07-05,37.48374466417084,37.8899998065296,36.85179260315296,37.8809700012207,24442600
CSCO,2022-07-06,38.025416029324354,38.75667528822236,37.926108833736286,38.54000473022461,17250400
CSCO,2022-07-07,38.7115342783616,39.144871924584194,38.630283254453516,39.01848220825195,22316700
CSCO,2022-07-08,38.84695100755611,39.370569491275766,38.76569998228449,39.17195510864258,11817000
CSCO,2022-07-11,39.12680994127063,39.43375782552243,38.88305690578883,39.04555892944336,15245200
CSCO,2022-07-12,39.34348581378272,39.5691827169535,38.51291941930633,38.693477630615234,17385300
CSCO,2022-07-13,37.781666273170806,38.865012270924296,37.736527574068994,38.54903793334961,16854200
CSCO,2022-07-14,37.727490263789875,38.34138603624393,37.330261561695494,38.214996337890625,17336200
CSCO,2022-07-15,38.36847181472776,38.937228949439,38.36847181472776,38.883060455322266,19897800
CSCO,2022-07-18,39.09069983115491,39.10875599523576,38.287219470793126,38.45874786376953,16743800
CSCO,2022-07-19,38.6573683301295,39.80390910138358,38.503896076995396,39.74974060058594,22861400
CSCO,2022-07-20,39.794884343551914,40.01155146775061,39.415711710411415,39.840023040771484,15599200
CSCO,2022-07-21,39.98446759895763,40.34558060848101,39.78585320520964,40.24627685546875,15364600
CSCO,2022-07-22,40.42682739325588,40.55321710551052,39.948351070045774,40.137935638427734,14854600
CSCO,2022-07-25,40.31848996308898,40.31848996308898,39.82195752254046,40.029598236083984,12954700
CSCO,2022-07-26,40.05668605091804,40.21016173833597,39.49695868638646,39.569183349609375,19513000
CSCO,2022-07-27,39.89418281833003,40.43585744483858,39.569182175058565,40.300437927246094,22349000
CSCO,2022-07-28,40.51711207942468,41.410869954872645,40.36363638287742,41.18517303466797,17576200
CSCO,2022-07-29,40.72474560151732,41.067805823594696,40.47196619780824,40.959468841552734,23701700
CSCO,2022-08-01,40.679608683167736,41.01363911600265,40.4087696601468,40.87821960449219,14153400
CSCO,2022-08-02,41.09489735359075,41.25739941840679,40.53516993248097,40.55322265625,15005400
CSCO,2022-08-03,40.535162738991694,41.3657256394468,40.43585555657614,41.26641845703125,14943800
CSCO,2022-08-04,41.43795586597134,41.46503839432019,40.63447193838461,40.968505859375,15249300
CSCO,2022-08-05,40.54419069678455,40.688636574027335,40.2101602513846,40.63446807861328,19533900
CSCO,2022-08-08,41.06780873378734,41.094891259286435,40.49905159127693,40.643497467041016,15465600
CSCO,2022-08-09,40.76086686207415,40.78794939158954,40.37266786766492,40.55322265625,12826200
CSCO,2022-08-10,41.26641833989814,41.582396050674475,41.01363892636604,41.54628372192383,18935400
CSCO,2022-08-11,41.627534694219364,41.9164264361866,41.320586787896524,41.437950134277344,15849000
CSCO,2022-08-12,41.60946862709503,42.07891845703125,41.50113511060526,42.07891845703125,16967600
CSCO,2022-08-15,41.88032052629389,42.08796128241573,41.555316405803445,42.06087875366211,15456100
CSCO,2022-08-16,42.042815217365565,42.44004049286146,41.92545187356816,42.22337341308594,21153700
CSCO,2022-08-17,41.85322983288262,42.521290666800574,41.735866491409055,42.12406539916992,27975600
CSCO,2022-08-18,44.95882427008853,45.1393824888161,44.33590203153303,44.57062530517578,39999900
CSCO,2022-08-19,44.24562124498604,44.651876376568566,43.82131339098792,43.96575927734375,23130400
CSCO,2022-08-22,43.75811527350431,43.7851977989732,42.90046638042226,43.07199478149414,20534100
CSCO,2022-08-23,42.963664773643984,43.36991990843753,42.783106553306666,42.80116271972656,13764600
CSCO,2022-08-24,42.51226926995662,42.80116103357076,42.313654891023845,42.49421310424805,14946500
CSCO,2022-08-25,42.65671037683995,42.81921240616538,42.28656763090118,42.674766540527344,23039300
CSCO,2022-08-26,42.50324797792659,42.67477640682208,41.41990201324412,41.42892837524414,20309800
CSCO,2022-08-29,41.27544826117515,41.52822767542475,41.06780753606137,41.26641845703125,13425700
CSCO,2022-08-30,41.30252595094438,41.4108594809609,40.58932303695885,40.842105865478516,14279100
CSCO,2022-08-31,41.32961421919396,41.37475635318343,40.2552982411539,40.37266159057617,23006100
CSCO,2022-09-01,40.2372408544568,40.93238768167737,40.08376862390923,40.88724899291992,16236400
CSCO,2022-09-02,41.26642365748172,41.45600824206062,39.975437011110124,40.25530242919922,14720900
CSCO,2022-09-06,40.31849342830028,40.43585677868954,39.70459759468754,40.14696502685547,14366100
CSCO,2022-09-07,40.39974440596513,40.778913538397845,40.03862799462426,40.643497467041016,18297400
CSCO,2022-09-08,40.40876790301989,41.049749659921034,40.28237820116536,40.959468841552734,14231500
CSCO,2022-09-09,41.22128378081721,41.42892452614496,40.986560508143704,41.32059097290039,15499300
CSCO,2022-09-12,41.62753404841598,42.18726135931132,41.50114434374876,41.88934326171875,17923000
CSCO,2022-09-13,41.275448994707276,41.446977394016244,39.74070942978581,39.82196044921875,23028600
CSCO,2022-09-14,39.758770994482845,39.96641175148805,39.32543331327262,39.686546325683594,27551500
CSCO,2022-09-15,39.551118732815645,39.605283774797755,38.901110678144306,39.081668853759766,18148600
CSCO,2022-09-16,38.91917365414195,39.343484924548456,38.63028190012175,39.090702056884766,32696100
CSCO,2022-09-19,38.7295890862902,39.217091768785934,38.603195930527676,39.090702056884766,13667500
CSCO,2022-09-20,38.82889220641555,38.83792201075601,38.1518015230562,38.440696716308594,16813900
CSCO,2022-09-21,38.20597832641504,38.70251091342378,37.52888749580438,37.54694366455078,21415900
CSCO,2022-09-22,37.32124384767582,37.51082843912391,37.14068561797496,37.149715423583984,16691000
CSCO,2022-09-23,37.23998501234898,37.23998501234898,36.21983415560838,36.707340240478516,19067700
CSCO,2022-09-26,36.707345427176044,37.18582177593753,36.445536184175346,36.63512420654297,22694800
CSCO,2022-09-27,37.140686749721354,37.42957854850109,36.31915005121738,36.58095932006836,15027900
CSCO,2022-09-28,36.878872032732964,37.52888020589222,36.644148772348444,37.32123947143555,23217700
CSCO,2022-09-29,37.059424758766006,37.104563443255145,36.24691810637889,36.6260871887207,19496400
CSCO,2022-09-30,36.70734327273749,37.05040352122887,36.07539127094642,36.11150360107422,27989900
CSCO,2022-10-03,36.71637313461586,37.49277108709416,36.53581835448185,37.27610397338867,22203600
CSCO,2022-10-04,37.86836304588127,38.30572580638742,37.713461779702904,38.10526657104492,22889400
CSCO,2022-10-05,37.89569925745652,38.49707352135972,37.72257757458378,38.260169982910156,14289700
CSCO,2022-10-06,37.95036648773469,38.35128145834593,37.695235619300234,37.831912994384766,18198800
CSCO,2022-10-07,37.585896760292364,37.585896760292364,36.51982572059032,36.69294738769531,19055400
CSCO,2022-10-10,37.02097235067183,37.184983823618964,36.082461483063184,36.346702575683594,16628400
CSCO,2022-10-11,36.27380893582926,36.54716022019595,35.78177453845912,36.064239501953125,19386400
CSCO,2022-10-12,36.173577374518324,36.31936495006104,35.763548732101306,35.78177261352539,17279900
CSCO,2022-10-13,35.563094831542735,37.1758720823766,35.171290011946624,37.002750396728516,26328300
CSCO,2022-10-14,37.21231985355043,37.32165968260764,36.37403856184385,36.62916946411133,19571000
CSCO,2022-10-17,37.39455474322053,37.841027733767135,37.31254900350884,37.6314582824707,27845200
CSCO,2022-10-18,38.196384295331825,38.46973907479846,37.59501003703596,38.07793426513672,18223300
CSCO,2022-10-19,37.932149278972496,38.48796560418133,37.78636167529892,38.159942626953125,19071700
CSCO,2022-10-20,37.86836529946189,38.83420681628057,37.77724587986077,38.00503921508789,16830500
CSCO,2022-10-21,38.13259943197678,39.15311598288027,38.09615514332676,38.99821472167969,25035000
CSCO,2022-10-24,39.289790767425615,39.84560702304692,39.08933500987792,39.6724853515625,18785300
CSCO,2022-10-25,39.490250055017796,40.45609498216473,39.36268635208051,40.419647216796875,19165200
CSCO,2022-10-26,40.93900303474105,41.21235423868099,40.346739196330226,40.43785858154297,20051000
CSCO,2022-10-27,40.7932283785078,41.08480355158228,40.419647470765476,40.47431564331055,18102500
CSCO,2022-10-28,40.72033361208526,41.64973079715909,40.68388932165417,41.5859489440918,17978300
CSCO,2022-10-31,41.285260100723455,41.585945457711105,41.05746679433735,41.39459991455078,17793700
CSCO,2022-11-01,41.53128315497549,41.72262872516319,41.05747259366511,41.421939849853516,12088700
CSCO,2022-11-02,41.43105365803698,42.1053199957891,40.59277236209452,40.61099624633789,15308800
CSCO,2022-11-03,40.11896373022384,40.228307040946696,39.535813309771314,39.954952239990234,17895600
CSCO,2022-11-04,40.547209620097455,41.07569177344161,39.93672521107932,40.565433502197266,19648700
CSCO,2022-11-07,40.84789667046945,40.98457056645199,40.46520211484845,40.59276580810547,21383000
CSCO,2022-11-08,40.72033774281771,41.32171204406388,40.255640841066395,40.64744567871094,17503100
CSCO,2022-11-09,40.55632713941795,40.74767619805949,39.99140059581385,40.00962448120117,19311700
CSCO,2022-11-10,41.64061951826993,41.740849135030494,40.683888271114924,41.60417175292969,27190100
CSCO,2022-11-11,41.16681181976271,41.29437553135211,40.01873146375712,40.81145477294922,25961800
CSCO,2022-11-14,40.84789775892326,41.40371051208931,40.7112203834488,40.765892028808594,21091300
CSCO,2022-11-15,41.03924966001657,41.22148503025691,40.501657229525414,40.911685943603516,19318000
CSCO,2022-11-16,40.948120247018515,40.984568007344684,40.364969985198805,40.44697570800781,24939600
CSCO,2022-11-17,42.087094073303,42.688468320808106,41.1485866732489,42.45156478881836,38887800
CSCO,2022-11-18,42.74314175860182,43.77276861852358,42.697583786219546,43.54497528076172,30843200
CSCO,2022-11-21,43.380957851312104,44.000555923136034,43.33539988517653,43.39006805419922,17049500
CSCO,2022-11-22,43.736314695013064,44.119005780186434,43.517631592164,44.08256149291992,16367800
CSCO,2022-11-23,44.10078991819372,44.638382314075535,44.02789438445025,44.25568771362305,12065600
CSCO,2022-11-25,44.419697373927804,44.69304866259732,44.05522667180165,44.10078811645508,8492600
CSCO,2022-11-28,44.0005611114964,44.16457258960405,43.663424475469355,43.8092155456543,14976600
CSCO,2022-11-29,43.964109548658406,44.10989713040752,43.59052865318568,43.9914436340332,13779300
CSCO,2022-11-30,43.89121782782467,45.4037688989933,43.69987226189987,45.30353927612305,29919700
CSCO,2022-12-01,45.44932818188445,45.97780692337992,45.27620301889498,45.531333923339844,18559500
CSCO,2022-12-02,44.857060099269816,45.41287635548684,44.57459513152914,45.28531265258789,12325100
CSCO,2022-12-05,45.14862925399939,45.23063497719937,44.80238248094946,44.94817352294922,13795900
CSCO,2022-12-06,45.048410313938895,45.048410313938895,43.973225455632395,44.2739143371582,15443800
CSCO,2022-12-07,44.10078882682714,44.23746273543832,43.79098976778475,43.90032958984375,15171700
CSCO,2022-12-08,44.337689308489,44.829723687733335,44.30124154502274,44.63837814331055,16015800
CSCO,2022-12-09,44.73860688904878,44.802388740910644,44.13723266017247,44.15545654296875,14303200
CSCO,2022-12-12,44.46525458507133,44.939065099421825,44.073449803509384,44.920841217041016,15425300
CSCO,2022-12-13,45.85935219006256,46.20559552886169,44.857059510993544,45.23064041137695,22705900
CSCO,2022-12-14,45.32175967771844,45.61333484411103,44.48347846745214,44.920841217041016,19050400
CSCO,2022-12-15,44.61104545760129,44.69305119643642,43.499416357208936,43.87299728393555,19372500
CSCO,2022-12-16,43.198734933400125,43.73632743043324,42.89804948975843,43.56320571899414,66125400
CSCO,2022-12-19,43.42652069299489,43.69987199634786,42.95271014511955,43.18961715698242,17986300
CSCO,2022-12-20,43.19873262285436,43.33541002910448,42.633806063665446,43.16228485107422,15086200
CSCO,2022-12-21,43.45385538923257,43.69987260845133,43.20783817001382,43.42652130126953,15599400
CSCO,2022-12-22,43.27161572514271,43.27161572514271,42.54267440252528,43.11671447753906,23118500
CSCO,2022-12-23,43.05293894789074,43.27162207192084,42.83425582386064,43.262508392333984,9554400
CSCO,2022-12-27,43.43562720608206,43.472074970325515,43.025602023818564,43.30806350708008,12066200
CSCO,2022-12-28,43.45385780409789,43.52675334385098,42.80692553011716,42.88893127441406,9847400
CSCO,2022-12-29,43.06204808257079,43.49941431977296,43.06204808257079,43.280731201171875,11396500
CSCO,2022-12-30,43.071165321086035,43.435632581071665,42.77959012275732,43.40829849243164,13199800
CSCO,2023-01-03,43.60874857866417,43.78187023008035,43.107604029112224,43.681640625,17718900
CSCO,2023-01-04,44.34293308626278,44.526624483786776,43.32344915844552,43.672462463378906,18339800
CSCO,2023-01-05,43.617355549479,43.617355549479,42.94688145290462,43.057098388671875,17372100
CSCO,2023-01-06,43.589806177447336,44.62765970651676,43.4244842523346,44.379676818847656,20823000
CSCO,2023-01-09,44.324560917829125,45.197092375628735,44.28782544344167,44.61846923828125,13938000
CSCO,2023-01-10,44.82052923190919,45.19709501947701,44.62765484151099,44.829715728759766,12474400
CSCO,2023-01-11,44.84808417113822,45.21546345327308,44.728684240223984,45.19709396362305,12530900
CSCO,2023-01-12,45.19709726987461,45.399158167184154,44.86645343923069,45.00422286987305,14241700
CSCO,2023-01-13,44.60010758272087,45.02259539316639,44.47152113710395,44.894012451171875,12649300
CSCO,2023-01-17,44.930745970334286,44.94911546176326,44.039848409573565,44.15924835205078,19290800
CSCO,2023-01-18,44.260272306976795,44.333750267724746,43.06628347379863,43.075469970703125,19882200
CSCO,2023-01-19,43.121388471359715,43.213232411275534,42.60705329841466,42.67134475708008,19118600
CSCO,2023-01-20,42.30397532299294,43.011185036252236,41.94577546540249,42.96525955200195,21847200
CSCO,2023-01-23,43.07547044056272,43.96636795080635,42.99280948563062,43.62654113769531,15180500
CSCO,2023-01-24,43.617365254736065,44.1041445666778,43.22242990608131,43.91127014160156,14872700
CSCO,2023-01-25,44.06739807128906,44.15924552254882,43.37855795313999,44.06739807128906,14638700
CSCO,2023-01-26,44.22353587391458,44.51744070330684,43.92963104452231,44.398040771484375,12952700
CSCO,2023-01-27,44.17761054765242,44.756237215317995,44.05821411904643,44.554176330566406,13414800
CSCO,2023-01-30,44.214344771883034,44.54498854641526,44.19597528400663,44.28782272338867,19261900
CSCO,2023-01-31,44.19598496346783,44.7195032199269,44.131693493630564,44.701133728027344,16821600
CSCO,2023-02-01,44.44396534779201,44.91237860581688,43.6357252678035,44.60928726196289,19639400
CSCO,2023-02-02,44.5725433631461,45.51855276845732,44.41640796344354,45.29812240600586,17883800
CSCO,2023-02-03,45.27975267043487,45.27975267043487,44.55417363152882,44.664390563964844,17980000
CSCO,2023-02-06,44.150053099811146,44.34292746613609,43.644904448360386,43.690826416015625,13991600
CSCO,2023-02-07,43.38774536585483,44.22353792003843,43.139762497652384,43.93881607055664,16675200
CSCO,2023-02-08,43.51633324212741,43.66328568032311,42.956075976624234,43.13058090209961,18905500
CSCO,2023-02-09,43.378565046848564,43.543886982529244,42.64380283472475,42.91933822631836,18598400
CSCO,2023-02-10,42.891777162362494,43.46121732495041,42.836668693613255,43.40610885620117,17397300
CSCO,2023-02-13,43.580618053595515,44.076583770556475,43.525509583836985,43.957183837890625,19422100
CSCO,2023-02-14,43.88370470922581,44.08576558933593,43.332634040807854,43.81023025512695,19134400
CSCO,2023-02-15,43.62653775798317,44.56336067343132,43.47040235721936,44.49906921386719,27071200
CSCO,2023-02-16,45.913497530850194,47.52079134923784,45.738989102535434,46.83195114135742,48125300
CSCO,2023-02-17,47.144221870691275,47.24524881700737,46.473747703577466,46.629886627197266,25321400
CSCO,2023-02-21,46.57476994832945,46.62069191649608,45.57365562636193,45.63794708251953,25100500
CSCO,2023-02-22,45.78490262499468,45.78490262499468,44.90318816264655,45.2889404296875,20301900
CSCO,2023-02-23,45.50018528741567,45.62876821134397,44.590914819659716,45.19709396362305,14066200
CSCO,2023-02-24,44.82971793268787,44.91237889029689,44.2419047321225,44.52662658691406,17251600
CSCO,2023-02-27,44.95830174586383,45.31649806797282,44.59091892627284,44.75624084472656,14776400
CSCO,2023-02-28,44.829719299859406,44.939932745491895,44.434783990752194,44.471519470214844,16622400
CSCO,2023-03-01,44.48988471681123,44.62765413842345,44.104135942092114,44.398040771484375,13449300
CSCO,2023-03-02,44.37966971733953,44.664391543611615,44.19597832953889,44.57254409790039,18281800
CSCO,2023-03-03,44.99504181420844,45.33486865317516,44.8389028858471,45.261390686035156,15969900
CSCO,2023-03-06,45.42671166957824,45.74817251373817,45.22465427136408,45.38997268676758,13878400
CSCO,2023-03-07,45.52773365459742,45.70223853506546,44.66438874081962,44.92155456542969,17506600
CSCO,2023-03-08,45.022601781390705,45.252215211424144,44.76543586091258,45.105262756347656,12055500
CSCO,2023-03-09,45.27975597302224,45.6379522705109,44.73786827836396,44.829715728759766,12497700
CSCO,2023-03-10,44.90318929216894,45.16035514091726,44.36130160829075,44.600101470947266,16338200
CSCO,2023-03-13,44.57254711789835,44.8940079442354,44.19598132402276,44.46233367919922,20280800
CSCO,2023-03-14,44.710321162051834,45.24302242380462,44.55418222944715,45.050148010253906,17679600
CSCO,2023-03-15,44.42559106799381,45.10524814227843,44.42559106799381,45.059326171875,17354900
CSCO,2023-03-16,44.71031478199263,46.18902541545097,44.55417587166861,46.03288650512695,21425100
CSCO,2023-03-17,46.16147851690264,46.42783091401886,45.68388570613075,46.09718704223633,47642700
CSCO,2023-03-20,46.124734257467054,46.87786582050212,45.93185636654583,46.78601837158203,22699700
CSCO,2023-03-21,47.033998213248445,47.144215144887404,46.22576173629303,46.53803253173828,23334000
CSCO,2023-03-22,46.602331056784664,46.61151404997917,45.38996924141358,45.42670822143555,21399400
CSCO,2023-03-23,45.51855864143156,46.152290321860576,45.380789209171155,45.6746940612793,17775400
CSCO,2023-03-24,45.830829095623166,46.427821742973336,45.463446309852365,46.391082763671875,19438800
CSCO,2023-03-27,46.565584901145186,46.79519823546679,46.36352404578332,46.41863250732422,15857200
CSCO,2023-03-28,46.216577069416935,46.47374291284296,46.17065509789398,46.28086853027344,11124300
CSCO,2023-03-29,46.5931427933104,47.08910849393565,46.51048184320619,46.99726104736328,18463400
CSCO,2023-03-30,47.373838166443704,47.4656821246006,46.96053334749283,47.23606872558594,11754600
CSCO,2023-03-31,47.24524921575206,48.08104180371995,47.199327239107674,48.01675033569336,20588800
CSCO,2023-04-03,47.814694315280875,48.273921102199594,47.75040284540204,48.044307708740234,16884600
CSCO,2023-04-04,48.14609014842534,48.22937201583896,47.59088005229428,47.95176696777344,13599900
CSCO,2023-04-05,48.18310509615132,48.38668377870457,47.822218180672174,47.95176696777344,13797900
CSCO,2023-04-06,47.118949809272124,47.71117840211858,46.943134096827905,47.44282531738281,14749000
CSCO,2023-04-10,47.29476954485942,47.56312263239364,47.08193888127913,47.498348236083984,10177700
CSCO,2023-04-11,47.304019179624845,47.470582913315816,46.74880908728137,46.84134292602539,15957900
CSCO,2023-04-12,47.02641085563766,47.146707661571746,46.313889051165646,46.36941146850586,16100700
CSCO,2023-04-13,46.46194973296008,47.03567084371987,46.35090841762648,47.00790786743164,15451700
CSCO,2023-04-14,46.74880362461729,47.05416808074202,46.45269113930998,46.767311096191406,12360100
CSCO,2023-04-17,46.78582305127384,46.8968643614204,46.31389130575661,46.5267219543457,12042300
CSCO,2023-04-18,46.61924825332233,46.906105197260594,46.3323877794453,46.554473876953125,15203600
CSCO,2023-04-19,45.55510579873101,45.59212074806756,44.40767060881682,44.45393753051758,30466700
CSCO,2023-04-20,44.056036363159485,44.093051313095216,42.89934565221722,43.10292434692383,39769400
CSCO,2023-04-21,43.09366397005394,43.60260711931291,42.78829949247436,43.519325256347656,20861000
CSCO,2023-04-24,43.5378351427327,43.90797756086137,43.49156822295155,43.852455139160156,17359900
CSCO,2023-04-25,43.833941901005936,43.88946431540584,43.31574681969718,43.57484436035156,20281600
CSCO,2023-04-26,43.2694855085768,43.352767382784606,42.96412098977481,43.06591033935547,22390500
CSCO,2023-04-27,43.287986761049964,43.30649423376225,42.538453530869404,43.08441162109375,22845400
CSCO,2023-04-28,43.20470555136984,43.73215617684841,43.13067918934209,43.722904205322266,19665000
CSCO,2023-05-01,43.67663408981046,43.9727465761192,43.611859704051625,43.806182861328125,13122300
CSCO,2023-05-02,43.40828088185222,43.565592625199756,42.62173275493233,42.89933776855469,20175100
CSCO,2023-05-03,42.95485897206565,43.075155778773485,42.43666385998165,42.529197692871094,20765700
CSCO,2023-05-04,42.35337912093789,42.501435361465795,42.15905596710861,42.288604736328125,17748900
CSCO,2023-05-05,42.677257200225405,42.899343358023046,42.492185990384,42.79755401611328,14317400
CSCO,2023-05-08,42.97336650513887,43.047396395506226,42.649494559630355,42.88083267211914,12000000
CSCO,2023-05-09,42.547701125730924,43.04739224774525,42.49217871330518,43.00112533569336,15221900
CSCO,2023-05-10,43.21396503811867,43.42679570224302,42.70502183869611,43.22321701049805,15625100
CSCO,2023-05-11,43.33425318238658,43.35275712344052,42.7512802008913,42.90858840942383,12521900
CSCO,2023-05-12,42.82531512932735,43.315754383991155,42.82531512932735,43.22321701049805,14097500
CSCO,2023-05-15,43.306501368770014,43.7321627214645,43.08441871951205,43.5841064453125,13204400
CSCO,2023-05-16,43.71364605589501,43.7969279076185,43.30648876749615,43.41753005981445,16496300
CSCO,2023-05-17,43.63037419831229,44.19483628935932,43.500821876002966,44.07454299926758,29326000
CSCO,2023-05-18,42.3441274608358,44.648256663591425,42.2886085718144,44.60198974609375,41475700
CSCO,2023-05-19,44.81482272194566,45.65689337199298,44.787063275990825,45.46257019042969,28564100
CSCO,2023-05-22,45.444058005598805,45.55509930784696,45.12943804094623,45.17570495605469,18667500
CSCO,2023-05-23,44.98137861111773,45.666137378114065,44.97212311078748,45.25898361206055,17645900
CSCO,2023-05-24,45.29600929232706,45.34227621513001,44.57423188282909,44.79631805419922,15452900
CSCO,2023-05-25,44.20409063344392,45.55510447552743,44.15782371308704,45.370033264160156,21717000
CSCO,2023-05-26,45.444062398691116,46.35090743625133,45.444062398691116,46.13807678222656,19825600
CSCO,2023-05-30,46.258370379590865,46.72104660309974,46.027032267836425,46.424930572509766,19074800
CSCO,2023-05-31,46.18434354038247,46.295384852976916,45.90673849392653,45.962257385253906,51990300
CSCO,2023-06-01,46.0455425193477,46.350910563074414,45.582866232445355,46.02703857421875,17817000
CSCO,2023-06-02,46.14732852450781,46.498963465465586,46.0177797383496,46.2861328125,19155400
CSCO,2023-06-05,46.47120008112764,46.80432752012258,46.30463636163017,46.461944580078125,13964100
CSCO,2023-06-06,46.073304659056745,46.18434597751079,45.471824085045924,46.09181213378906,16029600
CSCO,2023-06-07,45.99001859015966,46.39717240728958,45.94375167252164,46.06404495239258,15950600
CSCO,2023-06-08,46.193590627829145,46.267620515024056,45.869718696199705,45.97150802612305,13289100
CSCO,2023-06-09,45.83270612174715,46.23986346248695,45.68464986964345,45.9530029296875,12173400
CSCO,2023-06-12,46.19358956882371,46.739547619582275,45.96225147155211,46.711788177490234,15495000
CSCO,2023-06-13,46.906118524234266,47.13745665697747,46.68403589356706,47.00790786743164,24035500
CSCO,2023-06-14,47.007907634680095,47.39655753133303,46.850599399564686,47.15596389770508,16630700
CSCO,2023-06-15,47.10969084261527,48.18309949224903,47.03566448571257,48.053550720214844,22496900
CSCO,2023-06-16,48.3033984605986,48.49772162736846,48.053552876206155,48.183101654052734,37134400
CSCO,2023-06-20,48.06281030100793,48.19236262349376,47.62789700173785,47.70192337036133,20138000
CSCO,2023-06-21,47.54460787950442,47.563115351322566,47.02640925841432,47.054168701171875,16939600
CSCO,2023-06-22,46.869110422698576,47.322531218197796,46.665531721896464,47.30402374267578,14993800
CSCO,2023-06-23,46.85984741729327,46.933877307528476,46.350904276714296,46.57299041748047,16544600
CSCO,2023-06-26,46.55448194087638,47.00790265399997,46.43418513680834,46.461944580078125,13032100
CSCO,2023-06-27,46.55448759472128,47.22999452585874,46.498965171499364,47.06343078613281,12981000
CSCO,2023-06-28,46.98939575154623,47.21148189021525,46.67477578089645,47.07267761230469,11387600
CSCO,2023-06-29,47.06342284664523,47.44281718314252,47.02640790407496,47.38729476928711,14246000
CSCO,2023-06-30,48.00728391025522,48.35891528370107,47.67415647862079,47.87773513793945,18188300
CSCO,2023-07-03,47.52610565874365,47.96102246967479,47.49834621291901,47.95176696777344,7338300
CSCO,2023-07-05,47.52287509605673,48.0822953797647,47.48557946202089,48.02635192871094,14950500
CSCO,2023-07-06,47.61611241509872,47.72799576470633,47.22451891311829,47.65340805053711,13931100
CSCO,2023-07-07,47.55084892534992,48.156890579434524,47.308434397740704,47.541526794433594,15580400
CSCO,2023-07-10,47.616121520673026,48.017040786534146,47.56950374581415,47.923805236816406,19046500
CSCO,2023-07-11,48.08229408245384,48.62307009126061,48.054324136035326,48.595096588134766,14998300
CSCO,2023-07-12,48.07298017169727,48.41795594443376,47.11263701888411,47.30843734741211,26332500
CSCO,2023-07-13,47.26181141594632,48.128915385778164,47.224519336880846,48.04500198364258,17864800
CSCO,2023-07-14,47.01006658100899,47.52287263062956,46.674416562221765,46.972774505615234,19566600
CSCO,2023-07-17,46.804956949685305,47.504234184321916,46.74901349049952,47.37370300292969,16140700
CSCO,2023-07-18,47.532194376764664,47.89581789504718,47.41098535176808,47.77461242675781,16430800
CSCO,2023-07-19,48.6790137590889,48.893458330577815,48.20350684956263,48.88413619995117,21745000
CSCO,2023-07-20,48.53916137248904,49.29437845221957,48.40862664430733,48.82819366455078,22784400
CSCO,2023-07-21,49.18249339567412,49.41558578143561,48.9773709580576,49.07061004638672,51284800
CSCO,2023-07-24,49.126545676633526,49.70461730395296,49.10789786058704,49.51814270019531,18390200
CSCO,2023-07-25,49.592734732990245,50.1241850881912,49.51814701900623,49.975006103515625,16136600
CSCO,2023-07-26,49.91906643629657,50.021627655614374,49.378290391423626,49.62070846557617,13563700
CSCO,2023-07-27,49.97500871145606,50.24539674676182,49.28505720509181,49.41558837890625,15795500
CSCO,2023-07-28,48.53916109352755,48.8748111510856,48.268773064623765,48.56713104248047,27491300
CSCO,2023-07-31,48.33403700819401,48.651042793487285,48.24080147704615,48.520511627197266,14193500
CSCO,2023-08-01,49.01466600660043,49.21046275468625,48.77225149326191,49.09857940673828,15286200
CSCO,2023-08-02,48.83751221723984,49.51814148099615,48.78156877047777,49.02398681640625,17693700
CSCO,2023-08-03,48.94008281907745,49.6673299830498,48.70699041455219,49.55544662475586,15186400
CSCO,2023-08-04,49.30370243214821,49.71394375067371,48.98669664524428,49.07061004638672,12266700
CSCO,2023-08-07,49.387611794054784,49.48084731805096,49.11722379507572,49.424903869628906,11327900
CSCO,2023-08-08,49.098577875801695,49.53679268026961,48.81886773629963,49.471527099609375,12224800
CSCO,2023-08-09,49.32235185491582,49.83515440893777,49.098581592351294,49.40626525878906,18765500
CSCO,2023-08-10,49.79785471553827,50.47848402185824,49.57408447120351,49.76055908203125,16329500
CSCO,2023-08-11,49.74191196886864,50.30133580926481,49.59273298943781,50.152156829833984,14344500
CSCO,2023-08-14,50.16147745974771,50.46916109626944,50.08688975061679,50.23606872558594,20707300
CSCO,2023-08-15,49.993649206883696,50.09621041605949,49.583407926887716,49.74190902709961,20173400
CSCO,2023-08-16,49.59273666025084,49.900420328749334,49.29437867930498,49.378292083740234,26470200
CSCO,2023-08-17,50.75819930602958,52.06351815746032,50.69293371912882,51.028587341308594,45278000
CSCO,2023-08-18,50.935347962133406,51.70921281559247,50.926022275160996,51.31761932373047,28839800
CSCO,2023-08-21,51.46680031443134,52.01689849593557,51.42018254787151,51.69056701660156,18283200
CSCO,2023-08-22,51.727861074232415,52.04486685655754,51.54138645697513,51.70921325683594,15661300
CSCO,2023-08-23,51.8490664997581,52.399164626185794,51.65326976578569,52.19404220581055,18250000
CSCO,2023-08-24,52.511058167548484,52.66023716860995,51.47612729162481,51.50410079956055,17586400
CSCO,2023-08-25,51.51341639967781,52.09148451090922,51.51341639967781,51.9329833984375,15731800
CSCO,2023-08-28,52.11013028454406,52.47375381697224,51.914333545037714,52.399166107177734,15189900
CSCO,2023-08-29,52.539024817860685,52.958591843456794,52.31525810868124,52.734825134277344,17859100
CSCO,2023-08-30,52.80008397779613,53.06114629073469,52.71617058339341,52.96791076660156,12145400
CSCO,2023-08-31,53.23829739390279,53.63921656620001,53.04250065116436,53.47138977050781,22619700
CSCO,2023-09-01,53.50868239350885,54.25457724533287,53.50868239350885,53.92824935913086,14080400
CSCO,2023-09-05,53.90961379746603,53.90961379746603,53.35951555232013,53.38748550415039,13885000
CSCO,2023-09-06,53.23829940597254,53.58327869721533,53.21032945786922,53.29424285888672,11380400
CSCO,2023-09-07,53.11709514695591,53.22897849864768,52.8280593019856,52.94926834106445,14762000
CSCO,2023-09-08,52.92129285537222,53.21032868952723,52.7348217950993,52.837379455566406,13992000
CSCO,2023-09-11,52.883996787888115,53.117089152352776,52.62293092112679,52.995880126953125,15842300
CSCO,2023-09-12,52.81873490123504,53.01453164745748,52.52969906868706,52.576316833496094,13916100
CSCO,2023-09-13,52.51105815163808,52.7068549235892,52.28729142846765,52.47376251220703,13092200
CSCO,2023-09-14,52.60429217755039,52.65091350384964,52.28728992164568,52.557674407958984,15760300
CSCO,2023-09-15,52.50172491908026,52.57631262546347,51.78380001701749,52.24998474121094,44029200
CSCO,2023-09-18,52.22201893352232,52.47375914848271,52.054195680256434,52.31525802612305,11825000
CSCO,2023-09-19,52.380524329938346,52.40849427974776,51.70921708085044,52.06351852416992,10748500
CSCO,2023-09-20,52.16607271138105,52.25930823597256,51.69056228852541,51.74650573730469,12219900
CSCO,2023-09-21,49.797859122436286,50.44119285218153,49.27573087725397,49.73259353637695,37436100
CSCO,2023-09-22,49.78853562614049,50.189454819057,49.6020610039246,49.94703674316406,17869500
CSCO,2023-09-25,49.84447321568575,50.049595646298364,49.56476307366419,49.863121032714844,14224400
CSCO,2023-09-26,49.583413654866206,49.69529700657061,49.023993339636554,49.145198822021484,15618400
CSCO,2023-09-27,49.313022583485804,49.760559519381395,48.97736899238726,49.60205841064453,15845500
CSCO,2023-09-28,49.760558297635505,50.52510098894079,49.74191048117594,50.23606872558594,17204400
CSCO,2023-09-29,50.4971328841626,50.534428518441835,49.88176914538503,50.124183654785156,13951200
CSCO,2023-10-02,50.198775836944385,50.72090405623388,50.17080588907964,50.711578369140625,13934000
CSCO,2023-10-03,50.58010726809403,50.60827922237463,50.10116255095386,50.382896423339844,15700600
CSCO,2023-10-04,50.39227917789795,50.57070750193377,49.97907504636495,50.195068359375,17009000
CSCO,2023-10-05,50.1481168632395,50.21385380661271,49.37805245595784,49.83821105957031,14929400
CSCO,2023-10-06,49.76308173335489,50.47679861189271,49.52830592585771,50.195068359375,15665500
CSCO,2023-10-09,50.10115931536234,50.67401289803895,50.00725041889509,50.63644790649414,10163600
CSCO,2023-10-10,50.67401223652665,50.79609666625617,50.38289251184168,50.58949279785156,13105600
CSCO,2023-10-11,50.64583888764554,50.83366025534291,50.10115727956263,50.39228057861328,12658000
CSCO,2023-10-12,50.7303586459096,50.91818001479883,50.25141397612233,50.570709228515625,11846100
CSCO,2023-10-13,50.598888334565345,50.82427112722819,50.18568057735864,50.49558639526367,14413800
CSCO,2023-10-16,50.77731603795322,51.26565019243397,50.749144084823804,50.86183547973633,11736600
CSCO,2023-10-17,50.51437573632233,50.69280410322337,49.93212901452769,50.65523910522461,17105900
CSCO,2023-10-18,50.51436889171806,50.89000807362109,50.33593696659883,50.49558639526367,13087300
CSCO,2023-10-19,50.48619844867183,50.64584789344142,49.96030282447848,50.072994232177734,16325600
CSCO,2023-10-20,50.138724172735515,50.32654554756217,49.58465308731401,49.70673751831055,23888700
CSCO,2023-10-23,49.60343365852809,49.63160560982091,48.983625653323706,49.02119064331055,17760000
CSCO,2023-10-24,49.077536693954826,49.81942915789078,48.88971890058932,49.781864166259766,14824200
CSCO,2023-10-25,49.87577738311501,50.119942667538794,49.143277947448844,49.209014892578125,14384700
CSCO,2023-10-26,48.71128133005402,48.95545016493233,48.185385837813406,48.241729736328125,17594500
CSCO,2023-10-27,48.495288593957376,48.97423323129967,48.269905832474045,48.420162200927734,13333900
CSCO,2023-10-30,48.22295012563857,48.49529092605577,47.97878485855751,48.4295539855957,13322400
CSCO,2023-10-31,48.598591737905934,48.99301337159176,48.5328547989583,48.95545196533203,13509300
CSCO,2023-11-01,48.87093171244614,49.09631447580259,48.64554536669526,49.01179504394531,14300700
CSCO,2023-11-02,49.133882151019506,49.58465128477996,49.0024082681387,49.537696838378906,17459700
CSCO,2023-11-03,50.01663999036141,50.195071909411325,49.425007492949504,49.781864166259766,17644900
CSCO,2023-11-06,49.74430229799112,50.054204520100285,49.659782858798664,50.04481506347656,15429600
CSCO,2023-11-07,50.09177261042985,50.185681512055915,49.74430537553944,49.894561767578125,15153100
CSCO,2023-11-08,50.138722076876974,50.24202400783323,49.55647906340809,49.7724723815918,13633800
CSCO,2023-11-09,48.946061598459124,49.36865878789831,48.598594390428985,48.833370208740234,21039400
CSCO,2023-11-10,49.06814069160556,49.425000899705815,48.76762796343511,49.38743591308594,17369000
CSCO,2023-11-13,49.284137994471024,49.4343943707617,48.91788830116217,49.04936218261719,14931600
CSCO,2023-11-14,49.27475559019833,50.11994648439475,49.27475559019833,49.932125091552734,18331000
CSCO,2023-11-15,50.02603382194949,50.17629020845903,49.810040490241704,50.035423278808594,32188200
CSCO,2023-11-16,44.52288874022873,45.13330733779945,43.3865745704936,45.114524841308594,79057800
CSCO,2023-11-17,45.12391093461812,45.41503423493243,44.82339817795576,44.85157012939453,32593700
CSCO,2023-11-20,44.663754330573276,45.42442571242299,44.654361291412656,45.33051681518555,27421000
CSCO,2023-11-21,45.33052082004317,45.405647227991416,44.757667182057894,44.88914108276367,21510500
CSCO,2023-11-22,45.15209197998047,45.40564673866906,45.03000753818572,45.15209197998047,17308400
CSCO,2023-11-24,45.161476932014885,45.45260023882199,45.12391194099564,45.415035247802734,8209500
CSCO,2023-11-27,45.38686560386164,45.424427014396336,44.992440342890674,45.01122283935547,17651600
CSCO,2023-11-28,45.030004858036534,45.25538764843292,44.89853096657283,44.936092376708984,16360900
CSCO,2023-11-29,45.180260298894915,45.49016252479385,45.10513031540742,45.1239128112793,16700500
CSCO,2023-11-30,45.25538689677737,45.54651021046515,45.02061107095023,45.43381881713867,37165000
CSCO,2023-12-01,45.339905333345826,45.80945697460217,45.09574005614621,45.51833724975586,18744700
CSCO,2023-12-04,45.133305850412626,45.24599724324908,44.87035449060119,45.1239128112793,17812900
CSCO,2023-12-05,44.84218395356719,45.03939479285522,44.6919275642437,45.01122283935547,20985000
CSCO,2023-12-06,45.14269810465382,45.27417200150961,44.74827641408645,44.795230865478516,19535500
CSCO,2023-12-07,44.99244029869373,45.415037512749315,44.88913835943627,45.32112503051758,20478500
CSCO,2023-12-08,45.339906337370934,45.63102965105872,45.27416939273092,45.43381881713867,16039900
CSCO,2023-12-11,45.95971556078038,46.429267224556874,45.87519611800482,46.3823127746582,25618900
CSCO,2023-12-12,46.56074169810115,46.57013115451763,46.1193620162383,46.325965881347656,18712200
CSCO,2023-12-13,46.24144601152834,46.6734326505397,45.83763132389761,46.664039611816406,18689200
CSCO,2023-12-14,46.95516704385413,46.96455650100912,46.17570955137658,46.42926788330078,28418700
CSCO,2023-12-15,46.476223619176736,46.889427779077884,46.4198761318469,46.83308029174805,58860100
CSCO,2023-12-18,46.88003707130381,47.236897344016306,46.39170648640664,47.1805534362793,20453100
CSCO,2023-12-19,47.302634890387296,47.387154335458185,46.80491125963373,47.12420654296875,17035800
CSCO,2023-12-20,47.0678620486826,47.265076488000254,46.757959785289515,46.76734924316406,17812200
CSCO,2023-12-21,46.889436207238866,46.936390663922865,46.37293001892412,46.67344284057617,18772300
CSCO,2023-12-22,46.804904675718156,47.32141073076478,46.804904675718156,47.03968048095703,12903800
CSCO,2023-12-26,47.05846710353838,47.33080792128167,47.00211961567587,47.21811294555664,9721200
CSCO,2023-12-27,47.23689616485467,47.48106503360308,47.21811366861288,47.368370056152344,10414300
CSCO,2023-12-28,47.49984968028483,47.54680413181762,47.349589703547856,47.40593719482422,8549900
CSCO,2023-12-29,47.37776357248813,47.50923746510953,47.161770237125126,47.44350051879883,12492900
CSCO,2024-01-02,47.415333632785156,47.76280089790454,47.18994723392146,47.434112548828125,20242900
CSCO,2024-01-03,47.481431373583234,47.964102936581156,47.26375730782237,47.8032112121582,20303900
CSCO,2024-01-04,47.73695651286024,47.80320497595928,47.31107456730082,47.3962516784668,18134100
CSCO,2024-01-05,47.49088923513279,47.67070596851239,47.19750061831,47.40571212768555,13989300
CSCO,2024-01-08,47.08393530481972,47.793743374741624,47.02714935952857,47.75588607788086,18070300
CSCO,2024-01-09,47.2826790061421,47.35839359715453,46.781082476631155,47.23535919189453,20489200
CSCO,2024-01-10,47.32053972193865,47.6233908873374,47.15018549011801,47.54767990112305,15174200
CSCO,2024-01-11,47.7464236794232,47.79374349548343,47.358395411296435,47.73695755004883,16458300
CSCO,2024-01-12,47.79374813252989,48.09659931702326,47.60446523965381,47.6423225402832,18785700
CSCO,2024-01-16,47.55713791009032,47.8789176940918,47.38678369442658,47.8789176940918,17015900
CSCO,2024-01-17,47.547675523359516,47.72749225804953,47.235358257020174,47.60445785522461,17370600
CSCO,2024-01-18,47.60445657318052,48.07766191408742,47.58552792631181,48.03034210205078,18487500
CSCO,2024-01-19,48.03034975944789,48.636052114731584,48.01142110956142,48.522483825683594,23015300
CSCO,2024-01-22,48.78747165153387,49.00514568281986,48.65497472903547,48.806400299072266,20298700
CSCO,2024-01-23,48.63605032911011,49.04300726105113,48.55087321288361,48.98622131347656,15044300
CSCO,2024-01-24,49.21335918693347,49.21335918693347,48.4656938251286,48.56033706665039,19458500
CSCO,2024-01-25,48.97676052682914,49.74335459999004,48.97676052682914,49.52568054199219,18936600
CSCO,2024-01-26,49.61084956645235,49.80013243768379,49.2038962671699,49.345855712890625,13160300
CSCO,2024-01-29,49.061934106158795,49.58245930383774,49.05247158704633,49.48781967163086,13492400
CSCO,2024-01-30,49.49728832369683,49.610856618470855,49.21336578162626,49.44050598144531,14322100
CSCO,2024-01-31,49.07139862351936,49.15657574008229,47.38678855179774,47.49089431762695,29311800
CSCO,2024-02-01,47.53821413565731,47.755888186813536,47.150185851375234,47.49089431762695,20635700
CSCO,2024-02-02,47.45303701909439,47.680177200019095,46.96090296898309,47.49089431762695,20533100
CSCO,2024-02-05,47.26375703787414,47.46250606223451,46.620197364399914,46.8568000793457,19602000
CSCO,2024-02-06,47.61392632097474,47.897848825046324,47.121792295791096,47.30160903930664,19265800
CSCO,2024-02-07,47.60446370771452,47.65178352684304,46.809478471434794,47.102867126464844,16794400
CSCO,2024-02-08,47.22590024442991,47.311077360624886,46.89465429910693,47.27322006225586,19599000
CSCO,2024-02-09,47.25429392112336,47.5666076235674,46.97037138882764,47.44357681274414,24076900
CSCO,2024-02-12,47.34893080582408,47.509822517931745,46.8757254094508,47.31107711791992,19046300
CSCO,2024-02-13,46.96089923309892,47.26375037672533,46.50662251765931,46.979827880859375,23633700
CSCO,2024-02-14,46.91358235081539,47.64231908892018,46.894653701871945,47.585533142089844,31176400
CSCO,2024-02-15,45.67378054064341,47.02714818223551,45.607532077930834,46.430912017822266,42766500
CSCO,2024-02-16,46.1375277547978,46.4498450602218,45.796819279888275,45.844139099121094,24912300
CSCO,2024-02-20,45.39932584797747,45.872531233558995,45.28575395604309,45.692710876464844,26402500
CSCO,2024-02-21,45.853601173113724,45.919849636233764,45.333075987054656,45.88199234008789,15981300
CSCO,2024-02-22,45.68324820697136,46.0902051260542,45.56967992568121,45.96717071533203,22020300
CSCO,2024-02-23,46.01449417804614,46.50662824966284,45.9009258877564,46.241634368896484,13141900
CSCO,2024-02-26,46.23216784568806,46.27949127565477,45.76842855828926,45.8062858581543,13018700
CSCO,2024-02-27,45.56967809581637,45.85360059277604,45.44664369003469,45.72110366821289,12515400
CSCO,2024-02-28,45.6169978092796,45.88199165781928,45.437177460395894,45.484500885009766,14635100
CSCO,2024-02-29,45.60753121888226,45.88199119367643,45.550748886352686,45.77788543701172,22962500
CSCO,2024-03-01,45.53182584953902,45.825210897815985,45.10594025173443,45.8062858581543,18508100
CSCO,2024-03-04,45.77789141823528,46.81894551063352,45.64539447799407,46.49716567993164,25214500
CSCO,2024-03-05,46.41198604502201,46.44037721345801,45.967171818081205,46.32680892944336,18101300
CSCO,2024-03-06,46.355202162344405,46.762159109314254,46.34573964253454,46.53501892089844,20903600
CSCO,2024-03-07,46.79054667647705,46.82840397334341,46.21323914548241,46.27948760986328,21224700
CSCO,2024-03-08,46.25109598508476,47.11232969101819,46.23216733536118,46.84733581542969,19316200
CSCO,2024-03-11,47.05554219814665,47.60445853892468,46.92304527486472,47.52874755859375,17715100
CSCO,2024-03-12,47.83160163595651,47.84106415522721,47.216433185513296,47.38678741455078,17590400
CSCO,2024-03-13,47.34892987535309,47.46250176764571,47.1596506087399,47.424644470214844,16669900
CSCO,2024-03-14,47.57607241524312,47.65178340359878,46.9419752876945,47.121795654296875,17239400
CSCO,2024-03-15,47.12179426143324,47.28268236335258,46.27948923310101,46.30788040161133,57049200
CSCO,2024-03-18,46.58234174108694,46.99876120241653,46.35520155564395,46.629661560058594,17406700
CSCO,2024-03-19,46.487701293064674,46.941978081043295,46.34574182759878,46.506629943847656,19601100
CSCO,2024-03-20,46.411985412129106,46.92304809863195,46.317342168181945,46.8946533203125,18554100
CSCO,2024-03-21,47.04607850661543,47.500355242948004,46.904119057288696,47.20697021484375,26102900
CSCO,2024-03-22,47.36785892007239,47.415178737121295,47.05554523933316,47.112327575683594,15022900
CSCO,2024-03-25,46.9041204662936,47.09339973774855,46.6485891175046,47.0176887512207,16191200
CSCO,2024-03-26,46.8946533203125,47.14072214430451,46.82840485468479,46.8946533203125,13842900
CSCO,2024-03-27,47.102867126464844,47.22590154441561,46.762158652306276,47.102867126464844,17231000
CSCO,2024-03-28,47.216430544141424,47.50981916890899,47.1407195633994,47.23535919189453,18139700
CSCO,2024-04-01,47.28268383874902,47.50982402473117,47.19750672028957,47.3583984375,15138100
CSCO,2024-04-02,47.28268113771639,47.40571554852297,46.5160907256437,46.71483612060547,16414400
CSCO,2024-04-03,46.56217101653657,46.96291291193395,46.42859159799283,46.50492477416992,22210000
CSCO,2024-04-04,46.83887584307525,47.27778071043259,45.83702651027565,45.90381622314453,17374000
CSCO,2024-04-05,45.76069066861607,46.438131225325186,45.69390095963158,46.32363510131836,18661300
CSCO,2024-04-08,45.98014105206197,46.42858934088581,45.95151793227014,46.02785110473633,15375700
CSCO,2024-04-09,46.60034076961596,47.897975734629576,46.29501532370292,47.7166862487793,26686600
CSCO,2024-04-10,47.44952386326094,47.487690451102054,46.57171418151238,46.953369140625,20026400
CSCO,2024-04-11,47.058328370758716,47.315947395096046,46.75300292852922,47.258697509765625,15703900
CSCO,2024-04-12,46.95336830960353,46.972451603186336,46.218677885613076,46.266387939453125,16418100
CSCO,2024-04-15,47.43998203746678,47.50677174349169,45.98968451850323,46.02785110473633,20310800
CSCO,2024-04-16,46.247308063182,46.285471013401455,45.6461970100877,45.72252655029297,14233400
CSCO,2024-04-17,45.79886464266608,46.06602352168961,45.52216229523929,45.59849548339844,14407600
CSCO,2024-04-18,46.190058369692075,46.190058369692075,45.68436378946586,45.90381622314453,13080900
CSCO,2024-04-19,46.17097290675439,46.20913949510639,45.82748089111877,46.104183197021484,20964400
CSCO,2024-04-22,46.266390090303304,46.36180292288681,45.7988584752051,45.932437896728516,20135700
CSCO,2024-04-23,45.932437189203675,46.237762616487295,45.85610765226587,46.104183197021484,16261700
CSCO,2024-04-24,45.84656653750911,46.16143544791857,45.722526938884194,46.132808685302734,14828500
CSCO,2024-04-25,46.543089311172956,46.6862122015072,45.65573612653972,45.89427185058594,18790900
CSCO,2024-04-26,45.455366787485765,46.06601765593556,45.42674366545414,45.665279388427734,14658900
CSCO,2024-04-29,45.789316242973,46.09464165892388,45.39811782630056,45.58894348144531,11599500
CSCO,2024-04-30,45.4267489280483,45.503078475564,44.81609798885586,44.82563781738281,18535400
CSCO,2024-05-01,44.55847151811433,45.38857477280081,44.53938822447295,44.69205093383789,18266400
CSCO,2024-05-02,44.87334040728872,44.959213415764374,44.46305866010133,44.64434814453125,15441700
CSCO,2024-05-03,44.940126148634455,45.22637191143165,44.692050612611766,44.95920944213867,17935300
CSCO,2024-05-06,45.05462900056514,45.26453796397988,44.816093275047145,44.94967269897461,14163000
CSCO,2024-05-07,45.04508391714154,45.28361963410132,44.854254615620476,45.111873626708984,14308200
CSCO,2024-05-08,45.264537314765526,45.93243806458971,45.08325147628784,45.798858642578125,15130200
CSCO,2024-05-09,45.79886464266608,45.884737659461756,45.464916043886674,45.59849548339844,12449300
CSCO,2024-05-10,45.79886354409178,45.89427638723531,45.512621374894536,45.85611343383789,12096900
CSCO,2024-05-13,46.09464953692846,46.58126086433967,46.01831635001165,46.44768142700195,15149100
CSCO,2024-05-14,46.73391868494525,46.92474799240736,46.13280764035781,46.70529556274414,17379700
CSCO,2024-05-15,46.93428482439964,47.44952282973342,46.49537999308541,47.39227294921875,37342100
CSCO,2024-05-16,47.783478381988246,47.812101504384565,45.961061941074156,46.123268127441406,47829400
CSCO,2024-05-17,46.046932572838294,46.33317834110169,45.90381332847273,45.9610595703125,22020300
CSCO,2024-05-20,45.79885708014029,45.86564678886754,44.854254051365295,44.968753814697266,22040700
CSCO,2024-05-21,44.95921397563299,44.98784073865895,44.47260268138889,44.78746795654297,25172200
CSCO,2024-05-22,44.940132142946155,45.646199537716285,44.88288589456381,45.255001068115234,19940600
CSCO,2024-05-23,44.987839987788334,45.02600293824192,44.37718546356794,44.46305847167969,18837500
CSCO,2024-05-24,44.491682121442366,44.65388465887944,44.25314640890586,44.29130935668945,11941100
CSCO,2024-05-28,44.03369415219522,44.73975782563266,43.87148797439507,44.15773010253906,18178800
CSCO,2024-05-29,43.79516148443731,44.2054432312236,43.74745142662362,43.9669075012207,16001100
CSCO,2024-05-30,43.98598643780568,44.3294784657591,43.89057360327032,44.005069732666016,19894200
CSCO,2024-05-31,44.02414944894256,44.4344311556735,43.90010986231631,44.36764144897461,39269100
CSCO,2024-06-03,44.57755478350304,44.625261197693206,44.157729603190965,44.510765075683594,23295000
CSCO,2024-06-04,44.510769831051434,45.41720271680283,44.377186761374915,45.24545669555664,23330300
CSCO,2024-06-05,45.340866930077915,45.445823221915724,43.54707742173016,43.90965270996094,28746400
CSCO,2024-06-06,43.83332119861796,44.26268620887463,43.68065848827849,44.110023498535156,15456100
CSCO,2024-06-07,43.84286370317906,44.16727241050152,43.69020099619003,43.73790740966797,15734600
CSCO,2024-06-10,43.69974155325412,43.75699143424399,43.19404701035832,43.7474479675293,13400400
CSCO,2024-06-11,43.594786513090604,43.823782403876805,43.27992125799656,43.671119689941406,17450700
CSCO,2024-06-12,43.8810315405163,43.96690454313046,43.30854364316647,43.52799606323242,16803100
CSCO,2024-06-13,43.3371701929312,43.461209793135865,43.050928041492014,43.432586669921875,16149000
CSCO,2024-06-14,43.24175502070945,43.613870161463296,42.90780646869093,43.58524703979492,15274200
CSCO,2024-06-17,43.318088924103805,43.61387089234371,42.888723893051676,43.59478759765625,16382000
CSCO,2024-06-18,43.4135015965798,43.881033215270904,43.4135015965798,43.8619499206543,17627000
CSCO,2024-06-20,43.80469956540032,44.72067585854236,43.75699314925534,44.57755661010742,25613200
CSCO,2024-06-21,44.940124721918686,45.646192000094906,44.89241830955571,45.12141418457031,64967000
CSCO,2024-06-24,45.3122463951775,45.58894506062855,44.86379808256793,45.111873626708984,19136200
CSCO,2024-06-25,45.10233815614827,45.62711605619701,44.83517929207252,45.20729446411133,17615800
CSCO,2024-06-26,44.90196516789136,45.235913719425405,44.65388598123788,44.71113586425781,13981300
CSCO,2024-06-27,44.63480453614478,45.33132842946334,44.62526470846266,45.27408218383789,16541900
CSCO,2024-06-28,45.36949211882673,45.66527771478927,45.16912299241637,45.33132553100586,23921100
CSCO,2024-07-01,45.30270331498117,45.646195332698255,45.178663721968626,45.34086990356445,17776000
CSCO,2024-07-02,45.22637339148133,45.59848852757601,44.80654820018176,45.111873626708984,19794200
CSCO,2024-07-03,44.98783383135292,45.34086564316048,44.882877542494114,44.93058395385742,8118300
CSCO,2024-07-05,44.68039031763369,44.997953101996856,44.564913275224264,44.8921012878418,14692600
CSCO,2024-07-08,44.60339856059105,45.017195229940235,44.21847390206878,44.3243293762207,19320900
CSCO,2024-07-09,44.2665913722041,44.36282162419893,43.92978181927337,44.074127197265625,17343400
CSCO,2024-07-10,44.3243272525044,44.54565974651342,44.10299475849539,44.52641296386719,18737300
CSCO,2024-07-11,44.43980942990882,45.142300558677114,44.43980942990882,44.99795150756836,19741200
CSCO,2024-07-12,45.01720048646891,46.05650489482771,44.892101885089794,45.5945930480957,20936100
CSCO,2024-07-15,45.62345593738671,45.700443071446635,45.02682033221669,45.613834381103516,15925900
CSCO,2024-07-16,45.661951540843,46.16235692170373,45.44061902697265,45.633079528808594,17037300
CSCO,2024-07-17,45.6715700249716,46.903338445356475,45.56571455351406,46.691627502441406,26638700
CSCO,2024-07-18,46.335572729606966,46.80710608234928,46.17197690348816,46.22971725463867,18462500
CSCO,2024-07-19,46.27783078927263,46.28745234532632,45.363628784334054,45.53684616088867,18289200
CSCO,2024-07-22,45.53684936276506,45.594589715992726,45.00757563983219,45.05569076538086,19899400
CSCO,2024-07-23,44.988332630077394,45.01720097363898,44.593782693956385,44.61302947998047,16372000
CSCO,2024-07-24,44.786240615339075,45.26739918575497,44.49754620727925,45.084556579589844,25318200
CSCO,2024-07-25,45.58496798660274,46.37406785319416,45.286651982738334,45.459869384765625,20631200
CSCO,2024-07-26,45.536853261549346,46.20085086124828,45.45986978827005,46.07575225830078,16104900
CSCO,2024-07-29,46.018002849494664,46.39330592642224,45.65232132822877,46.18159866333008,11475700
CSCO,2024-07-30,46.37405811229858,46.72049284358437,46.085363726543186,46.32594299316406,20166000
CSCO,2024-07-31,46.58577401033246,46.932208778567976,46.42218185363717,46.624267578125,19953600
CSCO,2024-08-01,46.7878595733223,46.88409349247148,45.421370959941896,45.604209899902344,18837500
CSCO,2024-08-02,45.88328207463754,45.95064398156289,44.60339850115857,44.90171813964844,24000200
CSCO,2024-08-05,44.79586512404078,44.92096738846005,43.005954536768265,43.054073333740234,29669600
CSCO,2024-08-06,43.063694421123486,44.01639005817139,42.957838942457194,43.45824432373047,20524000
CSCO,2024-08-07,43.70844847402536,44.46867999544291,43.39088568503452,43.41975402832031,18301100
CSCO,2024-08-08,43.57371945595752,44.52641505139475,43.57371945595752,44.102996826171875,18369100
CSCO,2024-08-09,43.97790144769844,44.324336263865696,43.53523636968437,43.756568908691406,21217600
CSCO,2024-08-12,43.81430263625199,44.0163920459909,42.82311705661161,43.169551849365234,20289500
CSCO,2024-08-13,43.28502859347814,43.6795785112008,43.19841989588297,43.66033172607422,20976900
CSCO,2024-08-14,43.43899722851568,44.01638974321431,43.342766978206946,43.727691650390625,30675600
CSCO,2024-08-15,46.91296677180863,48.385311015789384,46.34519943737339,46.701255798339844,45976400
CSCO,2024-08-16,46.80711062549825,47.8560365787097,46.67238679735257,47.59621047973633,27424900
CSCO,2024-08-19,47.47110707403278,48.106236250241764,47.442235063103766,48.09661102294922,16436600
CSCO,2024-08-20,48.096612492630626,48.4719156076383,47.73093093426088,48.34681701660156,18697300
CSCO,2024-08-21,48.394933810787016,48.645134672438424,48.144729278186745,48.54890441894531,21177600
CSCO,2024-08-22,48.80873047795854,49.01081621273688,48.28907829914379,48.327571868896484,19143100
CSCO,2024-08-23,48.606636243494066,48.85684075108159,48.42379731175588,48.827972412109375,16474100
CSCO,2024-08-26,48.87609100341797,49.09742351679562,48.80872909373558,48.87609100341797,12016800
CSCO,2024-08-27,48.76060921539632,48.9242050431009,48.500786810072086,48.799102783203125,10243900
CSCO,2024-08-28,48.54889665286903,48.664373672778375,47.54808602445935,47.97150421142578,14571400
CSCO,2024-08-29,48.08698989927894,48.9049580209713,48.00038120760986,48.49116134643555,16324100
CSCO,2024-08-30,48.645134862671455,48.77985868646821,48.1832230363902,48.63551330566406,15615800
CSCO,2024-09-03,48.41417853761883,48.59701747986292,48.01962864155096,48.17359924316406,14918600
CSCO,2024-09-04,47.942644551796995,48.154355519074,47.71169047017566,47.82716751098633,16411700
CSCO,2024-09-05,47.634700894120606,47.77904994096714,47.09580194630214,47.27864456176758,16312000
CSCO,2024-09-06,47.028442520592435,47.37487731456274,46.38369173144132,46.672386169433594,21040500
CSCO,2024-09-09,46.64351657170669,47.297892571385525,46.44142716669642,46.86484909057617,18677600
CSCO,2024-09-10,46.951454162597656,47.1246715415509,46.614640960878084,46.951454162597656,11754700
CSCO,2024-09-11,46.9129646263927,47.3556296679935,46.046877657218204,47.2593994140625,15106600
CSCO,2024-09-12,47.240149446751424,47.769423149615115,47.0188169408611,47.74055480957031,13229500
CSCO,2024-09-13,47.865660380124226,48.173601598405895,47.79829479711053,47.923397064208984,10168900
CSCO,2024-09-16,48.000381672317005,49.14553778796267,47.904147752337096,49.1070442199707,16668200
CSCO,2024-09-17,49.09741928266087,49.48234392322899,48.66437584994186,48.7028694152832,13230300
CSCO,2024-09-18,48.49116553626548,49.212903472219296,48.37568849437858,48.66438293457031,12697700
CSCO,2024-09-19,49.472726202687255,49.77104585078691,49.22252535046886,49.50159454345703,16274000
CSCO,2024-09-20,49.51121802483133,50.35805814338235,49.482346014131096,50.01162338256836,44096600
CSCO,2024-09-23,50.09823286321941,50.463910742338406,49.934637036498884,50.223331451416016,18343400
CSCO,2024-09-24,50.242577730098596,50.5890124928958,50.05011356510586,50.540897369384766,26479300
CSCO,2024-09-25,50.58901323071158,50.74298383076163,50.39654906291185,50.66600036621094,22422200
CSCO,2024-09-26,51.002808512296895,51.28188136442957,50.77185078306158,50.85845947265625,18374000
CSCO,2024-09-27,51.04129954728657,51.21451691788414,50.86808217668901,51.02205276489258,13868300
CSCO,2024-09-30,51.02205533803452,51.301128190399055,50.665999023159976,51.21451950073242,17807500
CSCO,2024-10-01,51.10866173714949,51.19527042293455,50.33880879180917,50.75260543823242,16621800
CSCO,2024-10-02,50.8107912879654,51.23744544326462,50.54897952255334,51.02411651611328,11071300
CSCO,2024-10-03,50.607159087182346,51.062905919394765,50.5780701230849,50.839881896972656,11029100
CSCO,2024-10-04,51.198656023936,51.305320484034326,50.82048471922621,51.15017318725586,11724100
CSCO,2024-10-07,50.98533036073961,51.24713841634338,50.781696530043014,50.917449951171875,10941700
CSCO,2024-10-08,51.043512488997365,51.169570832858746,50.61685831616357,51.13078308105469,12365000
CSCO,2024-10-09,51.05320697547171,52.0519674567621,50.94654251649831,51.93560791015625,10586100
CSCO,2024-10-10,52.07136511035787,52.17802957707295,51.79985454990032,51.91621780395508,9377500
CSCO,2024-10-11,51.89682311678149,52.682258423853426,51.89682311678149,52.60468292236328,12704500
CSCO,2024-10-14,52.66286459404035,52.75983027198341,52.158634930928706,52.62407684326172,11428600
CSCO,2024-10-15,52.769519341733336,52.95375928741722,52.28468360930725,52.43983459472656,20066300
CSCO,2024-10-16,53.33193806171298,54.69917487133493,53.16709566504396,54.67008590698242,32382300
CSCO,2024-10-17,54.67008213861752,54.86401718527487,54.156153710125054,54.689476013183594,18383400
CSCO,2024-10-18,54.699175376038205,55.14522342890912,54.505240314223656,55.03855895996094,17679800
CSCO,2024-10-21,54.97068394612813,55.3294651162511,54.796142754988246,54.87371826171875,14083600
CSCO,2024-10-22,54.30160237508719,55.17430817857377,54.165848960989976,54.88340377807617,14956300
CSCO,2024-10-23,54.456756746556295,54.87371582924015,54.291914350566834,54.573116302490234,18723000
CSCO,2024-10-24,54.670081344779575,54.83492372769254,54.117368874183995,54.2628173828125,14699600
CSCO,2024-10-25,54.54402272749204,54.912498938972014,53.98161147318033,54.04949188232422,14680500
CSCO,2024-10-28,54.20463832427796,54.28221012078867,53.53556262198161,53.60343933105469,12912300
CSCO,2024-10-29,53.69071441252855,54.40827301014075,53.59374873401501,53.99131393432617,18810100
CSCO,2024-10-30,53.88464741551871,54.34039422497587,53.69071236687715,53.9040412902832,13284300
CSCO,2024-10-31,53.748892662325936,53.8264644604627,53.05072798407854,53.108909606933594,22023400
CSCO,2024-11-01,53.07982369083576,54.11737198109932,52.87618984865981,53.8167724609375,19235600
CSCO,2024-11-04,53.768284512135025,54.21433250688597,53.44829114698555,54.13676071166992,13269900
CSCO,2024-11-05,54.204643604822536,54.563421059018026,53.81677348747355,54.456756591796875,10183600
CSCO,2024-11-06,55.45551410832483,56.32821997498632,55.232490097734306,56.114891052246094,20506000
CSCO,2024-11-07,56.047016663572784,56.5318524542594,55.79490367997729,56.31852722167969,17880200
CSCO,2024-11-08,56.32822226451786,56.43488673022349,55.91126318894325,56.29913330078125,17517700
CSCO,2024-11-11,57.21062606904075,57.57910232351154,56.5900368187765,56.85184860229492,17827000
CSCO,2024-11-12,56.97789567696605,57.249406212119204,56.657906005646936,56.929412841796875,16609400
CSCO,2024-11-13,56.38640184542038,57.482128028455655,56.085802334700844,57.385162353515625,36350600
CSCO,2024-11-14,57.20092784293651,57.20092784293651,55.775509443852755,56.16337585449219,33747700
CSCO,2024-11-15,55.70763202985219,56.33791632635148,55.49430310232754,55.71732711791992,28173700
CSCO,2024-11-18,55.80459562084111,56.23125345994403,55.49430102822262,55.571876525878906,23769300
CSCO,2024-11-19,54.96098564275831,55.31006800462114,54.64099224471621,55.280975341796875,17476200
CSCO,2024-11-20,55.116135646007024,55.75611877441406,54.89311161478982,55.75611877441406,15345000
CSCO,2024-11-21,55.55248495546866,56.17307416644418,55.36824499039541,55.81429672241211,16162400
CSCO,2024-11-22,55.84338529406956,56.91972131762016,55.717326955535704,56.774269104003906,14952100
CSCO,2024-11-25,56.87123695181688,57.171832760011206,56.49306194637335,56.9585075378418,52408200
CSCO,2024-11-26,57.21062371740487,57.83121294215989,57.15244209045776,57.78273010253906,14209700
CSCO,2024-11-27,57.80211969313415,58.05423265987461,57.142742765962765,57.491825103759766,12703300
CSCO,2024-11-29,57.278499805809275,57.78272947015523,57.24941084215585,57.41425323486328,11618400
CSCO,2024-12-02,57.453033762670245,57.889386657630375,57.34636931067965,57.6275749206543,15977400
CSCO,2024-12-03,57.62758069974075,57.72454637545457,57.37546402447932,57.676063537597656,11746000
CSCO,2024-12-04,57.831211044202,58.0251460953241,57.47243360397837,57.81181716918945,16872100
CSCO,2024-12-05,57.97666394099442,58.40331809929167,57.8893933519105,58.19968795776367,19121700
CSCO,2024-12-06,58.180295754010686,58.25787125720442,57.95727173083408,58.073631286621094,14622700
CSCO,2024-12-09,58.01545191141096,58.06393475019617,57.07486930316337,57.162139892578125,16517500
CSCO,2024-12-10,56.725788496349274,57.074870863552,56.36701104072585,56.939117431640625,14480200
CSCO,2024-12-11,57.094258752865166,57.17183054910788,56.541546295749214,56.813053131103516,26842900
CSCO,2024-12-12,56.91002298519086,57.92818109063105,56.85184505848237,57.06517028808594,17704600
CSCO,2024-12-13,56.84214782714844,57.15244244143146,56.60942871593796,56.84214782714844,14129700
CSCO,2024-12-16,56.69669313696428,56.716087010621735,56.095494150592614,56.58032989501953,26883200
CSCO,2024-12-17,56.60942480067196,57.27849682288167,56.4057909686922,56.74517822265625,24912500
CSCO,2024-12-18,56.929414729515976,56.929414729515976,55.736719189590374,55.78520202636719,24195100
CSCO,2024-12-19,55.64945263357096,56.376706334896255,55.600969793283326,55.88217544555664,21947800
CSCO,2024-12-20,55.82398953190143,56.99729119219803,55.53308881350605,56.74517822265625,69544600
CSCO,2024-12-23,56.36700387048465,57.23001089128719,56.357305084294104,57.19122314453125,18671200
CSCO,2024-12-24,57.01668526273941,58.03483963012695,57.01668526273941,58.03483963012695,9922300
CSCO,2024-12-26,57.811817760179174,58.23847561681003,57.59849253086722,58.1609001159668,8524500
CSCO,2024-12-27,57.76333245997162,58.19968538611023,57.346373408217325,57.802120208740234,13021400
CSCO,2024-12-30,57.29788982760869,57.588790541588615,56.638512903119114,57.39485549926758,12948100
CSCO,2024-12-31,57.42395014921832,57.57909744864904,56.987597213630885,57.40455627441406,14173000
CSCO,2025-01-02,57.472436581263764,57.87000179210786,56.793665716675314,57.30759048461914,16144300
CSCO,2025-01-03,57.44426867721076,57.76643887886649,56.975655104850844,57.46379470825195,18859000
CSCO,2025-01-06,57.51260545865603,58.166714435766224,57.2001964238065,57.37592697143555,18543300
CSCO,2025-01-07,57.57118325527749,57.84454022832254,57.258774222023305,57.53213119506836,16863800
CSCO,2025-01-08,57.49307889706817,57.83477883617066,56.887786863167854,57.79572677612305,14400300
CSCO,2025-01-10,57.39545093748053,57.65904674944418,57.15138115501893,57.34663772583008,17274500
CSCO,2025-01-13,57.52236968690856,57.53213456463748,56.79016027404541,57.36616516113281,19340700
CSCO,2025-01-14,57.571180676430444,57.93240290666071,57.35639807911063,57.92264175415039,16715500
CSCO,2025-01-15,58.44007181585225,58.908685371379285,58.176475992579014,58.55722427368164,19185100
CSCO,2025-01-16,58.75248114952106,59.016076974125234,58.36196798917202,58.40102005004883,18445700
CSCO,2025-01-17,59.318719174210905,59.50421459513816,58.77200523684903,58.801292419433594,23876400
CSCO,2025-01-21,59.03560339325808,59.87520408658984,58.850107964976694,59.58231735229492,18623800
CSCO,2025-01-22,59.59208591767309,60.295004440537795,59.54327270033953,60.1680908203125,19436600
CSCO,2025-01-23,60.33405249945608,60.84171811929059,59.92401703201831,60.75385284423828,14212000
CSCO,2025-01-24,60.58788717147809,60.812430935676325,60.39263059089412,60.75385284423828,17232900
CSCO,2025-01-27,59.93378001113078,60.00211925778581,57.3661646501175,57.6785774230957,33730300
CSCO,2025-01-28,57.61999320263906,58.14718481295379,57.52236305764972,58.020267486572266,25473300
CSCO,2025-01-29,58.52793763097912,59.10394249659172,58.09837240795374,58.13742446899414,17925300
CSCO,2025-01-30,59.03560256958008,59.631133458830114,58.82081996054971,59.03560256958008,17079000
CSCO,2025-01-31,59.094178302101774,59.73852241987617,59.025839056596126,59.16251754760742,16554200
CSCO,2025-02-03,58.76224342673114,59.80686186780696,58.13742533758779,59.59208297729492,20375700
CSCO,2025-02-04,59.3968244079056,60.12903377993392,59.2894331041346,59.88496398925781,12742700
CSCO,2025-02-05,59.992353328465555,61.222463394538686,59.84590996917167,61.085784912109375,18997400
CSCO,2025-02-06,61.32986054310871,61.417725822221854,60.59765112523567,60.79290771484375,15521800
CSCO,2025-02-07,61.25176014179129,61.749660907292686,60.73432962069842,60.79290771484375,23861000
CSCO,2025-02-10,61.62273921679204,61.652030123902534,60.900294727696554,61.32009506225586,15816200
CSCO,2025-02-11,61.04673454988255,61.31033036941266,60.70503833431172,60.9491081237793,17702500
CSCO,2025-02-12,59.982589437246176,61.07602476306686,59.74828452757702,61.04673385620117,30116300
CSCO,2025-02-13,64.53204993248306,64.92256307978961,61.23222910700121,62.325660705566406,43257700
CSCO,2025-02-14,62.27684691024208,63.52648301119038,61.9351469784951,63.33123016357422,23693300
CSCO,2025-02-18,63.75102987655784,64.67849206644507,62.90166435591495,63.057865142822266,22047500
CSCO,2025-02-19,62.989524274413164,63.419089462041526,62.7649842524572,63.30193328857422,14164100
CSCO,2025-02-20,63.41910058126887,63.68270015568243,62.745465500456135,63.13597869873047,14836600
CSCO,2025-02-21,63.14573747745642,63.41909445531769,62.3647148805603,62.46234130859375,18905800
CSCO,2025-02-24,62.90166959711043,63.04811296782603,61.652033404053185,61.739898681640625,17287500
CSCO,2025-02-25,63.06763443183894,63.1066864934025,61.81799825548153,62.745460510253906,22100100
CSCO,2025-02-26,62.53068367242804,63.243363293755806,62.423288643894836,62.55997085571289,13452300
CSCO,2025-02-27,63.2336025333742,63.74127190476009,62.23780099476255,62.29637908935547,24695600
CSCO,2025-02-28,62.413529547399996,62.638077040680926,61.339623917196306,62.58926010131836,26711800
CSCO,2025-03-03,62.86261509723108,63.340989804492864,61.69107934956692,61.97420120239258,21810700
CSCO,2025-03-04,62.2280396088208,62.3940052899,61.124843038801885,61.759422302246094,24588300
CSCO,2025-03-05,61.730130536894336,62.65759647918379,61.31033020221816,62.442813873291016,14931500
CSCO,2025-03-06,62.286613012577135,62.5013919068643,61.27128173776814,61.90586471557617,23155100
CSCO,2025-03-07,61.40796272247898,62.64783402014515,60.71480166512765,62.42329025268555,21154800
CSCO,2025-03-10,61.974201448186754,62.179219180683496,60.21689968182567,60.587886810302734,27417600
CSCO,2025-03-11,60.80266405626554,60.90029420544759,59.094175549778356,59.23085403442383,25787400
CSCO,2025-03-12,59.513976523131106,59.728759129440576,58.82081921539891,59.02583694458008,18935300
CSCO,2025-03-13,58.97702587791849,59.055130000949625,57.825016132676204,58.25457763671875,16463300
CSCO,2025-03-14,58.88916126060855,59.18204427683367,58.498648089502,59.06489181518555,16250700
CSCO,2025-03-17,58.96725826811697,59.758041944068985,58.908680182257534,59.44563293457031,15335800
CSCO,2025-03-18,59.23085496809138,59.35777230192396,58.25457580613799,58.869632720947266,16669000
CSCO,2025-03-19,59.191806571106426,60.119272518849705,59.06488923740443,59.67018127441406,15488800
CSCO,2025-03-20,59.04536268276771,59.57255431880719,58.90868419732253,59.18204116821289,16528600
CSCO,2025-03-21,58.742715387114686,58.967262871668275,58.02027089282647,58.869632720947266,65935200
CSCO,2025-03-24,59.592081920306065,59.92401698980211,59.435877400790844,59.52374267578125,28335600
CSCO,2025-03-25,59.396826741241675,59.758049002853866,59.26014824896731,59.543270111083984,20877600
CSCO,2025-03-26,59.58231761830935,60.37310510085906,59.562791587655205,60.33405303955078,30621200
CSCO,2025-03-27,60.421917187834644,60.50978246203382,59.87520323655934,59.94354248046875,25720200
CSCO,2025-03-28,60.19737391525242,60.314526373734,59.074651371824636,59.416351318359375,24931700
CSCO,2025-03-31,59.19180201201211,60.43167689782413,58.811053764441716,60.24618148803711,29335700
CSCO,2025-04-01,59.92401756844248,60.568361683190915,59.61160852639533,60.33405303955078,17381400
CSCO,2025-04-02,59.748284630886715,60.402389872737615,59.6506544815146,60.35357666015625,18610700
CSCO,2025-04-03,58.358498000479,58.88920563204181,56.27496526518152,56.3241081237793,40006300
CSCO,2025-04-04,55.685289904812294,56.48135699652561,53.503478893573174,53.60176086425781,42924400
CSCO,2025-04-07,52.46171904047987,55.15458144633047,51.213566064396936,53.4739990234375,46816200
CSCO,2025-04-08,53.798321133042734,54.90887928530436,51.81307031127646,52.27498245239258,37377000
CSCO,2025-04-09,52.166879547008634,57.424843306400795,51.76392907758008,57.1300048828125,53380800
CSCO,2025-04-10,56.825337218541726,56.94327183988741,54.05384924793705,55.61649703979492,31964600
CSCO,2025-04-11,55.695119278652335,56.80568123925199,55.31182894466792,56.34376907348633,23036900
CSCO,2025-04-14,56.89413221433892,57.20862703447762,56.11772148690162,56.42238998413086,15657700
CSCO,2025-04-15,56.87447577554022,56.913788565295704,56.078412402898536,56.21600341796875,18543600
CSCO,2025-04-16,55.59684075163618,56.098069454198715,54.46662240192178,54.80077362060547,20551300
CSCO,2025-04-17,55.23320681482789,55.439593339848216,54.73197811226536,54.80077362060547,15910400
CSCO,2025-04-21,54.21109547082484,54.37817295071917,52.90397709446134,53.43468475341797,15578800
CSCO,2025-04-22,54.27006634480704,54.32903178148633,53.65090301615622,54.093162536621094,19961800
CSCO,2025-04-23,55.184066796987054,55.99978656067975,54.54524708821619,54.673011779785156,30231500
CSCO,2025-04-24,54.34868814370343,55.596841123334954,54.21109712610333,55.321659088134766,22782300
CSCO,2025-04-25,55.24303358600089,55.8032277293572,55.105442568204474,55.734432220458984,16493500
CSCO,2025-04-28,55.55752557381348,56.343766348038315,55.44941727990387,55.8621940612793,23140600
CSCO,2025-04-29,55.71477600713134,56.50101682409104,55.65581057021121,56.35359573364258,13466000
CSCO,2025-04-30,56.11772175052421,56.91378887659409,55.488732107292016,56.73688507080078,19921200
CSCO,2025-05-01,56.786019404781555,57.46415185294425,56.68774118720008,57.12017059326172,16420800
CSCO,2025-05-02,58.044008603828,58.397812474780125,57.72951377471004,58.309364318847656,18753200
CSCO,2025-05-05,57.98503522292893,58.62385490721784,57.8671006078094,58.299530029296875,14758500
CSCO,2025-05-06,57.62140147970253,58.48626032528437,57.57226236901076,58.20125198364258,13766500
CSCO,2025-05-07,58.18159693903658,58.86955575189959,58.05383224901549,58.545230865478516,14078300
CSCO,2025-05-08,58.92852249483904,59.24301731643209,58.407641149526924,58.682823181152344,16196700
CSCO,2025-05-09,59.61647970461264,59.78355718290255,58.41746588666662,58.741790771484375,17480700
CSCO,2025-05-12,60.55013491035468,60.78600413427091,60.068562642158994,60.609100341796875,23700000
CSCO,2025-05-13,60.618934452001064,61.16930225959834,60.550138944685656,60.71721267700195,18591200
CSCO,2025-05-14,60.56979267851865,60.80566190778804,59.80320831070864,60.23564147949219,34509200
CSCO,2025-05-15,61.985021349934755,64.61891824129283,61.83760026496383,63.1545524597168,60718000
CSCO,2025-05-16,62.81057056701246,62.928505184398,61.89656884685831,62.52555847167969,30289900
CSCO,2025-05-19,62.33882788563068,63.02678293950092,62.09312858094163,62.820396423339844,16249000
CSCO,2025-05-20,62.64349712861674,62.75160167476165,61.985021034590204,62.32899856567383,14995200
CSCO,2025-05-21,61.90639882198441,62.81057046898555,61.886742427605185,62.11278533935547,15595900
CSCO,2025-05-22,62.31917390306374,62.62384240233515,61.8670880647183,62.27003479003906,15641100
CSCO,2025-05-23,61.631213561158575,62.132442249303296,61.45430975935148,62.02433395385742,15645400
CSCO,2025-05-27,62.663150450016836,62.88919711468043,62.25037740826374,62.653324127197266,17429400
CSCO,2025-05-28,62.79091539002326,62.88919736397832,62.16192575300672,62.2503776550293,13814500
CSCO,2025-05-29,62.633668798852916,62.643498870913795,61.415002298484374,61.96536636352539,13982800
CSCO,2025-05-30,61.83759752628884,62.09312689571165,61.22826431693821,61.955535888671875,25829000
CSCO,2025-06-02,61.650870315573016,62.78108863937414,61.63121392091595,62.75160217285156,15816000
CSCO,2025-06-03,62.70246648681992,63.35111254964973,62.62384465296966,63.25283432006836,15156900
CSCO,2025-06-04,63.54767375688628,63.773712925326585,63.243001510776196,63.28231430053711,14770900
CSCO,2025-06-05,63.37076699304435,63.79337009055647,63.174203053418005,63.508358001708984,17025200
CSCO,2025-06-06,64.19631611830998,65.02186970796723,64.10786796485455,64.923583984375,20943800
CSCO,2025-06-09,64.97272103811939,65.21842032884042,64.46166231445717,64.7663345336914,13689800
CSCO,2025-06-10,64.87444971903432,64.94324522782478,63.69508849929311,64.02924346923828,17214900
CSCO,2025-06-11,63.989929884435966,64.02924267442081,62.77125963842374,63.085758209228516,20442600
CSCO,2025-06-12,63.21351807806711,64.08820702044808,63.00713155776746,63.980098724365234,15160800
CSCO,2025-06-13,63.478867317692696,63.606635752041804,62.83022506709186,62.98746871948242,14635000
CSCO,2025-06-16,64.06855419572729,64.48132723517249,63.734399236547,64.38304901123047,16957700
CSCO,2025-06-17,64.5108033231961,65.0120319613847,63.901466400336496,64.20613861083984,18845200
CSCO,2025-06-18,64.55994574326981,65.19875787800703,64.25527353482367,64.70735931396484,22664200
CSCO,2025-06-20,65.34618903341803,65.50344019729475,64.58943842716884,65.17911529541016,50421700
CSCO,2025-06-23,65.20859108083499,66.32897926081334,65.07100007614625,66.22087097167969,34030000
CSCO,2025-06-24,66.61399101559437,66.86952037940105,66.20121800354713,66.72209930419922,23162700
CSCO,2025-06-25,66.6827899311476,67.35109234121248,66.61399442561803,67.0169448852539,19395700
CSCO,2025-06-26,67.53783106121057,67.97026426881159,67.24298887454654,67.76387023925781,23154000
CSCO,2025-06-27,67.68524888094083,68.02922641664685,67.16436004327412,67.46903228759766,26224600
CSCO,2025-06-30,67.64593604688403,68.5795904286355,67.567310467875,68.18647003173828,32561200
CSCO,2025-07-01,68.18646741822688,68.353548641754,67.45919958563854,67.91128540039062,21939500
CSCO,2025-07-02,67.49851271585129,67.75404209005804,67.00711411061013,67.4100570678711,16655200
CSCO,2025-07-03,67.4100676113095,68.68550100152831,67.4100676113095,68.58663177490234,17973500
CSCO,2025-07-07,68.29990367641882,68.51742049437529,67.83521002773696,68.15159606933594,23985200
CSCO,2025-07-08,68.02306485732863,68.14170490495869,67.57814204900188,67.8154296875,21182600
CSCO,2025-07-09,67.76599513143162,68.53718557167541,67.53858914721835,68.48774719238281,23765900
CSCO,2025-07-10,68.47786650528178,68.60639573270079,67.78576690172982,67.98351287841797,15005300
CSCO,2025-07-11,67.51881972553026,67.72644734504918,66.92559687787082,67.18265533447266,14699400
CSCO,2025-07-14,67.0640197395669,67.26175818749108,66.44112929645303,67.05413055419922,16451400
CSCO,2025-07-15,66.91571753351994,67.1134559974058,66.39170381530741,66.4213638305664,13944600
CSCO,2025-07-16,66.39169796566206,66.79706404388371,66.22361953184425,66.60921478271484,15156100
CSCO,2025-07-17,66.78717896073172,67.69678783677894,66.74762976482909,67.5287094116211,20400000
CSCO,2025-07-18,68.00329207686053,68.06261210555145,67.19255233071716,67.28153991699219,16145100
CSCO,2025-07-21,67.13322648537091,67.84509694093761,67.024468080035,67.56825256347656,14674200
CSCO,2025-07-22,67.5682570184222,67.82532304282317,67.3111985372597,67.39029693603516,14527200
CSCO,2025-07-23,67.57814519675375,68.05272803909382,67.29141916289555,67.84510040283203,13042300
CSCO,2025-07-24,67.58803092485552,67.81542937726485,67.15299730356742,67.5188217163086,13534000
CSCO,2025-07-25,67.60780224917183,68.04283587366147,67.30130540095668,67.914306640625,11590000
CSCO,2025-07-28,66.98492144262059,67.19254907622093,66.60921537371115,67.15299987792969,20558400
CSCO,2025-07-29,67.45949820841909,67.94396264322452,67.06401380433323,67.19254302978516,15261800
CSCO,2025-07-30,67.07390039010829,67.80554923173561,66.58943591958935,67.5089340209961,15518200
CSCO,2025-07-31,67.53859383027842,68.36911189190815,67.11344938589087,67.31119537353516,18529200
CSCO,2025-08-01,66.74762673180204,66.84649594544709,65.76880114997489,66.35214233398438,21650000
CSCO,2025-08-04,67.0046899061195,67.73633873383648,66.84650066177394,67.71656036376953,17052200
CSCO,2025-08-05,67.91430825132899,68.09227587072847,66.67842410084324,66.75751495361328,15434500
CSCO,2025-08-06,67.192544573268,68.56684706302637,67.00468777978348,68.42842864990234,23107800
CSCO,2025-08-07,69.01177225856777,69.3479291183584,68.42843103160905,69.11064147949219,22579600
CSCO,2025-08-08,69.446794580526,71.20669226473677,69.42702375470641,70.97929382324219,31662400
CSCO,2025-08-11,71.48354608791145,71.73072293117085,69.54567299870783,69.8719482421875,28911400
CSCO,2025-08-12,69.99058754344395,70.69256878987515,69.76318155558478,70.57392120361328,21912100
CSCO,2025-08-13,71.04850748654908,71.2165859178937,69.4566881232546,69.60499572753906,38096400
CSCO,2025-08-14,67.23210290544505,69.81262981159844,66.7179783787226,68.51742553710938,39317300
CSCO,2025-08-15,67.67700672896883,67.87475270048115,65.11625862959394,65.4524154663086,40877300
CSCO,2025-08-18,65.33378389571477,66.35215126549,65.00750865785326,66.19395446777344,20903400
CSCO,2025-08-19,66.006103515625,66.75751565589357,65.72926666992201,66.006103515625,18746600
CSCO,2025-08-20,66.0654163341475,66.4312407221954,65.78857951864639,66.35214233398438,14946400
CSCO,2025-08-21,66.34225910087295,66.46090669383277,65.71937621011979,66.2631607055664,12456600
CSCO,2025-08-22,66.56966549143311,67.27164678160395,66.2532794515922,66.55977630615234,16830600
CSCO,2025-08-25,66.52022383408682,66.73774064012825,66.35214540877764,66.38180541992188,11724500
CSCO,2025-08-26,66.41146693788677,67.97362626832131,66.3521469142524,67.61769104003906,28307900
CSCO,2025-08-27,67.54848192592875,67.97362636345882,67.38040349657078,67.66712951660156,13876700
CSCO,2025-08-28,67.58803377456749,68.79425792573302,67.57814458914726,68.64595031738281,15256000
CSCO,2025-08-29,68.3295623058179,68.67560835317991,68.0527254679283,68.30978393554688,14953000
CSCO,2025-09-02,67.34085199996449,67.54847961912284,66.61909238201976,67.03435516357422,18928800
CSCO,2025-09-03,67.28153636441348,67.36062721741236,66.56966588475584,66.90582275390625,14320100
CSCO,2025-09-04,67.33096452040336,67.6374689077935,66.64876162396016,67.22220611572266,14388500
CSCO,2025-09-05,66.95526335074148,67.33096943043039,65.7292683414906,66.14452362060547,21050800
CSCO,2025-09-08,65.96655135724157,66.25327737549358,65.60072694569838,66.12474060058594,14038000
CSCO,2025-09-09,65.98632121290473,66.6784208291607,65.88745199436468,66.57954406738281,11649400
CSCO,2025-09-10,66.82672336885985,67.5484830231771,66.36203727012855,67.36062622070312,14689500
CSCO,2025-09-11,67.53859182997807,67.79565783468301,66.74763053254135,66.92559814453125,17560800
CSCO,2025-09-12,66.12474019229677,66.57954463605584,65.38320973205609,65.77869415283203,18529200
CSCO,2025-09-15,65.75892540777306,66.44112832338705,65.60072861715997,66.2631607055664,16203100
CSCO,2025-09-16,66.2631591123002,66.61909433938318,65.79847302333327,66.17417907714844,18019300
CSCO,2025-09-17,66.2433907498212,67.11345047992472,65.63038949298843,66.95526123046875,18652100
CSCO,2025-09-18,67.13322844369836,67.98351734118016,66.71797318025048,67.9044189453125,20279000
CSCO,2025-09-19,68.14170910010449,68.14170910010449,66.42136041441327,67.43972778320312,47822500
CSCO,2025-09-22,67.09368273056356,67.23210115890221,66.54000901720896,66.98492431640625,20396700
CSCO,2025-09-23,66.81683954047749,67.44961159382912,66.31259671747489,66.77729034423828,22240000
CSCO,2025-09-24,66.93548237120149,67.09367916274105,66.13463185793753,66.55977630615234,17433100
CSCO,2025-09-25,66.5597723704196,67.46938123827155,66.35214475122977,67.08378601074219,22351700
CSCO,2025-09-26,67.10356824641134,67.14311744423634,66.09508255996924,66.46090698242188,15077400
CSCO,2025-09-29,66.95526123046875,67.1826596909189,66.6784243864921,66.95526123046875,14358300
CSCO,2025-09-30,66.94536527230633,67.99339251654365,66.92559444683887,67.64734649658203,20498900
CSCO,2025-10-01,67.13322550767101,68.0428343906533,66.92559788502753,67.97362518310547,15530700
CSCO,2025-10-02,68.39876749606898,68.7052643281168,67.48915864124231,67.53858947753906,15708300
CSCO,2025-10-03,67.58832604616113,68.214977662682,67.28992738052925,67.55848693847656,11113200
CSCO,2025-10-06,68.07572852397331,68.58300857011012,67.44907686060085,68.54322814941406,21952700
CSCO,2025-10-07,68.55316798707827,68.85157425739439,68.07572706111648,68.62279510498047,16493200
CSCO,2025-10-08,69.4384290742069,70.38337718753452,68.63274278299217,69.9556655883789,34246300
CSCO,2025-10-09,69.93576680399337,70.24412196382835,68.66258092365393,69.58763122558594,21209500
CSCO,2025-10-10,70.03523877035192,70.43310365587872,67.52864749433009,67.57838439941406,20961500
CSCO,2025-10-13,68.18513920822069,68.52332588360062,66.77269152440108,67.10093688964844,14127900
CSCO,2025-10-14,66.75280261932507,68.79189437671502,66.45439635621895,68.2945556640625,15402000
CSCO,2025-10-15,68.941089660426,69.92582577170401,68.45369984871817,69.14997100830078,16260500
CSCO,2025-10-16,69.40858937185625,69.69704673521855,68.20503060052246,68.72225952148438,13950600
CSCO,2025-10-17,68.69241701010719,70.3933144087472,68.5830018918801,69.75672149658203,16286900
CSCO,2025-10-20,69.7467860896678,70.59226041124371,69.7467860896678,70.27396392822266,12183500
CSCO,2025-10-21,70.20433554819459,70.86081871253482,70.00539550688951,70.34358978271484,15763300
CSCO,2025-10-22,70.48284511430627,70.59226024153047,69.4782187592417,70.2839126586914,14967200
CSCO,2025-10-23,70.22422621365452,70.86081917238876,69.85620041522839,69.89598083496094,14614100
CSCO,2025-10-24,70.2640153667737,70.56242164113557,69.68710061702704,70.25406646728516,13075600
CSCO,2025-10-27,70.1645431416351,71.07964450791505,70.05512802297268,71.01001739501953,15986800
CSCO,2025-10-28,70.82102707138633,72.29315294638224,70.6519337365409,72.23347473144531,19896800
CSCO,2025-10-29,72.29315323392127,72.43240746185211,70.54251889720847,70.9503402709961,18020600
CSCO,2025-10-30,70.99013036813804,72.72086695824132,70.9602836708856,72.52193450927734,18101800
CSCO,2025-10-31,72.3329397739439,73.08889670223363,72.0444824251388,72.72086334228516,24008000
CSCO,2025-11-03,74.2128858618243,74.4416574277931,73.22815730176067,74.0537338256836,21733400
CSCO,2025-11-04,73.50666606608549,73.59618339517756,71.59688715758661,71.93507385253906,22345000
CSCO,2025-11-05,71.83560395067182,72.19368842630323,70.96028297077886,71.71623992919922,16113500
CSCO,2025-11-06,71.32832020372689,71.84555673596708,70.31375252708163,70.6618881225586,16469900
CSCO,2025-11-07,71.01002316779524,71.20895562401579,70.16454884567777,70.69172668457031,16913700
CSCO,2025-11-10,71.37805341928564,72.11411258146381,70.7712995890835,71.70629119873047,22201200
CSCO,2025-11-11,71.35815484277943,71.86544244371287,70.72156191128059,71.32831573486328,21412900
CSCO,2025-11-12,71.52726094230097,73.81501458384557,71.33826979344778,73.56634521484375,57591600
CSCO,2025-11-13,77.53510550095773,79.07685861000078,76.24202934739962,76.9681396484375,57638500
CSCO,2025-11-14,76.1723987501449,78.25127091819945,75.43633199440171,77.5848388671875,38819600
CSCO,2025-11-17,77.47542770228675,78.9674439105816,77.05766498527305,77.36601257324219,28720100
CSCO,2025-11-18,77.13724079542519,77.78377507957227,76.04308950794308,76.95819854736328,26025500
CSCO,2025-11-19,76.88856830640144,78.509889783902,76.74931407342771,77.97276306152344,24759700
CSCO,2025-11-20,78.69888063657388,79.63387225615776,74.91910338420486,75.03846740722656,27381900
CSCO,2025-11-21,75.23740319309755,76.53048693908639,75.06830984457515,75.69495391845703,24428800
CSCO,2025-11-24,76.08287498654524,76.47079857964427,75.27718869146055,75.8342056274414,26691500
CSCO,2025-11-25,76.08287355209612,76.64983937661192,75.6750597570237,75.91378021240234,18818800
CSCO,2025-11-26,76.05303129678416,76.19228552239171,74.93898990313751,75.66510772705078,15972600
CSCO,2025-11-28,75.73474204809285,76.55037727090414,75.40649666129656,76.53048706054688,7320900
CSCO,2025-12-01,76.26191318478911,76.41111631009709,75.5258540457323,75.63526916503906,15529600
CSCO,2025-12-02,75.75463354156538,76.5901589051864,75.35676106845652,76.46085357666016,14619100
CSCO,2025-12-03,76.18233697712301,77.40579349496267,75.24734539924776,77.33616638183594,16088400
CSCO,2025-12-04,77.27648799932938,77.44558133244283,76.75925151255316,77.34611511230469,12572600
CSCO,2025-12-05,77.55500030517578,77.77383055362574,76.98803447454932,77.55500030517578,12579400
CSCO,2025-12-08,77.79372000094895,78.95749075944553,77.7042026758891,78.44026184082031,17454500
CSCO,2025-12-09,78.37063826302142,79.45483305566304,78.09212978743592,79.08680725097656,15737500
CSCO,2025-12-10,78.4104206422692,80.3898265277314,78.38058153471135,79.82286071777344,21302700
CSCO,2025-12-11,79.81291417980239,79.94222710142643,78.41042296159482,78.84807586669922,18652300
CSCO,2025-12-12,79.03707068464014,79.1365369136677,77.30633401544291,77.38591003417969,16672300
CSCO,2025-12-15,77.79372334342968,78.29106207411682,77.12729126561773,77.83351135253906,17646000
CSCO,2025-12-16,77.69425447989362,78.19159319371254,76.96813661865194,77.13723754882812,17737200
CSCO,2025-12-17,77.48537043712982,77.78376910177604,75.51590585980509,75.5954818725586,26094400
CSCO,2025-12-18,75.9237329880064,77.39585139159001,75.85410586876647,76.5404281616211,19249400
CSCO,2025-12-19,76.56032239693519,78.74860969014614,76.3812801573971,78.00260162353516,84881900
CSCO,2025-12-22,78.59940449841532,78.7287174167277,77.54504888699233,77.69425201416016,18016100
CSCO,2025-12-23,77.19691490412146,77.70420251141277,77.17701710607041,77.60472869873047,16712600
CSCO,2025-12-24,77.60472869873047,77.8732958509144,77.43563535922884,77.60472869873047,9104400
CSCO,2025-12-26,77.6843022336479,77.86334446645995,77.5152088995438,77.74398803710938,10158000
CSCO,2025-12-29,77.61468177165604,77.88324893828278,77.1073941370842,77.37596130371094,17941800
CSCO,2025-12-30,77.39585075291058,77.39585075291058,76.75925778545952,76.99798583984375,13952200
CSCO,2025-12-31,76.92835032761913,77.40579884260606,76.47079961134945,76.62000274658203,13570500
CSCO,2026-01-02,76.6500015258789,76.94999694824219,75.61000061035156,76.04000091552734,15749800
CSCO,2026-01-05,76.44999694824219,76.7699966430664,75.20999908447266,75.58000183105469,16328800
CSCO,2026-01-06,75.52999877929688,75.7300033569336,74.80999755859375,75.2300033569336,17017200
CSCO,2026-01-07,75.12000274658203,75.37999725341797,74.19999694824219,74.72000122070312,20347400
CSCO,2026-01-08,74.30999755859375,74.45999908447266,73.55000305175781,73.95999908447266,17192200
CSCO,2026-01-09,73.44999694824219,74.33000183105469,73.33999633789062,73.87999725341797,19104100
CSCO,2026-01-12,72.91000366210938,74.05000305175781,72.80000305175781,74.01000213623047,20985700
CSCO,2026-01-13,73.98999786376953,75.5,73.86000061035156,75.47000122070312,17809900
CSCO,2026-01-14,74.93000030517578,75.11000061035156,73.81999969482422,74.41000366210938,17801300
CSCO,2026-01-15,75.22000122070312,76.05000305175781,74.91000366210938,75.25,18213000
CSCO,2026-01-16,75.63999938964844,75.98999786376953,74.5999984741211,75.19000244140625,25743300
CSCO,2026-01-20,74.5199966430664,74.87000274658203,73.20999908447266,73.3499984741211,23999700
CSCO,2026-01-21,73.94999694824219,74.36000061035156,73.01000213623047,73.69000244140625,18210200
CSCO,2026-01-22,74.11000061035156,74.77999877929688,73.87999725341797,74.33000183105469,12879800
CSCO,2026-01-23,73.94999694824219,75.06999969482422,73.70999908447266,74.58999633789062,13125500
CSCO,2026-01-26,76.47000122070312,77.41999816894531,75.63999938964844,77.01000213623047,24714400
CSCO,2026-01-27,77.19000244140625,78.91000366210938,77.05000305175781,78.68000030517578,17756700
