ticker,date,open,high,low,close,volume
CVX,2020-01-02,92.44344533832445,93.07090662876244,92.41283675854825,92.9178695678711,5205000
CVX,2020-01-03,93.18570341929139,93.90499057314528,92.38989772179126,92.59650421142578,6360900
CVX,2020-01-06,92.77248625211728,93.10152120842889,92.0761599908006,92.28276062011719,9953000
CVX,2020-01-07,91.0737462771991,91.61704129599975,90.11725000718236,91.10435485839844,7856900
CVX,2020-01-08,90.71412003102313,91.12732133438212,90.02544146210704,90.0636978149414,7295900
CVX,2020-01-09,89.97952340334813,90.23203984526731,88.900598537497,89.9183120727539,7345300
CVX,2020-01-10,89.92594903508225,90.05603696219146,89.06893212983469,89.09954071044922,6393800
CVX,2020-01-13,89.12250162207113,89.45919019326497,88.82407523869121,89.26789093017578,6846700
CVX,2020-01-14,89.14543816667819,89.43621088477329,88.54093191975319,88.99240112304688,7189100
CVX,2020-01-15,88.99242314614571,89.07659529236986,88.4950438742732,88.86233520507812,5808800
CVX,2020-01-16,89.19138458257582,89.74232750571183,89.10721242276387,89.44390106201172,7022000
CVX,2020-01-17,89.53569918690714,89.74995340465033,88.39555149707586,88.44146728515625,7885900
CVX,2020-01-21,88.07418656547176,88.11244875632966,86.59735590341326,86.70448303222656,8470300
CVX,2020-01-22,86.54377650036044,86.87281143235236,86.05405090455704,86.39073944091797,5589900
CVX,2020-01-23,86.00814949598147,86.84221147735774,85.5949423888628,86.54378509521484,8007800
CVX,2020-01-24,86.30657498981948,86.45196429582506,85.19703577712713,85.58728790283203,6920000
CVX,2020-01-27,84.36296566502901,84.80678130728678,84.15636505252392,84.4700927734375,7609800
CVX,2020-01-28,84.9215670380933,85.41129265918173,84.76087052799532,85.02869415283203,5771900
CVX,2020-01-29,85.2812195769053,85.57964599677244,84.30942177031068,84.4548110961914,4772800
CVX,2020-01-30,84.02626908314339,85.3806708551383,83.45237141249888,85.24293518066406,8382700
CVX,2020-01-31,84.02629797018288,84.17168729821874,81.41697869969342,81.98322296142578,13699600
CVX,2020-02-03,81.83781485394219,82.06737628363774,80.65176303515427,81.32513427734375,8785500
CVX,2020-02-04,82.39640636236902,82.90143330474459,81.56999226976609,81.76129150390625,9909000
CVX,2020-02-05,82.84788515922172,84.66905794321723,82.72545666235948,84.38593292236328,6914100
CVX,2020-02-06,84.65372654147151,84.68433511643788,83.49062988269326,83.78140258789062,6274000
CVX,2020-02-07,83.35291158071348,83.74316369535681,83.00092165224713,83.36056518554688,4830100
CVX,2020-02-10,83.05448999845511,84.01863993339964,82.88614571035477,84.010986328125,6011800
CVX,2020-02-11,84.76853732646752,85.22000666998338,84.21759445749467,85.09757232666016,6072700
CVX,2020-02-12,86.09231717356325,86.16118210218318,85.40363869741462,85.73267364501953,5725700
CVX,2020-02-13,85.22000954317177,85.95459811390525,85.11288240814757,85.4419174194336,5991900
CVX,2020-02-14,85.80575757125499,85.90639964835938,84.8303444824175,85.21741485595703,5148700
CVX,2020-02-18,84.38133007395405,85.36448609167331,84.24972758215824,85.34126281738281,4975800
CVX,2020-02-19,85.55801302009438,86.00701596725624,85.07030658824715,85.72832489013672,5887500
CVX,2020-02-20,85.75929439935727,85.98379588125691,84.92322113701876,85.00837707519531,4466600
CVX,2020-02-21,84.37359011199824,84.52842178999438,83.33624444743478,84.38907623291016,6443900
CVX,2020-02-24,81.83440521672284,82.80208100337347,80.83576309615249,81.06026458740234,9539800
CVX,2020-02-25,81.12994541437345,81.2228385157468,77.41406779759885,77.96370697021484,12871900
CVX,2020-02-26,78.07984353762829,78.66044915233033,75.86580032106646,75.89676666259766,11990400
CVX,2020-02-27,74.27879354508114,76.02061002024566,72.8311542990392,72.86985778808594,15783700
CVX,2020-02-28,70.16036506719794,72.33570431253311,69.7578145274551,72.25828552246094,20835100
CVX,2020-03-02,72.78470488399209,74.84392194897427,71.38351212876232,74.77424621582031,15050800
CVX,2020-03-03,74.9290674177353,76.2373668874169,72.28150805266121,73.07112884521484,16525500
CVX,2020-03-04,74.6039216140976,76.65538920044848,74.06201972397473,76.27606201171875,14753000
CVX,2020-03-05,74.09300062779045,75.393557151213,73.49691492824131,75.23873138427734,12814400
CVX,2020-03-06,72.70728623109108,74.3639466994787,72.32021591780006,73.79108428955078,16861900
CVX,2020-03-09,63.657591780943825,68.13212404126398,61.9312554369013,62.449928283691406,30595500
CVX,2020-03-10,66.76188911807478,66.80834157408377,62.7363600332843,65.7864761352539,22642900
CVX,2020-03-11,63.65758467422799,65.67808622356185,63.285994584351904,64.27689361572266,18412800
CVX,2020-03-12,59.786882307521076,60.483604136185456,56.40388569303255,59.03596496582031,25768200
CVX,2020-03-13,61.91577913887167,64.64075195175134,57.371570857459595,64.57881927490234,23497500
CVX,2020-03-16,56.17938140622294,60.76229220208781,53.9498586719107,53.95759582519531,17535300
CVX,2020-03-17,54.49950134745319,56.49678558353817,50.69846803212345,54.724002838134766,22684200
CVX,2020-03-18,51.25585805030042,51.27134417269636,42.24486024526766,42.61644744873047,24947300
CVX,2020-03-19,42.77900860621445,45.279485363386556,39.94565410518517,44.42792892456055,29871000
CVX,2020-03-20,46.08459076356458,46.951630395493005,43.63056638371024,45.97621154785156,26960400
CVX,2020-03-23,45.101441686174766,45.98396467835011,41.00623910057945,41.973915100097656,23764000
CVX,2020-03-24,47.594162749807516,52.37061168869179,46.69615979049462,51.51905822753906,29198800
CVX,2020-03-25,52.86607073991771,56.620652069306445,51.5887373643334,53.624725341796875,22560100
CVX,2020-03-26,54.42210036315527,59.68625423626948,52.5564182083718,59.12887191772461,24129100
CVX,2020-03-27,55.83102063378991,56.93029883749307,53.028629614075534,53.24538803100586,20411500
CVX,2020-03-30,52.649303379608334,56.45807367938055,51.88289994011622,55.69941329956055,18486800
CVX,2020-03-31,56.721286544156605,58.091518891944474,54.81690112909407,56.094234466552734,18514200
CVX,2020-04-01,53.810521897567554,55.962632106043486,52.33965338121588,53.0750846862793,14362000
CVX,2020-04-02,55.54458899595187,60.92486389509099,53.86470528283639,58.92758560180664,23220600
CVX,2020-04-03,60.38297620128681,61.14937386086784,56.5354958752601,58.14570999145508,14905400
CVX,2020-04-06,59.608818475453546,62.66667108670503,58.45535078467106,62.233154296875,17334900
CVX,2020-04-07,65.22908816289488,66.33610944956027,62.589265899991275,62.643455505371094,16394800
CVX,2020-04-08,63.70402005340506,66.80832499517862,63.1079285833805,66.56060028076172,12284800
CVX,2020-04-09,68.69722679373763,69.60297567376274,63.10793139989349,65.26778411865234,17023800
CVX,2020-04-13,67.48959686583768,67.62894244956694,64.56334551374908,65.7322998046875,13854700
CVX,2020-04-14,66.1580487848421,67.41215856588731,65.28327211482986,65.50003051757812,14797600
CVX,2020-04-15,62.28736289651519,64.54785242765857,61.404842930161614,63.85886764526367,13982300
CVX,2020-04-16,62.94538860215474,63.62663630826258,61.01003653930432,61.92352294921875,12291900
CVX,2020-04-17,62.96086327915025,67.73730988435914,62.953120218563406,67.48184204101562,16130100
CVX,2020-04-20,63.99046614108719,67.35023357888535,63.5492003200779,64.69493103027344,15749000
CVX,2020-04-21,62.14800827644141,64.86524351722014,61.35064437965751,63.20083999633789,19620600
CVX,2020-04-22,65.76324620180348,65.99549076051797,64.2304510142062,65.36843872070312,10320700
CVX,2020-04-23,66.80834135194665,68.7282068821649,66.10387051602717,67.1954116821289,14226500
CVX,2020-04-24,68.4959509913788,68.73593264571066,66.39802513223825,67.35796356201172,9175500
CVX,2020-04-27,67.15670998494788,70.15263681022927,66.47546825197564,69.44816589355469,12037100
CVX,2020-04-28,69.32429808819614,70.41583334161878,68.76691587103375,69.60298919677734,10645200
CVX,2020-04-29,71.5925382031839,73.65174949946223,71.44544957265505,73.24919891357422,12342800
CVX,2020-04-30,72.5524624961646,74.11622400683004,70.12166133325208,71.22093963623047,12222000
CVX,2020-05-01,70.841614321233,71.25965099151907,67.3812045834966,69.23914337158203,13250100
CVX,2020-05-04,68.71272502378581,70.92676773195662,67.88439477326207,70.78742218017578,11192400
CVX,2020-05-05,73.15630209839972,73.77561707124667,71.74736614608696,71.9099349975586,13608700
CVX,2020-05-06,71.87897852431185,72.35120492702414,69.4946232296704,69.71138763427734,11145900
CVX,2020-05-07,71.97961873576546,72.81568636391896,71.15128826361895,71.7164077758789,9749600
CVX,2020-05-08,73.54336424089163,73.9768811295829,72.82341317575813,73.90721130371094,8585900
CVX,2020-05-11,72.93177696545722,73.23369129279949,72.13441318267003,72.28150177001953,7101000
CVX,2020-05-12,72.09572035440276,72.7924481568501,70.44680281046465,70.52421569824219,8749100
CVX,2020-05-13,69.5952473715793,69.67266025728694,67.59796302670985,68.66627502441406,12215100
CVX,2020-05-14,67.57475718153202,70.39262947293514,66.59159497015678,69.71138763427734,10678200
CVX,2020-05-15,70.17586033951305,71.26739572843212,68.7669244073335,69.02239227294922,10113000
CVX,2020-05-18,72.58071270493294,73.36621824071591,71.84233558355882,72.69853973388672,12304300
CVX,2020-05-19,72.68285250951266,72.76140189286514,70.32633505133535,70.39703369140625,7749300
CVX,2020-05-20,71.48101355439873,73.4212134526016,70.836899166483,73.0520248413086,9160000
CVX,2020-05-21,72.87132814286817,73.34263614372146,71.70092685805754,72.29791259765625,8830900
CVX,2020-05-22,71.83449897523883,71.95232603720288,70.27920093470001,70.91545867919922,8563100
CVX,2020-05-26,72.65141034704924,74.10459449008223,72.2900784947714,73.28767395019531,9430000
CVX,2020-05-27,74.37167322941046,74.37952996372532,72.3529240016213,73.75897979736328,7822600
CVX,2020-05-28,73.53119022415848,73.75898759992799,71.31606435469813,71.37890625,9633300
CVX,2020-05-29,70.84474425968106,72.18010123695467,70.11422389159029,72.03085327148438,17010000
CVX,2020-06-01,71.43388545382747,73.71970377020567,70.78191432853276,72.88706970214844,7344000
CVX,2020-06-02,73.66471884278104,74.79584889566955,73.27982275259134,74.37953186035156,7880300
CVX,2020-06-03,75.3849729091859,76.76746443437327,75.21216071942098,76.33543395996094,8440200
CVX,2020-06-04,76.02123947704906,76.10764558210832,74.74872409878161,75.62848663330078,6371700
CVX,2020-06-05,77.82789959417137,80.16085228419645,77.80433538403898,79.18682098388672,12760100
CVX,2020-06-08,80.61643741894306,81.37052207437313,79.23395188045399,81.09559631347656,11090700
CVX,2020-06-09,79.10042443713522,80.85210484801296,78.41703828903894,79.75239562988281,10745400
CVX,2020-06-10,79.33605504172554,79.72880778945687,76.63391421959608,76.64962768554688,10486300
CVX,2020-06-11,72.50217735078594,73.98678262067232,70.00426902490949,70.20064544677734,14944800
CVX,2020-06-12,73.53905068879546,73.56261490249545,70.70337444351871,72.5728759765625,9532400
CVX,2020-06-15,69.98068709643856,72.32935302342047,69.2894443647226,71.66167449951172,12289500
CVX,2020-06-16,74.61519169544817,75.07864321781996,71.8659214900882,73.8611068725586,8726700
CVX,2020-06-17,73.70399039143392,73.83752490242185,71.87376094225105,71.90518188476562,6019900
CVX,2020-06-18,71.48099854283049,73.23267839675881,70.77404241360087,72.21937561035156,7064100
CVX,2020-06-19,74.15958478274383,74.15958478274383,71.12753276048873,71.19036865234375,14838800
CVX,2020-06-22,70.94686096777129,72.02300572768752,70.37343927993506,71.94445037841797,5939200
CVX,2020-06-23,72.65926360658757,73.12270900595749,71.62239651700003,71.82662963867188,6317700
CVX,2020-06-24,70.68767348596597,70.7976438313224,68.2290422034481,68.84173583984375,8974500
CVX,2020-06-25,68.58249685737644,70.31061289506991,68.4646758034088,70.07495880126953,7398000
CVX,2020-06-26,69.73718284503623,69.77646052031433,67.69486958214306,67.91481018066406,13766000
CVX,2020-06-29,68.26830016140643,69.57223644782874,68.02478933027751,68.86528015136719,7022200
CVX,2020-06-30,68.02479155387367,70.68765536347877,67.83627186629911,70.0906753540039,8263600
CVX,2020-07-01,70.12994023070858,71.30034191707455,68.77101887507983,68.82600402832031,6379400
CVX,2020-07-02,70.20065937309606,70.97830847994064,69.25019802185624,69.3680191040039,5832800
CVX,2020-07-06,70.30277101987785,70.89190038596622,68.98312100012257,69.57225036621094,6747500
CVX,2020-07-07,68.98312015356376,69.1873533426562,67.67132688614275,67.79700469970703,5898000
CVX,2020-07-08,67.85982823071532,68.9673940021174,67.46707543114275,67.82840728759766,6736400
CVX,2020-07-09,67.52993859682027,67.80486444456687,64.95348037862237,64.99275207519531,8833600
CVX,2020-07-10,64.80419879857854,67.0978732450248,64.80419879857854,66.9486312866211,6218100
CVX,2020-07-13,67.58492234856558,68.28402205799858,66.61874754054288,67.08219909667969,7074000
CVX,2020-07-14,67.07431835637942,69.59579044976962,66.7993926127883,69.3994140625,7440500
CVX,2020-07-15,70.83688835480447,70.84474508806096,69.28944151451248,69.8235855102539,5935200
CVX,2020-07-16,69.47010658619175,70.28703300474639,68.61390249645487,69.40726470947266,4795700
CVX,2020-07-17,69.44655326858627,69.99640479375687,68.26829486356458,68.48823547363281,5964000
CVX,2020-07-20,68.20543397900096,68.72386441648179,66.61085900722816,66.98004150390625,14974800
CVX,2020-07-21,67.92267477073646,72.0544361833525,67.83626866947574,71.78736114501953,15115000
CVX,2020-07-22,70.65623162846808,71.67739138232074,69.83145428229406,71.51243591308594,10317500
CVX,2020-07-23,71.08825916602446,71.77950195957546,70.71121382858514,71.4888687133789,6586300
CVX,2020-07-24,71.85806011155135,72.84779292407839,70.67980162650552,70.79762268066406,6620500
CVX,2020-07-27,70.5069896284552,71.5517076002756,69.75290491498215,71.51243591308594,7599700
CVX,2020-07-28,71.06469468204621,71.6145462210535,69.72933152699203,69.99640655517578,6787300
CVX,2020-07-29,70.28705043898185,70.75835264541604,69.58009413286422,70.75049591064453,6386900
CVX,2020-07-30,69.46225889963756,69.51724405069484,67.3178260225396,67.76556396484375,10112800
CVX,2020-07-31,65.3933325419753,66.06101101498878,64.02655465695659,65.93533325195312,19119800
CVX,2020-08-03,65.966771092991,66.87795458549034,65.82537982776644,66.61873626708984,11220100
CVX,2020-08-04,66.35952289800996,68.11905395418513,66.20241816526848,67.93838500976562,9077900
CVX,2020-08-05,69.23445559283755,69.46225291127409,67.87553440831836,68.49607849121094,7324200
CVX,2020-08-06,67.8912641949587,69.04595864005047,67.63204585158432,68.70819091796875,7035600
CVX,2020-08-07,68.24472829200177,68.42539722727345,67.34925233598078,68.18189239501953,7185000
CVX,2020-08-10,69.07736555857743,70.5069855352159,68.81029053370268,70.4834213256836,8150200
CVX,2020-08-11,72.22725769596093,73.0598979397119,70.04355247691937,70.39703369140625,9074300
CVX,2020-08-12,71.32391977500276,71.99945515471198,70.26348228836494,71.26107788085938,9057400
CVX,2020-08-13,70.59338534035693,71.7009450401879,70.5069792511514,70.55410766601562,7314600
CVX,2020-08-14,69.91001215552143,71.15896342865815,69.7921850937513,70.97044372558594,6343000
CVX,2020-08-17,70.97044302853682,71.93661773404241,70.4755765654827,71.30035400390625,10473800
CVX,2020-08-18,70.89396537268141,71.2126985854003,69.57919466979745,69.82621002197266,7981500
CVX,2020-08-19,69.56325289471488,70.04134962017528,68.68673513881949,68.838134765625,9120300
CVX,2020-08-20,68.06522178779207,69.23656294045273,67.5154131842012,67.57915496826172,7872300
CVX,2020-08-21,67.46759305425326,67.80226018734322,66.54327343724329,67.79429626464844,9003600
CVX,2020-08-24,68.20863214429288,69.59511434449516,67.64288369524095,69.48355865478516,8738700
CVX,2020-08-25,70.12900269173944,70.15290661655476,68.33613537863371,68.6309585571289,6835800
CVX,2020-08-26,68.296288854152,68.39987455085618,67.45962112078072,67.55523681640625,7486500
CVX,2020-08-27,67.85805916300477,68.23256423056903,66.90982932974332,67.65885162353516,7438200
CVX,2020-08-28,67.77039478915104,68.31223943917959,67.18870620688624,68.23255157470703,7307900
CVX,2020-08-31,68.3919232256119,68.44770108477655,66.830137089671,66.87794494628906,9437500
CVX,2020-09-01,66.34406746046578,66.63889066950877,65.69863102692722,66.20063781738281,8990600
CVX,2020-09-02,66.18468490186534,66.90183297738115,65.89782567165902,66.28827667236328,10821900
CVX,2020-09-03,66.17672618997095,67.32415712179271,65.10897095363171,65.56316375732422,16179900
CVX,2020-09-04,65.70661313325671,66.64687294904793,64.46356005043603,65.28429412841797,10516600
CVX,2020-09-08,64.14481186205143,64.20855971797221,62.184610887463634,62.925662994384766,14942500
CVX,2020-09-09,63.72249396581409,64.59900572096758,63.49141254393476,63.770301818847656,9269800
CVX,2020-09-10,64.24838959758564,64.45556706396006,62.19257317349731,62.272254943847656,11845900
CVX,2020-09-11,62.3439610497671,62.702538102763064,61.41167165476953,61.90570831298828,13732400
CVX,2020-09-14,61.73838617511816,62.13680114349847,61.29215727658784,61.58698654174805,8182800
CVX,2020-09-15,61.80213820224762,62.535226485971634,60.52721130779646,60.837974548339844,11732000
CVX,2020-09-16,60.83796365424785,63.332045214219455,60.52720046935201,62.59895706176758,13019000
CVX,2020-09-17,61.77823423285187,62.830049680009076,60.85391451472268,62.78224182128906,10515100
CVX,2020-09-18,62.0571130223236,63.0690904421287,61.754319836201645,62.320068359375,14517800
CVX,2020-09-21,60.750331349342794,61.07703464191234,59.507278211302605,60.79814529418945,16199100
CVX,2020-09-22,60.67859942040768,61.77822251776185,60.0411330548132,60.18456268310547,9155000
CVX,2020-09-23,60.23237756021389,60.48736899966599,57.25223502391851,57.33191680908203,16649200
CVX,2020-09-24,56.77414336673053,58.19249994060289,56.17652080497547,57.21240234375,15203500
CVX,2020-09-25,56.58290482430571,57.754245996822306,56.39166123088968,57.236305236816406,11070500
CVX,2020-09-28,58.67856363952441,59.57101547258342,58.2881186222683,58.909645080566406,12863800
CVX,2020-09-29,58.96541783349181,59.0769735430466,56.66257970444916,57.292076110839844,10553000
CVX,2020-09-30,57.570961170726356,58.080931828314434,57.06099051313827,57.37175369262695,10466500
CVX,2020-10-01,56.98131411357577,57.27613731820645,55.802003057062,56.11276626586914,14930700
CVX,2020-10-02,54.91752598706078,57.10880864052531,54.83784419734643,56.72633361816406,9854800
CVX,2020-10-05,56.98929033940186,57.95346018232492,56.34385985551521,57.92955017089844,12049800
CVX,2020-10-06,58.83792602746304,59.22040711371548,57.57096920795492,57.61081314086914,15294500
CVX,2020-10-07,57.50722232492115,58.90167489000264,57.02115551588914,58.79011917114258,15410300
CVX,2020-10-08,59.276190593773705,60.20051642693454,58.95745733822407,59.93756103515625,11590900
CVX,2020-10-09,60.44752404983454,60.63079154469242,58.949485844254845,58.96541976928711,12260900
CVX,2020-10-12,58.67057770428596,59.72239282792734,58.327940637074725,59.37179183959961,9056900
CVX,2020-10-13,59.55508859021422,59.55508859021422,57.993302097722335,58.48733901977539,10440300
CVX,2020-10-14,58.39170139159332,59.30805710689895,58.096878182545126,58.128746032714844,7057500
CVX,2020-10-15,57.2283219823391,58.74229997665771,56.885684889305566,58.57496643066406,10052100
CVX,2020-10-16,58.58294867093026,58.98933374074883,57.58691100522983,58.08094787597656,9305600
CVX,2020-10-19,58.256246591373525,58.43951410206454,56.726334324224304,56.79804611206055,8357100
CVX,2020-10-20,57.30005291732847,57.602846153601966,56.606808571915664,57.11677932739258,7753200
CVX,2020-10-21,56.6785154159426,57.03709256167139,56.35978828106867,56.471343994140625,9800600
CVX,2020-10-22,56.47932347276291,58.55905082107408,56.23230805140242,58.48733901977539,9810100
CVX,2020-10-23,58.90964375322038,59.25228090575814,57.23630192335271,57.82595443725586,8727200
CVX,2020-10-26,57.156611216643235,57.28410083897857,55.9693302923742,56.52711486816406,9710900
CVX,2020-10-27,56.112769332596734,56.25619898137198,55.37171716047972,55.387657165527344,14251700
CVX,2020-10-28,53.93742866960003,54.24819190643931,52.85373930240068,53.2919921875,15961900
CVX,2020-10-29,52.694366299425944,55.09282632840144,51.92144629743896,54.82190704345703,12292200
CVX,2020-10-30,55.69841382428024,55.86574738156703,54.24818358179801,55.37968063354492,17191600
CVX,2020-11-02,56.33587631535534,58.23233553028605,55.30000100437901,57.49128341674805,11475500
CVX,2020-11-03,58.296076714978234,58.40763241140341,56.61476518828935,57.164573669433594,8608000
CVX,2020-11-04,56.39962798698909,58.63871840352342,55.690449753723826,57.1884880065918,10925700
CVX,2020-11-05,57.29208082236959,58.14468871798578,57.180525103640804,57.48331832885742,10627700
CVX,2020-11-06,57.77017733543375,58.38373378533216,56.43947264067761,56.6944580078125,8366900
CVX,2020-11-09,63.7464035428832,67.14886515707904,62.35992096803811,63.268306732177734,24015200
CVX,2020-11-10,64.65480537738547,66.25643586670846,63.51533788766131,66.19268798828125,15039700
CVX,2020-11-11,67.01339699476988,67.32416018621358,65.1806917733493,65.70659637451172,11640600
CVX,2020-11-12,64.52728720810656,65.5312884930272,63.674679468437986,64.28026580810547,8920700
CVX,2020-11-13,64.6627662920757,66.41579014706723,64.56714448787689,66.16080474853516,10890300
CVX,2020-11-16,68.71861544943161,71.06129752498698,68.16083689778998,70.88599395751953,18980200
CVX,2020-11-17,69.85912765582039,70.7727922505323,68.58969701735595,70.37660217285156,14329000
CVX,2020-11-18,70.64342624021079,71.07195924348032,68.12073335971817,68.14498901367188,10583700
CVX,2020-11-19,67.55475599037932,69.50336985011762,67.15855969695563,69.3174057006836,8820200
CVX,2020-11-20,69.3093071816662,69.78635147514018,68.63011805225302,69.36590576171875,8294600
CVX,2020-11-23,70.70811728942535,74.04745267936987,70.15021865249692,73.60274505615234,13379300
CVX,2020-11-24,75.51093819008766,77.47572675465811,75.19560228690337,77.31401824951172,17257400
CVX,2020-11-25,76.55398990011987,76.55398990011987,74.50025939941406,74.50025939941406,10556600
CVX,2020-11-27,73.84532189169178,74.86409664340131,73.20656276837803,73.82914733886719,4627700
CVX,2020-11-30,72.77802655158354,73.45720969047194,70.26342037867131,70.48981475830078,14288400
CVX,2020-12-01,72.18777917405545,72.53545802149293,70.40087361776,70.70812225341797,9913600
CVX,2020-12-02,70.55450422869414,73.8291479618815,70.42513248014345,72.66483306884766,10509600
CVX,2020-12-03,73.238887018014,73.66742002675701,72.01796768022672,72.60821533203125,8249800
CVX,2020-12-04,73.75636109508616,75.5594346307127,73.51379221634276,75.42198181152344,10791100
CVX,2020-12-07,74.24149598205317,74.6942846624548,72.67289781240022,73.38442993164062,9398400
CVX,2020-12-08,73.04483675210736,74.75897512730623,72.92355846865985,74.01510620117188,7627300
CVX,2020-12-09,74.54875398507791,75.21176870894612,72.2605484698739,73.12570190429688,11129400
CVX,2020-12-10,74.02318196604234,76.45692706346566,73.40059142016567,75.47857666015625,11992100
CVX,2020-12-11,74.8155708710003,75.421986940313,73.6027387323749,74.75088500976562,9584500
CVX,2020-12-14,75.5190147353279,75.76157745858124,72.15542402092294,72.317138671875,12198400
CVX,2020-12-15,72.30096022782081,73.15803240974175,71.77539843590708,72.26053619384766,11775300
CVX,2020-12-16,72.12309771093261,72.24438218489992,71.031549782796,71.71073913574219,9892900
CVX,2020-12-17,72.39800160769747,72.40608888341212,70.78897919238145,71.48433685302734,11748900
CVX,2020-12-18,71.13666101155293,71.72690261905949,69.7459456318294,70.4979019165039,27427600
CVX,2020-12-21,68.20159120856076,70.21489078754179,67.53857656731326,69.60847473144531,11430500
CVX,2020-12-22,69.08291925332296,69.37399945446316,68.16116733930669,68.20967864990234,8585800
CVX,2020-12-23,68.72716746382515,70.06937157766461,68.72716746382515,69.28507232666016,7223100
CVX,2020-12-24,69.47912740487396,69.47912740487396,68.57354363614104,68.9939956665039,3335600
CVX,2020-12-28,69.220389802897,70.04511313810706,68.41992212919538,68.64631652832031,8051900
CVX,2020-12-29,68.93738129130269,69.30931574456804,67.95903076164709,68.41181945800781,7670800
CVX,2020-12-30,68.41183511294594,70.00468935843516,68.35523651294918,68.9939956665039,7901800
CVX,2020-12-31,68.6463011624767,68.88886389205024,67.8862577051563,68.2824478149414,8350700
CVX,2021-01-04,68.84842652616777,69.49526651525584,67.82964598659593,68.49266052246094,9234900
CVX,2021-01-05,69.12334930276145,72.13926147242431,68.985896464927,70.34426879882812,13414800
CVX,2021-01-06,71.9613690973509,73.40059549229265,71.00727429402797,72.60821533203125,13916800
CVX,2021-01-07,73.08527542047707,73.43295426710687,72.2120346658556,72.94782257080078,9286600
CVX,2021-01-08,74.4517434501687,74.73473645717391,73.13379489516825,73.6431884765625,11152100
CVX,2021-01-11,72.05840156543358,74.46789126673998,71.61369398526806,74.06361389160156,10635000
CVX,2021-01-12,74.9206782515522,75.93945268835897,74.15254761820832,75.47048950195312,10923900
CVX,2021-01-13,75.35729776262043,75.61603502738889,74.33852325253508,75.3977279663086,9723300
CVX,2021-01-14,75.95564414269566,77.88000245377792,75.83435968214195,77.20890045166016,13950200
CVX,2021-01-15,76.18204182236994,76.25480880059342,74.15256734519777,74.4598159790039,10244600
CVX,2021-01-19,75.59986195890008,76.83694962213141,75.43006621774897,76.41650390625,9574800
CVX,2021-01-20,76.8126931595493,77.26548179784781,76.24670736167616,77.11994171142578,8735400
CVX,2021-01-21,75.89095143809732,76.53779772359144,73.75636733226342,74.39512634277344,10393100
CVX,2021-01-22,73.0933373284098,74.41127911023992,72.63246145155543,74.16871643066406,7810600
CVX,2021-01-25,73.27123291761771,73.60273715396559,72.22819656051377,73.49762725830078,7689400
CVX,2021-01-26,74.54874144011313,75.12282071001313,72.17967590432337,72.25244903564453,7827800
CVX,2021-01-27,70.77279162320794,73.05291562141038,70.14211994671534,71.31452178955078,10178500
CVX,2021-01-28,71.69454614188828,72.8912098517674,71.35495463715422,71.9775390625,8155500
CVX,2021-01-29,70.20682635831709,70.61918493288896,68.66248347427141,68.88887786865234,14699800
CVX,2021-02-01,69.52762033863341,70.58683124239906,68.37947408878239,69.86721801757812,8073600
CVX,2021-02-02,71.16089951142213,71.45197969135013,69.96423586407558,70.39276885986328,9233100
CVX,2021-02-03,70.38469497400874,72.27671016882502,70.25532325020079,71.92903137207031,9256500
CVX,2021-02-04,72.37373702310148,72.48693419400972,71.11238742489341,71.96137237548828,7917600
CVX,2021-02-05,72.72142551847911,73.14995860395052,71.67030174111663,72.1716079711914,8017300
CVX,2021-02-08,73.00440875955799,74.41937956511543,72.7780144176741,73.96659088134766,9886600
CVX,2021-02-09,73.65933975463741,73.79679258771915,72.61630334067289,73.546142578125,7605500
CVX,2021-02-10,73.88574304337662,74.86409371228872,73.25507122116751,74.8074951171875,8778800
CVX,2021-02-11,74.68621262938916,74.74281122131491,72.83462130955563,74.40321350097656,8572400
CVX,2021-02-12,74.00701961458493,74.97728907267697,73.86147950431031,74.83174896240234,7858300
CVX,2021-02-16,76.29951833525057,76.9637034136654,75.93872335142927,76.3651123046875,14006000
CVX,2021-02-17,78.24287055523834,79.30885224096431,77.24248908992226,78.65286254882812,14342300
CVX,2021-02-18,78.51348668148643,78.53808520638236,77.32451210097459,77.89849853515625,9030600
CVX,2021-02-19,78.0050873892473,79.03006754326549,77.61149851345444,78.55448150634766,8913900
CVX,2021-02-22,79.53025136293101,81.70321034949913,79.09566081681376,80.67823028564453,13178700
CVX,2021-02-23,81.9738204606693,82.12961945865611,79.37447208026778,81.69502258300781,14874000
CVX,2021-02-24,82.26900582960884,85.31114607418175,81.84261059646066,84.71255493164062,16116000
CVX,2021-02-25,86.01632334776437,86.06552038613432,83.30217203802833,83.92536163330078,13219200
CVX,2021-02-26,82.24439552302239,82.8675788422022,80.03863661955809,81.99839782714844,14454100
CVX,2021-03-01,84.01555724172508,85.11433902020984,83.14637623102938,83.67936706542969,10439900
CVX,2021-03-02,83.5481822528599,84.71255821250706,83.40058485966642,83.99917602539062,10643500
CVX,2021-03-03,84.79454755915536,86.71330709628725,84.78634596756604,84.942138671875,14958200
CVX,2021-03-04,85.70473616291618,88.21389178592382,84.56495875397442,85.68833923339844,22994200
CVX,2021-03-05,87.70549709457315,89.484861059894,87.04131198677645,89.37826538085938,23638200
CVX,2021-03-08,90.083462004396,90.55085273410602,88.60748798637343,89.9932632446289,18033600
CVX,2021-03-09,89.43566039122628,90.76403680895392,88.45987736645206,89.78825378417969,19010700
CVX,2021-03-10,90.36226132257,91.8464370605151,89.9522691999522,91.32164764404297,17389900
CVX,2021-03-11,91.5512260540906,92.28921299559251,90.92803638615764,91.17403411865234,10989500
CVX,2021-03-12,91.54301721645861,92.41219829211481,90.78863340528599,91.4774169921875,10930300
CVX,2021-03-15,91.45283034866435,91.76442832642714,89.28807271444376,90.40325164794922,10488000
CVX,2021-03-16,88.99287742275487,89.27987061962158,87.8039029260289,88.26309204101562,11698400
CVX,2021-03-17,87.91048385390825,89.01746100226653,87.410293113631,88.58287048339844,9168600
CVX,2021-03-18,87.74649284945693,88.17288179265573,85.0405430466,85.37673950195312,13246600
CVX,2021-03-19,85.22914619976248,86.00812856352282,84.24516156261146,84.76995086669922,18491000
CVX,2021-03-22,84.50756576960073,85.68834496529533,83.89257764784023,84.0811767578125,12508500
CVX,2021-03-23,83.18738952861955,85.52434936128523,82.56420607882579,83.61378479003906,14781700
CVX,2021-03-24,84.45016850843398,86.72152817860153,84.38457452892119,85.85234069824219,11026800
CVX,2021-03-25,84.33535798640152,86.31152254262825,83.69577143067093,86.15572357177734,11138200
CVX,2021-03-26,87.36110988917487,88.18109401850147,86.39352836633017,88.13189697265625,9820200
CVX,2021-03-29,87.24631758507975,88.17289745188542,86.67232490824085,87.6727066040039,7542300
CVX,2021-03-30,86.9675041799985,87.59889538615865,86.58211068511818,86.86090850830078,6284600
CVX,2021-03-31,86.54931416777968,87.09870194929827,85.77032561000209,85.9261245727539,8954400
CVX,2021-04-01,86.31152741703036,86.80351662184013,85.45054161662664,86.71331787109375,8515800
CVX,2021-04-05,86.69691472624042,86.77891187849968,85.41773537826546,85.696533203125,8692700
CVX,2021-04-06,85.48332480507774,86.16391296922986,84.8273351578982,84.9339370727539,8125100
CVX,2021-04-07,84.84375352944342,85.74573476381129,84.67155762382626,85.43414306640625,7699300
CVX,2021-04-08,84.88473869331109,84.96674209593803,83.69576442699595,84.47474670410156,8283000
CVX,2021-04-09,84.55675415820477,85.01594320620715,83.7203669567929,84.39275360107422,7163700
CVX,2021-04-12,85.00776999347251,85.16356901076331,83.23660717704604,83.45800018310547,7845900
CVX,2021-04-13,83.2775699521804,84.1303540312977,83.0561770330161,83.83515930175781,6829900
CVX,2021-04-14,84.17137034305263,86.36892801332284,84.13036863506211,85.49974060058594,10194800
CVX,2021-04-15,85.28653580738336,85.49972713861652,84.40095160447525,84.80274200439453,7860500
CVX,2021-04-16,85.11435756846,85.57354669214284,83.99097702689863,84.42556762695312,7459700
CVX,2021-04-19,84.67975753173744,85.1389528941549,83.81057636427606,84.67156219482422,7068700
CVX,2021-04-20,84.31895764924569,84.4501518383569,82.41659498727141,83.08898162841797,9783800
CVX,2021-04-21,82.26899100884602,84.45014505753704,82.11319205680343,84.23695373535156,8264400
CVX,2021-04-22,84.35177147290041,84.35177147290041,82.7118031785338,82.77739715576172,9899400
CVX,2021-04-23,82.90038969985359,83.77777242011504,82.5887979998667,83.2693862915039,6756000
CVX,2021-04-26,83.0398006942576,84.18777987401795,83.03160535621863,83.24479675292969,5639700
CVX,2021-04-27,83.48257128819142,84.54035142741954,83.23657983515008,84.21235656738281,6898900
CVX,2021-04-28,84.90116620053901,86.80352932526186,84.76177038570616,86.27873992919922,8718400
CVX,2021-04-29,87.26270827675725,88.27129149384332,86.71332041950679,87.65630340576172,9740300
CVX,2021-04-30,86.08191944722299,86.41810961995373,84.43374992496216,84.5157470703125,13730000
CVX,2021-05-03,85.26194923943801,86.6887198178942,84.63875957345282,86.53292083740234,7938100
CVX,2021-05-04,86.88550791800283,87.33650164130715,85.97532513532082,87.00850677490234,8704300
CVX,2021-05-05,87.81210159601616,89.82106656229863,87.59070862316813,89.34547424316406,12872400
CVX,2021-05-06,89.33726993929113,89.4848673353726,88.08269520059,89.39466857910156,9654900
CVX,2021-05-07,88.63209085823915,90.74765163584928,88.31229751464497,90.21466064453125,10273000
CVX,2021-05-10,91.37902210411892,92.74839392977127,89.8046480154358,89.84564971923828,13586500
CVX,2021-05-11,89.42746493892432,89.8538601790178,87.09051147912325,87.49230194091797,12754800
CVX,2021-05-12,87.73828306722827,90.32123377320738,87.50868856109344,88.04167938232422,11661900
CVX,2021-05-13,86.97571555724679,88.45168947901821,86.45912781261798,87.47590637207031,9706300
CVX,2021-05-14,88.39427721579023,90.05064213404025,88.39427721579023,89.7636489868164,9124100
CVX,2021-05-17,89.45205325016174,90.91982538865962,89.35365917212759,90.8624267578125,12692900
CVX,2021-05-18,90.42252098547888,90.52211948702912,87.95735675115303,88.13166046142578,12759900
CVX,2021-05-19,86.17281865576805,86.56292971412572,84.6372803828679,85.658203125,14762700
CVX,2021-05-20,85.55029967635627,86.380321020391,84.63727746443014,85.9570083618164,9706300
CVX,2021-05-21,86.40522524963399,87.31824751018968,86.05661778638627,86.42182922363281,10352800
CVX,2021-05-24,87.11073815187153,87.84945664678702,86.32222040237399,87.65025329589844,6785600
CVX,2021-05-25,87.50914081859445,87.66684688283392,85.99850239382768,86.21430969238281,7884000
CVX,2021-05-26,86.75383271288169,87.07754688025244,86.04002014494809,86.42182922363281,9232400
CVX,2021-05-27,86.42182006051362,87.07753764760893,85.13528451212058,85.50049591064453,11703400
CVX,2021-05-28,86.00681658816998,86.42182727292412,85.45069745785345,86.14791870117188,7278200
CVX,2021-06-01,87.40124678602977,89.16918990287891,87.40124678602977,88.52177429199219,10260600
CVX,2021-06-02,88.9865888570291,90.10711642162293,88.15656750065436,89.70870971679688,9141800
CVX,2021-06-03,89.2770870690845,89.71699733535259,88.44706578705119,89.30198669433594,8809300
CVX,2021-06-04,89.8415272349742,90.19843674061849,88.98660608559781,90.01583099365234,6699300
CVX,2021-06-07,89.94941470376054,90.22331693263081,89.28539510015204,89.43479919433594,6748600
CVX,2021-06-08,89.35179779134505,90.45572768438781,88.23127025796369,90.24822235107422,10559500
CVX,2021-06-09,90.52212015007481,90.91223117083027,89.35179342036837,89.4596939086914,10146900
CVX,2021-06-10,90.52212139143683,91.50984876965549,89.01978485755602,89.98261260986328,13526200
CVX,2021-06-11,90.33951781659405,90.44742464149529,89.52610046573936,89.5676040649414,7731700
CVX,2021-06-14,89.79170483681816,90.43912044012863,88.67117734396848,89.61740112304688,9051900
CVX,2021-06-15,89.98262117661538,91.7007651862367,89.96601720272035,91.55136108398438,10540200
CVX,2021-06-16,91.3272505834535,91.72566362849501,90.38932871245068,91.0284423828125,9283300
CVX,2021-06-17,90.67151342806196,91.28573367085197,79.939339140054,88.87036895751953,14337800
CVX,2021-06-18,87.35976144498053,88.20638057479489,85.41751420640331,85.5171127319336,22284500
CVX,2021-06-21,86.40521266371893,88.34746572222865,86.26411056808523,88.02375793457031,13591500
CVX,2021-06-22,87.42615501003664,88.77908760346644,86.57952964133966,88.31427764892578,10230100
CVX,2021-06-23,89.1110863639669,89.75019997210934,88.17316458427325,88.20635986328125,7792800
CVX,2021-06-24,88.92849731445312,89.45971053386538,88.2810815990795,88.92849731445312,8724600
CVX,2021-06-25,89.30198752765263,89.69209854705817,88.62967230935112,89.06128692626953,8102300
CVX,2021-06-28,88.77077367553154,88.81227727270159,86.04000922736935,86.31391143798828,11348400
CVX,2021-06-29,86.81191387879628,87.12732598621872,85.9984966526797,86.12300109863281,7225500
CVX,2021-06-30,86.1894341166005,87.05265728254103,86.08983558412855,86.93645477294922,7927500
CVX,2021-07-01,88.77077680306134,88.89528126639816,87.76645177524846,88.15656280517578,10873200
CVX,2021-07-02,87.73326454030831,88.31428335357565,87.18545367743687,88.04037475585938,7107700
CVX,2021-07-06,87.95735636450105,87.95735636450105,85.81589993474678,86.31391143798828,10162800
CVX,2021-07-07,86.28903367361879,87.06925590365056,84.76179716575226,85.43411254882812,8245000
CVX,2021-07-08,84.24717212323301,85.56690310996781,84.01476714437864,85.16019439697266,8695500
CVX,2021-07-09,85.87401176573023,86.51313177866378,84.96098950838578,86.38032531738281,8567900
CVX,2021-07-12,85.95700249532139,87.16883281499842,85.69139593666013,86.55461883544922,9898600
CVX,2021-07-13,86.32221561786167,86.80362949400644,85.6748000139373,86.26411437988281,6738000
CVX,2021-07-14,86.72063881610269,87.41785375374202,84.42977797481778,84.63728332519531,9216600
CVX,2021-07-15,83.87365617087438,84.86967921296585,83.7076481088191,84.08116149902344,9665700
CVX,2021-07-16,84.35507218346068,84.40487777335468,81.6160053765964,81.8567123413086,12199100
CVX,2021-07-19,79.5326393844556,80.47056115807017,78.45360917945206,79.64884185791016,17385500
CVX,2021-07-20,79.59074274091068,81.37528982014726,78.89352788161456,80.12195587158203,12114600
CVX,2021-07-21,81.32549357338547,83.3922449341712,81.09308227913817,82.85272979736328,11478100
CVX,2021-07-22,82.50412662884466,82.51242861578078,81.25079256903634,82.02271270751953,7694300
CVX,2021-07-23,82.00611657510774,82.27172316890517,81.29229766692198,82.05591583251953,7570800
CVX,2021-07-26,82.55392694169579,84.04796798128436,82.53732930017178,83.79065704345703,10227500
CVX,2021-07-27,83.04362065183831,83.59973331632806,82.12229664586444,83.50843048095703,8332100
CVX,2021-07-28,83.74914718226361,84.50446324298305,83.23453171653848,83.98155212402344,8546100
CVX,2021-07-29,84.97758596578896,85.39259665266877,84.61238086747589,85.13529205322266,8681300
CVX,2021-07-30,85.54198205683973,86.36370759670561,83.64123276645851,84.50445556640625,12295300
CVX,2021-08-02,84.72859311162564,86.30563516991337,84.29697840132647,84.3550796508789,8911800
CVX,2021-08-03,84.32187100962446,85.4175053371849,83.55825284122845,85.16019439697266,8437300
CVX,2021-08-04,83.36733925218881,84.57916955908394,83.08512872452293,83.25113677978516,10389800
CVX,2021-08-05,83.7823643169079,85.019094461889,83.55825498685735,84.0230712890625,7986100
CVX,2021-08-06,84.67876773988866,85.1435839603077,84.33016032399422,84.62066650390625,6475600
CVX,2021-08-09,83.75745763464778,84.14756235057266,82.94403392370404,83.20964050292969,9243100
CVX,2021-08-10,83.6163448142464,84.92778000100576,83.48354469786673,84.72857666015625,9762600
CVX,2021-08-11,84.6953758008452,85.4672958776293,84.33016439557441,85.36769104003906,7079800
CVX,2021-08-12,85.37599560071978,85.69970341694895,84.47957103305731,85.19338989257812,7377600
CVX,2021-08-13,84.85308422218218,85.11038881070093,84.36336833953007,84.62897491455078,6572600
CVX,2021-08-16,83.69104057124733,83.99814436775014,82.9274225737818,83.76573944091797,9476600
CVX,2021-08-17,83.16813088147346,84.39656517931137,82.69501899858561,83.60804748535156,10937500
CVX,2021-08-18,83.01920054913172,83.63328161312354,81.21900768147299,81.34518432617188,12893600
CVX,2021-08-19,79.75529845936084,80.17590441080638,78.11493781589829,79.31787109375,17423400
CVX,2021-08-20,78.67014319607952,79.81419202631487,78.4093695305491,79.3262939453125,9707600
CVX,2021-08-23,80.8320560505474,81.59756203270157,80.80682071802592,81.37043762207031,10277800
CVX,2021-08-24,82.01815213468657,82.9518977647318,81.92561832140737,82.30416107177734,8924900
CVX,2021-08-25,81.78260345813028,83.04442102289978,81.36199760320712,82.86776733398438,9342300
CVX,2021-08-26,82.53130908014164,83.052862825839,81.76580308651835,81.78263092041016,8124800
CVX,2021-08-27,82.55653637875618,83.66693584384113,82.48083038742513,82.97714233398438,10281200
CVX,2021-08-30,83.35568383474957,83.54075147905199,82.41353061711901,82.76683807373047,8127200
CVX,2021-08-31,82.55653827683798,82.78366909192827,81.29472038214256,81.4040756225586,15676900
CVX,2021-09-01,81.47978510480004,81.65643883355511,80.31050107784688,80.51239013671875,10557300
CVX,2021-09-02,81.29470499279232,82.7668255912598,81.21899901405207,82.1948013305664,12340100
CVX,2021-09-03,81.93403674974705,82.80048394187243,81.91720891844018,82.0097427368164,9097000
CVX,2021-09-07,81.61437626631515,82.42194534356418,81.37883795959146,81.64802551269531,9237800
CVX,2021-09-08,82.0181495928061,82.83412605665055,81.05075474991901,81.08440399169922,10775900
CVX,2021-09-09,80.66380620713971,82.11910557526608,80.20955102433618,80.75634002685547,10219400
CVX,2021-09-10,82.10226131990339,82.18638120701648,80.66379007108061,80.8152084350586,11006000
CVX,2021-09-13,81.77419047977251,83.03600805898132,81.64800743826441,82.41351318359375,11500900
CVX,2021-09-14,82.75841005690287,83.06124680181013,80.7395069814363,80.92456817626953,15294100
CVX,2021-09-15,81.58913310696914,82.88460008757777,81.58913310696914,82.6406478881836,11623400
CVX,2021-09-16,82.70794151184236,82.93506586733913,81.52183624569427,81.86672973632812,10616700
CVX,2021-09-17,81.69011389225942,82.75845051838259,81.06761868691063,81.39569091796875,16006100
CVX,2021-09-20,79.61228000100427,80.12541968512608,78.49346682625107,79.73004913330078,15796100
CVX,2021-09-21,80.39461397140778,80.66380149906824,79.0991469889365,79.7889404296875,10958400
CVX,2021-09-22,80.9582274083063,83.09490629755201,80.9582274083063,82.13592529296875,13292800
CVX,2021-09-23,82.64065596263463,84.34831510730477,82.22846392514745,84.17166137695312,10094900
CVX,2021-09-24,83.82676679262623,84.93716623959094,83.82676679262623,84.62591552734375,8225300
CVX,2021-09-27,86.29991852712159,87.30096265819058,86.29991852712159,86.61958312988281,12697500
CVX,2021-09-28,87.41031612494008,88.23470004685613,86.54386263036417,86.94764709472656,15560800
CVX,2021-09-29,86.82149182232786,87.68793917614036,86.08963505440025,86.92243957519531,10268100
CVX,2021-09-30,86.99813858546824,87.02337391717268,85.34095001220703,85.34095001220703,15319800
CVX,2021-10-01,85.98867621357546,87.94028744612775,85.7026608476483,87.76363372802734,10854900
CVX,2021-10-04,88.32724361169355,89.05068631090047,87.57856558403891,88.09170532226562,13305400
CVX,2021-10-05,89.20211573401417,90.6574088099754,88.68056201580859,89.05069732666016,13017300
CVX,2021-10-06,87.63744745971513,88.6216637465125,87.13272165248087,88.26835632324219,10630100
CVX,2021-10-07,88.84038453086418,89.42082276462514,88.51231242080898,88.8992691040039,8830900
CVX,2021-10-08,89.84983700522851,91.21260253332028,89.67318328420613,90.8929443359375,10586700
CVX,2021-10-11,92.16317130443932,92.2220558791847,89.94237245984588,90.11902618408203,9794800
CVX,2021-10-12,90.0012444074164,90.49756268315456,89.31145102091823,90.1358413696289,9085000
CVX,2021-10-13,89.81618518409256,91.13688751398684,89.57223939868133,90.67422485351562,9220700
CVX,2021-10-14,91.59114165140373,91.82668635464306,90.94341136682213,91.53225708007812,7648600
CVX,2021-10-15,92.3398289111032,92.55854580561227,92.05381994115389,92.20523834228516,9968100
CVX,2021-10-18,92.71837277226042,92.87820508032462,91.65844402550844,92.16316986083984,10677400
CVX,2021-10-19,92.66789548660927,93.9633560180664,92.36505872348152,93.9633560180664,10362800
CVX,2021-10-20,93.45022875022615,95.19995107735392,93.18945510977625,95.19154357910156,10811400
CVX,2021-10-21,94.81299348526971,94.89711339257514,93.2651666534498,93.99701690673828,9372600
CVX,2021-10-22,94.40079796309999,94.95599446517656,93.75306122308382,94.88870239257812,8673800
CVX,2021-10-25,95.50277749947684,96.19257093950563,95.30930237370242,95.77196502685547,9579800
CVX,2021-10-26,95.88133559555261,96.40288286830098,95.48596497399336,95.9822769165039,7463000
CVX,2021-10-27,95.24199963687272,95.54483639390067,93.92129738680954,94.27460479736328,9096100
CVX,2021-10-28,93.86242325251452,95.284066967665,93.86242325251452,95.15789031982422,7538200
CVX,2021-10-29,96.5963638937037,96.98332059705606,95.18312764679452,96.31034851074219,15294200
CVX,2021-11-01,96.76460007429957,96.8150707326006,95.94021603834227,96.343994140625,11213800
CVX,2021-11-02,96.04958036857597,96.05799428506887,95.23360375308705,95.75515747070312,9189700
CVX,2021-11-03,94.44285958027335,95.2840715015717,94.19049985464642,95.06536102294922,10416000
CVX,2021-11-04,96.08322157632215,96.11687082154009,94.9812360716679,95.4859619140625,9673000
CVX,2021-11-05,96.12527454822342,96.78142517732545,95.83926560199745,96.52064514160156,8102100
CVX,2021-11-08,96.81506247884631,97.57215437850377,96.47858289494226,96.86553955078125,7695900
CVX,2021-11-09,96.96648656480379,97.68152176751806,96.2851070239844,97.58057403564453,10945900
CVX,2021-11-10,97.37868167718969,97.75722442744824,95.61213814608847,96.02433013916016,10305100
CVX,2021-11-11,95.5616547815005,96.46175110919891,95.53641945553622,96.0327377319336,7317500
CVX,2021-11-12,95.72992289033073,96.15893636576703,95.55326273228299,96.09164428710938,8682800
CVX,2021-11-15,96.69730197465292,98.37972571613753,96.12527764583066,98.27037048339844,11050400
CVX,2021-11-16,98.51429841397221,99.33027475433796,98.30399549812272,98.65730285644531,10566300
CVX,2021-11-17,97.74682614719147,99.15937372040577,97.56813072183918,98.21483612060547,11108000
CVX,2021-11-18,97.72980985655892,98.18080402820065,96.50446879393759,97.38943481445312,8368600
CVX,2021-11-19,95.73861712806557,96.28321454486729,94.53879668372493,95.22805786132812,13532600
CVX,2021-11-22,95.32165980087021,98.01912653298369,95.17700252437868,96.929931640625,9947100
CVX,2021-11-23,98.0191311627613,99.42316766531737,97.9085055408313,98.96366882324219,10366800
CVX,2021-11-24,99.39763385191267,100.41024774991784,99.28701472968804,99.72099304199219,8500900
CVX,2021-11-26,96.45341134814286,97.71279709586777,95.8407375515261,97.44049835205078,11861800
CVX,2021-11-29,98.99771076374965,99.70398791512149,97.61068994787377,97.72982025146484,12003800
CVX,2021-11-30,96.53848166143713,98.58923618410745,95.67904280027246,96.0449447631836,24451200
CVX,2021-12-01,97.81490942929209,98.75944715917896,95.38123645759796,95.3897476196289,12302700
CVX,2021-12-02,96.3683274106243,98.45311423678972,95.2450941852579,97.97659301757812,11392400
CVX,2021-12-03,99.33807214592156,99.55931689013593,96.65762770045669,97.35540008544922,10445100
CVX,2021-12-06,98.67434812695546,99.94223851225041,97.9000012311708,98.87857055664062,9833900
CVX,2021-12-07,99.76355030465093,100.9718821237984,99.76355030465093,100.3421859741211,11419600
CVX,2021-12-08,100.74212075831392,101.48243600629165,100.12094229631602,100.79317474365234,8827900
CVX,2021-12-09,100.28261667530451,100.92081746851872,100.05286724627763,100.52938842773438,8334700
CVX,2021-12-10,101.20162435371812,101.43137377588458,99.44870163817593,100.69956970214844,9090700
CVX,2021-12-13,99.95074766338249,100.28261153948887,98.37652041916516,98.60626983642578,8533000
CVX,2021-12-14,98.48714798696321,99.49125086259397,98.25739855001434,98.89559936523438,12245300
CVX,2021-12-15,98.98068870449768,98.98068870449768,96.96397184837927,98.33397674560547,11069500
CVX,2021-12-16,98.87006522863882,100.57193394627652,98.64030931617391,99.25298309326172,11344700
CVX,2021-12-17,98.64032063337697,99.09982601891281,96.60658780183476,96.66615295410156,22727900
CVX,2021-12-20,95.18552112501081,96.75974844379195,94.22396760409596,96.70869445800781,13464400
CVX,2021-12-21,97.37241279750116,98.76794453857093,97.25328251414984,98.25738525390625,11368200
CVX,2021-12-22,98.21483765599609,99.28701671698468,97.35539866712051,98.81900024414062,8345200
CVX,2021-12-23,99.14236600395624,100.34218009868168,99.04876270319086,99.0572738647461,7416600
CVX,2021-12-27,98.76795407094895,101.1080236359463,98.20634075124894,101.0824966430664,7745500
CVX,2021-12-28,100.97188605417037,101.55051525404944,100.44430435225657,100.88678741455078,6516000
CVX,2021-12-29,100.47832428402691,100.96335657815143,99.80608540408002,100.3676986694336,6957400
CVX,2021-12-30,100.52086809729488,100.99739572740064,99.84862921070531,99.92521667480469,6016000
CVX,2021-12-31,99.8826665778638,100.48682915653438,99.66993300120035,99.85713958740234,5706600
CVX,2022-01-03,99.9167144808359,101.84833918104599,99.8060953473356,101.48243713378906,10717700
CVX,2022-01-04,102.06958600393523,103.79698841320644,101.82282072329691,103.32897186279297,16413100
CVX,2022-01-05,104.01821364549625,105.37970731387043,103.87355636338141,104.0011978149414,15487100
CVX,2022-01-06,105.19250631789625,105.78815776397671,103.50765345423254,104.88616943359375,13318500
CVX,2022-01-07,105.13294708611987,106.82630471416888,104.6223812554915,106.39232635498047,14164600
CVX,2022-01-10,106.49441870197943,106.95392395884296,105.39671278149089,106.46038055419922,12626100
CVX,2022-01-11,107.09859392421455,108.91959284776911,106.22213261425586,108.8940658569336,14609000
CVX,2022-01-12,108.91110067733682,109.28550742839809,107.61768314326964,108.3494873046875,12469200
CVX,2022-01-13,108.18779785282618,109.00470058049503,107.60065104609987,107.89848327636719,9691300
CVX,2022-01-14,107.86445156489684,109.94072718641335,107.86445156489684,109.73651123046875,13281000
CVX,2022-01-18,110.35767489286793,110.62146245663429,108.8089746781596,110.09388732910156,12905500
CVX,2022-01-19,110.57893589523862,110.74912019872671,109.37911513166796,109.6939697265625,12064300
CVX,2022-01-20,109.14934355543949,111.3532602208765,108.81747321402956,109.30250549316406,11370400
CVX,2022-01-21,108.71537358228784,109.25996455083994,107.41344507500477,107.99208068847656,13055700
CVX,2022-01-24,105.89875621680632,108.68982578354992,104.52875166617996,108.22180938720703,19513700
CVX,2022-01-25,108.17076582442768,112.95301871853022,106.5965322445552,112.82537078857422,19984500
CVX,2022-01-26,113.08918090304375,114.62938313285926,111.97445887377305,112.91049194335938,17266500
CVX,2022-01-27,114.40812853620253,116.57801387302054,113.67632442609764,115.19098663330078,20654100
CVX,2022-01-28,110.62146298619209,112.3743856298815,108.97916596044165,111.14053344726562,24817800
CVX,2022-01-31,110.78314731609649,112.20420615086489,110.05134324111471,111.75321197509766,16401800
CVX,2022-02-01,111.32775558175156,115.50584684484492,111.05545032549237,114.69744873046875,16169700
CVX,2022-02-02,114.32305575413504,115.55690818752826,113.00410467668844,115.22504425048828,10906700
CVX,2022-02-03,114.74851158618057,115.17397879564474,113.33595733454457,114.19539642333984,9447700
CVX,2022-02-04,114.88462498955862,116.57798877084326,114.88462498955862,115.62494659423828,13034700
CVX,2022-02-07,115.16543004891466,118.64574776649235,114.73145828674828,117.89693450927734,18422500
CVX,2022-02-08,117.58211913656987,117.7948527546206,114.88465841779416,116.10150146484375,11021600
CVX,2022-02-09,116.33977380358712,117.71828363253502,115.81219853260329,117.2502670288086,10140800
CVX,2022-02-10,117.05453230342364,118.10117796479018,115.20800624008183,115.7611083984375,11012700
CVX,2022-02-11,116.45886767875213,118.65427970939486,115.96532423147026,118.1181869506836,12821200
CVX,2022-02-14,117.3778856888758,117.47148898624444,114.91868594989386,116.29719543457031,15945000
CVX,2022-02-15,114.43130715792637,115.94467106863387,113.65741759769939,115.4459457397461,11746800
CVX,2022-02-16,116.03923297931374,117.07967947173434,115.0159875279096,115.4803237915039,11348800
CVX,2022-02-17,115.36854049626845,115.72108968566414,113.88956581346004,114.88701629638672,10073900
CVX,2022-02-18,114.20774246399766,115.14499599644657,113.54564003367081,114.7236557006836,10691800
CVX,2022-02-22,117.80194914904587,117.80194914904587,112.23000661487367,113.84654998779297,19428700
CVX,2022-02-23,114.30228898249338,117.01088205103993,113.98414190405317,116.5551528930664,16134200
CVX,2022-02-24,118.6016299240219,118.85959304161806,113.261855056363,115.9532470703125,22108900
CVX,2022-02-25,116.90770416555374,120.81150061891681,116.45196187879036,120.70832061767578,28028000
CVX,2022-02-28,119.75387859608276,123.82105255126953,119.22075125340133,123.82105255126953,24394300
CVX,2022-03-01,124.68953066726868,128.94589038227357,124.42297352256628,128.73951721191406,31159900
CVX,2022-03-02,129.15224661188594,133.92451943080184,129.02327158457152,132.54013061523438,31329500
CVX,2022-03-03,130.9235442568069,135.10250477140815,130.48501614177098,134.32862854003906,22492900
CVX,2022-03-04,133.95886713283062,137.53592215472207,133.35696198985562,136.4180908203125,29034400
CVX,2022-03-07,137.49296606583846,139.38468723702,133.89872208169731,139.3330841064453,34824700
CVX,2022-03-08,141.2849791504669,149.6171063079385,141.10441412829343,146.63336181640625,57231000
CVX,2022-03-09,139.96081214911402,145.97989219658908,138.61941926639383,142.97035217285156,43430000
CVX,2022-03-10,145.0941780940337,150.270575685826,144.70722687211895,146.88270568847656,34913600
CVX,2022-03-11,142.64357151228975,148.74003545446084,142.6349775514975,146.95150756835938,28423600
CVX,2022-03-14,142.9187411002325,144.75885906166388,141.2763892088964,143.35726928710938,25156200
CVX,2022-03-15,136.81365262654955,137.74231201177452,133.5031542566425,136.09996032714844,28534400
CVX,2022-03-16,136.53849432704803,138.0088750303197,134.32004545208412,135.60984802246094,22299700
CVX,2022-03-17,137.535935190334,138.43020559083956,135.79040354999157,137.957275390625,15750700
CVX,2022-03-18,138.34427229097403,139.06655883789062,136.52994883967207,139.06655883789062,23214700
CVX,2022-03-21,140.1757732652976,142.37703463156157,139.91781007881767,141.56875610351562,13180600
CVX,2022-03-22,140.75185258528353,142.1018390747304,139.79739819010015,141.09579467773438,11063900
CVX,2022-03-23,142.7381331084166,143.8989605234816,141.8266748396627,142.6177520751953,10755000
CVX,2022-03-24,143.10791351357543,143.94198703943843,141.87830781041703,142.9961395263672,9024800
CVX,2022-03-25,142.06746138003638,145.91107426648503,142.0158713741325,145.58432006835938,10254700
CVX,2022-03-28,142.65214179678566,143.27985508530975,141.99005267079795,143.03909301757812,9992000
CVX,2022-03-29,140.5971050566745,141.4311786186218,138.00890538622602,141.29360961914062,15102600
CVX,2022-03-30,142.08464037461675,143.03909469738625,140.72604690757692,142.29100036621094,9906000
CVX,2022-03-31,140.56269013591316,142.87573825980556,139.91778882793798,140.0123748779297,10395900
CVX,2022-04-01,139.9693529261989,142.69513370892332,139.58241483714275,141.2075653076172,8795300
CVX,2022-04-04,141.8782997120724,142.2652379053586,140.15856274586545,141.33657836914062,8718600
CVX,2022-04-05,141.90407243894802,144.21712039465186,140.2445328249596,140.4680938720703,9538200
CVX,2022-04-06,141.73210582641036,143.6066125860555,141.30217163890828,141.71490478515625,9269000
CVX,2022-04-07,141.96428412298934,144.19993418569442,140.51969832689508,143.68402099609375,8018400
CVX,2022-04-08,143.6410045581051,147.12347385586162,143.6152095583146,146.11741638183594,10801200
CVX,2022-04-11,144.9480143825522,145.12857938894942,141.80089306555976,142.35980224609375,10206100
CVX,2022-04-12,145.29193550681833,148.48203928457704,144.58683726213116,145.32632446289062,9528400
CVX,2022-04-13,146.97729436659148,147.96615086563494,144.7072423918279,147.6136016845703,7330700
CVX,2022-04-14,146.77092357579158,148.70562726858049,146.6591364971881,147.5447998046875,9421100
CVX,2022-04-18,148.75723958861204,150.08143120843926,147.7855840563066,149.52252197265625,7639000
CVX,2022-04-19,148.82601032622452,149.35053052598624,147.06327764698926,147.7511749267578,6970200
CVX,2022-04-20,147.57058983732773,149.25593743713975,147.4330208843104,148.3530731201172,7495000
CVX,2022-04-21,147.67381212128728,148.27571741134102,140.87224954230197,141.51715087890625,14594800
CVX,2022-04-22,141.34518393516973,142.28243742276786,138.3184432333534,138.3958282470703,12160100
CVX,2022-04-25,133.907292880496,136.1687508126985,130.14967243422456,135.42066955566406,15449800
CVX,2022-04-26,136.56430556821473,137.89709109160208,134.4748185337985,134.59519958496094,9810600
CVX,2022-04-27,135.0681420854071,135.79042845792355,132.8668808812321,134.34585571289062,10396600
CVX,2022-04-28,135.38626246102731,140.15853419420358,133.21939065126503,139.1180877685547,9366400
CVX,2022-04-29,138.6795698888246,139.677020348574,134.38882199216914,134.715576171875,14713200
CVX,2022-05-02,134.40603362433086,137.5789502640845,133.408583085984,137.36398315429688,11559000
CVX,2022-05-03,137.2092173924849,140.52829707491068,136.94264714681017,139.72003173828125,8827200
CVX,2022-05-04,141.85248057697203,144.36329454605823,140.56267807172264,144.10533142089844,9183200
CVX,2022-05-05,145.54132090253017,145.7476940422714,139.85759024426028,142.9617156982422,9807600
CVX,2022-05-06,144.6900401226726,147.01168187018038,142.2394102599679,146.7709197998047,10418100
CVX,2022-05-09,144.24291731087342,144.24291731087342,136.27193394429204,136.9340362548828,14110700
CVX,2022-05-10,139.4792831548256,141.18181920868273,135.74744367924802,138.24966430664062,11636000
CVX,2022-05-11,140.6572857607087,143.99357961965092,139.73722020083588,140.296142578125,9105500
CVX,2022-05-12,140.3477129456348,141.74930255280321,136.59868641991514,141.62892150878906,8936400
CVX,2022-05-13,143.16806924456313,145.13716184131175,141.7750868234619,144.34608459472656,9229900
CVX,2022-05-16,145.3177260813998,150.45114029498416,145.19734505798857,148.7657928466797,13296300
CVX,2022-05-17,150.3393745435829,151.03586578638456,148.42187185578155,149.64288330078125,12827600
CVX,2022-05-18,150.95195500051278,150.96063288778916,143.73032568270082,145.6982879638672,13107500
CVX,2022-05-19,142.72469686490246,147.06807247126275,141.16419827838473,144.65797424316406,10958700
CVX,2022-05-20,146.40920626994907,148.28179141051598,142.25654563037293,145.49024963378906,9615000
CVX,2022-05-23,146.88601749267184,149.94633577256388,146.60860285446097,148.87132263183594,10216400
CVX,2022-05-24,147.97837999343534,150.48384265525112,147.2154665533842,149.66891479492188,9782700
CVX,2022-05-25,150.10236534775154,152.57315579999408,149.9549867676809,152.07032775878906,10174500
CVX,2022-05-26,153.0066059690982,154.25499139939834,151.72352222063168,153.09329223632812,11213900
CVX,2022-05-27,153.03262778263326,154.619133460602,152.31306423064825,154.55844116210938,10512300
CVX,2022-05-31,156.01493203652498,156.88187428044577,150.3884721112229,151.42013549804688,20547600
CVX,2022-06-01,153.21470446736728,154.42843158875263,151.66288361655813,152.85926818847656,8824100
CVX,2022-06-02,151.48947528574288,153.0239533589576,150.93463284169346,152.58181762695312,7441900
CVX,2022-06-03,152.58185059893322,154.5324708480673,152.58185059893322,153.96896362304688,8435300
CVX,2022-06-06,154.22898217927877,154.31568167386058,152.15699125223546,153.30136108398438,6734200
CVX,2022-06-07,153.8562432875798,156.62179120180224,153.37942240090538,156.22299194335938,9668300
CVX,2022-06-08,156.87319461767774,158.13025821144888,156.26633769949393,157.0292510986328,8715200
CVX,2022-06-09,156.0756175273587,156.60445284701785,153.78689043851193,153.89959716796875,9764600
CVX,2022-06-10,152.90261112515944,154.80989479174227,150.54452698146602,152.06167602539062,9529700
CVX,2022-06-13,148.77594098366046,149.11404788868717,142.23052518936075,145.0654296875,14614900
CVX,2022-06-14,146.83403870933074,149.36550907911752,143.77373291523458,145.25621032714844,10269300
CVX,2022-06-15,144.58864435303414,145.5162790189951,140.39264654579512,142.40394592285156,11565300
CVX,2022-06-16,138.6587434901849,139.17890089524604,133.29236892706703,134.79217529296875,18125900
CVX,2022-06-17,134.27201084093878,134.7835035590421,126.3914962672394,128.6368865966797,35575100
CVX,2022-06-21,131.81854185276129,135.26030286271424,131.28970667109763,134.02056884765625,13772000
CVX,2022-06-22,128.36814695982824,130.73489562882162,126.8596626631515,128.1947479248047,13735800
CVX,2022-06-23,128.99230591505346,129.37376254578334,121.50192689317824,123.47855377197266,15713700
CVX,2022-06-24,125.88001913420176,127.5185395497179,123.62597709452051,125.50724029541016,11108300
CVX,2022-06-27,126.45217739893818,129.01833187938328,126.2267772113364,127.93465423583984,9242400
CVX,2022-06-28,130.80423129822202,131.93992335885983,128.40279792185476,129.9893035888672,9183300
CVX,2022-06-29,131.45445364599345,131.8705822094979,126.65158631752719,127.42316436767578,9082900
CVX,2022-06-30,125.3164914073326,128.2380822425439,124.32817787775012,125.51588439941406,10685000
CVX,2022-07-01,127.09375141642276,127.40585118570569,123.51327534499512,127.01571655273438,7684600
CVX,2022-07-05,124.53625051728702,125.30782860053678,120.8604237964068,123.67798614501953,11513100
CVX,2022-07-06,122.81105497126258,124.19815477717476,118.59771467274118,122.04814147949219,12421200
CVX,2022-07-07,124.92638921153298,125.96671731326161,124.04210437224334,124.4235610961914,12741800
CVX,2022-07-08,125.60259458268338,126.09674477523356,122.3168761212727,123.77334594726562,7915500
CVX,2022-07-11,123.02778461195003,123.842712488151,121.311229338403,122.68099975585938,7056800
CVX,2022-07-12,120.0715013827042,121.0424724676284,118.9964882326175,120.43561553955078,8653900
CVX,2022-07-13,119.29993694735272,122.00479283795372,118.8924729858211,119.62937927246094,9414600
CVX,2022-07-14,116.4390145665263,118.04286306292317,114.90452303938602,117.85213470458984,10150200
CVX,2022-07-15,120.47029247737989,120.47029247737989,118.27691656766447,119.33458709716797,7051900
CVX,2022-07-18,121.85739691694984,123.22716721860397,120.5743261291111,121.00779724121094,7943900
CVX,2022-07-19,121.10315350809817,125.71527896089741,120.86907541887061,125.3685073852539,9152100
CVX,2022-07-20,125.27314142862127,127.6658970147602,124.25015603514112,127.02436828613281,7856600
CVX,2022-07-21,124.07677085631117,126.1140904396307,122.67232864137794,126.05339813232422,6724200
CVX,2022-07-22,126.19213188733322,126.83367401674361,124.33687570605566,125.00442504882812,5889500
CVX,2022-07-25,126.3134585909861,128.83626322223154,124.99570292352497,128.7235565185547,6210900
CVX,2022-07-26,129.60784585205812,130.63083119539735,127.03302671899246,127.7179183959961,6112800
CVX,2022-07-27,128.6022102492786,130.2147233641594,127.14575361828378,129.39979553222656,6223000
CVX,2022-07-28,130.63951033082705,131.31572412693214,128.33344111411643,130.37942504882812,6574300
CVX,2022-07-29,135.71115582443184,142.75073702216386,135.1563132243216,141.98782348632812,17143700
CVX,2022-08-01,139.7337274526566,140.3232549853078,137.97383597080199,139.1528778076172,8017800
CVX,2022-08-02,139.4823128476908,139.98514084917196,137.23693600110926,137.9651641845703,5928300
CVX,2022-08-03,138.11255991720589,138.67608028491802,133.8125340084342,134.68814086914062,8751400
CVX,2022-08-04,134.65350458104362,134.7575334395292,130.67422877357862,131.02967834472656,10640000
CVX,2022-08-05,129.72925210104995,134.3847282650469,129.1917520797515,133.197021484375,7170200
CVX,2022-08-08,133.15364761444042,134.35869672783684,132.77219093477743,132.9976043701172,5966900
CVX,2022-08-09,135.19095408784887,136.8034669336909,134.0292548409752,134.73147583007812,5842200
CVX,2022-08-10,135.24295727891794,135.65042109310124,132.58143888535847,135.0869140625,6145800
CVX,2022-08-11,137.0722239944085,139.71640020008996,136.64741757825396,138.3813018798828,7888600
CVX,2022-08-12,137.1935759402745,138.63270288168835,136.23126975999006,138.5806884765625,7244700
CVX,2022-08-15,134.53208565456822,136.79480534939324,133.0236146770104,135.94520568847656,8975200
CVX,2022-08-16,136.46536130322218,136.90749701898912,135.08692651716623,135.59841918945312,7218400
CVX,2022-08-17,135.78916034562562,138.1385662880196,134.81817609106957,136.71678161621094,6741100
CVX,2022-08-18,137.477878513528,139.6736839925512,137.42539147953616,139.11380004882812,6477500
CVX,2022-08-19,138.62390160699906,139.74366948103892,137.88904309385302,137.95028686523438,6834200
CVX,2022-08-22,137.0754354406797,137.993998356572,135.08959193278812,137.25914001464844,9147000
CVX,2022-08-23,139.1837629859408,142.01816911767034,138.84258397568877,141.7119903564453,10354800
CVX,2022-08-24,141.4233071732696,142.90175409260854,140.55723116317864,142.76177978515625,9468100
CVX,2022-08-25,143.40041586351157,144.25773526592351,142.2544044141403,144.01278686523438,8050700
CVX,2022-08-26,143.62784020692837,145.33374868644776,142.12316314567525,142.95423889160156,7765800
CVX,2022-08-29,143.37412857321846,145.94609934391565,143.1554237573249,144.02149963378906,8462600
CVX,2022-08-30,142.00069243920183,142.21064055355737,138.88632413985192,140.51348876953125,8814300
CVX,2022-08-31,137.88030544232328,141.2046222967686,136.6030630663555,138.2739715576172,13582700
CVX,2022-09-01,136.89172930437803,137.24166505653838,134.0485663929099,136.06939697265625,8244400
CVX,2022-09-02,138.4314194929004,139.21000818463403,137.10169033612826,138.09024047851562,7526600
CVX,2022-09-06,139.87486775896392,139.962355034952,136.2181292200294,137.4516143798828,8550000
CVX,2022-09-07,134.7746742674096,136.31436495044596,133.51493219899248,135.6932373046875,9442100
CVX,2022-09-08,136.11313457971045,136.80424931667946,134.1797913608328,136.42807006835938,9232500
CVX,2022-09-09,138.5801537741746,140.53974082016987,137.81030837828467,139.9448699951172,8261100
CVX,2022-09-12,142.4293492360929,143.93403972330862,141.06463306133566,142.1581573486328,8920800
CVX,2022-09-13,141.20461020827352,142.29813451752162,138.86884388556183,139.45497131347656,10308300
CVX,2022-09-14,140.7934409800282,143.09422034891296,140.277300720819,142.83177185058594,11160800
CVX,2022-09-15,140.56597579812012,141.45829533018554,139.60368246039275,140.51348876953125,9665000
CVX,2022-09-16,140.42603082971263,140.96841465181038,136.1306638519056,136.86550903320312,43741600
CVX,2022-09-19,133.78610639700327,137.30288364848766,133.67238896744072,137.25914001464844,6813800
CVX,2022-09-20,136.50683537951693,137.21545042101474,135.01964482873393,136.716796875,8955200
CVX,2022-09-21,138.49266553297025,138.9038317439661,135.5532716355775,135.6057586669922,6877000
CVX,2022-09-22,137.87154467831493,138.46641547113916,135.36956062590886,135.5007781982422,6981100
CVX,2022-09-23,131.00420268850644,131.38036861606983,125.67655584629418,126.6476058959961,13919700
CVX,2022-09-26,125.59783931627604,126.89256841074805,123.2533161654736,123.31455993652344,9444000
CVX,2022-09-27,124.47804593353116,125.7727882501452,122.87713818633524,123.36703491210938,10121000
CVX,2022-09-28,124.29435196449236,128.10856538963597,123.69946778326442,127.53118133544922,8279800
CVX,2022-09-29,126.42014431311176,127.20748976752881,124.46055743708948,126.6476058959961,8197600
CVX,2022-09-30,126.00023825517447,126.97128833191577,124.65302224039522,125.685302734375,9402700
CVX,2022-10-03,130.32183167210067,133.26996842983118,129.73570434526695,132.736328125,9597400
CVX,2022-10-04,135.09834871303303,138.11648621426485,134.39850389695795,137.8977813720703,9520200
CVX,2022-10-05,136.33186828637508,139.73491562265565,135.4220618757258,138.6851348876953,10633100
CVX,2022-10-06,137.6440835730935,141.668258222172,137.52160938892249,141.21334838867188,9498300
CVX,2022-10-07,142.16689330565615,143.40913522924555,139.14876910022485,139.99734497070312,9972500
CVX,2022-10-10,140.84595080346546,141.25711706935812,136.85677569910757,137.46914672851562,5904500
CVX,2022-10-11,135.37833006303802,139.90988908201078,134.8184460655455,137.49539184570312,7533300
CVX,2022-10-12,136.59432583319946,138.93009246115258,136.0519419765122,137.90655517578125,4942000
CVX,2022-10-13,136.77800368046772,145.2112612469821,136.77800368046772,144.5901336669922,10227500
CVX,2022-10-14,143.5053882009576,144.7476436663193,139.9098794394699,140.09359741210938,7327900
CVX,2022-10-17,142.84928072260482,144.26649749329752,140.9334370904699,141.1171417236328,5890400
CVX,2022-10-18,142.0356961563667,142.8667720210055,139.06131516228479,142.3506317138672,5631200
CVX,2022-10-19,143.11172346181203,148.02821828902648,143.11172346181203,146.9696807861328,9766800
CVX,2022-10-20,148.10692941554115,150.3114780757921,146.9171744789104,147.8094940185547,8871500
CVX,2022-10-21,147.9757161777172,152.07862185424383,147.71328100118217,151.50999450683594,7971300
CVX,2022-10-24,150.53892596168345,152.80470503421935,150.12775977030466,151.45748901367188,7007700
CVX,2022-10-25,151.3962422724611,153.09339403353673,150.61765354532366,153.0321502685547,7280600
CVX,2022-10-26,153.37333231680805,156.1377512721611,153.24210140726464,154.9217529296875,6865300
CVX,2022-10-27,157.37125113366938,158.6922235365378,155.26293331261377,155.63035583496094,9177400
CVX,2022-10-28,158.75346731666147,159.9694656700552,154.43185762442246,157.44998168945312,10773900
CVX,2022-10-31,155.77035294105164,160.82680841782792,155.77035294105164,158.2548370361328,13281000
CVX,2022-11-01,160.8530691350691,161.40420973256505,159.12967352423018,159.4096221923828,9185600
CVX,2022-11-02,158.28106284906946,160.00445808285812,155.954053460426,156.15525817871094,8087500
CVX,2022-11-03,155.69160696926264,159.383345840741,155.2017102496003,158.45603942871094,6607800
CVX,2022-11-04,161.70163849129366,162.1915352916063,157.99241223253412,160.4593963623047,7491900
CVX,2022-11-07,159.65455502515306,163.04885887754128,159.31337596206043,162.375244140625,7578000
CVX,2022-11-08,162.1215513075136,162.93512701085635,160.8443090022215,162.1390380859375,6308200
CVX,2022-11-09,160.62558181468063,160.8005430154092,155.0354866872594,155.65660095214844,8021700
CVX,2022-11-10,159.41837319013612,159.5058604902806,155.75287690230002,158.60479736328125,6981500
CVX,2022-11-11,161.0105324981483,163.67873465702795,160.87055817372172,163.1188507080078,8428300
CVX,2022-11-14,162.9875940884394,165.93573108289905,162.87386329917945,163.1975555419922,9722400
CVX,2022-11-15,163.6962071330367,164.85097518562839,162.07779920007943,164.50979614257812,7747300
CVX,2022-11-16,163.18883008284627,164.30861136773382,160.68684568037233,161.83287048339844,7941100
CVX,2022-11-17,160.01676492240193,162.4146813407483,158.92360624329356,162.291259765625,6550500
CVX,2022-11-18,159.5318984314082,161.69178265887868,158.37700882059485,161.32151794433594,7661500
CVX,2022-11-21,158.4475584205543,160.1842851268694,155.0005649821415,159.7787628173828,8432900
CVX,2022-11-22,161.99151823433098,164.4687741295765,161.40085689772323,163.87811279296875,9018000
CVX,2022-11-23,161.51548981103585,163.2257565461761,160.9600859384203,162.42352294921875,5831200
CVX,2022-11-25,162.99652353380458,163.35797721859322,161.60361528301155,161.9474334716797,2796400
CVX,2022-11-28,158.93240573944848,159.9814957778839,156.88713214974445,157.23976135253906,9365500
CVX,2022-11-29,158.91478725829992,160.3165201015515,158.37701892269854,159.59361267089844,6985400
CVX,2022-11-30,161.19813061239438,161.63009947847615,158.35059593657476,161.60365295410156,10936700
CVX,2022-12-01,162.44110502785367,162.6967726166361,159.95503837782354,160.88070678710938,5217400
CVX,2022-12-02,160.03440594755716,161.88574309030105,158.62386208147197,159.59361267089844,6852300
CVX,2022-12-05,161.03940231035935,161.2862454510917,153.95145285857987,155.6529083251953,8162200
CVX,2022-12-06,154.72726151778562,156.9753100700583,150.8570968269731,151.64170837402344,8765000
CVX,2022-12-07,150.80417123960615,153.9073592125074,150.6190456240185,152.09129333496094,6936300
CVX,2022-12-08,155.37961426933356,155.51184685814772,151.6593183153536,152.99050903320312,8076600
CVX,2022-12-09,151.89737727949148,152.6819888330231,148.0448346037052,148.10655212402344,10754300
CVX,2022-12-12,148.9264150545528,150.32814794542634,147.85089179875388,149.64932250976562,9364900
CVX,2022-12-13,153.016975705104,153.8015871542987,152.05603619384462,152.98170471191406,7838800
CVX,2022-12-14,153.8280585063899,154.20713430675139,150.98934843374698,151.923828125,7045500
CVX,2022-12-15,150.3986732698839,151.07748523908373,148.15943586318284,150.78656005859375,7272900
CVX,2022-12-16,148.57378363076128,150.00194957016242,147.3131212920442,148.7412872314453,23876000
CVX,2022-12-19,149.9666771401427,150.59260946183934,148.32692574391535,149.763916015625,7131600
CVX,2022-12-20,149.70221830595457,152.77013590561228,149.5170926531517,152.2235565185547,6199100
CVX,2022-12-21,154.445119986062,155.12394526486057,152.65550071172626,154.0131378173828,5479400
CVX,2022-12-22,154.41870310126546,154.46278511908983,148.39746535931351,151.7034149169922,5755000
CVX,2022-12-23,153.48420806085323,156.55212517499112,153.12275438380115,156.3934326171875,6079100
CVX,2022-12-27,157.23980191813897,158.88836471701902,156.39347278037263,158.3594207763672,5168000
CVX,2022-12-28,157.68058047898595,158.06848073693268,155.09752473508286,156.023193359375,4494400
CVX,2022-12-29,155.73226735038466,157.9803158684806,155.73226735038466,157.20452880859375,4142100
CVX,2022-12-30,156.94883973622868,158.64148416120125,156.65791458400716,158.2359619140625,5005100
CVX,2023-01-03,156.95768328367674,157.8040123975136,151.20092346063814,153.38726806640625,7565400
CVX,2023-01-04,150.70722692992229,153.65172295230005,150.61907634088377,151.75631713867188,7684500
CVX,2023-01-05,151.19210378588446,155.3267471437687,150.96289610972528,154.48924255371094,6088200
CVX,2023-01-06,156.05844402893695,158.14779970297246,154.89474340667667,155.6529083251953,7191200
CVX,2023-01-09,157.15161325622145,157.21333077153477,153.73106659616138,154.4363250732422,8385600
CVX,2023-01-10,155.51187550774424,155.78517866154667,153.14922980605374,155.1945037841797,8307000
CVX,2023-01-11,156.82543425685657,157.0458308991565,153.6605417018961,154.45396423339844,6962600
CVX,2023-01-12,155.15041730048205,157.24858408162007,155.07106428979486,156.11134338378906,6891400
CVX,2023-01-13,156.12013816368975,156.91357402441326,154.8770980649153,156.53448486328125,5726300
CVX,2023-01-17,157.31028359322247,159.84925679803325,157.08106251382404,159.11753845214844,10697700
CVX,2023-01-18,159.4084663299662,160.78373902226306,155.9879066426031,156.24356079101562,8899200
CVX,2023-01-19,155.69699437079908,158.64149009143705,155.3002831309191,157.80398559570312,5907200
CVX,2023-01-20,157.63647613508118,159.88452434659735,156.49923549618876,159.47898864746094,10477900
CVX,2023-01-23,159.75230081838555,160.93362353862722,158.7120217192891,159.26742553710938,8381300
CVX,2023-01-24,159.64648974272805,160.44873665446644,157.53949862913444,159.4172821044922,5989000
CVX,2023-01-25,158.0596373502923,158.71201620168793,155.4677843451033,157.87451171875,6727500
CVX,2023-01-26,163.08468451171683,165.57075134051718,161.75348034433458,165.55311584472656,14307800
CVX,2023-01-27,162.41469702130917,162.41469702130917,156.85188767727675,158.20071411132812,19654700
CVX,2023-01-30,156.92240397583436,157.22214017069265,153.10513264690815,153.57237243652344,11476000
CVX,2023-01-31,152.2940624486226,153.95144931418997,151.12155083116718,153.41368103027344,14481300
CVX,2023-02-01,152.7877555510135,153.09631620959425,149.46417064926945,151.06866455078125,11526400
CVX,2023-02-02,150.86592100432497,151.13038622599828,147.06628486425177,148.9969482421875,10463400
CVX,2023-02-03,149.74629564189289,151.23617910072363,148.53852634300472,149.3848419189453,8404900
CVX,2023-02-06,149.48179385861877,149.97548011021308,147.55111741246563,149.5523223876953,7659500
CVX,2023-02-07,149.93141959752924,153.73986620848967,149.52588389655747,153.4753875732422,10256500
CVX,2023-02-08,152.05602047518445,153.45775309281754,149.40245021950892,149.86968994140625,9784700
CVX,2023-02-09,150.07247986132975,150.45156908602962,148.10654555297438,148.49444580078125,10123400
CVX,2023-02-10,150.57497547265564,152.2764309447033,150.5573399762778,151.60643005371094,11602400
CVX,2023-02-13,151.03338914435776,151.54469742081446,149.6669275281844,150.7600860595703,9442900
CVX,2023-02-14,150.29287898624315,152.96408529359857,149.85208568863408,151.91500854492188,8077300
CVX,2023-02-15,150.66097510845992,150.7677099426938,148.97115844105568,150.31411743164062,8885700
CVX,2023-02-16,149.58480350753732,150.00281313490308,147.99280592990345,148.14401245117188,6727500
CVX,2023-02-17,146.50755053540712,146.60538286951743,143.9461455920054,144.8355255126953,9612100
CVX,2023-02-21,144.23963210289222,145.6359651221992,142.92335359201047,143.19017028808594,7259700
CVX,2023-02-22,142.54981269716134,143.77716133120376,141.3313665476825,142.61207580566406,6205900
CVX,2023-02-23,144.301896304872,144.8266272162467,142.7988420241029,144.0172882080078,6445500
CVX,2023-02-24,142.98563116144925,144.61319824415278,141.54482628528254,144.4442138671875,5330200
CVX,2023-02-27,144.97782394409717,145.29800127595473,144.00840303433944,144.80885314941406,6386800
CVX,2023-02-28,146.14294352664214,146.14294352664214,142.54984034802118,142.9856414794922,10854200
CVX,2023-03-01,143.11903490492568,145.4936779914623,142.82553786220373,144.12403869628906,7470400
CVX,2023-03-02,144.0617641884654,145.4047366326903,143.71490654192192,144.57760620117188,5582000
CVX,2023-03-03,143.0745234872704,147.26350829899675,142.67430529310946,146.71209716796875,6007500
CVX,2023-03-06,146.16071714847615,148.34859808739031,145.68934679800725,147.7882843017578,7703600
CVX,2023-03-07,147.3702420050665,148.17069203199588,145.4847610200121,145.88497924804688,7393000
CVX,2023-03-08,145.1735255694641,147.00564660158568,143.52818034965242,144.9600830078125,5435800
CVX,2023-03-09,145.67154459410708,147.1835014545879,142.4697847285954,142.75437927246094,6214700
CVX,2023-03-10,143.1368407875905,146.45422488409895,141.1179440856802,142.00732421875,7385800
CVX,2023-03-13,139.13459201124004,143.1456904252571,136.7866296470344,141.1534881591797,10106100
CVX,2023-03-14,140.75328024665185,145.87611796246793,140.41532505963406,142.9767303466797,10035200
CVX,2023-03-15,138.37862046076654,140.4775576446058,135.19463867345078,136.78663635253906,14063100
CVX,2023-03-16,133.54929737999416,138.27190277254198,133.32695239111067,137.22242736816406,12849600
CVX,2023-03-17,136.6265338312421,138.1918511169447,133.94061634483896,135.48812866210938,33161800
CVX,2023-03-20,134.9545259971374,138.54761522360533,134.55429414071003,137.48036193847656,8469200
CVX,2023-03-21,139.7749871601388,141.91839657142557,139.16131268736788,141.68714904785156,9753500
CVX,2023-03-22,142.18515947787427,142.3541438292701,138.6810005200666,138.80552673339844,6315000
CVX,2023-03-23,139.65046746773973,141.19798016044183,136.19966832802203,137.42701721191406,7859400
CVX,2023-03-24,135.27467903535103,139.32134644895862,135.03454267881156,138.79661560058594,6600100
CVX,2023-03-27,139.98843985923835,140.94897211614492,138.46760729728513,140.21078491210938,7006800
CVX,2023-03-28,139.88167807565168,142.46977699872807,139.34804467492174,141.8472137451172,5605400
CVX,2023-03-29,142.8522177329386,143.47479461785,141.70492345210997,143.065673828125,7569700
CVX,2023-03-30,144.30190945812834,144.9778333935004,143.7060264682223,144.42642211914062,6322400
CVX,2023-03-31,144.7021462537267,145.60931779755913,144.21298446191196,145.11126708984375,7041400
CVX,2023-04-03,151.0167296513361,152.17292638799563,150.2340708934382,151.15013122558594,12868200
CVX,2023-04-04,152.20852412700137,152.20852412700137,149.1668455266233,150.3408203125,7521400
CVX,2023-04-05,150.53645055034798,151.58592598374278,149.18460275157915,151.08787536621094,6478100
CVX,2023-04-06,150.61651009608724,150.66987072534022,148.64208538855596,149.10455322265625,5803200
CVX,2023-04-10,149.8516234079703,150.90997408359598,148.80214807492558,149.67373657226562,5923500
CVX,2023-04-11,150.367498683087,151.4970016290154,149.47811859100045,150.5009002685547,5469600
CVX,2023-04-12,151.59483085792937,152.19071387884387,150.72324218548786,151.03453063964844,6157900
CVX,2023-04-13,151.41693467156227,153.39135922255198,151.03450781166202,153.0533905029297,6856600
CVX,2023-04-14,153.4180609498534,153.75602971665091,152.27965555427133,153.3647003173828,4930700
CVX,2023-04-17,153.32020697741325,153.4536085397762,151.39025414035046,152.0128173828125,7006000
CVX,2023-04-18,151.92390596135272,153.3202255766288,151.31023155831664,151.65708923339844,8045600
CVX,2023-04-19,150.7143462868901,151.8527516428835,150.39416893233806,151.79937744140625,5506800
CVX,2023-04-20,150.09176845971734,151.2479652089028,149.43363592513867,151.0612030029297,5851100
CVX,2023-04-21,151.0434073006372,151.71933121634476,150.16291621354057,150.4119415283203,7179000
CVX,2023-04-24,150.39414928505752,153.31131432505407,149.93166792870863,152.5108642578125,7177600
CVX,2023-04-25,151.47918729070219,151.55032573856462,149.7982462937479,150.2963104248047,5807200
CVX,2023-04-26,149.60262044588512,150.26075298109853,146.95225819204745,147.61929321289062,5927400
CVX,2023-04-27,148.01949799804592,148.8733087179574,146.8099542987012,148.4819793701172,6417200
CVX,2023-04-28,146.30302915652422,150.2518790449139,145.9028108182931,149.93170166015625,10036300
CVX,2023-05-01,149.15793892174167,150.06509683070107,147.95727038753958,148.73992919921875,6099800
CVX,2023-05-02,147.03231924559782,147.08567987829977,140.92226895482955,142.3363800048828,10701700
CVX,2023-05-03,140.65543506009243,141.91836654398415,139.40141963200134,139.48146057128906,7538100
CVX,2023-05-04,139.7304819243184,140.69990279503008,138.22742766505053,138.93893432617188,7500400
CVX,2023-05-05,141.67822509627464,143.29688950669276,141.21574373435772,142.48756408691406,5802000
CVX,2023-05-08,143.69714787869012,144.34639154555765,141.8739159771833,141.92727661132812,5028200
CVX,2023-05-09,140.6198889384829,142.67435480960853,140.44201563166305,141.51815795898438,5019800
CVX,2023-05-10,142.69213608812325,142.69213608812325,138.63656526855786,139.71270751953125,6161200
CVX,2023-05-11,138.1918584388818,139.02787774788484,136.86667745217906,138.93893432617188,6666100
CVX,2023-05-12,139.63266174005147,140.45977863634505,138.35195235275387,139.29469299316406,4898900
CVX,2023-05-15,139.83718140682151,140.66431167324762,138.94780161157468,139.8105010986328,5096700
CVX,2023-05-16,139.17017669043793,139.65044948353014,136.36863515722595,136.52871704101562,7007700
CVX,2023-05-17,137.6671404413585,139.11683435475925,136.928966896785,138.48538208007812,6169600
CVX,2023-05-18,137.29087624045627,138.5212676251891,136.08744013615745,138.314697265625,7477700
CVX,2023-05-19,139.1050380873643,140.49707911260762,138.2967632746444,139.41038513183594,8100900
CVX,2023-05-22,138.11712096283,139.05114133003357,136.5903721860097,136.9047088623047,11661000
CVX,2023-05-23,138.4314826625129,141.61071272061045,138.16205313466446,140.8653106689453,10436200
CVX,2023-05-24,141.85321740504108,142.41004214930243,140.3623857182793,141.24252319335938,7064000
CVX,2023-05-25,138.9164210963667,139.76961673929165,137.85668249279018,138.80865478515625,7037700
CVX,2023-05-26,139.4642589394949,139.76961966724244,137.8207678440964,138.37757873535156,7736200
CVX,2023-05-30,136.21319991606757,137.64115858721928,135.80008651996633,137.5154266357422,7814800
CVX,2023-05-31,136.09641242386047,136.8867351952237,135.0366738929432,135.27017211914062,13346400
CVX,2023-06-01,135.8809171709964,138.07225730946507,134.47990002115722,136.6532745361328,9887700
CVX,2023-06-02,138.82662027187212,140.77547205232477,137.9554727137489,140.3354034423828,9464300
CVX,2023-06-05,142.30226557531543,142.30226557531543,139.41940621695122,139.66188049316406,6443800
CVX,2023-06-06,137.70403801010647,140.24563244732312,137.58728201251614,139.913330078125,6176400
CVX,2023-06-07,140.5958490956393,143.88285843793415,140.55094190060757,143.5415802001953,9900000
CVX,2023-06-08,143.8379744564599,144.1343455469974,141.08083394081822,143.01173400878906,7142200
CVX,2023-06-09,143.04765176557746,144.04453136117039,142.4549095836024,142.6704559326172,6669500
CVX,2023-06-12,141.0538987784122,143.09256526161278,140.3084830386736,141.29638671875,7159600
CVX,2023-06-13,142.36511454100895,144.21517623971624,142.14059222410265,142.3561248779297,7660800
CVX,2023-06-14,143.6763029841884,144.38580110952654,140.23661978501025,141.08082580566406,7721100
CVX,2023-06-15,141.28737830438655,143.50564568781144,141.28737830438655,142.1495361328125,7705400
CVX,2023-06-16,142.4100290196533,143.01174721524833,141.2335205078125,141.2335205078125,22908100
CVX,2023-06-20,140.23659146682124,140.61380090504133,136.7250739017297,138.018310546875,10438700
CVX,2023-06-21,137.11127099546192,140.06599201852094,136.95859748206342,139.09605407714844,7328200
CVX,2023-06-22,137.72198469060157,137.93751732880816,136.48261720589886,137.08433532714844,7088600
CVX,2023-06-23,135.62043578703725,136.2401194848166,134.8301266642015,135.92579650878906,15172700
CVX,2023-06-26,136.16826486620315,139.17686883070232,136.0964160938007,138.314697265625,7371800
CVX,2023-06-27,137.85669489438308,138.94338887727395,137.24600080424895,137.88363647460938,6581700
CVX,2023-06-28,137.80279001239884,139.22177239691214,136.6801786674122,139.1319580078125,5773800
CVX,2023-06-29,139.59001053559697,140.34441594739633,138.7009109167428,140.31747436523438,5633500
CVX,2023-06-30,141.4131366772703,141.82625005040475,140.64077938863397,141.31434631347656,6346600
CVX,2023-07-03,141.16164335136926,141.98789741305634,140.73056440456708,141.1885986328125,3272600
CVX,2023-07-05,141.62865340417508,141.62865340417508,139.31158179869809,140.38031005859375,6318700
CVX,2023-07-06,139.38344079494453,139.94924137491043,136.17726948389623,137.2998809814453,9203000
CVX,2023-07-07,136.63531416857668,140.09296367308028,136.47366466218733,138.5033416748047,6602200
CVX,2023-07-10,138.24289069324732,139.91333747620658,138.23391473286406,139.42837524414062,5167900
CVX,2023-07-11,140.10192971769888,142.26632820287995,139.79658264695897,142.00587463378906,5060500
CVX,2023-07-12,142.99377582767295,143.99963143304507,142.19447691902803,143.3709716796875,6464000
CVX,2023-07-13,143.55058800832842,144.23314463524994,140.61384591343327,141.45803833007812,8143900
CVX,2023-07-14,141.0089825161507,141.01797217869057,137.6770792072731,137.9285430908203,7065700
CVX,2023-07-17,137.72198592889112,138.43147037562312,137.08433655970472,137.8028106689453,4351700
CVX,2023-07-18,137.11128449729395,140.16479617721302,136.8418549808666,138.0812225341797,6798300
CVX,2023-07-19,138.15304263554054,139.9043135730885,137.65909090860353,138.92539978027344,5653100
CVX,2023-07-20,140.2456184766651,141.1706492940648,139.84148106094506,140.46115112304688,5866600
CVX,2023-07-21,141.47597458733088,142.64349315610593,141.05387161474488,142.51776123046875,8760100
CVX,2023-07-24,144.11638565454234,147.32255720917146,143.70325856240638,145.3288116455078,9722100
CVX,2023-07-25,145.40962518894304,146.84655968202696,144.2870136925867,145.99337768554688,6767600
CVX,2023-07-26,144.48460694452442,145.57128729315158,144.1882358393293,144.89772033691406,6056400
CVX,2023-07-27,145.5712815487027,145.91255984493057,142.99376981641424,143.38893127441406,6470100
CVX,2023-07-28,142.2663147389767,142.796184082836,140.55993702139494,142.67942810058594,6542300
CVX,2023-07-31,144.7091129525177,147.26865887547055,144.2510787035,146.9812774658203,13056300
CVX,2023-08-01,146.9633239987658,146.9633239987658,144.18823151126762,145.7598876953125,7531400
CVX,2023-08-02,144.74501745411285,144.789924649507,141.9519598271235,143.45176696777344,7067100
CVX,2023-08-03,143.61346506925136,145.22103890694206,142.6614925918055,143.39791870117188,6680700
CVX,2023-08-04,144.28702622258083,146.40651745990994,142.83211227840474,143.07460021972656,10185400
CVX,2023-08-07,144.6013604414979,144.93366281755573,142.86805458421307,143.5955047607422,13927400
CVX,2023-08-08,141.84420380283527,143.50566052283327,140.2994893548217,143.3799285888672,6451300
CVX,2023-08-09,144.46661634136896,144.98750967523907,143.07457546510008,143.5685272216797,10531500
CVX,2023-08-10,143.99063742447447,145.9215236471275,143.35298808786985,144.43968200683594,8647100
CVX,2023-08-11,144.14332074951844,147.43930656395102,143.8559256194433,147.4213409423828,6682600
CVX,2023-08-14,147.08005462557173,147.51113355324298,146.03826798859356,147.3135528564453,6060100
CVX,2023-08-15,146.7477747930933,146.7567644558016,142.8860020646599,143.01173400878906,7876500
CVX,2023-08-16,144.16127034632314,145.33776490881337,142.32018489722472,142.46388244628906,7920500
CVX,2023-08-17,144.3317345515803,147.01563279856,144.14133103137053,144.84857177734375,8270500
CVX,2023-08-18,143.60634106412513,146.27210050542797,143.40686152528946,145.89126586914062,5999200
CVX,2023-08-21,146.16331411835395,146.95217021188677,144.57655354422536,145.40167236328125,6802300
CVX,2023-08-22,145.51954369116336,146.20864612780866,144.1413249824192,144.2047882080078,6080800
CVX,2023-08-23,143.3887425861153,144.54028120006507,142.08306318690512,144.39520263671875,4975600
CVX,2023-08-24,143.016980122218,144.97549916853455,142.8628393410893,143.2073974609375,5989600
CVX,2023-08-25,144.2320187989519,144.99366060456745,142.94446367244527,144.27734375,5291800
CVX,2023-08-28,144.64906336685476,146.70732196625772,144.36798233607863,145.26564025878906,4386100
CVX,2023-08-29,145.90035238007937,145.93661510089734,144.25919101288156,145.03897094726562,5374800
CVX,2023-08-30,145.61022303312967,146.2086618066148,145.01178425964454,145.23846435546875,5534900
CVX,2023-08-31,145.99101650183064,146.1995721123285,145.01175701162043,146.0726318359375,7003700
CVX,2023-09-01,147.46896234766498,149.3277413933289,147.46896234766498,148.97412109375,6663000
CVX,2023-09-05,149.86272584564196,151.9300469644328,149.79018656343573,150.9326629638672,9755800
CVX,2023-09-06,150.76944961340268,151.82124847658346,150.1347481737087,151.08680725097656,7195500
CVX,2023-09-07,151.54924642845208,152.23834894862287,150.76946633450254,151.09588623046875,7925900
CVX,2023-09-08,151.80310492358294,152.77330224698434,151.15934128406053,151.61270141601562,7434400
CVX,2023-09-11,152.4015506920211,152.86397306731553,147.6775318101835,148.48451232910156,7155100
CVX,2023-09-12,149.88085742760285,151.59455811621962,149.69951614791722,151.25,7521100
CVX,2023-09-13,151.7940369796352,152.1023185372348,150.13473729897467,150.6968994140625,5759500
CVX,2023-09-14,152.05697319504682,152.78235211461018,151.53107382424972,151.6308135986328,8822800
CVX,2023-09-15,150.70599030057255,152.66449567456326,150.40677093506397,150.96893310546875,17439700
CVX,2023-09-18,152.21111246180422,152.65541033156248,150.8782326879814,151.6217498779297,7027600
CVX,2023-09-19,152.9546405844718,153.19945892493558,150.9054439728431,151.60362243652344,6615100
CVX,2023-09-20,151.48574767221046,152.79141311444536,151.05958807920288,151.1411895751953,5939100
CVX,2023-09-21,151.53109146018076,152.21113168227052,149.6541876416489,149.7811279296875,7150000
CVX,2023-09-22,150.72410091838648,151.80310021262713,150.46115813761196,150.76943969726562,5963000
CVX,2023-09-25,150.81479475764928,153.0362568080214,150.50651316471448,152.97279357910156,5510000
CVX,2023-09-26,151.82125468742882,152.7007745167899,151.40415724687904,152.14767456054688,5659200
CVX,2023-09-27,153.57121271984457,155.25771303056194,153.06345156572814,155.08543395996094,9124400
CVX,2023-09-28,154.64115121572834,155.68387403520222,153.62561506319005,154.6774139404297,7151800
CVX,2023-09-29,154.58675070500846,154.59581292734927,152.16580913642994,152.89117431640625,7396100
CVX,2023-10-02,152.63728724472332,152.845842868778,149.8173866458147,151.00518798828125,6839600
CVX,2023-10-03,150.44302791837885,151.74870734150917,150.07126928128827,151.3588104248047,6168600
CVX,2023-10-04,149.3368239905223,149.5907045563766,146.426259705031,147.8316650390625,9664700
CVX,2023-10-05,146.3627877470361,149.38216797702339,146.33558724513605,148.6114501953125,8073000
CVX,2023-10-06,148.98319341589732,149.03759441406706,144.15944916033365,147.0972137451172,10190400
CVX,2023-10-09,150.8601144421881,152.50127582466226,149.5634973347751,151.16839599609375,8183500
CVX,2023-10-10,151.21374361233592,151.78496797550062,150.22540800106188,151.00518798828125,6512900
CVX,2023-10-11,149.67231218807459,149.68137440944093,145.5104558958181,146.0726318359375,12570700
CVX,2023-10-12,148.03114703181555,148.03114703181555,145.89128663061052,146.1905059814453,7397000
CVX,2023-10-13,148.16715290035708,149.4637561601978,147.16069291340597,148.7565155029297,8042800
CVX,2023-10-16,149.91711084383664,150.3432704341447,148.56610663390222,149.9715118408203,5446000
CVX,2023-10-17,149.45470193917183,152.5103447844104,149.29148509812936,151.95724487304688,7538300
CVX,2023-10-18,152.7551713775624,153.87043348234363,151.94819085695582,153.16319274902344,6893500
CVX,2023-10-19,152.9637043533224,154.29658423589672,151.88470503548103,153.32640075683594,6580200
CVX,2023-10-20,152.70076237185717,153.32640156519497,150.60624078404155,151.2681427001953,7458300
CVX,2023-10-23,148.0674349467655,149.09201952740744,145.30193513039103,145.6918182373047,16232400
CVX,2023-10-24,145.88223418764605,146.05451326501944,141.87453196602164,142.03773498535156,17689900
CVX,2023-10-25,142.30067212024989,142.72683172623283,140.69577347294074,141.33047485351562,10502400
CVX,2023-10-26,140.55068366145278,140.7048244247144,139.29941927866713,140.31494140625,10830400
CVX,2023-10-27,136.66085830931192,137.1414188685939,130.53143524675733,130.8850555419922,24524300
CVX,2023-10-30,132.0728550293903,132.78009561095823,130.85785339802496,132.46273803710938,13857100
CVX,2023-10-31,132.47184847618283,132.85266936237346,130.776272016044,132.1363525390625,14261300
CVX,2023-11-01,132.36300080831134,132.39020130539677,130.40449584090302,130.549560546875,10819600
CVX,2023-11-02,131.05735182774333,135.10133063087136,130.41358813433658,134.8837127685547,11099100
CVX,2023-11-03,134.4666120690079,134.70235434662996,132.5171552849371,133.84097290039062,13160000
CVX,2023-11-06,134.85649442082575,135.4005320869025,133.00679125997942,133.28787231445312,10634200
CVX,2023-11-07,131.61952387692168,132.02754525043702,129.87862253725666,130.93948364257812,15054600
CVX,2023-11-08,130.45889913805217,131.15706368950492,128.98094087154692,129.116943359375,12654100
CVX,2023-11-09,129.70633491181368,130.48611488252968,128.55479631699345,128.6998748779297,10359500
CVX,2023-11-10,129.92394319664635,130.0599595402985,128.50946176956643,129.61566162109375,11988200
CVX,2023-11-13,129.79700074438654,130.8397373531706,129.52499573252862,130.56771850585938,8747700
CVX,2023-11-14,131.00295340451493,131.92781204328173,130.44079121009523,131.51979064941406,11224400
CVX,2023-11-15,131.34749160633325,132.96145249089696,130.93947027447436,131.98219299316406,10052100
CVX,2023-11-16,131.03850021618695,131.48744150771955,128.94950838561314,129.89321899414062,14031300
CVX,2023-11-17,130.97434063818307,133.02668935281295,130.47041417025142,132.35784912109375,11075600
CVX,2023-11-20,132.51361739196037,133.48481359035446,132.18377585472436,132.28456115722656,8062400
CVX,2023-11-21,131.78065354281856,132.21128044431114,130.7453147395936,131.97305297851562,6783300
CVX,2023-11-22,129.86571992250887,132.29371026976335,128.9311666275073,132.23873901367188,7216100
CVX,2023-11-24,132.2112293690097,133.7138373446455,132.1196013051803,132.76095581054688,3861000
CVX,2023-11-27,132.53193443767947,132.6877049831946,130.88274069946834,132.2662353515625,9850800
CVX,2023-11-28,132.65102978367779,134.24526602102796,131.99134678756607,133.3198699951172,9746500
CVX,2023-11-29,134.12614590903547,134.217773979859,131.0751156929579,131.85391235351562,16417100
CVX,2023-11-30,132.83429676647822,133.7780073993255,130.13143580889184,131.56991577148438,16276000
CVX,2023-12-01,131.4691182129177,134.23610739293454,130.6536785970018,132.67852783203125,11906500
CVX,2023-12-04,131.93637884181922,133.4939582959388,131.24921020201808,132.73348999023438,11842800
CVX,2023-12-05,132.63272868171833,132.9167701811386,130.68117889850365,130.89190673828125,9597600
CVX,2023-12-06,130.01231239270882,131.96387597363633,129.50839986397543,130.58953857421875,18079700
CVX,2023-12-07,131.48743610170916,131.94554857169274,129.17855931893982,130.48875427246094,14786700
CVX,2023-12-08,131.48744566541325,132.55027002839532,131.1301184720553,132.22042846679688,10821700
CVX,2023-12-11,132.70599074497224,133.2190743731614,131.7714515566907,132.25704956054688,9849600
CVX,2023-12-12,131.17589588286356,131.56070860050815,129.87485841449939,130.56202697753906,9863900
CVX,2023-12-13,130.25970901418304,132.5594287743192,129.78326809071618,132.49530029296875,10641300
CVX,2023-12-14,133.63139809695454,137.3695831298828,133.63139809695454,137.3695831298828,14960500
CVX,2023-12-15,134.97826035327788,137.26882262660544,134.97826035327788,136.83819580078125,30850900
CVX,2023-12-18,138.19420044847303,139.37612439329075,136.81070591144112,137.14053344726562,11561700
CVX,2023-12-19,137.3970892432872,139.11042529621872,136.96646243097572,138.93634033203125,8738100
CVX,2023-12-20,139.4036023472118,140.23737029815572,137.48869580707316,137.66278076171875,9370000
CVX,2023-12-21,138.14838750551758,138.16671591781414,136.7190789169977,138.08425903320312,7264700
CVX,2023-12-22,139.0279645990521,139.62350516290226,138.12089695918252,138.39576721191406,6396100
CVX,2023-12-26,139.33031735578123,140.19155695699456,139.17454683102238,139.64183044433594,5165600
CVX,2023-12-27,139.51357260982087,140.1549272583076,138.66147616359484,139.18373107910156,5337200
CVX,2023-12-28,138.5148890885601,139.28452871539037,136.8840097034761,137.2230224609375,8148000
CVX,2023-12-29,137.46121945882976,137.64446164117393,136.21515304621389,136.6641082763672,7658600
CVX,2024-01-02,137.424574284022,138.7897404027449,136.7374056265229,136.95729064941406,8879700
CVX,2024-01-03,136.874839003125,140.3564964637701,136.2243131643891,139.56854248046875,10255300
CVX,2024-01-04,140.7871269551504,141.41932439757164,137.9743096923157,138.0384521484375,8220300
CVX,2024-01-05,139.24785366617172,139.29366770637287,137.27797576186163,137.8002166748047,7455400
CVX,2024-01-08,135.9860919294505,137.158858630828,134.30024154378057,136.97561645507812,10038200
CVX,2024-01-09,137.38789741854288,137.38789741854288,133.39315697979168,133.4939422607422,11784700
CVX,2024-01-10,133.78716652317354,133.78716652317354,132.03717357340145,132.39450073242188,8490400
CVX,2024-01-11,133.36568795970797,133.92458568174612,132.50443435717554,133.10914611816406,8612500
CVX,2024-01-12,135.44551774787575,136.05938670383122,133.92458118092145,134.93243408203125,9386900
CVX,2024-01-16,134.23610597442277,134.30024842848843,131.55157370988772,131.65235900878906,9380400
CVX,2024-01-17,130.48874183479785,131.95470719120857,130.1405719170419,131.13009643554688,8167000
CVX,2024-01-18,131.02014919656273,131.19423414915545,127.92330483270815,129.9390106201172,11187800
CVX,2024-01-19,129.85655362490365,130.3329944964734,129.19687056595566,130.32383728027344,11192500
CVX,2024-01-22,130.0214596631254,130.70862823638208,129.11439211345362,130.55287170410156,9184600
CVX,2024-01-23,130.09477201131645,131.3225099599728,130.01230114931636,130.18638610839844,6767200
CVX,2024-01-24,130.7452917173832,132.8342833914515,130.3055076756011,132.77931213378906,8100000
CVX,2024-01-25,133.97041614474537,136.23349293761285,133.063348392061,136.12355041503906,9773600
CVX,2024-01-26,135.62877226173717,136.7557249861105,134.6667333104749,136.64578247070312,9151900
CVX,2024-01-29,136.59997752923312,136.7190912491814,134.78585600174418,136.5908203125,10494800
CVX,2024-01-30,135.76620726167044,137.71777089159332,135.3355943944198,137.54368591308594,9902900
CVX,2024-01-31,137.7727286111688,137.78189980733623,134.99656838593964,135.0790252685547,10428000
CVX,2024-02-01,135.77537381351596,136.53584217859284,134.24527986709006,135.50050354003906,8641100
CVX,2024-02-02,138.2217042675039,140.53059518551865,137.0214517525727,139.48609924316406,12839100
CVX,2024-02-05,138.91801664173283,140.64968116567056,138.15754828734458,139.56854248046875,8277800
CVX,2024-02-06,139.72429642813145,140.67716416711434,139.0920990139729,139.5868682861328,6198200
CVX,2024-02-07,140.20075463931045,140.89708061241922,138.50573278230937,139.38531494140625,6252000
CVX,2024-02-08,139.22037507138907,141.37350924527746,138.94550479677818,141.1536102294922,9237000
CVX,2024-02-09,141.48345677997375,142.3080676330473,138.33164067770167,138.38661193847656,9194500
CVX,2024-02-12,138.91800795461367,139.82507559347079,138.70728015263012,139.3394775390625,6713000
CVX,2024-02-13,139.83423895275754,140.2465513397508,137.06724983676236,137.9834747314453,6987100
CVX,2024-02-14,138.60651552148306,139.44944083555376,137.5070483283684,138.359130859375,5995100
CVX,2024-02-15,138.85001592713238,143.64784160897142,138.6277174431463,143.0643310546875,8950300
CVX,2024-02-16,143.90719742038584,144.27769493140448,142.72163365119607,143.2218017578125,7570200
CVX,2024-02-20,143.99983885342124,144.12950946119548,142.48083424819302,142.63829040527344,6977900
CVX,2024-02-21,143.1662215705494,144.09244408971023,142.73089585590105,143.97203063964844,6628900
CVX,2024-02-22,143.39777115075813,145.0742315784283,142.48080580758105,143.96275329589844,8874900
CVX,2024-02-23,143.4440715610292,143.49038551183156,141.94359565966093,143.24957275390625,6561600
CVX,2024-02-26,143.1384256066858,144.07391942045388,142.4808155155172,143.05506896972656,6900800
CVX,2024-02-27,141.89730155433796,142.52714028066418,138.84076410333714,140.9340362548828,15093800
CVX,2024-02-28,141.11926693346305,142.50860074517357,140.58205616363753,141.10073852539062,6715900
CVX,2024-02-29,141.6286985260097,141.93435367429387,140.30419288344495,140.7950897216797,9334400
CVX,2024-03-01,141.75837028693178,142.96246248105544,141.01738938800682,141.53607177734375,7459100
CVX,2024-03-04,141.24894793481602,141.3323045777343,136.7752910354081,137.89602661132812,12503200
CVX,2024-03-05,137.8497105589962,139.50764278610225,137.3588137141139,138.5536346435547,6985500
CVX,2024-03-06,139.7021376085364,141.16557081508756,137.21059688935262,137.38658142089844,14692100
CVX,2024-03-07,137.54404444448076,139.62804511788198,137.49773049179836,138.349853515625,8739300
CVX,2024-03-08,138.3498525795054,138.92412014942013,137.44215847181528,138.82223510742188,7528400
CVX,2024-03-11,139.3964938113564,140.85992713670223,138.55362789870827,140.78582763671875,7577100
CVX,2024-03-12,140.6283736095855,141.3137833949428,139.66509422837876,140.68394470214844,6432900
CVX,2024-03-13,141.93435318837712,143.45335765362734,141.85098241510502,142.53639221191406,8065600
CVX,2024-03-14,142.42525722228302,144.2406456555717,141.48976332445315,144.21286010742188,9047200
CVX,2024-03-15,143.74047290687784,145.45397606243577,143.02727762030878,144.07391357421875,20387200
CVX,2024-03-18,144.5184978212422,145.1112796652601,143.5089186722644,143.94424438476562,7242700
CVX,2024-03-19,143.8423655013981,145.26874201640555,143.57375304616667,145.06497192382812,7736700
CVX,2024-03-20,144.26841112684417,144.88897850422293,142.85129183627126,143.14768981933594,8449100
CVX,2024-03-21,143.518171084766,144.20358081089242,143.01801716188646,143.434814453125,7899100
CVX,2024-03-22,143.63858450118568,143.82382617136156,142.78646151194977,143.24957275390625,5974700
CVX,2024-03-25,144.00906009299726,145.70404884332157,143.8145612963395,144.926025390625,6058700
CVX,2024-03-26,144.97233796817213,145.28725020085275,143.2402924223635,143.81455993652344,6677900
CVX,2024-03-27,143.4440761342041,144.89825226416446,143.4255618597197,144.8148956298828,7416900
CVX,2024-03-28,145.55587388961044,146.51915329456213,144.83342140241422,146.10235595703125,8331600
CVX,2024-04-01,146.5932373865049,147.81584372360163,145.36135977937067,147.34347534179688,6285700
CVX,2024-04-02,148.24192059130218,149.32559926887566,147.28791250421523,147.99183654785156,8815400
CVX,2024-04-03,148.28822190992918,149.07550252328983,147.9362528515837,148.60313415527344,7819700
CVX,2024-04-04,148.9365865823447,150.00173684529452,148.02889245451578,148.83470153808594,9269700
CVX,2024-04-05,149.42749772121982,150.20552133394767,148.06594933242832,149.67758178710938,7432800
CVX,2024-04-08,149.72387269051822,150.51116752772333,148.50126624808652,149.37191772460938,7253200
CVX,2024-04-09,149.90912220040968,150.5389467372335,148.62167344845827,150.0480499267578,6576200
CVX,2024-04-10,150.24255519144384,150.7612375206574,149.13107690537652,150.66860961914062,7525800
CVX,2024-04-11,151.54851261324097,151.54851261324097,148.01035020652762,149.94615173339844,7682500
CVX,2024-04-12,150.3166542944445,151.7800876473839,146.38020838169473,147.2323455810547,11071000
CVX,2024-04-15,148.14003808685877,148.64946332001855,145.750382192883,145.96340942382812,7236900
CVX,2024-04-16,145.69482736517728,146.16719583427516,143.9535242403647,144.7500762939453,5541900
CVX,2024-04-17,144.48146553748055,146.07456950787775,144.15728198082815,144.8612060546875,6733900
CVX,2024-04-18,145.54660223206184,146.38019682396512,144.85193536113124,145.94488525390625,4979200
CVX,2024-04-19,147.0378394126892,148.89028463363647,146.48210019319086,148.19561767578125,7734700
CVX,2024-04-22,148.1492936972219,150.69640570372724,146.75070273790593,149.9739532470703,6779200
CVX,2024-04-23,149.40893670337343,150.8353271484375,148.75132669793547,150.8353271484375,5597600
CVX,2024-04-24,149.93690942795848,151.7522976934355,149.5386263862348,151.50222778320312,7610300
CVX,2024-04-25,151.62264138085996,153.38247285392626,150.6686332046385,153.08607482910156,9702600
CVX,2024-04-26,153.03975172184084,154.66064122397975,151.25214894048156,153.65106201171875,9736400
CVX,2024-04-29,153.6695819868004,154.78104618637553,152.53958937953936,154.05859375,6364000
CVX,2024-04-30,153.72516097418887,153.86408870638516,149.07551971854423,149.37191772460938,8457300
CVX,2024-05-01,148.91805551738292,149.5386229093289,147.17675265858682,147.8529052734375,7713700
CVX,2024-05-02,148.57536600439107,149.84428640407586,148.09372631022666,148.8717498779297,8597100
CVX,2024-05-03,148.80692445299937,148.80692445299937,145.45398907233087,148.4271697998047,11664500
CVX,2024-05-06,148.87173638705394,151.91901628396272,148.87173638705394,150.32591247558594,8430300
CVX,2024-05-07,150.33516895992713,151.11319245374747,150.06657065838206,150.66860961914062,6869900
CVX,2024-05-08,150.001749821972,151.04838590053532,149.62199515751544,150.5482177734375,6706400
CVX,2024-05-09,150.9928010468926,153.29908610525462,150.72418859825038,153.24351501464844,6683300
CVX,2024-05-10,153.7899986511729,154.14196777173572,152.84526174813962,153.58624267578125,5490900
CVX,2024-05-13,154.19753444105302,154.59581750810298,150.95575534209783,152.3914031982422,6848300
CVX,2024-05-14,152.21539931895285,153.0119512188936,150.99279299173764,151.5392608642578,4924000
CVX,2024-05-15,151.0946988699879,151.71526632263377,148.35307372624936,151.02059936523438,7603100
CVX,2024-05-16,151.12349322869815,151.56321480878347,150.1411362034917,150.7118377685547,6409400
CVX,2024-05-17,151.32933573754394,152.47073897913899,150.80541574646736,152.1900634765625,5497900
CVX,2024-05-20,152.23684748726558,152.49880748690092,150.69315361257517,150.75863647460938,4913800
CVX,2024-05-21,150.2347183605174,151.0580293844163,149.44883835174997,149.6640167236328,4783300
CVX,2024-05-22,149.24297863297164,149.24297863297164,146.43625268069425,147.41860961914062,6260500
CVX,2024-05-23,147.74608364045622,148.38228241415248,146.25852199753695,146.8292236328125,6718400
CVX,2024-05-24,147.89577776301067,148.72843939266662,147.16603001008747,147.5870361328125,4477700
CVX,2024-05-28,147.93318708528693,149.14943803776515,147.77414097026457,148.79391479492188,6928300
CVX,2024-05-29,147.83963274862035,148.27935434070653,146.36142186310158,146.79177856445312,5909600
CVX,2024-05-30,146.74501269418926,148.25128971561168,146.70758168236918,148.0641632080078,6369600
CVX,2024-05-31,148.4103423045593,152.10586257907266,148.2980635399464,151.84390258789062,10334200
CVX,2024-06-03,151.08608760184768,151.26383494929786,146.38014413565463,147.3157196044922,9009900
CVX,2024-06-04,145.6878065230673,146.27722360986587,144.1815295157195,146.07139587402344,6360500
CVX,2024-06-05,146.09946988445992,146.90406536554443,144.57447728902383,144.9954833984375,7058500
CVX,2024-06-06,144.54641126338043,145.9684899862881,143.50792191239998,145.88427734375,5215100
CVX,2024-06-07,145.67845409158826,147.53088941532366,145.13581863801974,146.0246124267578,5887700
CVX,2024-06-10,146.33336348267443,148.00803730172936,146.24916511609737,146.64210510253906,7074700
CVX,2024-06-11,146.10882736478447,146.65146287991814,144.52770245057167,146.40821838378906,5132000
CVX,2024-06-12,147.34377463696788,147.47475462171724,142.58168500942463,144.28443908691406,10017400
CVX,2024-06-13,143.8634397526544,144.16281647078662,142.42264557716368,142.99334716796875,6163000
CVX,2024-06-14,143.26465782660088,143.4143390329422,142.17938699508173,142.74073791503906,6159100
CVX,2024-06-17,142.67526664780775,144.0131327876209,142.14198174961686,143.32081604003906,6321400
CVX,2024-06-18,143.65760996298067,145.9029852820451,142.99334512713142,143.4517822265625,6942900
CVX,2024-06-20,143.80730898642312,147.26893530314806,143.3769379972391,146.5485382080078,8336000
CVX,2024-06-21,146.6982168260606,147.51216280727755,145.22000606913141,145.27613830566406,21289800
CVX,2024-06-24,146.2023959022264,149.26171768697046,146.12754814477472,149.04653930664062,7971600
CVX,2024-06-25,148.86873532026218,149.09327852874415,147.51215400724692,148.2512664794922,5985400
CVX,2024-06-26,148.2512725671141,148.2512725671141,145.75327388188333,145.90296936035156,8637800
CVX,2024-06-27,146.60465443316713,146.8291976563492,145.61294684667007,146.2491455078125,5568700
CVX,2024-06-28,147.3718203911107,148.36352789227286,146.10878806748227,146.34268188476562,11283400
CVX,2024-07-01,147.03501639546698,148.4757960645886,145.93103012692913,146.43624877929688,5584100
CVX,2024-07-02,147.5215217483065,147.5589527586056,145.43519261018173,146.6514434814453,7216800
CVX,2024-07-03,146.82920727797222,147.5776704618785,146.47368405357346,146.61402893066406,3264200
CVX,2024-07-05,146.46433111144893,146.46433111144893,143.7792200171914,144.36863708496094,6183100
CVX,2024-07-08,143.44243356236834,145.27615343353511,143.44243356236834,144.38735961914062,4990700
CVX,2024-07-09,143.1430288587417,144.78963633902433,142.53491059022883,143.1243133544922,5301600
CVX,2024-07-10,142.67528057561032,145.42587515410617,142.48816830869413,145.13584899902344,5416600
CVX,2024-07-11,145.0142017995072,146.5859617795552,144.2844540550922,145.2574462890625,8322500
CVX,2024-07-12,146.09947752899663,146.3614375341497,144.6025509774794,145.56619262695312,6446300
CVX,2024-07-15,146.83856359101893,149.24299934281524,146.29592811852308,147.85833740234375,5661200
CVX,2024-07-16,146.89469692652312,148.11094787214816,146.09010146487105,147.60574340820312,6924200
CVX,2024-07-17,148.28871734462425,151.07672834859414,148.09224020750676,150.84283447265625,7296600
CVX,2024-07-18,150.84282528014543,153.696333247842,149.9166147243551,151.53515625,6577700
CVX,2024-07-19,152.01228788162462,152.2181156128852,148.20450340479894,148.89682006835938,6427700
CVX,2024-07-22,148.02674560240231,148.73777778957628,146.7450118321847,146.87599182128906,5577300
CVX,2024-07-23,146.27723632171484,146.5111301986119,143.9289326611889,144.16282653808594,6238700
CVX,2024-07-24,144.7241734043414,145.6690995006489,143.53598854655453,145.07969665527344,5971700
CVX,2024-07-25,145.36036676061624,148.06417949421643,144.6586851071655,147.39056396484375,5432100
CVX,2024-07-26,147.56830500623042,148.79390650575692,146.94147119638663,147.6712188720703,5232500
CVX,2024-07-29,148.05480204596384,148.05480204596384,144.8832021181892,146.5111083984375,5072000
CVX,2024-07-30,146.38013947658092,149.77626861285813,146.3614239705902,149.28977966308594,5740900
CVX,2024-07-31,151.27319332602104,151.27319332602104,149.7388501942325,150.1317901611328,6209200
CVX,2024-08-01,148.48518673236245,149.22428506042328,142.235535270079,142.7875213623047,16689900
CVX,2024-08-02,141.39352270873604,142.2448855209673,137.54830702781766,138.979736328125,13278600
CVX,2024-08-05,136.1449427437105,136.37883660494347,134.17087798387408,135.34034729003906,13037200
CVX,2024-08-06,135.18129077138698,135.74262742968608,133.8995428029888,134.00245666503906,9692700
CVX,2024-08-07,135.26548734672744,136.3413933011034,133.1136611622284,133.23529052734375,8867900
CVX,2024-08-08,133.85278947603254,135.49004655013212,133.51598173547353,135.18130493164062,7531100
CVX,2024-08-09,134.9193307208059,136.69691821787825,133.96503984385,135.64907836914062,7653100
CVX,2024-08-12,136.4443189797553,137.28634544266276,130.69053572408853,135.67715454101562,8442200
CVX,2024-08-13,134.79772209330744,135.23744372800135,133.83408045363763,134.8632049560547,7794800
CVX,2024-08-14,135.0877257101067,135.8829704767042,134.18956708284065,135.3496856689453,5874200
CVX,2024-08-15,136.2104157737009,138.01608367552737,136.1075019111538,137.34246826171875,6304200
CVX,2024-08-16,136.64077775853983,138.1096235812888,136.2571884527962,137.7821807861328,6874400
CVX,2024-08-19,138.1322397271935,139.7594408085421,138.0187187702931,138.9080047607422,5967400
CVX,2024-08-20,138.4349688587424,138.6052502785113,136.7604627200705,136.88345336914062,7497600
CVX,2024-08-21,137.5835281800221,138.72825073520028,136.75101712087027,137.47947692871094,5985000
CVX,2024-08-22,137.5078522661586,138.43497371139568,137.29972089990827,137.86734008789062,4027000
CVX,2024-08-23,138.62417787845257,140.10000795320863,138.425516218286,139.65536499023438,4824100
CVX,2024-08-26,140.93252746572074,141.99209477001745,139.58914336619543,140.48788452148438,5780300
CVX,2024-08-27,140.6487312846111,141.48125682316117,138.82286847045572,139.0215301513672,5100000
CVX,2024-08-28,138.5390349359009,139.20126451832905,137.63082405462643,138.12277221679688,5614400
CVX,2024-08-29,138.55795956235661,140.1851460599259,137.59298821005305,139.46615600585938,4466700
CVX,2024-08-30,138.33090360987217,140.09055046390608,137.83895544758252,139.96755981445312,6414800
CVX,2024-09-03,137.69706807016905,137.90519945063977,136.49558499845608,136.85508728027344,7944700
CVX,2024-09-04,136.8361473556024,137.67812805348845,134.02638846181515,134.40481567382812,9820700
CVX,2024-09-05,135.4454427875875,135.4454427875875,133.0141113793692,133.3262939453125,9371100
CVX,2024-09-06,133.45876836708575,134.44265024041925,130.43140843416603,131.0841827392578,7836400
CVX,2024-09-09,131.1598756338882,134.3575171660817,131.06526521728776,132.73031616210938,9892300
CVX,2024-09-10,133.2979455873087,133.4682414631571,129.6935107452013,130.77200317382812,8202500
CVX,2024-09-11,130.75308450787978,131.00850665248558,128.06630165377865,130.44088745117188,9534000
CVX,2024-09-12,130.77199132111824,131.94509406728204,130.0056960380645,131.69912719726562,6591500
CVX,2024-09-13,132.3235105277018,133.89395107769337,132.17215406877486,133.02359008789062,5900700
CVX,2024-09-16,134.04532376659796,135.44546847019618,133.4587795871561,134.42373657226562,6864300
CVX,2024-09-17,134.14938060814515,136.36312568993318,134.0926201345899,135.67251586914062,7338800
CVX,2024-09-18,135.58738667308393,137.74437146449097,135.46439601292153,136.19285583496094,6180300
CVX,2024-09-19,137.943017353937,138.86068347739345,137.11049193830098,137.16726684570312,7247400
CVX,2024-09-20,137.39431983278064,138.03763891561297,135.7009030642857,137.82003784179688,23162900
CVX,2024-09-23,138.35930300094702,140.4122222089375,138.07548615896843,139.57969665527344,6960600
CVX,2024-09-24,140.84737579125513,141.0555071291826,138.9836634515087,139.49452209472656,6014200
CVX,2024-09-25,139.02151524845954,139.4567029430112,135.75765806365047,136.20230102539062,7888400
CVX,2024-09-26,133.29793054423305,135.49276509754768,133.0425084125715,134.32913208007812,8046200
CVX,2024-09-27,135.26571871376402,137.90519641920162,135.13327278687805,137.6403045654297,8049200
CVX,2024-09-30,137.52675255079762,139.52291091613242,136.49556549929147,139.32424926757812,7491700
CVX,2024-10-01,138.4539066730102,142.39891872105486,137.60245618860813,141.62315368652344,9489100
CVX,2024-10-02,143.4963197107329,144.06395335930847,141.20688901638525,142.8057098388672,8105400
CVX,2024-10-03,143.14628379185461,143.9598843034988,141.92589024214982,143.0895233154297,6553300
CVX,2024-10-04,144.25316734753125,144.27209231961828,142.03942198564454,142.6070556640625,7892400
CVX,2024-10-07,143.32602445525959,144.50858241281122,142.55972920844962,142.96652221679688,5895900
CVX,2024-10-08,141.1501137259471,141.52854093045872,139.75942442485078,140.72439575195312,5892700
CVX,2024-10-09,139.55129748886094,142.25699073580222,139.40939630487821,141.57583618164062,4973500
CVX,2024-10-10,142.55026022842597,143.37333038720774,141.76505444389198,142.49349975585938,4420900
CVX,2024-10-11,142.26645384711114,144.11124133102757,142.1434632030095,143.25033569335938,5051300
CVX,2024-10-14,142.39891380960228,143.70444807715222,142.07724704986572,143.59092712402344,4214700
CVX,2024-10-15,140.7717065036328,141.86912378667412,139.598603776707,139.75942993164062,6704600
CVX,2024-10-16,140.34598704323173,140.98929165622982,140.21354112670141,140.70547485351562,4303700
CVX,2024-10-17,141.20688863745977,143.16521172781938,140.9325415172159,143.04222106933594,6593100
CVX,2024-10-18,142.68273103435462,142.92869791200857,141.320421850837,142.6165008544922,5208200
CVX,2024-10-21,143.79903868013906,144.25313686560412,142.3705139531963,142.73947143554688,5074000
CVX,2024-10-22,143.08952555195071,143.49631859636958,142.1150988633644,142.77732849121094,4416400
CVX,2024-10-23,142.24753252196237,142.85300162028307,141.23525597878134,142.36105346679688,5248600
CVX,2024-10-24,142.97599115106394,143.27871848009937,141.32041001938612,142.33267211914062,5474300
CVX,2024-10-25,143.22197222589418,143.91258209600537,142.3421559519129,142.6732635498047,6839900
CVX,2024-10-28,140.25137629641176,142.56918704793267,140.166235586457,142.41781616210938,8892000
CVX,2024-10-29,141.9447854525148,142.30428767842375,139.89186664215543,140.50680541992188,6014700
CVX,2024-10-30,141.03659088744308,141.57582979778465,139.6932068094001,140.06216430664062,5784000
CVX,2024-10-31,140.733843992001,141.50015362955503,139.91078832100578,140.79061889648438,8400900
CVX,2024-11-01,144.25314674283425,147.51700383872756,143.51523172760696,144.8113250732422,11728000
CVX,2024-11-04,146.0884681928498,146.0884681928498,144.38558196249213,145.66275024414062,6130000
CVX,2024-11-05,146.19254768551613,146.3249936028707,144.31937987278104,145.1329803466797,5978900
CVX,2024-11-06,148.6238898325668,150.0524146480521,147.696754000562,149.21043395996094,12118900
CVX,2024-11-07,149.41856378852748,149.48477952698155,147.96164431627628,148.3116912841797,8143200
CVX,2024-11-08,148.1508758548465,149.07799730893473,147.27104517356622,148.4630584716797,6041500
CVX,2024-11-11,148.6617129426658,149.41855285927272,147.488610350149,148.05624389648438,7771700
CVX,2024-11-12,148.81309191996587,148.97391806523405,146.75070339574745,146.91152954101562,5681900
CVX,2024-11-13,147.64947681495826,150.44031096356468,146.19255719377878,150.156494140625,8824000
CVX,2024-11-14,151.21605517901727,153.09869273754623,151.06468428842223,153.0703125,10111200
CVX,2024-11-15,152.8054105801605,153.6190110190404,152.08640611502094,152.71080017089844,9022800
CVX,2024-11-18,153.44669617287298,154.36417163865914,152.02271708548383,153.63783264160156,6075400
CVX,2024-11-19,152.89239075690418,153.32245145878863,151.71688761634587,152.52923583984375,4657400
CVX,2024-11-20,152.8254987862695,154.2877139149896,152.70125351952274,154.18258666992188,6391300
CVX,2024-11-21,154.84202053544288,155.44409968448494,154.14435127760217,154.46929931640625,7945200
CVX,2024-11-22,154.35459822797486,155.4058706317349,154.01054676699675,155.1669464111328,7005900
CVX,2024-11-25,154.96624521964182,155.9410601327535,152.74903601303205,153.25555419921875,10702400
CVX,2024-11-26,155.11915226618274,155.72124594380819,154.24946463911854,155.32940673828125,7369500
CVX,2024-11-27,155.54922144087274,157.38415773005283,154.45017584430641,154.9280242919922,7674500
CVX,2024-11-29,155.06184201004046,155.53969052162765,153.54228724306026,154.75601196289062,5077000
CVX,2024-12-02,155.10004826819323,155.7308117415139,153.01663596166952,155.0236053466797,6229600
CVX,2024-12-03,155.75948111173506,155.9697356023411,154.23992649735513,154.74644470214844,5900100
CVX,2024-12-04,154.6604451540157,154.66999687408523,150.8663269490556,151.3059539794922,7862700
CVX,2024-12-05,152.23294315928098,153.55180946438122,151.6595338052026,152.27117919921875,6358400
CVX,2024-12-06,151.7168716013835,151.79332909763548,148.29547520368374,148.3623809814453,9701700
CVX,2024-12-09,150.0444073692529,152.98795545483767,149.87238893378534,150.12086486816406,9404500
CVX,2024-12-10,152.0131516817803,152.45277868695467,149.7577063387844,150.04441833496094,9126200
CVX,2024-12-11,149.9106105802644,150.20687427468206,148.89757423827746,149.28941345214844,13764700
CVX,2024-12-12,148.9644781102929,149.5952415936887,147.43537174837414,147.8558807373047,7621500
CVX,2024-12-13,148.0087515631679,148.0947753539008,146.2885090729124,147.0530548095703,5816200
CVX,2024-12-16,147.07219518973056,147.07219518973056,142.63776216210584,142.74288940429688,11961200
CVX,2024-12-17,141.44313631112723,142.06433344154507,140.40143022599958,141.5482635498047,11909300
CVX,2024-12-18,141.21376537082566,142.0834530292247,137.60123234046648,137.69680786132812,10174500
CVX,2024-12-19,138.16510255121463,138.3466727057409,134.7054699891744,134.8966064453125,16544300
CVX,2024-12-20,134.58125286672225,136.5213165283203,134.32321060442143,136.5213165283203,32209200
CVX,2024-12-23,136.16768959948948,136.99915581493528,135.2693321843971,136.635986328125,8156500
CVX,2024-12-24,136.7602313755013,137.65857420640052,135.95743490156602,137.46743774414062,3556100
CVX,2024-12-26,137.304978345708,137.91662380723025,136.56908761484,137.6012420654297,4492600
CVX,2024-12-27,137.8974917387483,139.25459409533102,137.0373704089256,137.62034606933594,5296500
CVX,2024-12-30,137.41964042373903,137.60122515422665,136.04344924153156,136.73155212402344,6194800
CVX,2024-12-31,137.16161398027853,138.90097463868355,136.97047752964167,138.42312622070312,6137800
CVX,2025-01-02,139.03477896089814,141.5100449797736,139.03477896089814,140.21029663085938,7170300
CVX,2025-01-03,141.00351114661385,141.92098656710596,140.77415322857365,141.29978942871094,5809000
CVX,2025-01-06,141.8254099885941,143.66991253481797,140.36319494088195,140.7359161376953,5888700
CVX,2025-01-07,141.93053788415304,143.83237991825393,141.08953454909218,142.9626922607422,7736000
CVX,2025-01-08,141.4813511995364,144.48223863915229,141.47179948110994,143.6412353515625,7640900
CVX,2025-01-10,146.61346522032346,147.50225633935716,144.18598692314245,146.3554229736328,11074700
CVX,2025-01-13,147.27289295500762,150.37890777101128,147.1773174352506,148.46751403808594,11774100
CVX,2025-01-14,148.33372177415555,149.9584035822193,147.61694910152943,149.94883728027344,6830200
CVX,2025-01-15,149.9297482642886,151.65955748071266,149.45189976990503,151.3155059814453,7900000
CVX,2025-01-16,151.02877313657453,152.81592159257522,151.02877313657453,152.3189697265625,5578900
CVX,2025-01-17,152.0800485424762,154.60308771177372,151.76466682346688,154.31637573242188,9260400
CVX,2025-01-21,154.01055925795492,154.24948349793485,150.5127194675602,151.2294921875,10131400
CVX,2025-01-22,150.6942695214001,151.42060844694458,149.34674807073074,149.4805450439453,7232200
CVX,2025-01-23,150.64650548009195,150.94276918283197,148.72554539766745,149.0982666015625,5979800
CVX,2025-01-24,149.52832279892044,150.4935712851965,148.39104131129076,148.7541961669922,8003800
CVX,2025-01-27,149.40409980485737,150.89498465235678,148.62998764040788,150.26422119140625,7141000
CVX,2025-01-28,150.72295874728698,151.879343785677,148.30503226666528,149.28941345214844,6425400
CVX,2025-01-29,148.82111969102115,149.64301959318004,147.95143202818775,148.79244995117188,5630600
CVX,2025-01-30,149.62390443196668,150.47447409023093,148.62998607171642,149.39454650878906,6931900
CVX,2025-01-31,146.94795651803065,147.53093223582655,142.06434456223246,142.58042907714844,16726800
CVX,2025-02-03,142.39883669866578,144.1764334984837,141.25200334650714,142.72377014160156,7605000
CVX,2025-02-04,142.13123377043755,146.59433621805562,142.13123377043755,146.43186950683594,8458100
CVX,2025-02-05,146.2120819091797,146.98619410691168,145.54308237668113,146.2120819091797,6533700
CVX,2025-02-06,147.38758835719483,148.38150679279013,144.3675824223506,145.1703643798828,6420500
CVX,2025-02-07,145.72466248697586,146.99574114232828,145.18947454425438,145.85845947265625,4724900
CVX,2025-02-10,147.454469816866,148.8975814838398,147.23466361075955,148.86891174316406,5653800
CVX,2025-02-11,149.4232139382182,151.67865917217242,149.2033931548695,150.4649200439453,6011800
CVX,2025-02-12,149.80549017950602,150.49359311920156,147.7220779218783,148.03744506835938,6693500
CVX,2025-02-13,147.92277232474675,149.4901147348834,146.52746294815512,148.9740447998047,7836400
CVX,2025-02-14,149.8533670426014,152.14348661954065,149.66011055731335,150.10459899902344,5828800
CVX,2025-02-18,150.10460188346048,152.00820852640362,149.56347781644567,150.89697265625,5981500
CVX,2025-02-19,151.24483024202692,153.02281341461736,150.74235160819956,151.93089294433594,4945800
CVX,2025-02-20,152.1918070898454,153.59293506335487,151.77630637643244,153.43832397460938,6256200
CVX,2025-02-21,152.8005737003343,153.59292969956564,151.534726787552,151.63134765625,6689800
CVX,2025-02-24,151.7956086592226,152.99382237724163,151.46707118226576,152.5686492919922,5925000
CVX,2025-02-25,152.66530232325894,153.63159953836896,150.22057154859266,151.14820861816406,6810900
CVX,2025-02-26,151.3414621575213,151.40911003863044,149.19628120229714,149.91134643554688,6005200
CVX,2025-02-27,150.44280344312415,152.95516714967832,149.59245724530854,151.3897705078125,7517200
CVX,2025-02-28,151.418759109406,153.32236565753766,149.69875137726538,153.2740478515625,8828500
CVX,2025-03-03,154.08574249269202,154.69449964115074,146.64524300586976,147.930419921875,9059800
CVX,2025-03-04,146.11381366689182,148.95471519662226,144.99290531815342,146.87718200683594,8826300
CVX,2025-03-05,145.08951996675344,146.2684037407528,142.76075489997461,145.72727966308594,9288300
CVX,2025-03-06,145.43738327811727,148.16234840354537,144.43244069833997,147.79515075683594,7314700
CVX,2025-03-07,148.76144274380064,152.14348275630127,148.5295408651533,151.07089233398438,8562600
CVX,2025-03-10,151.8922475643762,154.96506534706384,150.9066203675886,152.2594451904297,11750300
CVX,2025-03-11,153.09045354434656,153.48663892267714,148.60683526595375,148.88706970214844,10466300
CVX,2025-03-12,148.46189131018767,149.5731271182161,147.0897511471044,147.5245819091797,9710200
CVX,2025-03-13,147.1284000427291,149.22526310729623,146.7998625475305,148.4329071044922,9022800
CVX,2025-03-14,148.80011736712711,151.94058339863608,147.85313545541354,151.72799682617188,6671500
CVX,2025-03-17,151.92123606666016,154.07607453963234,151.4767328989521,153.3706817626953,7615200
CVX,2025-03-18,154.35631323895558,155.66080555479724,153.46732162344532,155.39024353027344,9289500
CVX,2025-03-19,155.54486001134987,158.99453331598966,155.4772121306094,158.52105712890625,11503900
CVX,2025-03-20,157.63205491898637,159.73857557678073,156.93631980854397,159.21678161621094,9545900
CVX,2025-03-21,158.94623202483038,159.33274500772262,157.6127371681594,159.1974639892578,21625500
CVX,2025-03-24,159.1394789379189,160.8208265312801,158.78195371303622,159.45835876464844,8068000
CVX,2025-03-25,160.4826320851375,162.16399443043437,159.545322672156,160.34735107421875,7869200
CVX,2025-03-26,161.72914526991553,163.26556890618446,161.6131943330364,162.30892944335938,10076100
CVX,2025-03-27,161.61320094521176,162.55051037539766,160.26039081119322,161.03341674804688,6862700
CVX,2025-03-28,161.08173617825446,161.49725163079833,159.72892603060532,160.49229431152344,4923000
CVX,2025-03-31,160.58893737331707,163.22692465581778,160.53096189923303,161.65185546875,10675300
CVX,2025-04-01,161.65186564934794,162.91772747284796,160.55995974810637,162.83074951171875,6378600
CVX,2025-04-02,161.7581310505317,162.31858514621885,160.2603823188513,160.85948181152344,7044900
CVX,2025-04-03,154.7234954987296,155.9120516135811,150.54909946280122,150.85830688476562,15501000
CVX,2025-04-04,146.64526139383804,147.3216812462014,137.9389287143618,138.45106506347656,20374700
CVX,2025-04-07,134.05438885586534,141.26297151056517,132.66291871113333,135.42652893066406,17817000
CVX,2025-04-08,139.29173017426808,139.6202824155872,130.32449367954018,132.3150634765625,12904400
CVX,2025-04-09,130.4694418865459,142.49983813841197,129.36786375432854,141.10836791992188,16846800
CVX,2025-04-10,138.39308001509633,138.7892653881808,128.95235266205768,130.4307861328125,20991200
CVX,2025-04-11,130.4597694237416,132.49865694548342,127.58986578544804,131.0588836669922,17224400
CVX,2025-04-14,133.81282618956814,133.87080165987146,129.5804546676574,130.75933837890625,9628200
CVX,2025-04-15,129.79304342116896,132.02518753281757,129.72539554165246,130.005615234375,9334800
CVX,2025-04-16,130.83663429180658,132.9141821075591,130.25686482158093,130.79798889160156,8637200
CVX,2025-04-17,132.0831801949106,135.5135385561873,131.8512635350587,133.22340393066406,8434400
CVX,2025-04-21,131.43574441252707,131.69663403082237,127.87010551724534,129.22291564941406,9967500
CVX,2025-04-22,130.70135289309204,133.58092914155685,130.39214545877857,132.672607421875,7984700
CVX,2025-04-23,132.58565269644973,133.8804874780016,130.5950679679953,132.07350158691406,10002000
CVX,2025-04-24,133.27169927558842,134.70181490891468,132.59529422905058,134.38294982910156,7745800
CVX,2025-04-25,133.66788462631888,134.3636197439783,132.6242819498298,134.0543975830078,6878500
CVX,2025-04-28,134.28632951536085,135.72611772056464,134.00609505696286,135.3782501220703,6715500
CVX,2025-04-29,134.01576744059653,135.29127213848415,133.89981648929563,134.60520935058594,7343800
CVX,2025-04-30,133.3490146944631,133.49395337784262,129.61910688206885,131.47439575195312,13858000
CVX,2025-05-01,130.85596222367602,133.3006929072239,130.5660701210426,131.6676483154297,10199800
CVX,2025-05-02,133.23306900479355,135.06902787449437,130.7303479316624,133.83216857910156,12393200
CVX,2025-05-05,132.1604595115422,132.38270371778427,130.62403590489194,130.93325805664062,9665000
CVX,2025-05-06,131.75463013214187,132.68226719434935,130.48876840499534,131.0299072265625,9916200
CVX,2025-05-07,131.48406248928666,131.70630670905774,130.0829198026015,131.21348571777344,8422100
CVX,2025-05-08,132.08316104218704,134.20901184339363,131.87057448761394,132.42135620117188,8669300
CVX,2025-05-09,134.21868042726769,134.67284130857766,133.05912669085896,133.822509765625,5965700
CVX,2025-05-12,137.64902854031502,138.86657240767366,135.83239989197097,136.8470001220703,8028200
CVX,2025-05-13,136.76002797881972,138.40273010706647,136.17058615547265,137.55239868164062,8536800
CVX,2025-05-14,136.9822879177125,137.4364487884152,135.9870029656259,136.89532470703125,6453600
CVX,2025-05-15,135.28159739126826,137.65869480444823,134.80810649237017,137.46542358398438,7545400
CVX,2025-05-16,137.8906062601013,138.18049836641836,135.9580118773542,137.3108367919922,8200100
CVX,2025-05-19,136.41100083683693,136.45990716992276,134.11253749886103,135.45249938964844,7713600
CVX,2025-05-20,135.2568796856608,135.70679707500793,134.02452063085136,134.25926208496094,6503900
CVX,2025-05-21,133.62351011724778,134.12233384373403,132.5183045444576,132.58676147460938,9073200
CVX,2025-05-22,132.02926945215586,133.0073364503,130.8360265204906,132.3226776123047,8877600
CVX,2025-05-23,131.44241955170065,133.78977431095305,131.11965566058285,133.54525756835938,7025900
CVX,2025-05-27,134.36684915345245,134.9439051013108,133.41812297010387,134.80697631835938,8348900
CVX,2025-05-28,135.7361417697688,135.74591706742504,132.68457739973996,133.03668212890625,6876300
CVX,2025-05-29,133.50614533855125,134.91456420470695,133.11492450867158,134.88522338867188,7554300
CVX,2025-05-30,133.877811523987,134.43530193590723,132.2444414762662,133.70175170898438,12858900
CVX,2025-06-02,135.45249440182945,135.64810480285217,133.43766399135615,134.81674194335938,9076600
CVX,2025-06-03,134.63092149025684,137.50644096298407,133.60396304209874,136.4892578125,9001300
CVX,2025-06-04,136.3621114353894,137.54557917689652,134.3179548059965,134.35707092285156,8735600
CVX,2025-06-05,135.11995316265472,135.25688194881357,133.70175896512706,133.89736938476562,6342600
CVX,2025-06-06,135.0612686916514,137.52600171484698,135.0612686916514,137.13478088378906,6563500
CVX,2025-06-09,137.4673285079463,139.02245155427417,136.62619023791225,137.67271423339844,7159500
CVX,2025-06-10,139.10069681798362,141.7610403835727,138.7974984208373,140.20591735839844,9841500
CVX,2025-06-11,141.02748202014715,141.93707715949049,139.48213438128144,141.6045379638672,9256700
CVX,2025-06-12,141.3306820700757,142.0153259880137,140.28414321227768,141.79037475585938,6999400
CVX,2025-06-13,143.85409919657596,144.36269822609705,141.3698006064722,142.7097625732422,14148000
CVX,2025-06-16,142.53369484515687,143.64869058996985,140.58735113331358,142.82711791992188,10105100
CVX,2025-06-17,144.09861532827398,146.69048695228753,143.28681791370485,145.5852813720703,11330300
CVX,2025-06-18,146.1623267238713,146.8763114153359,144.4604848660134,144.9397430419922,9841900
CVX,2025-06-20,145.26252012701883,146.61224248608255,144.65610841729364,146.26992797851562,23705900
CVX,2025-06-23,148.7835429124657,148.81288372767807,143.11076641768497,143.638916015625,10540600
CVX,2025-06-24,141.3697965466487,143.17922645264244,140.02007424523362,140.40151977539062,10778400
CVX,2025-06-25,140.26459131375563,141.03725767307813,139.38432206391653,140.08853149414062,7386100
CVX,2025-06-26,140.54822820420824,141.89796547151184,140.2548051125181,141.27200317382812,7415700
CVX,2025-06-27,141.37958619032824,141.49694945324532,139.44301773160703,140.63624572753906,9213500
CVX,2025-06-30,139.90270420586458,140.93946781468327,139.27674189109564,140.04942321777344,6980300
CVX,2025-07-01,140.1961124889853,143.06185640194266,139.38431513273096,142.37721252441406,8508200
CVX,2025-07-02,143.7856183378144,144.76368529727634,142.27940178685475,144.73434448242188,8228700
CVX,2025-07-03,144.59742462363727,145.7124204292306,144.12795663289225,145.1157989501953,5173300
CVX,2025-07-07,144.1670684814453,144.9201842431518,142.38699431864205,144.1670684814453,9460900
CVX,2025-07-08,144.0888427469443,149.87899780273438,144.0301461885899,149.87899780273438,14082100
CVX,2025-07-09,149.5855712075185,150.58320373854085,149.13565381537333,149.663818359375,9495900
CVX,2025-07-10,149.43885222500708,151.87424445802822,148.35319724451793,150.78858947753906,8395100
CVX,2025-07-11,150.90596237584174,152.4708756648745,150.2017678123081,151.90359497070312,8333200
CVX,2025-07-14,151.50257024531575,151.50257024531575,147.8250437486098,148.3238525390625,10706300
CVX,2025-07-15,148.27496276223337,148.96938197281924,146.9545663462142,147.38491821289062,7346300
CVX,2025-07-16,147.45337813253772,148.1575875788137,145.947161492742,146.63180541992188,7923400
CVX,2025-07-17,145.88847405001474,148.50968638801268,145.34075893008188,148.05978393554688,8359600
CVX,2025-07-18,151.61994499450017,152.49042399581967,143.31615109436532,146.74916076660156,45782600
CVX,2025-07-21,147.88373025629906,148.34342294906006,145.85913928794426,146.39706420898438,17982200
CVX,2025-07-22,145.98626972832685,147.6294299889999,145.22337869005213,146.74916076660156,26196500
CVX,2025-07-23,147.6000922595512,149.78117745692578,147.1697403983757,149.76161193847656,13162800
CVX,2025-07-24,149.34104086873626,152.57843999618115,148.86178270375848,152.41217041015625,15701000
CVX,2025-07-25,152.41218515278274,152.7740651735989,150.58320460547722,151.4438934326172,7875500
CVX,2025-07-28,151.99159126861795,153.11637716532735,151.55146414560846,152.852294921875,8755400
CVX,2025-07-29,153.24353178330932,153.76192102818945,152.0405135411748,153.5858612060547,6446000
CVX,2025-07-30,152.71537003978273,152.8816396271918,149.3508174086141,150.19195556640625,9191700
CVX,2025-07-31,148.66617635412948,150.55383840347076,147.82503818042431,148.31407165527344,10237100
CVX,2025-08-01,149.1943261717566,151.25804803578535,147.0523720848538,148.07933044433594,10706500
CVX,2025-08-04,147.93261924440097,148.744416565694,146.53399073512077,147.7272186279297,10116600
CVX,2025-08-05,147.71745560033486,149.7420614235428,146.6122351311952,149.68336486816406,8604100
CVX,2025-08-06,151.0917880867846,151.75688141659435,148.8813620086637,149.4290771484375,7840900
CVX,2025-08-07,150.41692281635932,151.74709458154592,149.47798681982675,149.80075073242188,6510400
CVX,2025-08-08,150.6125508087041,152.33394344866758,150.13329258022776,151.61016845703125,6332800
CVX,2025-08-11,151.93292717274159,152.5099831322508,149.6344786322136,150.08438110351562,6169700
CVX,2025-08-12,150.7103286881198,152.62734642514476,149.99634401258587,151.0526580810547,6641600
CVX,2025-08-13,151.17981882271306,152.58822272424402,150.8179238951588,152.4512939453125,6581900
CVX,2025-08-14,152.28503133564985,152.28503133564985,150.7201330652476,151.7568817138672,7337300
CVX,2025-08-15,152.0698551742996,155.06273784960212,151.8840200537607,153.11639404296875,11617000
CVX,2025-08-18,152.70559241000785,153.05769709682295,151.3558552898639,151.91336059570312,8174300
CVX,2025-08-19,151.7650325937077,152.23972674233127,150.17281452765823,150.32115173339844,8567500
CVX,2025-08-20,150.7364972820275,151.7946862208574,150.25190397028481,151.5276641845703,8076300
CVX,2025-08-21,151.13209701071264,153.95060945791496,151.04307959997124,153.83193969726562,7533600
CVX,2025-08-22,153.6044801002713,157.03613967084058,153.6044801002713,156.43287658691406,9084300
CVX,2025-08-25,156.15597773865449,156.5713520895504,155.4340448635105,156.45266723632812,7030000
CVX,2025-08-26,155.77028544544626,158.23278865132414,154.82089716408092,155.6219482421875,10270000
CVX,2025-08-27,155.66149740301873,158.2229020984693,155.473608645202,157.48118591308594,7483000
CVX,2025-08-28,157.25371403795992,157.75809069735735,156.10653781656058,157.560302734375,6502000
CVX,2025-08-29,157.9360881876995,159.32063404641053,157.6888494725997,158.82615661621094,6934800
CVX,2025-09-02,158.70747688086328,160.07223946103116,157.61963555355547,160.04257202148438,8947300
CVX,2025-09-03,158.2327839036474,160.06235650363502,155.28570252871313,156.314208984375,9556100
CVX,2025-09-04,156.31421171293925,157.8866464087686,155.76039937405002,155.94830322265625,7243000
CVX,2025-09-05,154.33630006706377,154.98901392605526,151.79469380802735,151.9628143310547,11011700
CVX,2025-09-08,152.21005468609042,153.31767936271325,151.1914323302131,152.29905700683594,9462000
CVX,2025-09-09,153.19901383721557,155.25604192942473,152.89244021933553,153.13967895507812,7769200
CVX,2025-09-10,153.33745352658838,156.17574913601428,153.28800276571002,156.04718017578125,7440800
CVX,2025-09-11,154.7714347176454,157.16470365452554,154.28684140648548,156.50210571289062,6417400
CVX,2025-09-12,157.09549709842963,158.01521794253554,155.36482596617233,155.3747100830078,5546300
CVX,2025-09-15,155.64172859387102,156.57134862388605,154.7714434440264,155.57249450683594,5030500
CVX,2025-09-16,156.5021173316189,158.33168998423574,156.37354836211745,157.77786254882812,8011000
CVX,2025-09-17,157.4416233102186,158.89538827813345,156.85814351772348,158.32179260253906,5736800
CVX,2025-09-18,158.2624452472438,158.5195680786915,156.34387040187363,157.08558654785156,6244200
CVX,2025-09-19,157.2438271553686,157.2438271553686,153.83193581061423,154.48464965820312,16734000
CVX,2025-09-22,153.9011575593435,155.38458991753868,153.4363475465553,154.326416015625,5244000
CVX,2025-09-23,155.3845849338883,158.06465928144817,155.2560310616741,155.6812744140625,7181400
CVX,2025-09-24,156.57134252066982,158.71737278128862,156.50210843633351,157.4218292236328,6285200
CVX,2025-09-25,157.67897835906254,159.23162977099264,157.58997603594815,158.94483947753906,6311000
CVX,2025-09-26,158.7964968625631,159.51842972032136,157.7481919839943,158.39102172851562,7015200
CVX,2025-09-29,157.37240196499943,157.37240196499943,153.84182564120252,154.37586975097656,8315100
CVX,2025-09-30,153.17922266317007,154.00994115103256,152.22981932685997,153.57479858398438,7755700
CVX,2025-10-01,153.11988887131238,153.377011712642,151.4980034400508,152.87265014648438,6768400
CVX,2025-10-02,152.25950499892195,154.87034536483839,151.6265744584045,151.67601013183594,7562400
CVX,2025-10-03,151.88370186487978,152.57596730651,150.54860665653558,151.85403442382812,7249300
CVX,2025-10-06,152.26938163620406,152.94186370048578,151.2309760108244,152.31883239746094,4778900
CVX,2025-10-07,151.95291231189492,153.24845588934105,149.6090940591963,153.19900512695312,5479600
CVX,2025-10-08,152.65507835901795,152.97153607882416,151.15186269173967,152.04193115234375,5678000
CVX,2025-10-09,152.42762150845647,153.25833999158266,149.88600020644054,149.96511840820312,6178600
CVX,2025-10-10,149.03550828462335,149.6783380577328,147.24550223550847,147.25538635253906,7796600
CVX,2025-10-13,148.3432353774125,150.30136185912315,147.7795238396563,150.26181030273438,5978800
CVX,2025-10-14,148.15532749592015,151.76502184593264,148.00699030068495,150.7068328857422,6419400
CVX,2025-10-15,151.21119937813512,152.50674298326626,149.37174264587563,150.429931640625,5824900
CVX,2025-10-16,150.45959087806136,151.0430706202377,148.57068348533446,150.0343475341797,5276800
CVX,2025-10-17,150.57827091246824,152.48696175786225,150.51893603162,151.38922119140625,7735500
CVX,2025-10-20,151.7353370538588,153.01109727487182,151.48809833865124,152.77374267578125,5676500
CVX,2025-10-21,153.03088886968504,153.57480200034084,151.5177890580421,152.09136962890625,6304900
CVX,2025-10-22,152.94186333564488,154.25717511262096,151.9133569191223,153.85171508789062,6036700
CVX,2025-10-23,156.45266549625217,156.8383573118618,154.3956374495825,154.83078002929688,9810900
CVX,2025-10-24,155.68128417670422,155.88897135292618,153.71325842204763,153.84182739257812,4979900
CVX,2025-10-27,154.07917164594875,154.7714370363674,153.15943577062177,153.56491088867188,4884400
CVX,2025-10-28,153.18911199146436,154.50442385379048,152.19027294876014,152.42762756347656,5066500
CVX,2025-10-29,152.16060755709225,154.42530772826973,152.16060755709225,153.3869171142578,7344400
CVX,2025-10-30,153.51546045861448,153.51546045861448,151.54744992233623,151.82435607910156,8971200
CVX,2025-10-31,154.00994064688766,157.42183199606825,153.39679344455635,155.97796630859375,11136100
CVX,2025-11-03,155.67139609815845,155.9779697060017,151.8738128631411,152.33860778808594,8512200
CVX,2025-11-04,151.73533707718863,152.06169399214323,150.46947606235162,151.69578552246094,6976800
CVX,2025-11-05,151.8342476457717,152.69463359720748,150.97386169433594,150.97386169433594,5894700
CVX,2025-11-06,151.2210955000424,153.0803204275478,150.99362501088825,151.25076293945312,6466300
CVX,2025-11-07,151.73535045676024,154.44509244727996,151.73535045676024,153.30780029296875,9835900
CVX,2025-11-10,153.70337649598392,154.2571888534632,150.6870608808683,153.9308319091797,8436800
CVX,2025-11-11,155.01867429020118,156.24498374897541,154.17805662317997,154.51431274414062,6361400
CVX,2025-11-12,153.86160428416346,154.06927636144863,150.4002621537054,151.62657165527344,11670900
CVX,2025-11-13,152.29905225443753,154.47474998287868,152.22981816918178,153.86160278320312,7998700
CVX,2025-11-14,154.50442732237764,156.20543104039592,153.1001131068518,155.8790740966797,8484800
CVX,2025-11-17,155.97796370462328,156.14608422212507,152.7341929299042,153.11000061035156,8745000
CVX,2025-11-18,152.5,154.27999877929688,151.75999450683594,153.6199951171875,10813400
CVX,2025-11-19,151.16000366210938,151.9600067138672,150.25,151.6999969482422,7539900
CVX,2025-11-20,152.5399932861328,153.0399932861328,150.0500030517578,150.30999755859375,7623400
CVX,2025-11-21,150.44000244140625,151.00999450683594,148.75,149.97999572753906,9248400
CVX,2025-11-24,149.82000732421875,150.1199951171875,147.74000549316406,149.75,14181100
CVX,2025-11-25,148.89999389648438,149.89999389648438,148.27000427246094,148.52999877929688,11447900
CVX,2025-11-26,148.25999450683594,150.4600067138672,148.1999969482422,149.50999450683594,7578900
CVX,2025-11-28,149.4600067138672,151.52000427246094,149.25999450683594,151.1300048828125,3848600
CVX,2025-12-01,151.75,153.9499969482422,151.5,152.5399932861328,8209000
CVX,2025-12-02,152.02000427246094,152.4600067138672,149.25999450683594,150.25,9196300
CVX,2025-12-03,151.0399932861328,152.5,150.97999572753906,151.58999633789062,8060200
CVX,2025-12-04,151.75,152.94000244140625,151.22000122070312,152.25999450683594,7254700
CVX,2025-12-05,152.0,152.6300048828125,149.8300018310547,150.0,12659800
CVX,2025-12-08,149.25,150.07000732421875,147.66000366210938,148.7100067138672,10237200
CVX,2025-12-09,149.0500030517578,150.10000610351562,148.22000122070312,148.49000549316406,8916700
CVX,2025-12-10,149.17999267578125,151.8000030517578,148.6999969482422,151.41000366210938,10976300
CVX,2025-12-11,150.8300018310547,151.94000244140625,150.10000610351562,150.72000122070312,8414200
CVX,2025-12-12,151.14999389648438,151.5500030517578,149.6300048828125,149.99000549316406,5848100
CVX,2025-12-15,149.83999633789062,150.10000610351562,148.42999267578125,149.8000030517578,7503000
CVX,2025-12-16,148.5399932861328,148.82000732421875,146.49000549316406,146.75,11290500
CVX,2025-12-17,147.5,149.8699951171875,147.35000610351562,149.52000427246094,8805300
CVX,2025-12-18,148.85000610351562,149.27000427246094,147.0800018310547,147.69000244140625,6998800
CVX,2025-12-19,147.9600067138672,149.00999450683594,147.19000244140625,147.75,21701400
CVX,2025-12-22,148.80999755859375,150.49000549316406,148.6999969482422,149.8000030517578,8143600
CVX,2025-12-23,150.0399932861328,151.0800018310547,149.85000610351562,150.50999450683594,4663700
CVX,2025-12-24,150.3800048828125,150.99000549316406,150.10000610351562,150.5,2227600
CVX,2025-12-26,150.3800048828125,151.13999938964844,149.64999389648438,150.02000427246094,3706900
CVX,2025-12-29,151.0,151.63999938964844,150.08999633789062,150.99000549316406,5589100
CVX,2025-12-30,151.5,152.6699981689453,151.47000122070312,152.30999755859375,5150500
CVX,2025-12-31,152.38999938964844,152.5500030517578,151.6699981689453,152.41000366210938,4953100
CVX,2026-01-02,152.1699981689453,155.89999389648438,151.25,155.89999389648438,6862100
CVX,2026-01-05,165.75,165.75,159.30999755859375,163.85000610351562,35094900
CVX,2026-01-06,164.8800048828125,165.0500030517578,156.11000061035156,156.5399932861328,20564900
CVX,2026-01-07,157.44000244140625,158.00999450683594,154.89999389648438,155.1999969482422,13537900
CVX,2026-01-08,155.5,160.44000244140625,155.2100067138672,159.25,12929600
CVX,2026-01-09,160.55999755859375,162.6999969482422,159.94000244140625,162.11000061035156,12549600
CVX,2026-01-12,162.6999969482422,163.55999755859375,160.7100067138672,162.33999633789062,9796800
CVX,2026-01-13,163.47000122070312,166.1300048828125,163.3000030517578,163.8699951171875,12068600
CVX,2026-01-14,164.10000610351562,169.3699951171875,164.10000610351562,167.24000549316406,16414900
CVX,2026-01-15,165.77000427246094,167.3300018310547,165.10000610351562,166.16000366210938,8097400
CVX,2026-01-16,166.58999633789062,167.2899932861328,165.80999755859375,166.25999450683594,9745800
CVX,2026-01-20,166.7100067138672,167.64999389648438,165.14999389648438,165.3000030517578,11142500
CVX,2026-01-21,167.0,168.47999572753906,166.05999755859375,166.72999572753906,10918500
CVX,2026-01-22,166.25999450683594,167.55999755859375,165.72999572753906,166.66000366210938,8957400
CVX,2026-01-23,167.9499969482422,168.44000244140625,166.44000244140625,166.72000122070312,8368700
CVX,2026-01-26,168.3300018310547,168.41000366210938,166.77000427246094,167.5,8912600
CVX,2026-01-27,167.77000427246094,169.35000610351562,166.64999389648438,169.0500030517578,9784900
