ticker,date,open,high,low,close,volume
DIS,2020-01-02,141.94721653656185,144.79026794433594,141.76160050657813,144.79026794433594,9502100
DIS,2020-01-03,143.0316740743746,144.4971625993486,142.68973569651277,143.12937927246094,7320200
DIS,2020-01-06,142.1914651778462,142.67019681335762,140.98976871825226,142.29893493652344,8262500
DIS,2020-01-07,142.63111444198861,143.49085754801737,142.0742216627961,142.3477783203125,6906500
DIS,2020-01-08,142.14262814494123,142.76790267804353,141.48804503276546,142.0546875,6984200
DIS,2020-01-09,143.10008501112677,143.2564073806162,141.28287846204648,141.49781799316406,6664200
DIS,2020-01-10,141.95699562626314,142.152391120486,140.94091520395122,141.29263305664062,5152500
DIS,2020-01-13,141.41965025049527,141.41965025049527,140.06163140743837,140.56967163085938,9921300
DIS,2020-01-14,140.11047373457168,143.3443159642081,139.016232186852,141.85928344726562,14839100
DIS,2020-01-15,142.35757640387885,142.35757640387885,140.61851612832484,140.9995574951172,6818200
DIS,2020-01-16,141.75183460684704,142.08400847046315,141.11679546124432,141.78114318847656,6948400
DIS,2020-01-17,142.19147564486676,142.28918085366408,140.69667837814328,141.0093231201172,10355300
DIS,2020-01-21,140.9213815913832,141.26331996842757,139.71967027021887,140.25701904296875,9250200
DIS,2020-01-22,141.12654957460768,141.45872341364003,140.23748291038498,140.69667053222656,7550000
DIS,2020-01-23,140.29611249304537,140.30587705011897,137.41397303021577,138.92831420898438,11082000
DIS,2020-01-24,138.14670829397804,138.9771577303227,135.99732816826918,136.85708618164062,13076300
DIS,2020-01-27,132.7341812599303,134.5611521838583,131.8939672426682,132.77325439453125,12831800
DIS,2020-01-28,133.35947594322852,135.73356055706054,132.73420134097577,135.1864471435547,10390000
DIS,2020-01-29,135.4111496792169,135.48929595073508,132.66578857201063,132.92958068847656,9382700
DIS,2020-01-30,131.9819073294629,134.6784160495017,131.72789465763216,134.6393280029297,11847300
DIS,2020-01-31,135.2157486182991,135.47954075298844,133.9065823179799,135.12782287597656,12379100
DIS,2020-02-03,136.57374581871568,138.5570538848266,136.53467268646668,138.0685577392578,12639900
DIS,2020-02-04,142.1426244458013,142.24031473759698,139.95415618303588,141.4001007080078,23519700
DIS,2020-02-05,143.22708174995665,143.91097340041,135.3818345212335,138.11740112304688,27824100
DIS,2020-02-06,138.6547562213231,140.63804955210463,137.97086453962615,139.41680908203125,9504600
DIS,2020-02-07,138.6254455025236,138.7231507017093,136.89616484943502,137.7754669189453,10948900
DIS,2020-02-10,137.78523568620386,139.30934143066406,137.22835777544532,139.30934143066406,8162100
DIS,2020-02-11,139.56336329069953,139.70014162351822,137.22835216833144,137.76568603515625,10790100
DIS,2020-02-12,138.08810433238457,138.94786242789434,137.6289167048029,138.5863800048828,8168200
DIS,2020-02-13,137.92202578475684,138.63522611671345,137.58008736344274,137.65823364257812,7543100
DIS,2020-02-14,137.85364965252316,138.0295011492904,135.9289732078275,136.32952880859375,9110500
DIS,2020-02-18,135.82147114103233,136.44674560485015,134.92264003102667,135.93870544433594,8214900
DIS,2020-02-19,136.41745100105845,138.6059043947052,136.02664510382107,138.0490264892578,7080900
DIS,2020-02-20,138.37144667445313,138.37144667445313,135.6554088323108,137.1404266357422,5981700
DIS,2020-02-21,136.6421513839311,136.66169540519525,135.39160236199018,135.7726287841797,7725800
DIS,2020-02-24,129.8422678019238,131.34684425858447,128.1911633743486,129.94973754882812,19336500
DIS,2020-02-25,130.67273713079064,130.85836807718383,125.03549410585636,125.24066162109375,21032500
DIS,2020-02-26,123.21828300698591,125.41650843235236,119.32007800104412,120.52178192138672,31195900
DIS,2020-02-27,117.05346156732995,120.07237207561721,115.20694645651629,115.32418823242188,30827500
DIS,2020-02-28,111.87539794759776,115.58796446707242,110.60530488991472,114.94315338134766,35389900
DIS,2020-03-02,116.38910158578352,117.21955108642578,113.36042664547664,117.21955108642578,21775900
DIS,2020-03-03,118.3626282373269,118.97813075286686,112.50067396180624,113.77075958251953,19529700
DIS,2020-03-04,116.22301062177428,116.49656729082902,112.82308137229353,116.43795013427734,13842100
DIS,2020-03-05,114.17134060992505,114.26903836612668,109.53062637866819,111.35760498046875,22397200
DIS,2020-03-06,108.21168187171321,113.20411370402306,107.78180282427813,112.61791229248047,22899600
DIS,2020-03-09,106.18930075437261,107.88926535385264,101.88076091920175,101.94915008544922,26233600
DIS,2020-03-10,105.61288128206716,109.01281825325047,100.07333593573011,108.89557647705078,24083700
DIS,2020-03-11,105.92551002079902,106.39446963391077,100.4934348773304,103.08246612548828,24771300
DIS,2020-03-12,95.3740090155965,97.69924844520231,89.53159067887451,89.69767761230469,40392900
DIS,2020-03-13,98.46129023947229,100.50320817673254,90.12754648353142,100.1612548828125,40960100
DIS,2020-03-16,89.68790616363846,96.01881280233026,87.92931684519043,92.82405090332031,35379500
DIS,2020-03-17,93.59587444553634,95.21767794562732,89.05285831689824,91.37809753417969,27526200
DIS,2020-03-18,85.57476013516698,87.28449682311978,77.25078822551828,86.75692749023438,43592500
DIS,2020-03-19,85.97533727702225,95.15906797693091,83.1518296377562,92.74589538574219,30866800
DIS,2020-03-20,93.78150504748508,94.75849751685237,83.86502999263489,84.00181579589844,31957800
DIS,2020-03-23,82.54608830380536,85.27189807731436,79.22431255183055,83.78687286376953,32246600
DIS,2020-03-24,90.20570144411846,96.88832524243294,89.68789671431371,95.86248779296875,32538100
DIS,2020-03-25,98.34405590036461,103.48303041850883,93.3125436857605,98.41244506835938,28533000
DIS,2020-03-26,98.51014629918761,105.25139540595498,98.48083771956185,102.93592071533203,24520300
DIS,2020-03-27,98.13888257761883,99.15495555751293,93.34185381952479,94.18206787109375,30591500
DIS,2020-03-30,93.79127108613983,98.14865632755348,89.9809992074933,97.50384521484375,23119200
DIS,2020-03-31,97.91417946376998,100.78653950333769,93.94759270730829,94.3774642944336,21563200
DIS,2020-04-01,91.34879463280282,95.15906670184165,90.43041933895948,92.73612213134766,18303900
DIS,2020-04-02,92.03267955980188,95.02228132244515,92.03267955980188,94.73895263671875,13936500
DIS,2020-04-03,94.09414673611214,94.6901127665818,90.57697517282095,91.72005462646484,14814600
DIS,2020-04-06,95.02228772737784,97.88487590262532,92.34532304891376,97.28890991210938,20407400
DIS,2020-04-07,102.44742063329677,103.45372158294593,97.94348520606563,98.91070556640625,22899600
DIS,2020-04-08,98.21704448795762,99.99517035252723,96.38030146479728,98.74462127685547,22562500
DIS,2020-04-09,105.43702313561175,105.50541230877604,101.14802688778863,102.09571075439453,31453600
DIS,2020-04-13,102.3008732881964,102.45719565001681,97.31821354000789,101.11871337890625,17306000
DIS,2020-04-14,103.0726951140502,105.16345819114487,101.50950881162339,103.59049987792969,19866900
DIS,2020-04-15,101.98823581424305,102.46696000210389,100.33711627665755,100.99170684814453,14157600
DIS,2020-04-16,101.14801285842131,101.3336437829175,98.56875375131328,99.6727523803711,18029300
DIS,2020-04-17,103.76635415952248,104.33301149812696,101.94914783493563,104.17668914794922,17926900
DIS,2020-04-20,101.19687145125077,102.44742049195786,99.6532217180641,99.90724182128906,17021000
DIS,2020-04-21,97.70901709309979,99.17450576932245,96.84925896591155,98.22682189941406,16101400
DIS,2020-04-22,99.45783471497622,100.26873278617897,98.56876800473181,98.66646575927734,11463800
DIS,2020-04-23,98.33429314152541,100.17103629324143,97.17166972236643,98.67623901367188,17132200
DIS,2020-04-24,99.43828411400874,99.57506245209692,97.23027922880468,98.86186218261719,13614100
DIS,2020-04-27,99.65322523561494,104.06922762322003,99.27219879425819,103.61981201171875,15518300
DIS,2020-04-28,106.28701512323758,107.52779232033377,103.54166857950126,103.76637268066406,16503700
DIS,2020-04-29,107.41054649394263,110.10704014244446,106.06229221583126,109.66739654541016,20139800
DIS,2020-04-30,106.92205669650646,107.77203536217223,104.40141437282949,105.66173553466797,18638700
DIS,2020-05-01,103.91291457954992,104.45026339308725,102.06639949864623,103.07270050048828,13209100
DIS,2020-05-04,99.66299673164232,101.44112260007061,98.23658872324253,100.80607604980469,19514800
DIS,2020-05-05,99.17450673130334,102.76006727164769,98.57854073421646,98.73485565185547,30169800
DIS,2020-05-06,99.14519188071128,102.84798651167512,96.58546911321969,98.55899047851562,51992400
DIS,2020-05-07,99.5066773659186,103.18017098467519,99.48714079704457,103.1410903930664,20868800
DIS,2020-05-08,106.54102114853251,106.66802747350327,104.17669394335009,106.64849090576172,24079700
DIS,2020-05-11,105.90597628311583,106.30653928593557,103.96176351930409,105.29046630859375,20555900
DIS,2020-05-12,106.55079338339833,106.92205528198295,102.08593821976424,102.15432739257812,17049700
DIS,2020-05-13,102.09570512967821,102.13478571988487,99.26242569750836,100.55205535888672,21085800
DIS,2020-05-14,99.63369359414999,103.48303878870303,97.36707140231103,103.47327423095703,22002200
DIS,2020-05-15,102.56465717525099,106.86341742611272,101.87098606769425,106.541015625,29766000
DIS,2020-05-18,111.83631336394069,117.02414025825234,111.83631336394069,114.16155242919922,40044600
DIS,2020-05-19,112.45181717953069,113.79029937272321,110.81046974526761,111.73861694335938,20332600
DIS,2020-05-20,113.74145341885425,118.08907407116214,113.37019899024473,117.16092681884766,25749900
DIS,2020-05-21,116.59427174104627,117.5321910229687,113.81961684809599,115.1190185546875,17578300
DIS,2020-05-22,114.79660135093684,115.8419828693399,114.14201826407495,115.30463409423828,9288200
DIS,2020-05-26,118.26493390256323,119.69134192296727,117.65919592655855,118.16722869873047,16466400
DIS,2020-05-27,120.83442189675522,120.93211964724976,116.95576082585127,118.73388671875,19345400
DIS,2020-05-28,118.80228538021278,119.17354729715575,113.33112892297912,114.06387329101562,18606000
DIS,2020-05-29,113.5167569443027,115.04086280514814,111.49438283900358,114.6012191772461,17745100
DIS,2020-06-01,114.56213840882634,116.89714980133692,114.2397291067991,116.03739166259766,10538300
DIS,2020-06-02,116.26209324886925,117.0925352813034,115.11901395291189,116.0178451538086,10753100
DIS,2020-06-03,117.22931134546792,119.632711659806,116.57472825232246,119.36892700195312,12584300
DIS,2020-06-04,119.14421283773291,121.63554628536266,119.04651509454077,120.84418487548828,14195100
DIS,2020-06-05,123.40391306381174,124.87917373950857,121.42061959756188,121.94819641113281,16581600
DIS,2020-06-08,122.2217492610781,124.50791538136481,121.08844193906684,124.35159301757812,13858100
DIS,2020-06-09,122.73955363242983,122.89587599568868,120.66833449627367,121.03958892822266,10882800
DIS,2020-06-10,121.16658936889472,121.24475054672527,118.14768655032644,119.36892700195312,11497100
DIS,2020-06-11,114.89431316079462,115.2851116401776,109.66740492889775,110.04843139648438,26078800
DIS,2020-06-12,112.52021794081091,114.30811590153067,110.29267636201419,112.83285522460938,18361900
DIS,2020-06-15,109.50131406301134,115.4023492734585,109.13982417814563,114.38627624511719,14156400
DIS,2020-06-16,118.45055529931172,118.7045754078415,113.37996986286109,115.71498107910156,12951200
DIS,2020-06-17,115.91037373686493,116.48680310896607,114.44488518747382,114.94315338134766,8921600
DIS,2020-06-18,114.19087470082806,115.80291373167518,113.26273485626864,115.64659881591797,9577300
DIS,2020-06-19,117.21954997823232,117.3563283162275,111.71907806396484,111.71907806396484,23496300
DIS,2020-06-22,111.5627674826767,113.51675233419508,110.50761387393023,113.25296020507812,12868000
DIS,2020-06-23,114.26903688959243,114.74776110649724,113.3018164441306,113.90754699707031,10187600
DIS,2020-06-24,113.18457700236824,113.3311273647328,107.49848108274041,109.49154663085938,22252500
DIS,2020-06-25,106.4823997752422,108.94442480171212,106.00367558548545,108.7978744506836,17240400
DIS,2020-06-26,108.39730880020603,108.64155691147631,105.53472063796393,106.58987426757812,15270900
DIS,2020-06-29,106.49218291473939,109.00305335136366,105.61288817054267,108.9542007446289,12584300
DIS,2020-06-30,108.934647850185,109.47199662829948,107.4007701472202,108.94441986083984,10565900
DIS,2020-07-01,110.22428116999193,112.94031882227274,109.70647639577643,110.409912109375,11930900
DIS,2020-07-02,112.35411707441216,112.4518148158788,109.42314010725359,109.5989990234375,10312000
DIS,2020-07-06,111.21103966927352,111.8949313246112,110.30243649640488,111.79723358154297,11933400
DIS,2020-07-07,111.0156478881836,112.43229139357918,110.0191188825439,111.0156478881836,10836500
DIS,2020-07-08,110.86910076146222,114.43511705611475,110.21451018894295,113.97593688964844,13629500
DIS,2020-07-09,113.82938904585181,115.1385553120014,112.72538283976681,114.12248229980469,13582900
DIS,2020-07-10,114.14202325505401,116.69197400138076,113.53628528698566,116.59426879882812,14207900
DIS,2020-07-13,117.18047947250052,117.36610297354802,113.2236569795052,113.54606628417969,15620200
DIS,2020-07-14,112.57883230719695,116.3402513818668,111.90470519724614,115.92991638183594,12425100
DIS,2020-07-15,118.83158560886582,119.28100122853917,116.94598993618165,118.1183853149414,15314200
DIS,2020-07-16,115.01154153370388,117.22931090584254,114.89429976739773,116.68219757080078,10210100
DIS,2020-07-17,116.16439885895575,116.80920997254458,114.36672895134643,115.92015075683594,9843500
DIS,2020-07-20,115.33396091824878,115.76383252469459,114.13225693323747,115.07994079589844,8947900
DIS,2020-07-21,115.33395326544674,117.620111853323,114.95292683413403,115.89083862304688,8946300
DIS,2020-07-22,115.4707346821299,116.55519684751863,115.21671456985906,116.2914047241211,7063300
DIS,2020-07-23,116.12532370845845,116.60404792395988,114.31788915886821,115.40235137939453,7255800
DIS,2020-07-24,113.0380165791828,115.49026956598216,112.87192966175385,114.9040756225586,8233300
DIS,2020-07-27,114.50351009528151,114.71844962302637,113.01848487773812,113.63398742675781,9413000
DIS,2020-07-28,112.80354515327987,114.15179202424551,112.04149224995751,113.5069808959961,6821100
DIS,2020-07-29,113.54606978233271,114.02479402126224,112.46160750873433,112.95010375976562,9496500
DIS,2020-07-30,112.26620282681358,113.61444968622739,110.76163360197523,112.99894714355469,9713500
DIS,2020-07-31,112.56906078070601,114.35695858635005,111.49437067672976,114.2494888305664,9601000
DIS,2020-08-03,113.49720625394392,114.42535351390529,112.69607277749944,113.67306518554688,10229200
DIS,2020-08-04,113.29203662610388,115.62704784140384,113.09664112968915,114.59143829345703,17293900
DIS,2020-08-05,120.53155781776726,127.31188015963549,120.44362462375621,124.67400360107422,53000200
DIS,2020-08-06,124.03894410998079,128.6015039114199,122.72000596814406,127.81014251708984,27238000
DIS,2020-08-07,127.22395657795002,128.9043847653671,125.69985075860001,126.94062042236328,16088600
DIS,2020-08-10,126.76476251486751,128.29864772181313,125.53375747109799,125.82684326171875,8529200
DIS,2020-08-11,127.52681269834066,129.7055015064576,127.00900793552883,127.48773956298828,13885700
DIS,2020-08-12,127.66358586181624,129.93997977767484,127.4877343982738,128.7578125,12204200
DIS,2020-08-13,127.63428521118878,129.30494875719663,127.4486542718856,127.94692993164062,6468600
DIS,2020-08-14,127.01878469645531,128.06417378714883,126.75500746511182,127.52682495117188,6507600
DIS,2020-08-17,127.10672413559122,127.14579727432509,125.58260338597886,126.39350891113281,7492200
DIS,2020-08-18,126.4618899798466,126.60843286672149,125.40673647118767,125.95384979248047,6714600
DIS,2020-08-19,126.27625893820584,127.22394269306761,124.49813319173715,124.83030700683594,7624200
DIS,2020-08-20,123.88264185653841,125.49467338669707,123.61884972893603,125.1722640991211,4918100
DIS,2020-08-21,124.78146835676746,125.35789028491862,124.30274417615,124.5079116821289,6064700
DIS,2020-08-24,125.2015744844356,127.86877456346319,124.98664241014639,127.68314361572266,7613600
DIS,2020-08-25,127.81991341985349,128.0739260690035,126.33488084487382,126.8038330078125,5494400
DIS,2020-08-26,127.00900358647363,129.54918962129108,126.54005143970055,129.1388397216797,8447800
DIS,2020-08-27,129.9399827410117,133.22267763814605,129.76413127345887,130.65318298339844,13667600
DIS,2020-08-28,131.40548894266854,133.65257463475675,130.5066576473777,132.4215545654297,11020100
DIS,2020-08-31,132.13822236547225,132.42154360264425,128.23025275762095,128.8359832763672,11617500
DIS,2020-09-01,128.88483828285774,130.53595785821832,127.87853728267724,130.4773406982422,7351200
DIS,2020-09-02,130.55549272432197,132.79279865025262,130.19399541695378,132.27499389648438,8187800
DIS,2020-09-03,132.12846922570287,134.08245419847606,128.98255222692026,130.1744842529297,12079200
DIS,2020-09-04,130.67274852524775,131.7767548346613,126.4423691578962,128.9532470703125,11248300
DIS,2020-09-08,128.95323606182438,133.9847411077477,127.84922984665772,131.1123809814453,17257300
DIS,2020-09-09,131.1905488205918,132.43133344245115,129.21701983985614,130.29171752929688,8891800
DIS,2020-09-10,130.50664032881085,133.60370429951485,129.68597032997928,130.15492248535156,9853400
DIS,2020-09-11,130.66297026241529,130.66297026241529,128.0739314316346,128.71875,7165300
DIS,2020-09-14,129.48080423195447,129.8715952368719,127.88830181685941,128.23025512695312,8391900
DIS,2020-09-15,128.4354137408167,129.4905523012868,127.9957552816149,128.22047424316406,7289100
DIS,2020-09-16,129.12907975763022,130.54571571262625,128.3767914585472,129.05091857910156,6601000
DIS,2020-09-17,127.54637782982967,128.73830990957816,125.64124537702607,127.22396850585938,6723500
DIS,2020-09-18,126.52051081057228,127.7808243974737,125.17225658127096,125.6705322265625,9916300
DIS,2020-09-21,123.08150542415397,123.9705646292027,120.746486738334,122.52462005615234,10352700
DIS,2020-09-22,122.37807091404399,124.53722323774764,121.83095009782903,124.283203125,6978800
DIS,2020-09-23,124.14642076942118,124.37113229532686,120.07236435537456,120.44361877441406,8323600
DIS,2020-09-24,119.12468533943968,120.95166383704422,118.00114257254619,119.67179870605469,8480000
DIS,2020-09-25,118.56779726162354,121.33268751926164,118.19654283614035,121.14705657958984,6851800
DIS,2020-09-28,122.85679435774806,123.94125651856665,122.48553992896332,123.09127044677734,6283700
DIS,2020-09-29,123.02287956322124,123.38436942974546,120.83441870375822,122.51484680175781,7405800
DIS,2020-09-30,120.40454980589784,122.66140747816485,120.40454980589784,121.22522735595703,13642500
DIS,2020-10-01,122.06544102686048,122.58324584096644,119.60341583959689,120.47293853759766,8908300
DIS,2020-10-02,119.18329456020658,120.83441401515175,118.8902013278404,119.73041534423828,6490200
DIS,2020-10-05,120.42409303797125,120.75626689743183,119.51548974951722,120.53156280517578,5919200
DIS,2020-10-06,120.2970700921257,121.33268709238436,117.8350525532236,118.14768981933594,9052000
DIS,2020-10-07,119.14422637886771,120.47293670810123,118.14769735887302,120.08214569091797,10187800
DIS,2020-10-08,120.7367272668283,120.90281419234776,119.6034124609903,120.25799560546875,7404600
DIS,2020-10-09,121.0005164387623,122.66140811721706,120.49248363187773,122.10452270507812,11502200
DIS,2020-10-12,122.02636027634011,123.04243333362962,120.88328088208728,122.0947494506836,10958200
DIS,2020-10-13,126.81361282440912,128.33771853898023,124.95732582746261,125.9929428100586,22389000
DIS,2020-10-14,126.16880879140854,126.52052668196845,122.40738921866277,123.67747497558594,11531500
DIS,2020-10-15,122.1240534393078,124.46883675611464,121.56716805377899,124.42975616455078,7744000
DIS,2020-10-16,124.86940272894374,125.17226800340153,123.42345807618315,123.89241027832031,6291700
DIS,2020-10-19,124.43952057543403,124.46882915385164,120.86372493127914,121.37176513671875,6576900
DIS,2020-10-20,121.71371290114752,122.83725563272112,120.79533767560488,122.0751953125,6161200
DIS,2020-10-21,121.4987831261458,124.62515602185678,120.99074287192967,123.716552734375,6591500
DIS,2020-10-22,123.75562991729699,125.15273685096447,123.07173819453595,124.62515258789062,5177700
DIS,2020-10-23,125.15273218606808,125.54352318230204,123.44298803517238,125.39698028564453,5439900
DIS,2020-10-26,124.1855029814325,124.1855029814325,120.12121107125229,121.20567321777344,8578900
DIS,2020-10-27,121.17637430538726,121.74303172431343,120.19938183987081,120.47293853759766,6813800
DIS,2020-10-28,118.2258548546443,118.73388763344602,115.59774285908954,115.74429321289062,11654700
DIS,2020-10-29,115.44142826714862,119.80857813624718,114.53282501570168,118.74365997314453,9583700
DIS,2020-10-30,117.86436119492828,118.94882334286405,116.35002001066184,118.4603271484375,8090200
DIS,2020-11-02,119.4275510949698,120.10167824865755,117.05345922096146,117.36609649658203,9186000
DIS,2020-11-03,118.81205510704856,122.19244816544405,118.57757900086777,121.1666030883789,8144900
DIS,2020-11-04,120.73672720300897,123.9412612050683,120.5706402775773,122.19244384765625,7483000
DIS,2020-11-05,123.86310437480314,125.6607669449547,122.90565592665838,124.0389633178711,7654800
DIS,2020-11-06,123.35506266163672,125.09410048928108,121.74302370889711,124.52745056152344,6259700
DIS,2020-11-09,137.03294737110258,144.28222912213818,134.8933465576693,139.30934143066406,35634700
DIS,2020-11-10,136.7496298889764,139.09440572821168,134.50254434687184,138.84039306640625,18115400
DIS,2020-11-11,138.2151254263015,138.732930240921,133.47670600075875,134.64910888671875,9600900
DIS,2020-11-12,133.20313403531998,135.30367654213725,131.01468070217038,132.40200805664062,13768200
DIS,2020-11-13,137.65822034495645,137.9415564834101,133.379003858862,135.17666625976562,21062300
DIS,2020-11-16,138.31282413999273,141.40988832436693,138.31282413999273,141.34149169921875,16382500
DIS,2020-11-17,141.07767933035416,141.49779376295106,139.28001711222385,141.17538452148438,9354900
DIS,2020-11-18,141.17541961671702,142.13286811538774,140.05188417801222,140.58921813964844,9456200
DIS,2020-11-19,139.28981535815578,140.00301564487475,138.43982182232133,138.45936584472656,8892500
DIS,2020-11-20,138.44960010365455,139.3288873039973,137.61915059732559,137.82432556152344,8481600
DIS,2020-11-23,139.17257100628564,144.35063395368113,138.43982667149538,142.62135314941406,12887000
DIS,2020-11-24,144.75119129660808,148.36606003860206,144.44832605095232,148.00457763671875,16711700
DIS,2020-11-25,146.81266417652435,146.81266417652435,143.85237815408152,145.65980529785156,9552000
DIS,2020-11-27,145.5718746707221,146.89082043787437,143.15870213289173,143.74490356445312,5306400
DIS,2020-11-30,143.67650494472588,145.2690073824607,142.92421659645757,144.60464477539062,9710100
DIS,2020-12-01,146.12875327821303,147.91663616399362,145.57186048173827,146.00173950195312,8825500
DIS,2020-12-02,146.05060167937967,150.4665966674938,144.92705145600263,150.0758056640625,10601900
DIS,2020-12-03,149.91948501261507,150.88671288258288,148.62986276037935,149.71432495117188,9063200
DIS,2020-12-04,150.15395384438781,151.12116671183125,149.2941958220204,150.59359741210938,6033300
DIS,2020-12-07,149.65569932189197,150.33960597671768,148.75686803888107,150.14419555664062,6815500
DIS,2020-12-08,148.91318021054659,151.31658808026205,148.7470932910365,150.1832733154297,7900600
DIS,2020-12-09,152.6941444311837,153.8372387238159,150.34936849922224,150.87693786621094,10804300
DIS,2020-12-10,149.7924761616917,151.76599000021815,148.99133526880286,151.13095092773438,8993200
DIS,2020-12-11,165.7760514813925,175.3212707244157,161.52614378840434,171.67709350585938,87410700
DIS,2020-12-14,169.8012814571434,173.2207548441664,164.92608403286536,165.40481567382812,30939400
DIS,2020-12-15,166.56742873860483,170.455854061891,163.95886099029872,169.93804931640625,18802600
DIS,2020-12-16,169.98692596290223,170.82714008707285,167.6714436616601,169.13693237304688,11105800
DIS,2020-12-17,169.82081419836413,170.81733564282624,168.00360786566515,169.55702209472656,9004600
DIS,2020-12-18,169.60588735298768,171.79434079772236,168.3162502235796,168.91221618652344,21172100
DIS,2020-12-21,166.17663124729984,167.9840731232962,164.3203516782123,166.76283264160156,11424200
DIS,2020-12-22,166.08870723365087,167.5053432255702,165.26803719929055,166.52835083007812,6419200
DIS,2020-12-23,168.98060019705773,171.90179772698082,168.33578168048584,169.55702209472656,9994000
DIS,2020-12-24,169.98692247650004,170.56334444663656,168.41396402889714,169.73289489746094,2721000
DIS,2020-12-28,171.7064108881518,175.78046732627277,171.02251920328507,174.74485778808594,13145400
DIS,2020-12-29,175.8684053481775,176.0540362986918,172.16561052648683,173.22076416015625,6875400
DIS,2020-12-30,174.3931561336214,179.180413280083,174.2661423418766,177.00172424316406,11680400
DIS,2020-12-31,177.05056265341895,179.1803989144691,176.1224228616061,177.011474609375,7073500
DIS,2021-01-04,178.06662203363751,178.3890313011228,170.70987076095753,173.5919952392578,13426600
DIS,2021-01-05,172.14606525510268,176.1908133676458,172.14606525510268,174.33453369140625,7771800
DIS,2021-01-06,174.21730406012819,177.43160272064722,173.2012235450217,174.99888610839844,7517800
DIS,2021-01-07,175.37014474146403,175.8097883623356,173.49432102674933,174.4713134765625,7300800
DIS,2021-01-08,174.6960001809807,175.87816748700877,172.5368554300851,174.57876586914062,7894500
DIS,2021-01-11,173.66040767184222,177.08964579832917,173.26961665564124,174.96957397460938,6461300
DIS,2021-01-12,173.2207604049549,174.217296855326,170.8368964962388,171.94090270996094,8349800
DIS,2021-01-13,170.38745833314667,173.64084461809637,169.74265471785614,172.06788635253906,6839500
DIS,2021-01-14,172.9374234827236,174.24660465982265,169.41048023827787,169.43978881835938,8951200
DIS,2021-01-15,168.97081267566102,170.18228847559942,166.25477531651777,167.4955596923828,12232500
DIS,2021-01-19,168.14039969761296,169.71335807377412,167.4955811292614,168.2967071533203,7834700
DIS,2021-01-20,171.1886082657044,173.78741160850666,169.0196839609862,169.64495849609375,9809200
DIS,2021-01-21,169.25417565764644,170.97367698511698,167.0852512484175,167.33926391601562,8416400
DIS,2021-01-22,169.99668047593858,171.21792099659905,167.93522588075484,168.80474853515625,9517200
DIS,2021-01-25,167.9352264404297,169.12715838518434,164.88701486117318,167.9352264404297,7833700
DIS,2021-01-26,169.01968497205434,169.36163827468155,165.16056797880307,165.65882873535156,7523200
DIS,2021-01-27,161.2134933052019,162.51289484707493,156.82680743957786,159.279052734375,18239200
DIS,2021-01-28,162.3468275745295,168.90245322900287,162.1318880509257,167.9254608154297,14449100
DIS,2021-01-29,164.9163217562245,165.90307872334554,161.97556506177716,164.30081176757812,12848800
DIS,2021-02-01,166.90939367633217,167.77891639749123,164.1640471603487,167.03640747070312,8140400
DIS,2021-02-02,169.77195722148275,175.62413159464398,168.82427349185707,172.88856506347656,12215200
DIS,2021-02-03,172.92765086768313,174.32474281220766,171.71617495245212,172.37075805664062,5508600
DIS,2021-02-04,173.50408405736297,177.20689375788857,172.42940131666037,176.08334350585938,9035400
DIS,2021-02-05,177.5293074557041,178.12527345593543,175.2040606174701,176.99195861816406,6640500
DIS,2021-02-08,179.62005802366735,186.25382983517758,179.0827092241557,185.62855529785156,16085700
DIS,2021-02-09,183.84064218367382,184.8957956731391,181.7596437815851,183.87973022460938,11270800
DIS,2021-02-10,185.60901298217863,186.31244870660262,181.5349564410602,185.26707458496094,11464600
DIS,2021-02-11,184.82741630457573,186.84979774172163,183.74296904478106,186.5176239013672,17507900
DIS,2021-02-12,188.55954444298183,189.38999399558628,182.2677106265919,183.3521728515625,27233800
DIS,2021-02-16,182.99068560578405,184.10445638262863,180.6068216850273,182.0625457763672,11630700
DIS,2021-02-17,181.09531332945878,183.31309026961253,177.96894060564003,182.1504669189453,11391800
DIS,2021-02-18,180.5384216786011,182.1113800619286,178.6332894522656,178.78961181640625,12380900
DIS,2021-02-19,180.03041284800108,180.52867365815513,178.58445320882802,179.42466735839844,8834500
DIS,2021-02-22,177.55860008764884,189.55606529302986,177.3534251289375,187.34805297851562,18799600
DIS,2021-02-23,189.1359616627037,194.36287714610313,184.31939612025437,192.55543518066406,23191400
DIS,2021-02-24,193.0341558995328,195.9846770562537,190.83592304828844,192.96575927734375,16205900
DIS,2021-02-25,193.18069702865242,193.40541600717472,185.99981205814444,186.58599853515625,12712000
DIS,2021-02-26,185.69694389154034,187.201505557393,181.18322907854187,184.6906280517578,15844000
DIS,2021-03-01,188.7842360890863,192.36979638558196,186.98657366225902,190.4939727783203,10709900
DIS,2021-03-02,191.5882124000092,193.405418829937,189.0382616823319,189.4779052734375,8371400
DIS,2021-03-03,190.15204535459702,192.28188174034565,187.7877254140185,187.83656311035156,8750300
DIS,2021-03-04,185.5308282170545,188.05147009120864,179.8838140249368,183.703857421875,12542600
DIS,2021-03-05,184.79808954348445,186.18543174300373,179.1217666054672,185.6187744140625,10266400
DIS,2021-03-08,192.7703556533148,198.3489884577074,189.3313384524658,197.2645263671875,25093200
DIS,2021-03-09,195.58409902622267,197.05935209357048,189.89799644891482,190.03477478027344,23331000
DIS,2021-03-10,192.77037655153373,194.22610065844725,190.20088165586034,190.5721435546875,13662100
DIS,2021-03-11,192.83874600684553,194.47032136790776,190.90429050863037,192.22323608398438,11933900
DIS,2021-03-12,192.00831509105464,193.8450655726804,190.689369388573,192.6238250732422,13249100
DIS,2021-03-15,193.97206222644417,193.97206222644417,190.32788479200727,192.23301696777344,10311400
DIS,2021-03-16,191.588233238912,192.0669500180368,188.4423162287106,189.77102661132812,9680700
DIS,2021-03-17,188.9894118011834,191.6761408949275,187.3676008431067,190.7480010986328,14418700
DIS,2021-03-18,190.46466223611424,190.59167601647607,187.32852503250817,187.85609436035156,9644500
DIS,2021-03-19,186.52738531068297,189.53652366082252,185.39407056042506,186.74232482910156,28354600
DIS,2021-03-22,188.81355101735727,191.81292492303402,187.58254592649433,188.42276000976562,8838500
DIS,2021-03-23,187.18197046870307,187.91471476921413,183.64526274870698,184.3877716064453,10701200
DIS,2021-03-24,185.6871674150507,186.11704644298896,180.39187055977243,180.47003173828125,13549100
DIS,2021-03-25,177.66607059158153,183.39124654517917,176.8453856610103,182.60964965820312,9609200
DIS,2021-03-26,184.48546150632197,184.6320043911799,178.36949495216214,181.6424102783203,10196100
DIS,2021-03-29,180.97807232714783,181.66196400589448,178.93614694012643,180.5970458984375,7544700
DIS,2021-03-30,179.60051422122504,182.03323065777784,179.33672209973835,181.2613983154297,5929700
DIS,2021-03-31,181.55450061106745,182.5998747335598,180.17693774063935,180.27464294433594,8478000
DIS,2021-04-01,182.14068439518675,184.74926719933688,181.32001436416377,184.62225341796875,7749400
DIS,2021-04-05,187.0647393509879,187.2601348529224,183.76250020972645,184.16307067871094,7405300
DIS,2021-04-06,184.16308005094035,186.87911791689882,183.54757002618769,185.36477661132812,7926200
DIS,2021-04-07,185.43317369872702,185.95097851496126,182.64873919747188,183.2447052001953,6238700
DIS,2021-04-08,182.89298941252133,183.7234389842371,181.35911896977896,183.01023864746094,7763000
DIS,2021-04-09,183.84064956215735,183.88950216142769,181.86712083185395,183.5670928955078,6089300
DIS,2021-04-12,183.43031530766027,183.528020506598,181.2125384797122,182.19931030273438,6662500
DIS,2021-04-13,181.32002611628081,182.15047566598525,180.35281312692914,181.2223358154297,6826500
DIS,2021-04-14,181.69127912063277,186.01934832789436,181.43726646159482,183.14700317382812,9089900
DIS,2021-04-15,183.7624829040069,184.55384430233443,181.42747184264306,181.6521759033203,7262500
DIS,2021-04-16,183.25447930026704,185.11075897493853,181.91598951894724,182.95159912109375,9453500
DIS,2021-04-19,183.19583696106886,185.95096264573078,181.3786305265125,183.11767578125,7625800
DIS,2021-04-20,182.98089249877202,183.7527248113004,177.63675800602496,178.5844268798828,10765800
DIS,2021-04-21,177.11893103189794,179.16085630939472,174.74484685136397,178.89706420898438,8400200
DIS,2021-04-22,179.981545503012,180.6263640805658,177.08964136919943,178.5551300048828,7378300
DIS,2021-04-23,178.15457518744068,179.66890152448127,177.7735487368754,178.8091583251953,6075500
DIS,2021-04-26,179.72753024604384,181.32979720162726,179.04362363308368,180.0303955078125,6178300
DIS,2021-04-27,180.7338448116589,181.53497089576857,179.91315979600324,180.3918914794922,4870000
DIS,2021-04-28,180.53843783621502,180.53843783621502,178.61377632290174,179.170654296875,5199300
DIS,2021-04-29,180.54818950910294,181.28093377260763,178.5453522073127,181.0659942626953,5958300
DIS,2021-04-30,180.04992000450363,182.0332282604104,179.31717571602934,181.74012756347656,7866300
DIS,2021-05-03,183.371702955982,184.86650011102932,180.98783915355543,181.24185180664062,7542800
DIS,2021-05-04,180.6165642040596,181.35908790316884,178.11546626704236,180.01083374023438,7069300
DIS,2021-05-05,180.75336637006828,180.75336637006828,177.18734991901985,177.33389282226562,5901700
DIS,2021-05-06,178.57466495095767,178.7798399089221,175.6729964071724,177.60743713378906,6944900
DIS,2021-05-07,177.812610278269,180.86082168399736,177.33387865304817,180.58726501464844,6888400
DIS,2021-05-10,181.4275064537768,182.6682911178845,179.79593074805092,180.05972290039062,8260300
DIS,2021-05-11,177.61721763727226,178.05686122665816,174.3247431799463,177.49020385742188,10865600
DIS,2021-05-12,176.5425217821355,178.26203792841204,173.49431029769372,173.7581024169922,8988100
DIS,2021-05-13,174.26614024620895,176.59138707049897,171.75527737708362,174.23683166503906,12332200
DIS,2021-05-14,168.95129441550978,170.88575016792663,164.89678177846798,169.70358276367188,33149400
DIS,2021-05-17,168.7265854491394,169.0099215950596,164.6916169516548,166.1668701171875,17771600
DIS,2021-05-18,166.34271938832268,167.31971178086997,165.5513579355947,165.77606201171875,10401000
DIS,2021-05-19,163.85139781981698,165.50250241157718,163.25543187457933,165.37550354003906,9251000
DIS,2021-05-20,165.31689172196133,167.9449887738938,165.0921727348274,167.41741943359375,7400700
DIS,2021-05-21,168.2576354589027,169.1369226722145,167.57374374769117,168.43348693847656,8105700
DIS,2021-05-24,168.48232370588678,171.0811268719597,167.79843205895176,170.29953002929688,7346700
DIS,2021-05-25,171.55988230254187,173.36730941273782,171.3644718839504,172.11676025390625,8089700
DIS,2021-05-26,172.55637870026735,173.80692767661446,172.14604371500218,172.4098358154297,8086200
DIS,2021-05-27,173.12305286721104,175.45806414154848,172.72248239941445,174.92071533203125,13567800
DIS,2021-05-28,175.3799021793901,175.99541216825585,173.98281018858057,174.53968811035156,7124800
DIS,2021-06-01,176.0344774727959,176.84538292606723,174.62762098726108,174.72531127929688,7475600
DIS,2021-06-02,174.9207160554729,174.97934812307093,172.8592614560509,172.9276580810547,7851700
DIS,2021-06-03,172.2144434651959,172.89833511974268,171.38399401542623,172.1851348876953,5583900
DIS,2021-06-04,171.88227505904513,173.43570438880826,171.569645226176,173.103515625,6343400
DIS,2021-06-07,173.87534084614776,173.97304605048672,172.34145560280862,172.9178924560547,5178100
DIS,2021-06-08,171.92136865718996,173.0449040510611,171.15931571204354,172.27308654785156,5356200
DIS,2021-06-09,172.25352294991157,173.25005934483136,171.83342338510178,171.98973083496094,5082400
DIS,2021-06-10,172.38053931967843,173.5236186246836,171.51101669068885,172.50755310058594,5253000
DIS,2021-06-11,173.36730139490138,174.38338185678685,172.7420268444031,173.29891967773438,5476300
DIS,2021-06-14,173.56271578519923,174.7546478561335,172.8299713927916,174.0805206298828,10170000
DIS,2021-06-15,174.08050322501643,174.58854346045337,171.57940500089808,171.8138885498047,7895000
DIS,2021-06-16,171.96042553543896,172.2046736334195,169.55703259963414,170.64149475097656,8336000
DIS,2021-06-17,170.57311196294216,172.204687600862,169.84036760956798,170.63172912597656,8906000
DIS,2021-06-18,169.15645386887826,169.85988954927993,168.15991750368917,168.45301818847656,12357500
DIS,2021-06-21,168.16969909211704,170.25068267417885,167.36855820409414,169.9673614501953,9196900
DIS,2021-06-22,170.3581573149828,170.68056659079465,168.38464343184955,169.5081787109375,8097100
DIS,2021-06-23,169.6254330674786,171.4133311312783,168.9610853232326,171.2960968017578,9174200
DIS,2021-06-24,172.0776683618817,174.13912282850154,171.73571507433445,173.83624267578125,7549400
DIS,2021-06-25,174.7155647590851,174.9695774338656,173.40639843043496,174.24661254882812,7431800
DIS,2021-06-28,174.39314125367318,174.54946361360228,170.96390333865776,172.50755310058594,9881400
DIS,2021-06-29,172.57593969710769,172.9472015855104,169.8012848146273,169.92828369140625,13498300
DIS,2021-06-30,169.88921682758362,171.9311274737567,169.3518679976113,171.72596740722656,7481900
DIS,2021-07-01,171.31564204311064,173.51387518357285,170.58289766295658,173.1816864013672,5887100
DIS,2021-07-02,173.76788536079016,174.2563816071763,170.60242431742785,173.03514099121094,11099300
DIS,2021-07-06,172.69317613945228,172.92765968886093,168.25763707745176,169.69381713867188,11557900
DIS,2021-07-07,168.88289942882872,170.30931482945832,168.03292084870168,168.8438262939453,6757300
DIS,2021-07-08,166.26454971025925,169.75241952909505,165.90306731396268,168.82427978515625,6960100
DIS,2021-07-09,170.68056204012845,173.43568764667057,169.92827374995824,172.9667205810547,7873300
DIS,2021-07-12,173.62132565180133,180.73382911841895,173.2891369065296,180.1378631591797,21835500
DIS,2021-07-13,179.85454644530273,181.39819639022153,177.65631331176968,179.42466735839844,12534600
DIS,2021-07-14,180.93898111186283,182.00389920065044,177.89076973561933,179.19993591308594,8787300
DIS,2021-07-15,179.2292400640027,181.15391614786984,178.83844909485725,179.9131317138672,7867000
DIS,2021-07-16,180.68498139854972,181.02691980254167,174.80348282804218,175.18450927734375,8348800
DIS,2021-07-19,171.6673491444067,172.41962259382169,168.1990229816161,168.97084045410156,14651800
DIS,2021-07-20,169.7035807749201,173.4259195187125,168.89267527547042,172.68341064453125,8372400
DIS,2021-07-21,172.43914875296556,173.80693207177072,171.28630494250407,172.82017517089844,6302200
DIS,2021-07-22,172.6345631453912,172.65410716857727,169.89898130048851,171.10069274902344,5713700
DIS,2021-07-23,171.6184959221668,172.43916599551036,170.0259934713974,172.0874481201172,5126300
DIS,2021-07-26,171.57938313646602,174.66668238557435,171.3058264847951,174.6276092529297,5641000
DIS,2021-07-27,174.14890712217368,175.42876486782203,172.50756693445663,175.37014770507812,6684100
DIS,2021-07-28,175.5557615206149,176.20058006329253,173.46499844309818,174.97933959960938,5926900
DIS,2021-07-29,175.67301320311208,177.24597167216015,174.1684513624983,174.24661254882812,6209100
DIS,2021-07-30,173.44546807321538,175.0770436721891,171.11045671917591,171.97021484375,6813400
DIS,2021-08-02,173.1425923461708,174.70578613143317,171.27653330559755,171.51101684570312,5847200
DIS,2021-08-03,171.97020394971233,172.07767370847606,166.98753681826074,169.00991821289062,9931300
DIS,2021-08-04,168.531183304137,169.26392757937236,167.3978685805867,168.60934448242188,5665800
DIS,2021-08-05,168.52142378130753,173.04488843830202,168.52142378130753,172.6443328857422,8864200
DIS,2021-08-06,173.34775804123063,174.69601235220628,172.5661760308831,173.05467224121094,5505200
DIS,2021-08-09,172.92765519074266,173.23052045019165,171.03228754522456,172.6540985107422,5339000
DIS,2021-08-10,172.19490706590398,173.31844234040884,171.5403239598849,172.9960479736328,5185000
DIS,2021-08-11,173.27938390439795,174.38339015850755,172.44893434742175,173.99258422851562,5359900
DIS,2021-08-12,173.99257485716822,175.58507725720315,172.39030789980515,175.1649627685547,11081300
DIS,2021-08-13,182.00390996252236,183.26423852295247,176.718392340844,176.91378784179688,32504600
DIS,2021-08-16,176.35690146216106,176.4350626469456,172.44893166926448,174.96957397460938,8746700
DIS,2021-08-17,173.07419863902064,174.34429174747842,170.89550974932308,171.78457641601562,8534500
DIS,2021-08-18,171.85296543580796,172.72248811718538,170.4851819733227,170.71966552734375,7063500
DIS,2021-08-19,169.99669089048973,170.66103861872296,168.58981933926393,169.26394653320312,8478600
DIS,2021-08-20,169.0196926563329,171.1788525149818,168.67773933815917,171.09091186523438,6239600
DIS,2021-08-23,173.00583705687797,174.20753368110942,171.86275759855204,173.57249450683594,7395900
DIS,2021-08-24,173.82649698973756,175.93680428477785,173.67017461801862,174.3638458251953,5886900
DIS,2021-08-25,174.06097662838903,174.4810762217382,172.81042749823686,174.20751953125,4842100
DIS,2021-08-26,174.23681746047066,174.82301885152233,172.28283270059265,172.49777221679688,4563000
DIS,2021-08-27,172.22421591350647,176.38619809422016,172.22421591350647,175.9954071044922,8697000
DIS,2021-08-30,176.3471057091255,177.2166282379199,174.75460352975858,175.8390655517578,6421300
DIS,2021-08-31,175.12590085136972,178.7700786028734,174.42246507792638,177.1287384033203,8620000
DIS,2021-09-01,177.7735424761408,179.97177536145995,177.59767609330044,179.25856018066406,7302800
DIS,2021-09-02,179.9229123833051,181.03668305132197,177.37296178709278,177.6758270263672,6492600
DIS,2021-09-03,177.6367732838249,177.6367732838249,175.00866122482066,176.83563232421875,6847400
DIS,2021-09-07,176.85517820498396,181.28095282917997,175.90749433194475,180.09878540039062,10702900
DIS,2021-09-08,180.0987904527994,183.14701713217718,179.6884553995167,180.89015197753906,8634000
DIS,2021-09-09,180.89013615023296,183.26423542444803,180.32349367936638,181.63265991210938,7190700
DIS,2021-09-10,182.07230316852372,182.79528290696794,179.77636507920278,179.8838348388672,5572200
DIS,2021-09-13,180.86082313557694,181.52518570055676,179.27810026339517,180.7240447998047,6818200
DIS,2021-09-14,180.70452808340923,180.8706150091187,177.9591668072333,178.2034149169922,6185900
DIS,2021-09-15,177.8712220843645,180.4114081178741,176.93331779130122,180.1671600341797,5933400
DIS,2021-09-16,179.7372903688977,180.39187347831393,177.9298484924751,179.1217803955078,5678200
DIS,2021-09-17,178.70168120381263,181.62287890195952,178.52581482201995,179.24879455566406,10035100
DIS,2021-09-20,175.6046165162632,176.71838723802722,172.4880084251925,174.5006103515625,8056600
DIS,2021-09-21,176.17128614747284,178.03733040142347,165.14103301311803,167.23179626464844,23216000
DIS,2021-09-22,168.96106786613632,171.305843660618,167.71051878805,169.65472412109375,14214500
DIS,2021-09-23,170.91507321891527,173.11330638100387,170.35818032881258,172.19493103027344,8052900
DIS,2021-09-24,171.2667614147993,172.63454473754445,171.05182190583648,171.95065307617188,5712800
DIS,2021-09-27,172.56618852375502,175.32129959744432,171.91160534345394,174.15867614746094,7755000
DIS,2021-09-28,173.66039619079362,173.9046442867019,169.85989641476945,170.5047149658203,9133100
DIS,2021-09-29,170.24091638982054,170.9345875152821,168.61910551666153,168.70703125,6240800
DIS,2021-09-30,169.11738937433017,169.6840318440888,165.20941979810274,165.27780151367188,13978000
DIS,2021-10-01,168.31627126914657,173.24032195092443,168.0134059711738,171.96044921875,12165000
DIS,2021-10-04,171.52077595900235,171.91158184677474,168.69726864112315,169.46910095214844,7200600
DIS,2021-10-05,169.83059845293113,172.18515382253634,169.6156589224771,170.5926513671875,6798200
DIS,2021-10-06,169.01967486465736,171.66733066615373,167.6030389528271,171.44261169433594,6005200
DIS,2021-10-07,173.6115431670822,175.4971462149149,173.25006075648926,173.62132263183594,7780000
DIS,2021-10-08,173.83625347241477,174.49085151011485,172.34145626812906,172.67364501953125,4132200
DIS,2021-10-11,171.97020621680997,172.45870241622663,169.4886371754495,169.52772521972656,8046300
DIS,2021-10-12,169.62543003229365,170.47542362927524,168.58005582808897,169.14671325683594,5188400
DIS,2021-10-13,169.63520449289086,169.70358621262912,167.0070924074117,168.98062133789062,8914700
DIS,2021-10-14,170.06507347776312,171.97020566786261,169.99667685435708,170.39724731445312,7450200
DIS,2021-10-15,171.64779712711876,174.77416982531744,170.09438278909954,172.40008544921875,13943900
DIS,2021-10-18,168.39441608990893,169.35186449861843,165.8933178505005,167.20248413085938,20494800
DIS,2021-10-19,167.4955894697994,167.63236781767998,166.26456943115238,167.24156188964844,9669500
DIS,2021-10-20,167.03640316216908,167.0852557670303,165.97148495171555,166.62606811523438,9737600
DIS,2021-10-21,166.28410219385177,168.53118767776616,166.18641189925077,167.3978729248047,7509000
DIS,2021-10-22,166.64559914349968,166.8703032190722,164.72092294228756,165.5220489501953,7854300
DIS,2021-10-25,165.99102019915733,168.59960329943164,165.14104149251756,168.05247497558594,9798700
DIS,2021-10-26,168.9708385437209,169.1369254686382,166.78238503166125,168.08177185058594,5850200
DIS,2021-10-27,167.81798741406303,168.08176462644786,165.53181388601524,165.64906311035156,7054700
DIS,2021-10-28,165.58066651475346,166.43066003351976,164.72092334656202,165.77606201171875,7884500
DIS,2021-10-29,165.1312773980798,166.5381489907609,164.28128378133013,165.1801300048828,7598800
DIS,2021-11-01,165.31687422654392,167.30993196618985,165.1996250128804,166.27432250976562,8182900
DIS,2021-11-02,166.11801818100378,166.919159112434,165.09217316956892,165.92262268066406,6777200
DIS,2021-11-03,165.79560823262494,166.27433987810187,164.496206544377,166.1668701171875,6829300
DIS,2021-11-04,166.11801081960158,166.49903724608149,164.78930060536288,166.3622589111328,7505500
DIS,2021-11-05,169.50817387321453,172.91788256459049,168.36509460489796,171.58917236328125,16859200
DIS,2021-11-08,174.57877727448042,175.12589064243758,172.04837049381794,172.80064392089844,10584600
DIS,2021-11-09,172.8788087464702,173.04489567183444,169.22486657301368,171.08114624023438,7293300
DIS,2021-11-10,170.67079334157074,172.80062947560592,169.8696524713755,170.43630981445312,11045800
DIS,2021-11-11,159.14228662095624,160.18767561300854,154.6872037970889,158.38023376464844,62366500
DIS,2021-11-12,159.75782148393557,159.84574723312394,155.27341447493305,155.9573211669922,25638400
DIS,2021-11-15,156.4067077922617,157.02221776707472,154.03262344550419,154.78489685058594,21285300
DIS,2021-11-16,155.40040903429121,156.55326782035016,154.90214827618735,155.1757049560547,15516200
DIS,2021-11-17,155.0779883771287,155.23431072779195,153.14354773776066,153.710205078125,14695500
DIS,2021-11-18,153.47574152485328,153.68091650026443,150.17351715674317,152.00048828125,14487700
DIS,2021-11-19,151.45336932966686,151.6390002749561,149.25513638166086,150.4568328857422,16776500
DIS,2021-11-22,149.70454845212925,152.23497021926258,149.05974476709625,150.6131591796875,12790400
DIS,2021-11-23,150.3005067727243,150.70107723333692,146.73449048685526,147.55516052246094,17382900
DIS,2021-11-24,147.22297791067737,147.92641358719118,145.37646298675867,147.85801696777344,14123700
DIS,2021-11-26,143.42248912670598,145.42532655373785,142.4943493164389,144.7023468017578,12027700
DIS,2021-11-29,145.3862330987329,145.86496472978988,140.93115024905862,144.40924072265625,21231300
DIS,2021-11-30,143.3443259485244,143.89143930663224,139.81738279244988,141.56619262695312,26011100
DIS,2021-12-01,143.32477370770545,144.9563491312606,138.7719858123891,138.87945556640625,16469000
DIS,2021-12-02,139.55359074090163,144.25292179639163,139.48520902496418,143.8132781982422,18177700
DIS,2021-12-03,144.40921850446662,144.90749408054432,140.9995251775012,142.85580444335938,14975600
DIS,2021-12-06,143.89145142547676,147.27185196952013,143.29548541568988,146.9103546142578,14333900
DIS,2021-12-07,148.3465108617922,149.2453420107246,146.27529190589237,147.3402099609375,14661100
DIS,2021-12-08,147.43792733167047,150.1246564438764,147.0959740270286,149.81201171875,12886300
DIS,2021-12-09,148.7666357581187,150.7401496571176,148.20974293877012,149.4212188720703,11862300
DIS,2021-12-10,150.0464965731507,151.1016501680869,147.9654979630498,149.19651794433594,10247900
DIS,2021-12-13,148.62006777953178,148.9913296336795,145.8551777095345,146.9689483642578,10195800
DIS,2021-12-14,145.8258783749661,148.13158100551397,145.10291354923922,145.66957092285156,10872000
DIS,2021-12-15,145.337384544198,147.44769171312194,143.9598365854502,146.9396514892578,12231500
DIS,2021-12-16,147.86780769730754,148.5614639623388,145.16153453864752,145.32762145996094,11145600
DIS,2021-12-17,145.09313897987263,146.39254068786894,143.1977862068733,145.33738708496094,13785000
DIS,2021-12-20,143.59834316992115,144.33108749233278,141.74206351623354,143.10008239746094,11201900
DIS,2021-12-21,144.16499814157416,147.94595401110578,143.99891122021637,147.57470703125,10781400
DIS,2021-12-22,146.95920456117275,148.69824995347173,146.42185572473835,148.3856201171875,7820400
DIS,2021-12-23,148.8154793428562,150.64245023539772,148.4344380215121,150.0953369140625,6572400
DIS,2021-12-27,149.36260026647162,150.47637098665575,147.9166408062377,149.28443908691406,7762000
DIS,2021-12-28,149.1085693458052,152.89930447645884,148.90340929834548,151.62921142578125,12198700
DIS,2021-12-29,151.0039279841602,152.33263811270487,150.63266613850644,151.30679321289062,8737000
DIS,2021-12-30,152.1274978658113,153.4562081671919,151.93208745359422,152.34242248535156,7228400
DIS,2021-12-31,152.28380337564792,152.9677099942114,151.179812080903,151.32635498046875,6410200
DIS,2022-01-03,152.24470938541094,153.934901862356,151.7855218193714,153.15330505371094,10222800
DIS,2022-01-04,154.94121722230807,156.63142476515043,151.97116696076753,152.1470184326172,16582000
DIS,2022-01-05,152.9188628100722,155.71306181999404,151.53153531671543,151.6194610595703,12272100
DIS,2022-01-06,152.64529644983068,154.14009361459313,150.14418340780725,153.29010009765625,11095300
DIS,2022-01-07,153.29010450868682,155.63489525785914,152.69413853705748,154.19871520996094,9554600
DIS,2022-01-10,154.34526398783984,154.62860014833637,151.09187732121057,152.9970245361328,8672900
DIS,2022-01-11,153.0165397385833,154.57973348876436,152.36195664166462,154.25732421875,8042600
DIS,2022-01-12,154.85327944537687,155.3320110388324,152.73320794473557,154.1693878173828,6995600
DIS,2022-01-13,154.0717060617029,154.88261158243608,151.59991636098255,151.86370849609375,9680600
DIS,2022-01-14,148.8447995918361,149.10857680891533,145.0052116694176,148.44422912597656,16832000
DIS,2022-01-18,147.63333249765898,149.60686145800818,146.38278333071264,148.7666473388672,10419500
DIS,2022-01-19,147.36954188791992,149.3430708687704,146.50979864403945,146.65634155273438,10413200
DIS,2022-01-20,147.43791539358463,149.14765196291424,143.76441470939864,144.22360229492188,11760400
DIS,2022-01-21,137.98061919699785,138.60589367650542,133.4864635341996,134.21920776367188,34491800
DIS,2022-01-24,131.71813422991008,134.51231843082587,126.28604348065751,134.29739379882812,31419500
DIS,2022-01-25,132.17730021224796,134.5807081661184,129.3342635510934,133.36923217773438,14694400
DIS,2022-01-26,134.5416546981346,135.02037152120263,129.21703321305571,130.52621459960938,14569900
DIS,2022-01-27,131.96238286198346,134.73703795745377,130.93653776530175,132.3043212890625,11913900
DIS,2022-01-28,132.09916289247207,135.49909262881266,130.48711631785872,135.4404754638672,10011700
DIS,2022-01-31,135.6651785329774,139.85646977963103,135.2841520560089,139.6806182861328,10185500
DIS,2022-02-01,139.72945416606717,141.36102964945565,138.977165860359,141.16563415527344,8573300
DIS,2022-02-02,140.87253881289405,141.26332981610742,138.12719250985896,139.33865356445312,9529900
DIS,2022-02-03,136.77893421885088,138.77199212949986,136.04618992839275,136.80824279785156,9820600
DIS,2022-02-04,136.8180161392592,139.895551301407,136.31975535653663,138.75247192382812,8061100
DIS,2022-02-07,140.09094402245427,140.77483574230573,138.3518986886657,139.23118591308594,10937500
DIS,2022-02-08,138.5277466341802,139.6024442434562,137.50191653445074,139.20187377929688,9231700
DIS,2022-02-09,141.04839140462335,143.9598395600971,139.95416466081764,143.84259033203125,22877400
DIS,2022-02-10,152.43035561968532,153.87630017093934,147.6333194460272,148.65916442871094,42500300
DIS,2022-02-11,150.00738717983484,151.1309372394859,145.14196982982415,146.03103637695312,17975200
DIS,2022-02-14,145.93334355697007,150.1930308286999,145.7770361097578,147.37930297851562,14694700
DIS,2022-02-15,150.00740429473805,151.2872768420959,149.00110333039493,151.16026306152344,12726000
DIS,2022-02-16,151.41427216693796,153.12400880132256,150.2125757352179,152.7527618408203,10656400
DIS,2022-02-17,151.13095663869646,151.7855397573258,149.0988106591487,149.4309844970703,8110300
DIS,2022-02-18,149.3919200236845,150.14419348123909,146.59772100323673,147.87757873535156,10785500
DIS,2022-02-22,146.73450576207608,147.32069231665096,144.21386332655342,144.6828155517578,12227200
DIS,2022-02-23,146.06038854001827,146.29487212251513,142.15241827807796,142.51390075683594,9300700
DIS,2022-02-24,136.7789246495636,146.12874829738567,136.7789246495636,145.962646484375,12475500
DIS,2022-02-25,146.11896922155933,146.82240488567257,143.83281076705114,146.08966064453125,10149500
DIS,2022-02-28,144.42878629065962,146.04081776535702,143.09031149157488,145.04429626464844,10834700
DIS,2022-03-01,144.45808531348447,144.7414065274408,140.47195485117734,142.3477783203125,8944000
DIS,2022-03-02,142.94375699461196,145.05406417618636,142.56273055136,143.95005798339844,7851000
DIS,2022-03-03,143.92075195885997,145.2299182324839,141.1265530228314,142.22079467773438,8048400
DIS,2022-03-04,140.69667463759234,140.94092274537022,136.33929674315888,137.4823760986328,12913000
DIS,2022-03-07,137.0525051989289,137.6484712136784,130.3698801503339,130.42849731445312,14549700
DIS,2022-03-08,129.95953453469323,132.37270697968282,126.31534211232947,128.71875,16552000
DIS,2022-03-09,132.37272026910904,132.3824848274084,130.29172145670142,130.57504272460938,14673100
DIS,2022-03-10,129.31472789226626,131.11239051435666,128.59174807550878,130.56527709960938,8447200
DIS,2022-03-11,131.97213651378422,133.0272901053673,128.54289852193006,128.71875,7058400
DIS,2022-03-14,127.9664649694513,130.00839048858631,125.42629358293901,126.06133270263672,9971500
DIS,2022-03-15,126.75500309672209,131.46409885217054,126.5302841045078,131.1123809814453,9834800
DIS,2022-03-16,132.52899950495797,135.78238565222262,131.8353433204219,134.9617156982422,10638700
DIS,2022-03-17,134.2778303879301,136.26112365722656,133.41807235318163,136.26112365722656,6816000
DIS,2022-03-18,136.33927726572122,137.49212101403123,135.1180369012983,137.072021484375,11308800
DIS,2022-03-21,135.70423599583123,136.09504189354905,133.73072211630864,135.43067932128906,9090300
DIS,2022-03-22,135.86055336967843,138.9185441858333,135.70423101632733,136.8863983154297,8511600
DIS,2022-03-23,135.87035841383099,136.54447073759457,134.37554612660443,134.47325134277344,8761300
DIS,2022-03-24,135.39160129668335,136.0657284016498,134.24852203910902,135.7628631591797,5858800
DIS,2022-03-25,136.07548376742986,137.15018124011007,134.94216914309783,135.93870544433594,5949400
DIS,2022-03-28,135.68470370308125,136.41744797295064,133.14451760444598,135.52838134765625,8456100
DIS,2022-03-29,137.71685954946838,141.13633305589042,137.71685954946838,139.10418701171875,11280700
DIS,2022-03-30,138.05879631209532,139.97370801229494,136.857099811162,137.71685791015625,7922400
DIS,2022-03-31,136.9157054497359,137.63868514557228,133.95541986256532,134.0042724609375,12306500
DIS,2022-04-01,134.18011997378753,134.9226436686471,132.41176628192588,133.8479461669922,10341000
DIS,2022-04-04,133.818658365245,136.05596453801732,133.74049717956134,135.39161682128906,8174600
DIS,2022-04-05,134.57094419525757,135.99734481084795,132.02099332784135,132.4997100830078,8694100
DIS,2022-04-06,130.67272601238383,130.84857747860138,127.80036613573621,129.51988220214844,11679700
DIS,2022-04-07,129.94975401829598,130.1451644248653,127.02855627736854,128.8359832763672,9858700
DIS,2022-04-08,128.96299705909306,130.0572237788207,127.6245222388747,128.8359832763672,6702000
DIS,2022-04-11,127.04807704639128,129.3830881373928,127.04807704639128,127.64404296875,9915300
DIS,2022-04-12,128.777365212345,130.14516351011167,127.15555425863292,127.82968139648438,7885600
DIS,2022-04-13,128.03486893824802,129.83253154399125,127.74176820937801,129.30496215820312,7694500
DIS,2022-04-14,129.75437487326275,130.51642785022273,127.35098160984217,127.46821594238281,7283500
DIS,2022-04-18,127.07739980632401,127.22394269306761,123.90216727277995,124.83030700683594,10571000
DIS,2022-04-19,125.14294182321284,130.1256085837512,124.84984860156105,128.8652801513672,12767200
DIS,2022-04-20,123.14990107764996,124.41998678799857,121.25453334289887,121.70394897460938,36465700
DIS,2022-04-21,122.6516287686554,123.54068799098718,118.48963899044763,118.86090087890625,18688600
DIS,2022-04-22,117.24886132194175,119.08560437108706,115.43165484131625,115.54888916015625,19472800
DIS,2022-04-25,114.95292536444026,117.5614931928025,114.06385873350395,117.19023132324219,16491000
DIS,2022-04-26,116.40864625667582,116.40864625667582,112.97940083658337,113.10640716552734,16116000
DIS,2022-04-27,112.77423517901012,114.21041522699348,110.78116975057002,112.55929565429688,15553000
DIS,2022-04-28,112.56906200416577,113.33111485974295,110.09727250199764,112.637451171875,23192100
DIS,2022-04-29,112.54951552183978,113.32134037131752,108.79786848291316,109.06165313720703,16907000
DIS,2022-05-02,109.13982400454638,111.04496372485377,108.45593228168367,110.88864135742188,14300700
DIS,2022-05-03,111.42598858103727,112.18804147669317,110.09727829235393,110.93749237060547,11149500
DIS,2022-05-04,110.76163576382402,113.76100226073824,109.25706650961945,113.51675415039062,11488300
DIS,2022-05-05,112.10011047646735,112.61791527704014,108.9151204889054,110.01911926269531,12720200
DIS,2022-05-06,109.19843941831918,109.51107669432031,105.80828198481287,107.75249481201172,12525200
DIS,2022-05-09,105.62264492668398,108.19213215716802,104.03015005888956,104.51864624023438,17941600
DIS,2022-05-10,107.3128527213532,108.15306686843884,103.69798344955589,105.20255279541016,15657700
DIS,2022-05-11,105.41747957013126,107.53755125138281,102.37903266402812,102.78936767578125,26933300
DIS,2022-05-12,100.53252447916022,102.58420713100821,97.18144008139285,101.91007995605469,36298800
DIS,2022-05-13,102.93592697880163,105.21232121715128,102.88707437387906,104.86060333251953,16782600
DIS,2022-05-16,104.98760469935249,105.14392706461497,102.43765388342835,102.76006317138672,11993600
DIS,2022-05-17,105.25139035124553,106.28699986887707,103.85429097658215,106.14044952392578,11847600
DIS,2022-05-18,104.90944537711276,105.18300952117328,101.48997184189429,101.90031433105469,11794000
DIS,2022-05-19,101.05032698921484,102.87730551048811,100.59113935605959,100.76699829101562,11285000
DIS,2022-05-20,102.08593446916137,102.38880718380467,97.7480932528816,100.06356048583984,15650400
DIS,2022-05-23,101.37273704366417,103.59050658924922,99.22334921644716,103.39511108398438,14402400
DIS,2022-05-24,101.32388161510971,101.45088794460436,97.82624700982727,99.25265502929688,13970200
DIS,2022-05-25,99.09634877661634,101.42158822453598,98.83256408343559,100.88424682617188,11026600
DIS,2022-05-26,101.82215683862253,103.68820858805971,101.56813670828716,103.18017578125,11297800
DIS,2022-05-27,104.43071772458788,106.85366217217708,104.07899986197233,106.8048095703125,13671300
DIS,2022-05-31,107.46916879116239,108.68063733409083,105.4272581619835,107.8990478515625,20274600
DIS,2022-06-01,109.4329291487015,110.25359924937477,105.77897192752944,106.67781066894531,11829700
DIS,2022-06-02,106.91228135494012,108.39730656108914,105.42725614879112,108.31915283203125,8829900
DIS,2022-06-03,106.6582655191699,107.32262069292666,105.43702493901857,106.16976928710938,6767600
DIS,2022-06-06,107.22491416489086,107.65479319916993,105.1732316488632,105.34909057617188,7575900
DIS,2022-06-07,104.33302040692804,105.43701914735213,103.5611955082055,105.31001281738281,7279100
DIS,2022-06-08,104.958294520711,106.84389016327138,104.49910689707217,104.870361328125,7019500
DIS,2022-06-09,104.0789982038256,104.59680297835442,100.87446435448012,100.9233169555664,8261200
DIS,2022-06-10,99.09634587656346,99.7704730616521,97.09350834473082,97.11305236816406,15369700
DIS,2022-06-13,95.36423704106042,95.36423704106042,92.6481991258367,93.50794982910156,15239700
DIS,2022-06-14,94.0550609069747,94.0550609069747,90.95799659564419,92.05223083496094,12443700
DIS,2022-06-15,92.43324944929363,95.06136133050745,91.92520923873451,93.67402648925781,11751600
DIS,2022-06-16,91.84706278996937,93.18553768296992,91.26086880768834,92.11084747314453,15298500
DIS,2022-06-17,91.84706226791565,93.76196657454197,91.31948545070317,92.16946411132812,15403800
DIS,2022-06-21,92.71658173758372,93.2539230938843,91.12407932957551,91.14362335205078,16649800
DIS,2022-06-22,90.04939129722634,92.43325523318559,89.89307638302255,91.34879302978516,11403500
DIS,2022-06-23,91.79821266223408,92.4723398596676,89.9516974686094,92.1303939819336,11348800
DIS,2022-06-24,93.25392504871735,96.30214413288687,93.20507989922643,95.53031921386719,11681200
DIS,2022-06-27,95.96018817240558,95.96996018281968,93.59586851467053,94.3872299194336,10793700
DIS,2022-06-28,97.4452226531561,98.09004123330075,93.57633353387024,93.7131118774414,16812400
DIS,2022-06-29,93.74242646570053,93.98667458828324,92.3550989183574,93.44933319091797,8653200
DIS,2022-06-30,92.24763257913513,93.24416913049964,90.41088931238802,92.22809600830078,10983500
DIS,2022-07-01,92.07176016022417,94.09413409649169,91.81774750722117,93.92804718017578,10543400
DIS,2022-07-05,92.09130627782302,94.99297491629795,90.18616661378226,94.94412231445312,10660600
DIS,2022-07-06,95.28606652476886,95.93088507948512,93.20507541919076,93.86943054199219,8640200
DIS,2022-07-07,94.67057255991718,95.28607513734826,93.72288866413047,95.1883773803711,7813100
DIS,2022-07-08,94.34816665824243,94.8855155218002,93.15623460006799,93.65450286865234,7717300
DIS,2022-07-11,92.81427540876005,93.14644923763322,91.28039768173811,91.48556518554688,7643700
DIS,2022-07-12,91.42695085839713,93.05852638242227,91.16315873543469,91.44648742675781,8665300
DIS,2022-07-13,90.00054043830211,91.10453914074664,88.91607830369593,90.80167388916016,12006400
DIS,2022-07-14,89.37526409634278,89.92237743101703,88.15402365011622,89.72697448730469,11146400
DIS,2022-07-15,90.77236057598725,93.12690820536707,90.56718562815432,93.0096664428711,14946700
DIS,2022-07-18,94.1429875019714,95.03204670280243,93.11714250869056,93.4981689453125,10430400
DIS,2022-07-19,94.45563376614278,97.55269815526248,94.45563376614278,97.31822204589844,13683400
DIS,2022-07-20,97.94348547141058,101.86122697734788,97.65038477773258,100.97216033935547,15112700
DIS,2022-07-21,100.34689333560388,101.85146259842764,99.27220313469,101.78307342529297,8611300
DIS,2022-07-22,100.90377995665784,102.16410112302825,99.76070056873849,100.3566665649414,7803500
DIS,2022-07-25,100.4152878075623,101.011253827982,99.46760389135844,100.32736206054688,6726700
DIS,2022-07-26,99.78999351457541,100.00493301446139,97.26935157677418,97.48429107666016,6346600
DIS,2022-07-27,98.64692380003956,101.26526372964777,98.49060143821913,101.11871337890625,9684800
DIS,2022-07-28,100.87445715113175,102.55488513600064,100.34688040328734,102.48649597167969,7970300
DIS,2022-07-29,102.72097798249388,103.89336585404622,100.99170475387511,103.65888977050781,10320000
DIS,2022-08-01,102.4572000007046,104.19624535357005,101.47043554792806,103.77613830566406,7769700
DIS,2022-08-02,103.30718148157389,103.91291949513754,102.21295468786019,102.3008804321289,9093000
DIS,2022-08-03,103.29740519575287,107.17605859219252,103.29740519575287,106.51170349121094,11243000
DIS,2022-08-04,106.41401286653876,106.93181765783031,105.18300778100584,105.6324234008789,7322400
DIS,2022-08-05,104.35254806496923,105.22207063971823,102.94568418266901,104.17668914794922,10100000
DIS,2022-08-08,105.72034525391271,108.67086643544994,105.41747999931809,106.59963989257812,13025900
DIS,2022-08-09,106.70710694683794,106.70710694683794,104.56749128929228,105.64218139648438,8776500
DIS,2022-08-10,109.89211432291313,110.07773782023912,107.38124401846213,109.84326171875,26398700
DIS,2022-08-11,119.39824909205282,120.43385872699328,114.63052851274581,114.98224639892578,50375000
DIS,2022-08-12,116.26209433501295,118.8120450675771,116.18393315493687,118.77296447753906,21964800
DIS,2022-08-15,118.21607997098546,123.06196136293615,118.20630795993999,121.40107727050781,24628300
DIS,2022-08-16,121.86026449060732,123.57000117880656,120.609707965996,122.08496856689453,14607300
DIS,2022-08-17,120.60970291495114,121.61601129910485,119.74995232828071,119.98442840576172,9140900
DIS,2022-08-18,120.17983754292467,120.29707186077769,118.90974443787347,119.84765625,7343900
DIS,2022-08-19,118.46033194280304,118.59711028646937,116.73105862424391,117.37586975097656,8702500
DIS,2022-08-22,114.99200030895298,115.49026851054666,113.02825098912325,113.27249908447266,11575800
DIS,2022-08-23,113.31158034847272,113.69260678317632,111.98287010555643,112.21734619140625,7180700
DIS,2022-08-24,112.03171730150758,114.46443375693441,111.47483192876685,113.731689453125,7840500
DIS,2022-08-25,114.32764355610655,115.06038783167358,113.4385843777592,114.75752258300781,6920900
DIS,2022-08-26,114.7673018737654,115.64659655099395,111.26966718760117,111.44552612304688,7807400
DIS,2022-08-29,109.95071791105741,111.83631340951416,109.82371159131782,110.91793823242188,6882700
DIS,2022-08-30,111.6506962648728,112.1098839101071,108.88580583572308,109.84326171875,8060000
DIS,2022-08-31,110.2731371623576,111.13288780882948,109.2766007194923,109.50131225585938,7353000
DIS,2022-09-01,109.2179913893482,109.9995809093019,107.49848251927219,109.94096374511719,7718700
DIS,2022-09-02,110.44898999757666,111.26966000745898,108.28983030854293,108.64154815673828,8465100
DIS,2022-09-06,109.19843830501446,109.20821031618817,106.02321297486937,107.55709075927734,9537300
DIS,2022-09-07,107.34216397795375,110.36106709346724,107.34216397795375,110.09728240966797,8193900
DIS,2022-09-08,108.51454716322623,110.3903708098435,107.82088344350403,109.74555969238281,8443300
DIS,2022-09-09,110.66393198490866,112.87193701803025,110.5857782535229,112.52999114990234,9563100
DIS,2022-09-12,113.46790246141404,114.78684077715062,112.61791634716293,113.71215057373047,7923400
DIS,2022-09-13,110.4489806078806,111.20126138631842,108.61223034481857,109.18865966796875,10504600
DIS,2022-09-14,109.27659743704368,110.1461200686808,107.35192123425348,109.9116439819336,8610400
DIS,2022-09-15,109.80416578193963,111.77769443411574,108.16281839315923,108.221435546875,9739800
DIS,2022-09-16,106.69734176451568,107.05883164490051,104.49910880981646,105.75942993164062,15978800
DIS,2022-09-19,105.05598962093984,106.7071091313952,104.5772654409451,106.65825653076172,7979500
DIS,2022-09-20,105.78873357971156,105.91574735942119,104.40140619079625,105.0950698852539,6957400
DIS,2022-09-21,104.91921705376895,105.55426362762658,102.0859375,102.0859375,9776400
DIS,2022-09-22,101.81238515975674,102.25203624683587,99.67276924934376,99.80955505371094,10953400
DIS,2022-09-23,98.30498096990299,98.85209434535577,95.76479468933347,97.21074676513672,11976900
DIS,2022-09-26,96.6733857423948,98.34404914583318,95.80386318595669,95.86248779296875,9760500
DIS,2022-09-27,97.24005438933318,97.34752415186341,93.23438695730817,93.64472198486328,13360200
DIS,2022-09-28,93.58610897842073,97.57224001865278,93.25392766480424,97.11305236816406,12895500
DIS,2022-09-29,96.26305452208483,96.33144368805333,94.01597660179134,95.20790100097656,9435100
DIS,2022-09-30,94.27977028834145,95.23722615749692,92.11084588287277,92.15969848632812,12094900
DIS,2022-10-03,93.52748035361464,95.5303101861302,92.32577649101725,94.895263671875,9468400
DIS,2022-10-04,96.40960855763565,99.18426334476978,95.96996496726281,99.10610961914062,10229000
DIS,2022-10-05,97.73831866448818,98.89116997192517,96.42914499827855,98.4808349609375,7562800
DIS,2022-10-06,98.1193534911483,99.12565453679386,97.57224009635716,97.73832702636719,6728200
DIS,2022-10-07,96.24352939569525,96.52685810377645,94.23091985792205,94.92459106445312,7051000
DIS,2022-10-10,95.34468058639173,95.49123093078234,92.24761660217895,92.97059631347656,9532300
DIS,2022-10-11,92.62865646224395,92.87290458703954,90.51835654001789,90.95800018310547,8900900
DIS,2022-10-12,91.01661615621748,91.90567537001586,90.0786968866954,91.2608642578125,6156200
DIS,2022-10-13,89.46319826394468,94.73895897973962,88.62298416142848,94.41654968261719,11025400
DIS,2022-10-14,95.2274530668478,95.83318360120946,92.15969744190825,92.27693176269531,8202100
DIS,2022-10-17,94.1625205148136,95.7159422356553,94.04528620265506,95.09066772460938,7083800
DIS,2022-10-18,97.57222928894988,98.06072546700916,95.39353305510704,96.2142105102539,8533500
DIS,2022-10-19,98.12912213467006,99.5262216088668,96.2337544336849,96.71247863769531,11731000
DIS,2022-10-20,95.9699677514356,98.43198534589736,95.85272597880007,96.3216781616211,8212400
DIS,2022-10-21,96.08720213652494,99.94632663251005,95.63778652190273,99.69230651855469,10193400
DIS,2022-10-24,99.77045998503209,100.8158414858667,97.8164753140246,99.3796615600586,8221500
DIS,2022-10-25,99.80955059681128,102.32042085306877,99.68253680996938,101.95893096923828,7687500
DIS,2022-10-26,101.14801953253142,104.95829129113002,101.14801953253142,102.22270965576172,9203700
DIS,2022-10-27,103.3755690055584,104.41118607375134,101.9100803269251,102.03709411621094,8673500
DIS,2022-10-28,101.68537329760535,103.64912270342795,101.14802448276195,103.51234436035156,7250900
DIS,2022-10-31,103.22901740306902,104.44048585491744,102.40833993617412,104.0887680053711,8814800
DIS,2022-11-01,105.22207948760425,106.3358502377655,103.20947750991998,103.56119537353516,7955800
DIS,2022-11-02,103.02384323362953,103.63935320197172,99.44805500771622,99.47736358642578,9583200
DIS,2022-11-03,97.8946391618013,98.38313538008147,96.29237216215121,96.96649932861328,8978400
DIS,2022-11-04,98.82278775970104,98.83255977127727,95.85272981869751,97.28890991210938,11035800
DIS,2022-11-07,98.55899021526434,99.22334534263253,96.71247518331727,98.11934661865234,11355200
DIS,2022-11-08,98.42220962777407,99.62391352698093,95.79410521145802,97.6015396118164,27130300
DIS,2022-11-09,88.466663398117,89.00400473727639,84.2949017421356,84.75408935546875,62029800
DIS,2022-11-10,87.68506707094755,88.41781136401953,85.59430395102432,88.37873077392578,36968100
DIS,2022-11-11,89.47296664095474,93.38093627851876,89.00400700474842,92.82405090332031,22373300
DIS,2022-11-14,93.64472532947934,94.39701369405974,92.04245829944276,92.11084747314453,20598000
DIS,2022-11-15,93.79126229452018,94.94411352504471,91.54417698717003,93.31253814697266,15801900
DIS,2022-11-16,93.0292059993555,93.0292059993555,91.56371758084985,91.78842163085938,11137700
DIS,2022-11-17,90.00053780388401,90.14708069303296,88.75975334744894,89.345947265625,12306400
DIS,2022-11-18,90.72351390577884,91.01661460423922,88.81838172736751,89.68790435791016,10011700
DIS,2022-11-21,97.81648444891833,98.5687653378119,94.10391024574993,95.33492279052734,70273500
DIS,2022-11-22,94.76826195634615,95.42284506959236,92.50163990667869,93.9964370727539,25753700
DIS,2022-11-23,93.79127540749325,97.05442661985906,93.5763358754,96.60501098632812,15503200
DIS,2022-11-25,96.53662074622078,97.51361318758761,95.82342043818504,96.59524536132812,6664300
DIS,2022-11-28,95.95042867097455,96.84925994589277,93.23439082284372,93.48841094970703,13660000
DIS,2022-11-29,93.7912635095633,94.21137050885427,91.7591176779297,92.51140594482422,13205300
DIS,2022-11-30,92.76542453932676,95.68663715505205,91.71027842203276,95.61824798583984,15368100
DIS,2022-12-01,95.61824988738955,96.56592626421637,94.35792878353465,96.3216781616211,13855700
DIS,2022-12-02,95.21768060751228,97.39637698950325,94.77803699890788,97.1423568725586,12608100
DIS,2022-12-05,95.9797352845532,96.8785739949058,93.46886501018015,93.72288513183594,10764500
DIS,2022-12-06,93.52749000059262,93.791274680934,89.86376833336864,90.16663360595703,11492400
DIS,2022-12-07,90.52812971827818,90.65513606141793,89.16033871103068,90.02986145019531,10353400
DIS,2022-12-08,90.37180169279401,91.28040497013005,89.56089616975909,90.420654296875,9351200
DIS,2022-12-09,90.24479511818076,92.72635683092238,89.78560747493673,91.23155212402344,10111900
DIS,2022-12-12,91.57349823701226,92.48210144042969,90.47926409782197,92.48210144042969,14140700
DIS,2022-12-13,94.26999652560986,95.14929119444625,91.41718044792788,92.52117919921875,22882100
DIS,2022-12-14,92.36486740275082,93.27347068221165,90.48904368188356,91.98384094238281,11505400
DIS,2022-12-15,90.34249119890318,90.97753776920473,88.04656047906894,88.40804290771484,15957700
DIS,2022-12-16,88.11495420520352,88.98447691657589,86.76669981158622,88.00748443603516,26383900
DIS,2022-12-19,87.38219975762125,87.40173632527792,83.44492170816916,83.80640411376953,19225300
DIS,2022-12-20,84.09951542771928,85.81901684537553,83.78687812870349,85.01788330078125,14918400
DIS,2022-12-21,85.18396575483658,86.07302492122336,84.49030207776158,84.92017364501953,11004800
DIS,2022-12-22,84.05065169325131,84.73455081882916,82.74148550628884,84.6759262084961,15487400
DIS,2022-12-23,84.07996767626173,86.0437245835102,83.79663897192353,85.985107421875,11171600
DIS,2022-12-27,85.40867292513022,85.9167131419746,83.9822649305232,84.3828353881836,11561400
DIS,2022-12-28,84.09951098054793,84.69547696494799,82.1357540900845,82.23345184326172,12399500
DIS,2022-12-29,83.28859878092463,86.2098038534328,83.01504211244361,85.1741943359375,13045100
DIS,2022-12-30,83.75756060444004,85.1155794258542,83.26906441101451,84.88109588623047,23231000
DIS,2023-01-03,86.93279142075399,87.900011858506,85.80924861325656,86.92301940917969,14997100
DIS,2023-01-04,87.92931372031012,90.61604275065294,87.30403919683008,89.86376190185547,14957200
DIS,2023-01-05,89.55111737485596,90.3522507589353,88.42757474436601,89.80513000488281,11622600
DIS,2023-01-06,90.52811969412072,92.51141308078238,89.21894599730818,91.75912475585938,9828100
DIS,2023-01-09,92.25739524423786,93.49817234769627,91.29993938541004,92.58956909179688,11675800
DIS,2023-01-10,92.11084011022365,93.4395503392421,91.6614245112704,93.36138916015625,6914600
DIS,2023-01-11,93.71310752390846,94.32861749524528,92.86312892175432,94.11367797851562,8757300
DIS,2023-01-12,96.2337456284432,98.31473663224733,95.32514245278168,97.51360321044922,19764300
DIS,2023-01-13,97.09350834473082,97.30844787933073,95.75503344013114,97.11305236816406,12230200
DIS,2023-01-17,98.01186820777333,98.66645126632477,96.72223865716552,97.6113052368164,14914200
DIS,2023-01-18,97.97279815808263,98.80324021984437,96.4486923763147,96.7613296508789,11384500
DIS,2023-01-19,95.86249561341754,97.16188982207657,94.88550322725744,96.80040740966797,10973600
DIS,2023-01-20,98.03141157672817,101.2066368034811,97.01534606356431,101.09917449951172,14549900
DIS,2023-01-23,100.91355545520831,103.51235160951884,100.55206554955596,103.25833892822266,11479100
DIS,2023-01-24,102.29110226005136,105.94505923718022,99.65322573679799,103.56119537353516,8606700
DIS,2023-01-25,102.54512376801964,105.67150399224099,101.78307087111051,105.6324234008789,10008000
DIS,2023-01-26,105.68125883189353,107.23468051678583,105.09506492308623,107.17605590820312,9204400
DIS,2023-01-27,106.74618820265553,108.03581783011488,106.64849045663865,107.01974487304688,10249700
DIS,2023-01-30,105.76920701465325,106.46287077471216,105.00715407976772,105.11461639404297,8548500
DIS,2023-01-31,105.10483733429662,106.21860800143568,104.97782356009971,105.993896484375,8251700
DIS,2023-02-01,106.00367681162028,107.41054827159053,104.44049044157588,106.87319946289062,9975500
DIS,2023-02-02,108.1237544044388,110.91795345302042,107.1663059620879,110.60531616210938,13093200
DIS,2023-02-03,108.90534284112509,110.5369183425279,107.83065270353656,108.16282653808594,12472500
DIS,2023-02-06,107.6352563484054,107.88927647229961,106.03298932789278,107.3421630859375,11956500
DIS,2023-02-07,106.78526663102191,109.54038475456493,106.35538761261404,109.06165313720703,10844000
DIS,2023-02-08,109.61854118417361,110.7225473352793,107.7524896291959,109.20820617675781,27719900
DIS,2023-02-09,115.324186832679,115.46096517597834,107.28353588887056,107.82088470458984,46137200
DIS,2023-02-10,106.45308611424359,107.21513895858257,104.7433494928666,105.57379150390625,15566000
DIS,2023-02-13,105.6128778777754,105.79850882064282,104.09854411677767,105.1830062866211,12341500
DIS,2023-02-14,104.36232878739827,105.94505917270338,103.38533637880856,105.1830062866211,10768100
DIS,2023-02-15,104.62611129747619,106.75595500237462,104.24508486230329,106.72664642333984,8156000
DIS,2023-02-16,105.07553926316072,105.53471944591918,103.26809729708756,103.39511108398438,9479900
DIS,2023-02-17,102.61350999000663,103.36579830784761,101.48996724568777,102.79914093017578,9492200
DIS,2023-02-21,101.16756535664823,101.34342428568164,99.48713724674249,99.74114990234375,10648200
DIS,2023-02-22,98.99864556800999,100.20034209303155,98.76416201602369,99.34059143066406,9885100
DIS,2023-02-23,99.1158783042408,99.70207972096628,97.31821582427385,99.38944244384766,10974800
DIS,2023-02-24,97.24005177043979,98.11934641570551,96.68316640408158,97.99234008789062,8523000
DIS,2023-02-27,98.41244963658482,99.13542193949785,97.75785905098051,98.13888549804688,6641200
DIS,2023-02-28,98.13889215560313,98.43199288270402,97.27914145202757,97.31822204589844,8233700
DIS,2023-03-01,96.90788134699051,97.33775294681136,95.84295572415047,96.27283477783203,7898300
DIS,2023-03-02,95.49123738721578,97.00557862520735,95.17860010984559,96.64408874511719,7776600
DIS,2023-03-03,97.37683866107636,98.85209939247878,96.60501370766347,98.81301879882812,7434300
DIS,2023-03-06,99.27221034507704,100.33712861178768,98.17797604158439,98.34407043457031,6773300
DIS,2023-03-07,98.09004227329882,98.61761908432152,96.61478160472761,96.78086853027344,6951300
DIS,2023-03-08,96.72224963408873,97.32798761821728,96.03835792125052,97.01535034179688,5668700
DIS,2023-03-09,97.16188958524799,97.74809097860349,93.71310766312682,93.92804718017578,8275600
DIS,2023-03-10,93.4004686012593,93.69356929229721,90.69420302996484,91.41717529296875,13978800
DIS,2023-03-13,89.7758263777538,91.85681739830099,88.37872702014887,90.46949005126953,11915300
DIS,2023-03-14,91.83729548098935,92.13039621406894,90.21548434464188,91.21202087402344,10323600
DIS,2023-03-15,89.5218200166896,91.21202031997403,89.30688792811291,90.95800018310547,9543800
DIS,2023-03-16,90.53788274724006,92.38439776303176,89.77582987772101,92.12061309814453,9931700
DIS,2023-03-17,91.8861441368083,92.10107621744875,90.77237332517458,91.05569458007812,12943200
DIS,2023-03-20,91.28040589658497,92.73612257587082,90.86029884035148,92.05223083496094,6657200
DIS,2023-03-21,92.98036537825023,94.62171291651032,92.98036537825023,94.31884765625,7285800
DIS,2023-03-22,95.20790164588064,95.67686125416978,92.63841444553373,92.7165756225586,8811100
DIS,2023-03-23,93.08784189168612,94.78780671231587,92.57980908402313,93.62519073486328,9527000
DIS,2023-03-24,92.62865136076637,92.81428231062307,90.87983398908186,91.91545104980469,9534600
DIS,2023-03-27,92.59933595807246,93.81080441400547,92.2085375179411,93.42001342773438,7487900
DIS,2023-03-28,93.31254725374846,93.79127144801677,92.41370857077095,92.63842010498047,5426100
DIS,2023-03-29,93.86942576768665,94.6803311983946,93.15621808015628,94.64125061035156,5889100
DIS,2023-03-30,96.45845887012769,96.64408234968653,95.42284190110922,95.84294891357422,7669500
DIS,2023-03-31,96.61478719214878,97.8946449748056,96.23376071557368,97.82625579833984,8920000
DIS,2023-04-03,97.90441107050114,98.11935059893656,96.98603579586279,97.46476745605469,7313200
DIS,2023-04-04,97.99234441645127,98.10957873842496,96.48777516894954,97.27913665771484,6794200
DIS,2023-04-05,97.40613029238945,97.87508988072855,96.36074881919872,97.6113052368164,7747200
DIS,2023-04-06,97.15212473517121,98.01187534691368,96.28260211253955,97.66992950439453,7042500
DIS,2023-04-10,97.01534744179078,98.4906005859375,96.62454899448196,98.4906005859375,8016600
DIS,2023-04-11,98.83255309484285,99.56529738248364,97.9825670377898,98.10957336425781,7504600
DIS,2023-04-12,98.92048033168001,99.86816415068513,95.45215433603741,95.68663787841797,9289200
DIS,2023-04-13,96.24352603070034,98.74462425754152,96.24352603070034,98.51991271972656,8745000
DIS,2023-04-14,98.18773354519477,98.53945139599384,96.65385581682226,97.6015396118164,7337300
DIS,2023-04-17,97.27913236065831,98.25612475454014,96.86879734415446,97.99234008789062,6705300
DIS,2023-04-18,98.29520422736543,98.82278100852751,97.30843983368113,98.60784149169922,8180100
DIS,2023-04-19,97.48430548663711,97.5331580906906,96.09697799630393,96.4780044555664,11523300
DIS,2023-04-20,95.50101474370578,96.31192028953552,95.14929685524616,95.81365203857422,7762700
DIS,2023-04-21,95.90158119749891,97.42568701404268,95.47170213996677,97.27913665771484,9468000
DIS,2023-04-24,97.84578427177662,98.42220617411147,96.3998323299126,97.3865966796875,8540600
DIS,2023-04-25,97.09350259635195,97.41591187916372,95.7550277709961,95.7550277709961,6511400
DIS,2023-04-26,95.58892631526935,96.21420826615247,94.24067957866193,94.3872299194336,8634500
DIS,2023-04-27,94.89527001841067,97.76763008657916,94.48493499548961,97.63085174560547,8166500
DIS,2023-04-28,97.08374002380525,100.20034079311824,96.80041132589302,100.1417236328125,11329700
DIS,2023-05-01,100.05380140180749,100.24919691225404,99.2722044522994,99.8583984375,6909500
DIS,2023-05-02,98.99864630259174,99.36012873699653,97.32799011506188,98.28543853759766,6955900
DIS,2023-05-03,98.73485473721955,100.21988743726855,98.32451969662478,98.53945922851562,7772100
DIS,2023-05-04,97.2498188772246,97.2498188772246,94.38723100935461,95.20790100097656,13260700
DIS,2023-05-05,96.32167971012154,98.52968468016046,95.85272751976147,98.207275390625,9300100
DIS,2023-05-08,99.36012187764142,101.51928159277891,99.35035732063922,100.60090637207031,10810100
DIS,2023-05-09,100.54228636989465,100.61067553627667,99.74114548676233,99.8290786743164,6829900
DIS,2023-05-10,100.63022540734735,100.87447352726811,97.73832856194906,98.81301879882812,19525200
DIS,2023-05-11,92.61888910148434,92.92175438183091,89.76606542526069,90.18617248535156,57127200
DIS,2023-05-12,90.21547337128155,90.74305015433622,89.14078323714514,89.87352752685547,21837500
DIS,2023-05-15,89.4338886518239,90.73329038304118,88.61321112805376,90.72351837158203,16792000
DIS,2023-05-16,89.92238171830199,90.29363614826573,88.69136920273303,88.88677215576172,17013300
DIS,2023-05-17,88.9258452645196,90.9091461043689,88.75975834489286,90.63558197021484,12461600
DIS,2023-05-18,90.7137470179929,92.07176592009203,90.3327205607916,91.60281372070312,15014800
DIS,2023-05-19,90.86029179448792,90.86029179448792,89.2189442897234,89.24825286865234,16429000
DIS,2023-05-22,89.22871904108817,89.82468501048163,87.8218475784071,89.70744323730469,14150600
DIS,2023-05-23,89.00401291962687,89.91261621889736,87.7436917332929,87.75346374511719,14778700
DIS,2023-05-24,87.382203681847,87.4310488301124,86.37590269048091,87.02071380615234,15350800
DIS,2023-05-25,87.4994414428059,87.4994414428059,85.77016808588527,86.11211395263672,13605800
DIS,2023-05-26,86.45405486005349,87.18679915557107,86.07302842269318,86.25865936279297,12892700
DIS,2023-05-30,86.92301170201742,86.92301170201742,85.00810756558907,85.79946899414062,14800700
DIS,2023-05-31,85.56498676215881,86.14140863685479,85.14487977824867,85.93624114990234,11440600
DIS,2023-06-01,86.36613431510025,87.01094545791678,85.10581315657153,86.5517578125,11993200
DIS,2023-06-02,87.56783166788246,89.23848788309978,87.53852308664617,88.68160247802734,14350200
DIS,2023-06-05,89.10170653940352,89.64882736824514,87.38220523121757,88.90631103515625,18506700
DIS,2023-06-06,89.00401001755975,90.38157293928502,88.92584883323616,90.03962707519531,12109100
DIS,2023-06-07,90.6453546474853,90.93845535215985,89.74652341881219,90.3913345336914,11082400
DIS,2023-06-08,90.39133577676625,90.54765814243859,89.19941128088763,90.40110778808594,9030200
DIS,2023-06-09,90.64535293104393,90.7821312696059,89.4436564631266,89.81491088867188,9625400
DIS,2023-06-12,90.12755524102711,91.08501114008861,89.6585955763343,90.99707794189453,12341600
DIS,2023-06-13,91.95452698433274,92.26716425286237,91.29017185697475,91.69073486328125,12964400
DIS,2023-06-14,92.0913059584892,92.34531861639208,89.80513986033985,90.32294464111328,15877400
DIS,2023-06-15,89.94191582706644,91.36832380279613,89.50227223903055,90.80167388916016,13354600
DIS,2023-06-16,90.7430464093248,90.8309795964684,88.76952515018513,89.21894073486328,22683400
DIS,2023-06-20,88.2126506788171,88.69137490023456,87.67530184079475,87.68507385253906,14939200
DIS,2023-06-21,87.48966781149822,87.60690212287696,86.08279644407278,86.60060119628906,17873000
DIS,2023-06-22,86.40521063822467,87.13795494159127,86.09257336694269,86.45405578613281,10915300
DIS,2023-06-23,85.99487500634245,86.36613692006163,85.5943119646352,86.07303619384766,13538000
DIS,2023-06-26,86.014414336786,87.43105037717912,85.75062220681498,86.65922546386719,13132700
DIS,2023-06-27,86.85462564413714,87.59714195345157,86.4540551832371,87.01094055175781,10032700
DIS,2023-06-28,87.33336067883317,87.34313269110456,86.4931465161676,86.78624725341797,12118300
DIS,2023-06-29,85.77993004813219,87.06955963298344,85.33050701435464,86.9034652709961,13402600
DIS,2023-06-30,87.1281781102204,87.53851310847797,86.57129276862511,87.22587585449219,12837500
DIS,2023-07-03,87.06956927308258,88.85745978026615,86.86440175435203,88.41781616210938,7979500
DIS,2023-07-05,88.03678123571137,88.31033790103442,87.19656721858482,87.7241439819336,11028800
DIS,2023-07-06,86.6299140530207,86.78623641439364,85.76039141599998,86.69830322265625,12084600
DIS,2023-07-07,86.2781919322774,87.6655267324264,86.0534878662281,86.60060119628906,9705100
DIS,2023-07-10,86.21958655695465,86.63969362246876,85.83856008519314,86.07303619384766,13642600
DIS,2023-07-11,86.17072447429359,87.52874327893278,86.12187932787063,87.43104553222656,13735500
DIS,2023-07-12,88.03678610860088,88.6229800601479,87.50920931605042,88.07586669921875,14912100
DIS,2023-07-13,88.46666520960736,88.72067786799947,87.03048518236513,88.38850402832031,15325500
DIS,2023-07-14,88.32989503590191,88.40804877055422,86.38567460439984,86.5810775756836,17770000
DIS,2023-07-17,86.38566771988881,86.45405689092254,83.33745614940163,83.59146881103516,34503400
DIS,2023-07-18,83.54262443390236,85.29144177089645,83.34722147638698,83.97249603271484,21885100
DIS,2023-07-19,84.21674466124543,85.86786425664693,84.20698010370464,85.03742218017578,17177000
DIS,2023-07-20,84.84201158765973,85.1741928606761,84.05065017413786,84.22650909423828,15277500
DIS,2023-07-21,84.31444374158859,85.87763002852306,83.9041012850069,85.1741943359375,19901000
DIS,2023-07-24,85.47706662196109,85.93625426209567,84.55869879555271,84.6075439453125,13911900
DIS,2023-07-25,83.75755627093702,84.32420616105905,83.20067093739883,83.65985107421875,15335400
DIS,2023-07-26,83.69894393378742,84.28513793074286,83.4840043956695,83.88457489013672,14983700
DIS,2023-07-27,84.60754088427555,84.88109756538782,83.22998546757151,83.39607238769531,16691400
DIS,2023-07-28,83.88456890570033,84.58800463340725,83.48399843981034,84.14835357666016,13638300
DIS,2023-07-31,84.9983411710078,87.30404389563364,84.8810993963476,86.84485626220703,20837800
DIS,2023-08-01,87.06956924328102,87.66553523009183,86.4247506527536,86.98163604736328,13717500
DIS,2023-08-02,86.229349668669,86.29773883721197,84.27536490588659,84.31444549560547,15162700
DIS,2023-08-03,83.84549586104458,84.47077046331279,83.48400595347715,83.52308654785156,14145400
DIS,2023-08-04,83.96272764199581,85.10580693929704,83.48399600833469,84.31444549560547,11533900
DIS,2023-08-07,84.66615796769361,85.22304329153563,84.0115674488345,84.83224487304688,10818400
DIS,2023-08-08,84.50984571100844,86.29774365775172,84.11904724585011,86.10234069824219,16767900
DIS,2023-08-09,87.1477222092102,87.49944008207368,85.0374224258901,85.47706604003906,32517900
DIS,2023-08-10,87.90000927182705,90.40110748326582,85.73108490553095,89.6488265991211,56716800
DIS,2023-08-11,89.21894836232627,89.24825694259309,86.81554788025888,86.97186279296875,21998900
DIS,2023-08-14,86.94255204631396,87.24542476053247,85.96555964117412,86.76669311523438,13676400
DIS,2023-08-15,85.96557205510697,86.20005563298092,84.89088174503367,85.05696868896484,13677900
DIS,2023-08-16,84.54891981321498,85.05695256122335,84.09950422162983,84.36328887939453,12182700
DIS,2023-08-17,84.92018400175196,84.95926459515255,83.82595720197958,83.94319152832031,14206000
DIS,2023-08-18,83.40584732509369,84.72478562893673,83.40584732509369,83.98226928710938,12364400
DIS,2023-08-21,83.8357093458832,84.26558835577393,83.44491837746611,83.90409851074219,11215000
DIS,2023-08-22,83.73802381093702,84.10927826659795,83.40584994858689,83.8161849975586,9835300
DIS,2023-08-23,83.8357187334224,84.34375897542853,83.66963180786149,83.85526275634766,7576000
DIS,2023-08-24,83.54262091580095,83.97249249651092,80.5627911604573,80.57256317138672,27531000
DIS,2023-08-25,81.1587641847445,81.72542160627114,80.56279818173563,81.44209289550781,16050900
DIS,2023-08-28,81.90126172953009,82.74147565697231,81.60816107433517,82.22367095947266,12166400
DIS,2023-08-29,81.86219443755492,82.60471075178408,81.80357727854174,82.45816040039062,11210700
DIS,2023-08-30,82.45815362749131,82.73171028556428,81.90126830102568,82.34091186523438,11816600
DIS,2023-08-31,82.51678315893514,82.66333352027341,81.71564963132843,81.75473022460938,10448000
DIS,2023-09-01,80.22084532840998,80.33808709799935,78.67719557118829,79.76165771484375,27701900
DIS,2023-09-05,79.54671792860833,80.49440173146928,79.31224184408264,79.32201385498047,12741700
DIS,2023-09-06,78.93121324458514,80.20129883360288,78.67719314523755,79.1168441772461,15518500
DIS,2023-09-07,78.96051852529581,78.98982710210045,77.91513704739116,78.71627044677734,14768000
DIS,2023-09-08,78.68696056304182,79.79095917621918,78.32547072944902,79.70303344726562,16220900
DIS,2023-09-11,80.05475664928758,81.92080818753877,79.30246835524157,80.62140655517578,26579100
DIS,2023-09-12,81.1196836280509,82.72195068326431,80.67026798611163,81.75473022460938,16594600
DIS,2023-09-13,81.43232001105963,82.11621920504724,81.20761591952983,81.55933380126953,9772700
DIS,2023-09-14,82.0673639025074,82.7903362117104,81.1294520666563,82.53632354736328,22371900
DIS,2023-09-15,83.25929744294602,84.2069813082089,82.66333145456134,83.61101531982422,21631200
DIS,2023-09-18,83.27882806519922,83.94318317920946,83.0248154141514,83.06388854980469,11894200
DIS,2023-09-19,81.9892046721294,82.83919078761082,79.83005225059016,80.05476379394531,21478900
DIS,2023-09-20,80.14267957210356,81.28575880834752,79.76165316002223,80.66048431396484,12715200
DIS,2023-09-21,80.17199329479196,81.74495164207379,80.03521495623357,80.82658386230469,14378000
DIS,2023-09-22,81.00244919928507,81.43232081710791,79.33178551755415,79.3806381225586,11495300
DIS,2023-09-25,79.68349765803964,79.88866516731703,78.70650525927462,79.14615631103516,11034400
DIS,2023-09-26,78.64788792062456,78.88236400871071,77.95422421355187,78.20824432373047,14867900
DIS,2023-09-27,78.27663844703072,78.7065100600828,77.39734374373636,78.06169891357422,14662500
DIS,2023-09-28,78.43295019491242,79.05822474668553,77.81744765440907,78.2863998413086,12229800
DIS,2023-09-29,78.80420764424002,79.45879073907851,78.55995955328295,79.18523406982422,11261400
DIS,2023-10-02,79.05822552723977,79.88866760071308,78.9312191949215,79.79096984863281,9128100
DIS,2023-10-03,79.38063230165133,80.00590683978012,77.63181501555785,77.70997619628906,12586200
DIS,2023-10-04,77.77836959872897,77.95422853801438,76.91861892547864,77.49504089355469,12010500
DIS,2023-10-05,77.28010364211765,79.0777736805087,77.06516410399753,78.95075988769531,15466600
DIS,2023-10-06,79.18524592173317,81.60818317251429,78.63812504747507,81.0317611694336,15391100
DIS,2023-10-09,82.36046023360365,82.927110146442,81.21737348937079,82.75125122070312,13604400
DIS,2023-10-10,82.83918854211504,83.32768475421348,81.99897446099689,83.03458404541016,9450600
DIS,2023-10-11,83.40584448616045,83.74779033790878,82.32138231785822,82.8978042602539,9499200
DIS,2023-10-12,82.87827670274442,83.11275281888517,81.58864688317826,82.40931701660156,9554900
DIS,2023-10-13,82.00875396210533,82.63402857438824,81.4616330859618,82.40931701660156,10808000
DIS,2023-10-16,82.37023093217324,83.95296138183289,82.37023093217324,83.73802185058594,10275100
DIS,2023-10-17,83.38630140452125,84.30467666288583,83.34722081332907,84.21674346923828,9985700
DIS,2023-10-18,83.71846897965007,84.27535426859824,82.65354354234184,82.73170471191406,10047000
DIS,2023-10-19,83.2983744334263,83.30813899068455,81.25645643351712,81.3346176147461,14316800
DIS,2023-10-20,80.9926611548884,81.52023787828547,80.70933250044222,80.7484130859375,10437000
DIS,2023-10-23,80.19154317178241,82.0966754935588,79.04846377871658,81.18807220458984,10772500
DIS,2023-10-24,81.49093375687741,82.26275113755295,79.85935090217079,80.66048431396484,11499500
DIS,2023-10-25,80.24038620368978,80.65072869234945,78.66742778309992,78.7358169555664,9372500
DIS,2023-10-26,78.23755873014568,78.75536354625477,77.59274012255707,77.9444580078125,11651000
DIS,2023-10-27,77.91514152512103,79.1656905663862,77.40710877230464,77.50480651855469,10300600
DIS,2023-10-30,77.88584147330535,79.06800147622828,77.70021051740585,78.8237533569336,10291200
DIS,2023-10-31,78.83352704597579,79.79097551981852,78.48180915039973,79.71281433105469,8672200
DIS,2023-11-01,79.65419622791846,79.70304883378557,78.33525786197875,79.20478057861328,9093000
DIS,2023-11-02,79.96682397581502,81.38346738431383,79.93751539733923,81.37369537353516,11518500
DIS,2023-11-03,82.23345249905412,83.95296129335681,82.22368794136108,83.11274719238281,11331800
DIS,2023-11-06,83.12252355000024,83.82595934144234,81.66679936065316,82.08690643310547,14160900
DIS,2023-11-07,82.22367640227108,82.73170912386433,82.0185014577375,82.6437759399414,10540200
DIS,2023-11-08,82.20413694984676,82.96618980151248,82.01850601536299,82.55585479736328,26942600
DIS,2023-11-09,85.81901628559788,89.11148364271092,85.58454017633078,88.2614974975586,51062700
DIS,2023-11-10,88.0563192507963,88.08563528301443,84.93971867235531,86.2391128540039,25175700
DIS,2023-11-13,86.38566573189567,87.83161775543974,85.39890878024009,87.3822021484375,12834400
DIS,2023-11-14,87.9586278989247,89.43388856568171,87.91954730698656,88.97470092773438,13152000
DIS,2023-11-15,90.85052275320574,92.3941725607112,90.60627464900021,91.7688980102539,20593100
DIS,2023-11-16,91.72981804432537,92.43325378184942,91.47579792713931,92.33555603027344,12923900
DIS,2023-11-17,92.57003492342122,93.1855374854324,91.75912939848996,91.98384094238281,12189300
DIS,2023-11-20,91.81774465454058,93.39069548600284,91.71027489935506,92.84358215332031,14105300
DIS,2023-11-21,92.55049590354005,92.77519998762239,91.79820756047322,92.27693176269531,7654800
DIS,2023-11-22,92.72635263288588,93.50794208369703,92.57980228152738,92.8826675415039,7328200
DIS,2023-11-24,92.71657676778435,94.28953506900349,92.71657676778435,93.84988403320312,5440500
DIS,2023-11-27,93.53725496555963,93.53725496555963,92.34532298534818,92.9803695678711,11049500
DIS,2023-11-28,92.81427661792651,92.95105495558094,90.32294305348013,90.37179565429688,18660300
DIS,2023-11-29,90.46949340206999,91.09476793245034,89.33618611095322,90.37179565429688,13857000
DIS,2023-11-30,91.3976481993159,91.70051347861816,90.0787024067884,90.55743408203125,13396700
DIS,2023-12-01,90.60628135291374,90.70397911105245,89.65859744585995,90.44996643066406,11898200
DIS,2023-12-04,89.7856042738717,90.28387249174025,89.50227557954881,89.89307403564453,12602800
DIS,2023-12-05,89.50227483148494,89.66836175143278,87.86092729268981,88.70114135742188,12357000
DIS,2023-12-06,89.01377946293601,90.42065092475953,88.5350552670113,89.39480590820312,10462000
DIS,2023-12-07,89.68790887504721,91.24132327508805,89.541358518436,90.22525024414062,10264700
DIS,2023-12-08,90.2350518178585,91.68571641860984,90.2350518178585,90.97998809814453,9498200
DIS,2023-12-11,90.89177616727684,91.23483646941285,90.14683988395743,90.37227630615234,10811000
DIS,2023-12-12,90.29386733359021,90.37227577493633,89.05884277500644,89.26467895507812,13218400
DIS,2023-12-13,89.36268769785033,91.02899219721812,88.98041946971104,90.98978424072266,10173200
DIS,2023-12-14,91.36224955060692,92.95013815332821,91.36224955060692,92.0777816772461,12439300
DIS,2023-12-15,91.20543130633993,92.08758422208216,91.08780742776928,91.6072998046875,17551600
DIS,2023-12-18,90.86236371822162,91.85234413331906,90.86236371822162,91.01919555664062,9083600
DIS,2023-12-19,90.80354933716228,92.12678610160084,90.77414523899859,92.06797790527344,8804000
DIS,2023-12-20,91.39165757910213,92.40123820867194,89.4411083779482,89.46070861816406,13060600
DIS,2023-12-21,90.10762663206273,90.25465460381588,89.25487037841711,90.19583892822266,13037200
DIS,2023-12-22,89.80377964658521,90.41148433133476,88.95102334224323,89.21566772460938,9419800
DIS,2023-12-26,89.03922893783025,89.46070512848827,88.80398867364882,89.14704895019531,8086900
DIS,2023-12-27,89.1078558836546,89.13725998435407,88.25509957260049,88.5883560180664,11123500
DIS,2023-12-28,88.30409613646127,89.17646008991213,88.18647974402309,88.60795593261719,8479600
DIS,2023-12-29,88.3335015033639,88.80398199635067,88.07865354074039,88.50012969970703,9211000
DIS,2024-01-02,88.31390354914775,89.66655194184513,87.95124302033167,88.91181182861328,10587600
DIS,2024-01-03,88.44133436706291,90.25465950882383,88.21589046770227,89.83318328857422,11929800
DIS,2024-01-04,90.11743418844432,90.11743418844432,88.21588929289933,88.76478576660156,12087400
DIS,2024-01-05,88.61776854625334,89.50972534902616,88.56875672579329,89.09805297851562,9092100
DIS,2024-01-08,89.73516845703125,90.11743672313341,89.19606834937242,89.73516845703125,11103700
DIS,2024-01-09,89.2450739020053,89.294078240435,87.82381348078518,87.89242553710938,11255100
DIS,2024-01-10,88.03945083220567,88.03945083220567,87.11808255116004,87.51995849609375,15091600
DIS,2024-01-11,87.6179725065319,88.00024072482364,86.93185198091925,87.6767807006836,9642200
DIS,2024-01-12,87.87282414788181,89.02943270946925,87.87282414788181,88.55894470214844,11919400
DIS,2024-01-16,88.50013235827821,91.24462192488656,87.68658411194829,91.2054214477539,16780900
DIS,2024-01-17,90.74474948085621,91.90135814323142,88.31390827448747,88.54914855957031,15735200
DIS,2024-01-18,88.86281089066487,90.67613603861598,88.61776674964031,90.382080078125,12203200
DIS,2024-01-19,90.48989668354908,91.72492120158901,89.81357248683499,91.21522521972656,19790100
DIS,2024-01-22,91.0289936469537,93.3422107699542,91.0289936469537,93.19518280029297,15119400
DIS,2024-01-23,93.5382446677386,93.98912496505329,91.33284751978326,91.91114807128906,11559400
DIS,2024-01-24,92.54826789283452,93.36181622265494,91.41126698548196,91.6465072631836,10454900
DIS,2024-01-25,92.05817726840245,93.05796150987813,91.89154905420763,92.97954559326172,8661600
DIS,2024-01-26,93.11677085878532,93.63626322601924,92.82271490691723,93.46963500976562,7812800
DIS,2024-01-29,93.52843853674824,95.56720742319992,93.11676620722044,95.55740356445312,13422200
DIS,2024-01-30,94.60663833742638,95.60642261699073,94.10675367579789,95.01831817626953,9139600
DIS,2024-01-31,94.50861847396627,95.63582297010547,93.91071019718339,94.14595794677734,9592300
DIS,2024-02-01,94.45960861731197,95.98868150959177,93.99892448229102,95.13592529296875,8484800
DIS,2024-02-02,94.37138794637903,95.47899212719807,93.92050767419228,95.20453643798828,9321300
DIS,2024-02-05,94.7830665339535,95.43979048603563,94.5772303620424,94.73406219482422,11679300
DIS,2024-02-06,94.99871042738857,97.35113566768656,94.87129016668777,97.32173156738281,16455500
DIS,2024-02-07,95.45938899631246,97.31192198809744,94.72425661931355,97.17469787597656,28886300
DIS,2024-02-08,104.95730677017254,110.53450625460331,104.68285853267341,108.34871673583984,60558400
DIS,2024-02-09,107.42734570636857,107.96644578669107,105.55521243117789,106.2413330078125,21509100
DIS,2024-02-12,105.74144447184723,108.8584062279762,105.69244013079914,107.12349700927734,13424000
DIS,2024-02-13,106.13351662092218,108.45653775808246,106.06490456091258,108.27030181884766,14594500
DIS,2024-02-14,108.3879341973352,109.46612700124166,107.49596986911301,109.34850311279297,11405500
DIS,2024-02-15,108.87801102004862,110.68153225025532,108.87801102004862,110.2208480834961,9961900
DIS,2024-02-16,109.79938296173013,110.32867924007762,108.95643793860738,109.38771057128906,8782200
DIS,2024-02-20,108.65256037817207,108.92700859370787,107.18229567081345,107.27051544189453,9770900
DIS,2024-02-21,106.32954678091296,107.05487527500016,105.11412257355789,105.53559875488281,10427500
DIS,2024-02-22,105.84926299284786,106.33935126531165,105.28076628018655,105.5062026977539,9266200
DIS,2024-02-23,105.43758931351036,105.85906552165793,103.73208424065551,105.60421752929688,11724000
DIS,2024-02-26,105.38857832029184,106.60400261450697,105.25135420290522,105.54541015625,8694200
DIS,2024-02-27,105.64342659527027,107.40774736371851,105.64342659527027,107.25091552734375,7595000
DIS,2024-02-28,106.62360064330875,108.83880167227147,106.5059842469333,108.60356140136719,10773000
DIS,2024-02-29,108.93682294530123,110.5149078147891,108.7701947238407,109.36810302734375,11658300
DIS,2024-03-01,109.2308816195883,109.92680610134543,108.82900562803837,109.73076629638672,7242400
DIS,2024-03-04,110.43648742289372,111.86754425390592,109.58373863103532,111.43627166748047,11558900
DIS,2024-03-05,111.3578587676289,112.90653951589,110.04441829816898,110.63253021240234,14929600
DIS,2024-03-06,110.83836456242341,111.05400459699736,107.08428663218581,107.87822723388672,14743900
DIS,2024-03-07,108.50553811097633,108.87800997575559,107.03527332639317,107.995849609375,8609300
DIS,2024-03-08,107.99585540646707,109.10345224483902,107.17250319426414,108.1330795288086,10009200
DIS,2024-03-11,107.90763265879953,110.67173770521043,107.84882445888563,110.08362579345703,8794300
DIS,2024-03-12,110.28945242089567,110.71092859947302,109.42689982485149,110.23064422607422,8085000
DIS,2024-03-13,110.50509958661834,111.86754436122305,110.21105111533983,110.26985931396484,7267900
DIS,2024-03-14,109.5249210865684,110.12282935566436,107.33913165797121,109.83857727050781,10520500
DIS,2024-03-15,109.38770598540135,110.72074674650496,109.19167365859656,109.73076629638672,15364200
DIS,2024-03-18,110.06402091353247,112.16159804112017,110.06402091353247,111.59309387207031,11820800
DIS,2024-03-19,111.16182046805787,112.88692572399773,110.99518477964111,112.2400131225586,10999700
DIS,2024-03-20,112.33802693689293,114.20036374395725,112.09298281696745,114.15135192871094,11699600
DIS,2024-03-21,114.67085641569014,115.03352444373922,113.56325956841347,114.38660430908203,10353500
DIS,2024-03-22,114.60223996848329,115.327575996825,113.54364750400097,113.57305908203125,7144800
DIS,2024-03-25,114.65124476351744,117.04287778235795,114.55322861054842,116.99386596679688,12103600
DIS,2024-03-26,117.25852581122008,118.01326599286404,115.84707657015211,117.55258178710938,11870000
DIS,2024-03-27,118.56214887397627,119.61093743278127,117.64078056839222,118.58175659179688,10782800
DIS,2024-03-28,118.84639834405476,121.28703568833022,118.79738652873412,119.93439483642578,15367400
DIS,2024-04-01,119.64034196118872,119.97360586195711,118.38571722967937,119.120849609375,8419700
DIS,2024-04-02,117.83682687142368,121.08120888187469,117.77801867101665,120.38528442382812,15517100
DIS,2024-04-03,119.84618075050727,121.23803710322646,116.03329465603787,116.62140655517578,22480400
DIS,2024-04-04,116.85664830914125,117.8074207495584,114.64144723459597,114.76886749267578,13815400
DIS,2024-04-05,114.28858165462101,116.50378270150199,113.99453318315051,116.03329467773438,9653900
DIS,2024-04-08,115.68042862631866,116.17051688219354,114.50421980348028,115.02371215820312,6266000
DIS,2024-04-09,115.0531159213108,116.16072016237402,114.57283152583788,115.63142395019531,7451100
DIS,2024-04-10,114.28858191222362,115.22955048372633,114.06314549807011,114.86688995361328,6746300
DIS,2024-04-11,115.25894742703906,115.93527158381552,114.06313841622908,114.82767486572266,6559400
DIS,2024-04-12,114.08274105985384,114.38659337871023,111.47547548539045,111.74992370605469,12155200
DIS,2024-04-15,112.6026785264226,113.25940249338854,110.53450542319854,110.7109375,9637100
DIS,2024-04-16,110.58351285759355,112.23020968307395,110.28945691519755,111.62249755859375,9291400
DIS,2024-04-17,111.74012610185099,111.94596227887071,110.6521295389228,110.70114135742188,7379000
DIS,2024-04-18,110.9363805704606,111.98516916416295,109.96600789434339,110.20124816894531,8235600
DIS,2024-04-19,109.50532898675527,110.48550556919577,108.87801657224568,110.377685546875,9436000
DIS,2024-04-22,110.85797036342292,111.38726661715761,109.53473346816313,109.76997375488281,6901700
DIS,2024-04-23,110.59331136319571,111.97535627799056,110.56390726601008,111.45586395263672,6839300
DIS,2024-04-24,110.897168544061,111.9165530008172,110.897168544061,111.66170501708984,6157200
DIS,2024-04-25,109.01523856526254,110.65213163119459,108.20169022297759,110.53450775146484,8045900
DIS,2024-04-26,109.6327477555577,110.77955254662012,109.11325537045184,110.49530792236328,6304800
DIS,2024-04-29,110.79916105952351,111.6225057939322,108.15267981716597,109.85819244384766,7151200
DIS,2024-04-30,109.77976622738247,109.81897418412775,108.60355743763604,108.8976058959961,8156600
DIS,2024-05-01,109.08384998135736,109.76997058034466,108.02525750450239,108.28990936279297,6338400
DIS,2024-05-02,109.22106924488298,110.63252581793235,108.3683129856401,110.38748168945312,6799800
DIS,2024-05-03,111.28924410523061,111.84794442816256,110.56391556696798,111.40686798095703,7411100
DIS,2024-05-06,112.52426277558132,114.6218398422981,111.88714656862832,114.1611557006836,16303200
DIS,2024-05-07,105.1239330864669,105.74144160966475,102.14419553097325,103.3008041381836,55084600
DIS,2024-05-08,102.82051914685391,104.36919985380266,102.3696388419486,103.34981536865234,15238100
DIS,2024-05-09,102.54607386125994,104.02613507482317,102.32062996325526,103.70268249511719,15096000
DIS,2024-05-10,104.80047553893166,104.8984916988693,103.33021070540629,103.69287872314453,15884600
DIS,2024-05-13,103.49684603723466,104.52603448268788,103.49684603723466,103.73209381103516,9666400
DIS,2024-05-14,103.21259996550236,103.88891674087257,102.86953216967443,103.26160430908203,11278400
DIS,2024-05-15,103.52625150275672,103.78109202542376,99.38010134180547,100.73274230957031,20745600
DIS,2024-05-16,100.99738652085976,101.96775915297889,100.80134673578564,101.32084655761719,9476700
DIS,2024-05-17,101.57568856204418,101.76192449107845,100.99738801337415,101.2032241821289,7356000
DIS,2024-05-20,101.28164467251699,101.61490110989224,100.48769658213702,100.86016845703125,7667400
DIS,2024-05-21,100.94837934206221,101.64430378519764,100.6837349677473,100.96798706054688,7333300
DIS,2024-05-22,100.93858272255528,101.77173128050141,100.71313882943518,100.977783203125,7190300
DIS,2024-05-23,100.93859073828341,100.96799484012249,98.28230554045794,98.66458129882812,10504000
DIS,2024-05-24,98.8507955271662,100.0662122563698,98.6939711805688,99.74275970458984,6451600
DIS,2024-05-28,99.35068649897656,100.82095118772051,98.94881056120649,100.4092788696289,7813100
DIS,2024-05-29,99.74276335848988,100.05641954132793,98.77238323314288,98.88020324707031,7376300
DIS,2024-05-30,99.135055855518,100.04662034786153,98.96842763646094,99.68395233154297,7300600
DIS,2024-05-31,99.50751472397003,102.01677164241558,99.39970218915882,101.85014343261719,14735800
DIS,2024-06-03,102.10499099640414,102.1540028159229,100.44849768645352,100.73274230957031,6908600
DIS,2024-06-04,100.08582257781909,101.43846344979913,99.61533456947858,101.2816390991211,7269100
DIS,2024-06-05,100.95817979333435,101.03659570831897,99.02723088621946,99.4879150390625,10796900
DIS,2024-06-06,99.0468423292974,99.90939499210991,98.81159457549566,99.20366668701172,10294700
DIS,2024-06-07,98.8606021798376,100.24264715328434,98.55674985848721,99.5271224975586,6047800
DIS,2024-06-10,99.24287762886077,100.8111586439083,98.64496932341237,100.70333862304688,7621900
DIS,2024-06-11,100.60531623414907,100.84055650230606,98.74297937236913,98.87040710449219,9134200
DIS,2024-06-12,99.19386058396668,99.67415246183258,98.26269588356334,98.80179595947266,9041800
DIS,2024-06-13,98.61556146281843,99.06644177006879,97.63538493101677,98.10586547851562,10164600
DIS,2024-06-14,97.83141889517636,98.39011922859471,97.28252242112426,97.98825073242188,7087600
DIS,2024-06-17,98.97822622457961,99.89958704910208,98.62536208645501,99.50751495361328,10389000
DIS,2024-06-18,99.11545066011546,99.74276302368587,98.61555854978012,99.4879150390625,7044700
DIS,2024-06-20,98.57634617968043,99.91919062060703,98.39011025946684,99.8211669921875,7886900
DIS,2024-06-21,99.78196859997571,100.50729710089097,99.57612495851505,100.24264526367188,14137300
DIS,2024-06-24,100.2230412607488,101.03658950290324,99.88978485976185,99.9583969116211,7393600
DIS,2024-06-25,100.62492954780532,101.62470635168476,99.75256552682775,100.17404174804688,10296100
DIS,2024-06-26,99.87998598297646,100.3406701305021,99.41930183545084,100.15443420410156,10122300
DIS,2024-06-27,100.01721779994129,100.25245808215209,99.79177389913039,100.14463806152344,8365200
DIS,2024-06-28,99.99760938917574,100.54651334807593,96.42976730801604,97.32173156738281,21439400
DIS,2024-07-01,97.42954483933026,97.76280125722981,95.93967238312965,96.09650421142578,15299000
DIS,2024-07-02,95.99849626843262,96.04750061035156,95.02811607369966,96.04750061035156,13340300
DIS,2024-07-03,95.90046468401198,97.11588892211682,95.890668303332,96.65520477294922,5030000
DIS,2024-07-05,96.36115681561724,96.36115681561724,95.64563210273951,96.04750061035156,8550800
DIS,2024-07-08,96.19520731209185,96.78602496141718,95.40744543788874,95.8801040649414,8167600
DIS,2024-07-09,95.97857405169502,96.0376535638351,94.67877219603452,95.56500244140625,9044400
DIS,2024-07-10,95.46652313503607,95.79147546541938,94.7772371426962,95.48622131347656,7761100
DIS,2024-07-11,95.52560959409222,96.08688747387278,94.82647451665707,95.12187957763672,7422600
DIS,2024-07-12,95.61422855580784,96.33306180929092,95.49606953685168,95.64376831054688,6465700
DIS,2024-07-15,95.84070913775398,95.99825699500394,95.12187590971294,95.38774871826172,7417700
DIS,2024-07-16,95.5354546208051,97.20944674409364,95.06280350110661,96.96327209472656,10755500
DIS,2024-07-17,96.79587138714375,97.10112553648665,95.05295073004454,95.82101440429688,9456100
DIS,2024-07-18,95.87026077684236,96.5595468239897,95.2006653970473,95.3089828491211,7529400
DIS,2024-07-19,95.3385159392111,95.3385159392111,93.97963460729876,94.27503967285156,9301000
DIS,2024-07-22,93.65468228877093,93.7039202226979,92.05946788897664,92.6896743774414,13377000
DIS,2024-07-23,89.31215936026203,90.28701637622709,88.45547639264032,89.54849243164062,22534700
DIS,2024-07-24,88.8395054307311,89.36139446636126,88.2092989523112,88.42593383789062,11768500
DIS,2024-07-25,88.70165357851543,89.11522519627881,87.84496307373047,87.84496307373047,10765300
DIS,2024-07-26,88.62286841648705,89.16445561742704,87.97296377535908,88.55393981933594,11301900
DIS,2024-07-29,89.00690293376387,91.13385544607864,88.8099662252846,90.7301254272461,13024800
DIS,2024-07-30,90.2673101227097,92.60104828340128,90.2673101227097,92.35487365722656,9896100
DIS,2024-07-31,92.35487704295531,93.38880600320093,92.20717075930489,92.25640869140625,10241800
DIS,2024-08-01,92.42380888634592,92.5124281520564,91.18308657782178,91.62620544433594,9263600
DIS,2024-08-02,90.74982074847239,90.78920207880525,87.63816976642231,88.19944763183594,15433600
DIS,2024-08-05,85.56045514710817,88.189598433811,85.09764563340657,86.43683624267578,19103200
DIS,2024-08-06,86.8799569975094,90.5036479881022,86.6140841800093,88.59333038330078,21717500
DIS,2024-08-07,86.65346971926473,87.87449377994776,84.43789805030626,84.64468383789062,30581900
DIS,2024-08-08,83.8470804411147,85.00902499467462,82.62605638043168,84.64468383789062,21890500
DIS,2024-08-09,84.81208382380636,84.93025035494252,83.4138136789706,84.89086151123047,16008400
DIS,2024-08-12,84.54621502934737,85.05825495115853,84.17203229851049,84.63483428955078,11754600
DIS,2024-08-13,85.13703297700468,85.13703297700468,84.00462817861114,84.29019165039062,14615200
DIS,2024-08-14,84.69392869197331,85.21581774796363,84.25080981436813,84.9794921875,9475100
DIS,2024-08-15,85.91494462523812,87.56923841537635,85.87555578349037,87.43138122558594,12401000
DIS,2024-08-16,87.59877709677801,88.29791212577659,86.98826132613758,87.93357849121094,10277700
DIS,2024-08-19,88.04189971055462,89.55832884487184,88.04189971055462,89.4303207397461,9723600
DIS,2024-08-20,89.0069074103707,89.28262182117031,87.94343110072573,88.36685180664062,8863400
DIS,2024-08-21,88.83949889991867,89.39092764983572,88.0615861919124,89.33184814453125,7637600
DIS,2024-08-22,89.5977251208216,89.98175698071158,88.32746300247233,88.54409790039062,7613000
DIS,2024-08-23,88.77057863557678,89.36139628201802,88.30776910019074,89.17430114746094,7369200
DIS,2024-08-26,89.52879187146507,90.39533141816409,89.52879187146507,90.3756332397461,8043800
DIS,2024-08-27,90.03099090980437,90.31655439774629,89.36139557906391,89.50910186767578,7237400
DIS,2024-08-28,88.9478248500155,89.23338834074713,87.40184837443667,88.12067413330078,8569700
DIS,2024-08-29,89.0659822376961,89.31215687905254,88.25852971455315,88.43577575683594,6181800
DIS,2024-08-30,88.60318163140099,89.06598365388058,88.03205465133598,88.99705505371094,8403600
DIS,2024-09-03,88.23883290044405,89.10536487308448,87.18520580936006,87.76617431640625,8465500
DIS,2024-09-04,87.58893343682482,88.64256058986356,87.46092532926724,87.88434600830078,6317200
DIS,2024-09-05,88.29792260235862,88.29792260235862,86.98827164732903,87.29353332519531,6234100
DIS,2024-09-06,87.0965817088042,87.72678816507708,86.37775599117427,86.59439086914062,7791500
DIS,2024-09-09,86.87010697373003,87.52985319684416,86.46637696359369,86.98826599121094,8750200
DIS,2024-09-10,86.97842705201714,87.52985585072378,86.63378405282549,87.04735565185547,6858300
DIS,2024-09-11,86.70271683046278,87.07689960295042,85.26505022858214,86.96858215332031,10779000
DIS,2024-09-12,86.87010231499339,87.96311824399699,86.83071347372756,87.93357849121094,7173300
DIS,2024-09-13,88.0812772460557,89.33184853999364,88.0221977404897,89.1644515991211,7084200
DIS,2024-09-16,89.70604087005559,90.95661229792329,89.5583345776687,90.44456481933594,9028600
DIS,2024-09-17,90.95660201740029,91.82313398205918,90.75965781225968,91.43910217285156,8193100
DIS,2024-09-18,92.08899952981488,92.63058670467368,91.27170549228245,92.14808654785156,10289800
DIS,2024-09-19,93.36912034418708,93.83192988520146,91.89207245379434,92.02008056640625,10912400
DIS,2024-09-20,91.77389592071995,92.57150680324993,91.39971320047043,92.31548309326172,19251500
DIS,2024-09-23,92.26625004234698,92.26625004234698,90.74982090435722,91.54742431640625,7338700
DIS,2024-09-24,91.91175819200404,92.35487704295531,91.0452261806572,92.25640869140625,7860300
DIS,2024-09-25,92.20717287234922,92.99493472810158,91.92160938745533,92.4828872680664,8408200
DIS,2024-09-26,93.01462654920422,94.32427745778277,92.73891215006219,93.74330139160156,10061600
DIS,2024-09-27,94.02886895428851,95.41729761211187,93.82208314597202,94.5409164428711,10155400
DIS,2024-09-30,95.36805203663894,96.07703618701873,93.97963100268989,94.71815490722656,7982300
DIS,2024-10-01,93.73345661575874,94.38335374689002,91.89206763768838,92.61090087890625,10099200
DIS,2024-10-02,92.1579295727486,93.13278650282318,92.1579295727486,92.70936584472656,6144200
DIS,2024-10-03,92.17763599384223,92.65028711191948,91.7049773631109,92.19732666015625,6180300
DIS,2024-10-04,92.85707664038415,93.881156525333,92.45334662720025,93.6940689086914,6308900
DIS,2024-10-07,93.63497846456004,93.68421639551829,90.35593810944633,90.9762954711914,11043600
DIS,2024-10-08,91.10430873971283,92.30564220173791,90.28701463309999,91.09446716308594,10209100
DIS,2024-10-09,90.45441221777641,92.57151566866386,90.06053128299321,92.16778564453125,8654500
DIS,2024-10-10,92.28594902858242,92.44349688952542,91.27171072717813,91.5671157836914,6698000
DIS,2024-10-11,91.42926140051188,93.16233300011696,91.38003097923884,92.6896743774414,8089100
DIS,2024-10-14,92.73891005626591,93.73345769870593,92.36472731054319,93.5168228149414,6262000
DIS,2024-10-15,93.79252800332708,94.18640888854881,92.24655172677048,92.77828979492188,6535800
DIS,2024-10-16,92.29579834210041,95.30897349925671,92.19732247703608,95.26958465576172,9936300
DIS,2024-10-17,95.44683703454686,95.8407179830038,94.14703516349691,95.06280517578125,9542500
DIS,2024-10-18,95.5256080867201,96.04749711427064,94.58029838372508,95.79147338867188,8609700
DIS,2024-10-21,95.71269813611801,95.95887277897084,94.48182492185387,95.1415786743164,8189900
DIS,2024-10-22,94.72799699178393,95.77178255773413,94.72799699178393,95.25973510742188,5344300
DIS,2024-10-23,95.44683180115435,95.65361759740888,94.52121274993078,94.76738739013672,5388500
DIS,2024-10-24,95.12188187985645,95.31882610459664,93.7925402916396,93.94024658203125,5015300
DIS,2024-10-25,94.34396853649139,95.36805596110936,93.55621418016109,93.5759048461914,6638100
DIS,2024-10-28,93.7629964611726,95.21050452132519,93.75314737220013,94.72799682617188,8146400
DIS,2024-10-29,94.7870808612302,95.14157292653468,94.21595392127816,94.65906524658203,6834400
DIS,2024-10-30,94.2356532841415,95.23020097652578,93.48728775511461,93.6251449584961,7718200
DIS,2024-10-31,93.81222688072761,95.15141750014403,93.54636157970029,94.72799682617188,8147700
DIS,2024-11-01,94.23564618388637,94.91509057268341,93.37896327208513,94.34396362304688,7944900
DIS,2024-11-04,94.36366099808993,94.55074860833204,93.57589917683273,94.32427215576172,6088000
DIS,2024-11-05,94.1371822630836,95.19080943777836,93.79253926438044,95.15142059326172,6561700
DIS,2024-11-06,96.70725094873889,98.02675101130473,96.70725094873889,97.37684631347656,11325100
DIS,2024-11-07,97.26853057872594,97.99720546969328,96.62847495939522,97.4162368774414,7805100
DIS,2024-11-08,97.2192887043375,97.74117772069992,96.11642365149272,97.50484466552734,7982100
DIS,2024-11-11,97.48516375512654,99.3560926428568,97.48516375512654,99.31670379638672,9137900
DIS,2024-11-12,99.01144750127193,99.74012236368795,97.97751096343036,99.44470977783203,9366200
DIS,2024-11-13,99.2477630936205,101.62088258105767,98.81449334792518,101.14823150634766,17701300
DIS,2024-11-14,108.64179411151392,113.05323946068607,106.7413255869947,107.45030975341797,47436100
DIS,2024-11-15,108.56301872821416,113.42743213015348,108.56301872821416,113.3191146850586,32048000
DIS,2024-11-18,111.59588754757984,113.67360207183387,111.16261778512954,111.80267333984375,14226200
DIS,2024-11-19,110.33548017205199,110.77859153312286,109.1242975990554,110.69981384277344,12166800
DIS,2024-11-20,110.54226062730129,112.61997515567087,109.76434787620357,112.51165771484375,9319300
DIS,2024-11-21,112.4033370149943,114.47120239442746,112.08823379062976,112.96461486816406,10261000
DIS,2024-11-22,112.10793350637543,114.55983090368584,111.86175885769535,113.8803939819336,10098000
DIS,2024-11-25,113.9099257639524,114.79615593969457,113.17140186960951,114.22502899169922,10397800
DIS,2024-11-26,114.22503601906972,114.6386076223087,113.67360721475109,113.6834487915039,6808100
DIS,2024-11-27,113.68344141294975,116.39136234971484,113.68344141294975,115.80054473876953,8142400
DIS,2024-11-29,115.46575296533271,115.93840405769797,114.94386394087982,115.67253875732422,5095200
DIS,2024-12-02,115.97779498010041,116.81478725202038,114.76661996062843,115.3672866821289,8390500
DIS,2024-12-03,115.2097314387538,115.43621541296177,113.68344566676863,114.66814422607422,9194000
DIS,2024-12-04,114.19548571814882,115.49528743162288,114.06747010564355,115.19987487792969,7996200
DIS,2024-12-05,114.76661463967193,115.47559125805994,114.28410695942495,114.71737670898438,9823600
DIS,2024-12-06,114.76661687882054,115.46575193483424,114.44166456031101,114.94386291503906,6677900
DIS,2024-12-09,114.60906255447757,115.3869753031722,112.16701438055482,112.8563003540039,8666100
DIS,2024-12-10,112.89569435600342,113.19109942412878,111.97992437077218,112.97447204589844,7526400
DIS,2024-12-11,112.8858401082012,113.28957011597399,112.23594297789973,112.8563003540039,6426800
DIS,2024-12-12,112.94491675117249,113.25017839965855,112.4131861638039,113.14186096191406,5285100
DIS,2024-12-13,112.57073601754013,113.20094247779052,111.56634681922031,111.60572814941406,6864500
DIS,2024-12-16,111.7639848073583,111.8332188323924,110.5078796257559,110.88372039794922,10528500
DIS,2024-12-17,109.81552922358578,112.79260732129272,109.58804923784723,111.78376007080078,12238600
DIS,2024-12-18,112.1002574834445,114.84985554493436,110.02322927389694,110.13202667236328,12292800
DIS,2024-12-19,110.43864615434012,111.67497342610584,110.03312718714842,110.15181732177734,9468500
DIS,2024-12-20,109.40012242269523,111.73430879160782,109.22209100316995,110.8045883178711,17955300
DIS,2024-12-23,110.38919011338137,110.62656283684323,109.10340673157249,110.18148803710938,6037200
DIS,2024-12-24,110.03312027263563,111.50682017510864,109.9737789820216,111.32878875732422,2475000
DIS,2024-12-26,110.89361181525133,112.0804829577595,110.63645363419558,111.31890869140625,4781400
DIS,2024-12-27,110.59689261484246,110.89361417976767,109.64739417140181,110.32984924316406,4523800
DIS,2024-12-30,109.22209525846377,110.3199544639852,108.6286596855734,109.58805084228516,5716300
DIS,2024-12-31,109.56826176482977,110.3693993844978,109.45946436636343,110.13202667236328,4757500
DIS,2025-01-02,110.47819788336757,110.97272877370663,108.96493456628087,109.60782623291016,5688100
DIS,2025-01-03,110.15181676014308,110.31995545721965,108.97483078872155,109.9441146850586,5393100
DIS,2025-01-06,110.2507236776725,111.61562629000218,109.65728808735275,109.83531951904297,6274400
DIS,2025-01-07,110.92328178926861,112.49588642085259,110.07268804211688,110.17159271240234,7878800
DIS,2025-01-08,109.78585987396625,109.89465727571495,107.45167342071821,108.5594253540039,7805300
DIS,2025-01-10,108.79680271846594,109.33089701914247,106.44283824891498,107.4615707397461,8835500
DIS,2025-01-13,106.7494434767557,107.42200582213037,105.55267956950455,106.8978042602539,6690200
DIS,2025-01-14,107.49123485455458,107.76817094638265,106.43293904881585,106.93736267089844,5501600
DIS,2025-01-15,107.97588085413315,108.40117775344288,106.8087875638839,106.99671173095703,6296900
DIS,2025-01-16,107.1055096100533,107.41211637162269,104.99881056705206,105.29552459716797,7872800
DIS,2025-01-17,105.66147151604837,106.56151380980845,105.37464269502037,105.8493881225586,7144300
DIS,2025-01-21,105.92851944244893,108.25281321091066,105.63180542393161,107.51101684570312,8643700
DIS,2025-01-22,108.35173085786397,108.35173085786397,107.04616949153079,107.61981964111328,8781700
DIS,2025-01-23,107.31320629356335,109.85509484125981,107.30331356260781,109.82542419433594,7608300
DIS,2025-01-24,109.94411990338145,112.14972362392321,109.41991077935286,110.93318176269531,8304500
DIS,2025-01-27,110.4584192521396,112.83216901957242,110.24082445444975,112.10025787353516,10176900
DIS,2025-01-28,111.6156240950433,111.72442149815572,110.33973345067807,110.91339111328125,6516800
DIS,2025-01-29,112.25851868153497,113.12889038296687,111.52661503383217,111.95191192626953,7607100
DIS,2025-01-30,112.84206217153721,113.9201435054987,111.88267852135047,112.18928527832031,6236200
DIS,2025-01-31,112.06070637892775,112.76293936031657,111.52661209464412,111.82332611083984,7793400
DIS,2025-02-03,110.13202887413902,113.34647969358954,109.64739070960889,112.75304412841797,8870700
DIS,2025-02-04,112.55523800170222,113.40583176957502,111.27934734989304,112.06070709228516,13521100
DIS,2025-02-05,114.43444953667974,117.29283759233114,109.0242877207673,109.33089447021484,23310000
DIS,2025-02-06,110.65622768315143,111.44748011446863,107.95609328722067,110.86392974853516,12470800
DIS,2025-02-07,110.38918862647579,111.31890913759743,109.59793616433703,109.64739227294922,8669300
DIS,2025-02-10,109.92433430971332,110.16170704280222,107.50113577565399,108.08467864990234,8239500
DIS,2025-02-11,107.19451569698599,107.85719284117596,106.51206818285583,107.8275146484375,7456700
DIS,2025-02-12,107.0659410197461,108.33193893022691,106.57141011434312,108.03522491455078,6521200
DIS,2025-02-13,107.72861152019068,108.5594273720852,107.3725486616563,108.39128112792969,6553200
DIS,2025-02-14,108.65833672102133,109.30122844026161,108.39128579265632,109.17264556884766,5964500
DIS,2025-02-18,108.57920522000332,108.71767327090824,107.52090937611987,108.36161041259766,8362900
DIS,2025-02-19,107.9462010643494,110.53754562045461,107.9462010643494,110.13202667236328,8452100
DIS,2025-02-20,110.02323733555593,110.30017344432837,108.18358170334704,109.34078979492188,5970100
DIS,2025-02-21,109.7858594169306,110.53754849517173,106.73954727253367,107.4714584350586,9082100
DIS,2025-02-24,107.64947909263448,110.33972830608549,107.4615624881551,109.9836654663086,7093300
DIS,2025-02-25,110.21116396294765,110.67602424703482,107.87697735693692,109.32100677490234,7289000
DIS,2025-02-26,108.85613742419079,112.01124692671783,108.85613742419079,110.60678100585938,7831600
DIS,2025-02-27,111.09143050679722,111.88268303235856,109.84521042011828,110.09247589111328,7854700
DIS,2025-02-28,110.24082826081666,112.7431534287647,109.78586073445726,112.55523681640625,14609400
DIS,2025-03-03,112.8222799482311,114.28609474184033,110.77492231092931,111.55628204345703,7884700
DIS,2025-03-04,110.47820583274208,111.02219286963422,107.08572337907499,107.81763458251953,12658000
DIS,2025-03-05,108.14401238215764,109.72651728123782,107.03626800793263,108.11434173583984,9956100
DIS,2025-03-06,107.19451612179827,107.6395984633264,103.87126784053645,104.27678680419922,11618800
DIS,2025-03-07,103.85149522318636,104.61306953460807,102.17997826632089,104.35591888427734,12715900
DIS,2025-03-10,103.2877236758952,103.65367925701753,100.99310061061796,101.9524917602539,10947100
DIS,2025-03-11,98.69848122911793,99.93480852047485,96.38407261580747,96.82915496826172,16906000
DIS,2025-03-12,97.60062177765583,98.40175944600449,95.32577654814791,97.67974853515625,11891800
DIS,2025-03-13,96.70056673896094,97.57094593322121,94.88069668903951,95.81041717529297,11059500
DIS,2025-03-14,96.37418687001137,98.01602557949354,96.35440140773669,97.5610580444336,10199800
DIS,2025-03-17,97.65996466824865,99.02487484662866,97.58084545539862,98.27318572998047,8332100
DIS,2025-03-18,98.18416364856868,98.63913872664965,97.4028114504234,98.26329040527344,6727000
DIS,2025-03-19,98.56990978940146,99.85568569548546,98.38198561901233,99.1930160522461,8614600
DIS,2025-03-20,98.4808813362024,98.95563431179785,97.56105357706454,97.77864837646484,7836500
DIS,2025-03-21,97.30390456445419,98.79739010885216,96.68079829962534,98.3720932006836,15089900
DIS,2025-03-24,99.12377663508016,99.34137144245197,97.7786519585479,99.08421325683594,8224400
DIS,2025-03-25,99.54907485048794,100.64693408713747,99.31170212379,100.49857330322266,7365200
DIS,2025-03-26,100.58758552817395,101.15135047187736,99.16334161804805,99.67765045166016,6314000
DIS,2025-03-27,99.608415511638,99.92491499386828,98.49077836568732,99.35125732421875,6598800
DIS,2025-03-28,98.95563727218817,99.29191466609062,96.67089935607648,96.9972915649414,7679700
DIS,2025-03-31,95.77085868481724,97.76876025859244,94.6532139889738,97.62039947509766,10554000
DIS,2025-04-01,97.24456363507355,97.511607022171,95.78074873403436,96.61156463623047,8762700
DIS,2025-04-02,95.5631519090106,97.23466118612484,95.39500567147866,96.80936431884766,7959900
DIS,2025-04-03,93.4762342094636,93.74327757918721,87.64076799421284,87.86824798583984,19353400
DIS,2025-04-04,85.0593169221124,86.58247303762616,82.17125820508556,82.6163330078125,22580900
DIS,2025-04-07,80.10410956186786,85.68241726595254,79.22384520208466,82.38884735107422,20456000
DIS,2025-04-08,85.00986103145327,85.99892285867644,79.96564722180375,80.82613372802734,14845600
DIS,2025-04-09,80.40083311607505,91.2409493347809,80.30192844712288,90.43981170654297,24970900
DIS,2025-04-10,87.94736988459259,88.036389366879,82.16136009801669,84.29773712158203,16377000
DIS,2025-04-11,84.17905110399438,84.73292330191377,82.43830020860707,83.96145629882812,10204400
DIS,2025-04-14,84.89117106840654,85.50438451862107,83.11085691565606,83.73397064208984,10841300
DIS,2025-04-15,83.82298860544886,85.0395379549817,83.59550106836969,84.08014678955078,7840500
DIS,2025-04-16,83.35812466595775,83.87244101145438,81.11295777102754,81.86463928222656,10144300
DIS,2025-04-17,82.45808043651155,84.84171531920828,82.448187706193,83.88232421875,14810900
DIS,2025-04-21,83.98124188550061,84.29774136277376,82.0723522909005,83.08119201660156,14166800
DIS,2025-04-22,84.08014962985894,85.61319096338407,83.67463065100156,85.14833068847656,9578500
DIS,2025-04-23,88.05617049029651,88.8869863228245,86.07804689830174,86.335205078125,12089100
DIS,2025-04-24,86.49345582065459,89.25293928947134,85.82089346037728,89.02545928955078,10310000
DIS,2025-04-25,89.08480127221084,89.35184465372777,88.0957394139445,89.2925033569336,7749600
DIS,2025-04-28,89.46064179321158,90.37058443500133,88.65950410512303,89.17382049560547,8491800
DIS,2025-04-29,88.84742085634515,90.65740571148727,88.77818683409099,90.17276000976562,6359900
DIS,2025-04-30,88.90676656128845,90.19254994805421,87.59131252721842,89.95516967773438,8474800
DIS,2025-05-01,90.27167133991111,90.60795629135099,89.37162898418372,89.81670379638672,7790600
DIS,2025-05-02,90.83543320307001,92.17067268618656,90.83543320307001,91.47832489013672,7594000
DIS,2025-05-05,88.71884302721764,92.06187683804932,88.629831084676,91.10248565673828,10231000
DIS,2025-05-06,90.20243590466387,91.72559202883363,90.00462655698173,91.16182708740234,11839400
DIS,2025-05-07,101.29971222679107,102.17997666406133,99.04465243037099,100.97332000732422,36155300
DIS,2025-05-08,102.83276169016555,105.02848020319932,102.72396428305537,103.97018432617188,19265400
DIS,2025-05-09,104.1086495121292,105.02847730856426,103.61411860105537,104.78121185302734,10438200
DIS,2025-05-12,108.66822722264683,109.72652309102423,107.47146330015973,109.28144073486328,18366600
DIS,2025-05-13,109.04406785448585,110.97273542401112,108.94516317967944,110.16170501708984,14076700
DIS,2025-05-14,110.16170169448542,112.16950350761837,109.61772222648577,111.70464324951172,15352200
DIS,2025-05-15,111.00240829475399,111.61562177671321,110.35951662042734,110.99251556396484,8322400
DIS,2025-05-16,110.69579722175858,112.199175415766,110.20126631114036,112.17938995361328,10961000
DIS,2025-05-19,110.89360959022673,111.75408851020013,110.67601479107952,111.42770385742188,7209700
DIS,2025-05-20,111.21011583302493,112.1596142950108,110.58700204370018,111.13098907470703,6433300
DIS,2025-05-21,110.46831168947189,111.25955657922054,108.92537019446844,109.25176239013672,10150600
DIS,2025-05-22,108.77702129443168,110.5771134886212,108.77702129443168,109.91443634033203,7903700
DIS,2025-05-23,108.40117680530766,109.14297318975905,107.59014639347852,108.51986694335938,8086100
DIS,2025-05-27,109.8155350149581,111.6551906431629,108.94516331129014,111.13098907470703,10201100
DIS,2025-05-28,110.97273323819383,111.23978415544833,109.95400077046209,110.3001708984375,5787900
DIS,2025-05-29,110.78481543753858,111.03208089000861,109.31110790773839,110.7947006225586,9682100
DIS,2025-05-30,110.78481823764054,112.11015747432553,110.15181926699353,111.80355072021484,12881100
DIS,2025-06-02,111.44748757030636,112.3574226450361,111.02219068056093,111.71453094482422,7546800
DIS,2025-06-03,111.49694291616186,113.4355031887562,111.28923329236346,112.357421875,9738800
DIS,2025-06-04,112.61457465401273,112.80249880654645,111.74420300585595,112.24861907958984,5614900
DIS,2025-06-05,112.48600438587579,113.0893251552944,110.61667059920407,111.29912567138672,8547200
DIS,2025-06-06,112.12004999177991,112.97064377182946,111.97168920764236,112.65414428710938,5790700
DIS,2025-06-09,112.73327324720866,114.83997227610253,112.73327324720866,114.3948974609375,7960400
DIS,2025-06-10,114.26631022692837,119.18194865256338,114.26631022692837,117.43131256103516,18948400
DIS,2025-06-11,117.08513946360216,118.24234756674636,116.36312853650462,118.2126693725586,10439200
DIS,2025-06-12,117.5697802541766,118.08408907596204,116.37301636772759,117.3126220703125,7980300
DIS,2025-06-13,116.02683437266742,117.02578887795518,116.01694918799924,116.64994812011719,13204900
DIS,2025-06-16,116.72907404732224,119.02369719483791,116.58072080933391,118.17311096191406,9592100
DIS,2025-06-17,117.68846148863274,118.02474642457864,116.36312229846567,116.8378677368164,9241200
DIS,2025-06-18,116.59060158510306,117.45108806260636,115.56197641361007,116.5708236694336,8181200
DIS,2025-06-20,116.95656672114197,117.74781923953545,115.6213346990533,116.34334564208984,17180400
DIS,2025-06-23,115.38395474909068,116.6994012257202,113.7618864331876,116.46202850341797,8348000
DIS,2025-06-24,116.95866985350084,118.27973350583949,116.95866985350084,117.85262298583984,8350200
DIS,2025-06-25,117.97181364985227,118.91543380786469,117.8327551134078,118.61744689941406,6976300
DIS,2025-06-26,119.17368824716101,120.85232559697707,118.87570133965093,120.64373779296875,10439600
DIS,2025-06-27,121.03111738494454,122.11379608635268,120.66360878403398,121.517822265625,13435600
DIS,2025-06-30,123.47458455751058,123.85203565522283,122.35218133848433,123.17660522460938,13456200
DIS,2025-07-01,122.67003013268005,122.92828494957035,121.62708352540444,122.66009521484375,9815700
DIS,2025-07-02,122.49123772647145,122.86868123943782,121.70654594746189,122.15352630615234,7317100
DIS,2025-07-03,122.24291383948378,123.40504909351313,122.07405813483778,123.16666412353516,4252300
DIS,2025-07-07,122.38197296843666,123.77256585999585,121.75620957738974,122.33231353759766,7023500
DIS,2025-07-08,122.39191283302186,122.87861771239797,121.0013198852539,121.0013198852539,6622900
DIS,2025-07-09,121.02118340544784,121.52775812574536,119.79945373535156,119.79945373535156,6724900
DIS,2025-07-10,119.8093872162264,121.13044331532811,119.8093872162264,120.7430648803711,6888700
DIS,2025-07-11,119.82924452796671,120.41528340417669,118.92536407641373,119.06442260742188,6112400
DIS,2025-07-14,118.97502415394932,119.69018664766304,118.7962335305209,119.16374969482422,6853300
DIS,2025-07-15,119.42200410552073,119.42200410552073,118.08107064519388,118.18040466308594,7943600
DIS,2025-07-16,118.5578475658927,119.75971491071691,118.0810700480354,119.01475524902344,6747500
DIS,2025-07-17,118.94522794197565,121.5674853880584,118.94522794197565,121.3886947631836,9933700
DIS,2025-07-18,121.15031070251888,121.33903624634299,119.48160071715057,120.60400390625,9486800
DIS,2025-07-21,120.25635833335758,121.15031147013362,119.96830634605631,120.02790069580078,6392500
DIS,2025-07-22,119.93850757355754,120.61393798144448,119.74978203105155,120.24642181396484,5614500
DIS,2025-07-23,120.70332967460399,122.35217739369311,120.68346741763307,122.1137924194336,8258900
DIS,2025-07-24,122.02439288122807,122.5706996724952,120.99138122563673,121.13043975830078,6702200
DIS,2025-07-25,121.43836303877318,121.62708100502067,120.05770503489295,120.65367126464844,5656600
DIS,2025-07-28,120.21662625546254,120.5841424278824,119.08428814144891,119.56106567382812,6042200
DIS,2025-07-29,119.76965198515667,119.9981020417757,118.55784970114436,119.10415649414062,6283700
DIS,2025-07-30,119.14388161401733,119.69018840979206,118.37905967805447,118.73664093017578,5281500
DIS,2025-07-31,118.65717850521108,119.10415886605173,117.78309519713173,118.30953216552734,7235000
DIS,2025-08-01,116.79974475083353,117.09773166265464,114.79332328935355,115.80646514892578,8637800
DIS,2025-08-04,116.93880457908668,118.7167683021518,116.93880457908668,118.54791259765625,8845000
DIS,2025-08-05,118.44859163452878,118.76644080161816,116.54149663199254,117.52484130859375,15365700
DIS,2025-08-06,115.00190485366755,115.33962384060702,111.44596225311774,114.39600372314453,22153700
DIS,2025-08-07,114.9721141162254,115.61774737418712,111.06852497096862,112.12139892578125,15484400
DIS,2025-08-08,112.53857917844859,113.52192383844323,111.26717495344046,111.67442321777344,9491000
DIS,2025-08-11,112.15119849555097,112.38958346752098,110.79040277340069,111.79361724853516,8532600
DIS,2025-08-12,112.54850886827593,113.63118757114158,111.73401990072314,112.95575714111328,7274000
DIS,2025-08-13,113.46233260017918,116.44217141482872,113.38286841303926,115.85613250732422,9025700
DIS,2025-08-14,114.70392692524119,115.92565654031509,113.84970589737605,115.5283432006836,6800900
DIS,2025-08-15,115.78660270216498,116.05478485986843,114.41587958189479,114.61453247070312,6768600
DIS,2025-08-18,114.41587804708429,116.22364659222919,114.38608087197494,115.76673889160156,5798400
DIS,2025-08-19,115.71706694359176,116.20377179856202,114.94231011131865,115.48860931396484,5914000
DIS,2025-08-20,115.29989338669732,117.09772696908973,115.22042920298055,116.2534408569336,7046700
DIS,2025-08-21,115.78659735913304,115.87599645965679,114.75358571313026,115.42901611328125,6337100
DIS,2025-08-22,116.79974133108728,118.97502602057473,116.34283363696201,118.06121063232422,7161700
DIS,2025-08-25,117.69369453790813,118.24993625217091,116.90900276549674,116.91893768310547,5424900
DIS,2025-08-26,116.64082176161217,117.58443433443024,116.37263960851416,116.85934448242188,5787400
DIS,2025-08-27,116.74014496318969,117.6638952530702,116.50175999170744,117.29637908935547,4378000
DIS,2025-08-28,117.30631871530683,117.57450844984554,115.82633423985592,116.84941101074219,5687700
DIS,2025-08-29,116.6010898422933,117.85262424089598,116.46203130668432,117.58443450927734,5212600
DIS,2025-09-02,116.23357446084289,117.48510886798425,115.22043261190494,117.47517395019531,6015900
DIS,2025-09-03,117.0381363699952,117.82282815856429,115.56807923662433,116.59115600585938,6288700
DIS,2025-09-04,116.29317386175997,118.87569922785605,115.97532470251925,118.01154327392578,6949300
DIS,2025-09-05,118.1108790721559,118.97502746097847,116.90900410573872,117.11759948730469,6669100
DIS,2025-09-08,117.16726037158817,118.08107578222587,115.95545805055379,118.04134368896484,6450700
DIS,2025-09-09,117.73343056669384,118.24994020591319,116.43223670694857,116.58123016357422,5444300
DIS,2025-09-10,116.06471472578767,116.72028287093971,113.73050928234208,115.0118408203125,7484900
DIS,2025-09-11,114.67412418245188,116.38256626812213,113.85963523208837,116.29317474365234,8399100
DIS,2025-09-12,115.47868912253979,116.22364882708563,114.32648114201034,115.18070220947266,7640900
DIS,2025-09-15,115.32969192987576,115.96539025091153,114.22715099661521,114.84298706054688,7150900
DIS,2025-09-16,114.67412733002617,115.07144068752592,113.93910254443091,114.45561218261719,6844900
DIS,2025-09-17,114.46553452521005,115.8759972616639,114.44567226835709,115.31975555419922,7333900
DIS,2025-09-18,114.55493158727018,115.00190435066159,113.28353498390464,114.08808898925781,9460500
DIS,2025-09-19,113.82983458049183,113.82983458049183,111.17778000851997,112.9954833984375,23398400
DIS,2025-09-22,111.00892400218635,112.86635190018592,110.77053145528677,111.80354309082031,15479800
DIS,2025-09-23,111.96247861453877,112.85643177726959,110.8500027255713,111.49563598632812,13145000
DIS,2025-09-24,111.65455989602667,113.38286422277672,111.44596451796286,112.6677017211914,8755200
DIS,2025-09-25,111.95254241034725,113.28354101025933,111.89294805955721,112.23065948486328,6365500
DIS,2025-09-26,112.36971660873002,112.80676205068485,112.00220801265147,112.70743560791016,6145700
DIS,2025-09-29,112.707435021951,114.23708648271854,112.56837648716503,114.00862884521484,9304100
DIS,2025-09-30,113.76031170195319,114.10795804732642,112.57830654956221,113.73051452636719,9303700
DIS,2025-10-01,113.31333637422672,115.28002570007743,112.03200480587098,112.19092559814453,9736300
DIS,2025-10-02,112.22072655798114,112.40944451879446,110.03550700763913,111.38636779785156,8695100
DIS,2025-10-03,111.28704657612008,112.80676314182585,110.81026903681929,111.71415710449219,7148400
DIS,2025-10-06,111.9326770741889,112.34985267448894,110.70100495217682,111.99227142333984,6141200
DIS,2025-10-07,111.87307674788936,112.63790627083965,111.0486604530571,111.77375030517578,5409800
DIS,2025-10-08,112.05186930775656,112.43924774570301,110.89966891179637,111.13805389404297,7074400
DIS,2025-10-09,111.06851869175823,112.2405888608638,110.13483349216455,110.24409484863281,6502400
DIS,2025-10-10,110.78047022314306,111.92274325451196,108.3767354609342,108.4561996459961,9635200
DIS,2025-10-13,109.64813457372875,110.214303643306,108.64492005461048,109.52893829345703,7435100
DIS,2025-10-14,108.91310807377432,111.08838521305776,108.46612771339308,110.42288970947266,7898000
DIS,2025-10-15,110.72087406004346,111.92274142146394,110.39308998562286,110.95925903320312,7012600
DIS,2025-10-16,111.03872339125253,111.33670271363943,107.78076763317718,109.14155578613281,7531200
DIS,2025-10-17,109.00249635286745,110.71093840167597,108.70451703294233,109.9262466430664,10090500
DIS,2025-10-20,110.2838302563818,111.49563255320116,109.85671973501306,111.20758056640625,8047500
DIS,2025-10-21,111.49563415752596,113.77024533167328,111.2870463526638,113.5318603515625,8163200
DIS,2025-10-22,113.23386846594792,113.51198552687362,112.22072666141555,112.32005310058594,7569200
DIS,2025-10-23,112.40944427221714,113.06501240931819,111.14798258462784,112.2703857421875,6945400
DIS,2025-10-24,112.46905266181125,112.88622827587592,110.84006714276074,110.9294662475586,6235200
DIS,2025-10-27,111.18771621172414,111.84327677975944,110.56194523982494,111.58502197265625,6029600
DIS,2025-10-28,111.15792064335369,111.72408969679515,110.71094028866513,110.89966583251953,6839400
DIS,2025-10-29,110.43282310095206,110.78046943547379,109.27068782064158,109.49913787841797,7097100
DIS,2025-10-30,109.38987933346628,112.81669849136719,108.81378292634732,111.08838653564453,8311300
DIS,2025-10-31,110.83013985442342,112.33992151569616,109.78719324065575,111.86315155029297,8700600
DIS,2025-11-03,111.79361900352049,112.05186623632473,110.28382980839201,111.36650848388672,8542300
DIS,2025-11-04,110.22423879938508,111.03872777103038,109.89645471152099,110.72087860107422,7950100
DIS,2025-11-05,110.60167549530281,111.21751153951793,109.85671583874066,110.61161041259766,5746000
DIS,2025-11-06,110.42288983369588,110.95926171988367,108.44626557805479,109.7474594116211,10291800
DIS,2025-11-07,109.5190109798673,110.68114629483698,109.30048825504456,109.99578094482422,8782100
DIS,2025-11-10,110.40302381019195,112.03200167054673,110.28382753573126,111.4856948852539,9158700
DIS,2025-11-11,111.89294352511719,114.19735179244971,111.6644858928104,114.07815551757812,9713300
DIS,2025-11-12,113.80004260788579,116.30310384657444,113.6212519781136,115.8660659790039,15248700
DIS,2025-11-13,108.15821460251318,108.62505722513409,104.20496605416966,106.8868179321289,44045400
DIS,2025-11-14,106.79741612467787,107.99929107416766,104.59234184298711,105.08898162841797,16691400
DIS,2025-11-17,105.03931541904281,106.94641039088046,104.41355201275533,104.97972106933594,12296400
DIS,2025-11-18,104.39367994150103,106.36037679904399,104.29435350140973,105.56575012207031,11796200
DIS,2025-11-19,105.36709578691344,106.86694244126105,103.38053670003252,103.96656799316406,12790000
DIS,2025-11-20,104.6618736800688,105.08898420915303,101.81115851356509,102.00981140136719,12609900
DIS,2025-11-21,102.78457400021458,104.07583290391742,101.99988222472078,103.57919311523438,10785400
DIS,2025-11-24,103.39046595494197,103.6387858454032,101.20525395013175,101.25492095947266,15024800
DIS,2025-11-25,101.8012184734595,103.22160852632899,101.31451361814831,102.61570739746094,10574500
DIS,2025-11-26,102.62564769565832,103.54939802432393,102.18860224782283,102.73490905761719,10130200
DIS,2025-11-28,102.60578612976299,104.03610360647413,102.54618420039697,103.7679214477539,6525500
DIS,2025-12-01,104.21489396966332,106.11206164600925,103.76792118024125,106.05245971679688,12628900
DIS,2025-12-02,105.81407584911452,105.85380794296738,104.11556862204534,104.12550354003906,8548200
DIS,2025-12-03,104.19502958759753,105.13864215852587,103.76791906453988,105.02938079833984,10177800
DIS,2025-12-04,105.12870855081175,105.50615964638382,103.8076524506752,104.76119995117188,11471400
DIS,2025-12-05,104.47314990982345,105.45649460398495,103.85731382216203,104.59234619140625,10680100
DIS,2025-12-08,104.5923416105027,107.32386042430089,104.1254990007359,106.90667724609375,13727700
DIS,2025-12-09,106.866942658392,107.02587102316372,105.83393859986201,106.30077362060547,8549400
DIS,2025-12-10,106.40011039631365,108.93296875603028,105.86373851848477,108.09861755371094,11237900
DIS,2025-12-11,108.46612359986304,110.81026393916609,108.37673207805003,110.7109375,13281400
DIS,2025-12-12,110.97912966819308,112.57830280370004,110.40302569895952,110.8499984741211,13059100
DIS,2025-12-15,110.69999694824219,111.55000305175781,108.55000305175781,110.48999786376953,14318000
DIS,2025-12-16,111.22000122070312,112.8499984741211,110.86000061035156,111.62000274658203,15580200
DIS,2025-12-17,111.05999755859375,112.12999725341797,110.45999908447266,110.62999725341797,12142500
DIS,2025-12-18,110.52999877929688,112.80000305175781,110.41999816894531,111.87000274658203,12913900
DIS,2025-12-19,112.31999969482422,113.4800033569336,110.91999816894531,111.23999786376953,21138400
DIS,2025-12-22,111.41000366210938,112.80000305175781,111.1500015258789,112.37999725341797,8803300
DIS,2025-12-23,112.29000091552734,113.30999755859375,112.04000091552734,113.22000122070312,7634500
DIS,2025-12-24,112.94000244140625,114.52999877929688,112.80000305175781,114.4800033569336,4606700
DIS,2025-12-26,114.1500015258789,114.73999786376953,113.2699966430664,113.55999755859375,5428900
DIS,2025-12-29,113.31999969482422,114.48999786376953,113.30999755859375,114.19000244140625,7966000
DIS,2025-12-30,114.0999984741211,115.27999877929688,114.0999984741211,114.79000091552734,6883900
DIS,2025-12-31,114.7699966430664,114.88999938964844,113.55000305175781,113.7699966430664,6608000
DIS,2026-01-02,113.44000244140625,113.44000244140625,111.62000274658203,111.8499984741211,8906200
DIS,2026-01-05,111.41999816894531,116.02999877929688,111.37999725341797,114.06999969482422,12029000
DIS,2026-01-06,113.79000091552734,114.76000213623047,113.11000061035156,114.56999969482422,7388300
DIS,2026-01-07,114.45999908447266,114.97000122070312,112.51000213623047,112.91000366210938,8296300
DIS,2026-01-08,112.55000305175781,114.98999786376953,112.55000305175781,114.16999816894531,9778200
DIS,2026-01-09,114.30999755859375,115.9800033569336,113.9000015258789,115.87999725341797,8935200
DIS,2026-01-12,114.62999725341797,114.94000244140625,112.55000305175781,112.81999969482422,10833800
DIS,2026-01-13,112.83999633789062,113.22000122070312,111.61000061035156,112.9800033569336,8945700
DIS,2026-01-14,112.80999755859375,113.58999633789062,112.26000213623047,113.52999877929688,8950900
DIS,2026-01-15,113.70999908447266,114.11000061035156,112.16999816894531,113.41000366210938,7958500
DIS,2026-01-16,113.19999694824219,113.8499984741211,111.12000274658203,111.19999694824219,12049600
DIS,2026-01-20,109.66000366210938,111.08999633789062,108.80000305175781,110.33999633789062,9818200
DIS,2026-01-21,110.56999969482422,113.25,110.5,113.19000244140625,10041400
DIS,2026-01-22,113.16999816894531,114.29000091552734,112.16999816894531,113.20999908447266,12437700
DIS,2026-01-23,112.69000244140625,112.94999694824219,110.55000305175781,110.9800033569336,10819800
DIS,2026-01-26,111.68000030517578,112.41000366210938,111.12999725341797,111.30999755859375,8859800
DIS,2026-01-27,111.5,111.80000305175781,110.02999877929688,110.61000061035156,8956900
