ticker,date,open,high,low,close,volume
GOOGL,2020-01-02,66.91491076451707,67.92080688476562,66.81963000871814,67.92080688476562,27278000
GOOGL,2020-01-03,66.89456517269056,68.17240862427808,66.86081596073402,67.56549072265625,23408000
GOOGL,2020-01-06,67.07470353986153,69.39170027421379,67.04344557379943,69.36639404296875,46768000
GOOGL,2020-01-07,69.49789480129157,69.64875536577131,69.05623219302926,69.2323989868164,34330000
GOOGL,2020-01-08,69.21801197598803,70.0631280606545,69.10933602043706,69.72518157958984,35314000
GOOGL,2020-01-09,70.56333031718493,70.89830085438531,69.98172629744387,70.45713806152344,33200000
GOOGL,2020-01-10,70.93751472809956,71.20896226489012,70.44771578618479,70.91220092773438,26258000
GOOGL,2020-01-13,71.22435698027574,71.53352161734328,70.73406573911171,71.4615707397461,30730000
GOOGL,2020-01-14,71.46006422047215,71.5905783300735,70.85314635097474,70.99309539794922,26076000
GOOGL,2020-01-15,71.11368347743128,71.49877431407914,71.04619262822877,71.42036437988281,21550000
GOOGL,2020-01-16,71.730533421718,71.99106949862211,71.46007778598154,71.96427154541016,26080000
GOOGL,2020-01-17,72.57862458072043,73.47236924908141,72.28137099518135,73.42125701904297,52424000
GOOGL,2020-01-21,73.39543709748455,73.93536387662941,72.9592340508193,73.55672454833984,48930000
GOOGL,2020-01-22,73.92792510020561,74.46635262161918,73.57707565322256,73.63711547851562,28458000
GOOGL,2020-01-23,73.81974363908597,74.1150132847147,73.4609509628069,73.67781066894531,26650000
GOOGL,2020-01-24,74.08126273759932,74.1497455459025,72.61037407881075,72.75875854492188,29786000
GOOGL,2020-01-27,71.04023999318002,71.29034912825152,70.44274948721724,71.04966735839844,34132000
GOOGL,2020-01-28,71.54641358018323,72.19451657572402,70.98168030050765,71.98113250732422,29724000
GOOGL,2020-01-29,72.37614827530244,72.65802274423001,71.72755303995011,72.28881072998047,21566000
GOOGL,2020-01-30,71.36577389032585,72.21684156955847,71.2119374669288,72.16722106933594,27110000
GOOGL,2020-01-31,72.842628440091,72.93244966534068,70.81792535833127,71.1017837524414,43822000
GOOGL,2020-02-03,72.53445127251754,73.75771451445905,72.28434210997459,73.5740966796875,71636000
GOOGL,2020-02-04,72.17913629710675,72.81681238861734,70.56830620024466,71.7285385131836,95880000
GOOGL,2020-02-05,72.63171390377897,72.67985026168276,70.94794090510676,71.76029968261719,36376000
GOOGL,2020-02-06,72.05457315984722,73.52248589418377,71.980138619887,73.24507904052734,37822000
GOOGL,2020-02-07,72.81929769136995,73.70559879869327,72.7210410665216,73.4009017944336,28360000
GOOGL,2020-02-10,73.30760698082317,74.87823628434978,73.20686668811356,74.86731719970703,38302000
GOOGL,2020-02-11,75.09607878398091,75.92035599146817,74.70801213991432,74.93678283691406,34852000
GOOGL,2020-02-12,75.22462568128545,75.44496101891976,74.86782448844302,75.36209106445312,31042000
GOOGL,2020-02-13,74.93381963355475,75.72533972486248,74.63606632799268,75.10205078125,22914000
GOOGL,2020-02-14,75.15861826834625,75.43254947654793,74.71298029109376,75.3670425415039,23198000
GOOGL,2020-02-18,75.14919769716833,75.95411300380982,74.98394241111538,75.40228271484375,25642000
GOOGL,2020-02-19,75.7873725080763,75.9630471132219,75.47870768352672,75.67174530029297,22746000
GOOGL,2020-02-20,75.38094121635825,75.78091896387954,74.64896876279927,75.28070068359375,25962000
GOOGL,2020-02-21,74.66483314498305,74.98094892604334,73.37011916330697,73.61675262451172,42520000
GOOGL,2020-02-24,70.61892109008193,71.28042685845558,69.81202186636781,70.46061706542969,49560000
GOOGL,2020-02-25,71.0134442009436,71.30374648103692,68.50341002838334,68.79619598388672,51580000
GOOGL,2020-02-26,69.22594718689604,70.15344093186029,68.31135643850625,69.00213623046875,49776000
GOOGL,2020-02-27,67.4473896252563,67.95654311110967,65.21922220576265,65.25445556640625,62290000
GOOGL,2020-02-28,63.23769037956694,66.61913861220282,62.93497730501943,66.46034240722656,80198000
GOOGL,2020-03-02,67.06279499656021,68.85325994086891,65.76311339989533,68.79619598388672,55430000
GOOGL,2020-03-03,69.35994133870133,69.8814980608443,65.96359831152199,66.3844223022461,56602000
GOOGL,2020-03-04,67.4384436314038,68.6205139833395,66.34867815746905,68.56195831298828,47598000
GOOGL,2020-03-05,66.77297822404104,67.1739555088367,64.59394677616034,65.24502563476562,54380000
GOOGL,2020-03-06,63.02132406345207,64.64902106500841,62.38909999241039,64.30115509033203,64640000
GOOGL,2020-03-09,59.79619410549362,62.16678266927018,59.45278813467974,60.33363342285156,69252000
GOOGL,2020-03-10,62.249166437969265,63.3141180465607,60.27011622097382,63.280372619628906,54872000
GOOGL,2020-03-11,61.94545674944562,62.37520830714135,59.11037541001644,60.090965270996094,54732000
GOOGL,2020-03-12,55.71007122053141,58.99177508979836,55.00787634557328,55.16072082519531,94326000
GOOGL,2020-03-13,58.30893660682994,60.264660727196514,55.19744391380035,60.258209228515625,79400000
GOOGL,2020-03-16,54.071946637182414,56.8440010306716,52.95389514808521,53.247676849365234,96520000
GOOGL,2020-03-17,54.12306272429023,55.87780214419819,52.06163860584557,55.48377990722656,83194000
GOOGL,2020-03-18,52.59957358482276,54.83518057354146,51.461171864578795,54.15035629272461,93044000
GOOGL,2020-03-19,54.002971351103,57.19832981284174,52.381721811582096,55.16667938232422,74064000
GOOGL,2020-03-20,56.12096445623993,56.49712392196647,52.70676254783707,53.009971618652344,82878000
GOOGL,2020-03-23,52.422408393551905,52.94545678283434,50.06521879688069,52.311248779296875,83672000
GOOGL,2020-03-24,54.785055397044495,56.24154917424303,53.91413348323064,56.0767936706543,72468000
GOOGL,2020-03-25,55.807335766211146,56.87873884091762,53.74442370156079,54.667945861816406,90324000
GOOGL,2020-03-26,55.318030110125996,58.13474890041743,54.19203923465437,57.709957122802734,76562000
GOOGL,2020-03-27,55.950749927564374,57.12090932887696,54.78605006867187,55.096702575683594,62794000
GOOGL,2020-03-30,56.207312192064094,57.1184273116547,54.51261641318761,56.885684967041016,58736000
GOOGL,2020-03-31,57.00578084729468,58.23002839559108,56.40978203312284,57.66182327270508,65228000
GOOGL,2020-04-01,55.77855459200828,56.047522260736905,54.26449313887209,54.69176483154297,51970000
GOOGL,2020-04-02,54.58755078840877,55.717513301749904,54.24662847795809,55.43266677856445,56410000
GOOGL,2020-04-03,55.317533807276405,55.52000256570381,53.35089456161916,54.225284576416016,51374000
GOOGL,2020-04-06,56.2251860929217,59.09102985081632,55.82818415780754,58.71586608886719,63320000
GOOGL,2020-04-07,60.39417197088873,60.58126162443878,58.42108128525922,58.68458938598633,61620000
GOOGL,2020-04-08,59.70388923647416,60.28946490723178,58.75356918935831,59.89742660522461,40334000
GOOGL,2020-04-09,60.45223933607273,60.64130912701154,59.17389614347068,59.87609100341797,54028000
GOOGL,2020-04-13,59.624495605528445,60.27061469622001,58.673183531399104,60.066654205322266,38702000
GOOGL,2020-04-14,61.53357252929676,63.30915444171393,60.96635555655687,62.78710174560547,63358000
GOOGL,2020-04-15,61.858118318287886,63.277394976794355,61.2373092479215,62.39357376098633,42236000
GOOGL,2020-04-16,62.881883980193784,63.190552607359315,61.445736434059555,62.4000244140625,57896000
GOOGL,2020-04-17,63.60441823493848,64.01630701041135,62.82530519253445,63.47043228149414,51050000
GOOGL,2020-04-20,63.01834457446675,63.362246513518144,62.35088714556704,62.58462142944336,35292000
GOOGL,2020-04-21,61.669537142466815,62.03130184722782,59.79817498072762,60.15349197387695,49648000
GOOGL,2020-04-22,61.590139235921335,63.51410167305656,61.396105886699345,62.44865417480469,46296000
GOOGL,2020-04-23,62.81240358554889,63.92450330392023,62.553859038058,63.08186721801758,34202000
GOOGL,2020-04-24,62.27943458992633,63.40642126585509,61.73355982484232,63.35133743286133,37402000
GOOGL,2020-04-27,64.11556294045872,64.2197788769828,62.778663975329444,63.066490173339844,44186000
GOOGL,2020-04-28,63.678865309374004,63.75627571988888,61.05766763555547,61.16733932495117,80700000
GOOGL,2020-04-29,66.74569252820935,67.49751173595581,65.83904492056368,66.60575103759766,108358000
GOOGL,2020-04-30,66.06880110856797,66.99381116559951,65.57949434545334,66.83004760742188,55842000
GOOGL,2020-05-01,65.70801754388526,67.06477049960726,64.99193160873368,65.37205505371094,48872000
GOOGL,2020-05-04,64.91600715534007,65.72688166442003,64.31454886708369,65.64896392822266,30806000
GOOGL,2020-05-05,66.37349822196448,68.03643246348844,66.25092732812242,66.94517517089844,39666000
GOOGL,2020-05-06,67.39081754771591,67.92130943867623,66.75214189978065,66.76702880859375,31732000
GOOGL,2020-05-07,67.55505905261033,68.28405552754224,67.11984801320457,67.95056915283203,30652000
GOOGL,2020-05-08,68.57288244466392,69.30832293940408,68.08605936440217,68.69793701171875,33326000
GOOGL,2020-05-11,68.32326593344159,70.24573665773038,68.25925071596942,69.65321350097656,32718000
GOOGL,2020-05-12,69.88298973182424,70.18619502601786,68.21012823629849,68.24337768554688,33918000
GOOGL,2020-05-13,68.29200183826535,68.74706720442754,65.90255466644857,66.91093444824219,40368000
GOOGL,2020-05-14,66.17599535572523,67.35955000420634,65.66882579886473,67.33424377441406,36660000
GOOGL,2020-05-15,66.90746926388243,68.21359483390582,66.44793629114194,68.13816833496094,41544000
GOOGL,2020-05-18,67.56848013197799,69.11578736323804,67.20224397992273,68.73963165283203,47094000
GOOGL,2020-05-19,68.75451250919471,69.1023785172191,68.17290840940507,68.20466613769531,31586000
GOOGL,2020-05-20,68.93712559506159,70.07205161178385,68.85078001844624,69.92962646484375,38262000
GOOGL,2020-05-21,70.02043625136312,70.29188377229937,69.19665875184697,69.81002807617188,30894000
GOOGL,2020-05-22,69.66859460782679,70.31868143198587,69.27407644138323,70.13209533691406,28544000
GOOGL,2020-05-26,71.55733558967322,71.71365570635362,70.43779611422846,70.53555297851562,44590000
GOOGL,2020-05-27,70.467573246818,70.7330690901068,69.2071002683885,70.4814682006836,31684000
GOOGL,2020-05-28,69.47506277315657,71.68139184261054,69.42941009442607,70.3802261352539,35170000
GOOGL,2020-05-29,70.48890171815204,71.29779236800545,70.26807420727738,71.13849639892578,37044000
GOOGL,2020-06-01,70.75043231360314,71.53847677860361,70.580709445191,71.20549011230469,25162000
GOOGL,2020-06-02,71.21194652362176,71.60894843679606,70.54746486486832,71.57470703125,23442000
GOOGL,2020-06-03,71.59405093550622,71.9071833180926,71.0442046165178,71.42284393310547,27732000
GOOGL,2020-06-04,71.30027935945657,71.5255820636348,69.7733185639885,70.18470764160156,26982000
GOOGL,2020-06-05,70.25120666904046,71.77271549614922,69.85321278073467,71.46106719970703,42642000
GOOGL,2020-06-08,70.77921607068053,71.90669115835331,70.68988704719936,71.85905456542969,33878000
GOOGL,2020-06-09,71.72010158033224,72.8396409679758,71.57717666408816,72.05953216552734,33624000
GOOGL,2020-06-10,72.52750225479329,73.08627622015612,72.17268498934844,72.68580627441406,31762000
GOOGL,2020-06-11,71.51117640380802,72.03571651726546,69.39616027535422,69.56935119628906,47144000
GOOGL,2020-06-12,70.75836989233277,71.18762928156453,68.77039211409114,70.11622619628906,36676000
GOOGL,2020-06-15,68.95350509114319,70.71568786340231,68.8398618016423,70.50428771972656,30468000
GOOGL,2020-06-16,71.9066975960279,72.31213493878118,70.9137043603736,71.7811508178711,30648000
GOOGL,2020-06-17,72.10222120320456,72.56174660860705,71.21839618065276,72.08236694335938,30610000
GOOGL,2020-06-18,71.94886723551764,72.10369560935757,70.77721618095585,71.16826629638672,34862000
GOOGL,2020-06-19,71.46006097988747,71.68337215601352,70.41793206172524,70.69782257080078,52784000
GOOGL,2020-06-22,70.71619849058574,72.00346942495024,70.42738032600614,71.98907470703125,29442000
GOOGL,2020-06-23,72.05557069329991,73.20687548167953,71.70819685962732,72.65007781982422,37752000
GOOGL,2020-06-24,72.6153265644653,73.2361317269333,70.96380385720279,71.09779357910156,31592000
GOOGL,2020-06-25,71.02435732770277,71.5751956563901,70.44473713789317,71.51465606689453,23958000
GOOGL,2020-06-26,71.0943407213624,71.3121924045394,67.24194757133121,67.61611938476562,97640000
GOOGL,2020-06-29,67.50692798302207,69.3758102765899,67.07568473216418,69.3346176147461,45074000
GOOGL,2020-06-30,69.3202318055594,70.66605818577068,68.82645747874786,70.37078857421875,40286000
GOOGL,2020-07-01,70.42638389298779,71.8808939458053,70.17875084186853,71.55931854248047,42182000
GOOGL,2020-07-02,72.04762311231701,73.86786927142143,72.00940631780735,72.9453353881836,57218000
GOOGL,2020-07-06,73.84951911840722,74.93382524567807,73.2952051310002,74.42020416259766,44712000
GOOGL,2020-07-07,74.24552002438814,75.49557348396944,73.9264283274638,73.93734741210938,42364000
GOOGL,2020-07-08,74.47727666073511,74.99188970628182,74.05546070282946,74.61622619628906,31766000
GOOGL,2020-07-09,74.93034396940267,75.88364370968078,74.21872553346911,75.36357116699219,41836000
GOOGL,2020-07-10,75.09510790320913,76.48907845135179,74.47331060985266,76.37345123291016,35918000
GOOGL,2020-07-13,76.91585336815388,78.2269463706536,74.7631199227052,75.04449462890625,42954000
GOOGL,2020-07-14,74.07976943302606,75.56901287536773,73.73933934510958,75.47274017333984,38108000
GOOGL,2020-07-15,75.59035433858878,76.24044119944688,74.32988156049042,75.27523803710938,31026000
GOOGL,2020-07-16,74.51201273584942,75.227114462003,73.85547426548348,75.17798614501953,26484000
GOOGL,2020-07-17,75.2767261723641,75.60028547250893,74.34328068659873,75.27375030517578,34264000
GOOGL,2020-07-20,75.18194052229816,77.86218959279846,74.57155461054553,77.60562896728516,30166000
GOOGL,2020-07-21,78.65718338377883,78.75742390910581,77.04882953115545,77.21259307861328,27486000
GOOGL,2020-07-22,77.20218043875396,77.76145416596226,76.58285931506369,77.65575408935547,24482000
GOOGL,2020-07-23,77.70935063528133,77.92869400834472,74.86384609206827,75.26879119873047,33910000
GOOGL,2020-07-24,74.39737923019781,75.20328650022337,73.82172685321873,74.8449935913086,29902000
GOOGL,2020-07-27,75.0955864164992,76.30147119583586,75.04943398054827,75.89801788330078,27124000
GOOGL,2020-07-28,75.67819005490078,75.72831031816976,74.46336997984878,74.61869812011719,30910000
GOOGL,2020-07-29,74.68570460640144,76.0915786596811,74.58694820688795,75.60426330566406,22676000
GOOGL,2020-07-30,74.33682639743502,76.46673700092681,74.19787687871859,76.34168243408203,36042000
GOOGL,2020-07-31,74.29118175072095,74.68669194397553,72.15481941817586,73.83959197998047,91468000
GOOGL,2020-08-03,73.9909441597244,74.32491519567483,73.03416882186066,73.58203125,45482000
GOOGL,2020-08-04,73.77806059086923,74.0956606075538,72.65256179297857,73.11258697509766,37212000
GOOGL,2020-08-05,73.28725858588993,73.94131325306674,73.00935198752862,73.39990234375,29134000
GOOGL,2020-08-06,73.25401607153279,74.74871922040799,73.04310810672321,74.68321228027344,33306000
GOOGL,2020-08-07,74.88618940652373,75.4345440924859,73.75622301234296,74.356689453125,27718000
GOOGL,2020-08-10,73.98101701743722,74.79238376648463,73.32050325505837,74.2797622680664,20546000
GOOGL,2020-08-11,74.13982012855085,74.95566211247646,73.35525125440243,73.47187042236328,31098000
GOOGL,2020-08-12,73.79840700821114,75.01670289215501,73.6931991158398,74.79685974121094,22512000
GOOGL,2020-08-13,74.84498438553163,76.27220411103852,74.84498438553163,75.2638168334961,22388000
GOOGL,2020-08-14,75.11297363738187,75.41966216296682,74.38795233108324,74.66734313964844,21942000
GOOGL,2020-08-17,75.23008930724868,75.6176638667911,74.68570243226462,75.24348449707031,19990000
GOOGL,2020-08-18,75.73376986800842,77.28455245125708,75.51294236568772,77.20565032958984,28378000
GOOGL,2020-08-19,77.04237922081494,77.85474547284741,76.42256594943116,76.65133666992188,30472000
GOOGL,2020-08-20,76.42107417322119,78.41600301349055,76.14764273171457,78.22147369384766,26382000
GOOGL,2020-08-21,78.00064306227968,78.99711936961243,77.52970640732595,78.18773651123047,34838000
GOOGL,2020-08-24,79.0263920052425,79.83578242130031,78.16142935358315,78.66313934326172,25638000
GOOGL,2020-08-25,78.41254041856305,79.84075235572115,78.30237274468207,79.69039154052734,25150000
GOOGL,2020-08-26,79.71270905754783,82.01977833827368,79.44870497954882,81.59001922607422,52188000
GOOGL,2020-08-27,81.71310399920995,81.78158681274915,80.33352817007399,80.81539154052734,31350000
GOOGL,2020-08-28,80.86252964148268,81.45206939327979,80.67097616967305,81.3567886352539,22418000
GOOGL,2020-08-31,81.5622406146684,81.60839306205602,80.65708473224421,80.86550903320312,26422000
GOOGL,2020-09-01,80.99602062020955,82.33887127868402,80.86550650072458,82.1334228515625,22652000
GOOGL,2020-09-02,82.77506893604762,85.65779065315286,82.38700223432284,85.22555541992188,49522000
GOOGL,2020-09-03,84.33875494599933,84.36257702738146,79.78267965722253,80.86450958251953,63726000
GOOGL,2020-09-04,79.84669677227816,81.13645124591334,76.32183129516275,78.46762084960938,55850000
GOOGL,2020-09-08,75.67819363218968,77.19423512243685,75.25637772077722,75.60871887207031,54032000
GOOGL,2020-09-09,76.8642343918004,77.35154968410572,75.68663149054102,76.78136444091797,39242000
GOOGL,2020-09-10,76.92776582385801,78.09295804744944,75.43007908813422,75.73030853271484,33024000
GOOGL,2020-09-11,75.83451139910771,76.35805197313077,74.09118337949273,75.21965789794922,30706000
GOOGL,2020-09-14,76.0081899539607,77.26618654802343,74.69114549828926,74.87574768066406,42660000
GOOGL,2020-09-15,75.82161195068608,76.96794929706259,75.53428554034802,76.1803970336914,23042000
GOOGL,2020-09-16,76.54564251599456,77.1356820188287,75.01272258332794,75.03753662109375,22128000
GOOGL,2020-09-17,73.73337898935782,74.3710625832818,72.5746385228818,73.79441833496094,40008000
GOOGL,2020-09-18,73.85695861877808,74.19937265583256,71.0442113083804,72.01040649414062,63056000
GOOGL,2020-09-21,71.04420674157839,71.46303920509229,69.6080593619409,70.97076416015625,56908000
GOOGL,2020-09-22,71.97219001757368,72.64957456925964,70.93899627600688,72.4436264038086,33950000
GOOGL,2020-09-23,72.0600394464178,72.10916776182562,69.60806854673329,69.94104766845703,37726000
GOOGL,2020-09-24,69.60806845860263,71.36032432623271,69.58176269912194,70.6094970703125,34552000
GOOGL,2020-09-25,70.7181666964046,71.75482846616116,69.85617998146562,71.41341400146484,30326000
GOOGL,2020-09-28,73.04757600974902,73.09719651380165,71.77171646612977,72.38607025146484,30784000
GOOGL,2020-09-29,72.64660413596586,73.0480660321558,72.15481369174223,72.75131225585938,31816000
GOOGL,2020-09-30,72.49922954165476,73.75275899506933,72.24217664722751,72.73048400878906,40924000
GOOGL,2020-10-01,73.62668898749699,74.1929139312166,73.28625889509229,73.83709716796875,32884000
GOOGL,2020-10-02,72.4342036548503,73.39693074596006,71.824809673111,72.23421478271484,31222000
GOOGL,2020-10-05,72.58407414754559,73.67830733435456,72.45703566376906,73.58551025390625,21602000
GOOGL,2020-10-06,73.22176300740041,73.6693773856631,71.70869722745235,72.00694274902344,26096000
GOOGL,2020-10-07,72.41832463079594,72.89770426386879,71.12410260316045,72.4098892211914,36108000
GOOGL,2020-10-08,72.72301980086279,73.8435511132823,72.72301980086279,73.61528015136719,26076000
GOOGL,2020-10-09,74.08324039010259,75.02562099842726,73.79243836136804,74.95614624023438,32966000
GOOGL,2020-10-12,76.32332446809873,78.82541548276977,75.89158140633867,77.64285278320312,55344000
GOOGL,2020-10-13,78.2592048255547,78.6636502086918,77.34709764690986,77.76593017578125,39072000
GOOGL,2020-10-14,78.13960670707321,78.59863235974427,76.7153626294545,77.58578491210938,33174000
GOOGL,2020-10-15,76.64588265062753,77.9807976103411,76.47865102987744,77.19026947021484,31210000
GOOGL,2020-10-16,77.50588599458379,78.29393046378365,77.29895342687239,77.79718780517578,34194000
GOOGL,2020-10-19,78.20559105630397,78.60259289387788,75.57497020936422,75.923828125,29734000
GOOGL,2020-10-20,75.58440111837055,78.10187856628933,75.45487896936599,76.972412109375,41670000
GOOGL,2020-10-21,77.90387889868303,80.15140068876588,77.76939696227232,78.70482635498047,60322000
GOOGL,2020-10-22,78.65569689727067,80.06603832391136,78.28251710135257,79.73057556152344,30512000
GOOGL,2020-10-23,80.14693590256121,81.09328441349074,79.99110798217251,81.03671264648438,30548000
GOOGL,2020-10-26,80.1444529478215,80.86798245629929,77.80115810817524,78.62046813964844,35826000
GOOGL,2020-10-27,78.85073087185503,79.49932607502853,78.25820767241161,79.34449768066406,25902000
GOOGL,2020-10-28,76.91932680468821,77.10789684447866,74.85839855107197,74.97352600097656,45174000
GOOGL,2020-10-29,75.2821954866386,78.84130281711909,75.25887316569779,77.26025390625,55406000
GOOGL,2020-10-30,82.74679062825668,83.4355865281123,79.47798597119375,80.19953155517578,99878000
GOOGL,2020-11-02,80.56824749297716,82.29023716014902,80.10673063697057,80.6069564819336,44228000
GOOGL,2020-11-03,80.92653865196347,82.3279448648545,80.00102885652811,81.66594696044922,31432000
GOOGL,2020-11-04,84.63948898890001,87.83782697800774,84.5114585454135,86.63789367675781,71342000
GOOGL,2020-11-05,87.85866004494117,88.91915155799254,86.39869055413503,87.46414184570312,39758000
GOOGL,2020-11-06,86.9103342731499,87.76190180648214,86.18282936178207,87.32669067382812,28622000
GOOGL,2020-11-09,89.12559909444359,90.16325299322276,87.21850731003066,87.41055297851562,53440000
GOOGL,2020-11-10,85.83991023580055,87.30930698283623,85.16252569557643,86.23442840576172,43022000
GOOGL,2020-11-11,86.76443103612137,87.4839927088133,86.49943497923725,86.70637512207031,31838000
GOOGL,2020-11-12,86.44683303667651,87.58721871168564,86.24684415165065,86.4875259399414,26474000
GOOGL,2020-11-13,86.74458521077995,88.19016006899665,86.14809419488121,87.948486328125,29744000
GOOGL,2020-11-16,87.54553261179751,89.0442111765779,87.40608331966793,88.03632354736328,25468000
GOOGL,2020-11-17,87.73012768241678,88.19065257156724,87.31477085146919,87.42245483398438,21314000
GOOGL,2020-11-18,87.17334492122757,87.58820959498601,86.27661691281018,86.37934112548828,20108000
GOOGL,2020-11-19,86.01160718537209,87.5132613817082,85.85231123087452,87.26910400390625,20106000
GOOGL,2020-11-20,87.43933016329416,87.75494624561959,86.099455426142,86.16793823242188,27694000
GOOGL,2020-11-23,86.35850382471271,86.64483829608162,84.86776845214185,85.7302474975586,22530000
GOOGL,2020-11-24,85.72725633537328,87.66163790492705,85.39129384637128,87.53360748291016,27984000
GOOGL,2020-11-25,87.72765454815004,87.85518522073961,86.7624437790224,87.54502868652344,19600000
GOOGL,2020-11-27,87.56538232050816,89.1767122831429,87.56538232050816,88.68095397949219,14790000
GOOGL,2020-11-30,88.11671176448347,88.34945031622777,86.73663636473374,87.06217956542969,32418000
GOOGL,2020-12-01,87.67058175377963,90.40293508256026,87.49043957012618,89.09481811523438,37350000
GOOGL,2020-12-02,89.09482724425072,90.94981487855388,88.58914937963489,90.56422424316406,29424000
GOOGL,2020-12-03,90.34438241647054,91.50014714254405,90.16870781369849,90.40889739990234,24728000
GOOGL,2020-12-04,90.32849868550227,90.78901600192947,89.99947985990944,90.5041732788086,20544000
GOOGL,2020-12-07,90.09674637845352,90.77859855213794,89.4759411272012,90.17019653320312,22288000
GOOGL,2020-12-08,89.7478950094271,90.11759919688177,88.89235965969378,89.88733673095703,19936000
GOOGL,2020-12-09,89.8392011100304,90.73295326690491,87.43933447683615,88.22638702392578,31728000
GOOGL,2020-12-10,87.46910240104222,88.08395592677938,86.0265034805042,87.71971130371094,28688000
GOOGL,2020-12-11,87.34008297762018,88.19909393700529,86.97980616515416,88.07453155517578,18628000
GOOGL,2020-12-14,87.87206082320614,88.8189014511486,86.80065024940325,86.95597839355469,33050000
GOOGL,2020-12-15,87.33312959787565,87.53857801501006,86.43045746319423,87.3936767578125,21352000
GOOGL,2020-12-16,87.7921613925864,87.7921613925864,86.79718438631407,87.20063018798828,24676000
GOOGL,2020-12-17,87.53511818197795,87.67307576208695,85.90840908366975,86.37289428710938,34880000
GOOGL,2020-12-18,86.65377457814161,86.7624505284676,85.10695960958034,85.66374969482422,85256000
GOOGL,2020-12-21,84.81565683297735,86.19870821457275,84.06482960264226,86.07762145996094,33974000
GOOGL,2020-12-22,85.81807923743065,85.98085084047112,84.64941153653486,85.36599731445312,20370000
GOOGL,2020-12-23,85.55011232552296,86.55154089513248,85.41463085492951,85.76349639892578,22974000
GOOGL,2020-12-24,85.8017013279546,86.46717488960903,85.57094668185455,86.05776977539062,9312000
GOOGL,2020-12-28,86.5912375649003,88.67995556645543,86.43790089801071,88.03284454345703,27650000
GOOGL,2020-12-29,88.691373155201,88.75290469779057,87.09741391594572,87.22891998291016,19726000
GOOGL,2020-12-30,87.58820379818833,87.72516940602775,85.75207866076447,86.16148376464844,21026000
GOOGL,2020-12-31,86.21211520633824,87.21602750872316,86.15355195162485,86.974853515625,21070000
GOOGL,2021-01-04,87.34008358640446,87.4636464411681,84.71690581732847,85.65928649902344,37324000
GOOGL,2021-01-05,85.60768289448738,86.68652953356218,85.20125359457019,86.3500747680664,20360000
GOOGL,2021-01-06,84.37547823924433,86.54459001427169,84.16903787338767,85.49799346923828,46588000
GOOGL,2021-01-07,85.69054682012181,88.22440320804346,85.69054682012181,88.05171203613281,41936000
GOOGL,2021-01-08,88.19164922097684,89.29332585763812,87.40062131631798,89.21739959716797,35484000
GOOGL,2021-01-11,88.18469390854133,88.54993804991724,86.95002711090964,87.15596771240234,34796000
GOOGL,2021-01-12,86.6135656079174,87.73211302288776,85.17543429898133,86.22003936767578,29528000
GOOGL,2021-01-13,85.71833405616691,87.16094060271311,85.71833405616691,86.70736694335938,23432000
GOOGL,2021-01-14,86.78774893221043,87.7147504644655,85.65629851518884,85.89698028564453,29212000
GOOGL,2021-01-15,85.80270536196944,86.72573164848349,84.9437018754626,85.73323059082031,31444000
GOOGL,2021-01-19,86.49646051814078,89.51564826858593,85.99177462608301,88.55441284179688,41660000
GOOGL,2021-01-20,90.63368359442,94.27368371302536,90.29326108063897,93.29855346679688,64152000
GOOGL,2021-01-21,93.97247397752348,95.87955813281762,93.26580772759824,93.50102996826172,58634000
GOOGL,2021-01-22,93.86379288072814,94.50544439835653,93.12140106015978,93.91838073730469,32744000
GOOGL,2021-01-25,94.91981325917729,95.37041104765358,92.26090239757879,94.00373077392578,50586000
GOOGL,2021-01-26,93.59233288563547,95.06917311218761,93.10303372518045,94.68209838867188,31462000
GOOGL,2021-01-27,93.04249028584238,93.31840541043215,89.19009786238911,90.26497650146484,82512000
GOOGL,2021-01-28,90.86345710248793,93.69158328573165,90.86345710248793,91.96513366699219,55278000
GOOGL,2021-01-29,91.01333383693596,91.68426702027512,89.40251113891038,90.68283081054688,44530000
GOOGL,2021-02-01,91.53786168051741,95.0587592331075,91.53786168051741,93.94368743896484,40252000
GOOGL,2021-02-02,94.93915853083888,96.73756654269728,94.60368821838104,95.23641204833984,66332000
GOOGL,2021-02-03,102.50599093974508,104.54111299416813,99.92250668912237,102.17201232910156,97882000
GOOGL,2021-02-04,102.25835779899022,102.68910130885799,100.99192568967557,101.91148376464844,48596000
GOOGL,2021-02-05,102.20575339863728,104.01111275805967,101.73134112371685,103.65827941894531,29866000
GOOGL,2021-02-08,104.21259473058925,104.95697040723631,102.39384015907453,103.44439697265625,28828000
GOOGL,2021-02-09,102.96204375401462,104.13865469002172,102.72384565242261,102.99132537841797,21892000
GOOGL,2021-02-10,103.37590903343886,104.1570097489229,101.84249703303352,103.54165649414062,25102000
GOOGL,2021-02-11,103.76597915086751,103.91484823820412,102.66727833879833,103.6543197631836,20480000
GOOGL,2021-02-12,103.20867899470525,104.18777710286646,102.90099857654532,103.96595764160156,18990000
GOOGL,2021-02-16,103.80319453901487,106.45267806427309,103.80319453901487,104.74359130859375,31004000
GOOGL,2021-02-17,103.91384859595338,105.3261814870926,103.63446540978451,105.13661193847656,20294000
GOOGL,2021-02-18,104.46073001635577,105.30386215822301,103.8816019889264,104.50092315673828,22546000
GOOGL,2021-02-19,104.59917603105531,105.13462765654127,103.39030764472844,103.65728759765625,37938000
GOOGL,2021-02-22,101.9099840848618,103.236463485015,101.63208506794403,101.94273376464844,29466000
GOOGL,2021-02-23,99.94434439439259,102.84790471803919,98.7652498236748,102.2335433959961,34658000
GOOGL,2021-02-24,100.74082627734853,103.63297538297377,100.61627147183141,103.40916442871094,22608000
GOOGL,2021-02-25,102.02562057484711,103.36897091511271,99.57215821309238,100.04161071777344,41548000
GOOGL,2021-02-26,100.73635761176493,102.0548939056203,99.30021020364278,100.33737182617188,40042000
GOOGL,2021-03-01,101.63209913010583,103.03301325641854,100.95819013474573,102.70697784423828,26060000
GOOGL,2021-03-02,102.46778343065205,103.95157512845779,102.06235368431534,102.44992065429688,25564000
GOOGL,2021-03-03,101.82812222319419,103.02110427360444,98.95234399009125,99.81632232666016,33892000
GOOGL,2021-03-04,99.98801216184687,102.95161985010066,99.51955162533255,100.93386840820312,49216000
GOOGL,2021-03-05,102.284655349092,104.52025828320131,100.62866495462481,104.06718444824219,53100000
GOOGL,2021-03-08,103.42156468031192,104.89442945926555,99.50763344006778,99.62226867675781,36868000
GOOGL,2021-03-09,101.71893700927107,102.4221200060807,101.01673839596404,101.2529525756836,33920000
GOOGL,2021-03-10,102.2970659351344,102.2970659351344,100.20933995964218,101.0460205078125,27100000
GOOGL,2021-03-11,102.1392583726639,104.7718632506031,102.05142107793417,104.23938751220703,27702000
GOOGL,2021-03-12,103.04193137404907,103.1014789982909,100.85892485884678,101.73133087158203,33818000
GOOGL,2021-03-15,101.48222292330844,101.97896555456512,100.62917132551493,101.95167541503906,26168000
GOOGL,2021-03-16,102.52484679250944,104.89146380814894,102.19235989786293,103.41313934326172,31900000
GOOGL,2021-03-17,102.64792444093051,104.16297408675445,101.43955571786044,103.33026885986328,26382000
GOOGL,2021-03-18,101.64102887234584,102.66181951662611,100.2019054886591,100.30909729003906,31700000
GOOGL,2021-03-19,100.72544755239356,101.08820045745158,99.39549239049998,100.58798217773438,46072000
GOOGL,2021-03-22,100.62123402558689,101.64896832220467,99.94484136557821,100.77308654785156,33536000
GOOGL,2021-03-23,101.23261887288946,102.4315602691178,100.63960345971093,101.30110168457031,28510000
GOOGL,2021-03-24,101.81868694086641,102.6047475271792,100.6892203526668,100.8644027709961,25218000
GOOGL,2021-03-25,100.69170066123667,101.51497849194996,99.05605651294476,100.86092376708984,35616000
GOOGL,2021-03-26,100.82768277882265,101.20483044037542,99.44115570408202,100.47733306884766,27978000
GOOGL,2021-03-29,100.34978722521926,101.6921456617526,99.52055008099022,101.52242279052734,26492000
GOOGL,2021-03-30,101.8792424380302,102.36010628949487,101.04405347001247,101.55618286132812,27312000
GOOGL,2021-03-31,101.94969227085818,103.5307484849651,101.58246421687518,102.35264587402344,42570000
GOOGL,2021-04-01,103.82800630103871,105.98669127491928,103.78731339954884,105.6904296875,39880000
GOOGL,2021-04-05,106.55241526747184,110.61373186270573,106.45614255746916,110.1159896850586,48510000
GOOGL,2021-04-06,109.7170060552788,110.56460573116816,109.26393216477742,109.63462829589844,35240000
GOOGL,2021-04-07,109.82519037364484,111.38341654754359,109.82519037364484,111.11196899414062,24134000
GOOGL,2021-04-08,112.35110546289924,112.73768803911382,111.30947619166977,111.67769622802734,28664000
GOOGL,2021-04-09,111.43006856726271,112.84586958165409,111.02413150339015,112.6821060180664,26146000
GOOGL,2021-04-12,111.86081020287733,111.99826800652428,110.5556690671648,111.38937377929688,25024000
GOOGL,2021-04-13,111.7054829333092,112.32480405880901,111.31145691408278,111.87619018554688,25682000
GOOGL,2021-04-14,112.52132265803313,112.52132265803313,110.96260423492673,111.25489044189453,21002000
GOOGL,2021-04-15,112.24937512425728,113.93910731506152,111.71441568076216,113.40563201904297,29174000
GOOGL,2021-04-16,113.60364566317921,113.85177090924829,112.69451439811739,113.28157806396484,26282000
GOOGL,2021-04-19,112.65779320044837,114.34057420260662,112.65779320044837,113.62944793701172,30290000
GOOGL,2021-04-20,114.01304464501652,114.08797894990056,112.00968781654448,113.09597778320312,22288000
GOOGL,2021-04-21,112.75059219366896,113.14511042002438,111.39929855085491,113.063232421875,23204000
GOOGL,2021-04-22,112.91682079811619,113.58576995945398,111.17597645061205,111.78140258789062,24146000
GOOGL,2021-04-23,112.49998747236313,114.44132071147847,112.2146449476843,114.13414001464844,29066000
GOOGL,2021-04-26,114.36191465854154,115.35491539207553,114.0046137037265,114.63038635253906,32038000
GOOGL,2021-04-27,115.01249127701054,115.05318417666454,113.45078956312143,113.68998718261719,44386000
GOOGL,2021-04-28,118.72792498547076,120.65734705575763,116.77865622813731,117.06747436523438,81106000
GOOGL,2021-04-29,118.56565462462966,119.30655470794439,117.80241660635883,118.74082946777344,41234000
GOOGL,2021-04-30,117.51310274370631,118.19941495111625,116.44815119189317,116.79254913330078,44856000
GOOGL,2021-05-03,117.35877344421958,118.18453498753864,115.89930359845003,116.27545928955078,28242000
GOOGL,2021-05-04,114.81002610533777,115.37773525338912,111.98785142103567,114.47654724121094,44818000
GOOGL,2021-05-05,115.55838657968523,115.8744948855566,114.54851496753456,114.8705825805664,26636000
GOOGL,2021-05-06,114.45172515333141,115.99109649658203,113.79221092567428,115.99109649658203,25190000
GOOGL,2021-05-07,117.30816815696002,117.67340478459035,116.42831089477704,116.71464538574219,28898000
GOOGL,2021-05-10,115.53406221182321,115.67599518638454,113.3704097175728,113.72821044921875,30914000
GOOGL,2021-05-11,111.31245758968727,113.15900213602517,110.8583841691217,112.6518325805664,34186000
GOOGL,2021-05-12,110.47477830544459,111.55610843792854,108.85848874493934,109.1875,46376000
GOOGL,2021-05-13,110.47129449517293,111.13230039558225,109.50856750158755,110.61620330810547,33204000
GOOGL,2021-05-14,112.0801472464364,113.37932900228232,111.65634743812632,113.06470489501953,31996000
GOOGL,2021-05-17,112.3297641754445,113.6304377384808,111.92978642061708,113.58776092529297,21598000
GOOGL,2021-05-18,114.2542271454535,114.51873100821115,112.26128204938492,112.27517700195312,22204000
GOOGL,2021-05-19,110.58594292832795,112.89648041648023,110.43756603914663,112.7232894897461,23684000
GOOGL,2021-05-20,113.69097811635923,114.73309949048301,113.3197822443816,114.48249816894531,32352000
GOOGL,2021-05-21,115.00158609753292,115.07503626023684,113.60662363633259,113.8463134765625,40632000
GOOGL,2021-05-24,114.87653394991712,117.390536195804,114.73113291341008,117.16673278808594,31832000
GOOGL,2021-05-25,117.71061174116315,118.30611079968943,116.86698744390246,117.25753784179688,22440000
GOOGL,2021-05-26,117.4386576186535,118.55373698083459,117.4356817515522,118.12299346923828,21572000
GOOGL,2021-05-27,118.55671711942162,118.55671711942162,116.92951595867764,117.24810791015625,35224000
GOOGL,2021-05-28,117.83070761492301,117.91258561269424,116.76029647620672,116.95879364013672,21482000
GOOGL,2021-06-01,117.83169739325494,118.3909711309442,116.83125322941245,118.16616821289062,23354000
GOOGL,2021-06-02,118.5616749306312,118.7844939306939,116.73596907023163,117.64064025878906,21158000
GOOGL,2021-06-03,116.4069512905772,116.96721693634349,115.60252825216205,116.4987564086914,18696000
GOOGL,2021-06-04,117.57512855840817,119.05196883289784,117.2346984558086,118.78101348876953,24458000
GOOGL,2021-06-07,118.57608038074805,119.3239317671164,118.1572478636839,119.2142562866211,24120000
GOOGL,2021-06-08,119.69612193073363,120.06880200713763,118.84107872315361,119.022705078125,24240000
GOOGL,2021-06-09,119.66733919747418,119.73929006933248,118.94628575379556,119.49414825439453,17942000
GOOGL,2021-06-10,119.44352262743342,120.88662140305803,119.28770227679246,120.84344482421875,25904000
GOOGL,2021-06-11,121.08511637699016,121.17047000516757,120.04100343499866,120.59879302978516,21958000
GOOGL,2021-06-14,120.7010138258984,121.52776727722208,119.99336321142542,121.52727508544922,22098000
GOOGL,2021-06-15,121.5317391337335,121.85479867979801,120.1481955864892,120.50897216796875,21562000
GOOGL,2021-06-16,120.66032532200343,120.97197359175446,118.57409090880724,119.8668212890625,26472000
GOOGL,2021-06-17,119.79238984947777,121.60370111962469,119.59636878457852,120.8305435180664,25842000
GOOGL,2021-06-18,120.45685929101408,120.69108957521395,119.1150006147533,119.21028137207031,46116000
GOOGL,2021-06-21,119.59685965102948,121.0851112549705,118.99936913469928,120.89901733398438,27414000
GOOGL,2021-06-22,120.83699476359857,121.48212191742986,120.15614205708611,121.41313934326172,22390000
GOOGL,2021-06-23,121.17790930527332,122.17239413660434,120.92085647379636,121.2111587524414,19148000
GOOGL,2021-06-24,121.77985701377752,122.13269035567586,121.382862712785,121.58135986328125,21362000
GOOGL,2021-06-25,121.08511970218902,121.71337603387175,120.65338419848014,121.58980560302734,34594000
GOOGL,2021-06-28,121.758521573653,121.86422922179605,120.49507286854836,121.61709594726562,28526000
GOOGL,2021-06-29,121.75059355767355,122.09846715134644,120.77843902634659,121.35557556152344,23108000
GOOGL,2021-06-30,121.07966138959465,121.34019744310686,120.44446136096889,121.1739501953125,24474000
GOOGL,2021-07-01,120.81217357840106,121.66770889111173,120.62012792060024,121.52628326416016,18110000
GOOGL,2021-07-02,122.22649002373326,124.46358492049245,122.13666881147289,124.31818389892578,25982000
GOOGL,2021-07-06,124.7062473785761,125.47990467415667,123.64823954552753,125.24369049072266,26404000
GOOGL,2021-07-07,126.20841794950853,126.32949713802952,125.20698174936605,125.52557373046875,24060000
GOOGL,2021-07-08,123.09591382193557,124.65364012038974,123.09194599924523,124.10627746582031,23790000
GOOGL,2021-07-09,124.08743338198082,124.7916083872216,123.61748109045698,124.57723236083984,18632000
GOOGL,2021-07-12,125.2317800964702,126.11659701235094,124.66903075282382,126.02330017089844,17668000
GOOGL,2021-07-13,126.0858217415927,127.09717735782496,125.72455299411631,126.38655090332031,19240000
GOOGL,2021-07-14,126.99844536053709,128.35669033266043,126.9552687797192,127.27535247802734,23742000
GOOGL,2021-07-15,127.6842658802635,127.73487834381639,125.58115294607605,126.0525894165039,24218000
GOOGL,2021-07-16,126.70564909050017,126.8530340257524,125.20747031972039,126.0178451538086,20424000
GOOGL,2021-07-19,125.14393851701688,125.25857376045805,122.57881687574903,123.6437759399414,27968000
GOOGL,2021-07-20,124.5861538619806,126.09029189296702,123.4179859291458,125.26304626464844,26312000
GOOGL,2021-07-21,125.18761690110053,126.6391510453154,125.0784411915478,126.5925064086914,20746000
GOOGL,2021-07-22,126.88528921475424,127.5194972412647,126.54287518623292,127.45845031738281,14302000
GOOGL,2021-07-23,129.4523951600972,132.3986401311124,128.82712984161756,132.01751708984375,41506000
GOOGL,2021-07-26,132.32866235257328,133.23034251225275,131.3093559344711,133.0298614501953,30572000
GOOGL,2021-07-27,133.24377207224154,133.39115703132677,129.12836663588544,130.910888671875,54710000
GOOGL,2021-07-28,135.28979281293505,137.2599079039197,134.26305040717065,135.07342529296875,95130000
GOOGL,2021-07-29,135.12898147854628,135.6361509759325,134.5265388076387,134.75927734375,31716000
GOOGL,2021-07-30,134.02235996691988,134.28983968101215,133.24821049206028,133.71617126464844,25576000
GOOGL,2021-08-02,134.10374439184372,134.32159603083082,132.79066767952273,133.8432159423828,21634000
GOOGL,2021-08-03,134.12160154439192,134.71412469345836,132.31972539676443,134.61289978027344,20762000
GOOGL,2021-08-04,134.33451713154457,134.63227046149845,133.4784819870635,134.11219787597656,19676000
GOOGL,2021-08-05,134.66303433806044,135.3275236015208,133.8347890656251,135.22975158691406,17870000
GOOGL,2021-08-06,135.02180226998487,135.4490701118933,134.19604087105887,134.72056579589844,20488000
GOOGL,2021-08-09,134.92304934714446,136.15523997949722,134.32455935046355,135.88626098632812,17760000
GOOGL,2021-08-10,136.31204332519133,136.73932631810774,135.34188043410109,135.78106689453125,19414000
GOOGL,2021-08-11,136.15277807095418,136.6500129504423,135.24959853381438,135.25704956054688,15352000
GOOGL,2021-08-12,134.95579303808665,136.27036900891522,134.40992968897953,136.1651611328125,16506000
GOOGL,2021-08-13,136.22077428380268,136.8227324935351,136.00540627281836,136.69468688964844,15948000
GOOGL,2021-08-16,136.49367603744454,137.32490460237238,134.28437116129226,137.2722930908203,22384000
GOOGL,2021-08-17,136.71698050902566,137.22861756158778,135.06148995835744,135.6366424560547,21716000
GOOGL,2021-08-18,135.47638678008008,136.0763610262698,134.30672701456993,134.4332733154297,19258000
GOOGL,2021-08-19,133.42737741097457,135.32999419006325,133.2432673738552,134.66253662109375,21782000
GOOGL,2021-08-20,134.98014118566647,136.52248864700474,134.23576540706904,136.39892578125,31194000
GOOGL,2021-08-23,136.93484971886602,139.81806360283056,136.57556488005156,138.99131774902344,28454000
GOOGL,2021-08-24,139.55702905815937,141.01452236958926,139.28608129387433,140.20216369628906,19268000
GOOGL,2021-08-25,140.56295954298056,141.12322528868177,140.31583381143977,141.0135498046875,15848000
GOOGL,2021-08-26,140.687025436798,141.34951565478207,140.29696718889772,140.37985229492188,20610000
GOOGL,2021-08-27,140.59023537546233,143.42878866169718,140.43589917778093,142.92410278320312,28780000
GOOGL,2021-08-30,143.3171329571625,144.87586650188038,143.08191071362054,143.50621032714844,24434000
GOOGL,2021-08-31,144.05853400521448,144.08284070648722,143.1990308749765,143.61239624023438,22448000
GOOGL,2021-09-01,143.91262680281687,145.15722071865454,143.7969996028531,144.1265106201172,21936000
GOOGL,2021-09-02,144.12702918117816,144.4282505704674,142.1112538267308,142.21249389648438,32342000
GOOGL,2021-09-03,142.00753585009178,143.07397156605705,141.33262733689926,142.66159057617188,19850000
GOOGL,2021-09-07,142.75587753973872,143.48089873899315,142.5419937114171,143.1985321044922,20124000
GOOGL,2021-09-08,143.01937843726546,143.31711657655697,141.9276214453262,142.61343383789062,18344000
GOOGL,2021-09-09,142.76183791118086,143.22831458600484,142.10381533079317,142.46458435058594,15314000
GOOGL,2021-09-10,143.13103101123474,143.63324834342055,139.6825992095329,139.81956481933594,36840000
GOOGL,2021-09-13,140.8850285317555,141.87802939706455,140.19078055378577,141.26516723632812,22094000
GOOGL,2021-09-14,141.9231620681561,142.28791402642847,140.68700352159263,141.4755401611328,19674000
GOOGL,2021-09-15,141.7008640719296,143.3672741920818,140.28754656710873,143.346435546875,27408000
GOOGL,2021-09-16,142.871012257135,143.21789389256512,141.33363224313416,142.53306579589844,26190000
GOOGL,2021-09-17,141.95792882832896,142.37427770292902,139.4166287082116,139.74415588378906,53384000
GOOGL,2021-09-20,137.12543075040233,137.95764383732217,135.2997322450259,137.6792449951172,46518000
GOOGL,2021-09-21,138.70150564295537,138.961549489437,137.24104391217074,137.99038696289062,25332000
GOOGL,2021-09-22,138.25934422526794,139.83046573683288,137.51248488570442,139.2314910888672,25056000
GOOGL,2021-09-23,139.93024135046866,140.6339242140277,139.34863720343068,140.1570281982422,20952000
GOOGL,2021-09-24,139.48461774511946,141.2631871572942,139.18934805370702,141.14854431152344,22984000
GOOGL,2021-09-27,139.74860330168596,140.87410203574274,139.01713059177794,140.01409912109375,21882000
GOOGL,2021-09-28,137.6151978525683,138.05338477701864,134.3449095186798,134.81138610839844,45772000
GOOGL,2021-09-29,135.95279250178928,136.1225153946374,132.86116135718453,133.3459930419922,30848000
GOOGL,2021-09-30,133.25467295688009,134.5260573598816,132.5544581975898,132.67355346679688,37996000
GOOGL,2021-10-01,133.4392677350906,135.88381020641216,133.06757963803923,135.51905822753906,35360000
GOOGL,2021-10-04,134.94092038251742,134.94092038251742,130.06725246602704,132.6571807861328,51202000
GOOGL,2021-10-05,133.03582852986017,136.195457682752,133.03582852986017,135.00296020507812,32404000
GOOGL,2021-10-06,133.739508771599,136.7170117498164,133.54101160192383,136.5334014892578,24364000
GOOGL,2021-10-07,137.85045862396706,138.9918439552087,137.6112685285456,138.18096923828125,25110000
GOOGL,2021-10-08,138.53031118041213,139.2786547710328,138.17350997032952,138.7372589111328,26526000
GOOGL,2021-10-11,138.24747054655032,139.65682029056288,137.81770375879188,137.87229919433594,17954000
GOOGL,2021-10-12,138.43401141680982,138.4608169354208,134.7419071206259,135.42575073242188,36332000
GOOGL,2021-10-13,136.37210417426144,136.96512710925458,135.49523045857015,136.55026245117188,19654000
GOOGL,2021-10-14,138.4280577151178,140.27757789553945,137.78392262648904,140.0924835205078,31894000
GOOGL,2021-10-15,140.55253377590688,140.65525799212097,139.69948208035825,140.30787658691406,30274000
GOOGL,2021-10-18,140.01857311030093,141.72517625679853,140.0116218475846,141.70730590820312,20396000
GOOGL,2021-10-19,142.3122259032988,142.5851727491795,141.5306404974809,142.16285705566406,20164000
GOOGL,2021-10-20,142.2631058944433,142.4695538565035,140.3163131219319,140.70587158203125,23288000
GOOGL,2021-10-21,140.70586399440023,141.08997046295738,139.44638307898973,140.82199096679688,26292000
GOOGL,2021-10-22,138.10650299028052,139.52875553803523,135.03571082515822,136.53488159179688,50588000
GOOGL,2021-10-25,136.51849946532073,136.9651218337323,134.40843556139117,136.41627502441406,34412000
GOOGL,2021-10-26,138.21914848241224,139.0324915543169,137.26734051447318,138.26380920410156,49236000
GOOGL,2021-10-27,138.35957512544428,147.53524032864095,138.35957512544428,145.12098693847656,85782000
GOOGL,2021-10-28,146.03113135042497,146.05445366795587,143.54242804880974,144.75526428222656,36206000
GOOGL,2021-10-29,143.99006104419053,147.13033561970673,143.56477703683294,146.93580627441406,43320000
GOOGL,2021-11-01,146.93581200680188,146.93581200680188,142.15145003137462,142.42091369628906,46924000
GOOGL,2021-11-02,143.49528827408025,145.50956421119818,143.25311477300548,144.34188842773438,33482000
GOOGL,2021-11-03,144.8063933276679,145.56913921007816,143.50671917135764,145.49867248535156,27494000
GOOGL,2021-11-04,146.02119056573684,148.61063405572054,145.21081578710826,147.15562438964844,38412000
GOOGL,2021-11-05,148.05087231856265,149.20019319950708,147.08567660753985,147.7357635498047,38354000
GOOGL,2021-11-08,148.70144323665562,149.48552742281953,147.31740001470018,147.9134063720703,23052000
GOOGL,2021-11-09,148.11389827574533,148.71088906033273,146.14079981403162,147.8017578125,19530000
GOOGL,2021-11-10,146.39388220777226,146.95961498797055,143.4536043601575,144.79942321777344,29970000
GOOGL,2021-11-11,145.39097096057034,146.42913217183607,144.50863009769796,144.6733856201172,16518000
GOOGL,2021-11-12,145.5160161174187,147.73377171558494,144.3205504253786,147.56304931640625,22360000
GOOGL,2021-11-15,147.78388336285937,148.42801853120432,146.46832288502367,147.3387451171875,23508000
GOOGL,2021-11-16,147.03852213551875,147.64691660374896,146.20779328379493,146.76707458496094,18904000
GOOGL,2021-11-17,146.91742834177577,147.44543653660836,146.13584294303453,146.93678283691406,19594000
GOOGL,2021-11-18,147.1298348231303,149.45129909726722,146.77551730421044,148.71485900878906,35608000
GOOGL,2021-11-19,148.850821889898,149.83440281847206,147.78240224110786,147.8096923828125,33682000
GOOGL,2021-11-22,148.2126562711061,148.70592331969485,145.05154308495818,145.2048797607422,30594000
GOOGL,2021-11-23,145.05698650074015,145.56018822180644,143.03427520363064,144.6887664794922,27218000
GOOGL,2021-11-24,144.38259466091938,145.15277643240424,143.2903528463246,145.0242462158203,18040000
GOOGL,2021-11-26,143.26600240488204,143.47343471608676,140.7787985817031,141.1167449951172,30470000
GOOGL,2021-11-29,142.9201532856611,145.2004250870871,142.814445622238,144.43917846679688,32596000
GOOGL,2021-11-30,143.9210829537651,144.90514856073972,140.53963428895196,140.8334197998047,42068000
GOOGL,2021-12-01,142.92013447496637,144.8560080310681,139.85529413547832,139.99374389648438,34020000
GOOGL,2021-12-02,140.1907554042833,142.7856510065103,139.16301355015398,141.89389038085938,29194000
GOOGL,2021-12-03,142.60355552786942,143.31715802946007,139.24889684085005,140.9366455078125,41230000
GOOGL,2021-12-06,141.9678386286235,142.77374594125564,139.0990115301262,142.08148193359375,30618000
GOOGL,2021-12-07,144.5046722790173,146.42467472211027,144.138436129141,146.16513061523438,32240000
GOOGL,2021-12-08,146.48963874269842,147.2801743412199,145.30807576575117,147.07521057128906,24270000
GOOGL,2021-12-09,146.48419715632372,147.9818836126796,146.0117688087392,146.53134155273438,23270000
GOOGL,2021-12-10,147.58488027246938,147.86029563658596,145.60384630237746,146.89161682128906,24458000
GOOGL,2021-12-13,146.67326661525007,146.86036006274796,144.42625220003177,144.73294067382812,27070000
GOOGL,2021-12-14,142.88836698093175,143.39652088196925,140.15600616019245,142.82781982421875,38446000
GOOGL,2021-12-15,142.3335886600794,145.62074883141545,140.61556644765918,145.3428497314453,36370000
GOOGL,2021-12-16,146.0668723499837,146.56957435647965,142.5300879554228,143.36181640625,33650000
GOOGL,2021-12-17,141.43138309383306,142.75587874027252,140.24038500191537,140.66220092773438,50416000
GOOGL,2021-12-20,138.95013079239632,140.7113292733153,138.27622180996892,140.54507446289062,27192000
GOOGL,2021-12-21,140.9882260878411,142.79011743592406,139.4488622569165,142.39659118652344,28756000
GOOGL,2021-12-22,141.99464616719504,145.4014011115473,141.99464616719504,145.31703186035156,26322000
GOOGL,2021-12-23,145.40137781045914,147.1318028392247,145.35373364931638,145.81475830078125,26384000
GOOGL,2021-12-27,146.1516982622642,147.2315366159607,146.0658448812409,146.7973175048828,15976000
GOOGL,2021-12-28,147.12435498406532,147.18688605386762,144.95922615738593,145.58697509765625,18200000
GOOGL,2021-12-29,145.54480223641073,146.31151586245565,144.5552847534047,145.5552215576172,17788000
GOOGL,2021-12-30,145.5939555410993,146.19541398986445,144.89970756909142,145.10415649414062,15688000
GOOGL,2021-12-31,144.9547612243931,145.59839661195713,143.7657470703125,143.7657470703125,18136000
GOOGL,2022-01-03,143.96722101651818,144.75725699875156,142.6352894390565,143.90420532226562,28646000
GOOGL,2022-01-04,144.3056527999595,145.3864907314866,142.63875836947292,143.31663513183594,28400000
GOOGL,2022-01-05,143.33701076914264,143.41591291247394,136.6554985211468,136.74183654785156,54618000
GOOGL,2022-01-06,135.97114712472833,138.89058651246134,135.5344442800259,136.7145233154297,37348000
GOOGL,2022-01-07,137.109533589017,137.41027034450386,134.74837599268508,135.989501953125,29760000
GOOGL,2022-01-10,134.0650342896381,137.77847711136317,132.16588595061782,137.6295928955078,44408000
GOOGL,2022-01-11,136.9720874131419,139.1645217290707,135.66744595665384,138.6881103515625,28730000
GOOGL,2022-01-12,140.09150474264098,141.53857889929625,139.63943036795163,140.36990356445312,26108000
GOOGL,2022-01-13,140.47858803319025,141.7787770936722,137.37107060354336,137.54774475097656,31436000
GOOGL,2022-01-14,136.05102908212427,139.68656954146815,135.97114257121223,138.4345245361328,29662000
GOOGL,2022-01-18,135.15382402606036,136.10314842718847,134.42285105215512,134.9781494140625,34872000
GOOGL,2022-01-19,135.49971818596012,136.924954324365,134.00303093607937,134.103271484375,28648000
GOOGL,2022-01-20,135.22827003905482,136.59395853080127,131.96740064347765,132.30783081054688,29908000
GOOGL,2022-01-21,131.59916895693448,133.8541189227076,129.1109655382856,129.3739776611328,55652000
GOOGL,2022-01-24,125.03326152435547,130.21908421614395,123.56634850498187,129.8230743408203,76622000
GOOGL,2022-01-25,127.77458065092937,128.42863539946603,125.55187278454918,125.98310852050781,46960000
GOOGL,2022-01-26,130.13572850778058,132.00261942561787,126.18854746933454,128.2638702392578,49130000
GOOGL,2022-01-27,130.31933794967972,131.6577209195891,127.96561639041133,128.03758239746094,31950000
GOOGL,2022-01-28,128.68666808776362,132.35644978053813,127.52147605383999,132.35098266601562,34362000
GOOGL,2022-01-31,133.15592938853976,134.45710287849602,131.2180716800117,134.2888641357422,39986000
GOOGL,2022-02-01,136.56267283391475,136.75968585207823,133.36086675449982,136.61180114746094,68644000
GOOGL,2022-02-02,150.11576472101984,150.41003482370965,144.43122234361599,146.89013671875,123200000
GOOGL,2022-02-03,144.61286316505112,148.55259367465578,141.5956515737135,142.0169677734375,71518000
GOOGL,2022-02-04,142.36879793327233,143.78856670322708,139.46126220909318,142.2184295654297,57998000
GOOGL,2022-02-07,143.1682685356502,143.1682685356502,137.85838215439898,138.15713500976562,54974000
GOOGL,2022-02-08,137.98391830799312,138.9501133635439,135.98651345726427,138.35362243652344,54284000
GOOGL,2022-02-09,139.90638557598996,141.45568390747968,139.13570423260293,140.53016662597656,40144000
GOOGL,2022-02-10,138.65586088469732,140.42349572216153,136.92245230630547,137.58047485351562,39330000
GOOGL,2022-02-11,137.5606247294364,138.11293958274206,132.39960816161846,133.27549743652344,39958000
GOOGL,2022-02-14,132.25720762086638,135.27788715232825,132.25720762086638,134.5096893310547,34302000
GOOGL,2022-02-15,136.53883693718322,137.072811977897,134.80295993792927,135.5840606689453,26680000
GOOGL,2022-02-16,135.62177176243202,137.05047569540287,133.91218535408186,136.70509338378906,25022000
GOOGL,2022-02-17,135.22132385173856,136.08529472811944,131.48505757341778,131.54510498046875,38950000
GOOGL,2022-02-18,132.46611275498591,133.06460279138676,129.2201459554218,129.4250946044922,45620000
GOOGL,2022-02-22,128.8643182954154,131.18925024339552,127.26192379084993,128.8400115966797,44990000
GOOGL,2022-02-23,130.66126945013715,131.0607474771788,126.57117055426758,126.63121795654297,32786000
GOOGL,2022-02-24,124.01646653856334,132.0026265987599,124.01646653856334,131.69593811035156,54456000
GOOGL,2022-02-25,132.55049129326056,134.25709440677767,130.76348675698117,133.45118713378906,36406000
GOOGL,2022-02-28,132.05225159221422,134.73348521833475,131.5981781769132,134.04420471191406,38864000
GOOGL,2022-03-01,133.8670269115429,135.23369956009327,132.21948692768655,133.05615234375,26496000
GOOGL,2022-03-02,133.61844225348676,134.24817522761245,132.07361104066294,133.56236267089844,23520000
GOOGL,2022-03-03,134.99003246039214,135.41631592852903,132.02791664044642,132.89537048339844,24604000
GOOGL,2022-03-04,131.93066729654552,132.84773411932804,129.36007848583986,130.9173126220703,30430000
GOOGL,2022-03-07,130.50197452038165,130.74711632419786,125.3479086063169,125.4307861328125,45112000
GOOGL,2022-03-08,125.30324479087164,130.26574953506457,124.73206001019544,126.15133666992188,40428000
GOOGL,2022-03-09,130.26575405375206,132.73261936692816,128.92637143258065,132.4194793701172,37026000
GOOGL,2022-03-10,130.28164376257828,132.27259751382948,129.9307942927176,131.43641662597656,27102000
GOOGL,2022-03-11,132.48745580910284,132.7921603804447,128.659385038366,128.89659118652344,31526000
GOOGL,2022-03-14,129.27325808126395,129.43106235138268,124.335567012558,125.0064926147461,38812000
GOOGL,2022-03-15,126.02380390981074,128.88072746557518,124.77771812675637,128.22914123535156,30920000
GOOGL,2022-03-16,129.75263938681562,132.3331329888503,127.76912146628544,132.28103637695312,35576000
GOOGL,2022-03-17,132.15049913160888,133.0750169543275,131.19372381937578,132.8353271484375,28264000
GOOGL,2022-03-18,132.42394150815238,135.22230167112554,131.2666850458185,135.1046905517578,44566000
GOOGL,2022-03-21,135.1424031283874,136.02226032262783,133.0869344773446,135.08087158203125,26832000
GOOGL,2022-03-22,135.08085776199704,139.9922498612945,135.08085776199704,138.81910705566406,35496000
GOOGL,2022-03-23,137.66237103767637,138.5417285094916,136.80138367889504,137.2385711669922,25154000
GOOGL,2022-03-24,138.15613908829116,140.55700535804056,136.71751540077963,140.51036071777344,26396000
GOOGL,2022-03-25,140.8517544009212,140.9698652761117,138.68959391227574,140.61058044433594,24126000
GOOGL,2022-03-28,139.843898886727,140.9376400677681,138.76306070462317,140.39474487304688,35050000
GOOGL,2022-03-29,141.57779246166834,142.71519472589625,140.97335063207385,141.4368438720703,34318000
GOOGL,2022-03-30,141.39170391581268,141.65024849659721,140.5381524211081,140.87411499023438,19884000
GOOGL,2022-03-31,140.9877125953769,141.04230801546345,137.98193561849044,138.0246124267578,37524000
GOOGL,2022-04-01,138.453883236437,139.4175947580096,137.2703210012843,139.09950256347656,25942000
GOOGL,2022-04-04,139.30594154194358,142.63429364392294,139.25829737990136,141.8993377685547,25942000
GOOGL,2022-04-05,141.79761431614833,141.91819372538492,139.32976482705615,139.5366973876953,21418000
GOOGL,2022-04-06,137.7095002017028,138.31542612185672,134.50074308822178,135.52401733398438,32468000
GOOGL,2022-04-07,134.9900557399391,136.13590856530524,133.22092149350598,134.86947631835938,26234000
GOOGL,2022-04-08,134.56675141890017,134.65260481245758,131.96838763466556,132.28797912597656,25142000
GOOGL,2022-04-11,130.83496315875186,131.10194315345342,127.70362357145486,127.85746002197266,36884000
GOOGL,2022-04-12,130.61313547778892,130.61313547778892,125.83820864259683,126.75676727294922,32710000
GOOGL,2022-04-13,127.04011273465291,129.35660942683415,126.78305234113374,128.91990661621094,27928000
GOOGL,2022-04-14,129.5010341712906,129.5010341712906,125.65160981411958,125.77964782714844,31598000
GOOGL,2022-04-18,126.04762222036051,127.25102357948299,125.23575564563903,126.71904754638672,20808000
GOOGL,2022-04-19,126.73394682499422,129.355633163312,126.04713475929695,129.03407287597656,26490000
GOOGL,2022-04-20,129.91042088722187,130.41362257910652,126.54385966584871,127.07980346679688,31696000
GOOGL,2022-04-21,128.2807486036101,129.12288118231135,123.59266724701,123.87850952148438,36446000
GOOGL,2022-04-22,124.06261542731319,124.46160122256957,118.03317534641822,118.73834228515625,56884000
GOOGL,2022-04-25,118.20784869517621,122.35302716632054,117.62227679355271,122.15105438232422,46128000
GOOGL,2022-04-26,121.37740906871237,121.59129290122091,117.62228107667312,117.76023864746094,73054000
GOOGL,2022-04-27,113.61109157996927,116.36279970985137,111.89109321295378,113.43740844726562,91820000
GOOGL,2022-04-28,115.54198850620043,118.75222962961512,113.25923349971069,117.63368225097656,48884000
GOOGL,2022-04-29,115.85909136700216,117.0357022536662,112.96099060726237,113.25377655029297,42676000
GOOGL,2022-05-02,112.55455593011817,115.87000484676354,111.75559245542158,115.70872497558594,35534000
GOOGL,2022-05-03,115.55738116745341,117.55380196982412,115.16435465778821,116.45410919189453,24968000
GOOGL,2022-05-04,116.15388567860602,121.93321721937868,114.2527455395523,121.34416961669922,49916000
GOOGL,2022-05-05,119.30258703193357,120.13132441982566,114.14306924777586,115.63182067871094,45840000
GOOGL,2022-05-06,114.32072750015296,116.68982830154226,113.16049515980836,114.87850952148438,39710000
GOOGL,2022-05-09,112.40073109237771,114.21403375682236,111.16060468534064,111.66727447509766,40802000
GOOGL,2022-05-10,114.64130019962774,115.37823243873659,112.05384804886181,113.53713989257812,39900000
GOOGL,2022-05-11,112.38733478952014,115.49187605345283,112.38733478952014,112.7505874633789,37534000
GOOGL,2022-05-12,110.54228538807705,113.43790288948209,109.000929902231,111.99778747558594,53836000
GOOGL,2022-05-13,113.67409966518487,116.99104043062077,112.75306503373766,115.18022155761719,35038000
GOOGL,2022-05-16,114.09343122897408,115.29882395655737,113.03543099853194,113.58676147460938,25990000
GOOGL,2022-05-17,115.96430800340062,116.02336344596293,114.00858771379083,115.59956359863281,23054000
GOOGL,2022-05-18,114.13760728159772,114.53460916918733,110.71893406247878,111.06035614013672,35126000
GOOGL,2022-05-19,110.59588170089891,112.16254342444036,109.17511320648825,109.55623626708984,34144000
GOOGL,2022-05-20,111.11146523229964,111.34222744755039,105.00312313802856,108.0912857055664,48962000
GOOGL,2022-05-23,108.76569397448277,111.30649385728398,107.92553778216092,110.65193939208984,37184000
GOOGL,2022-05-24,104.9788178581926,105.66017033298499,101.12046571648337,105.17533111572266,76780000
GOOGL,2022-05-25,104.19820785575082,105.70135403815657,103.07767643363695,105.01156616210938,40258000
GOOGL,2022-05-26,104.88452423587293,107.83472935545615,104.43591035610642,106.98416137695312,37948000
GOOGL,2022-05-27,108.66198041267312,111.47571962495518,108.32005857394647,111.47422790527344,37914000
GOOGL,2022-05-31,111.90100974803613,114.86710140737668,111.23801982101067,112.90889739990234,50012000
GOOGL,2022-06-01,113.99369385313507,116.22334524027508,112.4007265817402,113.03791046142578,36606000
GOOGL,2022-06-02,113.14511550095038,117.0153712027361,112.09951834898774,116.74044799804688,37992000
GOOGL,2022-06-03,115.19215018742277,115.44921061824634,112.66722885253324,113.68206024169922,26136000
GOOGL,2022-06-06,115.8293229932543,118.45200851593447,115.29287939106017,115.9444580078125,33542000
GOOGL,2022-06-07,114.61451316562906,116.80843927234521,114.18922914451457,116.27099609375,31590000
GOOGL,2022-06-08,115.88589564814693,117.68133553709298,115.72560771609342,116.31515502929688,26108000
GOOGL,2022-06-09,115.45515824119836,117.41187812168785,113.9152945311241,113.97434997558594,25798000
GOOGL,2022-06-10,111.60176406792269,112.42950946002966,109.53835232190883,110.32788848876953,41452000
GOOGL,2022-06-13,105.98570048108614,107.97566213644032,105.32321034517643,105.59465789794922,47252000
GOOGL,2022-06-14,105.73609475699467,107.1151707392392,105.00660593631495,105.91523742675781,33706000
GOOGL,2022-06-15,107.73100044491902,110.58791595322064,106.86207002960528,108.94136047363281,39698000
GOOGL,2022-06-16,106.41694479005933,107.83373777282833,104.34956513406651,105.23834991455078,51684000
GOOGL,2022-06-17,105.23835774506158,107.88436583223476,104.25825995731333,106.34003448486328,51376000
GOOGL,2022-06-21,108.11263143059072,111.64594004037723,107.78560405644993,110.70752716064453,47416000
GOOGL,2022-06-22,109.72742541621976,112.4964961727046,109.5547266912255,110.65144348144531,30774000
GOOGL,2022-06-23,111.38987212109173,111.8970416953208,109.67185771563075,111.4002914428711,28362000
GOOGL,2022-06-24,112.14764357004229,117.19351785635138,112.10545894941258,117.09029388427734,41164000
GOOGL,2022-06-27,117.38607170273899,117.69026895389891,114.31576408761653,114.9648666381836,36420000
GOOGL,2022-06-28,114.93409628469169,116.4297990650934,111.00925273017768,111.16755676269531,35792000
GOOGL,2022-06-29,110.71546131167834,112.31189663204833,110.04105259478725,110.86383819580078,24716000
GOOGL,2022-06-30,109.17510001051674,110.05644130249395,105.94947205566056,108.1458740234375,43170000
GOOGL,2022-07-01,107.12360957404448,108.43073472952916,105.93012772204091,107.92208099365234,35476000
GOOGL,2022-07-05,106.29735689624175,112.52678642393329,104.93861973628887,112.41364288330078,39342000
GOOGL,2022-07-06,112.45234149088837,114.72268583730312,110.64003080778706,113.71281433105469,37432000
GOOGL,2022-07-07,114.21701592441053,118.29569584145011,113.97236630789556,117.89224243164062,40936000
GOOGL,2022-07-08,116.3707244202885,118.78746156191058,116.02483478533375,118.45845031738281,38238000
GOOGL,2022-07-11,117.11312990957636,117.11312990957636,114.4656302547842,114.80903625488281,31196000
GOOGL,2022-07-12,115.34349827319495,116.09680918580032,112.83743934520429,113.16545867919922,29960000
GOOGL,2022-07-13,110.86333799664993,113.33963043551984,110.36758731712142,110.51844787597656,43722000
GOOGL,2022-07-14,109.38402798124689,110.25990976214192,107.56030598074837,109.53984832763672,37004000
GOOGL,2022-07-15,111.16060487695782,112.29205534108347,110.06835559507293,110.93927001953125,46770000
GOOGL,2022-07-18,111.7953006779903,112.82750252180041,107.5573251702464,108.21237182617188,43164600
GOOGL,2022-07-19,110.01873331526212,113.16495963876075,108.73840612847393,112.95653533935547,36530900
GOOGL,2022-07-20,112.32133126160736,114.5346117230483,111.63651075173104,113.04586029052734,35600400
GOOGL,2022-07-21,113.42301156798746,113.69099107486413,110.27678525693223,113.48255920410156,32676200
GOOGL,2022-07-22,110.16760216901068,111.4975497677554,105.70134802702376,107.09085083007812,48901200
GOOGL,2022-07-25,107.59704120630998,109.04609181369489,105.50286340953636,106.70378875732422,34690900
GOOGL,2022-07-26,105.80059805632132,106.39609710232087,103.28957190469941,104.2324447631836,47991000
GOOGL,2022-07-27,108.44065165526703,113.05578240581903,107.20002551652622,112.21215057373047,59858500
GOOGL,2022-07-28,111.52733903733414,113.48255962814197,110.62415950126018,113.36346435546875,32816600
GOOGL,2022-07-29,112.23201464667002,115.83479054263834,112.21216038629261,115.44771575927734,37223400
GOOGL,2022-08-01,114.4353600580981,115.84470955891426,113.48255250344202,113.9986572265625,26034300
GOOGL,2022-08-02,113.14511628283007,115.47749216545205,112.86721720877222,114.26663970947266,20236000
GOOGL,2022-08-03,114.84227401160379,117.73045515915321,114.61400305341066,117.19450378417969,28499000
GOOGL,2022-08-04,116.59901329341588,117.88925996691131,116.01343380363976,117.3036880493164,21602900
GOOGL,2022-08-05,115.35838937548199,117.22428844560957,115.13011082398499,116.5890884399414,19159500
GOOGL,2022-08-08,117.50218677995531,119.24899057090587,116.00350822632574,116.42036437988281,19138300
GOOGL,2022-08-09,116.26155630883628,116.44020677601095,114.84227970077666,115.75537872314453,19086500
GOOGL,2022-08-10,117.8892690499116,120.0132206108278,117.5220485214932,118.8023681640625,30930400
GOOGL,2022-08-11,120.37051923849022,120.57894353839131,117.67091532555504,117.94881439208984,24293700
GOOGL,2022-08-12,119.35816000390892,120.76750946044922,118.56415625736685,120.76750946044922,19096300
GOOGL,2022-08-15,120.22163979863927,121.38287168867272,119.70554262587667,121.16452026367188,19494800
GOOGL,2022-08-16,120.60871067326374,121.511890161635,119.73531257366949,120.78736114501953,19041200
GOOGL,2022-08-17,119.21921338138048,120.3804376418693,118.48475724771684,118.65348815917969,22847000
GOOGL,2022-08-18,118.53438839458119,119.91396410503756,117.82971363092356,119.26883697509766,17987700
GOOGL,2022-08-19,118.16716473471774,118.25649376081427,115.88441701477308,116.33103942871094,21809500
GOOGL,2022-08-22,114.33610073730645,114.76287642751535,112.99622603573273,113.38330078125,21456600
GOOGL,2022-08-23,112.6290016886187,114.14752680317126,112.57937361640978,113.00614929199219,15870400
GOOGL,2022-08-24,112.64886287866464,113.91926294010845,112.02358997809887,112.83744049072266,17734600
GOOGL,2022-08-25,113.38330709839337,115.84471280114529,113.2542847000928,115.77523803710938,16956800
GOOGL,2022-08-26,113.85970932808003,114.25671121949163,109.36368127038317,109.5125503540039,37245700
GOOGL,2022-08-29,109.16517438083538,110.1179743580815,107.98410343176194,108.59944915771484,21191200
GOOGL,2022-08-30,109.34382641653404,109.67135354308121,106.99160404194176,108.12305450439453,27513300
GOOGL,2022-08-31,109.82024032674933,110.01873750359245,107.31913349430731,107.40846252441406,28627000
GOOGL,2022-09-01,107.46800272981824,109.62172799554575,106.55490366400493,108.91705322265625,28360900
GOOGL,2022-09-02,109.7606798148013,109.90955647633426,106.45565730411391,107.04122924804688,24160700
GOOGL,2022-09-06,106.49535649820784,107.21987796172488,104.98675079205103,106.00902557373047,25068300
GOOGL,2022-09-07,106.25715000377444,109.15525855226639,106.09835378823291,108.62922668457031,23167000
GOOGL,2022-09-08,107.22980641541218,108.77810551573627,106.35640828203118,107.56725311279297,24238300
GOOGL,2022-09-09,108.25208282241607,110.15768290846263,108.20245474397649,109.82023620605469,23197700
GOOGL,2022-09-12,110.15767076513058,110.78295116694179,109.10562225338329,110.02864837646484,22966800
GOOGL,2022-09-13,106.99161129456695,107.48786179672693,103.30942590501988,103.53770446777344,38172900
GOOGL,2022-09-14,103.78581739454697,104.49049211527398,102.88264552539968,104.21259307861328,26395100
GOOGL,2022-09-15,103.24986363822816,104.48056258899445,101.58246188434002,102.13826751708984,34188300
GOOGL,2022-09-16,101.30456950094974,102.35661806239246,100.18304617737745,102.02909851074219,42797200
GOOGL,2022-09-19,100.98697240353168,102.55512573336215,100.78847524094766,102.29707336425781,23036800
GOOGL,2022-09-20,101.31449164135248,101.60231780519607,99.7661851195669,100.38153839111328,26517100
GOOGL,2022-09-21,100.90757639319294,102.10850171286519,98.52557244239148,98.5354995727539,31487300
GOOGL,2022-09-22,98.07894474855821,100.48079525894666,98.0491709312513,99.38904571533203,34298600
GOOGL,2022-09-23,98.8828597828804,98.91264116986241,96.73906182320323,97.9995346069336,31625400
GOOGL,2022-09-26,97.36434023985667,99.13099069316641,97.06659450257123,97.4338150024414,27072700
GOOGL,2022-09-27,98.6843639996458,99.25008920522836,96.14356413908983,96.76883697509766,30072800
GOOGL,2022-09-28,96.91771702518929,99.94484030889338,96.38176561600726,99.29972076416016,32466300
GOOGL,2022-09-29,97.90029020087542,97.90029020087542,95.24038743081641,96.68943786621094,31047200
GOOGL,2022-09-30,96.32221919924832,98.15834442273268,94.84338734754718,94.9327163696289,32941500
GOOGL,2022-10-03,96.0343924144823,98.54541856387281,95.7961867385492,97.9002914428711,27982000
GOOGL,2022-10-04,99.6868018290202,101.07629715686122,99.62724662055442,100.87779998779297,28850800
GOOGL,2022-10-05,99.0813725388771,101.16562303801653,98.05909776281518,100.66937255859375,22176900
GOOGL,2022-10-06,99.92500569130712,102.15813304653105,99.83567665956349,100.65945434570312,22324000
GOOGL,2022-10-07,99.10121911523618,99.77612006938209,97.56284717405835,97.93999481201172,27502800
GOOGL,2022-10-10,98.25758717787716,98.35683575149946,96.28251254572439,97.12613677978516,18225100
GOOGL,2022-10-11,96.69936577168872,98.50571715876575,95.5877620057255,96.45124053955078,26507100
GOOGL,2022-10-12,96.5703472290624,98.00947060399531,96.01454153781964,96.8283920288086,21876400
GOOGL,2022-10-13,94.43647134205176,99.03174823037912,93.67224133423892,98.31714630126953,34574500
GOOGL,2022-10-14,99.24017037079604,99.93492559661024,95.64732168746481,95.83589172363281,25410700
GOOGL,2022-10-17,98.11864498975567,100.17312166314639,98.08887117266298,99.22032165527344,28419200
GOOGL,2022-10-18,102.35661548288249,102.69406972770851,99.2203165644094,100.01431274414062,24060700
GOOGL,2022-10-19,99.26002876757398,100.26244934213878,98.17819872219395,98.88287353515625,23811100
GOOGL,2022-10-20,99.25009547236613,101.55269738443776,98.64466928421018,99.22032165527344,25323200
GOOGL,2022-10-21,97.11621821439542,100.55027065536837,96.98719581452741,100.37162017822266,32458700
GOOGL,2022-10-24,101.03659588940504,101.97946872710929,99.23024453211379,101.75119018554688,27176400
GOOGL,2022-10-25,102.12834936574457,104.03394937421807,101.94969889168885,103.69650268554688,40611400
GOOGL,2022-10-26,95.70686820538242,97.57276729062485,93.97991864924414,94.2181167602539,88114100
GOOGL,2022-10-27,93.81117447399967,94.71435385772834,91.11157859561652,91.52842712402344,60710900
GOOGL,2022-10-28,91.57805883215646,95.82596923593994,91.43910930567836,95.56791687011719,43697300
GOOGL,2022-10-31,94.70444148350553,95.30986768573264,93.27524522456974,93.80126953125,31675000
GOOGL,2022-11-01,94.73422363455774,95.30987606963726,89.6923239787276,89.79157257080078,47161400
GOOGL,2022-11-02,90.25804009758635,90.49623820875753,86.22848103429116,86.31781005859375,57038300
GOOGL,2022-11-03,85.67267885094222,85.87117600546605,82.71502278657815,82.80435180664062,61288000
GOOGL,2022-11-04,84.75957379603037,85.9902727253418,83.08224494253571,85.93072509765625,51124900
GOOGL,2022-11-07,86.62548312568902,88.23333741705386,86.19870740729978,87.82640838623047,34078900
GOOGL,2022-11-08,88.23332977294922,89.64267920564933,86.9331484706756,88.23332977294922,30429000
GOOGL,2022-11-09,87.78669965811274,88.769280979615,86.62547544780726,86.66517639160156,31769100
GOOGL,2022-11-10,91.5582207495486,93.68217236495597,90.92302069104444,93.23554992675781,51620100
GOOGL,2022-11-11,93.97991651822383,96.20311650565995,93.21568655329872,95.68701934814453,33090500
GOOGL,2022-11-14,94.37690418520387,96.06416020914902,93.8012594349028,94.98233032226562,30179500
GOOGL,2022-11-15,97.52313939319663,99.38903833699794,95.98475998763868,97.70178985595703,41640800
GOOGL,2022-11-16,97.16584598422887,98.89279554305216,96.90779361312791,98.10871887207031,29105200
GOOGL,2022-11-17,96.24281507898955,98.53548977287406,96.06416461114264,97.62239074707031,26052600
GOOGL,2022-11-18,98.02931128973258,98.15834125388724,95.64731516977584,96.6993637084961,28342300
GOOGL,2022-11-21,96.56042391310625,97.66210063703203,94.64489666604612,94.88309478759766,21647400
GOOGL,2022-11-22,95.23047029308894,96.49095083490623,93.34472440386492,96.32222747802734,23438500
GOOGL,2022-11-23,96.36190500494142,98.01938719844442,96.36190500494142,97.72163391113281,18868100
GOOGL,2022-11-25,97.50328307080257,97.90028493210765,96.66958597702451,96.72913360595703,9701400
GOOGL,2022-11-28,96.31229336649913,96.84824478966246,94.8930167011355,95.32971954345703,26237500
GOOGL,2022-11-29,95.01212485400968,95.39919964146274,93.40427049461734,94.4761734008789,20061700
GOOGL,2022-11-30,94.10895146935107,100.28230935695298,93.71194952558646,100.23268127441406,43647500
GOOGL,2022-12-01,100.26245509506451,101.48323474700877,99.49823260036801,100.23268127441406,28687100
GOOGL,2022-12-02,98.30722237745412,100.01431765518183,98.15834572013763,99.68679809570312,21480700
GOOGL,2022-12-05,98.654591640414,100.6197391952586,98.25758976329782,98.73399353027344,24405100
GOOGL,2022-12-06,98.55534069801135,99.0317368813684,95.69693330914573,96.25273895263672,24910700
GOOGL,2022-12-07,95.68702021037814,96.1534892961787,94.00969118202147,94.22804260253906,31045400
GOOGL,2022-12-08,94.66473795397769,94.8632426874311,92.74921081619499,93.00726318359375,32213300
GOOGL,2022-12-09,93.0668111039124,93.55314202323372,92.05446346281963,92.13386535644531,28225400
GOOGL,2022-12-12,92.01475338165663,92.85837759418385,90.92300395531667,92.6102523803711,29420000
GOOGL,2022-12-13,97.0268965895578,98.78361996821883,94.3173656196912,94.9128646850586,40593700
GOOGL,2022-12-14,94.48609332844649,96.14357577360637,92.89809322343211,94.35707092285156,28733600
GOOGL,2022-12-15,92.43160059134897,92.93777814044215,89.33500281379186,90.17862701416016,40107000
GOOGL,2022-12-16,90.0793803135825,90.64510550177309,88.84867379330282,89.5831298828125,58011800
GOOGL,2022-12-19,89.58313045138497,89.88087616842834,87.54850064344215,87.77677917480469,29493000
GOOGL,2022-12-20,87.44926031364805,88.51123603944568,86.78428648684181,88.35243225097656,23453800
GOOGL,2022-12-21,88.41197559905176,89.54342593749791,87.65767284936085,88.9082260131836,24745600
GOOGL,2022-12-22,87.49888481734911,87.87603244128935,85.67267918543912,87.10188293457031,27658300
GOOGL,2022-12-23,86.45676246957663,88.87846732577863,86.41706152102789,88.56086730957031,23003000
GOOGL,2022-12-27,88.13407950720169,88.27302902200118,86.35750205691602,86.73464965820312,20097300
GOOGL,2022-12-28,86.32774665841227,87.37979537265875,85.29554463386492,85.37493896484375,19523200
GOOGL,2022-12-29,85.97044152530074,88.18371457098455,85.96051439483823,87.78671264648438,23333500
GOOGL,2022-12-30,86.32773322681854,87.63783413641092,85.9208042155681,87.568359375,23986300
GOOGL,2023-01-03,88.91815210738409,90.36721008671273,87.85617644594524,88.4516830444336,28131200
GOOGL,2023-01-04,89.67245303705022,89.97020633006692,86.6155485078444,87.41947937011719,34854800
GOOGL,2023-01-05,86.81405397793031,86.9133025524005,85.25582788498791,85.55357360839844,27194400
GOOGL,2023-01-06,86.13915710492884,87.03240946135887,84.2236299964327,86.68502807617188,41381500
GOOGL,2023-01-09,87.69737855387638,89.37470746783313,87.20112811279385,87.35992431640625,29003900
GOOGL,2023-01-10,85.3352304507804,88.00505271446971,85.18635380180301,87.75692749023438,30467800
GOOGL,2023-01-11,88.51123815802363,90.91308872474838,88.34251480787275,90.83368682861328,26862000
GOOGL,2023-01-12,90.79397557241613,91.18105027462003,89.07694587449667,90.44659423828125,30258100
GOOGL,2023-01-13,90.16871112383096,91.49866635399357,89.4541092177354,91.42919158935547,26329200
GOOGL,2023-01-17,91.3696223793458,91.5581999568261,89.37470119810995,90.60540008544922,32602400
GOOGL,2023-01-18,91.4490389437429,92.10409321983435,89.96028748591486,90.43669128417969,29116700
GOOGL,2023-01-19,90.03969698033053,92.90802442539125,89.95036794778711,92.35222625732422,37000400
GOOGL,2023-01-20,94.38684158568209,97.56284926169742,94.30743969004087,97.28494262695312,63191100
GOOGL,2023-01-23,97.21545855943167,99.28978934453644,96.76883619050167,99.04166412353516,40005100
GOOGL,2023-01-24,97.36434045143623,98.86301898722769,96.47108809327639,96.96733856201172,33078500
GOOGL,2023-01-25,94.85330946494906,95.4388889257961,93.05688528262908,94.50593566894531,42330000
GOOGL,2023-01-26,95.77634102925325,96.83831673570589,94.66473724676266,96.78868865966797,30114000
GOOGL,2023-01-27,96.58026736816271,99.5676974204637,96.58026736816271,98.62482452392578,33879800
GOOGL,2023-01-30,96.74899462729292,97.55291796280574,95.67709179848833,96.21304321289062,27226200
GOOGL,2023-01-31,96.14357246377932,98.1384939775665,96.09394438600727,98.09879302978516,29870700
GOOGL,2023-02-01,97.96976938145957,100.43117510729803,96.84824601659454,99.67687225341797,35531100
GOOGL,2023-02-02,105.00659089150652,107.04121305064062,104.81801331062144,106.93203735351562,69883800
GOOGL,2023-02-03,102.15811471453551,107.00151622763376,101.81074092493904,103.9942398071289,65309300
GOOGL,2023-02-06,101.6320988290303,103.57739978303069,101.11599409443309,102.12834930419922,31999600
GOOGL,2023-02-07,102.44594211421887,107.36874557367616,102.3466935405881,106.83279418945312,49010200
GOOGL,2023-02-08,101.28472743744483,102.36654986458451,97.3047964110275,98.62482452392578,94743500
GOOGL,2023-02-09,99.25009341009356,99.27986722656759,92.92785973388537,94.29751586914062,119455000
GOOGL,2023-02-10,94.73422278845942,96.0244771904337,93.54322454985402,93.86082458496094,54980700
GOOGL,2023-02-13,94.02955036874886,94.48609995771123,93.13629788069973,93.90052795410156,50076100
GOOGL,2023-02-14,93.72186834498302,94.13871694148641,91.56814302420062,93.9699935913086,54726100
GOOGL,2023-02-15,93.78141137501834,96.39169368435806,93.44396469123609,96.21304321289062,50169000
GOOGL,2023-02-16,94.65480506987288,96.94747952015656,94.02952471275532,94.79375457763672,42462600
GOOGL,2023-02-17,94.13872183190747,94.84339665941754,92.51102073722865,93.64247131347656,34284100
GOOGL,2023-02-21,92.30259463412278,92.40184322144354,91.03219454318074,91.10166931152344,33629300
GOOGL,2023-02-22,91.0123280204154,91.41925701744177,89.9305056916628,90.96270751953125,30884000
GOOGL,2023-02-23,91.23068695357419,91.25054121331061,89.08688880510833,90.20841217041016,41206400
GOOGL,2023-02-24,88.76928933704684,89.21591174546491,87.91573789556128,88.46160888671875,36585100
GOOGL,2023-02-27,89.1960678100586,89.48389400941119,88.67003591816348,89.1960678100586,27502300
GOOGL,2023-02-28,88.66011444958845,90.54586782791486,88.65018731956766,89.38463592529297,30142000
GOOGL,2023-03-01,89.30524066283623,90.34736213861636,88.99756021287892,89.68238830566406,31111200
GOOGL,2023-03-02,88.98764047944798,91.58798817098749,88.91815814235167,91.31008911132812,32204400
GOOGL,2023-03-03,91.78648392755778,93.02711001692573,91.75670254078115,92.94770812988281,35160100
GOOGL,2023-03-06,93.31494162038848,95.25032313303056,93.29509493195017,94.41661834716797,32639300
GOOGL,2023-03-07,94.26774701922037,94.95256755074698,92.8286160456438,93.15614318847656,27835500
GOOGL,2023-03-08,93.41419049538177,95.24038857658361,93.29508765749337,93.543212890625,34103300
GOOGL,2023-03-09,93.34470771502453,94.81360472856946,91.21082937894857,91.62767791748047,28813500
GOOGL,2023-03-10,91.47880785314275,92.09416114868083,89.72208455892081,89.95035552978516,35941000
GOOGL,2023-03-13,89.41440265175312,91.87580822116699,88.74942886454899,90.4267578125,37335600
GOOGL,2023-03-14,91.86588227001643,93.65238694590275,91.74678700641138,93.26531219482422,36050200
GOOGL,2023-03-15,92.52093982631897,96.20311744437676,91.94528745764846,95.38926696777344,50622100
GOOGL,2023-03-16,95.47859626843504,100.43118187106681,94.78384857477023,99.56770324707031,65492000
GOOGL,2023-03-17,99.50814641831961,102.06879309004395,99.34934263318691,100.85794830322266,61028500
GOOGL,2023-03-20,99.36919562318633,100.9869694096106,99.12107039122168,100.46094512939453,32960400
GOOGL,2023-03-21,100.49071007398594,104.3118367944619,100.4609362603277,104.13318634033203,42110300
GOOGL,2023-03-22,103.48807823611187,105.7906803043521,102.5551324244801,102.59483337402344,43427400
GOOGL,2023-03-23,104.27214642263456,105.50285304125943,103.67664737256062,104.80809783935547,40797800
GOOGL,2023-03-24,104.20267726028,104.69892775737729,103.06129960251988,104.64930725097656,30393300
GOOGL,2023-03-27,103.83544837056961,103.97439789278444,101.16561848824847,101.69164276123047,31120900
GOOGL,2023-03-28,101.67179935357876,101.6817189110704,98.9920422554838,100.27236938476562,32057900
GOOGL,2023-03-29,101.5129944157898,101.7214187034689,99.89522061779614,100.62966918945312,28779600
GOOGL,2023-03-30,100.15326948059464,100.4013947056614,99.03173861709708,100.13341522216797,33086200
GOOGL,2023-03-31,100.54034796899097,103.11092176173695,100.28229560510373,102.9521255493164,36863400
GOOGL,2023-04-03,101.62217211579193,103.74612355244493,101.16562258542722,103.57740020751953,25035400
GOOGL,2023-04-04,103.54762525002644,104.78825142936967,103.25979906775706,103.93470001220703,24420100
GOOGL,2023-04-05,104.98675068203352,105.30435068738927,102.88265348611964,103.68657684326172,28290500
GOOGL,2023-04-06,104.47065726298723,108.35133223109835,103.54763103113567,107.6069564819336,48711500
GOOGL,2023-04-10,106.17775899818363,106.78317763428655,104.33170655524751,105.64180755615234,27067400
GOOGL,2023-04-11,105.75098036627539,105.92963084204611,103.89500084422305,104.55997467041016,26311800
GOOGL,2023-04-12,105.78074743753035,105.94947077272556,103.5575399759029,103.85529327392578,24370300
GOOGL,2023-04-13,105.04630150207365,106.68392965554615,105.04630150207365,106.62438201904297,24843600
GOOGL,2023-04-14,106.08842602348172,108.12305600146057,106.03879794707,108.05358123779297,26578000
GOOGL,2023-04-17,103.87515724199652,105.3639087269098,103.73620013699751,105.17533111572266,37571200
GOOGL,2023-04-18,105.69142146275153,105.74104953791142,103.28957103976354,103.71634674072266,26596400
GOOGL,2023-04-19,102.80325882912756,104.19276178994863,102.29708118201934,103.39875793457031,20905700
GOOGL,2023-04-20,103.13077864388401,105.45322726139375,103.09107769672384,104.50042724609375,27820800
GOOGL,2023-04-21,104.67906972482673,105.20509398319376,103.99424168995147,104.61952209472656,25800100
GOOGL,2023-04-24,104.69892730879049,105.83037783155005,103.91485061807437,105.17533111572266,23542800
GOOGL,2023-04-25,105.03637557743666,105.88992698575956,103.06129326840653,103.07122039794922,46664100
GOOGL,2023-04-26,104.13319140174777,105.552467975158,101.86036345847234,102.93226623535156,53347600
GOOGL,2023-04-27,103.6667276651916,107.55733738673939,102.76355568188747,106.7831802368164,50089200
GOOGL,2023-04-28,106.23729608563893,106.54496893818438,104.30191480844489,106.53504180908203,36139800
GOOGL,2023-05-01,106.03879433997653,107.18017190898796,106.01894765339576,106.3960952758789,26681700
GOOGL,2023-05-02,106.3365485246071,106.39609615702363,102.93227004814128,104.53019714355469,30997200
GOOGL,2023-05-03,104.7386173549269,106.68391818406765,104.17289215243281,104.61952209472656,21795400
GOOGL,2023-05-04,104.69892635616654,104.80810206984134,103.1903281969406,103.9049301147461,23419500
GOOGL,2023-05-05,104.03395220841355,105.08600082196858,103.32927742271336,104.77832794189453,26639300
GOOGL,2023-05-08,104.39125616696242,107.15040775349405,104.37140947859231,106.96183013916016,26511400
GOOGL,2023-05-09,107.5771848789166,109.3239887931404,106.38618668459873,106.54498291015625,36360100
GOOGL,2023-05-10,107.160334717474,112.09306592369241,107.12063376861364,110.9119873046875,63153400
GOOGL,2023-05-11,114.53460704620213,117.03570601894897,113.55203326107099,115.69583129882812,78900000
GOOGL,2023-05-12,115.80501418168475,117.14488898483823,115.23928892825631,116.62879180908203,41102300
GOOGL,2023-05-15,115.23928959676992,117.59151964950284,115.14004101303124,115.63629150390625,36266800
GOOGL,2023-05-16,115.6164352654177,119.84449149553303,115.55688763062979,118.6137924194336,45035600
GOOGL,2023-05-17,118.71304303528596,120.7575926346341,117.99844111686251,119.9338150024414,33323600
GOOGL,2023-05-18,120.04299070810453,122.38529363069811,119.92389543649637,121.90889739990234,35234200
GOOGL,2023-05-19,122.62349314866378,125.02534358621601,121.233990329754,121.83941650390625,41353400
GOOGL,2023-05-22,122.01805859496362,125.48188448874207,121.81955387893379,124.11223602294922,35253000
GOOGL,2023-05-23,123.22892250659226,123.6953915959423,121.29354109633519,121.64091491699219,34046300
GOOGL,2023-05-24,120.21172148341005,120.99579816666204,118.96116812777687,119.99337005615234,34182600
GOOGL,2023-05-25,123.58621809330694,124.38022190229562,121.0454180200336,122.55402374267578,42317000
GOOGL,2023-05-26,122.24634093896407,124.32067187463625,121.53173903906134,123.67554473876953,35635900
GOOGL,2023-05-30,124.6978199598951,124.71767421950892,121.08511707268141,122.74259185791016,35076700
GOOGL,2023-05-31,121.82949030094537,123.12966410835033,121.58136506611656,121.94859313964844,37325800
GOOGL,2023-06-01,121.89896868299529,123.4869687186112,121.70047151811134,122.79222106933594,30772700
GOOGL,2023-06-02,123.06018362345124,125.2039891873368,122.83191265844434,123.7350845336914,26980100
GOOGL,2023-06-05,123.0800538040451,126.47440548046157,122.91132287552142,125.06505584716797,32305500
GOOGL,2023-06-06,125.06504658476162,127.32793996259925,124.41991945408888,126.35529327392578,26638300
GOOGL,2023-06-07,126.01784008371891,128.072309065116,121.20421224846599,121.58135986328125,52539000
GOOGL,2023-06-08,121.31339671268852,122.30589768119812,120.33081530189335,121.22406768798828,29389200
GOOGL,2023-06-09,121.3332316954614,122.83191013354642,120.99578503336821,121.31338500976562,23778300
GOOGL,2023-06-12,121.86919005532346,123.11974334684123,120.74766673085075,122.71281433105469,28306400
GOOGL,2023-06-13,124.04275994169353,124.22141039812362,122.25625537739258,122.90138244628906,22278300
GOOGL,2023-06-14,122.17686661381849,123.11974706875885,120.53923851602217,122.74259185791016,30592300
GOOGL,2023-06-15,122.21656558106999,124.51916746718288,121.48211700306517,124.15193939208984,35246300
GOOGL,2023-06-16,124.98564142278578,125.1642918916508,122.35551246478781,122.6036376953125,45535600
GOOGL,2023-06-20,122.00814128096077,123.63584222244113,121.22406462697502,122.17686462402344,26097500
GOOGL,2023-06-21,121.48211364469854,121.74016600309444,119.19935850880321,119.64598846435547,30306300
GOOGL,2023-06-22,119.10011432011007,122.31581528654226,117.93889002281252,122.22649383544922,26952200
GOOGL,2023-06-23,120.4697692190949,121.86919927030634,120.15216920049242,121.42256927490234,34913600
GOOGL,2023-06-26,119.85442629753989,121.0851254524191,117.38309328510559,117.45256805419922,33969900
GOOGL,2023-06-27,116.20200844412273,118.18701026555762,115.22935421985997,117.44263458251953,39535900
GOOGL,2023-06-28,116.21193098693968,119.48718710532653,115.97373288245846,119.27876281738281,27091400
GOOGL,2023-06-29,118.34581293262964,119.15966342094775,117.41286717472148,118.20686340332031,24090900
GOOGL,2023-06-30,119.26884485147357,120.17202440747063,118.79244860590867,118.8023681640625,29532200
GOOGL,2023-07-03,118.34581546548606,119.28869594561498,117.9289668686366,119.00086975097656,14467900
GOOGL,2023-07-05,118.34581085804417,121.69054177705794,118.33589130053984,120.83699035644531,27584800
GOOGL,2023-07-06,118.90161667979092,119.39786715412697,117.5121138372137,119.20928955078125,24745200
GOOGL,2023-07-07,119.1993606252883,120.14224105563065,118.50461300055707,118.58401489257812,21709500
GOOGL,2023-07-10,117.41286157602863,117.42278113323385,115.26905595945563,115.57672882080078,35315200
GOOGL,2023-07-11,115.41793425521223,116.82728376089246,114.48498095632307,116.26155853271484,23078800
GOOGL,2023-07-12,117.90910932353661,119.4276344809341,117.52203458036395,118.03813171386719,30404400
GOOGL,2023-07-13,120.02314237165878,123.89389766157021,119.54673857522506,123.60607147216797,44297900
GOOGL,2023-07-14,123.8641083634262,125.82925579417832,122.56392710866825,124.47945404052734,33283100
GOOGL,2023-07-17,124.995567566589,126.14686468961106,123.26861052378432,123.71524047851562,25716200
GOOGL,2023-07-18,123.6656062716888,123.74500815821673,122.03790545876947,122.8319091796875,26193600
GOOGL,2023-07-19,123.66561821898068,124.24127059365078,120.88662007165094,121.1148910522461,37224000
GOOGL,2023-07-20,120.50946759155578,123.15944340000809,117.3334674734311,118.30611419677734,37906800
GOOGL,2023-07-21,119.71546357937767,120.08268407322286,117.83963744818556,119.11995697021484,72937900
GOOGL,2023-07-24,120.74767468990552,122.07762238859752,120.07277371039838,120.61864471435547,29686100
GOOGL,2023-07-25,120.44991665621404,122.22649427656242,120.11246239355489,121.29354095458984,52509600
GOOGL,2023-07-26,129.09460190925336,129.99776623656712,127.35772529958219,128.30059814453125,61682100
GOOGL,2023-07-27,130.6825925035767,132.24082619562287,127.82418504749104,128.4296112060547,44952100
GOOGL,2023-07-28,129.79928007624758,132.7370897112607,129.59086334627574,131.58578491210938,36591200
GOOGL,2023-07-31,131.73465100315445,132.52865481704072,130.79177809982338,131.7247314453125,28055500
GOOGL,2023-08-01,129.79927708428264,131.6354099568871,129.70002092843689,130.56350708007812,23166800
GOOGL,2023-08-02,128.4792349041098,129.1144348566753,126.60340886103654,127.41726684570312,26273300
GOOGL,2023-08-03,127.01034391124875,128.41969339996243,126.46446537651686,127.48674011230469,20089500
GOOGL,2023-08-04,128.31052393686713,130.52379685517826,126.9508024568463,127.14929962158203,26147200
GOOGL,2023-08-07,128.1914178864696,130.62304202480823,128.05246836840342,130.54364013671875,22746300
GOOGL,2023-08-08,129.64046232824563,130.52378752085772,128.56855954209357,130.41461181640625,23535200
GOOGL,2023-08-09,130.67268510255067,131.04982518382914,128.0326288117845,128.68768310546875,24912900
GOOGL,2023-08-10,130.33521897689877,131.0597403574535,128.47923208801416,128.71743774414062,20857800
GOOGL,2023-08-11,127.6951647046181,128.95562989704715,127.20883382963942,128.58840942382812,19591100
GOOGL,2023-08-14,128.4196995095872,130.3848471837526,127.99293136308722,130.34515380859375,24695600
GOOGL,2023-08-15,130.11688653714737,130.43447898056363,128.31052745646844,128.80677795410156,19770700
GOOGL,2023-08-16,127.73487091064453,129.30302424952546,126.91110086620327,127.73487091064453,25216100
GOOGL,2023-08-17,128.8266444615361,131.00022427090204,128.3204592134365,128.94573974609375,33446300
GOOGL,2023-08-18,127.546294758541,128.28075093151222,125.43227040921398,126.5041732788086,30504800
GOOGL,2023-08-21,126.22626247354604,127.76463429731196,125.6109092007312,127.40733337402344,25248700
GOOGL,2023-08-22,127.54629719383558,129.30302819235456,127.35773472637845,128.11203002929688,22054900
GOOGL,2023-08-23,129.20375527825698,132.40954397470435,128.89608243334328,131.37733459472656,27819700
GOOGL,2023-08-24,132.94550528703812,133.24325861449066,128.59836122593913,128.80677795410156,28500700
GOOGL,2023-08-25,128.5685593040722,129.77941160779702,126.2957389175236,128.90602111816406,26762900
GOOGL,2023-08-28,130.3252954237949,131.54606733409824,129.16407114652645,130.0275421142578,20543300
GOOGL,2023-08-29,131.24833815410415,135.54586931655962,131.24833815410415,133.5608673095703,43075600
GOOGL,2023-08-30,133.76928107064825,135.25803254284958,133.06461385464962,134.8610382080078,28315800
GOOGL,2023-08-31,134.99003046339,136.96511253819318,134.77167907243245,135.14883422851562,30053800
GOOGL,2023-09-01,136.4291897075704,136.4291897075704,133.83876157564302,134.64268493652344,21543700
GOOGL,2023-09-05,134.42433443329878,135.3969811480602,133.57078298930236,134.75186157226562,19403100
GOOGL,2023-09-06,134.99997436969198,135.50614436814033,132.66759123648941,133.45167541503906,18684500
GOOGL,2023-09-07,132.58819181549026,134.56327406172488,131.9529918442149,134.24566650390625,18844300
GOOGL,2023-09-08,133.8983069363544,135.6351836006342,133.8387593023914,135.35728454589844,23558300
GOOGL,2023-09-11,135.51607902909177,136.4490323863561,134.77170328374638,135.8932342529297,20763400
GOOGL,2023-09-12,135.23818764984745,135.84361389625101,134.1762194011905,134.32508850097656,18405500
GOOGL,2023-09-13,134.07696765938724,135.87339219640586,133.14401421832758,135.68482971191406,20749500
GOOGL,2023-09-14,136.56814159733074,137.65988359424148,135.21833965192076,137.06439208984375,24751000
GOOGL,2023-09-15,136.94528129329058,137.48124030456012,135.45652981988454,136.36962890625,38919600
GOOGL,2023-09-18,135.58556108112978,138.11644163882283,135.58556108112978,137.17356872558594,21861300
GOOGL,2023-09-19,136.38947604665375,137.3720574197808,135.59547227341233,137.00482177734375,20353700
GOOGL,2023-09-20,137.04452607661787,137.04452607661787,132.61796539950902,132.73707580566406,29927500
GOOGL,2023-09-21,130.45433880616167,131.23840796235106,129.09461723083658,129.4618377685547,31503900
GOOGL,2023-09-22,129.77943976774577,131.03992041860727,128.628149989188,129.2732696533203,26397300
GOOGL,2023-09-25,128.8564156388002,130.18636343695547,127.99294455474431,130.12681579589844,20094600
GOOGL,2023-09-26,128.79684829173706,129.3824201983576,126.2659679234884,127.60585021972656,25718700
GOOGL,2023-09-27,127.60585276042912,129.91836661698156,127.60585276042912,129.56106567382812,22746500
GOOGL,2023-09-28,128.86631630656447,132.30037616629912,128.81668823150392,131.3177947998047,22513100
GOOGL,2023-09-29,132.28051235409288,133.04474225061801,129.38241168333343,129.878662109375,30859800
GOOGL,2023-10-02,130.2260695069411,133.41198939838114,130.18636098407492,133.1638641357422,22288000
GOOGL,2023-10-03,132.93559116374053,133.25318362014062,130.8513329307273,131.43690490722656,22989400
GOOGL,2023-10-04,131.79419070491505,134.55335719954957,131.53614591729064,134.225830078125,26752300
GOOGL,2023-10-05,134.0570831298828,134.47393162618556,132.4492216220185,134.0570831298828,19832600
GOOGL,2023-10-06,133.00504324406194,137.123931161278,133.00504324406194,136.54827880859375,27597600
GOOGL,2023-10-09,135.9130912652546,137.89809329303546,134.59306309945669,137.38198852539062,19278100
GOOGL,2023-10-10,137.46137628621005,138.67222861017186,136.30015203671138,137.02467346191406,27786600
GOOGL,2023-10-11,137.54077424532727,140.05180026889775,137.54077424532727,139.49600219726562,25884300
GOOGL,2023-10-12,139.9922602118785,140.16098355386808,137.2231741164266,137.9278564453125,24765500
GOOGL,2023-10-13,138.33478161475625,138.9501273324613,135.59546941209604,136.32992553710938,23420500
GOOGL,2023-10-16,137.13385103003665,138.58290904447986,136.9552081327783,138.056884765625,28501900
GOOGL,2023-10-17,137.5904036136543,138.85086884355698,136.1512652036196,138.67222595214844,23515800
GOOGL,2023-10-18,138.40424694073948,139.66472731928488,136.34977796075492,136.92543029785156,23375000
GOOGL,2023-10-19,137.4613862357858,138.61269101146914,136.3497899802919,136.71701049804688,26066000
GOOGL,2023-10-20,136.3001367687033,136.83608053752832,134.06700996727167,134.58311462402344,26335700
GOOGL,2023-10-23,134.02730625143084,136.62766874033358,132.94548397466383,135.4763641357422,26317900
GOOGL,2023-10-24,136.79642666132818,138.31495211314203,136.38949758094284,137.76907348632812,44814300
GOOGL,2023-10-25,127.19892549752396,127.34779458240867,124.13209362181638,124.66804504394531,84366200
GOOGL,2023-10-26,122.34559572670734,123.39765194257097,120.36059371391482,121.36302185058594,57061100
GOOGL,2023-10-27,121.9585046679144,122.38528034661036,119.30852915172775,121.25382995605469,44566500
GOOGL,2023-10-30,122.2860385724438,124.45961803038976,121.82948905369454,123.52666473388672,28940100
GOOGL,2023-10-31,124.12216757392719,124.42984802046038,121.76994514607122,123.14952087402344,26292300
GOOGL,2023-11-01,123.13957504421857,125.54142518417747,122.79220127557663,125.50172424316406,30082400
GOOGL,2023-11-02,127.45696935668228,128.01276746198673,125.97814507096508,126.53394317626953,27124600
GOOGL,2023-11-03,127.05997884535377,128.55864986310226,126.90117505497481,128.1318817138672,26393100
GOOGL,2023-11-06,128.0822713494948,129.3625911186251,127.70511608127677,129.2732696533203,19052700
GOOGL,2023-11-07,129.72982443068332,130.92082271250268,128.90604670679733,129.9878692626953,29757300
GOOGL,2023-11-08,129.98783224244534,131.21853869829624,129.79925466552717,130.85130310058594,26425800
GOOGL,2023-11-09,130.97043911965648,131.55601107722748,129.09461282832507,129.26333618164062,23747800
GOOGL,2023-11-10,129.1243853429863,131.80413499720473,128.43955723420933,131.595703125,26913300
GOOGL,2023-11-13,130.7917686694096,131.59569198317294,130.26574439881477,131.0994415283203,18324800
GOOGL,2023-11-14,133.1836984817578,134.68236939202447,132.3202275430886,132.6179656982422,32395200
GOOGL,2023-11-15,133.85861415853404,134.01741796401828,132.5683748859767,133.61048889160156,23861500
GOOGL,2023-11-16,134.17619538121033,136.19097094090904,133.31272446829985,135.90313720703125,28013200
GOOGL,2023-11-17,134.9801160980622,135.03966372618416,132.6477330342115,134.2952880859375,37240600
GOOGL,2023-11-20,132.68745618308765,135.63518525511367,132.61797384637484,135.22825622558594,27815500
GOOGL,2023-11-21,135.26793213333067,136.1512572706716,134.94042018483108,135.94284057617188,22635300
GOOGL,2023-11-22,136.43909143782605,138.3744650434286,136.43909143782605,137.45144653320312,17813900
GOOGL,2023-11-24,136.994895052353,137.0941511979509,134.9701999236649,135.66494750976562,12514300
GOOGL,2023-11-27,135.00988403041387,137.38196036155256,134.98011021765,135.3870391845703,23436500
GOOGL,2023-11-28,135.05953110146496,136.22075539571145,134.40447683977845,136.17112731933594,18730000
GOOGL,2023-11-29,136.53836114342,137.25294788509495,133.8288226820438,133.9777069091797,23967200
GOOGL,2023-11-30,134.03725467489437,134.53350514378005,130.29552189907486,131.53614807128906,38988300
GOOGL,2023-12-01,130.87118530273438,131.1193105581131,129.6901066640334,130.87118530273438,31442300
GOOGL,2023-12-04,128.90602431139112,129.05489339161807,126.94086915840347,128.30059814453125,36669900
GOOGL,2023-12-05,127.98299525723667,131.14907573021983,127.28824761685543,130.00770568847656,27384800
GOOGL,2023-12-06,130.45431707264976,130.85131136380824,128.90601813502556,129.0449676513672,23576200
GOOGL,2023-12-07,134.02731116371308,137.52091847546023,133.68986450169766,135.90313720703125,56767100
GOOGL,2023-12-08,133.19362268827305,135.37712172033739,133.02489934634232,133.9777069091797,32260100
GOOGL,2023-12-11,131.3872714988426,132.3400638639477,130.37491635960205,132.29043579101562,31138000
GOOGL,2023-12-12,130.82154752185775,132.00262607297714,130.2756689716308,131.52622985839844,29032800
GOOGL,2023-12-13,132.37979009748466,132.49888537297187,130.583365685189,131.57586669921875,30104800
GOOGL,2023-12-14,132.37976513726198,132.7172117837592,128.71743466292693,130.9505615234375,38722400
GOOGL,2023-12-15,130.63295958195536,132.5087856193142,130.19625677632916,131.60562133789062,50847100
GOOGL,2023-12-18,131.6354201914368,136.1215140704281,131.4369078643111,134.78164672851562,32258000
GOOGL,2023-12-19,135.81380645779507,136.43908681084687,135.05951129831894,135.62522888183594,25476800
GOOGL,2023-12-20,137.9278469217378,140.63737005261123,137.03460219773686,137.3025665283203,49107200
GOOGL,2023-12-21,138.44397047150616,139.63496864718894,138.13628243906402,139.3669891357422,27488300
GOOGL,2023-12-22,139.71436841353267,140.9252208312421,139.65482077731141,140.42897033691406,26532200
GOOGL,2023-12-26,140.52820742657298,141.6100298393638,140.13121309993724,140.458740234375,16780300
GOOGL,2023-12-27,140.52822004635922,141.01455101287016,138.8409712900939,139.31736755371094,19628600
GOOGL,2023-12-28,139.72428432008698,140.0815852724405,138.70200954003505,139.17840576171875,16045700
GOOGL,2023-12-29,138.5829084225353,139.3074298543242,137.73927658207975,138.6424560546875,18733000
GOOGL,2024-01-02,137.51100529289818,138.4042500618413,135.45652112222194,137.13385009765625,23711200
GOOGL,2024-01-03,136.2207449621666,138.58290188858055,136.05202163090297,137.8782196044922,24212100
GOOGL,2024-01-04,137.38199394368868,138.1164501749052,135.327524638977,135.36721801757812,27137700
GOOGL,2024-01-05,135.72449810296587,136.13142710669655,134.1364906048939,134.71214294433594,22513900
GOOGL,2024-01-08,135.26793269762982,137.9675361915349,135.23815888400566,137.79881286621094,21404000
GOOGL,2024-01-09,137.46138108120132,140.42896436301152,137.11399969220417,139.89300537109375,24759600
GOOGL,2024-01-10,139.94264312514758,141.92764515529154,139.85332166843838,141.21304321289062,21320200
GOOGL,2024-01-11,142.41395623786542,144.13097851399309,139.58532268175995,141.0145263671875,24008700
GOOGL,2024-01-12,141.60008496898206,142.12610917270445,140.75646838959713,141.58023071289062,18785500
GOOGL,2024-01-16,140.93513210487004,143.26751534885753,140.38925356432378,141.4214630126953,22670500
GOOGL,2024-01-17,140.29003862356313,140.77635447738274,137.8583987770045,140.4091339111328,20968600
GOOGL,2024-01-18,140.98475322574876,143.12855876412843,140.92520559596517,142.40402221679688,25746400
GOOGL,2024-01-19,143.65457162828704,145.35173951998564,143.29727073355673,145.2822723388672,34271900
GOOGL,2024-01-22,145.99687917149566,147.27719858762836,144.7463184245613,144.89520263671875,32200400
GOOGL,2024-01-23,144.79596212537868,146.07628167971635,144.40888736296378,145.9373321533203,21636100
GOOGL,2024-01-24,147.42609610314366,148.72628517168496,146.98940837188923,147.58489990234375,25233500
GOOGL,2024-01-25,148.94463515959285,151.9022839551748,148.41859568681784,150.7311248779297,29149100
GOOGL,2024-01-26,149.96691406707075,151.39610285165156,149.87757746323862,151.04873657226562,26115500
GOOGL,2024-01-29,150.91970223766634,152.62680519863352,150.29442175069474,152.35882568359375,27784300
GOOGL,2024-01-30,151.6541357617942,152.46797859903648,150.05620875745953,150.32418823242188,36331800
GOOGL,2024-01-31,142.54300087154687,142.92015612975263,138.8211218056679,139.04940795898438,71910000
GOOGL,2024-02-01,141.05424824171908,141.98720167736062,139.7342199917544,140.10145568847656,40466500
GOOGL,2024-02-02,138.21568812094753,141.55049219078217,135.47639072744062,141.3123016357422,62499600
GOOGL,2024-02-05,141.74898755775797,144.37910891749272,141.70927904042497,142.60252380371094,38505400
GOOGL,2024-02-06,143.56525733160348,144.2699396743933,142.11621441563744,143.01939392089844,29128200
GOOGL,2024-02-07,143.67441319432578,144.52796450496214,142.85063569672877,144.4485626220703,25208900
GOOGL,2024-02-08,144.73642451766594,145.2326750240787,144.01190301872515,144.81582641601562,22563800
GOOGL,2024-02-09,145.58003513170593,148.31934750358255,145.08378464629212,147.8826446533203,26829500
GOOGL,2024-02-12,147.3069701451041,148.2200690837802,146.26484125340653,146.42364501953125,21564100
GOOGL,2024-02-13,143.83322330553597,145.57009981647306,142.61245148398422,144.05157470703125,27837700
GOOGL,2024-02-14,144.9845305723091,145.42123338322318,143.00944836635193,144.8455810546875,22704200
GOOGL,2024-02-15,142.06659185995144,142.44374708435768,139.40669646187024,141.69937133789062,37590700
GOOGL,2024-02-16,141.9177107623263,142.1162079157189,139.08907710730534,139.4662322998047,31468900
GOOGL,2024-02-20,138.6126789723254,141.01452932682773,138.44395563708255,140.0617218017578,25144700
GOOGL,2024-02-21,140.38924578700608,141.61995232438937,139.62501587257833,141.4810028076172,23223300
GOOGL,2024-02-22,143.84315762538745,143.9126399622496,141.72914086755702,143.00946044921875,27191900
GOOGL,2024-02-23,142.5925983953203,143.59501882359496,142.35439273418308,142.88043212890625,19493800
GOOGL,2024-02-26,141.07408198356765,141.37183529228255,136.35970255272923,136.53836059570312,53641800
GOOGL,2024-02-27,136.98498010411188,138.20575198535647,136.06194638095468,137.83853149414062,33099200
GOOGL,2024-02-28,136.8658750875032,136.9750507978896,134.3945574118629,135.35728454589844,37328600
GOOGL,2024-02-29,136.25051773823296,137.8186709245879,135.37711212953872,137.4216766357422,42133000
GOOGL,2024-03-01,137.39190716020826,137.82861002648335,135.89323609127652,136.11158752441406,31151100
GOOGL,2024-03-04,134.64268084656484,134.64268084656484,130.9208023300921,132.35000610351562,55999400
GOOGL,2024-03-05,130.8910407129197,132.24084271980698,129.6901078028214,131.67510986328125,40194800
GOOGL,2024-03-06,132.12171457090452,132.57827164707297,129.86874843851078,130.41461181640625,35318600
GOOGL,2024-03-07,131.79419589843073,133.92808205040117,130.62305203418242,133.37228393554688,37738200
GOOGL,2024-03-08,133.20356361663008,137.05445713321666,132.99513174664168,134.39456176757812,39370400
GOOGL,2024-03-11,135.10917405073008,138.0569034084444,135.10917405073008,136.6376190185547,32437800
GOOGL,2024-03-12,136.00241751033502,138.33480103284336,136.00241751033502,137.46139526367188,27563400
GOOGL,2024-03-13,137.95763014261004,140.03195346478358,137.94771058521772,138.74169921875,23347200
GOOGL,2024-03-14,140.13122067260912,142.513217049872,139.40669917238256,142.0269012451172,42753400
GOOGL,2024-03-15,141.43138537879798,142.10627875552206,138.97990682068314,140.12127685546875,49475400
GOOGL,2024-03-18,147.4955587325886,151.00900524024846,146.06635501951953,146.57252502441406,69273700
GOOGL,2024-03-19,147.04894486376466,147.6742101661268,144.98454106374294,145.9274139404297,24070400
GOOGL,2024-03-20,146.89013190121898,147.7436832734465,145.6395862302464,147.6245880126953,21311500
GOOGL,2024-03-21,148.34908986180142,149.24233448837697,145.79835563839654,146.4931182861328,24755600
GOOGL,2024-03-22,148.0017532026702,150.44331247348805,147.86280366006199,149.63938903808594,29211800
GOOGL,2024-03-25,148.8156111294841,149.2523140183074,146.71151373173285,148.94464111328125,19229300
GOOGL,2024-03-26,149.09349296069317,151.1181882221387,148.85528728225617,149.5401153564453,22149100
GOOGL,2024-03-27,150.04625924159342,150.502816259623,147.7833586959996,149.73858642578125,22879200
GOOGL,2024-03-28,149.71878524234197,150.294422508123,149.04387667224117,149.7981719970703,24485400
GOOGL,2024-04-01,149.5599671303415,154.57209984115423,149.48056523884867,154.323974609375,31730800
GOOGL,2024-04-02,152.34889138814307,153.53988946458512,151.0090090869194,153.40093994140625,24586000
GOOGL,2024-04-03,152.44814641496717,153.9170435269461,151.58466032180885,153.75823974609375,24705000
GOOGL,2024-04-04,152.34891345621864,153.6093940490146,149.3217821795186,149.40118408203125,34724700
GOOGL,2024-04-05,148.90492090258869,152.26949862092886,148.47815275024013,151.3563995361328,23459200
GOOGL,2024-04-08,151.63431250953576,154.10564562982418,151.46558914468523,153.6887969970703,20702000
GOOGL,2024-04-09,154.91947398862214,157.37095261531294,154.02622916635622,155.4256591796875,31079500
GOOGL,2024-04-10,155.03859855501895,155.4355929246248,153.52005798758364,154.9691162109375,22838600
GOOGL,2024-04-11,155.73333190851926,158.48254871038773,155.28670949781988,158.21458435058594,27166400
GOOGL,2024-04-12,156.7754510311415,159.0184976446993,155.9615930124083,156.5471649169922,25353700
GOOGL,2024-04-15,157.6687038087309,158.0458590213951,153.43072045036504,153.69869995117188,27136500
GOOGL,2024-04-16,153.03372500347797,154.4827679200494,152.27941458366453,153.2421417236328,20779500
GOOGL,2024-04-17,154.45299200861103,155.902050049897,153.42079769070784,154.3041229248047,21763100
GOOGL,2024-04-18,154.17509879172633,155.76310641946125,153.4604968736819,154.84007263183594,19883000
GOOGL,2024-04-19,155.02867198852073,155.18747580244357,151.15792367643434,152.9344940185547,32615600
GOOGL,2024-04-22,153.15281939939192,156.45784938513543,152.90469416152254,155.10804748535156,26446200
GOOGL,2024-04-23,155.78294214571977,157.77786342870908,155.10803368370046,157.07318115234375,21151600
GOOGL,2024-04-24,156.3090053276995,158.3734094546399,155.99139770307863,157.93670654296875,22779100
GOOGL,2024-04-25,150.1951766135992,155.31648535594996,149.73861949474144,154.8301544189453,57109700
GOOGL,2024-04-26,173.06238823512538,173.399850072579,168.37778247380382,170.66053771972656,64665300
GOOGL,2024-04-29,167.79220353593925,168.27853443993808,163.97108407090454,164.90402221679688,45610000
GOOGL,2024-04-30,164.3680750249459,166.83940772348186,161.38065276118826,161.55929565429688,33562900
GOOGL,2024-05-01,163.0679131791334,165.86675805283966,161.86698033617475,162.63121032714844,33493200
GOOGL,2024-05-02,163.554205062763,165.47965909547895,162.66096037377721,165.3704833984375,24294500
GOOGL,2024-05-03,166.30347808978453,166.70048760732448,161.82730368311948,165.9858856201172,34662400
GOOGL,2024-05-06,166.20423169951587,166.87912514098474,164.78494732975244,166.8394317626953,21871300
GOOGL,2024-05-07,167.23639713482265,170.47194452949657,167.12722143299578,169.9657745361328,28039700
GOOGL,2024-05-08,167.73266229376583,168.87403234038655,167.4746174960537,168.1098175048828,19569100
GOOGL,2024-05-09,168.11973776202532,169.40999204467994,166.9188049315239,168.6854705810547,15346700
GOOGL,2024-05-10,166.76995386436658,168.57631308413568,164.94375552710616,167.3852996826172,29799900
GOOGL,2024-05-13,163.02821781386623,168.01057734951837,162.7701729915824,167.8716278076172,31327600
GOOGL,2024-05-14,168.49685873423903,169.96575562270354,167.53413178281272,169.0625762939453,25127100
GOOGL,2024-05-15,169.35044756160798,171.3552886431622,169.23133714549078,171.21633911132812,26948400
GOOGL,2024-05-16,171.99048456648705,173.8067631392547,171.3949930775493,172.87380981445312,27867900
GOOGL,2024-05-17,172.87382403190227,174.94816271706677,172.38750821426203,174.73973083496094,24479300
GOOGL,2024-05-20,174.86874028439564,177.42939448654315,174.7595645769426,175.59326171875,22554400
GOOGL,2024-05-21,175.57340838811095,176.81403455010823,174.49158600949627,176.51629638671875,16989400
GOOGL,2024-05-22,175.31537207270605,175.82154211929756,173.89610294407106,175.0573272705078,17880000
GOOGL,2024-05-23,175.7421737201289,176.9133177266682,171.65305896735296,172.24856567382812,21024900
GOOGL,2024-05-24,173.6677996738125,174.45188384954722,172.34777168660725,173.677734375,16579400
GOOGL,2024-05-28,173.1417747585167,175.94063449763217,173.06237287112745,175.0771484375,20572200
GOOGL,2024-05-29,174.1144254654683,175.51385536789155,173.4097583079271,174.58090209960938,23388700
GOOGL,2024-05-30,173.88616018139018,173.90601444044296,170.50172837010513,170.8193359375,22931500
GOOGL,2024-05-31,170.57120566797727,171.76220372181547,168.16935530183432,171.20640563964844,37638900
GOOGL,2024-06-03,171.24610323694733,173.22118553313896,169.8764622562065,171.8713836669922,27459100
GOOGL,2024-06-04,171.98058527419767,172.5463181569326,170.60100938403974,172.48675537109375,26879600
GOOGL,2024-06-05,173.88615737761106,175.32528067630372,172.62567697442577,174.09458923339844,22068500
GOOGL,2024-06-06,174.5809159744427,175.8215421969568,174.43204688548622,175.40469360351562,23251000
GOOGL,2024-06-07,175.72230738756323,176.53615034318676,172.99292960170388,173.1517333984375,19661400
GOOGL,2024-06-10,173.85720320728015,175.9339073021769,171.66125199471998,173.89694213867188,23726700
GOOGL,2024-06-11,175.09925413873597,175.71530612964037,172.66483900249895,175.4967041015625,21540600
GOOGL,2024-06-12,177.11633707085997,179.2626031953618,174.9899479924397,176.6592559814453,27864700
GOOGL,2024-06-13,174.98994497931662,175.61594304528666,173.76777199685736,174.04598999023438,20913300
GOOGL,2024-06-14,173.1119567987189,175.93389067490244,173.04239472317744,175.6656036376953,18063600
GOOGL,2024-06-17,174.34406932448942,177.22561906564368,173.69819427096027,176.1127471923828,19618500
GOOGL,2024-06-18,176.01339021741077,176.26180021913805,172.9927312675741,173.97642517089844,21869900
GOOGL,2024-06-20,174.25464833709086,176.1624353876285,173.8770754332329,175.17874145507812,20160100
GOOGL,2024-06-21,175.87428594679412,179.69980614084275,175.48676694016078,178.48756408691406,57759000
GOOGL,2024-06-24,179.01419374381484,179.73954672974688,177.53366462186347,178.08016967773438,18298000
GOOGL,2024-06-25,178.47761719658297,183.1179143136271,178.27889222308787,182.8595733642578,23130200
GOOGL,2024-06-26,181.46846037489448,183.33649308294386,181.31940529236806,182.71051025390625,19839000
GOOGL,2024-06-27,183.00861627114853,184.8667334659005,182.84964538682112,184.23080444335938,18848900
GOOGL,2024-06-28,183.14774365065432,183.95258967563325,180.80275249600572,180.9915313720703,29156600
GOOGL,2024-07-01,181.8659413243254,182.710541450962,180.14694824354996,181.82620239257812,16006100
GOOGL,2024-07-02,180.89216044416673,184.38977740074063,180.40527139828873,184.06187438964844,17372500
GOOGL,2024-07-03,183.67436680423387,184.90647074592763,182.8297667085458,184.63819885253906,10242100
GOOGL,2024-07-05,184.67794276589416,189.64614308224583,184.618326787977,189.38780212402344,20967500
GOOGL,2024-07-08,188.69223602398804,188.96052307793317,186.58572400777334,187.82777404785156,21035900
GOOGL,2024-07-09,189.09963450972523,190.14295958916762,187.5197504772306,187.77809143066406,15121400
GOOGL,2024-07-10,187.94699289900143,190.53046286697955,187.82776095522303,189.96408081054688,15952500
GOOGL,2024-07-11,188.64256383874462,189.64613480059487,183.90289669863316,184.38978576660156,25625800
GOOGL,2024-07-12,183.90289053636494,185.9199784961909,183.31664658309873,183.89295959472656,22898400
GOOGL,2024-07-15,183.74389752313695,187.0427894309769,183.74389752313695,185.34365844726562,16474000
GOOGL,2024-07-16,186.16838328349618,187.4799801449797,182.20375438973656,182.75025939941406,18290700
GOOGL,2024-07-17,181.80630830706235,182.38262131472416,178.75582629160562,179.86871337890625,20734100
GOOGL,2024-07-18,180.77291456531665,181.33929663243535,175.34764875664283,176.5598907470703,25315700
GOOGL,2024-07-19,177.74234773802445,179.14336877027299,176.00347754543185,176.5301055908203,18881900
GOOGL,2024-07-22,179.44145432097875,181.5380354484916,179.08374329385708,180.51458740234375,24100300
GOOGL,2024-07-23,180.89217569882794,182.44225176435077,180.3854095654304,180.63381958007812,36352700
GOOGL,2024-07-24,172.4959059646395,175.069429864651,170.72722801961868,171.53207397460938,49585200
GOOGL,2024-07-25,171.422773934444,172.31704385351824,166.12667101114428,166.21609497070312,44852000
GOOGL,2024-07-26,166.08692140634935,167.020945440501,163.0165774179734,165.93788146972656,41336900
GOOGL,2024-07-29,167.75623728269647,169.34605213128413,166.92158335005726,168.4517822265625,20293800
GOOGL,2024-07-30,169.15728508367997,170.14097901520392,167.36872998762226,169.2069549560547,18959700
GOOGL,2024-07-31,172.13818990776468,173.14176079618966,168.9287219619174,170.44898986816406,25729100
GOOGL,2024-08-01,169.1672144988525,172.94304963161613,167.80593251440823,169.67396545410156,24531400
GOOGL,2024-08-02,165.38144985923282,167.438276847675,163.62270275190997,165.6000518798828,29130100
GOOGL,2024-08-05,154.51103232007947,163.38423094995542,153.94465019728176,158.2371826171875,53630700
GOOGL,2024-08-06,158.31667357844438,159.54879271884894,155.41524640434096,157.2832794189453,49004600
GOOGL,2024-08-07,160.22444407280443,161.94343696392548,157.46212618793052,157.92913818359375,25138600
GOOGL,2024-08-08,159.4891744508348,162.64895800070045,159.19109453629167,160.99951171875,25578800
GOOGL,2024-08-09,158.99234767510978,162.7483060574706,158.04839260811073,162.6290740966797,28602300
GOOGL,2024-08-12,163.30473887980148,163.85122874644176,160.810692794382,161.25782775878906,15895300
GOOGL,2024-08-13,162.37070632388532,163.68230316130368,161.93350232416512,163.11593627929688,18551700
GOOGL,2024-08-14,161.36715544459844,162.1819476510394,156.7069958437738,159.35006713867188,40591100
GOOGL,2024-08-15,159.4792243502646,160.61197337469392,158.59488533261137,160.27413940429688,31524300
GOOGL,2024-08-16,160.44305489951088,164.0102189248703,160.1052209322512,161.923583984375,24208600
GOOGL,2024-08-19,164.2288111566864,165.62984713723483,163.21529415355107,165.60997009277344,22416200
GOOGL,2024-08-20,165.8385269794626,167.56746621538298,165.7590491136282,166.1167449951172,18341500
GOOGL,2024-08-21,164.09963641871417,165.7888365119098,163.62269347422293,164.79519653320312,22902000
GOOGL,2024-08-22,166.19621017398273,166.5241131721472,162.2713354606225,162.7582244873047,22493300
GOOGL,2024-08-23,163.6723804637865,165.12308635947946,162.78804147862647,164.566650390625,13955700
GOOGL,2024-08-26,165.32181244151707,166.48436931233536,163.41402564106588,165.10321044921875,14190400
GOOGL,2024-08-27,164.78525544371954,165.3814455137806,163.4140425413684,163.63262939453125,11821900
GOOGL,2024-08-28,163.99034421256823,164.54679536636124,160.50267315842373,161.8142852783203,16407400
GOOGL,2024-08-29,163.2649914453281,164.91443753942139,159.2308153360169,160.75108337402344,19699800
GOOGL,2024-08-30,161.58573574397926,162.6191298588304,160.66165779990888,162.34091186523438,22123800
GOOGL,2024-09-03,160.69146292560666,160.82064097809814,155.48478383780713,156.35919189453125,38945300
GOOGL,2024-09-04,155.66364237973846,157.98875628626521,154.9680974284368,155.45497131347656,19353800
GOOGL,2024-09-05,155.30593568698094,158.4358956354768,154.98796360800392,156.23995971679688,18688700
GOOGL,2024-09-06,156.29958787438167,156.82621590471155,149.59251732330907,149.9601593017578,37912100
GOOGL,2024-09-09,151.7411114283819,152.62662386310816,146.47778778010462,147.9602813720703,39260500
GOOGL,2024-09-10,149.6915067964419,150.50738007285446,147.59214370497173,147.91053771972656,31118800
GOOGL,2024-09-11,149.16416479252044,150.73620092097835,146.77627065265514,150.39791870117188,29607700
GOOGL,2024-09-12,153.02462848632382,154.03949046129577,151.88041704126704,153.91014099121094,29621500
GOOGL,2024-09-13,154.6463885405626,157.58152818841413,154.42751164329223,156.66616821289062,29591200
GOOGL,2024-09-16,156.51693413001883,157.45219763829544,155.81052202950406,157.26315307617188,18379800
GOOGL,2024-09-17,158.2183245621199,159.74061004154726,157.5815516503455,158.51681518554688,20715600
GOOGL,2024-09-18,159.05408446311074,159.69085736808276,157.8004420763462,159.00433349609375,23677300
GOOGL,2024-09-19,162.88466293518638,162.96424625525552,160.52660096333298,161.32257080078125,26587700
GOOGL,2024-09-20,162.67573141732413,162.90456764484875,161.2429886014312,162.76527404785156,40896400
GOOGL,2024-09-23,163.52143865567453,164.65569075995793,160.85494193042624,161.03404235839844,24150900
GOOGL,2024-09-24,162.20809181188605,162.39713636620655,159.87989243963506,161.47181701660156,23332100
GOOGL,2024-09-25,160.6559541225392,161.9891949013652,160.48681299524299,160.6758575439453,18869200
GOOGL,2024-09-26,162.81502289321162,163.25280710146038,161.46187860492594,161.90960693359375,20319300
GOOGL,2024-09-27,161.98920666955183,164.86463640620642,161.81012140947348,163.1234588623047,21101300
GOOGL,2024-09-30,162.49664152148338,165.31236092462515,162.43693125430474,165.01388549804688,20413900
GOOGL,2024-10-01,166.84460026695353,168.3071905376278,163.75027859535956,166.14813232421875,28338100
GOOGL,2024-10-02,165.58100861617797,166.67546915041717,163.89952615078477,165.02383422851562,17760200
GOOGL,2024-10-03,163.58114729291918,165.79990072302581,163.09361211278292,165.02383422851562,15073100
GOOGL,2024-10-04,167.21271664038824,167.38185775705003,164.64572198743747,166.21775817871094,19047400
GOOGL,2024-10-07,166.87443375057973,167.63059671300965,161.9294890009481,162.1583251953125,22463100
GOOGL,2024-10-08,163.11350061638578,163.89951115954543,162.0488877230142,163.55128479003906,23072700
GOOGL,2024-10-09,162.6259561269001,164.00894776946933,158.93466876764882,161.04397583007812,31181800
GOOGL,2024-10-10,160.0590022209285,162.24792352023465,159.5913704144281,161.26290893554688,14144100
GOOGL,2024-10-11,161.31263337427697,163.07369906378534,160.4271208786136,162.4170379638672,15344300
GOOGL,2024-10-14,162.81501959424767,165.3919586438415,162.5762240722605,164.1283721923828,19016100
GOOGL,2024-10-15,164.95416217665158,166.8346331245922,163.8000218608721,164.62583923339844,20247200
GOOGL,2024-10-16,163.70053329945262,164.96413494193072,162.91452270440968,164.32736206054688,16406000
GOOGL,2024-10-17,164.8944683866494,165.53124122104538,161.93944041934847,162.10858154296875,21453400
GOOGL,2024-10-18,162.3672941471386,163.87963544942022,162.2578480953578,162.59613037109375,19757700
GOOGL,2024-10-21,162.12849497134508,163.67068378195492,161.8001568233936,163.24285888671875,20946500
GOOGL,2024-10-22,162.15833529455813,164.93427806644567,162.15833529455813,164.3074493408203,16568100
GOOGL,2024-10-23,163.9293642522353,164.98403306169303,161.11362975074982,161.9593505859375,18280500
GOOGL,2024-10-24,162.00908898296657,162.50656821640374,160.1982572859619,161.89964294433594,22412500
GOOGL,2024-10-25,162.84485839827352,164.75517692607178,162.59611876941653,164.43679809570312,19828900
GOOGL,2024-10-28,167.89926611467047,167.89926611467047,163.123461731036,165.87950134277344,32138600
GOOGL,2024-10-29,166.8843732816442,169.52102223134554,166.24760049345662,168.8245391845703,42169000
GOOGL,2024-10-30,179.7691030508194,181.1023590425056,173.18248232545162,173.58047485351562,68890800
GOOGL,2024-10-31,172.2571653376557,175.92856453316725,170.13789893136754,170.24734497070312,44769000
GOOGL,2024-11-01,169.21260195677476,171.45125861583475,168.02859889466288,170.4264373779297,31796500
GOOGL,2024-11-04,169.0732883883401,169.86925821421698,167.1629699153526,168.38677978515625,21492700
GOOGL,2024-11-05,168.57582742660242,169.67028795360784,167.9888054993283,168.88427734375,18242100
GOOGL,2024-11-06,172.92378818784377,176.04795723175238,172.62529760518007,175.6201171875,33695500
GOOGL,2024-11-07,176.51560241710214,180.16709852379773,176.2967103185547,179.83876037597656,25352900
GOOGL,2024-11-08,179.73927471599893,179.98801437942095,177.18223887059006,177.4508819580078,22006200
GOOGL,2024-11-11,177.67968464546155,179.6397540376483,177.57023860694844,179.44076538085938,17450400
GOOGL,2024-11-12,178.91344777717472,181.569985195191,178.48560772038502,180.70436096191406,25134900
GOOGL,2024-11-13,179.55023156460638,180.04771085332573,177.6398977358846,177.9781951904297,23184000
GOOGL,2024-11-14,177.38120927026733,177.9184953896884,173.44118190987194,174.69482421875,31007500
GOOGL,2024-11-15,172.85413063132057,173.2620672474057,170.35679033869232,171.62039184570312,32504600
GOOGL,2024-11-18,172.54571749253887,174.55553810267529,172.0283347729084,174.41624450683594,20135300
GOOGL,2024-11-19,172.84418886990383,177.9682189842711,172.68499186898757,177.2220001220703,23434900
GOOGL,2024-11-20,176.44593283355675,176.78421507240827,172.90388308120177,175.09278869628906,18997100
GOOGL,2024-11-21,173.02330732272836,173.25215874867345,162.87473188507113,166.78492736816406,59734400
GOOGL,2024-11-22,165.0138834352713,165.62080876483188,163.07370209558795,163.9293670654297,38604600
GOOGL,2024-11-25,165.25266140749017,167.77986461840595,164.77508555590978,166.80479431152344,33135300
GOOGL,2024-11-26,166.78490128483136,168.96386286905866,166.73515032254275,168.2673797607422,20486700
GOOGL,2024-11-27,168.14799483925975,168.6255706920237,167.17293971182346,168.3768310546875,19266500
GOOGL,2024-11-29,167.6505077939042,168.57581191461244,166.31726704322566,168.09823608398438,14257200
GOOGL,2024-12-02,167.91915410888186,171.21246438956555,167.72016544073577,170.6254425048828,23789100
GOOGL,2024-12-03,170.62544918240982,171.80943711786688,169.98867631030456,170.4761962890625,22248700
GOOGL,2024-12-04,170.28715321004535,174.02820715023717,170.1976105823781,173.4909210205078,31615100
GOOGL,2024-12-05,174.4759264469432,175.17239437366248,171.46120334982362,171.76963806152344,21356200
GOOGL,2024-12-06,171.1627116663367,174.1973381653999,170.99357054105934,173.82920837402344,21462400
GOOGL,2024-12-09,173.28134907482925,175.57236409115308,172.9725456881121,174.6858367919922,25389600
GOOGL,2024-12-10,182.13667521959667,185.63297660419835,180.34369430470025,184.44761657714844,54813000
GOOGL,2024-12-11,184.5870622814724,194.8468827437387,184.12886535477608,194.6376953125,67894100
GOOGL,2024-12-12,194.23925408402715,194.41854456138273,190.96209592074564,191.21112060546875,34817500
GOOGL,2024-12-13,190.2648278463795,191.97811901209872,188.90017734316862,189.07948303222656,25143500
GOOGL,2024-12-16,192.11756882122688,198.22365926952406,191.8685441236521,195.89279174804688,44934900
GOOGL,2024-12-17,196.48048589662955,200.6342160179093,194.21933739249496,194.65762329101562,43504000
GOOGL,2024-12-18,194.45842549322595,196.231480292107,187.00761009122783,187.66502380371094,34166100
GOOGL,2024-12-19,190.88242054359256,192.27695280314458,187.64509939888953,187.7745819091797,32265200
GOOGL,2024-12-20,185.0552429190991,192.13750634222802,184.49742999563804,190.6632843017578,63462900
GOOGL,2024-12-23,191.86854398568468,194.3388799273183,189.40817875947414,193.87071228027344,25675000
GOOGL,2024-12-24,194.0799055884088,195.34495544433594,193.02404318868335,195.34495544433594,10403300
GOOGL,2024-12-26,194.38868793025316,195.98245219810025,193.62170274567876,194.83694458007812,12046600
GOOGL,2024-12-27,194.18945436832726,194.558021252894,189.906226569023,192.00799560546875,18891400
GOOGL,2024-12-30,189.0595575397149,191.7988292724579,188.3822024440024,190.4939422607422,14264700
GOOGL,2024-12-31,190.33456284838633,191.21113466683676,187.77458160553064,188.56150817871094,17466900
GOOGL,2025-01-02,189.90623605246924,191.25097555403835,186.76853081449056,188.6909942626953,20370800
GOOGL,2025-01-03,190.62343412562188,192.45626758091493,189.23885731709424,191.0417938232422,18596200
GOOGL,2025-01-06,193.2232644718959,197.44672936937255,193.09378194764346,196.10198974609375,29563600
GOOGL,2025-01-07,196.34104650196386,200.21587045148732,193.84084384019965,194.7273712158203,26487200
GOOGL,2025-01-08,191.818768515616,195.52424236393108,191.62950729663424,193.19337463378906,24864800
GOOGL,2025-01-10,193.54201039861906,195.75335107074358,189.5675704988791,191.2908172607422,26665200
GOOGL,2025-01-13,189.32851141262705,190.43416651970912,186.62907690279673,190.26483154296875,21823700
GOOGL,2025-01-14,190.4939429327445,191.23104632862814,187.57536549994643,188.92010498046875,17174900
GOOGL,2025-01-15,192.336729949174,195.5939775570945,191.11153257710336,194.78713989257812,21776000
GOOGL,2025-01-16,193.3826375623353,194.71740642480486,192.05782421701394,192.15744018554688,17815400
GOOGL,2025-01-17,195.76329797481387,196.46056410218043,192.9941444980855,195.23536682128906,27735100
GOOGL,2025-01-21,198.29341465676947,201.50083912074155,197.09808382134892,197.2773895263672,29971300
GOOGL,2025-01-22,198.28344103159932,199.6978996202174,196.7594109579838,197.59613037109375,26200600
GOOGL,2025-01-23,197.36703633289733,199.51861361447575,194.4385031217372,197.20765686035156,26951400
GOOGL,2025-01-24,197.32718592161126,200.11625050908367,197.22756995808922,199.428955078125,23877500
GOOGL,2025-01-27,191.65938720339696,196.11195036774717,189.98593319836488,191.0617218017578,41728900
GOOGL,2025-01-28,191.99804618358004,194.71739168696277,189.93611434526252,194.53810119628906,24157900
GOOGL,2025-01-29,194.79709857472477,196.02229596670227,192.6754030526252,194.64768981933594,18218300
GOOGL,2025-01-30,197.22756600165175,200.6142959037936,196.89885156773758,200.08636474609375,24354700
GOOGL,2025-01-31,201.21196665384008,204.6783863780237,201.0127499247283,203.22409057617188,32001100
GOOGL,2025-02-03,199.90707487204236,202.9551348332388,199.31938021531738,200.44496154785156,27838300
GOOGL,2025-02-04,202.59653399897414,206.2422592489475,202.0187948719897,205.5748748779297,43856400
GOOGL,2025-02-05,190.32460742693195,191.998046136523,187.29645852491726,190.58358764648438,70373900
GOOGL,2025-02-06,188.76074056252688,191.35060376868358,187.98378464053243,190.85255432128906,29297400
GOOGL,2025-02-07,190.3046897826863,190.43417229867478,182.52516013677956,184.61695861816406,49315000
GOOGL,2025-02-10,186.61912556239702,187.46580046504565,185.13493280467802,185.7425537109375,23105600
GOOGL,2025-02-11,184.3081687207876,186.21072116923287,183.56109458441756,184.5970458984375,21239500
GOOGL,2025-02-12,182.50524456499636,184.38787090784842,181.12066768003388,182.8937225341797,22072600
GOOGL,2025-02-13,183.6009416706382,185.5532868448968,182.42553716023775,185.41383361816406,21402500
GOOGL,2025-02-14,184.3380502737544,185.67281908148942,183.60094685418304,184.50738525390625,20448400
GOOGL,2025-02-18,184.87594800082087,185.23454418579348,181.03100592832718,183.05308532714844,29916700
GOOGL,2025-02-19,183.35192561125757,184.73650242741212,182.8737872119756,184.5472412109375,19549400
GOOGL,2025-02-20,184.07905024850896,184.5870551343315,182.00716304475998,183.83998107910156,20441500
GOOGL,2025-02-21,184.42767889722575,184.61694009305896,178.38136734197036,178.9591064453125,35199200
GOOGL,2025-02-24,181.28002106421596,182.40560234155157,178.19210879001352,178.5507049560547,29854200
GOOGL,2025-02-25,177.3454308360551,178.04271218366185,174.0085088406691,174.73565673828125,41913400
GOOGL,2025-02-26,174.38701976901885,175.39307405965482,170.9106295738481,172.05613708496094,35431300
GOOGL,2025-02-27,173.31123936714644,173.87900779159736,167.28483845921406,167.8426513671875,39991000
GOOGL,2025-02-28,168.02194319125016,169.94442183496423,166.11940597917265,169.61570739746094,48130600
GOOGL,2025-03-03,171.2592638730811,172.69364861452485,165.28267091657344,166.35845947265625,40770500
GOOGL,2025-03-04,165.5914841182232,172.6139690982364,165.15319817693035,170.2532196044922,45388000
GOOGL,2025-03-05,169.8547695105912,173.10204608630403,168.40045859307807,172.3450164794922,30954900
GOOGL,2025-03-06,169.8647356201999,174.12803748089462,169.83485387065045,171.67764282226562,28302000
GOOGL,2025-03-07,170.5918843353401,174.28741777289434,169.60575619699736,173.18174743652344,27385800
GOOGL,2025-03-10,167.7966101322015,167.99607150995365,163.23920372577845,165.41319274902344,43604000
GOOGL,2025-03-11,164.4558560210946,166.29078517095678,160.9255963482493,163.58824157714844,39587400
GOOGL,2025-03-12,166.12124110886077,167.17831943801426,163.07963775446962,166.6497802734375,28372400
GOOGL,2025-03-13,165.58271795856493,165.67248166266438,161.6635485106855,162.31175231933594,31756200
GOOGL,2025-03-14,162.8203685104477,166.0315020416508,162.00261943703092,165.0342559814453,31995900
GOOGL,2025-03-17,164.57552252303753,165.84202932963498,163.21926721954216,163.83755493164062,31184300
GOOGL,2025-03-18,163.2292134435371,163.79765095180105,156.28838999765335,160.22750854492188,42074800
GOOGL,2025-03-19,161.31450558479577,165.41318720526314,160.5566041117451,163.4386444091797,34275600
GOOGL,2025-03-20,161.12506086024152,164.43591002375265,160.5167401261188,162.35166931152344,28138500
GOOGL,2025-03-21,160.7660482116765,163.7877026347692,160.44692216012342,163.53839111328125,36625800
GOOGL,2025-03-24,166.60991043967152,167.85646804378672,164.68521758619846,167.2182159423828,30879100
GOOGL,2025-03-25,168.51462053018605,170.16008551836464,167.85644975168057,170.09027099609375,24174400
GOOGL,2025-03-26,168.53459028680902,169.14291101426645,164.3860428738787,164.60543823242188,28901600
GOOGL,2025-03-27,164.1766304631432,164.96444818748884,161.55386834836875,161.793212890625,24508300
GOOGL,2025-03-28,160.0480386603904,161.37437785404254,153.2069295238927,153.90499877929688,48669300
GOOGL,2025-03-31,152.68834136730996,155.11164193370462,150.24509161947617,154.21412658691406,54603500
GOOGL,2025-04-01,153.19693997672525,157.66461343058796,153.19693997672525,156.637451171875,30672900
GOOGL,2025-04-02,154.72270392156926,157.9737354754909,154.2739462849113,156.6074981689453,25041700
GOOGL,2025-04-03,150.69384170810525,152.35924068042604,149.97582338010557,150.30491638183594,46883400
GOOGL,2025-04-04,147.60238713771614,150.65397293111235,144.9796402891217,145.19903564453125,62259500
GOOGL,2025-04-07,141.1601793715283,152.42906261628312,140.14298415460087,146.34585571289062,76794100
GOOGL,2025-04-08,150.80354683062922,151.82074204837693,142.63609935843277,144.30149841308594,52200200
GOOGL,2025-04-09,144.0222787835972,159.11061702523395,143.51368875470308,158.27293395996094,70406200
GOOGL,2025-04-10,156.10888048544342,157.28563866565491,149.51708388683267,152.39913940429688,48022000
GOOGL,2025-04-11,152.47891611104427,157.2357840662013,152.39914981719627,156.70724487304688,33636200
GOOGL,2025-04-14,159.5593589601424,161.27462328630523,157.12607630131762,158.63192749023438,30333000
GOOGL,2025-04-15,158.6917731015249,159.2103301054895,154.78257030571797,155.87953186035156,27551500
GOOGL,2025-04-16,152.67836778458886,155.46067741277207,151.09273508921532,152.90773010253906,28187400
GOOGL,2025-04-17,153.86508310192784,154.25400844452392,148.09103529003713,150.74371337890625,33046600
GOOGL,2025-04-21,148.46999532680982,148.53979463690146,145.6976525525358,147.26332092285156,26049100
GOOGL,2025-04-22,148.47995987784566,151.77087479980403,148.13091768280205,151.0528564453125,26971800
GOOGL,2025-04-23,155.1814586711159,157.09616926384234,153.38641273519517,154.92218017578125,31128800
GOOGL,2025-04-24,155.7199692710382,159.15049822016638,155.36096007364648,158.8413543701172,45894000
GOOGL,2025-04-25,164.61541287682232,165.6425750916004,160.59649729347288,161.51397705078125,56034000
GOOGL,2025-04-28,161.98265861948803,162.70067694860023,158.16321987401656,160.1676788330078,29745800
GOOGL,2025-04-29,159.87849612757626,160.29733764803302,157.086204107764,159.71893310546875,26809000
GOOGL,2025-04-30,157.54493703861002,158.83139304877153,154.97204023505506,158.36268615722656,34981100
GOOGL,2025-05-01,160.00812396444732,161.5039930234171,158.47237175928248,160.8557891845703,30203200
GOOGL,2025-05-02,162.95997467027814,164.51567601619934,161.42420728854916,163.57826232910156,25715000
GOOGL,2025-05-05,162.551092409754,164.93450965911595,162.27186475669814,163.7577667236328,21341800
GOOGL,2025-05-06,161.72339340187466,164.3461554362482,160.74609651363122,162.7804718017578,21277200
GOOGL,2025-05-07,163.62812539619352,164.5455898895658,147.43284488902702,150.96310424804688,127490100
GOOGL,2025-05-08,154.57315149382438,155.50058309873845,152.47892851591033,153.85513305664062,57498700
GOOGL,2025-05-09,153.7454179749914,154.62299934708025,151.78084208678038,152.32933044433594,32435300
GOOGL,2025-05-12,157.0562755246952,158.66184216787673,155.81968502629073,158.0236053466797,44138800
GOOGL,2025-05-13,158.35270013902556,160.12781218093087,155.72995326636035,159.09066772460938,42382100
GOOGL,2025-05-14,159.51949150800576,166.5400972975048,159.170449289238,164.91458129882812,48755900
GOOGL,2025-05-15,165.3832808496498,165.75227223459135,161.92283584781248,163.5084686279297,33146700
GOOGL,2025-05-16,167.26806720706887,168.88361607338598,165.16387753981013,165.73231506347656,42846900
GOOGL,2025-05-19,164.0569364118495,166.18107529267584,163.7677417629434,166.0813446044922,30426100
GOOGL,2025-05-20,165.9716462897934,168.03595283640126,162.45136908866291,163.5283966064453,46607700
GOOGL,2025-05-21,163.2392111991083,172.66318349220677,163.1095643409873,168.09579467773438,73416000
GOOGL,2025-05-22,171.3767414156938,176.28319020253375,170.23988151650855,170.39942932128906,74864400
GOOGL,2025-05-23,168.5944139952117,169.49194456610303,167.42763794814334,168.00604248046875,35211400
GOOGL,2025-05-27,169.69138381086714,172.69308880696215,169.53182079809207,172.423828125,37995700
GOOGL,2025-05-28,172.6831300854681,174.7873198647011,171.4365725199691,171.8853302001953,34784000
GOOGL,2025-05-29,173.5208093888165,173.93965089581198,170.1600951338123,171.38670349121094,29317300
GOOGL,2025-05-30,170.87811871209726,171.73575093359455,166.97888295989642,171.2670440673828,52639900
GOOGL,2025-06-02,167.37777366516244,169.40218193277036,166.92901598525125,168.5644989013672,38612300
GOOGL,2025-06-03,167.0287408798973,168.01600469808255,164.82482048675826,165.7223358154297,45084900
GOOGL,2025-06-04,166.28081407126308,167.75673398423967,165.90185569784677,167.5872039794922,26900800
GOOGL,2025-06-05,169.87088888051295,170.45926039928958,167.1284622369502,167.74676513671875,36379100
GOOGL,2025-06-06,170.35954849552294,174.01943975782734,170.35954849552294,173.20169067382812,35731800
GOOGL,2025-06-09,174.27002138780236,176.1970440586742,174.1002861656323,175.817626953125,28935900
GOOGL,2025-06-10,175.92747903926403,180.8298886948226,174.63948090794972,178.3237762451172,61766100
GOOGL,2025-06-11,179.49195401036374,180.09101684926247,176.47662077845203,177.07569885253906,31646800
GOOGL,2025-06-12,175.90749122267417,176.44666452455314,174.47971034788216,175.42823791503906,20941900
GOOGL,2025-06-13,172.17329464872896,176.85604320367563,172.1233689351953,174.39984130859375,27663100
GOOGL,2025-06-16,174.45974398959817,176.66633252587772,174.37986589593493,176.49659729003906,27389200
GOOGL,2025-06-17,175.4282431183839,177.08567926563504,174.30998028900405,175.6778564453125,24973000
GOOGL,2025-06-18,175.73776761612697,176.28692000243774,172.93211615674434,173.05194091796875,28707500
GOOGL,2025-06-20,173.68095462694552,174.07035081830173,165.20409556084024,166.38226318359375,75659900
GOOGL,2025-06-23,166.0128253516346,167.08116240174218,161.7494257286143,164.9344940185547,57671000
GOOGL,2025-06-24,166.66183161080377,167.95982401484335,165.87306016657053,166.51206970214844,40524300
GOOGL,2025-06-25,167.3707300173257,172.0934098171055,167.29085192583665,170.41600036621094,35479000
GOOGL,2025-06-26,172.16330733603075,173.4213683331891,169.6771681943881,173.27159118652344,31796700
GOOGL,2025-06-27,173.27158802075178,178.40363764116194,171.46438989107267,178.25387573242188,108140200
GOOGL,2025-06-30,180.5003780733202,180.94967899066734,174.30997094439113,175.95741271972656,63378900
GOOGL,2025-07-01,175.46818749328466,175.81763700531283,173.26159900853952,175.56802368164062,35904500
GOOGL,2025-07-02,175.26848197683447,178.58335417760583,174.79922295185074,178.3636932373047,29128900
GOOGL,2025-07-03,178.22391365801445,179.39210218822254,176.7761594232363,179.2523193359375,21689700
GOOGL,2025-07-07,178.78304908898676,179.0226833705182,175.40827199123135,176.5165557861328,34175600
GOOGL,2025-07-08,177.5749242496101,177.67476043779465,172.54271112131266,174.09031677246094,40442500
GOOGL,2025-07-09,174.97894087050608,179.1624626362242,172.50278095171484,176.34681701660156,43025600
GOOGL,2025-07-10,175.35836349959487,178.15402063985096,174.11029683512743,177.34527587890625,29252400
GOOGL,2025-07-11,176.51656530489134,181.14938835134018,176.20704719654847,179.91131591796875,34282900
GOOGL,2025-07-14,180.7300224544814,183.3859118317051,179.40207776586954,181.2791748046875,32536600
GOOGL,2025-07-15,182.5272506181519,183.93507346834292,181.31913062189142,181.718505859375,33448300
GOOGL,2025-07-16,182.95659839065306,184.04490889196538,181.74846312672318,182.68701171875,33104200
GOOGL,2025-07-17,181.85827589550698,183.77530432362263,180.20083982993623,183.29605102539062,31992600
GOOGL,2025-07-18,185.11324367348885,186.1316703490662,183.42587032160213,184.77377319335938,34014500
GOOGL,2025-07-21,185.9619330750015,189.99567783258155,185.86208164773134,189.8059844970703,45803100
GOOGL,2025-07-22,191.20380830960463,191.35357021159422,187.17006365240448,191.04405212402344,44660200
GOOGL,2025-07-23,191.20381577219638,192.23222149983224,188.88739669642578,189.93577575683594,58681900
GOOGL,2025-07-24,196.7252403051011,197.64381545602902,190.70456849752816,191.8727569580078,74881700
GOOGL,2025-07-25,191.68305419336826,194.02942546808288,190.96416662133603,192.88119506835938,39785900
GOOGL,2025-07-28,193.35047209995227,193.7498625541434,190.54482081320737,192.28213500976562,38139500
GOOGL,2025-07-29,192.13236281084488,195.61697034161693,191.78291329403916,195.44723510742188,41389200
GOOGL,2025-07-30,195.2974741739121,197.2943808004953,194.3888780023715,196.2260284423828,32445400
GOOGL,2025-07-31,195.40729975764043,195.68686545955075,190.79443520574372,191.60317993164062,51329200
GOOGL,2025-08-01,188.73762721302066,190.53484621084553,187.52950724447476,188.8374786376953,34832200
GOOGL,2025-08-04,189.9956738002762,194.96798225717674,189.82593856567027,194.7383270263672,31547400
GOOGL,2025-08-05,194.40884314692985,197.55396485726567,193.5901041516216,194.368896484375,31602300
GOOGL,2025-08-06,194.1991754853375,196.3258859841649,193.3704573812648,195.78671264648438,21562900
GOOGL,2025-08-07,196.75520727948205,197.23446060352177,194.0294340028213,196.21604919433594,26321800
GOOGL,2025-08-08,196.9149587094283,202.29662132319493,196.86503299798275,201.10845947265625,39161800
GOOGL,2025-08-11,200.62921267003748,201.16837075965444,198.76210983585918,200.68911743164062,25832400
GOOGL,2025-08-12,201.0585431482033,204.18370696130674,200.27975076589462,203.02549743652344,30397900
GOOGL,2025-08-13,203.81427054832747,204.21364576160173,197.2044995517677,201.6476287841797,28342900
GOOGL,2025-08-14,201.18833871082708,204.12379383237695,200.91875205563483,202.62611389160156,25230400
GOOGL,2025-08-15,203.534714766441,206.12070520105007,200.96868242883633,203.58462524414062,34931400
GOOGL,2025-08-18,203.88415594549542,204.9525082638803,202.17680937496152,203.18524169921875,18526600
GOOGL,2025-08-19,202.7159730378366,203.1253425488118,199.65072931767816,201.25823974609375,24240200
GOOGL,2025-08-20,200.41952632200108,200.9686786831588,196.29592455953664,199.01171875,28955500
GOOGL,2025-08-21,199.44105529785156,202.1668286588479,199.12154291514705,199.44105529785156,19774600
GOOGL,2025-08-22,202.41643648326647,208.21744781149425,200.98865555430208,205.771240234375,42827000
GOOGL,2025-08-25,206.11069972619865,210.19438514977915,204.9624845680577,208.1675262451172,29928900
GOOGL,2025-08-26,207.18903343187435,207.52851912382437,205.3818354433132,206.81961059570312,28464100
GOOGL,2025-08-27,205.38184246485358,208.58688428789492,205.3319167524022,207.15908813476562,23022900
GOOGL,2025-08-28,206.92944327697995,211.8917573213033,206.57997853322107,211.31265258789062,32339300
GOOGL,2025-08-29,210.1844065843309,214.31800279201352,209.87488848734807,212.58070373535156,39728400
GOOGL,2025-09-02,208.11761422314743,211.3525932568575,205.88107328271496,211.0231170654297,47523000
GOOGL,2025-09-03,225.86013881710127,230.95224175670688,224.4423216543269,230.30325317382812,103336100
GOOGL,2025-09-04,229.2947939629136,232.01058815431742,225.76027598883607,231.94070434570312,51684200
GOOGL,2025-09-05,231.84086323662245,235.39535470067108,231.5413241866342,234.63653564453125,46588900
GOOGL,2025-09-08,235.31608185012894,237.97434675109136,233.5172554040335,233.8870086669922,32474700
GOOGL,2025-09-09,234.0169206603603,240.3128053844981,233.07753270088136,239.47335815429688,38061000
GOOGL,2025-09-10,238.74382884116824,241.50203443312756,237.6945274082077,239.01365661621094,35141100
GOOGL,2025-09-11,239.7232054178332,242.09165136894262,236.09557331646107,240.21287536621094,30599300
GOOGL,2025-09-12,240.21286654309478,241.92175543476245,237.84442067897936,240.64259338378906,26771600
GOOGL,2025-09-15,244.5000723057695,252.24500622225327,244.5000723057695,251.44552612304688,58383800
GOOGL,2025-09-16,251.91521585326547,252.87457975705254,249.30692141357196,250.99581909179688,34109700
GOOGL,2025-09-17,251.0557800198683,251.43553649547647,246.11900683222018,249.36688232421875,34108000
GOOGL,2025-09-18,251.51547232528497,253.82397511354577,249.6367116291099,251.86524963378906,31239500
GOOGL,2025-09-19,253.08445699569828,255.83265939150547,251.64539584681071,254.55349731445312,55571400
GOOGL,2025-09-22,254.2636811395151,255.6128047936517,250.13639113793755,252.36492919921875,32290500
GOOGL,2025-09-23,252.8745862102155,254.1937306726042,250.31626206974443,251.49549865722656,26628000
GOOGL,2025-09-24,251.49550432970327,252.18505574615793,246.2789151995329,246.97845458984375,28201000
GOOGL,2025-09-25,244.24022750230412,246.32887284028934,240.58263166512353,245.6293182373047,31020400
GOOGL,2025-09-26,246.90849752367055,249.25695217808112,245.80921049475367,246.3788299560547,18503200
GOOGL,2025-09-29,247.6879914773483,250.98582213384148,242.61131034259105,243.89047241210938,32505800
GOOGL,2025-09-30,242.65128209661555,243.13096406959585,239.09361157011617,242.94110107421875,34724300
GOOGL,2025-10-01,240.59263270567308,246.13900797357311,238.45403213601972,244.7399139404297,31658200
GOOGL,2025-10-02,244.98974812584623,246.64866670301694,242.14162021805868,245.52940368652344,25483300
GOOGL,2025-10-03,244.33018254314118,246.138996907564,241.5020306823554,245.1896209716797,30249600
GOOGL,2025-10-06,244.61999567020933,251.1557292673991,244.42012945214807,250.26629638671875,28894700
GOOGL,2025-10-07,248.10771903747053,250.27629875611288,245.35951661425605,245.59934997558594,23181300
GOOGL,2025-10-08,244.79988761332393,245.84918907751907,243.66063338889384,244.46009826660156,21307100
GOOGL,2025-10-09,244.3101967172578,244.60000044134677,238.99366696134817,241.3721160888672,27892100
GOOGL,2025-10-10,241.27216783484693,243.93043262992407,235.6858257251368,236.4153594970703,33180300
GOOGL,2025-10-13,240.05299046060216,244.34017953936018,239.55331729181,243.9904022216797,24995000
GOOGL,2025-10-14,241.07230809804528,246.95845730298234,240.35277752895155,245.28955078125,22111600
GOOGL,2025-10-15,247.0883778879278,251.94520161834686,245.82920701293574,250.86590576171875,27007700
GOOGL,2025-10-16,251.60541868813706,256.79201310331337,249.93651222042618,251.29562377929688,27997200
GOOGL,2025-10-17,250.59608169913423,254.05382673080507,247.64801305801078,253.13442993164062,29671600
GOOGL,2025-10-20,254.52352413042843,257.1617826336821,254.06381810029453,256.3822937011719,22350200
GOOGL,2025-10-21,254.5734808325197,254.71338870395212,243.99039197294186,250.29627990722656,47312100
GOOGL,2025-10-22,254.20372304336274,256.19241249616164,249.12704181794433,251.52548217773438,35029400
GOOGL,2025-10-23,252.81462530948346,254.8732762688867,251.68537434804077,252.91456604003906,19901400
GOOGL,2025-10-24,256.412278354529,261.5089509442133,255.1531226659378,259.7501220703125,28655100
GOOGL,2025-10-27,264.6468909460984,269.9634205104271,264.10723541197956,269.0939636230469,35235200
GOOGL,2025-10-28,269.5137161039883,270.5530448339537,266.3257988486908,267.295166015625,29738600
GOOGL,2025-10-29,267.57498405043395,275.1600191542769,267.49504976173847,274.3905334472656,43580300
GOOGL,2025-10-30,291.3993974290424,291.3993974290424,279.87693527724974,281.2960205078125,74876000
GOOGL,2025-10-31,283.02486366213384,285.81304844327684,276.8489107040144,281.0061950683594,39267900
GOOGL,2025-11-03,281.9955439895644,285.3433603410046,279.61709481156873,283.5345458984375,29786000
GOOGL,2025-11-04,276.56908942406625,281.0861237356038,276.07941949471564,277.35858154296875,30078400
GOOGL,2025-11-05,278.6876991693174,286.23278206992967,277.15870054271744,284.1241455078125,31010300
GOOGL,2025-11-06,285.14348075532007,288.1615262521665,280.9562476047489,284.5638732910156,37173600
GOOGL,2025-11-07,283.0248465894465,283.59448127875606,275.0101005397699,278.647705078125,34479600
GOOGL,2025-11-10,284.23409016650885,290.6098939896417,282.6750818691635,289.9103698730469,29557300
GOOGL,2025-11-11,287.56189748708465,291.72918497214437,287.1321858980205,291.11956787109375,19842100
GOOGL,2025-11-12,291.4893355792204,291.8191369528623,283.504568014819,286.5225830078125,24829900
GOOGL,2025-11-13,282.15543354563385,282.65510670070455,277.0587612643864,278.3879089355469,29494000
GOOGL,2025-11-14,271.23257767900105,278.3778974858086,270.52305035910666,276.22930908203125,31647200
GOOGL,2025-11-17,285.59319216713175,293.7578650793077,283.38464532335746,284.83367919921875,52670200
GOOGL,2025-11-18,287.7318125744744,288.61121173854644,278.0181648979437,284.09417724609375,49158700
GOOGL,2025-11-19,286.9722907427786,303.6114007455407,286.44263841708545,292.61859130859375,68198900
GOOGL,2025-11-20,304.3409354639468,306.2197114167213,288.48131431646567,289.26080322265625,62025200
GOOGL,2025-11-21,296.2262391249899,303.7213362601199,293.6579118539212,299.464111328125,74137700
GOOGL,2025-11-24,310.9266228942269,319.27117069793417,309.39762425695875,318.3717346191406,85165100
GOOGL,2025-11-25,325.9967549915166,328.6150374741804,317.4423529194355,323.22857666015625,88632100
GOOGL,2025-11-26,320.4703785574214,324.287888914303,316.58293713459693,319.7408752441406,51373400
GOOGL,2025-11-28,323.15862038246837,326.6363566172421,316.5829348985448,319.970703125,26018600
GOOGL,2025-12-01,317.49233426982363,319.6409227326276,313.684827275924,314.6841735839844,41183000
GOOGL,2025-12-02,316.5329308632399,318.17187340075924,313.7047943107319,315.6035461425781,35854700
GOOGL,2025-12-03,315.68353592029735,321.369788644051,313.89469739870816,319.42108154296875,41838300
GOOGL,2025-12-04,322.0193865832628,322.14927599125497,314.4943097586067,317.4123840332031,31240900
GOOGL,2025-12-05,319.28113189003057,322.9487461411032,318.961364259978,321.0599670410156,28851700
GOOGL,2025-12-08,320.04998779296875,320.44000244140625,311.2200012207031,313.7200012207031,33909400
GOOGL,2025-12-09,312.3699951171875,317.989990234375,311.8999938964844,317.0799865722656,30194000
GOOGL,2025-12-10,315.8299865722656,321.30999755859375,314.67999267578125,320.2099914550781,33428900
GOOGL,2025-12-11,320.0799865722656,321.1199951171875,308.6000061035156,312.42999267578125,42353700
GOOGL,2025-12-12,313.70001220703125,314.8699951171875,305.55999755859375,309.2900085449219,35940200
GOOGL,2025-12-15,311.32000732421875,311.4200134277344,304.8800048828125,308.2200012207031,29151900
GOOGL,2025-12-16,304.95001220703125,310.7699890136719,302.5899963378906,306.57000732421875,30585000
GOOGL,2025-12-17,308.010009765625,308.0899963378906,296.1199951171875,296.7200012207031,43930400
GOOGL,2025-12-18,301.7200012207031,303.9599914550781,299.2300109863281,302.4599914550781,33518000
GOOGL,2025-12-19,301.7300109863281,307.25,300.9700012207031,307.1600036621094,59943200
GOOGL,2025-12-22,309.8800048828125,310.1300048828125,305.29998779296875,309.7799987792969,26429900
GOOGL,2025-12-23,309.6300048828125,314.94000244140625,309.32000732421875,314.3500061035156,25478700
GOOGL,2025-12-24,314.7699890136719,315.0799865722656,311.9200134277344,314.0899963378906,10097400
GOOGL,2025-12-26,314.4800109863281,315.0899963378906,312.2799987792969,313.510009765625,10899000
GOOGL,2025-12-29,311.3699951171875,314.0199890136719,310.6199951171875,313.55999755859375,19621800
GOOGL,2025-12-30,312.5,316.95001220703125,312.4599914550781,313.8500061035156,17380900
GOOGL,2025-12-31,312.8500061035156,314.5799865722656,311.44000244140625,313.0,16377700
GOOGL,2026-01-02,316.8999938964844,322.5,310.3299865722656,315.1499938964844,32009400
GOOGL,2026-01-05,317.6600036621094,319.0199890136719,314.6300048828125,316.5400085449219,30195600
GOOGL,2026-01-06,316.3999938964844,320.94000244140625,311.7799987792969,314.3399963378906,31212100
GOOGL,2026-01-07,314.3599853515625,326.1499938964844,314.19000244140625,321.9800109863281,35104400
GOOGL,2026-01-08,328.9700012207031,330.32000732421875,321.5,325.44000244140625,31896100
GOOGL,2026-01-09,327.0899963378906,330.8299865722656,325.79998779296875,328.57000732421875,26214200
GOOGL,2026-01-12,325.79998779296875,334.0400085449219,325.0,331.8599853515625,33923900
GOOGL,2026-01-13,334.95001220703125,340.489990234375,333.6199951171875,335.9700012207031,33517600
GOOGL,2026-01-14,335.05999755859375,336.5199890136719,330.4800109863281,335.8399963378906,28525600
GOOGL,2026-01-15,337.6499938964844,337.69000244140625,330.739990234375,332.7799987792969,28442400
GOOGL,2026-01-16,334.4100036621094,334.6499938964844,327.70001220703125,330.0,40341600
GOOGL,2026-01-20,320.8699951171875,327.7300109863281,320.42999267578125,322.0,35361000
GOOGL,2026-01-21,320.9200134277344,332.4800109863281,319.3500061035156,328.3800048828125,35386600
GOOGL,2026-01-22,334.45001220703125,335.1499938964844,328.75,330.5400085449219,26253600
GOOGL,2026-01-23,332.489990234375,333.69000244140625,327.45001220703125,327.92999267578125,27280000
GOOGL,2026-01-26,327.80999755859375,335.8399963378906,327.0,333.260009765625,26042100
GOOGL,2026-01-27,335.3699951171875,337.9100036621094,333.4800109863281,334.54998779296875,21636200
