ticker,date,open,high,low,close,volume
GS,2020-01-02,200.30383099003177,203.46013325214415,199.57545659826948,203.1826629638672,3736300
GS,2020-01-03,200.82404768287077,201.69982997844465,199.69679436692138,200.80670166015625,2274500
GS,2020-01-06,199.37596086160343,202.92247509636425,198.99444096382834,202.8617706298828,3329300
GS,2020-01-07,203.77225196822434,206.174166898271,203.56413937321676,204.1971435546875,5255200
GS,2020-01-08,204.36189394593038,207.89106244134598,204.18847339095603,206.16549682617188,3564700
GS,2020-01-09,209.26976063785006,211.05601738162622,207.9517539174972,210.36233520507812,3980700
GS,2020-01-10,210.49240793157034,211.04736163950787,209.31312964831056,209.9374542236328,2248100
GS,2020-01-13,211.95783577845137,213.4059179012965,210.7091866295899,212.62551879882812,3359200
GS,2020-01-14,212.72088505494222,215.4956533684926,212.09656053050102,213.0157012939453,4302800
GS,2020-01-15,209.84207063522945,216.34544059293285,207.37946438671938,212.62551879882812,5411200
GS,2020-01-16,214.18634910541002,216.62295652891237,213.50999958693072,216.53623962402344,3968400
GS,2020-01-17,216.97844558922972,217.17789180724535,215.04478050153617,216.31077575683594,3108400
GS,2020-01-21,214.35970735804378,215.78177677143654,212.9636503607205,213.05035400390625,2492400
GS,2020-01-22,213.8394446843944,215.49563916734223,213.60531969537303,214.22097778320312,2030900
GS,2020-01-23,212.00980245777225,214.177591848956,210.60507916624883,212.9462890625,2806800
GS,2020-01-24,212.50411301071586,213.0590666915419,208.6281036412557,209.77268981933594,2877400
GS,2020-01-27,204.9601810109647,207.23203366571698,203.7809028579382,206.49497985839844,2506200
GS,2020-01-28,207.665585822837,211.21208657877588,206.41693684491761,210.344970703125,3123000
GS,2020-01-29,212.0271862326806,213.7440720315008,207.7349651200608,208.2118682861328,3711600
GS,2020-01-30,206.1047820617848,211.8710975511583,205.27234496932348,211.6890106201172,3261700
GS,2020-01-31,209.833375390243,210.61377438542078,205.40241273899184,206.15679931640625,3482800
GS,2020-02-03,206.6857847602211,210.18026142639349,206.4169808983834,207.24940490722656,2733000
GS,2020-02-04,210.60514550610674,211.35086582081863,209.45187959898604,209.79005432128906,3052500
GS,2020-02-05,212.43472259210208,212.5561182851352,210.70915724078876,211.83641052246094,3126600
GS,2020-02-06,212.74686123868761,213.11104827739268,209.13097680418971,209.68594360351562,2225600
GS,2020-02-07,207.8910644755644,208.55874751144611,205.1162958754033,206.3736114501953,3006500
GS,2020-02-10,205.85331284808848,206.26085838647032,204.1711190878026,205.81863403320312,2591300
GS,2020-02-11,207.2407380101613,207.71765448863044,204.83015642568918,205.03826904296875,2238800
GS,2020-02-12,206.3822716384595,209.13102773398515,206.13081382352195,206.93722534179688,2119200
GS,2020-02-13,206.24356598120764,207.2147317618373,205.13365845159046,206.6771240234375,1461300
GS,2020-02-14,206.32155637408323,207.24936349345037,204.83878238486258,205.57583618164062,1718700
GS,2020-02-18,205.11625653085238,205.5671604766194,200.47718145068748,202.2200927734375,2736500
GS,2020-02-19,203.77222105743735,206.2001480396684,202.28078076397276,205.7926025390625,2207100
GS,2020-02-20,204.99490316198714,205.41978154737723,200.5205812862452,201.8039093017578,3183700
GS,2020-02-21,200.22577526942283,200.99750804390425,198.023293038111,199.97430419921875,3081600
GS,2020-02-24,193.56627452606355,196.56650129780925,192.9679624508355,194.7021942138672,4139400
GS,2020-02-25,194.91033543072794,195.85548870499736,187.2016746405094,188.693115234375,5343100
GS,2020-02-26,189.63826990157108,190.7655233676992,186.2218306842762,187.10629272460938,4171100
GS,2020-02-27,182.51924548842746,185.11191377363787,178.07960271998965,178.35708618164062,5848200
GS,2020-02-28,173.6896201774381,176.4464630421071,169.99057800098052,175.15528869628906,6727100
GS,2020-03-02,175.7136611761311,182.8762034062414,172.41592316573,182.74534606933594,5285500
GS,2020-03-03,182.33526312804963,184.76930217088463,176.33302628293055,177.47589111328125,5677200
GS,2020-03-04,179.57848551836562,182.26553407090574,176.83909402519805,182.10850524902344,3520400
GS,2020-03-05,175.64385055131663,177.51082382681847,171.82265690876986,173.4279022216797,4151500
GS,2020-03-06,166.35258485398035,171.25558091471302,165.1312055147438,168.24574279785156,5071900
GS,2020-03-09,151.43426228830978,156.3808689298168,148.45059542416445,150.7624969482422,6443000
GS,2020-03-10,158.4485204756079,161.74625877580297,151.18127842531442,160.83023071289062,6803900
GS,2020-03-11,155.70909850562904,157.70694237965236,149.15724674389563,149.95986938476562,5314000
GS,2020-03-12,139.58682583551698,145.47564505045284,130.86264922079715,131.4558868408203,8357700
GS,2020-03-13,142.0470947807755,154.90652664236913,132.91287792258208,154.5662841796875,6368400
GS,2020-03-16,131.0633135861748,147.90969804564202,130.86266123298827,134.92813110351562,6888000
GS,2020-03-17,136.96962301741283,145.46697894471353,130.8626971503944,138.4265594482422,6876300
GS,2020-03-18,130.86267896683552,136.07101465467878,118.13410558755093,122.15595245361328,9543200
GS,2020-03-19,119.85273188185161,133.03496210110276,114.15584612652287,130.41770935058594,6548200
GS,2020-03-20,129.98152407423476,130.15600496009463,120.64664359229094,120.7513427734375,7561300
GS,2020-03-23,118.67498959910453,123.83098187599519,116.2583886201019,117.75022888183594,5472600
GS,2020-03-24,125.90736518290511,134.2651174458456,125.3053946662874,134.00340270996094,6647400
GS,2020-03-25,134.8758153694724,141.5149162540875,126.77977816008635,135.33819580078125,8587800
GS,2020-03-26,136.419935147687,146.26953725556467,134.62275703089324,144.6381072998047,6762200
GS,2020-03-27,138.78423536896003,142.84097311076167,136.9696046148346,138.13864135742188,4186700
GS,2020-03-30,138.29567372225478,139.96198160718816,133.6369525416891,139.2553253173828,4152800
GS,2020-03-31,137.95540070114538,140.54648206352587,134.10803585251543,134.86703491210938,3588200
GS,2020-04-01,127.46024012470725,130.48753081838782,126.50057526341077,126.75357055664062,4689100
GS,2020-04-02,124.77319328768402,131.25525093393625,123.59542397247262,130.8015899658203,4446900
GS,2020-04-03,130.16473357124138,131.6652932576648,126.7012338276751,128.18434143066406,2801600
GS,2020-04-06,135.63475028145868,138.65330738765758,134.1516431884913,138.04261779785156,4689400
GS,2020-04-07,144.82133881211038,147.56072986920734,141.72425330161252,144.8387908935547,4953500
GS,2020-04-08,147.045990828051,155.3775816659664,147.045990828051,154.38302612304688,5194800
GS,2020-04-09,157.5411429012383,163.42996062081195,156.83448690481487,160.7516326904297,6445800
GS,2020-04-13,160.3939646733135,161.37106802548476,156.27615295768484,156.31976318359375,4774300
GS,2020-04-14,159.08536716051324,159.98395629401898,152.27177398807132,155.49099731445312,4149600
GS,2020-04-15,148.86062853936085,158.50083296497345,147.5694408269695,155.74400329589844,6042700
GS,2020-04-16,154.60987720278968,155.6742279398448,150.39609780517745,154.4528350830078,4662200
GS,2020-04-17,160.07992553710938,161.6415473332717,155.54334293329757,160.07992553710938,5426700
GS,2020-04-20,156.77345031709118,162.54886425922783,155.30779504295376,157.38414001464844,4674800
GS,2020-04-21,153.0569787247467,156.3372648124658,151.50407612840806,151.6349334716797,3819000
GS,2020-04-22,154.8541395254064,155.447377163106,152.21071499734416,153.52806091308594,2314500
GS,2020-04-23,154.41793242845213,156.22384345171548,152.1932646378381,152.7167205810547,2013300
GS,2020-04-24,154.41795349121094,155.24674775432086,151.35577174821094,154.41795349121094,2024400
GS,2020-04-27,156.24998205919184,160.7429269308159,155.91845914406954,160.12350463867188,2743100
GS,2020-04-28,165.02652378209723,166.12576521486383,161.28384465618345,163.15081787109375,3344700
GS,2020-04-29,168.03637702734582,169.0047612258327,165.38423302459168,165.78553771972656,3086300
GS,2020-04-30,162.26966827731664,163.62191817536808,159.56516848121376,160.01882934570312,2695400
GS,2020-05-01,156.1627609567321,156.68621687693258,154.1125741333233,154.5051727294922,2650200
GS,2020-05-04,152.67309663009863,153.8159616806608,149.81156765536608,153.57168579101562,2990100
GS,2020-05-05,156.25003039527087,159.3034926384121,155.4125034655693,155.55209350585938,3272600
GS,2020-05-06,156.75601269457528,158.08209138303354,152.85631765476788,154.34814453125,2408700
GS,2020-05-07,156.31976970641702,159.98393405402504,156.31976970641702,159.05917358398438,2480100
GS,2020-05-08,161.42347786158643,162.1912098491341,159.425646791133,161.737548828125,2277500
GS,2020-05-11,159.25111470063084,161.26641068875063,158.13442115447214,159.79202270507812,2212200
GS,2020-05-12,160.4289103451205,160.78660484165664,154.19984772209563,154.60116577148438,3549200
GS,2020-05-13,153.2489113574976,154.31326212050456,148.9740562223932,149.88137817382812,3445300
GS,2020-05-14,147.4735291427956,152.48121312881585,144.26303737355803,152.1933135986328,4176700
GS,2020-05-15,151.34697543892727,151.87915061569868,148.81697015973884,149.9423828125,2867800
GS,2020-05-18,155.0373733689301,159.73970478674792,152.88250033416375,158.67535400390625,4505800
GS,2020-05-19,157.5237407052089,158.94578584244954,155.04607758612048,155.1420440673828,2210500
GS,2020-05-20,157.86395347799396,160.3765202892924,157.29688739362734,158.29144287109375,2599900
GS,2020-05-21,157.20967030811846,158.0559165605477,155.01117392877376,157.1224365234375,2153500
GS,2020-05-22,157.06133765998473,157.59351292235687,155.342673942752,156.97409057617188,2176400
GS,2020-05-26,161.94689384524176,171.95352543083405,161.58919941116736,171.04620361328125,5971200
GS,2020-05-27,177.10081186130296,183.82715889815998,174.49227786963246,182.91111755371094,8182100
GS,2020-05-28,183.9405676606568,184.35060509586327,175.5391932119001,175.54791259765625,4886100
GS,2020-05-29,173.14255136451018,176.38189857886059,170.8776418211818,172.49293518066406,3822600
GS,2020-06-01,173.2127534928117,177.12806469378594,171.29021354184286,175.5127716064453,2230800
GS,2020-06-02,178.8838101211661,181.28039463859938,176.73302845704646,179.2086181640625,4128700
GS,2020-06-03,183.02738915564493,186.04725512607365,181.21896305531033,184.85336303710938,3471900
GS,2020-06-04,183.29071411747722,188.73352604097045,182.5620928404508,188.58428955078125,3522300
GS,2020-06-05,194.8873952192348,195.74770519520808,191.0774376446739,191.30567932128906,4737600
GS,2020-06-08,193.14924575074212,195.11566887526303,191.58663591989836,193.84275817871094,3260300
GS,2020-06-09,189.39190783880048,193.1491949145369,188.88274101514,191.46368408203125,2478400
GS,2020-06-10,190.84041130856033,192.99998026027995,186.81098589116672,187.44305419921875,3091200
GS,2020-06-11,179.7002182287209,181.63153204208456,170.32456095890524,170.42112731933594,4923400
GS,2020-06-12,176.1184918932269,178.15515922982,172.24709060839626,177.13682556152344,3380800
GS,2020-06-15,171.82570848147836,181.71054574566608,171.31654163062808,181.11358642578125,3467400
GS,2020-06-16,188.7246894929901,188.7246894929901,178.84864149321726,183.9929656982422,3099100
GS,2020-06-17,184.3529264105888,185.04643866841403,180.3498364374845,181.00823974609375,1798300
GS,2020-06-18,179.07692490408124,181.94755366661693,177.9181286586452,178.9452362060547,2051700
GS,2020-06-19,181.763201644785,182.0880096433443,176.42574411022798,177.00514221191406,4962400
GS,2020-06-22,176.44334788933443,179.5949024714324,175.5742505269353,178.57656860351562,1806900
GS,2020-06-23,181.28044772229154,182.16709303171658,178.76973493231304,179.7705078125,2451800
GS,2020-06-24,177.62847179781326,177.8655007943742,173.2742377450238,173.83607482910156,2756700
GS,2020-06-25,173.69556512793466,182.06167509726768,173.47609736715415,181.80709838867188,3466500
GS,2020-06-26,174.6963718779529,175.78493700742274,165.48749800541242,166.08445739746094,9530700
GS,2020-06-29,168.0069128449499,170.2191375486197,165.61910327046144,169.84165954589844,3736000
GS,2020-06-30,170.16654189624282,174.17841951435435,169.97340917003936,173.48489379882812,3102800
GS,2020-07-01,174.5910493045796,175.3460191621695,171.64140118600193,173.4410400390625,2620100
GS,2020-07-02,177.76889597014906,178.20783151575435,173.054732496828,173.291748046875,2699400
GS,2020-07-06,176.7505815766099,182.41284805373817,176.5662361286797,182.03536987304688,3567700
GS,2020-07-07,180.40250264499198,180.58686146131262,174.86313840531264,175.0123748779297,2853500
GS,2020-07-08,175.1704318964018,178.4273402870659,174.71394846866272,177.54946899414062,2789700
GS,2020-07-09,177.42650914768805,177.76887830342545,171.18484577366897,172.79135131835938,3160100
GS,2020-07-10,172.8264973888984,181.12239087460387,172.7913884351074,180.4552001953125,4414800
GS,2020-07-13,183.47507597252132,186.96899950592103,181.7193336187173,183.36973571777344,4449600
GS,2020-07-14,185.6082752199692,188.12777431755129,181.72808667041278,187.87318420410156,5202000
GS,2020-07-15,196.96794638985207,197.73170340203396,188.47016005517926,190.41024780273438,12516700
GS,2020-07-16,187.4342572325408,193.5354722074692,187.42548334366722,188.4525909423828,5769600
GS,2020-07-17,188.65449026462485,188.89151920756157,185.45026617171055,185.59072875976562,3614300
GS,2020-07-20,184.99377214110717,187.1357797566384,184.57239776608048,185.85409545898438,2268700
GS,2020-07-21,186.32814256596808,187.6976193504214,184.69530177021602,186.12623596191406,3393500
GS,2020-07-22,184.79189704228375,185.23083266471198,180.27086548937388,180.8414764404297,4978400
GS,2020-07-23,180.05140724334547,180.8590472240888,177.3738971252408,178.22543334960938,4088600
GS,2020-07-24,178.2078574697176,179.90214249278765,176.73304025141317,176.86471557617188,3191500
GS,2020-07-27,175.66205078587973,179.24375386734926,175.2143278542564,178.22543334960938,2601200
GS,2020-07-28,177.2509738114561,178.73457825427656,176.531113011525,176.9963836669922,2139600
GS,2020-07-29,177.0666413206291,178.98918164115912,175.24066738043055,177.83917236328125,2635000
GS,2020-07-30,175.13530128862703,175.56546299127552,172.32611617758403,175.16163635253906,3057900
GS,2020-07-31,175.43380576215668,175.43380576215668,172.51049258600392,173.78341674804688,2399700
GS,2020-08-03,174.24866332532528,175.468903785632,172.52802983976784,175.0387420654297,2294600
GS,2020-08-04,175.00361231291146,177.08416257111614,174.2398553333077,177.01393127441406,1944700
GS,2020-08-05,178.35705927843483,179.79676726185912,178.21659669584488,179.5421905517578,2232400
GS,2020-08-06,179.96360974912983,181.09605778973764,178.93650197408948,179.30520629882812,1882400
GS,2020-08-07,178.62924801333585,183.29952974964522,177.72504164777834,182.83425903320312,3075000
GS,2020-08-10,183.9929696662109,184.91473684511791,182.63226701118134,183.80862426757812,2432800
GS,2020-08-11,186.74070093139449,190.45409112773004,184.81816149644328,185.28343200683594,4042700
GS,2020-08-12,188.4789152539435,189.5762540868091,183.71208179369512,186.22279357910156,2439400
GS,2020-08-13,184.7128633280309,186.28424671981344,182.32505283904564,182.93955993652344,2219900
GS,2020-08-14,182.12315235788748,183.89644241376612,181.37695653177232,182.57086181640625,2287600
GS,2020-08-17,181.71934514121762,182.46554104699973,177.79525966002623,178.26931762695312,3922600
GS,2020-08-18,178.6028715118499,178.71699904062436,176.539882476753,176.72422790527344,3067900
GS,2020-08-19,177.6811440401117,180.9292785348386,177.12809423524294,178.22543334960938,2458500
GS,2020-08-20,176.241383102305,178.45362184784406,175.87267887725665,177.19827270507812,1764200
GS,2020-08-21,175.67083446940444,178.5151424346913,175.41625767459112,177.70748901367188,1780900
GS,2020-08-24,178.30441567099246,182.09681219807172,176.73303215477063,182.01780700683594,3097400
GS,2020-08-25,184.34418752969773,184.78312315212597,180.11284169976858,180.8414764404297,2627600
GS,2020-08-26,180.74485977138346,181.96509992636473,179.989890175084,181.9124298095703,2563200
GS,2020-08-27,181.43840514009426,186.986557307773,181.20138957118618,184.484619140625,3692400
GS,2020-08-28,186.01208466275378,186.108651008049,181.79830120616336,182.34259033203125,3697400
GS,2020-08-31,181.49476611680308,182.29846880205844,179.84321221688333,180.9383544921875,3046200
GS,2020-09-01,179.81671527162752,182.56342488597718,179.29562517287198,181.45944213867188,2457000
GS,2020-09-02,181.75086871782216,186.290444910814,181.37993215843576,185.50440979003906,3565200
GS,2020-09-03,187.01463846902797,190.08812202444463,181.78617888318325,183.3140869140625,3533500
GS,2020-09-04,186.25513914172515,188.4277831462156,181.33579896358756,186.29930114746094,3668900
GS,2020-09-08,185.03629595691822,185.43374044218234,177.75885186515112,178.82749938964844,4574700
GS,2020-09-09,180.3377627384072,180.90300127459003,178.43007762515907,178.59788513183594,4681400
GS,2020-09-10,179.93147960204874,181.36225008274891,176.23976859899696,176.64602661132812,2510300
GS,2020-09-11,176.84920792453937,178.3241272479085,175.7098901901863,177.44976806640625,2376400
GS,2020-09-14,179.55177554620576,179.55177554620576,177.2289912898575,177.8207244873047,2756900
GS,2020-09-15,178.40362518002289,178.92470184102598,174.85321262830897,174.87088012695312,3717600
GS,2020-09-16,175.3036265892245,179.99334296506223,174.93269001741064,177.23779296875,3571400
GS,2020-09-17,175.0563406264267,176.54008695678232,171.78854094277588,172.0711669921875,4274800
GS,2020-09-18,172.2301287839008,173.6785535520722,169.90735833928136,172.09765625,9066300
GS,2020-09-21,167.71703582958406,171.48824426862797,165.57090006460984,171.33810424804688,4871300
GS,2020-09-22,171.3381171599827,173.22813502671403,166.41876371926645,169.2361297607422,3355800
GS,2020-09-23,169.57170844004867,170.38423792582876,164.15777406127597,164.37857055664062,3116100
GS,2020-09-24,166.9045154949975,174.3939437787505,165.19997268759587,172.31845092773438,5114600
GS,2020-09-25,170.41959234478668,172.56572805580757,167.46091357898288,172.1771240234375,3106000
GS,2020-09-28,174.67656967953164,178.28879808844073,174.12015804797002,175.81588745117188,3280100
GS,2020-09-29,175.0121745331762,175.55091863547358,172.6010665881469,173.8022003173828,2400000
GS,2020-09-30,175.47143819555785,179.3574657927572,175.1888256024331,177.4939422607422,3075800
GS,2020-10-01,177.98850411852584,179.40160735213988,174.7560395681708,175.3566131591797,2288700
GS,2020-10-02,172.521592677816,177.2554713477653,172.477430671623,176.54891967773438,2541200
GS,2020-10-05,178.3417795272159,179.14548218835273,176.275127092594,178.2269744873047,2551600
GS,2020-10-06,180.39077075438925,182.0158300326137,176.54890561950808,177.5998992919922,2833100
GS,2020-10-07,180.08167177965808,181.05318204948912,177.67057707989,179.8167266845703,2326600
GS,2020-10-08,181.18562502717188,183.8440238424204,180.26711740261345,183.68504333496094,2330600
GS,2020-10-09,184.37396663264806,185.30131494038446,181.99820681227754,183.29647827148438,3040900
GS,2020-10-12,183.18164694344443,189.78787572849726,183.18164694344443,189.10781860351562,3474200
GS,2020-10-13,189.01064089474212,189.09896488990145,184.7448506744575,186.1844482421875,3317300
GS,2020-10-14,188.8958560209537,189.39926511327855,185.70755351505954,186.55540466308594,7550100
GS,2020-10-15,185.09815414799243,186.11381282563815,182.73120826834298,184.23263549804688,4325700
GS,2020-10-16,183.98531870108144,185.4690647504373,181.7685131594389,182.12179565429688,3244500
GS,2020-10-19,183.16396556134583,183.6232261087835,180.6910417749859,181.6625518798828,3235300
GS,2020-10-20,182.55457830819367,186.6878965838994,182.35144926284545,183.72921752929688,3335500
GS,2020-10-21,183.1639605127203,183.65854256108983,178.4124150919487,179.20729064941406,3083600
GS,2020-10-22,179.4633960448326,182.26309410289767,178.58021002741083,181.40640258789062,2136900
GS,2020-10-23,182.60756700283372,183.8881977258222,180.18764553057716,181.08848571777344,2110200
GS,2020-10-26,178.83636489746144,179.11897745227915,175.32127438564402,177.64405822753906,3249700
GS,2020-10-27,176.63723974359493,177.15831636651407,172.58341832580388,172.82186889648438,3430400
GS,2020-10-28,168.96238073075062,170.78174247996046,166.86923336558164,167.60227966308594,4214600
GS,2020-10-29,167.6287653435808,169.88089314292526,165.0675169433318,167.75241088867188,3581200
GS,2020-10-30,167.37261813880485,168.15865334700084,163.8487136945381,166.95751953125,3658800
GS,2020-11-02,169.57177852420872,170.19000627147406,166.24216222459899,167.98204040527344,2459600
GS,2020-11-03,171.28510207650294,175.75402126501558,170.64920705210952,174.8090057373047,4545500
GS,2020-11-04,173.32528520294568,177.36145245313557,172.1329784874422,174.75604248046875,3868500
GS,2020-11-05,176.32812241113578,180.27596586977737,175.80704577867849,179.25148010253906,2892800
GS,2020-11-06,180.47024533625424,180.51440733674372,177.0081574242166,177.75003051757812,2475100
GS,2020-11-09,189.43462104532728,192.53459988930578,184.91269834272293,189.82321166992188,6960500
GS,2020-11-10,190.10582342380926,192.87020045315938,186.51124923699606,192.06649780273438,4166500
GS,2020-11-11,193.09978132569532,194.2302582972896,189.91147941209078,192.57870483398438,2680700
GS,2020-11-12,190.0793233420199,191.52774808180993,187.58873194267613,189.45225524902344,3005500
GS,2020-11-13,190.63576122609814,195.14884359197504,190.24715711219048,193.4884490966797,2832100
GS,2020-11-16,197.41861285463844,198.36362856995697,194.32746111319608,196.4029541015625,3004700
GS,2020-11-17,194.31864785146746,198.58443917364377,192.82606089163326,198.4077911376953,2722900
GS,2020-11-18,198.7168603494283,201.11912747264935,197.40090828940623,198.0986328125,2856200
GS,2020-11-19,198.09867888308062,198.66391754491906,196.16449883631,198.33714294433594,1505200
GS,2020-11-20,196.95047728889685,198.54904178690933,196.62370278250833,197.2595977783203,1848100
GS,2020-11-23,199.65304283403947,203.132798141019,199.361589810849,202.09947204589844,3371300
GS,2020-11-24,204.1043129627544,210.30426967759666,203.68921441792656,209.75669860839844,3915200
GS,2020-11-25,207.54874326573832,209.71254661728113,205.27894841329007,208.90884399414062,2272800
GS,2020-11-27,209.31512660711547,209.58008515885052,206.48009301334838,207.9020233154297,1050400
GS,2020-11-30,204.9433193218903,207.5487153943366,203.4507327868811,203.64503479003906,2705400
GS,2020-12-01,205.98051097338944,208.56458098931225,205.43883036562292,206.08706665039062,2577600
GS,2020-12-02,206.08709467409435,211.45949876694598,205.64309455980592,211.0332489013672,2136300
GS,2020-12-03,210.7135347044072,212.0988262221095,208.36033989353288,209.09738159179688,2142600
GS,2020-12-04,211.07761061240484,212.89801343726225,210.41161057036962,212.74705505371094,2373000
GS,2020-12-07,211.82352331893114,212.98681475173558,209.07960645066217,211.7436065673828,1788600
GS,2020-12-08,210.46486325083984,212.4007101875472,210.08302977628333,212.08990478515625,1371800
GS,2020-12-09,213.12003957406603,217.8797209998791,212.70267841258223,215.62420654296875,3552300
GS,2020-12-10,213.12004159580965,217.71987598967837,212.68491663295424,217.02723693847656,2541700
GS,2020-12-11,213.83928273152722,214.1856021974699,210.54481024393473,213.1111297607422,2077300
GS,2020-12-14,216.03265702486638,216.2280181252268,210.8023371284291,211.15753173828125,1927800
GS,2020-12-15,212.6759834784879,216.32566373695846,210.624705805808,215.27781677246094,2348000
GS,2020-12-16,216.28130271292173,216.58321949570097,214.11458029569434,216.46778869628906,2400900
GS,2020-12-17,217.56003009932476,218.38586370967218,215.78402985361598,217.05386352539062,2983600
GS,2020-12-18,217.90636560327204,217.90636560327204,213.61732306902002,215.01148986816406,4088100
GS,2020-12-21,222.2575661129698,231.63485969190293,220.89892687862542,228.19830322265625,7408500
GS,2020-12-22,228.0917073628672,228.83765134255043,221.82244197102332,222.0799560546875,3599800
GS,2020-12-23,223.3320493222111,231.39507917907886,223.15445199295021,227.7276611328125,3376100
GS,2020-12-24,228.25158307571087,228.7666112770858,225.3300547775985,227.4701385498047,968100
GS,2020-12-28,228.93527601353202,233.2331927274393,228.2159981872142,230.5159149169922,2793400
GS,2020-12-29,231.1109306608547,231.6437090779641,227.77204138235953,229.11293029785156,1430900
GS,2020-12-30,229.82331424101844,231.4572312479131,228.95306434729264,230.3916473388672,1566500
GS,2020-12-31,229.8144307298857,234.36987588982987,229.10404144123146,234.1745147705078,2043100
GS,2021-01-04,237.09603812739533,237.61106628638885,231.0221204026022,235.32003784179688,3572000
GS,2021-01-05,234.32547132484544,242.8680279728141,233.1621933588313,240.5858612060547,4207100
GS,2021-01-06,245.34548400465627,256.0813988455725,242.51276233989293,253.56834411621094,6383500
GS,2021-01-07,255.53978469179205,262.7503684274757,254.57186781326664,258.9852294921875,4009700
GS,2021-01-08,259.29606733730014,259.5447063178855,253.13334356891693,257.5910949707031,2800800
GS,2021-01-11,254.67841156030585,261.96002304060113,252.36963303692553,260.9210510253906,2649700
GS,2021-01-12,263.86031812503245,269.9342345304861,262.865735417459,268.3624572753906,4814400
GS,2021-01-13,266.47101767723564,269.7033505589075,265.60079505494576,269.0107116699219,2413800
GS,2021-01-14,269.9963230956429,274.75601602280614,269.54346163418643,273.38848876953125,3192200
GS,2021-01-15,267.45676955957146,270.71571496125415,263.6294910493713,267.29693603515625,3863700
GS,2021-01-19,270.8400870674144,272.2608929440851,260.8944730303375,261.24969482421875,6727800
GS,2021-01-20,262.6882147395456,264.1356593412674,255.28229663160062,257.9374084472656,4792600
GS,2021-01-21,257.919626523161,259.9531271350933,256.21465449565864,256.9605712890625,2516000
GS,2021-01-22,254.5807821499407,258.04397754598494,253.5240597329968,256.9783935546875,2568800
GS,2021-01-25,253.5506653920192,254.2788319719613,246.42002573141534,251.3395538330078,4575000
GS,2021-01-26,252.12987175234076,253.76378874830564,248.7110658136756,250.2029266357422,3296800
GS,2021-01-27,245.08798225016378,246.3045378261205,240.93214905504502,242.71701049804688,3891800
GS,2021-01-28,243.853720623052,248.48908272649376,240.94108106645817,244.21780395507812,3778700
GS,2021-01-29,243.55180543335425,246.33125039911826,240.3106101188163,240.7990264892578,3412000
GS,2021-02-01,242.12212977376421,245.79843638833995,241.5360464091999,243.96029663085938,2324100
GS,2021-02-02,247.1481959832174,255.9660305310837,246.86402944541635,254.8293914794922,5195500
GS,2021-02-03,254.50969948708018,257.3513106897307,253.2398658288586,256.232421875,2712800
GS,2021-02-04,257.5200361535904,262.69706495657243,257.09378633788924,260.85003662109375,2994700
GS,2021-02-05,261.96005202233283,263.94916374547313,259.46477369476725,260.6280517578125,2938100
GS,2021-02-08,261.960038392263,267.1903721666212,261.5160383271914,266.5332336425781,2826200
GS,2021-02-09,266.04477425936653,268.57557938286726,264.3575798769014,266.8084411621094,2071700
GS,2021-02-10,266.40001396097966,270.99984769813267,264.40201385627233,270.2006530761719,3213700
GS,2021-02-11,269.9342578567381,270.8488968002025,265.6629798965234,268.4601745605469,2159900
GS,2021-02-12,268.16718136878427,272.34968197290027,267.9718202337749,272.0122375488281,1977300
GS,2021-02-16,275.280035177976,277.8730074331595,274.5873961734482,277.0205078125,2792200
GS,2021-02-17,275.30672265668943,279.70233483355656,274.17897206951835,277.71319580078125,2333100
GS,2021-02-18,274.58738958576043,279.2760289884501,273.13105642678266,275.19122314453125,2093300
GS,2021-02-19,275.4842927107268,281.3006827778032,275.4842927107268,280.2705993652344,2749500
GS,2021-02-22,277.9440286979077,284.65730722308945,277.24250103758385,281.3805847167969,3162300
GS,2021-02-23,282.3662429462621,284.15999314714435,275.7950214250474,283.4584655761719,2942500
GS,2021-02-24,284.3109761792028,293.9013654829015,284.24880967436604,293.60833740234375,3934400
GS,2021-02-25,295.99704297354594,298.1992928402434,289.74554217063,291.0509033203125,4244000
GS,2021-02-26,289.2838047636011,291.8678885025599,283.3075809810506,283.69830322265625,3732200
GS,2021-03-01,289.7336177767845,295.11821324485504,288.22700078786073,294.1197509765625,2957800
GS,2021-03-02,294.1911126660582,299.7094269255822,293.75429214409974,295.02911376953125,2850300
GS,2021-03-03,297.4717951839387,303.1951617668095,297.08846176273215,298.1404113769531,3606300
GS,2021-03-04,296.9814471646013,302.89201786056327,288.7708490479144,293.5581359863281,3647600
GS,2021-03-05,299.16557602664193,299.16557602664193,282.1203272581246,291.8464660644531,3740200
GS,2021-03-08,295.40349546079153,300.95747633801756,293.3887507750879,297.9264221191406,2998000
GS,2021-03-09,292.96086908174516,299.88775030771984,290.2418407578655,294.71710205078125,3324800
GS,2021-03-10,296.03650761521936,305.2455692019825,295.55509634592346,304.90679931640625,3153100
GS,2021-03-11,301.9113368882193,307.56336768471317,299.95005235679315,304.9780578613281,2756600
GS,2021-03-12,307.7594917305156,312.02080332772056,306.3509526461575,310.9599304199219,2436700
GS,2021-03-15,311.5215776296447,314.1782217383004,304.8889045472207,308.4994201660156,2276200
GS,2021-03-16,307.8130516047055,309.25725816856425,301.10014639435576,304.63043212890625,2332600
GS,2021-03-17,307.2246840156352,309.37317401638603,303.46260241867145,307.5188903808594,2710900
GS,2021-03-18,312.6895077584804,318.12759159549256,309.33750318889986,310.2379150390625,3713000
GS,2021-03-19,308.82932442791923,309.56032400480774,303.66760063007314,306.8502197265625,3513000
GS,2021-03-22,304.05098198464583,305.67349713772495,299.54005359215375,302.5086975097656,2094500
GS,2021-03-23,300.98425460299717,304.79092679167314,295.37678596748975,295.76904296875,2457500
GS,2021-03-24,297.24002625584717,300.3780551224644,292.80040494723784,292.98760986328125,3332200
GS,2021-03-25,291.8286809561152,295.43030106527493,286.9879063398669,294.6814270019531,2804700
GS,2021-03-26,298.21174131178805,299.0497424379292,287.67434373452846,291.8643493652344,3082600
GS,2021-03-29,285.5881595517425,292.19408827911593,283.2435419778885,290.3843688964844,4533200
GS,2021-03-30,293.66512698128116,299.3171588228438,293.1658957729833,295.9830017089844,2717300
GS,2021-03-31,294.3961794872224,296.5535658527029,290.12594308101484,291.51666259765625,2624500
GS,2021-04-01,289.10962458323934,293.8880156841256,288.98483037712236,292.08721923828125,2659000
GS,2021-04-05,296.73181991652643,296.73181991652643,287.99522020139983,288.43206787109375,3235000
GS,2021-04-06,289.2789679063956,292.88951107301466,288.84214743873855,291.5700988769531,1801700
GS,2021-04-07,292.14074239781945,293.4779749192509,288.26276264445517,291.1155090332031,2157300
GS,2021-04-08,289.1006982250953,295.51939654691074,287.9239273439751,295.2073974609375,2402800
GS,2021-04-09,297.75699590645075,298.5593296757661,293.1123509832102,294.91314697265625,2347100
GS,2021-04-12,296.57137128949415,298.1849626452398,294.1375988748771,295.8314208984375,2318800
GS,2021-04-13,293.75430250543627,294.2356865729596,289.00265488877426,292.12286376953125,3575900
GS,2021-04-14,292.8984352464299,307.0909392650995,290.75886902211397,298.9605712890625,9876800
GS,2021-04-15,302.1253197416008,304.30947652752934,298.2384445803936,301.81329345703125,4354800
GS,2021-04-16,303.36454774647206,306.4401659211867,301.87575038094997,305.16534423828125,4231900
GS,2021-04-19,303.10596170399253,307.055247557917,300.0749075281643,305.86065673828125,3228200
GS,2021-04-20,303.0792319226188,303.52497600420594,293.61163198267695,295.8670959472656,3662300
GS,2021-04-21,294.1910884518266,299.0675297031947,292.015855197092,298.88922119140625,2733300
GS,2021-04-22,298.3098147175041,300.4048176926826,294.4496822958014,294.94891357421875,2165200
GS,2021-04-23,295.3054302762607,303.7032600679143,294.832942676061,302.5264892578125,2163800
GS,2021-04-26,304.8355095379005,308.3657955657288,303.8994577112849,306.2440490722656,2171500
GS,2021-04-27,306.6719526354657,309.83672498518024,306.36884990049526,309.0165710449219,2088600
GS,2021-04-28,310.23788685903963,312.1278374490044,308.53514116931024,310.3359375,2140900
GS,2021-04-29,312.51119607710797,315.4352764574927,309.77434781814054,314.6686096191406,2584400
GS,2021-04-30,313.0192960680323,314.53483671439847,309.5246779653911,310.6390380859375,2101100
GS,2021-05-03,312.32397453106796,315.640311742506,311.36117924016185,312.16351318359375,1871700
GS,2021-05-04,311.04017289087193,313.6076628087489,305.3970655469992,311.878173828125,2831400
GS,2021-05-05,313.8038361932576,320.16907479313187,310.7281911208713,318.8139953613281,2786800
GS,2021-05-06,320.7306668993604,326.5520831577807,317.81551057966885,326.2579040527344,3048700
GS,2021-05-07,322.98616586230816,331.3215860221603,321.764831374151,330.6440734863281,3378100
GS,2021-05-10,332.9708382384566,336.07322692706896,328.5133972981828,328.6738586425781,3396300
GS,2021-05-11,323.6101817903707,328.6292641694551,319.70545954141846,320.8644104003906,3734300
GS,2021-05-12,323.6726040007834,328.1835317915362,314.93600394613475,315.9433898925781,3309800
GS,2021-05-13,314.91823577336174,321.7292193101447,314.91823577336174,319.8749084472656,2673900
GS,2021-05-14,322.71872411577266,329.413809114832,322.4512885417473,328.75408935546875,2732300
GS,2021-05-17,327.8714877414563,330.47464492769257,324.9474079026188,329.1819763183594,1826100
GS,2021-05-18,331.08080902054417,332.59632225675585,324.5016234018997,325.0008544921875,2018600
GS,2021-05-19,320.935661200559,320.935661200559,315.52432282808576,319.491455078125,3696000
GS,2021-05-20,320.0264443447152,322.67416539121456,315.00736141767584,320.7396240234375,1919600
GS,2021-05-21,322.2640633317408,327.3009934675345,321.39042230051786,326.5164794921875,2657500
GS,2021-05-24,327.46145773559465,329.60102401085504,325.8478662425731,328.3262023925781,1834300
GS,2021-05-25,329.7704214847199,333.21155306728815,324.5819533455752,324.9563903808594,2631000
GS,2021-05-26,325.39320953141896,328.7719575987714,322.63851411819553,327.53277587890625,2121200
GS,2021-05-27,331.036293304387,333.0153981486163,327.4435970337883,331.07196044921875,3897000
GS,2021-05-28,332.75360422353714,333.7107246366537,329.40818693792124,332.771484375,2169700
GS,2021-06-01,337.8522168762791,342.91505619991653,336.6088504074221,342.0921325683594,3644000
GS,2021-06-02,342.88828525227177,344.0869379190572,339.34607690121857,342.9866943359375,2809700
GS,2021-06-03,341.92215605448354,349.97264501325486,340.02582302297606,347.7095642089844,3003900
GS,2021-06-04,348.5683915364689,350.68834996768004,345.56288776005437,350.15167236328125,2514100
GS,2021-06-07,351.5381430805504,351.7707215797632,346.6631121110184,347.2087707519531,2188700
GS,2021-06-08,345.08880075059307,345.70600728716965,341.89543254794813,344.1138000488281,2452600
GS,2021-06-09,342.7361846846494,343.729065311057,338.90773067574725,342.3962707519531,2025900
GS,2021-06-10,348.53259762047907,348.53259762047907,333.06670252631346,334.48895263671875,3900800
GS,2021-06-11,336.0632630477383,338.7914738985701,335.53548465036806,338.1653137207031,2117300
GS,2021-06-14,337.6107095174325,338.7914546037948,331.5907494581244,333.5765380859375,2560500
GS,2021-06-15,334.09534996915363,335.29397525821645,328.42423003525613,332.12744140625,2302900
GS,2021-06-16,331.85017713398304,334.6141757837163,326.7157615805572,331.859130859375,3264200
GS,2021-06-17,334.11322580254995,334.11322580254995,318.93357808223794,323.3613586425781,4146300
GS,2021-06-18,318.9068069004287,320.5705894088171,311.40197370294135,312.0281066894531,6290100
GS,2021-06-21,315.65970817561737,320.2037502634473,314.0048798650441,319.8191223144531,2717300
GS,2021-06-22,319.33612782608543,321.9122891913447,315.4361254744148,319.8102111816406,1870800
GS,2021-06-23,320.93728274268494,324.2379860194054,319.9264945715021,322.9588317871094,1713100
GS,2021-06-24,324.7030974410752,331.75175307000086,324.5063065931327,329.8464660644531,2716600
GS,2021-06-25,329.90915173241143,331.99332254294,326.0806968258089,329.8644104003906,2782400
GS,2021-06-28,328.99673258674267,329.95385310114034,325.47240422179425,329.81072998046875,1833400
GS,2021-06-29,335.31177384691426,338.2010145119454,331.63539724612883,333.30810546875,2365900
GS,2021-06-30,331.76969603615265,340.0080247388477,331.76969603615265,339.4892272949219,2238400
GS,2021-07-01,340.53570845407006,341.37653952070724,334.6767248600369,335.4281005859375,2571000
GS,2021-07-02,336.6089279538631,336.8683403161095,333.12934092045657,334.6857604980469,1598900
GS,2021-07-06,333.85383974138426,334.21163384765543,326.85885167733005,330.83935546875,2162900
GS,2021-07-07,328.7283553003944,331.04510424294904,323.96961446263526,328.88043212890625,2012800
GS,2021-07-08,321.74237699706487,324.6047849787201,318.0749253011772,321.0715026855469,2940500
GS,2021-07-09,327.3866177107023,332.8877808274004,326.4474047266106,332.5389404296875,2641800
GS,2021-07-12,331.2419254828475,343.487619086728,328.5763086116335,340.35687255859375,4135900
GS,2021-07-13,340.8577942292331,344.67729521571346,332.76258902092866,336.3137512207031,6466800
GS,2021-07-14,338.79143551951086,341.49281218801264,332.2079371626569,334.9003601074219,3295700
GS,2021-07-15,332.0738050447401,338.7915013716358,331.4745059925284,333.9612121582031,2183900
GS,2021-07-16,335.374511885612,335.374511885612,325.44556727831025,326.313232421875,2583300
GS,2021-07-19,316.65268196703823,317.7171380817801,312.1801864590292,317.2967224121094,4394600
GS,2021-07-20,315.1051252119333,328.5583966331108,314.45215846999827,326.2774353027344,2937900
GS,2021-07-21,329.2113505247133,335.347599274126,329.11294146043207,334.0953063964844,2398800
GS,2021-07-22,333.0219545403051,334.26532120761675,329.57815535523946,333.3887023925781,1887100
GS,2021-07-23,335.0703784138625,338.1206232912644,332.1990442563211,334.58734130859375,1706900
GS,2021-07-26,333.80914899161485,336.9398956672162,333.7465275065961,336.2421875,1559100
GS,2021-07-27,333.20085160847844,335.5623418879905,330.2668962083805,335.2939758300781,1791800
GS,2021-07-28,336.16164838138366,337.6196860382731,333.05773593143584,334.74835205078125,1668900
GS,2021-07-29,337.2528880203511,339.47125491468137,335.26709955387656,337.718017578125,1296600
GS,2021-07-30,336.84150902365184,339.86492013736176,333.70180866742317,335.3298034667969,1474900
GS,2021-08-02,336.4836798214606,346.108469897613,336.1079782538352,338.2905578613281,2383200
GS,2021-08-03,340.13324663043755,341.081413391844,332.5478852412421,340.23162841796875,1494600
GS,2021-08-04,338.54997360933896,342.28001895705955,336.11693536489736,337.995361328125,1460500
GS,2021-08-05,340.0437252028845,343.7648436162298,339.86484181541687,343.7558898925781,1583800
GS,2021-08-06,347.85275663909755,356.7798387046956,347.6380856260714,355.9122009277344,3655800
GS,2021-08-09,354.74938168607446,361.91432794768895,352.0569307592115,357.6922912597656,3319100
GS,2021-08-10,357.9069490965569,367.30814267871756,357.3523640631787,364.92877197265625,3152300
GS,2021-08-11,365.67112832603465,370.93078606641,364.1147090225135,370.2241516113281,3000500
GS,2021-08-12,370.6625170129789,374.45518421184227,367.2455241245229,371.21710205078125,2312800
GS,2021-08-13,372.1116079497853,372.90772521403755,365.11661876806863,367.44232177734375,1980000
GS,2021-08-16,365.841141930167,365.841141930167,359.7227719680609,365.2686767578125,1590700
GS,2021-08-17,361.23448151357354,365.2686808352861,357.9785192707241,362.2452697753906,2077400
GS,2021-08-18,360.125216499972,363.26488867446346,356.5382676347964,356.7261047363281,2187800
GS,2021-08-19,352.96930649951395,355.76909270260035,349.66860304645064,352.0479736328125,2241500
GS,2021-08-20,350.1874061589509,354.6241408710084,349.74911038256016,354.1053161621094,1612100
GS,2021-08-23,359.490169827817,361.467004719321,356.905054948363,359.0965881347656,1857600
GS,2021-08-24,361.0108814367295,366.44049741910635,360.21479144822234,365.45654296875,1958400
GS,2021-08-25,366.6551732505585,372.7198760172764,365.7964617635571,369.53546142578125,1845300
GS,2021-08-26,372.00421138460445,376.3425365614959,367.78217543378537,368.9002990722656,2076500
GS,2021-08-27,369.231301032613,375.55541559812303,368.9808424012038,375.41229248046875,2174500
GS,2021-08-30,375.64488767014785,376.36942971816916,369.1776496992766,369.9648132324219,2089400
GS,2021-08-31,370.42317405335376,372.89499896625347,367.4120638311988,371.68157958984375,1958100
GS,2021-09-01,371.3669835321178,374.0185611092715,368.8052685540719,371.81640625,1680400
GS,2021-09-02,373.1197242120728,375.33987358644094,370.8996022682911,372.5714416503906,1830400
GS,2021-09-03,372.1219671807118,373.12866956293544,369.06589854022343,369.7040710449219,1373600
GS,2021-09-07,369.4254783395261,372.7781817284213,368.2030616995365,368.81427001953125,1557000
GS,2021-09-08,367.825507753823,369.40748440149804,363.7627365084388,364.0323791503906,1646200
GS,2021-09-09,363.73582746201646,367.5199594083148,362.6931633705451,363.6549072265625,2424600
GS,2021-09-10,366.7290014478982,368.3379427377571,362.3785920753342,362.6662292480469,1956000
GS,2021-09-13,366.1987023596941,367.96043211849735,362.953855363071,367.861572265625,1802800
GS,2021-09-14,368.79624363367634,374.82751580486564,362.0369363392094,362.8548889160156,3263200
GS,2021-09-15,357.74044350744333,362.7829526726148,356.13150267643215,361.2908935546875,3199800
GS,2021-09-16,363.6009302184317,364.91326424843,354.945072084656,356.5539855957031,2882900
GS,2021-09-17,356.23046405000173,358.7831820421556,349.4980924338758,351.862060546875,3843700
GS,2021-09-20,339.60185322083146,342.3343241112643,334.81998801668755,339.8804931640625,3834500
GS,2021-09-21,342.32530716022393,342.909551237158,336.2401056940962,337.82208251953125,2377300
GS,2021-09-22,342.28037601918646,349.9115934260765,341.30063765691636,346.4779968261719,2991300
GS,2021-09-23,350.9002811662587,353.91139141728337,348.913813012643,352.2215576171875,2518000
GS,2021-09-24,350.972216047159,352.78787414714867,349.29137929087847,351.31378173828125,1789700
GS,2021-09-27,356.4641809546616,360.437090631582,355.2058025832132,359.3674621582031,2788500
GS,2021-09-28,359.94264879259396,363.3222888192934,349.1025755416329,350.10028076171875,2609000
GS,2021-09-29,351.1609918216789,352.69803754506506,345.42635251463133,345.9566955566406,1955000
GS,2021-09-30,348.75207977339994,348.7700468097162,338.5232128385744,339.79058837890625,2665700
GS,2021-10-01,341.0579584997,344.00617081350646,337.8311062591763,341.5613098144531,2382300
GS,2021-10-04,341.7500100941006,347.73632389411955,335.1075566918343,336.3030090332031,2895600
GS,2021-10-05,339.8535083355378,348.9498209232004,337.51650441670773,346.7835998535156,2508100
GS,2021-10-06,343.7005883461717,350.145296001343,340.3568815835862,348.7970275878906,2111800
GS,2021-10-07,353.1653276309818,357.60562582765846,350.3339702816683,351.1069641113281,2348000
GS,2021-10-08,351.29583724155714,354.4238300134882,348.9139017285861,353.0755615234375,1446700
GS,2021-10-11,353.1563691025086,356.7967096053599,346.07346262209444,346.2712097167969,1787400
GS,2021-10-12,347.1521461932952,349.2824058608393,342.4781381352023,347.4307861328125,2088200
GS,2021-10-13,348.75202214209054,349.09358778978316,340.3298449653363,347.23297119140625,2391600
GS,2021-10-14,352.3473917534829,353.83947838778255,343.53871793187955,351.6283264160156,3380900
GS,2021-10-15,361.6145337755913,366.0727998103492,356.24842500085265,364.99420166015625,6451400
GS,2021-10-18,366.73791801644916,373.86575540816483,366.3693881132061,371.8433532714844,3832300
GS,2021-10-19,373.1826122596205,373.7848507239537,368.24795998088274,370.4681091308594,2568300
GS,2021-10-20,369.4254619646948,372.41860509801705,365.1110149869761,366.63006591796875,2453400
GS,2021-10-21,365.650317013678,370.91756559911045,363.6908405217746,366.36041259765625,2162100
GS,2021-10-22,368.5176214585089,373.34441692904824,367.71766330623154,372.4096374511719,2411000
GS,2021-10-25,374.10847985207573,377.0566920104373,371.4658718736592,372.7961730957031,1824700
GS,2021-10-26,374.25226175017843,377.34429217797157,371.90628837934946,375.3668212890625,1843300
GS,2021-10-27,374.4139899091605,375.7712550579244,369.0209182364,369.4164123535156,2067200
GS,2021-10-28,370.32431911489755,372.9489598538104,367.6817113423007,372.85906982421875,1444700
GS,2021-10-29,372.1399918658971,373.8837542733226,369.58727402104233,371.53778076171875,2061700
GS,2021-11-01,374.88148811394495,376.3735748912192,371.44789182276867,374.5489196777344,1820800
GS,2021-11-02,373.1107792242534,383.0520084380063,371.0344482764815,380.9756774902344,3000800
GS,2021-11-03,380.3194458185626,381.1104341273429,370.82764097436603,375.6274719238281,3542400
GS,2021-11-04,372.70623011119744,373.91067962478576,362.2616512186709,366.7918395996094,3802300
GS,2021-11-05,369.7850271361611,372.526522324455,365.0211570366943,365.9020080566406,2105600
GS,2021-11-08,368.42777279721787,371.8074130192658,366.69298024027734,367.0345458984375,1728400
GS,2021-11-09,365.0301498574869,366.35145390131487,359.5921453011804,364.3470458984375,2246900
GS,2021-11-10,361.6324786029228,364.5267620553399,357.0663557766094,358.7471923828125,2243900
GS,2021-11-11,359.6640662870205,362.9178827415701,358.1989436730397,361.6415100097656,1252400
GS,2021-11-12,362.2347702469029,364.1223514588733,358.81916800093,363.9515686035156,1360100
GS,2021-11-15,364.9312003922558,366.1356498309446,363.0526169626946,363.861572265625,1436500
GS,2021-11-16,363.0526420730626,364.787407079552,358.6393079492352,362.3155822753906,1311000
GS,2021-11-17,361.20105691043995,361.92012231282126,351.87103656090284,351.94293212890625,2927000
GS,2021-11-18,352.6170475876437,354.0732002109489,346.6666952911782,351.7811279296875,1847400
GS,2021-11-19,343.7005412080327,350.76545355889465,342.4960915488751,348.2037658691406,2610400
GS,2021-11-22,353.390133169324,361.77635040029793,350.7115634534441,356.086669921875,3058700
GS,2021-11-23,359.7628815739362,365.79412669877166,357.30005388573335,365.2368469238281,2402300
GS,2021-11-24,364.03237856994656,366.26152498533577,358.01010355717307,358.8100891113281,2186300
GS,2021-11-26,345.58816024917985,352.0867962703947,344.0061832424622,350.0014953613281,2687900
GS,2021-11-29,354.14507605038096,356.27533519001395,343.76342299118835,347.439697265625,2883400
GS,2021-11-30,344.73421662858846,347.70039583311956,339.09846516774417,342.4511413574219,4570400
GS,2021-12-01,346.81544364206025,352.544193057557,339.9391188559224,340.18310546875,2476000
GS,2021-12-02,341.55663332076267,351.57743176708414,339.77656193298185,350.1768798828125,3343700
GS,2021-12-03,352.2912210924349,352.2912210924349,342.48727667056903,345.83056640625,2807500
GS,2021-12-06,351.1979434983101,355.65263058344595,346.51733159121324,351.7671813964844,1990200
GS,2021-12-07,355.6344481562421,363.01678037822853,355.16459193327955,361.5348815917969,2441000
GS,2021-12-08,362.5470132411071,362.9807182995388,357.04415970947844,359.01397705078125,1635200
GS,2021-12-09,357.55007025805315,361.6071748176527,355.11036966533106,358.2638854980469,2111500
GS,2021-12-10,359.628330139234,360.40540324457726,351.1888143440024,353.357421875,1893800
GS,2021-12-13,353.4749229138029,353.4749229138029,345.76731115954186,347.5564270019531,2313300
GS,2021-12-14,346.58051861934274,354.65860471362436,346.30945300893404,351.3334045410156,2788500
GS,2021-12-15,351.9478541229881,353.6646674085194,343.9059189405096,352.3183288574219,2802300
GS,2021-12-16,357.03514295189376,361.29103962307863,354.0261759966831,359.0591735839844,3578200
GS,2021-12-17,351.68573816914346,355.7157634874561,343.9329595216384,344.9901428222656,7058600
GS,2021-12-20,339.31568967366155,339.41509879063176,331.3008606402039,335.78265380859375,3735600
GS,2021-12-21,340.13791945928114,345.25223528750996,338.6289416316766,343.65289306640625,2942800
GS,2021-12-22,343.7432857571363,346.9871664508029,342.7041365093645,345.4691162109375,1487900
GS,2021-12-23,346.78836065564263,350.2400489878636,346.589570012397,347.9178466796875,1624000
GS,2021-12-27,349.6798771714559,351.5954813237319,347.8817439941425,350.628662109375,1430400
GS,2021-12-28,351.4327338937633,353.6013411810726,349.0020781717389,350.239990234375,1528200
GS,2021-12-29,350.5653149994476,351.91165336121855,347.3575860900716,348.9659729003906,1327800
GS,2021-12-30,350.3665141684858,352.20079810418804,348.06237404161374,348.35150146484375,1160100
GS,2021-12-31,347.88168074120983,349.68885830350183,344.1227481026015,345.6678771972656,1601300
GS,2022-01-03,351.496054128658,360.80300802789156,349.9960933649804,357.21575927734375,3334300
GS,2022-01-04,363.45055547862205,370.7244347393371,362.50177063460916,368.19439697265625,3916400
GS,2022-01-05,370.2907980826138,372.8750772194108,359.52907628612854,360.1977233886719,3469600
GS,2022-01-06,362.3390812604245,362.51981003682494,349.17378682697046,358.6614685058594,2960900
GS,2022-01-07,359.3301549034528,361.93246737317514,356.4928729563009,359.1855773925781,2360700
GS,2022-01-10,362.62828792658064,365.38422291954424,356.2128015052767,360.6855773925781,3009400
GS,2022-01-11,361.66149019977223,364.45357684630153,358.1013474031458,364.1915283203125,1748800
GS,2022-01-12,364.36317683545053,365.1583394743195,351.09849848804777,352.6797790527344,4158000
GS,2022-01-13,356.05916120473853,358.6072882788601,352.1737403338223,353.12249755859375,2497800
GS,2022-01-14,345.28843830369453,347.3305580863666,338.8458448940537,344.2131652832031,4685300
GS,2022-01-18,325.32809574054306,326.7105854015272,313.7531262558439,320.2318420410156,13123500
GS,2022-01-19,323.7919799468857,325.0298920863205,312.9941112436987,313.8344421386719,7426100
GS,2022-01-20,315.26213615434733,322.7438505372114,312.768249743621,314.5392761230469,4599900
GS,2022-01-21,312.2260583919343,315.3434229742827,307.8707540826059,310.7532043457031,4904100
GS,2022-01-24,304.79862531002993,310.8978506040257,294.7778273582695,310.2834167480469,6569800
GS,2022-01-25,305.2865733982856,309.86777635283016,299.0066462475572,308.6208190917969,3959300
GS,2022-01-26,313.1839264165827,316.68985585200176,305.7835309267022,309.641845703125,3745900
GS,2022-01-27,312.3435749921766,315.1446784124553,305.1600324877161,308.1509094238281,2573400
GS,2022-01-28,305.1690787210828,313.68087042672755,301.3017194639327,313.55438232421875,3714600
GS,2022-01-31,311.3767004719584,320.9637642337417,310.3285341735094,320.48486328125,3312400
GS,2022-02-01,321.79511796148773,329.39430388628944,319.9156376155157,328.9605712890625,3303700
GS,2022-02-02,328.4545881858491,332.9996395685981,323.3312266303753,328.0570068359375,2742400
GS,2022-02-03,327.8400488025437,330.49660170594774,323.6293222792934,324.2799072265625,2372900
GS,2022-02-04,327.2527602700711,335.1862686478045,326.21361111380054,332.15924072265625,3762300
GS,2022-02-07,330.25263960849463,335.65611019836285,328.31897404494964,332.65618896484375,2635600
GS,2022-02-08,335.3037122465354,336.72235324878267,330.9393905736224,334.418212890625,3422300
GS,2022-02-09,337.0386526928811,340.0024231202498,335.1411105272625,338.421142578125,2250400
GS,2022-02-10,335.8730029729443,341.0144257241524,333.2706626786187,334.8429260253906,2406200
GS,2022-02-11,333.01770142074076,338.75549685322454,325.98778038871774,328.0570068359375,3142100
GS,2022-02-14,328.0569466070537,329.1683707550771,322.74384006581676,325.5088195800781,2585600
GS,2022-02-15,328.98761409189876,330.6140903347642,326.52080695665614,328.8520812988281,1846400
GS,2022-02-16,326.51187089478486,328.0208489912215,322.156565560415,325.3371887207031,2165300
GS,2022-02-17,324.18962346590115,326.1594406439058,314.3043587235451,315.40673828125,3102400
GS,2022-02-18,312.25322958521446,316.2561218812282,310.2653229318228,312.67791748046875,2910900
GS,2022-02-22,309.4429674108946,315.35244501858386,308.30446444085374,311.0784606933594,2590800
GS,2022-02-23,314.0604344419858,315.5875020536079,307.0576197121897,308.2955322265625,2217300
GS,2022-02-24,296.89220824706234,308.12381153325646,295.428398657112,307.39190673828125,4564000
GS,2022-02-25,307.3918422568537,316.88856832407384,307.3918422568537,316.3644714355469,2980500
GS,2022-02-28,307.4461240781083,310.69000492906815,305.00642301120064,308.3858642578125,4245700
GS,2022-03-01,306.66794076826676,307.35872510141496,297.23339785137125,298.3059387207031,5631500
GS,2022-03-02,301.3962921250335,307.21334397822636,297.5788371106209,305.74090576171875,3469900
GS,2022-03-03,308.0041086159126,310.39456017922095,300.0601981480663,303.050537109375,2393700
GS,2022-03-04,297.21524375506067,300.5418764173795,294.48849839950964,299.6420593261719,3293100
GS,2022-03-07,297.05168521957006,297.93333411136837,291.62546013043874,292.57073974609375,3689900
GS,2022-03-08,293.1251621457057,300.45101669223834,289.53493588628385,292.09808349609375,3596400
GS,2022-03-09,301.4690160787257,306.73164336306496,299.96931140104476,303.2050476074219,3202100
GS,2022-03-10,297.7878773156498,301.61440235987817,295.1792952532125,299.8511047363281,2232600
GS,2022-03-11,303.91397159546614,305.9499327714244,296.9516778209557,297.21527099609375,2613500
GS,2022-03-14,299.2239660148309,301.41445498115695,293.4887133067309,295.3792724609375,2342200
GS,2022-03-15,297.27892873371,301.66897735280577,295.2520376638025,299.1785583496094,2140700
GS,2022-03-16,304.55025461464857,310.2400455007375,303.8140354445804,309.72198486328125,3468500
GS,2022-03-17,306.6407020207348,312.3032534334085,304.395680473856,312.0032958984375,2403500
GS,2022-03-18,308.00409563004484,315.1845203080341,306.5770920800217,313.921142578125,5861900
GS,2022-03-21,313.8120403763863,314.7572921213795,306.440724395982,308.1222229003906,3401200
GS,2022-03-22,311.03080967505434,314.702807314125,309.14025042165304,311.76702880859375,2840200
GS,2022-03-23,309.0311048162144,309.78549207330224,304.60469313529074,305.04095458984375,2196800
GS,2022-03-24,305.7953260291032,306.75877358785976,303.8502348616521,305.6044616699219,1944100
GS,2022-03-25,306.69522317104844,310.69444416303105,304.9228553246581,306.749755859375,1580800
GS,2022-03-28,307.349691397296,307.66781728771264,301.31450845972864,304.75927734375,2182600
GS,2022-03-29,311.27615615167684,312.6667951484904,306.0589923413115,308.72210693359375,2378700
GS,2022-03-30,308.12229274595734,308.90394660510594,303.24142192724815,305.02288818359375,2650200
GS,2022-03-31,305.51362414448477,305.84991827927087,300.0328674316406,300.0328674316406,2632000
GS,2022-04-01,303.5140044183981,303.72306487134296,297.733317854046,300.1419372558594,2444800
GS,2022-04-04,299.9419988405161,301.64166572921675,296.1790768136029,298.3150329589844,2569400
GS,2022-04-05,297.54248528197104,299.7057080321637,294.01591738387447,294.4521789550781,2573900
GS,2022-04-06,290.8528556022421,291.41637857190904,286.9899661137748,287.4535217285156,3151300
GS,2022-04-07,286.3082584366315,287.06264577006374,280.12764680998,285.5356750488281,3562600
GS,2022-04-08,285.0176484562817,294.19769856242806,284.4904897853144,292.1163024902344,3294200
GS,2022-04-11,291.4073111735889,298.9422265226313,289.97123725278,291.5436706542969,2747700
GS,2022-04-12,292.3798263484432,297.32432711121385,289.04412319498425,290.65289306640625,2365200
GS,2022-04-13,287.03538360830044,293.2432894069536,286.0537674840297,292.6434020996094,3022900
GS,2022-04-14,298.551353466838,302.69600423514026,289.9711924319238,292.3434753417969,5460900
GS,2022-04-18,291.44364960305415,302.3597298914949,291.44364960305415,299.83294677734375,3653400
GS,2022-04-19,300.3692319648345,306.48624174972036,300.3692319648345,305.35009765625,2774800
GS,2022-04-20,307.3041568097532,313.48476750869264,306.75880228034475,309.9945373535156,3040100
GS,2022-04-21,312.96676018932493,315.7117018594151,302.99595928553595,303.850341796875,3097800
GS,2022-04-22,302.04163473315026,302.2143308555277,290.37116585662983,290.6438293457031,3125200
GS,2022-04-25,287.5625539384507,292.8160819272103,284.25408977344836,292.14349365234375,3093600
GS,2022-04-26,288.9895936918324,292.3071285640621,284.3086583064491,284.5995178222656,2791700
GS,2022-04-27,283.7087184318476,290.1619922187809,283.7087184318476,284.6994323730469,2469300
GS,2022-04-28,288.23514558936375,290.27110649143566,283.7178365344765,289.40765380859375,2176000
GS,2022-04-29,288.35337284232156,290.01667560156176,276.9555674541427,277.6645202636719,3129600
GS,2022-05-02,277.95533360555845,283.00889950785995,274.68323359093085,282.14544677734375,2968100
GS,2022-05-03,283.145290674958,290.4166132394315,282.96352425358276,285.9992980957031,2606200
GS,2022-05-04,287.0626840047866,295.2156547023681,283.73607868254567,294.5885009765625,2629400
GS,2022-05-05,291.3073101621866,291.47090823466937,280.573024290686,284.5540771484375,2622100
GS,2022-05-06,283.8360154142089,285.135757391767,278.1825622015245,284.4540710449219,2375600
GS,2022-05-09,280.7820881230837,285.1903045324232,277.2009601138203,280.75482177734375,3234000
GS,2022-05-10,283.327029300011,286.44460158136695,273.265332016494,277.2736511230469,2798400
GS,2022-05-11,277.2737062007033,282.59086638755133,273.5835122085498,274.0834045410156,2320600
GS,2022-05-12,272.67453173034085,275.30130970019593,267.1301440375797,272.1382751464844,3408300
GS,2022-05-13,275.97389067118326,281.4273811609199,275.9193579853169,279.02783203125,2152500
GS,2022-05-16,278.08262511216253,278.5552510450993,273.17446069046565,275.8012390136719,1568800
GS,2022-05-17,281.6455228728641,285.69020623875747,280.06401944537384,284.4631652832031,2096200
GS,2022-05-18,280.85479242764524,284.3631917308389,277.11006630000577,278.79156494140625,2033200
GS,2022-05-19,276.1466624772482,281.75465453539823,275.75583554207554,280.1277160644531,2108800
GS,2022-05-20,282.9089142499432,284.1177590913027,272.13826509676363,278.8551330566406,2201100
GS,2022-05-23,284.235910865155,292.51611352012407,282.7362066049271,287.7715759277344,2653000
GS,2022-05-24,286.6264799319642,287.03547522349896,278.51894227459024,285.35400390625,1870900
GS,2022-05-25,282.89984194142585,288.6714587221862,281.74552968042946,286.2173767089844,1929500
GS,2022-05-26,289.3076582626437,295.8518579200861,289.0168265184472,294.1521911621094,2440400
GS,2022-05-27,296.98806444820883,298.7331939711389,293.75232830630495,298.6513671875,2106700
GS,2022-05-31,296.30119104428013,301.5228731466823,295.0666353073198,298.8983154296875,2722900
GS,2022-06-01,299.03540968224075,301.1112723570957,288.8206404421225,294.3258361816406,2330200
GS,2022-06-02,293.17353368496254,297.3893066602217,291.92985260997,296.5205383300781,1957500
GS,2022-06-03,293.4387498085518,294.92020497761746,290.3477986988947,291.4268798828125,1238900
GS,2022-06-06,295.37748303447034,297.39847905158695,292.44200564573,293.1004333496094,1099700
GS,2022-06-07,291.0611985564069,294.31675077532185,289.5797428498827,294.0149841308594,2516800
GS,2022-06-08,291.116017865965,292.22253259269223,286.04978288106145,287.7690124511719,1438100
GS,2022-06-09,286.7448372300923,287.2752521660308,278.02067528760426,278.2035827636719,2896500
GS,2022-06-10,271.59183799656313,273.1098805585953,262.3190105683297,262.4744567871094,3866900
GS,2022-06-13,255.14034498692888,261.9258101688636,254.51850424898117,259.0909118652344,4218100
GS,2022-06-14,260.01449567892956,264.44973624658184,257.2436180307276,258.3775939941406,2487700
GS,2022-06-15,262.6024365615484,269.29644594472865,259.8681465809493,265.2635803222656,2725800
GS,2022-06-16,258.5056235605645,261.6605958966968,255.2775049838926,260.60894775390625,2777300
GS,2022-06-17,258.0026609958493,261.7794739234004,254.36301470692692,255.86277770996094,5234400
GS,2022-06-21,263.160317983154,263.43467916402244,258.7799719118748,260.4534606933594,2506300
GS,2022-06-22,258.1489901139997,261.55086240589316,257.00588824048384,260.2065734863281,2463100
GS,2022-06-23,259.49327038465196,262.0812406606201,255.0763092642582,261.6971740722656,2547000
GS,2022-06-24,266.11406679413324,277.20672978244227,265.19958546494377,276.8592224121094,3984300
GS,2022-06-27,277.14275592211584,278.295011520833,273.3202300221864,275.0577392578125,2091700
GS,2022-06-28,279.739850270805,282.54731482243176,273.5945342433217,273.8780212402344,2276600
GS,2022-06-29,277.42623308705714,281.1481792873021,274.2621350834793,277.34393310546875,2475900
GS,2022-06-30,271.21685816348713,274.64616312053374,267.2388867395173,271.6192321777344,2669500
GS,2022-07-01,270.0189528512446,274.6462271867277,266.77255456439485,273.64031982421875,1749400
GS,2022-07-05,267.9430716783127,271.92107166874064,263.6998642464536,271.7839050292969,2480900
GS,2022-07-06,270.9333600521746,271.91186172423437,265.7482667985472,268.6380310058594,1774500
GS,2022-07-07,272.20456363366657,273.49398588336203,268.4917710172784,273.0641784667969,2046500
GS,2022-07-08,274.80169235806784,275.15835354088,269.8360644818728,271.1163330078125,1438900
GS,2022-07-11,268.12597350567296,271.18033821344096,266.9188512883967,268.107666015625,1519400
GS,2022-07-12,264.93437014227453,273.5030554752869,264.751490626559,267.5132141113281,1772600
GS,2022-07-13,265.6660198322478,266.2878605317667,261.3679457754801,265.3367919921875,1884100
GS,2022-07-14,259.9321897603145,259.9321897603145,254.07951425679326,257.5088195800781,3171900
GS,2022-07-15,261.99898343969363,271.0797792045044,260.7644276743935,268.73870849609375,3457600
GS,2022-07-18,279.61180888201955,284.6323022465864,273.1646990262395,275.49664306640625,6767900
GS,2022-07-19,277.6274353947404,291.84763947252407,277.5451354086247,290.850830078125,5641100
GS,2022-07-20,290.14671307720613,294.61854137587704,289.25966483290864,293.9601135253906,3489800
GS,2022-07-21,293.1004546558958,299.18175063770866,292.4968935578188,298.6147766113281,2518800
GS,2022-07-22,299.1360414085438,300.91013781841485,294.6368078863385,296.2279968261719,1830300
GS,2022-07-25,298.09352972122053,299.30065197498834,295.01173159297645,296.4017333984375,4024500
GS,2022-07-26,294.25270654083965,296.5572178157385,290.5856546491225,291.3080749511719,2054700
GS,2022-07-27,292.8992813427463,298.4776239579999,291.15261836522984,296.78582763671875,2081900
GS,2022-07-28,297.4807938533856,301.76058809579683,294.3624367795468,300.9649658203125,1820700
GS,2022-07-29,301.3216212440927,306.51586889726707,301.3216212440927,304.87896728515625,2112200
GS,2022-08-01,303.36095356179425,306.1683905154363,300.87356280221735,303.6809997558594,1476500
GS,2022-08-02,301.321665581407,303.4523952771198,299.2366487993089,299.8402099609375,1862900
GS,2022-08-03,303.6718906555942,306.8177093751444,301.4313997270893,304.6778259277344,1770600
GS,2022-08-04,304.7784361173606,305.7111973319022,302.34591163592296,303.489013671875,1533400
GS,2022-08-05,302.60185663168517,308.09789817595185,301.4770624934873,306.0494689941406,1876400
GS,2022-08-08,308.2808995602376,309.862962881673,305.74779540428625,306.0587158203125,1460000
GS,2022-08-09,307.40292576776733,309.2501961092492,305.9580573941038,307.8327331542969,1587900
GS,2022-08-10,312.1673866033102,319.79418675386626,312.1582607657289,318.1572570800781,2459500
GS,2022-08-11,320.06850575111616,325.6011073302819,319.8673187169051,321.6048278808594,2360800
GS,2022-08-12,323.21438217171703,324.23859710872637,320.2057298634292,323.5618896484375,2369000
GS,2022-08-15,320.98300260546443,327.9513470856748,319.1997525389967,325.4182434082031,2045700
GS,2022-08-16,322.8028114802286,325.98521710488365,321.91576332066376,324.6134948730469,1740900
GS,2022-08-17,321.80597464405156,325.18041298645454,320.77260627527295,323.4886169433594,1576300
GS,2022-08-18,322.50107352670943,324.7324107880657,320.85498995757496,324.2019958496094,1102200
GS,2022-08-19,320.9829416283038,321.7693821636365,317.78225702517256,319.40087890625,1812300
GS,2022-08-22,313.15502884971943,315.0662917244472,311.61870671708067,313.1367492675781,1723900
GS,2022-08-23,312.7069680281603,314.64566439214474,310.0366697009431,311.08831787109375,1538000
GS,2022-08-24,310.0275166085618,314.87428543649804,309.54284251654434,312.69781494140625,1530800
GS,2022-08-25,314.99315100529213,317.1970267716769,312.8532398236427,316.8586730957031,1763900
GS,2022-08-26,318.5504406754887,318.9162276460696,307.2657437911379,307.63153076171875,1703900
GS,2022-08-29,305.3636169433594,307.6315127730002,303.6169542601327,305.3636169433594,1835600
GS,2022-08-30,306.3512541816116,307.2748892814172,302.8579287047239,305.0984191894531,1830300
GS,2022-08-31,305.48541940986894,308.7932188368452,303.7624326395448,306.51739501953125,2488000
GS,2022-09-01,303.9374701902159,307.4571700095907,299.10019568171816,307.2821044921875,1575100
GS,2022-09-02,308.369407822837,313.56603748493825,304.0296883665261,305.4209899902344,2215400
GS,2022-09-06,306.1949061093083,307.0517880717758,298.03141409141205,300.8232116699219,1578100
GS,2022-09-07,298.7593308446711,306.0474955357141,297.83794509033135,304.5732727050781,1496600
GS,2022-09-08,304.3244933820057,309.4105323677459,301.62481188741594,309.01434326171875,1755600
GS,2022-09-09,311.4099480708361,314.2201631999891,310.5346204110881,313.36328125,1445600
GS,2022-09-12,314.80068672818476,317.29763445967814,313.35410422354624,315.6483459472656,1563200
GS,2022-09-13,309.65928244593977,310.06469438870363,301.13646503024387,302.5738525390625,2242100
GS,2022-09-14,302.62916615500217,304.9141848593566,298.068295364939,301.53271484375,1953300
GS,2022-09-15,302.8871366591537,308.92220185387737,301.83674344565094,305.5499267578125,1489400
GS,2022-09-16,300.7218640028345,303.13588999563956,294.6499357202981,300.5652160644531,2946800
GS,2022-09-19,295.36859502492956,303.40307875805627,295.340954581061,302.8226013183594,1652700
GS,2022-09-20,300.09535145898934,301.1088532940718,294.8526642669148,297.84716796875,1569900
GS,2022-09-21,299.37664301102524,303.863786706124,295.42389063015975,295.4975891113281,1796700
GS,2022-09-22,296.9810267310451,297.96691611592775,286.7352228960239,288.32000732421875,2239900
GS,2022-09-23,283.3721236025758,285.4360464202938,274.07534648374525,278.2308044433594,2918500
GS,2022-09-26,275.4943534917985,278.3506550881486,269.33028025616716,271.45867919921875,2308800
GS,2022-09-27,274.11229621258616,275.63257727376964,265.93038519138713,268.4734191894531,2007400
GS,2022-09-28,270.88739887545887,278.636256074649,269.4684570081804,277.14361572265625,2289700
GS,2022-09-29,273.7160017559175,275.8167596058893,268.62993571607217,272.8314514160156,1930800
GS,2022-09-30,272.73012254310316,277.4199716139709,269.6895614783494,270.01202392578125,1970800
GS,2022-10-03,273.80821207675075,277.54903592277736,268.21539389982087,275.6325378417969,1938800
GS,2022-10-04,282.6811399051052,290.3839394798828,281.8334807522904,290.1167297363281,2399500
GS,2022-10-05,282.4784250765207,285.82305977946226,279.73271359357994,284.70819091796875,1992800
GS,2022-10-06,283.2247676749604,284.78188366017173,279.5668652714326,280.7185974121094,1367400
GS,2022-10-07,280.1012557637306,281.16084370625003,275.6325294477553,277.4107971191406,1790100
GS,2022-10-10,279.7603166801415,280.7646236187333,274.96910027074506,276.9132385253906,1309600
GS,2022-10-11,274.58212310653715,278.7375529126335,270.81365949405915,271.0808410644531,2392800
GS,2022-10-12,270.87821583927274,276.2130477602243,268.7774572353512,272.0944519042969,1763800
GS,2022-10-13,267.58886438368745,284.48707582212984,265.12875203611185,282.929931640625,2724900
GS,2022-10-14,283.2892153410667,287.12218290109837,275.55880459751984,276.4064636230469,2397600
GS,2022-10-17,280.4790296633519,287.12221281394915,280.2302656422506,282.59820556640625,3118600
GS,2022-10-18,296.3821221154109,298.9712134350537,287.47231087731643,289.1768798828125,6428600
GS,2022-10-19,288.03440667015013,290.04304912064725,283.8421124514279,287.2512512207031,2363800
GS,2022-10-20,287.5644497827382,291.2039060114021,284.70814881494863,286.3758544921875,2382300
GS,2022-10-21,286.5509371787546,300.15979310797513,285.15963584920826,299.54248046875,3545700
GS,2022-10-24,302.6752086791358,305.1997965511852,300.2335421475776,302.8594970703125,2232600
GS,2022-10-25,302.0854563696488,307.3742286074859,300.2979942512524,306.2685546875,1837700
GS,2022-10-26,308.22198449366255,312.0457582668561,307.8718814900884,309.3000183105469,2176700
GS,2022-10-27,312.63537706887644,315.04940308424335,310.07392596849616,310.6728210449219,1998800
GS,2022-10-28,311.9074694747176,315.64829307649126,309.5855876896903,314.94805908203125,1677100
GS,2022-10-31,314.25703608006455,318.96530363953974,313.79634321740934,317.4266052246094,2224000
GS,2022-11-01,317.9978717423186,321.2780027973541,316.7447724875339,321.1766357421875,2316600
GS,2022-11-02,320.29205428631667,329.3400675282488,319.48123046819023,322.2914733886719,3221200
GS,2022-11-03,320.1815232581616,323.1023282309409,315.65751620280236,321.4438171386719,2515600
GS,2022-11-04,326.1705715256529,330.2062458078905,323.6183429954011,329.773193359375,3172700
GS,2022-11-07,331.7080038500841,334.42607421218275,330.33512033040824,334.0575256347656,2526900
GS,2022-11-08,333.81807778309474,338.3236680267394,333.0441170535688,335.4028625488281,3501300
GS,2022-11-09,334.4169536457083,338.286756744526,332.50967848354446,333.5416259765625,3047200
GS,2022-11-10,340.91268460307464,350.5227300179152,340.6731153403119,348.56939697265625,3790400
GS,2022-11-11,350.1265904623876,356.57629081301053,348.9748582569192,354.8901672363281,3409100
GS,2022-11-14,353.8120501498423,356.85261120843535,350.58720073441407,352.30096435546875,2609100
GS,2022-11-15,355.63651410966725,358.9534806152412,350.7255118711494,352.78021240234375,3192400
GS,2022-11-16,353.08423095416634,355.10206802797427,350.13581337873256,352.2734069824219,2303700
GS,2022-11-17,347.50060976217196,351.7113491430123,345.5288589935398,349.9238586425781,2297600
GS,2022-11-18,351.30596588247704,352.7341025811192,347.72178985243545,349.3894958496094,2384500
GS,2022-11-21,349.1130248631455,350.83601156770317,345.90662072622195,350.3200378417969,1877500
GS,2022-11-22,351.4164979889368,355.49822986400915,351.4164979889368,353.69232177734375,2019400
GS,2022-11-23,353.71993105776585,357.68190606306865,353.2684611054927,355.88519287109375,1865400
GS,2022-11-25,355.43370526488224,358.82439740245053,354.8992858897755,358.28997802734375,1129300
GS,2022-11-28,355.1296247340023,357.8569461991952,350.94655459470613,352.30096435546875,2232200
GS,2022-11-29,351.16772867542784,354.66898301162604,349.4447419529871,353.5448913574219,1746900
GS,2022-11-30,354.74123598603785,358.1263427734375,347.8782739438731,358.1263427734375,2964100
GS,2022-12-01,358.4509913422344,358.4509913422344,352.8400621779444,355.9562072753906,1706300
GS,2022-12-02,353.8323865539331,354.75981472740483,350.9388151811589,352.9606018066406,1932300
GS,2022-12-05,351.07794328574477,351.37472711046,342.50851554285214,344.5766906738281,2329600
GS,2022-12-06,342.66617752485365,343.49157389572974,334.1801869516264,336.5729675292969,3081900
GS,2022-12-07,336.1834261469476,338.7894970238339,332.1583913111059,333.7999572753906,2128200
GS,2022-12-08,335.75682803020743,336.27618555475533,330.2200805784535,332.0934753417969,1967800
GS,2022-12-09,330.82286631531906,335.3951083127332,330.3591522699599,333.0765380859375,1588800
GS,2022-12-12,332.5479941349262,337.5932066820621,330.4798187012466,336.82342529296875,1750400
GS,2022-12-13,347.44239690989804,351.0871825846037,338.9842570865452,341.9334716796875,3062600
GS,2022-12-14,340.37541568640586,342.0633134156681,333.36406110989753,334.2265625,2519700
GS,2022-12-15,328.7547635451749,330.2664477598541,322.6893750997538,324.44219970703125,3163700
GS,2022-12-16,320.03683949670943,322.54090639993404,318.4880505973914,321.2146911621094,5008800
GS,2022-12-19,321.1405780313123,323.1160047820519,317.7647538337298,319.6010437011719,1646700
GS,2022-12-20,320.8808884570291,322.2071323535316,318.562317851564,319.48974609375,1623000
GS,2022-12-21,322.98615258627177,325.41600993126156,321.7155804862475,324.7482604980469,1923100
GS,2022-12-22,321.96602400484994,322.79142050507323,315.21434686173154,320.50067138671875,1528900
GS,2022-12-23,319.81434062634145,322.52244345353176,318.20987963357794,320.43572998046875,1062000
GS,2022-12-27,321.3631193814801,322.5131211663949,316.9856576256263,317.152587890625,1035000
GS,2022-12-28,315.78930238321277,317.9687643157399,314.67637722106963,316.1324462890625,1117200
GS,2022-12-29,317.5884775618113,319.62883068197,316.475552532114,318.5066223144531,1273600
GS,2022-12-30,316.93933118465714,318.747827650858,314.769152406935,318.4603271484375,1031400
GS,2023-01-03,320.42639738766286,323.3014300580805,317.93161362134214,321.0941467285156,1589700
GS,2023-01-04,322.77283572813326,324.88737089473256,320.0369112134769,322.466796875,1881000
GS,2023-01-05,319.2671443649368,320.0925690134469,315.4554282093084,318.8127136230469,1397800
GS,2023-01-06,322.09582096192577,323.6724603132506,316.2066741973714,322.8192138671875,3097800
GS,2023-01-09,326.34339567977753,330.6281088593999,324.13611233200635,327.3821105957031,1989000
GS,2023-01-10,327.04828638397646,331.5555737451806,325.06357649702323,331.42572021484375,1610100
GS,2023-01-11,332.82613557910565,338.9749887405312,330.35917330437707,338.0290222167969,2127000
GS,2023-01-12,339.66124773537877,343.24113480765516,336.25760256371564,343.0927429199219,2103100
GS,2023-01-13,337.11084498730014,347.18272928832556,336.06284666239696,346.8581237792969,3310200
GS,2023-01-17,338.32580396570836,340.1714053728967,319.0353082748839,324.52569580078125,14448300
GS,2023-01-18,323.04184130574464,329.04230370709297,322.559560462389,323.7559509277344,5585200
GS,2023-01-19,320.9179483372147,326.6030871899996,320.4449509433653,325.29541015625,3100400
GS,2023-01-20,324.47932179314057,326.6866055871701,313.6655048520235,317.0320739746094,11247200
GS,2023-01-23,316.87438722577986,324.1917805832042,311.76424908232883,323.8022766113281,4915700
GS,2023-01-24,315.325531797271,324.8780292335159,315.325531797271,323.0509948730469,2372000
GS,2023-01-25,319.73085989339313,324.5627527083877,318.94254029254705,324.2567138671875,1985200
GS,2023-01-26,326.2043396074447,329.23701971266865,324.1547028531437,329.2091979980469,1919200
GS,2023-01-27,326.4083726886019,330.15516231174666,326.29705752802244,328.0313720703125,2427400
GS,2023-01-30,327.65113370723856,336.03506469228677,326.82570898102665,331.51849365234375,3184500
GS,2023-01-31,333.09512025344924,339.364544027912,330.9620183826254,339.26251220703125,2311500
GS,2023-02-01,333.03951225229844,342.1654034392533,332.7241900227967,339.1697998046875,2889400
GS,2023-02-02,341.2935095198208,345.82864609853976,338.09387154692973,342.6568298339844,2619600
GS,2023-02-03,339.0862710963669,347.38676424794215,338.91934082430737,343.10205078125,2243100
GS,2023-02-06,342.2209606058217,344.3169571179375,339.2346410640847,343.89031982421875,1816200
GS,2023-02-07,341.4512361690366,349.00048663080406,340.6814549510336,347.2290954589844,2205500
GS,2023-02-08,345.8565093754254,350.89243730945606,344.9847246723173,347.8782958984375,1893200
GS,2023-02-09,349.6775754019982,352.1259714052268,341.1081186335339,341.2843322753906,2052500
GS,2023-02-10,340.3661190440357,345.21657828647216,338.1031921736286,344.33551025390625,1933400
GS,2023-02-13,342.3044643219049,347.84121170094545,341.2935709997979,346.8766784667969,1570600
GS,2023-02-14,346.80247298634,349.68676085025254,342.5734030291086,344.7992248535156,2155500
GS,2023-02-15,341.9798584393685,347.2012836273808,341.5254276875487,347.1734619140625,1687200
GS,2023-02-16,343.8439669544596,347.0899652938813,342.0354708442094,343.3338928222656,1947800
GS,2023-02-17,341.339939687583,344.1315076428452,340.23629785889165,341.7572937011719,1857300
GS,2023-02-21,340.1064449857531,340.1064449857531,333.95759195503314,334.912841796875,2403000
GS,2023-02-22,335.3858422088411,336.6564142299565,332.0563785884198,334.6995544433594,2203800
GS,2023-02-23,336.8419653762173,341.1823229694815,333.5124729172242,337.15728759765625,1931400
GS,2023-02-24,334.03183412995764,338.6782302617497,333.4382664843532,337.44476318359375,2428600
GS,2023-02-27,341.4976223255887,343.4266605813681,338.0568715337868,339.0028381347656,2842400
GS,2023-02-28,339.4387275319589,339.44801087104804,325.8333431309017,326.130126953125,4945600
GS,2023-03-01,326.35430973655275,329.29662073761534,323.1504321077787,323.40264892578125,2717400
GS,2023-03-02,321.3102683609054,326.71853386919304,318.0410280597648,326.0833740234375,3259800
GS,2023-03-03,327.5219040854946,334.1817908144057,326.5130937987817,333.546630859375,2396200
GS,2023-03-06,334.45266541666905,335.19990903920024,330.4081601377021,333.5092468261719,1614200
GS,2023-03-07,332.10817608390914,332.71534365521,322.8422288354624,323.2625427246094,2048500
GS,2023-03-08,323.36530607969604,326.63454714182205,322.4125660892922,326.26092529296875,1584600
GS,2023-03-09,326.17685845435636,330.93126554771305,318.56417441433075,319.5356140136719,3177800
GS,2023-03-10,316.5278989783531,317.51800965495005,304.5344586552676,306.06634521484375,4559700
GS,2023-03-13,298.59382956290193,304.6092072906853,293.80205135633685,294.7080993652344,5660700
GS,2023-03-14,303.35750341313855,304.8613689519506,297.9212448495108,300.9102478027344,3785900
GS,2023-03-15,290.2805737675609,291.9058729923911,284.33990941041276,291.6069641113281,6596700
GS,2023-03-16,288.6272592901663,297.3327873502101,284.81627112740347,294.31573486328125,4399100
GS,2023-03-17,289.64542262548747,289.93498170489073,281.96737510486304,283.52728271484375,6369800
GS,2023-03-20,286.5536252537527,291.6162906909433,286.06791973985776,289.122314453125,3963700
GS,2023-03-21,296.67890807533587,299.2009050707598,294.5585823015423,296.361328125,3242400
GS,2023-03-22,296.3613546469352,300.9756569071691,292.821225830691,292.9893798828125,2505900
GS,2023-03-23,294.4278038029802,300.17232093578076,292.0272687707281,294.091552734375,2585900
GS,2023-03-24,289.7014548506045,292.1300396180777,285.2272569737093,291.9619140625,2456700
GS,2023-03-27,297.6129629083355,299.7426383917726,296.25858040449333,297.5289001464844,2300600
GS,2023-03-28,298.05199372212456,299.4717679587349,295.27780839714706,297.4448547363281,1224300
GS,2023-03-29,301.2372264971973,301.4333729887193,297.6690763838744,299.5745849609375,1475900
GS,2023-03-30,303.1614188195442,303.4509779161698,298.7899829361101,299.9669189453125,1456300
GS,2023-03-31,302.1432174884108,305.7487091543396,301.1624567103049,305.543212890625,2281100
GS,2023-04-03,304.63717379254814,307.2899254301808,301.84428904812955,304.9920959472656,1808800
GS,2023-04-04,305.27243003165864,305.3191220783189,299.0141564809419,301.3773498535156,1536800
GS,2023-04-05,298.54710171153107,300.95701547257926,298.31358448304695,300.3311767578125,1329300
GS,2023-04-06,299.25698996744137,301.9190919554818,298.88336811950165,301.143798828125,1311000
GS,2023-04-10,301.1437594239793,303.5629940668222,300.12562790671836,303.53497314453125,1114400
GS,2023-04-11,304.5531550168027,307.495494871426,302.3300949679507,305.7861328125,1559600
GS,2023-04-12,309.84932059007633,310.1762503892371,305.60864002230664,308.4668884277344,1862400
GS,2023-04-13,308.3173808504947,310.9888321284753,305.44046182587607,310.23223876953125,1765500
GS,2023-04-14,314.342150925934,317.2377697117698,312.2778669986851,314.7064514160156,2275700
GS,2023-04-17,313.8471185019649,318.00373608671293,311.68007203288903,317.28448486328125,3012100
GS,2023-04-18,306.374517790557,314.36079336124584,304.6278139725722,311.8948669433594,7549500
GS,2023-04-19,311.0262843565518,314.7718814035713,309.8026563316783,314.6784973144531,2625400
GS,2023-04-20,312.86636903532786,316.9388954908499,312.2779011058559,316.3784484863281,2217900
GS,2023-04-21,316.64928500386094,319.78774211063296,313.8470789418799,319.1339111328125,2278900
GS,2023-04-24,319.4421709722308,322.30976895039674,319.01250731763633,321.28228759765625,1966300
GS,2023-04-25,318.5174610828526,320.8246121611221,316.0234848422101,317.0976867675781,2138200
GS,2023-04-26,315.32291809174114,318.14382397824556,312.5767821743181,314.37017822265625,2041900
GS,2023-04-27,317.7141485079828,320.7218224249179,316.4251291118591,319.077880859375,1768200
GS,2023-04-28,317.6301235508147,321.413119764728,317.3032222345624,320.796630859375,1714100
GS,2023-05-01,321.3663553501304,324.55153334026045,317.92898904903745,318.1158142089844,1375000
GS,2023-05-02,316.65866450280805,317.48064958560843,308.2426957191354,311.3905029296875,2397600
GS,2023-05-03,310.4470765393492,312.7542274955776,306.60806765366016,306.981689453125,1825400
GS,2023-05-04,304.4597029225636,305.42179253941,297.55692157513545,300.07891845703125,2965100
GS,2023-05-05,303.6284309560782,306.25316225526683,301.16250391054166,305.4591979980469,2413400
GS,2023-05-08,307.9064585620215,308.5229188964727,304.19820421778695,304.9828186035156,1607300
GS,2023-05-09,303.6097607898123,305.6086533968263,301.9844615331616,303.3575439453125,1253300
GS,2023-05-10,308.16795417120494,308.16795417120494,298.0426245056785,301.2838439941406,1752200
GS,2023-05-11,298.5844741868458,300.7141501827912,297.20204192418885,299.5745849609375,1515200
GS,2023-05-12,300.80750965881737,301.90970394772324,296.3987039976778,298.4349670410156,1099100
GS,2023-05-15,299.29430261433544,301.9377044683373,297.0898856799591,300.83551025390625,1178200
GS,2023-05-16,301.23720903375875,301.7696351282594,299.36907130331684,299.65863037109375,1618900
GS,2023-05-17,301.38664056611407,308.60700260747905,301.38664056611407,308.41082763671875,2098100
GS,2023-05-18,308.2427242962915,308.8031713142977,304.1888688580268,307.85040283203125,1645400
GS,2023-05-19,308.2426852549895,310.06413070642986,303.3761950844779,304.6465148925781,1546100
GS,2023-05-22,304.64656717182066,305.7581114474142,301.1718297106209,303.4976806640625,1498900
GS,2023-05-23,302.2646847435628,305.5712964451647,301.5267623725133,302.2366638183594,1550900
GS,2023-05-24,299.26632422088454,300.6767487614516,297.7811297057847,298.72454833984375,1439100
GS,2023-05-25,297.8932412245036,303.7404926658791,297.7811290212396,302.5262145996094,1618500
GS,2023-05-26,303.310838826161,310.923494270476,302.6383081123572,310.1202087402344,2718700
GS,2023-05-30,310.18556087728894,310.60590324805463,306.1223843189723,309.0179748535156,1998600
GS,2023-05-31,306.8909168090852,308.00150357255416,302.89089728216885,304.8485412597656,2938000
GS,2023-06-01,305.42266595864356,305.5826506494851,295.5496573992558,297.7896728515625,3339700
GS,2023-06-02,299.5214576440014,306.13795948608544,298.4014498612353,304.6132507324219,3987700
GS,2023-06-05,303.9356185249069,304.46267766529,301.47914953732504,302.8815002441406,1462900
GS,2023-06-06,303.4650457045834,308.77332142936575,302.49563022297434,307.5780029296875,1495600
GS,2023-06-07,308.3685318514183,317.96856004657946,307.1261661378188,316.0014953613281,3382700
GS,2023-06-08,315.6344922485918,316.5474391001853,311.8509544188024,315.738037109375,2009500
GS,2023-06-09,315.49332184406484,316.4251107038552,312.9803842853258,316.25567626953125,1702100
GS,2023-06-12,318.53334722007014,320.086290356072,316.56628208479185,319.5215759277344,2290800
GS,2023-06-13,320.18978737862443,324.97097421606094,319.4839016293087,322.3544921875,1772400
GS,2023-06-14,324.50039339551915,327.27688891466903,317.394488129483,318.5144958496094,1819400
GS,2023-06-15,317.4791939153154,323.76627634155545,315.95448523280584,319.7568359375,3322700
GS,2023-06-16,321.300443931111,321.3192572150604,317.28158180866154,318.4110107421875,4544900
GS,2023-06-20,315.59683355252076,315.6533021171739,309.8650444597024,311.26739501953125,3208100
GS,2023-06-21,309.1309649983287,310.5897843144139,305.8085966362318,305.94976806640625,2158700
GS,2023-06-22,304.65092320047575,305.1874033396352,300.2462023920031,300.78265380859375,2409100
GS,2023-06-23,297.9402260696088,299.0225783697721,295.59669479887873,296.19903564453125,2612000
GS,2023-06-26,296.59436384074854,298.01555629747895,293.8084762102786,293.9872741699219,2481000
GS,2023-06-27,294.034408185038,297.1120602228597,292.2932173031536,295.01324462890625,2156800
GS,2023-06-28,293.38498277618453,296.3779318739613,292.41556736190205,295.21087646484375,2423500
GS,2023-06-29,299.15443215827185,306.3544621603846,297.64853658439824,304.0862121582031,3553600
GS,2023-06-30,306.6555843331159,306.8532242904985,303.4838091240124,303.5685119628906,2361800
GS,2023-07-03,303.44616596830576,310.0250118871189,303.44616596830576,307.39910888671875,1106800
GS,2023-07-05,304.89563545123417,305.5167897148556,300.82972611757475,301.2250061035156,2561000
GS,2023-07-06,299.29559677172773,299.8979664765917,294.43909873589337,294.5896911621094,2896900
GS,2023-07-07,294.7778913826028,298.70259994405967,294.30730089745975,296.63201904296875,2903100
GS,2023-07-10,298.04380799686936,301.2532100181159,297.4132040718262,297.8555603027344,1775800
GS,2023-07-11,300.0766959403196,302.15672642503023,296.0766770855771,302.0061340332031,2041700
GS,2023-07-12,305.48849036544556,313.74266541600906,305.1779132997833,307.2014465332031,2741300
GS,2023-07-13,308.0955930352057,309.91206539479504,306.53322919472214,309.34735107421875,2787800
GS,2023-07-14,312.46268374856123,312.9238819887241,305.90265076198193,307.00384521484375,1815200
GS,2023-07-17,306.7214620379917,308.22732852326357,305.2814276650309,307.95440673828125,1777400
GS,2023-07-18,308.04858211177236,318.354527300552,308.04858211177236,317.4321594238281,3887400
GS,2023-07-19,318.11922565372856,325.53573764032,311.81330052008565,320.51922607421875,6037400
GS,2023-07-20,319.2109474720083,330.99452310663673,319.2109474720083,330.2227478027344,3915000
GS,2023-07-21,331.08868145605135,334.19456755243675,326.3827760236084,331.2580871582031,3217400
GS,2023-07-24,332.0768449535639,340.34983312293735,331.295677442975,337.81805419921875,3517500
GS,2023-07-25,336.3969582973701,339.5969682633431,333.15929304542533,333.8369445800781,2893000
GS,2023-07-26,333.63928412575626,339.06991753948137,333.44164413400796,336.5287170410156,2281600
GS,2023-07-27,337.06518246287357,339.3334322968156,333.3381134539697,333.6581115722656,2010800
GS,2023-07-28,335.1640077789327,335.53108221671846,330.92869257563615,332.45343017578125,1827400
GS,2023-07-31,334.0063198297537,336.18986665594434,333.1968892292844,334.9380798339844,1385500
GS,2023-08-01,333.1780960706528,336.820462186323,332.60398940945345,336.6792907714844,2024300
GS,2023-08-02,334.1098487494986,334.1098487494986,328.34982537080793,330.44866943359375,2106600
GS,2023-08-03,329.4039253148913,334.3168912288497,328.1145119549218,332.3874816894531,1840400
GS,2023-08-04,332.55684580041435,337.6298244863265,331.7756783147346,332.44390869140625,1725300
GS,2023-08-07,334.4957393724253,336.6322387380288,333.10280980108865,334.6463317871094,1260300
GS,2023-08-08,331.01339147413677,331.2957343041193,321.91215795347784,327.7757263183594,1917300
GS,2023-08-09,326.4203765079561,327.9638982949266,322.34504700301386,322.5332946777344,1326000
GS,2023-08-10,323.83213745880533,326.8345069972986,319.8132764062273,320.37799072265625,1345900
GS,2023-08-11,319.93563663176303,321.68624815196,317.69562135280654,320.6885986328125,1256800
GS,2023-08-14,317.5639040900945,318.5427404323127,315.16387515968546,317.8744812011719,1347000
GS,2023-08-15,313.69559201743294,314.3826644354424,311.04148362789397,312.6697082519531,1657800
GS,2023-08-16,311.09798589822634,313.33800134667484,309.620324786762,309.7520751953125,3340300
GS,2023-08-17,310.58975463967,314.3450579363645,304.942668191676,308.255615234375,3135200
GS,2023-08-18,305.24385597223477,308.3497420595525,304.18973775405584,305.8179626464844,1730500
GS,2023-08-21,306.25087833563026,307.19205927096573,300.60379272361763,303.1167297363281,1983500
GS,2023-08-22,303.5120840065824,303.66267642558836,299.58734627813834,300.03912353515625,1810300
GS,2023-08-23,301.76143819199973,303.4838154527983,299.29554864468827,303.370849609375,1429000
GS,2023-08-24,303.2014781627477,308.2273816664192,300.7167750555983,301.1402893066406,1185600
GS,2023-08-25,301.9308537031567,303.7379338634324,299.474385076797,301.319091796875,1159600
GS,2023-08-28,302.43911065506825,307.3897320955435,302.43911065506825,306.7967834472656,1440100
GS,2023-08-29,306.4108997579719,313.1309462290347,305.5826558399351,312.98974609375,1831700
GS,2023-08-30,313.1795429867569,314.99219169585524,310.9493192367111,311.8319091796875,1131500
GS,2023-08-31,312.61964751183666,313.64458609228586,309.3454858650035,311.00628662109375,1271100
GS,2023-09-01,312.86635013331596,314.716938992347,309.58268949730444,310.7120361328125,1201400
GS,2023-09-05,310.6551182027316,311.73702505592786,306.18520017077566,307.24810791015625,1846000
GS,2023-09-06,305.88153550457014,307.6182747980488,303.0344484968304,304.7616882324219,2120800
GS,2023-09-07,304.2776820206,307.69419231041326,303.81266706520444,305.54937744140625,1471100
GS,2023-09-08,305.51143616356416,309.3549921261155,305.2646793494511,308.92791748046875,2026400
GS,2023-09-11,311.5282125001755,313.32186192570475,307.7605668926823,308.1022033691406,1283100
GS,2023-09-12,307.49489663364835,318.19044307472325,307.4853970757538,314.03369140625,2054700
GS,2023-09-13,316.5011882978602,319.8322895325151,313.9577973937693,317.90576171875,2165000
GS,2023-09-14,321.7207990172591,327.52885128594136,319.6803926625122,327.00689697265625,2822700
GS,2023-09-15,327.55730419816075,328.5443023188092,324.43499114928164,325.0803527832031,3063900
GS,2023-09-18,325.08034582407896,326.71267658164265,321.97700299243184,325.8205871582031,1356600
GS,2023-09-19,325.9534543221097,327.38649721330756,320.74329498591453,324.4635009765625,1660200
GS,2023-09-20,325.14679096409014,326.27613771872615,319.14895007939424,319.5380554199219,1224400
GS,2023-09-21,317.4501598883092,317.6304776922063,313.2554395016343,313.40728759765625,1685100
GS,2023-09-22,313.2745006687668,314.6411048416,310.1711570853431,311.1771545410156,1669100
GS,2023-09-25,310.3989035126937,312.50574892582273,308.70013359438894,312.07867431640625,833300
GS,2023-09-26,309.0133162386086,310.7405559552535,305.9859403986881,307.3145751953125,1481800
GS,2023-09-27,308.4154430763878,308.4344132293199,302.72126929369267,305.5398864746094,1493000
GS,2023-09-28,303.88856273803975,310.18062953342184,303.88856273803975,308.6242370605469,1389600
GS,2023-09-29,310.52231157100044,311.243553942777,305.8435764212843,307.07733154296875,1403900
GS,2023-10-02,305.6158183989827,307.0868018155967,300.93711221626313,302.2657470703125,1303800
GS,2023-10-03,299.2003637469638,299.5894691141587,288.8749525087422,290.5167541503906,3118600
GS,2023-10-04,289.311502503566,293.30690656789204,288.0113373802578,292.870361328125,1872000
GS,2023-10-05,291.69352759189314,294.7209322948711,288.7040921567389,294.6734924316406,1584600
GS,2023-10-06,292.40533096743457,299.2478513706323,291.5132702924991,296.5526123046875,1595100
GS,2023-10-09,293.1550746070238,297.50164397641174,292.6520903572459,296.67596435546875,1094400
GS,2023-10-10,298.4411634684338,300.6998572183302,296.3722871114289,298.7258605957031,1193800
GS,2023-10-11,299.3522269676838,300.49107341508693,295.71745844127264,297.0650634765625,1672500
GS,2023-10-12,298.13742278773935,298.2323314700391,292.31987100373334,294.0566101074219,1727700
GS,2023-10-13,296.09705793959273,300.0639923418616,292.46228949088766,293.53466796875,1785200
GS,2023-10-16,297.2168884586254,299.79824843795836,294.4362405032376,298.365234375,2273900
GS,2023-10-17,297.4067600103169,300.06403004861005,290.31751109300575,293.5916442871094,4123000
GS,2023-10-18,291.35190085526233,291.560688392208,286.1132712401696,286.56878662109375,3460300
GS,2023-10-19,286.56880247110877,289.7765252788443,283.4085484928893,283.94000244140625,3211800
GS,2023-10-20,283.2851203382249,287.79300751278623,282.90551457909544,284.756103515625,2329000
GS,2023-10-23,283.0858852704672,288.0777584116468,282.99097657243783,283.9684753417969,2959800
GS,2023-10-24,284.7087222663673,287.6507181888669,283.83560277477346,283.9305114746094,1697100
GS,2023-10-25,283.3800906566993,284.7087255836759,279.9920498713569,281.6338806152344,1809300
GS,2023-10-26,281.8236421050531,284.84157631881624,279.7547658478825,281.85211181640625,2011200
GS,2023-10-27,282.3835619665781,283.0668639919974,274.611012288208,275.13299560546875,2601700
GS,2023-10-30,278.4925888021756,286.42645782945766,278.3407406773671,285.49639892578125,3065200
GS,2023-10-31,286.30308541943714,288.7800663743251,285.3730554583338,288.13470458984375,2611000
GS,2023-11-01,287.8689563415974,292.53819180569855,287.4039413953962,291.5037536621094,2345400
GS,2023-11-02,293.9048093109919,298.50760600372854,292.3009478968005,297.7673645019531,2597000
GS,2023-11-03,302.22778870439254,312.54373003342613,301.72480445713734,310.9208984375,3742000
GS,2023-11-06,310.00979292950524,312.13560845922336,305.68222333711356,307.39996337890625,2087600
GS,2023-11-07,305.71068767749966,309.7535601054682,304.9135068678556,307.43792724609375,1505000
GS,2023-11-08,307.4379214626253,310.00978165319765,307.17219453107606,308.0168151855469,1484400
GS,2023-11-09,309.3834366552856,310.0002996782896,303.3665966080509,304.42950439453125,1787900
GS,2023-11-10,306.8400810833613,309.4404114267915,305.25518981784035,308.91845703125,1781400
GS,2023-11-13,307.6372103315266,311.9647797793188,307.03931749325494,310.2470397949219,1403300
GS,2023-11-14,316.52961569509137,324.35910431393216,315.52364735315086,321.455078125,3592700
GS,2023-11-15,322.5749364108566,323.6947836282453,318.24736668767207,320.3921813964844,2534500
GS,2023-11-16,320.54402057750224,322.43257887982804,317.93419102071186,319.50958251953125,1620400
GS,2023-11-17,322.19535024181755,323.0969393899131,320.88568556861225,321.9011535644531,1465200
GS,2023-11-20,322.669842520492,323.92256768352604,320.29727014901783,322.14788818359375,3146000
GS,2023-11-21,321.11346425937546,321.8062659112128,317.4976657967156,317.8962707519531,1900900
GS,2023-11-22,319.765820091417,321.6354083010532,318.27583767335835,321.3791809082031,1235200
GS,2023-11-24,321.53099325830436,322.92606695846166,320.43014517462024,321.8631591796875,460100
GS,2023-11-27,321.9010941036598,322.68877529644436,318.6269330254417,320.49652099609375,1250500
GS,2023-11-28,320.1834088266745,321.15140798085275,317.801336767528,320.43963623046875,1419000
GS,2023-11-29,322.44898848752064,328.69703448517356,321.9801550885801,325.5682373046875,2038100
GS,2023-11-30,326.9269086356852,329.87393651941375,325.4055652774808,326.79296875,1903600
GS,2023-12-01,326.71635750560824,333.8255655377765,325.7212838762448,333.3854064941406,3623300
GS,2023-12-04,331.34744100771167,335.35652745216754,330.3810706608802,334.3040466308594,2178100
GS,2023-12-05,331.6345506132619,331.8546010115904,325.8362109373489,326.99395751953125,2429700
GS,2023-12-06,328.67789007723144,332.01718906129065,326.85035680060224,327.2043762207031,1869300
GS,2023-12-07,328.8692178436198,329.80691373423815,327.23306071600746,329.73992919921875,2162400
GS,2023-12-08,329.4433253292826,337.0787741229318,328.93621092217825,335.6817932128906,2238800
GS,2023-12-11,336.2654957705823,337.7868391097582,333.97867738032295,336.5716857910156,1636000
GS,2023-12-12,336.2368104093496,338.71497579607427,334.4858098604997,337.3849792480469,1597600
GS,2023-12-13,337.7007289593948,347.18283763943936,336.4185910974966,347.0680236816406,2876500
GS,2023-12-14,350.6752076412125,369.52460974553753,349.2399748677833,366.9124755859375,5376300
GS,2023-12-15,363.7741017478552,369.2375463392976,362.9416714097411,364.0802917480469,4522300
GS,2023-12-18,364.79793584475965,366.2331687298019,359.67893271479824,360.14776611328125,2740900
GS,2023-12-19,359.7745884679137,367.19950607110684,358.3776075612247,365.9365234375,2091800
GS,2023-12-20,364.2907793953773,368.5007895328307,360.96102897399675,361.2193603515625,1836500
GS,2023-12-21,363.6400987909992,365.01792446359866,360.7313816598519,364.1376647949219,1301600
GS,2023-12-22,365.50588749151274,366.9315424731068,363.0277228054382,364.21417236328125,1538200
GS,2023-12-26,364.2142411576866,366.0896038581546,363.6401421922697,365.1327819824219,837300
GS,2023-12-27,364.7405314868137,369.094059589443,363.88894595295534,367.87890625,1367200
GS,2023-12-28,367.9171176371485,371.01724020607105,367.06556139683835,369.72552490234375,1024700
GS,2023-12-29,368.9217818254674,369.9455881411001,367.00813825974654,369.1131286621094,881300
GS,2024-01-02,366.46276100860956,372.3376610626558,365.68773766204947,371.5339050292969,2263100
GS,2024-01-03,367.30477736083213,368.7591360644799,360.4922104439199,365.3050231933594,2265300
GS,2024-01-04,366.9890784037555,370.37623657032947,365.4581865136777,366.4150085449219,1618300
GS,2024-01-05,365.42938748714965,372.6533802545307,364.62563149512494,369.75421142578125,2913900
GS,2024-01-08,369.3045326879162,372.28023464219405,365.53465224173937,372.0697326660156,1902600
GS,2024-01-09,367.99368885860736,369.28540419435967,365.2858666747871,367.1708068847656,1708800
GS,2024-01-10,364.88406501512594,366.5106448482742,362.1858200449815,365.46771240234375,1547300
GS,2024-01-11,364.44390988554943,364.530020353125,358.50202482385004,363.3531188964844,2209900
GS,2024-01-12,366.7881147211515,369.1897471066587,360.31998913781257,361.4394836425781,2223800
GS,2024-01-16,362.023074451099,368.38596264424876,358.15753548609746,364.0228576660156,3926600
GS,2024-01-17,358.99958483192916,363.78369428224863,357.97577840158795,360.8940734863281,2415100
GS,2024-01-18,363.9080259059984,365.16148934015376,358.38717457794866,360.6357116699219,1771200
GS,2024-01-19,360.46350991669846,366.7498073465014,356.00471654403674,365.69732666015625,2603300
GS,2024-01-22,369.677705841125,375.77268604635134,367.9554380518216,369.29498291015625,2922700
GS,2024-01-23,363.57317229968913,366.8072055823086,362.28145697917773,364.32904052734375,3313300
GS,2024-01-24,365.3241325401239,368.0032219252369,362.8076865105976,363.0181884765625,2235800
GS,2024-01-25,366.1661731695124,370.01258667373,365.51554128917667,366.1757507324219,2376300
GS,2024-01-26,362.3006055011166,364.4534547696164,360.482649736583,361.4777526855469,3464700
GS,2024-01-29,359.65980134797536,364.3960522770401,358.08102183839975,364.1281433105469,1632300
GS,2024-01-30,367.41960577917916,371.1703604361251,365.1136615201724,370.1656799316406,3897900
GS,2024-01-31,369.3332041668124,376.9016678909006,367.132525770124,367.42913818359375,3421100
GS,2024-02-01,367.83103638391214,372.72041148183655,362.44412440944,367.2760925292969,2138500
GS,2024-02-02,365.3145768654021,371.9549229533699,364.16640814579887,371.1129150390625,2180900
GS,2024-02-05,367.99366734312093,368.6921285639246,364.5491030491366,366.48187255859375,2231100
GS,2024-02-06,366.4818811451273,370.1178215628099,366.4627552207818,368.3668212890625,1487800
GS,2024-02-07,368.6730064062622,370.35702212272093,365.9843394770749,369.9647216796875,1963200
GS,2024-02-08,369.33324419427737,371.3521243370105,364.8744507474275,368.4147033691406,1913700
GS,2024-02-09,368.15632475554713,369.45761762736265,366.0704601756016,367.6683654785156,2028200
GS,2024-02-12,368.3764507585402,379.2363857312697,367.7258188404984,375.68658447265625,2797200
GS,2024-02-13,370.8545722867716,372.3567895787851,358.99956491066774,362.3962707519531,3030800
GS,2024-02-14,364.43435082820355,365.0084498410802,359.5545530185851,361.71697998046875,2041300
GS,2024-02-15,363.0373887448925,370.4910105395836,362.76947977306634,368.7783203125,2218900
GS,2024-02-16,366.6924087509818,370.84501221529746,364.50130766489747,367.8406066894531,2376800
GS,2024-02-20,364.5012825658485,368.9313430470063,364.40559454425045,367.9171142578125,2358900
GS,2024-02-21,365.35286086401476,371.8783930526646,364.79791702504497,371.5052185058594,1772500
GS,2024-02-22,372.4237493197239,378.5186993434379,372.20366979991513,373.6101989746094,2326800
GS,2024-02-23,373.1605403371301,379.65736920255773,372.40464286150444,374.1651916503906,2247400
GS,2024-02-26,374.16518202204696,378.95886895314015,372.031487931671,373.37103271484375,1797800
GS,2024-02-27,375.3229502449211,378.80576661372487,372.5194400174198,373.935546875,1724900
GS,2024-02-28,373.0972324340386,378.9463063234479,372.914145617237,378.86920166015625,2572900
GS,2024-02-29,380.83496650130576,381.5673137831702,371.63257474484163,374.8895263671875,3139100
GS,2024-03-01,375.4484623210819,376.8071454311398,371.2278784912883,373.9741516113281,1697700
GS,2024-03-04,374.6582280184867,382.1357916779887,372.14323999577454,377.9730224609375,1955100
GS,2024-03-05,376.49876742174393,383.0223457160285,376.1036868706068,376.6818542480469,2697800
GS,2024-03-06,380.62297940609915,380.9024323590647,370.5244148343906,375.390625,2692400
GS,2024-03-07,377.6358161290999,380.1508339606979,372.9719835300007,374.2921142578125,2033100
GS,2024-03-08,374.58116813787905,381.2203733220641,372.6346724871906,372.90447998046875,1657200
GS,2024-03-11,371.63255004536387,372.3456064102217,367.53723985089175,372.1047058105469,1654200
GS,2024-03-12,373.5115934528171,374.9666426267314,369.8113634102857,374.05120849609375,1703900
GS,2024-03-13,374.7546412625808,380.86387741192016,374.05120087091416,378.0308837890625,2370600
GS,2024-03-14,380.07371914578334,381.95275574459305,371.4205876953568,374.4655456542969,3029500
GS,2024-03-15,374.71606914507055,376.89382002901124,372.3359699864135,373.1164855957031,3763900
GS,2024-03-18,374.50406941862093,374.87024303819425,369.4548022185552,370.3798522949219,2069000
GS,2024-03-19,370.0908011797232,376.5565654054172,369.7438890051019,374.51373291015625,1858200
GS,2024-03-20,372.29745304198184,382.06839664522937,371.95057025235445,382.03948974609375,2157400
GS,2024-03-21,385.21932699892864,398.95066141769865,384.56408441412395,398.6519470214844,4613800
GS,2024-03-22,399.31681890429394,401.59093580417084,391.0105711247013,392.0127258300781,2190300
GS,2024-03-25,392.0609481775298,395.520277656426,389.1604952149203,390.2012023925781,1683900
GS,2024-03-26,391.3093059217444,394.4313683740083,389.7964430542215,391.3960266113281,1407000
GS,2024-03-27,394.7108386868565,400.3671804753719,393.5063356004839,400.13592529296875,2353600
GS,2024-03-28,401.0610097368965,403.9422013625954,399.87579741888135,402.4871520996094,2409700
GS,2024-04-01,401.5138930874282,402.73768711462554,397.0042403277487,398.45928955078125,1863900
GS,2024-04-02,395.7900795606705,398.13165597373217,392.7836444800349,395.2215576171875,1976000
GS,2024-04-03,396.0405589670375,401.4656448083422,396.0405589670375,398.9313659667969,1549200
GS,2024-04-04,402.785861328125,403.7494638671875,390.93356186038255,391.4635314941406,1704700
GS,2024-04-05,391.762205544498,394.24831630681916,386.8574726550846,393.2172546386719,1694900
GS,2024-04-08,394.2097612181661,397.5149105056917,392.7161598029418,395.59735107421875,1181900
GS,2024-04-09,396.5320384907106,398.1797903834775,392.2343505546674,395.7611389160156,1247200
GS,2024-04-10,389.3050171431371,390.6926069591989,382.8296078037858,386.1733093261719,1903300
GS,2024-04-11,385.9034717855262,386.8574286822466,380.46874052792157,383.0126647949219,2176200
GS,2024-04-12,378.5415503737409,379.7460533326509,373.0297436574964,375.3134765625,2815800
GS,2024-04-15,392.18621348175355,397.8425553937097,384.178679141342,386.2889709472656,6177000
GS,2024-04-16,389.72902113023633,390.23008381581013,380.796407633558,382.4152526855469,3459700
GS,2024-04-17,387.75363005181396,392.30183491000645,386.57803385606206,389.20867919921875,4373800
GS,2024-04-18,390.73112252696563,393.0148554792559,387.76324011375556,388.437744140625,2776300
GS,2024-04-19,389.3531934316178,393.14978933806464,388.3414226482521,389.2953796386719,2805500
GS,2024-04-22,392.1283799179026,402.7665591065493,389.84464683651333,402.15948486328125,4165600
GS,2024-04-23,402.5063460635149,409.8682824378451,401.0513264513531,408.5674133300781,2662300
GS,2024-04-24,406.15840858306865,409.12629101402626,404.3371859453271,407.6423645019531,1575900
GS,2024-04-25,405.66698861251604,408.1916223425894,399.7504848231797,404.7611999511719,1970100
GS,2024-04-26,404.93469885136466,412.9325880300249,404.36617689157794,412.0075378417969,2322700
GS,2024-04-29,412.0075150449372,417.55784527401397,411.65098683622307,415.12957763671875,2453000
GS,2024-04-30,412.90365914859024,415.6884844072434,410.49465296919357,411.1788024902344,1829900
GS,2024-05-01,411.15951865805897,417.6541895541885,409.71411502905835,411.4100646972656,2310100
GS,2024-05-02,415.5053698950379,417.8661781494299,412.58565577645675,416.82550048828125,2087500
GS,2024-05-03,419.1670138530501,426.201299104412,419.08993860559053,422.23126220703125,2406300
GS,2024-05-06,425.67135485125067,428.20563383649613,423.67669085067973,427.521484375,1914300
GS,2024-05-07,428.96691910218726,431.1350246323604,426.7506158050334,427.6467590332031,2058200
GS,2024-05-08,426.68312495943576,431.713130593002,425.9604231695947,430.6820983886719,2006700
GS,2024-05-09,430.09431349332704,439.8170586734611,430.09431349332704,438.9787292480469,2710200
GS,2024-05-10,439.9037823001794,442.0526263619173,437.78387454264066,438.178955078125,1823900
GS,2024-05-13,439.66286801056253,440.55904061527986,436.8202584999801,437.051513671875,1579600
GS,2024-05-14,438.2849248773185,444.96268264655566,437.4851478009763,441.7828063964844,2412900
GS,2024-05-15,444.7892467833543,449.2218238890415,444.17255651325183,449.1254577636719,2217700
GS,2024-05-16,447.46807537379357,451.20685767154924,445.45414973542796,447.61260986328125,2070300
GS,2024-05-17,449.4049127279207,451.60192512489755,447.35243481624235,450.6961364746094,1655900
GS,2024-05-20,451.1587075453093,454.3193226060441,445.7625276007629,446.09014892578125,2591500
GS,2024-05-21,445.40594744222886,454.155444285484,445.3770405465335,453.2882080078125,2762600
GS,2024-05-22,450.3491971375446,453.211097401075,443.016197093207,445.55047607421875,2729500
GS,2024-05-23,447.33317615359175,447.4102514106291,440.76140038396494,441.4744567871094,2254500
GS,2024-05-24,443.1029413017159,448.3160340170617,442.3898849081934,444.3941650390625,1932200
GS,2024-05-28,443.199339193045,446.8128485924272,442.20682978762056,443.0740661621094,1930800
GS,2024-05-29,438.2849107964072,442.04295426397726,435.2110167969151,440.5301208496094,2315700
GS,2024-05-30,439.1535217221937,441.9260882546718,433.9185849961022,436.46820068359375,2135000
GS,2024-05-31,436.0125654467162,442.8082764243594,434.4226797772276,442.56591796875,2638300
GS,2024-06-03,444.84411089826,444.84411089826,436.4391358939854,441.0730285644531,1930700
GS,2024-06-04,436.7299386967325,443.71954829979626,435.4793607772164,441.3832092285156,1835000
GS,2024-06-05,443.56444030654524,448.86724457857844,443.5159804486021,447.5682067871094,1678900
GS,2024-06-06,447.70392061961877,450.3213741053893,443.04094645002766,444.0976257324219,1598000
GS,2024-06-07,441.51892567609707,447.0640881130653,440.60765555086033,441.005126953125,1736100
GS,2024-06-10,438.50399607411913,441.4413794275642,436.53604656121405,439.68670654296875,1698600
GS,2024-06-11,437.2534547932082,438.0483680708808,429.82758790439016,430.69036865234375,1938200
GS,2024-06-12,441.67407307684493,443.65172643741687,432.55169689283855,434.9849853515625,1733000
GS,2024-06-13,433.07517669082273,434.61657289890246,428.6351532725354,432.706787109375,1849100
GS,2024-06-14,428.4800451632076,434.52933232511464,425.7268566611842,432.81341552734375,1559100
GS,2024-06-17,431.49499748323467,437.00137445859474,429.8372739413624,436.4197082519531,1531600
GS,2024-06-18,435.8283842360524,443.70018238600386,434.8007867190256,443.4481201171875,1798400
GS,2024-06-20,444.00067344544897,446.33701241702664,441.3250267322317,444.04913330078125,2080600
GS,2024-06-21,444.6598956891883,444.7762230135622,436.1482679668233,436.4197082519531,3780800
GS,2024-06-24,437.45700872718606,449.3519509787901,436.2452164592437,447.9656677246094,1882200
GS,2024-06-25,445.41606758998915,449.89484723490585,442.7889101452231,443.399658203125,1555900
GS,2024-06-26,441.4898589581962,443.9328215309895,438.62034313836034,441.92608642578125,2131700
GS,2024-06-27,436.0319184055676,436.0319184055676,429.2652600634433,432.32867431640625,2835200
GS,2024-06-28,436.3421794118663,443.3608709802936,435.78959502004756,438.49432373046875,3839700
GS,2024-07-01,440.617387625701,449.83668340052856,440.1326707018065,449.4877014160156,1850500
GS,2024-07-02,447.40339689546516,452.01788160796275,445.5517748105087,451.3780517578125,1491800
GS,2024-07-03,454.7032232458011,455.52724786631524,451.58164532657145,453.6174621582031,993900
GS,2024-07-05,453.18123375997146,453.28785728059626,446.0655929969003,450.54437255859375,1593800
GS,2024-07-08,453.35575909979815,460.3453692609896,449.8561169085079,450.6122741699219,2214300
GS,2024-07-09,451.36839278250034,464.6496183736858,447.4712498894842,458.37738037109375,4525100
GS,2024-07-10,458.0671442586045,465.19245855340824,455.48844696957934,464.25213623046875,1946000
GS,2024-07-11,465.3282405113438,468.3916549782162,461.7122416585187,464.581787109375,2251400
GS,2024-07-12,466.22977717227866,468.6630654087154,463.4862926130251,465.2118835449219,2727800
GS,2024-07-15,465.5705899626849,477.93087111213674,461.7510183622686,477.1844177246094,3568200
GS,2024-07-16,478.9002798587317,491.10544740860263,476.9517085241637,487.6445617675781,3981700
GS,2024-07-17,487.6252346185461,493.9071767210093,484.16434861643455,486.8302917480469,3908900
GS,2024-07-18,484.2515185305486,488.2940701382639,469.4191945291137,471.3483581542969,3320200
GS,2024-07-19,474.1694740931788,477.5431144998245,468.4207385343761,470.1075439453125,2032700
GS,2024-07-22,469.74883918273974,474.50876268505067,467.6354806016875,472.1530456542969,1792500
GS,2024-07-23,472.19180554079855,480.6549733236401,471.41627032936265,477.1068420410156,2020500
GS,2024-07-24,474.3052040428614,480.82947476951256,470.97034930854386,471.8234558105469,1598600
GS,2024-07-25,471.193298851377,480.94580076500665,468.4595179490486,476.6802978515625,1489700
GS,2024-07-26,480.5677570819038,488.5946683064038,480.49988961096,483.7765808105469,2249700
GS,2024-07-29,485.124044938616,486.65573722972954,476.05012975280204,477.6593933105469,1599500
GS,2024-07-30,483.07860467150664,493.8974905530543,483.0689008653721,490.2136535644531,2642500
GS,2024-07-31,489.42836453310764,501.44936806920504,489.42836453310764,493.4709167480469,2658900
GS,2024-08-01,494.41126311727436,498.3084061255124,479.55952944642553,484.833251953125,4006800
GS,2024-08-02,476.0889405718341,479.3462239081839,452.9291531092723,456.25433349609375,6115500
GS,2024-08-05,433.9088507195794,449.0223194053046,424.00123656307284,444.9894714355469,4177200
GS,2024-08-06,446.91872076955434,460.7234497006101,443.4481309250095,455.8471984863281,2209300
GS,2024-08-07,464.7368721076595,473.6168594618006,458.125326654563,458.5518798828125,2587600
GS,2024-08-08,463.2633534314387,472.821986664532,462.5750636753378,470.921875,1936400
GS,2024-08-09,470.1948046106356,476.9614636684835,467.4610235837931,475.274658203125,1622700
GS,2024-08-12,475.2746402427754,477.804848345198,468.9636165253534,470.6601257324219,1839300
GS,2024-08-13,475.3036994466409,478.19259319603464,471.60045528202306,476.90325927734375,1243700
GS,2024-08-14,477.8339612114469,484.08682167180876,473.47150868136407,483.4566955566406,1545600
GS,2024-08-15,489.564101378636,491.41572360927063,483.03012660162096,483.7668762207031,1732300
GS,2024-08-16,481.85707102374084,489.47683627455854,481.8086111663856,488.8467102050781,1587000
GS,2024-08-19,489.56410166946904,492.25912662992187,486.5200651336447,489.2538757324219,1027900
GS,2024-08-20,488.46867763038165,488.7498217584549,481.3239541820293,482.1382751464844,2122700
GS,2024-08-21,484.2321822453785,485.4730563237976,478.9293781853466,481.28509521484375,917100
GS,2024-08-22,481.80859969717244,484.42608279704166,479.6661592780298,482.5356750488281,943800
GS,2024-08-23,487.38283218537475,496.7766478666791,484.57148014442225,493.8489685058594,1751800
GS,2024-08-26,496.6797438898614,497.8042610740466,489.8742996143419,492.3463439941406,1084200
GS,2024-08-27,492.3172329239338,495.8459859808887,491.10544073428224,491.7549743652344,977900
GS,2024-08-28,491.11516631992725,492.8310534860563,483.23366483532516,487.9450988769531,1568100
GS,2024-08-29,490.53352455528307,497.5522161114368,485.8220902790202,494.5082092285156,1566300
GS,2024-08-30,495.22003410461633,498.4966172472132,492.62611088979514,497.5799560546875,1838900
GS,2024-09-03,494.868974636918,497.0436120491368,473.34698935996875,475.3558349609375,2373600
GS,2024-09-04,474.6147411257296,483.8788461752616,474.6147411257296,478.4569091796875,1509400
GS,2024-09-05,481.32388716823084,483.45950959353604,471.07488152912816,475.76544189453125,1828300
GS,2024-09-06,474.5172264795026,483.10846271944985,465.2141061783407,467.7007751464844,1995600
GS,2024-09-09,473.4738018911858,482.00653061436213,471.38695571284006,476.4383239746094,1714200
GS,2024-09-10,476.98438677359354,477.0526557415137,450.10873325870216,455.5306701660156,3583100
GS,2024-09-11,452.45893034970976,460.1725208304983,446.12033175141846,459.47039794921875,2426500
GS,2024-09-12,459.5970984858225,462.56162032500396,453.8436078298893,462.28857421875,1480500
GS,2024-09-13,464.17065406966645,470.1289517661339,463.69283081236307,467.0961608886719,1794500
GS,2024-09-16,469.4755851408963,475.2778523552131,467.58375497823477,473.11297607421875,1500300
GS,2024-09-17,475.8824569985024,477.56951002884716,469.83639748517714,473.3372802734375,1444900
GS,2024-09-18,473.3469784045231,480.7485067889839,469.807110533739,472.5473327636719,1699500
GS,2024-09-19,482.45508413596525,493.8353190498201,481.206869051377,491.3193664550781,3060700
GS,2024-09-20,487.7697430967793,489.5835429981512,483.1767058293049,486.0534362792969,4452600
GS,2024-09-23,485.8389000888172,488.94969132944846,482.9231545364198,485.05877685546875,953200
GS,2024-09-24,485.23434047705405,487.15542460274406,481.83101018080276,485.6536560058594,1035400
GS,2024-09-25,486.12171765481054,489.5348089522866,478.2228432715498,478.9444885253906,1763900
GS,2024-09-26,481.7334870716987,486.0242247292849,480.25124090192776,484.58099365234375,1378100
GS,2024-09-27,486.5800390987681,492.8503681364502,483.54724827065803,486.1314697265625,1420100
GS,2024-09-30,482.60140935430525,484.19090985459786,476.7601267028303,482.81591796875,1602500
GS,2024-10-01,482.29903444996796,482.29903444996796,472.57659906487277,477.9985656738281,1528600
GS,2024-10-02,478.97376051949203,482.57210667306344,475.8337152166563,479.77337646484375,1445100
GS,2024-10-03,477.76451655271836,478.3301312092289,472.1768175152347,474.0296325683594,1290600
GS,2024-10-04,483.3328074387467,483.9861540438054,473.93216341067154,482.8647155761719,1721600
GS,2024-10-07,482.3478349433548,486.6190798161087,478.6031896499283,482.33807373046875,1173300
GS,2024-10-08,484.65897004880776,485.96569287575187,480.54375587329326,484.2396545410156,1296700
GS,2024-10-09,485.8291435477788,493.6987337211155,482.9523834737508,492.63580322265625,1695900
GS,2024-10-10,493.7378118131374,494.21563509787734,487.184674971893,491.2121276855469,1309000
GS,2024-10-11,495.3858756630022,505.10828248800624,495.190829949767,503.4797668457031,2409700
GS,2024-10-14,504.79622399719324,510.08162296973865,502.70934818751334,509.7695617675781,2174900
GS,2024-10-15,525.4210096702187,527.088569974204,502.7093466272229,509.40875244140625,4525400
GS,2024-10-16,516.8395408666933,522.9050631353864,512.9193426613981,516.7030029296875,2649000
GS,2024-10-17,518.0487488302595,521.9981712146692,515.1134807372814,515.8643798828125,2123500
GS,2024-10-18,516.2447457739004,517.5904837934726,513.7873007782305,515.3768310546875,1779200
GS,2024-10-21,514.8892096371426,516.693248400952,504.1623511030354,504.9424743652344,1752100
GS,2024-10-22,502.80684686072703,506.72704507691975,500.20316243573996,505.4300537109375,1588000
GS,2024-10-23,502.99213102361,507.0878525054565,500.65176126226135,504.3573913574219,1263200
GS,2024-10-24,506.1127058089177,511.9637197489052,505.3325825208377,511.47613525390625,2058200
GS,2024-10-25,514.9379857124238,515.6693624726023,498.0578124682878,499.8716125488281,1633200
GS,2024-10-28,502.60210456126885,511.5639096625104,502.192490744967,510.5789794921875,1687100
GS,2024-10-29,508.2385676132546,514.1480893182359,508.0630443372165,511.2616271972656,1281600
GS,2024-10-30,510.40349308134,517.609946963627,510.08167063660215,511.378662109375,1441600
GS,2024-10-31,509.467237369858,511.96366734795225,501.7536776370999,504.93267822265625,2061700
GS,2024-11-01,507.08789368470906,513.5630303041548,504.2013719397577,506.4540100097656,1625000
GS,2024-11-04,505.1375052364732,505.18625177900697,497.83349948118797,498.7696533203125,1797800
GS,2024-11-05,500.26168080870883,514.3626455193753,499.8715894134975,513.8750610351562,2169900
GS,2024-11-06,553.2133149351663,583.74585135807,552.043100330373,581.18115234375,8042800
GS,2024-11-07,575.3497011461089,580.225546071076,567.0802871996341,567.714111328125,4475600
GS,2024-11-08,571.8586065560047,580.3718726708888,566.8657458783068,574.6281127929688,2714000
GS,2024-11-11,584.0286564730607,592.0737996012759,581.3664050009523,587.3832397460938,2510800
GS,2024-11-12,583.1998119243974,587.1395327997582,576.7831832017418,577.8754272460938,2392900
GS,2024-11-13,579.8647574131488,588.5632483803957,577.933941805516,579.4649047851562,1763100
GS,2024-11-14,585.1014528941228,586.5934901684096,571.6831167179486,573.9942626953125,1670500
GS,2024-11-15,578.6262955602988,580.3621250457153,572.5120260654288,578.8018188476562,2007700
GS,2024-11-18,579.9428154979903,580.293862076339,570.200826551842,573.3896484375,1848900
GS,2024-11-19,565.2664649061747,570.2398627691646,561.2195490634977,566.9437866210938,2217400
GS,2024-11-20,569.3329474910147,573.2043399437863,562.3019574065572,567.4801025390625,1528600
GS,2024-11-21,571.9463847242527,585.7840353362751,569.9960467071646,581.3079833984375,2281900
GS,2024-11-22,581.4152727444524,588.9436088943054,579.679502754824,587.8124389648438,1733700
GS,2024-11-25,593.6731370396492,596.1208208474333,583.9604915166107,588.0562133789062,2940800
GS,2024-11-26,585.2281303613345,592.112820575046,578.275171180681,590.4647827148438,2846500
GS,2024-11-27,592.5907368659595,597.0472666849138,588.3000286440081,590.3966064453125,1424500
GS,2024-11-29,594.1802337163602,597.515295102198,591.9861034194365,593.4586181640625,1170200
GS,2024-12-02,595.8399592956962,599.6717327155725,589.2739477813572,589.67578125,1804100
GS,2024-12-03,596.7807956055075,599.1915572195197,588.7839624568436,590.0383911132812,1718100
GS,2024-12-04,590.9399569692531,592.1943855888462,584.8247669848581,586.7357788085938,1617300
GS,2024-12-05,588.519393089292,594.4287616280966,584.4229407005215,584.8639526367188,1672800
GS,2024-12-06,585.2167821906544,588.0000085494817,582.4826036841027,587.6864013671875,1405700
GS,2024-12-09,587.0101436627373,590.9399529199629,581.8455249335763,582.237548828125,1633200
GS,2024-12-10,578.1999778406807,584.3445967458152,572.0847876453558,573.3294067382812,2600800
GS,2024-12-11,578.3176596457034,581.8358863560314,575.162088005076,580.7088623046875,2195300
GS,2024-12-12,580.7382116456557,584.3935924126753,576.8377710703746,579.7777709960938,1218400
GS,2024-12-13,582.1200049538681,583.100004962208,573.3784216275237,573.7703857421875,1215000
GS,2024-12-16,576.2399767405814,576.5045958705252,567.1259890713501,574.6033935546875,1713300
GS,2024-12-17,569.2232349548748,569.9777942924952,560.8441869761816,563.1864013671875,2314100
GS,2024-12-18,565.940121248466,567.8805018706464,533.6001252017471,539.2449340820312,3271600
GS,2024-12-19,550.2112296091971,555.6600274861479,542.528002910781,542.9102172851562,2753300
GS,2024-12-20,543.841180853086,561.4420016891872,542.3123833062141,554.7779541015625,4515900
GS,2024-12-23,553.6999516663352,560.2071654537752,550.5639399771939,559.3643798828125,1519500
GS,2024-12-24,562.7159891113871,571.1341552734375,559.9327629060526,571.1341552734375,913400
GS,2024-12-26,566.586929215484,570.9381308807182,565.9499053961872,569.6052856445312,1092000
GS,2024-12-27,565.4600403405334,570.3208622205128,559.9230160197347,564.6564331054688,1486000
GS,2024-12-30,555.924610689264,564.4996105589039,553.7979676551878,562.0789794921875,1265900
GS,2024-12-31,563.5686145332905,565.3815906311718,558.992031221605,561.1676025390625,1055800
GS,2025-01-02,567.7238074467605,572.6238075316834,558.3452001064835,563.4705810546875,2219000
GS,2025-01-03,569.38,570.4972143554687,560.295380859375,568.5274047851562,1422600
GS,2025-01-06,573.2803955477352,581.777038831839,568.223621736532,571.7222290039062,2257000
GS,2025-01-07,575.3677683487683,576.5144113807061,557.0320071811979,568.517578125,2021900
GS,2025-01-08,569.4192371635834,569.5760706758438,561.2166411032008,568.419677734375,1513400
GS,2025-01-10,564.7249246324812,564.7249246324812,546.8497365883951,548.7999267578125,2817900
GS,2025-01-13,546.7223721230051,554.8661692439023,545.6247769737337,551.6909790039062,1871200
GS,2025-01-14,558.2667712482228,562.1182238681534,553.8960095485244,560.0994262695312,2221900
GS,2025-01-15,586.0399915667688,597.2217650875015,581.1399916372808,593.8015747070312,5119800
GS,2025-01-16,597.7901637056506,604.5031992942181,593.879973450767,600.7301635742188,3224500
GS,2025-01-17,605.4439892419379,614.4600012227703,600.7400011954676,613.4212036132812,3425200
GS,2025-01-21,604.4737738830023,622.7213683816635,596.8199765759772,622.045166015625,5076700
GS,2025-01-22,620.7711999484322,622.8879736217385,617.1158191034494,620.0753784179688,2835700
GS,2025-01-23,622.2215444692138,632.6291390353576,621.8001516732133,626.7099609375,2582700
GS,2025-01-24,617.3999637756506,627.7879392403817,616.3807853686513,624.1619873046875,3183500
GS,2025-01-27,612.4999518102945,622.9957725177171,611.9707733851318,620.6143798828125,3351700
GS,2025-01-28,619.5559696134095,626.2983739376916,619.1737552840668,625.0439453125,2338000
GS,2025-01-29,624.2599804803945,636.0199801126782,623.6817541801153,624.6323852539062,1918900
GS,2025-01-30,631.600189211272,636.5296179127001,628.1799987881823,632.7860107421875,1812800
GS,2025-01-31,637.0000173460306,637.0000173460306,624.6912194034302,627.592041015625,1995100
GS,2025-02-03,613.4800604203364,625.7104424842555,610.0304409399657,619.72265625,2102600
GS,2025-02-04,619.3600060825348,624.9165893890573,616.5082323728878,621.4963989257812,1743400
GS,2025-02-05,625.2400036198401,633.4817773491966,622.8194323167636,632.541015625,1908200
GS,2025-02-06,636.9999710689897,645.6729467493027,635.9611735087475,645.0555419921875,2439200
GS,2025-02-07,646.2120435612535,650.5926149834218,640.096793131298,642.7820434570312,2616700
GS,2025-02-10,645.839599354475,649.2401705393565,631.364980657299,637.5194091796875,2351600
GS,2025-02-11,633.8444043142249,636.0591539848384,630.7279517974586,634.295166015625,2711400
GS,2025-02-12,630.8848289438682,637.4605908645503,626.3278048781474,636.02001953125,2295800
GS,2025-02-13,638.7934130696852,638.9599963206791,627.6998059558312,635.9710083007812,2031800
GS,2025-02-14,637.3136684694332,649.9948720815875,637.3136684694332,647.3390502929688,2246000
GS,2025-02-18,649.3381793908495,658.7461547851562,647.7995723243099,658.7461547851562,2350100
GS,2025-02-19,655.6983800759806,657.6191416873057,650.0143923567667,654.7869873046875,1953600
GS,2025-02-20,654.6694134747465,656.8744134234294,619.026759274965,629.414794921875,3929000
GS,2025-02-21,631.8550377420894,634.5500379030676,610.9614293163339,613.0880126953125,3000800
GS,2025-02-24,620.8398441523128,624.5540228259968,602.5040215977683,613.6172485351562,3274100
GS,2025-02-25,615.959409994818,618.693588378536,593.8799819547708,602.6117553710938,2885900
GS,2025-02-26,604.3365759407764,610.6673973973901,602.8960046691417,605.4146118164062,2001200
GS,2025-02-27,605.1892057436481,612.725408475895,595.1638244324131,595.8400268554688,2396300
GS,2025-02-28,598.5877020710075,614.2076185957554,594.8649646164886,612.8681640625,3337200
GS,2025-03-03,612.9765755571404,619.2599839628292,589.261142015849,596.0960693359375,3152300
GS,2025-03-04,586.9565284500029,590.9156827600317,558.9766973201781,572.3412475585938,4061000
GS,2025-03-05,573.2768990154,588.0793062030383,568.0472974181786,584.0906372070312,2600600
GS,2025-03-06,571.799623782615,577.8269593269619,556.0713857534439,559.0751953125,4332300
GS,2025-03-07,559.5675946534653,559.5675946534653,536.6597535008907,551.1962890625,4069600
GS,2025-03-10,534.0892083370338,538.1960549558734,515.2094716105256,523.6102905273438,5272100
GS,2025-03-11,524.4080822852818,531.8142445819522,516.2633355124476,523.3838500976562,4190500
GS,2025-03-12,535.7635229876748,536.7483824049316,520.5868658166095,527.5990600585938,3078100
GS,2025-03-13,527.5596336830025,529.9922677312157,512.1859924176704,516.8640747070312,2529100
GS,2025-03-14,525.9050675174568,535.340037510511,518.7254640477582,533.2127075195312,2808100
GS,2025-03-17,533.0354569895482,548.7242606999802,531.8240991104436,542.992431640625,2695600
GS,2025-03-18,541.958290162511,545.3659255313171,538.3734474154263,543.42578125,2641000
GS,2025-03-19,540.6878567817038,554.4758895593793,536.3544510071562,548.901611328125,2769800
GS,2025-03-20,544.7257952436545,559.8335672500663,543.6424737787355,554.1607666015625,2531300
GS,2025-03-21,546.9220270837562,558.4153202839019,542.8644108704717,556.58349609375,3565600
GS,2025-03-24,566.2941963044742,573.8972825737269,564.3737083121879,571.3169555664062,1877700
GS,2025-03-25,575.8375290858387,578.0042321044738,569.4556584773645,577.068603515625,1875500
GS,2025-03-26,579.481477563563,583.6671303080553,562.3547569659171,565.2305297851562,1944200
GS,2025-03-27,556.4456040478982,557.4304635240892,544.1840915471103,550.4576416015625,2100900
GS,2025-03-28,547.5326764227975,552.0137753332649,529.5688479280263,534.8969116210938,2773100
GS,2025-03-31,525.7376910883197,539.1022413502085,520.5868952800846,538.0188598632812,2455100
GS,2025-04-01,535.02489801971,543.6030454981634,525.166445274142,540.1461791992188,1869600
GS,2025-04-02,531.6271273029236,558.7304790212827,530.9180573412707,554.5743408203125,2560700
GS,2025-04-03,517.4747019587511,521.9656587188498,501.8449870436741,503.4897155761719,5193900
GS,2025-04-04,479.62654790127397,484.55084510765255,453.0353429868296,463.6816711425781,8105200
GS,2025-04-07,440.1336940912691,482.56145717523964,432.72756164706095,458.4619445800781,6353800
GS,2025-04-08,480.85763125968697,484.4720787016769,445.97389596824473,455.22174072265625,4240900
GS,2025-04-09,444.5261577631761,514.0966454340006,440.3405049986273,509.0443115234375,7024100
GS,2025-04-10,495.4828042276025,495.4828042276025,466.8233877054656,482.3841552734375,5374500
GS,2025-04-11,479.62656160021623,490.97213186777213,471.3340316433951,486.95391845703125,3770200
GS,2025-04-14,502.27829962147615,504.2480184435212,489.6228501787322,496.3494567871094,4392600
GS,2025-04-15,499.727573991953,510.7974154642413,499.3237779810053,500.2003173828125,2501200
GS,2025-04-16,494.12369813615373,501.73667271540984,485.2304182586622,491.4941101074219,2765600
GS,2025-04-17,495.6206900756959,507.0352382427205,491.56307370435394,501.77606201171875,2593500
GS,2025-04-21,497.74794447318584,501.5593456167638,487.19025029670365,493.76910400390625,2859300
GS,2025-04-22,502.50485745446946,513.1117831106837,501.22452211204865,512.1170654296875,2514600
GS,2025-04-23,525.5504980288971,543.4355173174877,520.2618081455942,521.2958984375,3048100
GS,2025-04-24,519.119391597421,538.5605676167324,515.4951160379107,537.11279296875,2223600
GS,2025-04-25,536.3544615792817,540.7765312434269,533.0256316484582,536.6105346679688,1612700
GS,2025-04-28,536.6105361899653,546.1045962575979,534.2567075431939,538.1272583007812,1459700
GS,2025-04-29,535.5567356876696,542.5394161196025,533.1044451054607,540.6090698242188,1695600
GS,2025-04-30,527.6482946552421,541.199969948155,523.4035529419607,539.259765625,2438300
GS,2025-05-01,539.8014772751246,549.8962873253442,537.2408665751005,545.4447631835938,2583000
GS,2025-05-02,553.0774066653822,561.1532664682138,551.2258660238679,557.5289306640625,2883000
GS,2025-05-05,549.9061082974688,557.9819678129409,549.0591435967788,551.0879516601562,2197200
GS,2025-05-06,541.2787150422796,549.0000393703982,538.7771937468856,541.0423583984375,2902500
GS,2025-05-07,541.879588328178,546.9712953112224,539.4469540102887,543.5636596679688,1954900
GS,2025-05-08,550.3591718570862,563.4971634201002,549.7584220118214,557.135009765625,1994600
GS,2025-05-09,561.6160640157756,563.438029832697,557.2137714203263,558.5137329101562,1522500
GS,2025-05-12,587.2323327095943,594.2346692995834,579.1761892455464,582.3868408203125,3527700
GS,2025-05-13,584.3170865451051,598.5089445631918,584.0807299001793,594.66796875,2765800
GS,2025-05-14,594.6581350238217,605.6885730925965,593.3778297370559,602.3400268554688,2874400
GS,2025-05-15,600.4983855905501,609.8348948664277,600.4983855905501,606.5750122070312,2428100
GS,2025-05-16,607.6090682238901,611.3908949649983,604.2703801599513,609.6575927734375,2021800
GS,2025-05-19,599.966520534615,610.0022405636839,589.2808197284752,603.0294189453125,2842100
GS,2025-05-20,598.5483329901791,602.290786892054,593.880108797378,597.3369750976562,1601600
GS,2025-05-21,592.6884258857357,600.6362491407987,583.0368149576341,584.4747314453125,2635900
GS,2025-05-22,583.5784905488505,593.0824088634783,583.5391178084353,589.1724853515625,1939600
GS,2025-05-23,576.1428072195944,592.8460459714443,573.6806584707927,589.477783203125,1530600
GS,2025-05-27,596.7264059570081,608.3181616075037,595.7907773927656,606.4075317382812,2364700
GS,2025-05-28,607.9340276160272,609.2635637360878,598.1149483287595,599.2278442382812,2001900
GS,2025-05-29,599.3067067417046,600.7642795286309,589.2414116531664,595.7020874023438,1736100
GS,2025-05-30,593.8611106395726,597.4242531391395,587.7542558001517,594.3065185546875,2129500
GS,2025-06-02,592.4754098569589,593.0395851606872,586.1112055446689,592.5941772460938,1221200
GS,2025-06-03,593.8610863212338,600.1164303464316,587.6552186377613,597.6519165039062,1730300
GS,2025-06-04,599.2850312473636,600.1263707457219,592.5941863073067,593.0792236328125,1294900
GS,2025-06-05,593.861125376735,603.4816466107128,586.8337928907147,599.6809692382812,2086700
GS,2025-06-06,606.7281269483535,615.0223923094741,603.7588212699766,607.7178955078125,1675900
GS,2025-06-09,608.460193791987,612.7656626622756,604.7584692164882,607.2427978515625,1610700
GS,2025-06-10,606.7281171487479,610.2417833959403,603.0758688069066,608.5789794921875,1376400
GS,2025-06-11,610.8653410389386,623.3958446011337,608.3018743470824,617.7838134765625,2063600
GS,2025-06-12,614.6462989618428,619.6050493003357,609.499490173424,618.7142333984375,1634700
GS,2025-06-13,609.746901963581,613.7752672035548,603.3530358058073,607.2625732421875,1674800
GS,2025-06-16,612.6667201337962,625.8009678596803,611.676951603693,621.4261474609375,1870400
GS,2025-06-17,618.3084071323312,625.20706472637,616.6257885645463,618.2490234375,1479300
GS,2025-06-18,618.1203427542885,633.3330799424932,617.2691563329996,628.7405395507812,2423100
GS,2025-06-20,632.2938373662818,636.0648529920873,630.1757182455732,634.24365234375,4115400
GS,2025-06-23,632.7194432072288,640.7959278703108,623.5640842605418,640.261474609375,2020800
GS,2025-06-24,647.7540319023606,656.978681927598,646.5563902233035,655.3356323242188,2307800
GS,2025-06-25,657.8001359064345,663.263677482194,654.029120252038,663.0162353515625,1566400
GS,2025-06-26,663.7585833484985,682.2771747555732,663.6497233060397,680.1293334960938,2849500
GS,2025-06-27,683.9300628340242,687.0973342520047,678.3774758094336,683.7420043945312,3650500
GS,2025-06-30,706.9619770460187,706.9916386879383,695.7577901989254,700.5086669921875,3976400
GS,2025-07-01,700.7561554608908,705.7149057182083,693.4417511475592,699.23193359375,3301000
GS,2025-07-02,701.5479440087702,711.3763385709767,697.866033958692,708.5654296875,2906500
GS,2025-07-03,708.5851748488981,718.5719660821709,706.100906537578,716.2756958007812,1502000
GS,2025-07-07,714.3159542405217,716.5626877056702,699.1131242447611,703.6561279296875,2863700
GS,2025-07-08,703.4483059287273,703.9135285813279,686.6717765937854,690.1458740234375,3100700
GS,2025-07-09,697.1336563998826,697.1336563998826,687.6021797563134,689.4332275390625,1763400
GS,2025-07-10,689.611345302375,703.1118031252264,689.3243341642926,701.8646850585938,1733500
GS,2025-07-11,696.3912949655968,698.7766106393466,693.0656266572365,697.7373657226562,1681800
GS,2025-07-14,697.5294757487885,706.1305668337345,694.9461943411562,706.0018920898438,1909300
GS,2025-07-15,706.001907765467,707.3777005741214,692.8775668826278,695.3223266601562,1981200
GS,2025-07-16,701.2510158389854,702.5179485767937,684.226984741422,701.5677490234375,3323200
GS,2025-07-17,699.0537256543805,710.1094228919395,697.0741886530291,698.6182250976562,2046100
GS,2025-07-18,699.8257544174318,703.0226875293339,691.244477931933,701.0134887695312,1925200
GS,2025-07-21,701.884499140527,705.4674565357291,697.1434690212309,698.776611328125,2006500
GS,2025-07-22,696.4605222520902,699.2615842075783,684.8010799634999,693.2437744140625,1978900
GS,2025-07-23,694.8174845404602,711.6534563315716,694.3226002922121,710.1787109375,2395700
GS,2025-07-24,711.5742741788217,718.3443174300827,707.4172343165159,711.8217163085938,1974700
GS,2025-07-25,713.3855552495886,722.4221465067459,711.000179329515,721.5214233398438,1851400
GS,2025-07-28,720.5515017271013,725.0252748879227,714.7811341870167,716.2460327148438,1464800
GS,2025-07-29,719.4132660583291,726.6188102963173,715.0285985113169,724.4907836914062,2136000
GS,2025-07-30,723.6594007024711,730.3304311426441,715.7808212034666,723.2733764648438,1816200
GS,2025-07-31,719.1560124204502,726.5297403543162,713.0689112073401,716.1867065429688,2358100
GS,2025-08-01,703.2405045384446,707.2094863290213,686.948891475058,702.3101196289062,2999100
GS,2025-08-04,707.8824743301741,719.3538579183361,707.8824743301741,718.6016845703125,1753700
GS,2025-08-05,720.5514819637217,721.9371820548455,707.2390832986028,713.5339965820312,1977300
GS,2025-08-06,717.0872943219467,720.8484026241088,714.6128730164879,717.3248291015625,1477100
GS,2025-08-07,723.1446627666311,725.4409329553756,710.2677648067764,712.3759765625,1400400
GS,2025-08-08,718.433384670519,720.5515038645076,711.2971920931565,713.890380859375,1275400
GS,2025-08-11,714.8108400944245,716.4340749723003,708.4169136817244,711.881103515625,1273500
GS,2025-08-12,717.8593828346856,740.4854780161448,716.9388448962786,735.774169921875,2418100
GS,2025-08-13,738.1496140401886,741.2475340063388,725.1242261658974,737.0707397460938,1862600
GS,2025-08-14,735.1208496411836,740.5051928317818,729.4594026772313,739.5550537109375,1371200
GS,2025-08-15,741.3366505971042,741.3861269429121,721.7194305109273,723.24365234375,1645900
GS,2025-08-18,722.0361783339397,724.1245755369318,716.4637764016746,723.4812622070312,1157800
GS,2025-08-19,721.6995740721451,722.5310061942164,710.3865273477277,713.9992065429688,1856400
GS,2025-08-20,713.8210343862889,714.8602792001877,698.3311336287584,713.3063354492188,1872700
GS,2025-08-21,709.2087465184784,711.8613190260196,705.6752654886532,708.6248168945312,1162000
GS,2025-08-22,712.7719122592272,737.2192066402048,711.227875793622,734.2993774414062,1948600
GS,2025-08-25,734.299459118198,738.8622779772701,730.7758852324163,731.2311401367188,1381200
GS,2025-08-26,730.1621815317604,741.4949831436088,726.3515363534316,741.2871704101562,1511600
GS,2025-08-27,738.3376002217217,745.2957019743307,737.3973684481706,741.999755859375,1534800
GS,2025-08-28,743.3062470847859,745.6223319895571,739.3471730265402,743.5338745117188,1411200
GS,2025-08-29,743.0264279389994,745.2254869216783,735.2549578670646,741.5736083984375,1467000
GS,2025-09-02,732.7573384728116,732.7573384728116,717.6024280921206,727.24462890625,2296400
GS,2025-09-03,724.9659818030548,728.4089353482295,718.7368529172514,726.9561157226562,1485600
GS,2025-09-04,730.1303395776259,745.2155270938158,727.5630499641013,745.2056274414062,1778200
GS,2025-09-05,748.479375225994,753.6138937158253,723.562921871459,734.568359375,1822800
GS,2025-09-08,735.772363330256,739.8720341727338,729.9512461549409,738.1903686523438,1400100
GS,2025-09-09,736.4789287049982,761.843176305642,734.8967454839394,760.1515502929688,2611300
GS,2025-09-10,758.1016820358489,770.6494615350643,757.8728360752432,765.7836303710938,1996200
GS,2025-09-11,768.1917035803642,789.2572544048721,767.5448857539296,780.85888671875,2075700
GS,2025-09-12,779.6349467622675,783.1475622095404,772.4306718408427,776.2119140625,1099400
GS,2025-09-15,779.0877034887213,788.4711778142154,777.5851426327222,782.87890625,1292000
GS,2025-09-16,785.6352360509024,786.1128487507032,775.8437505665213,781.6549682617188,1529500
GS,2025-09-17,784.9685185834778,794.630640765898,781.3564206089022,790.3020629882812,1945300
GS,2025-09-18,791.6454098498934,803.2976655389605,788.4910646671633,800.34228515625,1501600
GS,2025-09-19,800.1233854557926,805.6658547474963,793.4365041797854,801.0288696289062,3789800
GS,2025-09-22,797.1879417425257,802.0538336483113,793.6056643232324,801.5861206054688,1151000
GS,2025-09-23,803.1185278821127,821.1790176967284,798.0437106243879,802.3424072265625,1758800
GS,2025-09-24,805.5564148760727,808.8302239205458,788.4313520114987,788.5208740234375,1402500
GS,2025-09-25,782.1226203308597,794.2425284570592,778.152312929837,790.8394165039062,1413100
GS,2025-09-26,793.2275637349269,805.5067169397408,791.2076093556941,798.5512084960938,1376200
GS,2025-09-29,803.8150371802991,804.8499456357653,794.0534332294945,800.1531982421875,1059000
GS,2025-09-30,801.5263953011934,805.6260661080684,782.5703828291512,792.4215087890625,2463900
GS,2025-10-01,789.705049407869,792.3519615776999,779.3662889409263,781.6350708007812,1788900
GS,2025-10-02,784.9884142718189,787.0979513306929,768.6295113116388,775.5352783203125,1553700
GS,2025-10-03,779.137399104012,790.9985797962004,774.0227405541524,786.0829467773438,1470500
GS,2025-10-06,791.0782389506592,798.5412412049108,776.2019756437044,792.8494873046875,1632600
GS,2025-10-07,794.0634233823114,801.3473207194702,777.5353759755549,785.754638671875,1547200
GS,2025-10-08,787.8442538872566,791.0782214592599,770.5201650937606,772.679443359375,1939300
GS,2025-10-09,775.0078563045332,779.0478256222702,767.5448543086596,776.1124267578125,1575000
GS,2025-10-10,779.2568210735349,787.7546709191769,760.2311459447426,760.58935546875,2457900
GS,2025-10-13,774.0426835664105,787.1476982863052,774.0426835664105,782.8988037109375,2766000
GS,2025-10-14,760.6789545786792,782.689831015778,738.7974417059322,766.9578247070312,4710800
GS,2025-10-15,774.7789913123208,778.6298953888682,758.8977015909645,764.1417236328125,3217400
GS,2025-10-16,766.8582800939322,777.5851311229701,748.6983079928646,754.350341796875,3160900
GS,2025-10-17,754.4100049319939,755.196085929571,736.3594765409005,747.06640625,2884700
GS,2025-10-20,753.265674041788,762.6391876167959,749.1660031051999,759.5545043945312,1925400
GS,2025-10-21,755.2558216529818,761.5247313459756,754.5294422080326,755.2359008789062,1782200
GS,2025-10-22,756.8578502662779,756.8578502662779,739.4441788252727,740.9268188476562,2141400
GS,2025-10-23,745.6435171357933,751.2755695167299,740.9865502257887,747.076416015625,1615400
GS,2025-10-24,756.1015743014162,780.7394409395921,752.2705909559148,780.0130615234375,2505600
GS,2025-10-27,785.1077889881294,792.7797766991586,783.1276155622509,786.0928955078125,1645300
GS,2025-10-28,788.1427756391898,794.4216457443006,783.4659487678082,788.1826171875,1242000
GS,2025-10-29,784.1127768439603,796.5411536528813,774.9780692952115,779.1971435546875,2251500
GS,2025-10-30,779.6946672970953,803.1583632961381,776.7492472216023,786.2620849609375,1829500
GS,2025-10-31,781.1076545872421,787.8143962811764,779.1374414116776,785.4760131835938,1328100
GS,2025-11-03,785.6750285810837,792.0733018595241,777.5851293202,781.64501953125,1569100
GS,2025-11-04,773.1670397351724,802.0239820161505,769.1867718343478,786.9288330078125,2046000
GS,2025-11-05,786.5407216312519,793.4265679130938,771.7540413446426,789.1776733398438,1832700
GS,2025-11-06,790.0831368588463,794.2624300822426,773.1669991679138,783.69482421875,1572500
GS,2025-11-07,779.1373873113415,783.1773565198896,759.0370236655643,782.4609375,2098400
GS,2025-11-10,792.1529248797401,802.3821816772667,784.9088082370297,793.2673950195312,1698200
GS,2025-11-11,794.5410242963279,807.9943486496317,791.6851870606881,806.3126831054688,1521500
GS,2025-11-12,810.1138695365399,835.8562469499517,810.1138695365399,834.831298828125,2954100
GS,2025-11-13,828.9504709352134,837.1299528459042,801.048815521559,801.5264282226562,2557400
GS,2025-11-14,791.6254869649895,796.6605232201919,774.1620744252183,787.0083618164062,2552000
GS,2025-11-17,786.1029002244866,792.7996814459277,766.6990944594518,771.734130859375,1850600
GS,2025-11-18,768.2513848455894,783.8142464763729,762.7585958620031,772.470458984375,1673500
GS,2025-11-19,772.4704696177307,783.9834016436981,771.1768947153442,782.1126708984375,1521100
GS,2025-11-20,791.3269811122345,811.9746200409725,768.3807399899491,769.88330078125,2599000
GS,2025-11-21,772.9978451245895,776.5203601236574,750.2804505512979,770.211669921875,2284700
GS,2025-11-24,774.7989221788273,790.0731751271883,771.5350735246053,786.8093872070312,2319500
GS,2025-11-25,793.0683581267733,801.2876208406194,774.1521257142285,798.3621215820312,2252900
GS,2025-11-26,801.8647446467892,815.5369542585768,801.0288617202667,811.9845581054688,1862500
GS,2025-11-28,815.9549053302615,826.472770361448,814.910097171469,821.965087890625,868300
GS,2025-12-01,814.5518942967358,820.6615593091528,805.6161516442521,806.8599853515625,2133200
GS,2025-12-02,811.1199951171875,819.7000122070312,808.2999877929688,815.2100219726562,2254200
GS,2025-12-03,812.9500122070312,837.9099731445312,812.9500122070312,836.5700073242188,2347900
GS,2025-12-04,835.5399780273438,843.989990234375,834.5,837.8300170898438,1670800
GS,2025-12-05,837.260009765625,856.2000122070312,836.52001953125,854.5599975585938,2277500
GS,2025-12-08,861.0999755859375,870.5599975585938,856.2999877929688,866.6900024414062,2238100
GS,2025-12-09,866.0,883.719970703125,864.3099975585938,876.5800170898438,2274800
GS,2025-12-10,871.3499755859375,897.2000122070312,869.27001953125,889.239990234375,2394300
GS,2025-12-11,889.97998046875,919.0999755859375,888.0,911.030029296875,2683000
GS,2025-12-12,913.75,914.989990234375,886.989990234375,887.9600219726562,2715200
GS,2025-12-15,892.0,904.469970703125,889.5900268554688,889.5900268554688,1976600
GS,2025-12-16,890.22998046875,896.239990234375,874.3200073242188,879.1500244140625,2161600
GS,2025-12-17,886.3300170898438,895.969970703125,868.4400024414062,872.3300170898438,2213300
GS,2025-12-18,880.5,892.7899780273438,874.7000122070312,876.2999877929688,2066300
GS,2025-12-19,883.1699829101562,899.75,881.9500122070312,893.47998046875,4808300
GS,2025-12-22,896.52001953125,905.47998046875,894.8400268554688,899.0,1442300
GS,2025-12-23,900.3499755859375,905.9199829101562,893.7000122070312,901.7100219726562,1210200
GS,2025-12-24,901.1599731445312,911.8800048828125,898.7000122070312,910.780029296875,771800
GS,2025-12-26,911.0,913.3200073242188,905.3099975585938,907.0399780273438,995300
GS,2025-12-29,906.4500122070312,906.47998046875,891.5599975585938,892.1799926757812,1578000
GS,2025-12-30,894.739990234375,895.02001953125,881.1799926757812,884.4199829101562,1833300
GS,2025-12-31,884.0999755859375,886.0,876.7899780273438,879.0,1221500
GS,2026-01-02,884.0,914.4400024414062,880.75,914.3400268554688,2817600
GS,2026-01-05,914.4000244140625,961.6900024414062,912.5999755859375,948.4400024414062,3742000
GS,2026-01-06,949.4099731445312,958.5700073242188,943.25,955.469970703125,1966000
GS,2026-01-07,956.8800048828125,958.25,934.0,941.02001953125,2683300
GS,2026-01-08,935.47998046875,945.1900024414062,932.0,934.8300170898438,1960800
GS,2026-01-09,938.77001953125,946.1400146484375,932.7000122070312,938.97998046875,1334100
GS,2026-01-12,934.0,950.5599975585938,929.1099853515625,949.5499877929688,2179600
GS,2026-01-13,947.3200073242188,949.9400024414062,931.0,938.1500244140625,1969600
GS,2026-01-14,932.2999877929688,938.1500244140625,917.9000244140625,932.6699829101562,2513000
GS,2026-01-15,924.9000244140625,981.260009765625,924.6699829101562,975.8599853515625,3773700
GS,2026-01-16,973.0,984.7000122070312,957.0,962.0,3071600
GS,2026-01-20,946.3800048828125,962.5999755859375,939.0999755859375,943.3699951171875,2629100
GS,2026-01-21,944.0,968.9199829101562,943.4500122070312,953.010009765625,2251300
GS,2026-01-22,960.0599975585938,970.9500122070312,950.8099975585938,954.6500244140625,2468300
GS,2026-01-23,934.0800170898438,937.1900024414062,917.0499877929688,918.8800048828125,3872600
GS,2026-01-26,918.4099731445312,933.739990234375,917.97998046875,931.8599853515625,2655900
GS,2026-01-27,924.0,933.4000244140625,920.3900146484375,929.719970703125,2012500
