ticker,date,open,high,low,close,volume
IBM,2020-01-02,99.7035703666874,100.38303639081317,99.53370975450093,100.01376342773438,3293436
IBM,2020-01-03,98.64744024372924,99.60016837998808,98.64005525687674,99.21612548828125,2482890
IBM,2020-01-06,98.53666489822274,99.14226921608088,98.37418339095561,99.03887939453125,2537073
IBM,2020-01-07,98.73607200360672,99.67402432953998,98.5218955841291,99.10533905029297,3232977
IBM,2020-01-08,99.34168364955353,100.33872178210977,98.90593992317739,99.9325180053711,4545916
IBM,2020-01-09,100.25007876490093,101.02555539945297,99.93250666081553,100.9886245727539,3902208
IBM,2020-01-10,101.18065057879136,101.82318569638257,100.6710570131676,100.95169830322266,3405148
IBM,2020-01-13,100.05805773855928,100.9147751227657,99.7552556063685,100.88522338867188,3693426
IBM,2020-01-14,100.6488912817124,101.28404727546732,100.1097577945946,100.30915832519531,3850326
IBM,2020-01-15,100.44211219951254,101.9635139163497,100.22792988184085,100.90001678466797,4232011
IBM,2020-01-16,101.41698966823778,102.0595248347448,101.18804916292856,101.90443420410156,4519661
IBM,2020-01-17,100.84090144398947,102.16290229566032,100.56026019891293,102.14813232421875,5881972
IBM,2020-01-21,101.77887750323984,102.91623623195927,101.6237750940812,102.78329467773438,7577329
IBM,2020-01-22,105.84824891248981,107.6724525216257,105.27956370736459,106.26921081542969,17228038
IBM,2020-01-23,106.49817122000985,106.65327362655627,104.98416049673718,105.51591491699219,5918059
IBM,2020-01-24,105.89994686611918,106.29136881318301,103.73601036807091,103.80986022949219,5836889
IBM,2020-01-27,102.28847061014908,103.44799018850426,101.99304755492996,102.37709045410156,4358264
IBM,2020-01-28,103.02702291211868,103.74340795250566,102.47310759581855,103.0639419555664,3610374
IBM,2020-01-29,102.78327997340979,103.0860820798448,101.62376055563914,101.69023132324219,3194275
IBM,2020-01-30,101.00341996977535,101.15851062064888,99.68143042083064,101.01081085205078,5290563
IBM,2020-01-31,105.53808199583041,106.3874086795036,103.97974929747927,106.15107727050781,19868352
IBM,2020-02-03,106.5351081675772,108.77289488686871,106.27661592950774,108.02696990966797,9295488
IBM,2020-02-04,109.14213703722083,110.32380540271458,108.47745300201282,110.12440490722656,5879566
IBM,2020-02-05,110.9368162941969,116.2764973395289,110.89250637638582,115.45671081542969,15048593
IBM,2020-02-06,115.81862896579447,117.24402002941474,114.784659940005,115.77430725097656,8786923
IBM,2020-02-07,115.33397293297435,116.0727744664285,114.11757315536522,114.48324584960938,6718876
IBM,2020-02-10,114.1549377427686,115.2519324664689,113.1176398470635,115.24447631835938,5480831
IBM,2020-02-11,115.75937876768918,115.83399979464534,113.97582307104175,114.5355224609375,4011515
IBM,2020-02-12,114.73698663809652,116.1175647444079,114.56535234845846,115.9011459350586,4641939
IBM,2020-02-13,115.19966122424884,115.54292976944085,114.48325190932142,115.15487670898438,3996452
IBM,2020-02-14,115.23698326232609,115.34146459943338,111.76689744918899,112.4609146118164,6379763
IBM,2020-02-18,111.78182569265022,112.9683654438403,111.66988820500545,112.75941467285156,3496778
IBM,2020-02-19,113.08774267013686,113.3489340461609,112.16985073699279,112.58028411865234,2858613
IBM,2020-02-20,112.54300446048354,113.14746449391464,111.57287165544376,112.84896850585938,3013003
IBM,2020-02-21,112.71464944384257,112.71464944384257,111.07287966620493,111.81913757324219,3699597
IBM,2020-02-24,108.58782689030394,110.4833196545356,108.49081362178944,109.27437591552734,5703210
IBM,2020-02-25,109.3340714043072,109.75197283183562,105.41622467737318,105.75203704833984,6497229
IBM,2020-02-26,106.64012484670377,107.50578837246829,104.17747594867241,104.28941345214844,5656663
IBM,2020-02-27,102.41630393030643,103.49837431499361,99.25963800731301,99.33425903320312,8808471
IBM,2020-02-28,96.99846637975182,97.8268132664553,94.29701881508159,97.12532806396484,13607832
IBM,2020-03-02,97.57307573509812,100.32676373539408,95.48355641755856,100.22228240966797,8923844
IBM,2020-03-03,100.35662137287717,101.56555332175472,95.37162772072469,96.19251251220703,8259321
IBM,2020-03-04,98.19247615012739,100.20736263524103,96.26712892639667,100.16259002685547,5226234
IBM,2020-03-05,97.38652316264644,98.72232279197338,95.85669697113978,96.67758178710938,5696725
IBM,2020-03-06,94.55073763310882,95.76713757099424,92.92389830016667,95.31938171386719,8570192
IBM,2020-03-09,89.6702279684771,91.34930812222073,87.52100560990081,87.9165267944336,11252345
IBM,2020-03-10,91.62543347008656,93.19257034862191,86.3867037882895,93.11048126220703,11935592
IBM,2020-03-11,90.30454095054343,91.47616233819011,86.84936764357762,88.03591918945312,8835039
IBM,2020-03-12,81.82706278425377,81.93900025968358,76.3271486870281,76.72266387939453,13088284
IBM,2020-03-13,81.10320273934012,81.46140747549859,75.23015892621892,80.55843353271484,13077197
IBM,2020-03-16,73.13317208969406,80.15545065054488,70.89440455398329,73.93913269042969,11054128
IBM,2020-03-17,75.08091995416488,80.14800372042217,72.4615549501727,79.58831024169922,9684182
IBM,2020-03-18,74.18540289797059,79.79725554997296,74.17794079519926,77.27490997314453,9176035
IBM,2020-03-19,76.36446502963199,77.3793763981741,73.31227477748783,74.8794174194336,8782739
IBM,2020-03-20,75.31224630140707,75.36448697232522,70.67798900968185,71.1854476928711,11031639
IBM,2020-03-23,70.59588614510481,72.93912851581517,67.5810071194256,70.72274780273438,10176952
IBM,2020-03-24,74.61822923660162,79.13308098987302,74.0734600413765,78.71517944335938,8340699
IBM,2020-03-25,78.71519441837158,83.93899452052779,76.73761188766423,78.9913101196289,9052084
IBM,2020-03-26,79.78232472134043,84.43896827815172,78.78234347910329,84.24494171142578,7482561
IBM,2020-03-27,81.02858065196698,83.20765165463487,80.33456340030216,80.6181411743164,6718458
IBM,2020-03-30,80.66290425158353,84.67030312803007,80.45395348605119,84.27478790283203,5820467
IBM,2020-03-31,83.58077253785376,84.93149639641074,82.21512447506348,82.78227996826172,6635092
IBM,2020-04-01,79.37187696101442,82.02855179946798,77.99876097818175,78.46144104003906,6394093
IBM,2020-04-02,78.63308916161009,82.32706196985892,78.46144890213357,82.0882568359375,6619820
IBM,2020-04-03,81.28229783340161,82.14049312967047,78.29726657306577,79.3569564819336,4747585
IBM,2020-04-06,82.34944329822517,86.28967714893868,82.18526515079049,85.68521118164062,7357773
IBM,2020-04-07,88.65532289434022,89.22994052388742,85.72253792611455,85.77477264404297,5852684
IBM,2020-04-08,86.7971375202659,89.52097143348361,85.87177734136687,89.02098083496094,5395896
IBM,2020-04-09,89.90902381462422,91.72989575028288,89.67768674948431,90.67021179199219,5832705
IBM,2020-04-13,90.76723183202321,90.8940935266744,88.08816439661794,90.40902709960938,5355206
IBM,2020-04-14,92.13286130384874,93.4164200616526,91.50600314885486,92.46867370605469,5322780
IBM,2020-04-15,88.8941287925011,89.69262141639979,87.13295942080468,88.57323455810547,5896616
IBM,2020-04-16,88.8120356060456,89.36426690706121,85.38671626575963,86.36431121826172,6754650
IBM,2020-04-17,89.0284543736395,89.84187717442536,87.99861868165135,89.64038848876953,5194436
IBM,2020-04-20,88.9164891661806,91.68510113851201,88.16276937786367,89.85677337646484,8558058
IBM,2020-04-21,85.07329956648972,87.42400497532954,83.62555627701508,87.13296508789062,15009054
IBM,2020-04-22,89.45382673443473,89.7971013386313,87.72251164128235,89.03591918945312,7412479
IBM,2020-04-23,89.22994327256407,91.8119916337844,88.89413078079815,90.55828094482422,7198154
IBM,2020-04-24,91.34931303492351,93.28211667240895,90.11798871370281,93.07316589355469,5215251
IBM,2020-04-27,93.70002775444776,94.76717997526383,93.6328688257396,93.96868133544922,5150295
IBM,2020-04-28,95.54328720584863,95.670148916601,93.5657047796589,94.22987365722656,4997893
IBM,2020-04-29,96.17758300882943,96.49847720801047,95.17013971123168,96.03579711914062,5499450
IBM,2020-04-30,94.41643701295078,94.97613048279905,93.44630404736961,93.70002746582031,6941047
IBM,2020-05-01,91.93139792444848,92.14034871504805,90.58813603586334,90.94633483886719,5152073
IBM,2020-05-04,90.16275247828968,91.02094777215274,89.0956064260821,90.80453491210938,4202723
IBM,2020-05-05,92.08063942135422,92.77466258048025,91.39408431993986,91.4761734008789,4078772
IBM,2020-05-06,91.96869284097912,92.5731588017093,91.34930267707857,91.91645812988281,4042372
IBM,2020-05-07,93.00549554579388,93.21724862879945,91.3946488156825,91.6820297241211,4615580
IBM,2020-05-08,92.77103688584585,93.19454296493862,91.5534478555681,93.0130386352539,5232615
IBM,2020-05-11,92.12064709008057,93.36092264889135,91.25850454439224,92.71053314208984,3697924
IBM,2020-05-12,93.02816616615348,94.01887783577678,90.94844055175781,90.94844055175781,5004587
IBM,2020-05-13,90.71400631208355,90.74426106202941,86.85705377908931,87.52256774902344,6153409
IBM,2020-05-14,86.64529266176062,88.55108221531188,84.55799876641804,88.44520568847656,5501332
IBM,2020-05-15,87.67381094851511,88.7779552657291,87.15954666027193,88.46788787841797,5006470
IBM,2020-05-18,90.66105533499844,92.53658999019727,90.56274099405955,91.93157958984375,4399162
IBM,2020-05-19,91.65176095112946,92.39290261471736,90.85768404600373,90.97112274169922,3390191
IBM,2020-05-20,91.45514900677871,92.61979695684549,91.20557900236794,91.79547119140625,4017372
IBM,2020-05-21,91.50051552891603,92.0525907494413,89.97286500260196,90.0863037109375,4184941
IBM,2020-05-22,90.27535949243597,90.35098730074478,88.92920743851666,89.53421783447266,4373117
IBM,2020-05-26,91.73497844996227,92.73324651378573,91.51566317015815,92.0828628540039,5720888
IBM,2020-05-27,93.73149226350078,95.16082827499503,93.37604578733443,94.94151306152344,5990965
IBM,2020-05-28,95.94735283696916,96.02297461339839,93.94324902118723,94.17768859863281,4095404
IBM,2020-05-29,93.52731724317708,94.63146171011789,92.44585327684992,94.45751953125,8294675
IBM,2020-06-01,94.26088464813158,95.10034073778331,93.79956160596667,94.449951171875,3003798
IBM,2020-06-02,95.03982062366283,95.28939056396484,94.27599248440566,95.28939056396484,3115093
IBM,2020-06-03,96.1591040471736,98.01195220423752,96.04566534943619,97.59600830078125,4097914
IBM,2020-06-04,96.63555607851433,97.52038520595924,96.0607943492797,97.47500610351562,4042581
IBM,2020-06-05,101.2563386435859,101.51347685291076,99.63793588491026,99.87237548828125,6163764
IBM,2020-06-08,100.03120230873262,102.7613240078896,100.03120230873262,102.66300964355469,5617543
IBM,2020-06-09,100.97649814709831,101.0369955582628,99.08583334307782,99.7286605834961,5641706
IBM,2020-06-10,99.9404413373397,100.00094480055694,98.16322075639519,98.21615600585938,4952601
IBM,2020-06-11,95.31209630021097,95.36503758376361,89.11828599322794,89.2468490600586,12304726
IBM,2020-06-12,91.69715509837589,93.11136699085117,90.20730934934882,92.1962890625,6506434
IBM,2020-06-15,90.13923263473605,92.54415601671431,89.45859439721445,91.99964904785156,5385959
IBM,2020-06-16,94.5331372252694,96.4237963486202,93.14161201391909,94.64657592773438,5864608
IBM,2020-06-17,95.16084429006807,95.47847993297411,93.32312021646743,93.89031982421875,3302013
IBM,2020-06-18,93.02059841472085,94.07936962041583,92.51390236131337,93.89786529541016,2997208
IBM,2020-06-19,95.41797790547966,95.909549699214,92.45341675035549,92.61979675292969,8471554
IBM,2020-06-22,92.35508920337769,92.64247005985067,91.15263053393574,91.5610122680664,4993081
IBM,2020-06-23,92.27188971916546,92.94496570755933,90.16947780839335,90.30560302734375,6937700
IBM,2020-06-24,89.48127668048267,89.48127668048267,87.63598483481503,88.04437255859375,7061546
IBM,2020-06-25,88.30149627075097,90.15435024349912,87.802362438702,90.01821899414062,6412608
IBM,2020-06-26,89.43591029965896,89.98798549648768,87.92337815941922,88.626708984375,11244605
IBM,2020-06-29,89.22416924102447,90.58544593610509,88.76284615201443,90.56275939941406,4350837
IBM,2020-06-30,90.1392344084349,91.65932871507225,89.99554699453155,91.33413696289062,4099797
IBM,2020-07-01,90.95601599109298,91.68202740521468,89.51911148524349,89.64767456054688,4869967
IBM,2020-07-02,90.51736305447658,91.82570424814408,90.19217131805262,90.5249252319336,3919362
IBM,2020-07-06,91.69716074051816,92.15091562568246,90.34344015831817,90.89551544189453,4231488
IBM,2020-07-07,89.99554941520908,90.38124463561034,88.7325872263714,88.9216537475586,4474893
IBM,2020-07-08,89.28467576049924,89.72330629255849,88.08977299555228,89.01998138427734,5431669
IBM,2020-07-09,89.23927055575523,89.23927055575523,87.12172823569034,87.5074234008789,4982098
IBM,2020-07-10,87.34861543225149,89.6703548965405,87.18980366331368,89.50397491455078,4482842
IBM,2020-07-13,90.58541834007913,91.5004960251736,89.73840024432401,90.14678192138672,4864632
IBM,2020-07-14,89.70815718822601,91.42488001764397,89.17876858181424,91.20555877685547,4742982
IBM,2020-07-15,92.56686132461698,93.74663973949954,92.37780080914689,93.02062225341797,4679176
IBM,2020-07-16,92.77860147589031,94.13987794866645,92.38534409643309,93.78443145751953,4530121
IBM,2020-07-17,94.07181237485487,95.0095827581277,93.17185891517414,94.61632537841797,4167892
IBM,2020-07-20,95.34235328009125,96.09861946050694,94.6390283878184,95.5692367553711,10384374
IBM,2020-07-21,99.19174586323119,99.95557423857205,95.13816436262911,95.33479309082031,16063004
IBM,2020-07-22,95.21377585844625,97.91364233605879,95.13814804474607,97.30863189697266,8572388
IBM,2020-07-23,97.63382466614668,97.83801554058188,96.15910944230488,96.29523468017578,4414225
IBM,2020-07-24,95.65241119328749,96.53724030768657,94.9112694914497,95.13058471679688,3693531
IBM,2020-07-27,94.4272648965077,95.53140929422266,94.31382618900206,95.4482192993164,3905136
IBM,2020-07-28,95.15327093518462,95.54652831806067,93.89030879629306,94.13231658935547,4370397
IBM,2020-07-29,94.20037713037763,95.28184097935286,93.829812312239,94.77513885498047,2963109
IBM,2020-07-30,93.55755545321107,93.70124286619185,91.99208808968432,92.94497680664062,4171553
IBM,2020-07-31,92.8013004347133,93.01305350811917,91.57614903106739,92.9752426147461,5519847
IBM,2020-08-03,93.39872659449371,94.08692693735591,92.3777723631486,94.01129913330078,3688301
IBM,2020-08-04,93.64075306181684,95.18353401752657,93.64075306181684,95.16840362548828,3625541
IBM,2020-08-05,95.84146865224923,95.8565930063259,94.23818452075368,94.87344360351562,3786102
IBM,2020-08-06,94.53315434364443,95.48604927331581,94.53315434364443,95.38017272949219,3574287
IBM,2020-08-07,94.62165728281087,95.82454413440941,94.39947044525233,95.74026489257812,3818946
IBM,2020-08-10,96.0926986567973,97.48712146562798,95.90881778530394,97.38751983642578,4150842
IBM,2020-08-11,98.65169352162832,99.96184316631718,97.0044391456324,97.11170196533203,5231255
IBM,2020-08-12,97.77059851151266,97.90851221457845,96.44513263201242,97.0733871459961,3692066
IBM,2020-08-13,96.50642568421137,96.83588145351513,95.59468865220687,95.79389190673828,3317180
IBM,2020-08-14,95.15797895177676,96.19996241466139,94.93578599656529,95.97777557373047,3099716
IBM,2020-08-17,95.96245125930467,96.22295017693409,95.31886821574746,95.34185791015625,3514665
IBM,2020-08-18,95.77089801008697,96.1539820912697,95.1886106958316,95.70960235595703,3014990
IBM,2020-08-19,95.64064805486227,96.15397850335187,94.62164223579902,94.88214111328125,3916119
IBM,2020-08-20,94.39180481636514,95.03538171855789,94.09299994442989,94.3534927368164,2679015
IBM,2020-08-21,94.24623777377117,94.60633833442516,93.70992364391694,94.36116790771484,3540815
IBM,2020-08-24,94.84382083273488,96.58302136765798,94.51437125399589,96.29187774658203,4258057
IBM,2020-08-25,96.53706078754043,97.16531522163893,95.3801474160445,95.49507141113281,3114674
IBM,2020-08-26,95.73259508047691,95.86284147106453,94.96642689383934,95.13497924804688,3544162
IBM,2020-08-27,95.46444061615472,95.84752473204117,94.9894160678843,95.50274658203125,3580144
IBM,2020-08-28,95.7402447017238,96.00073745141503,95.17327982299483,95.82452392578125,3242182
IBM,2020-08-31,95.96246047891017,95.96246047891017,94.26156532894974,94.4760971069336,5049983
IBM,2020-09-01,94.12363863865968,94.96642484866696,93.58732458813127,94.54502868652344,3300444
IBM,2020-09-02,94.79022229857888,98.60573533847618,94.68295946911486,98.20732879638672,6895650
IBM,2020-09-03,98.21496570321328,99.56342110342328,94.73656439974879,95.34950256347656,5979773
IBM,2020-09-04,95.27289766369911,96.0390658882785,92.89011375154358,93.70225524902344,6295037
IBM,2020-09-08,93.59500407323142,94.13897942263532,92.4840575636927,92.86714172363281,5449974
IBM,2020-09-09,93.57199110016568,94.7748777534357,92.92841427384234,93.67159271240234,3944152
IBM,2020-09-10,93.87844727401342,94.68292122721144,92.12392451296111,92.36909484863281,4161406
IBM,2020-09-11,93.00504931847836,94.00872681654909,92.4993738583866,93.05867767333984,3711313
IBM,2020-09-14,93.74821574601145,94.52970630126585,93.28851973535342,93.54135131835938,3809009
IBM,2020-09-15,94.10067589005273,94.54504961395504,93.65629605186929,93.80953216552734,3049299
IBM,2020-09-16,94.01639563468329,96.39917376521704,94.01639563468329,95.17330932617188,3962666
IBM,2020-09-17,93.94741802822838,96.19228805367608,93.44940994554679,95.70960235595703,3317180
IBM,2020-09-18,95.20393210234228,95.70960137230819,93.97040063989787,94.05467987060547,5639614
IBM,2020-09-21,92.30781295628275,92.47637140858684,90.85210087857055,92.13159942626953,5555724
IBM,2020-09-22,92.19289685072394,93.05100545536662,91.57996475352768,92.330810546875,3093859
IBM,2020-09-23,92.55300989433563,93.15828088084521,90.73719082052622,91.04366302490234,4120612
IBM,2020-09-24,90.48435339289664,91.5723100829051,89.24316061053531,90.47669219970703,3709325
IBM,2020-09-25,90.10127494057957,91.48803659500369,89.59560558687427,91.1355972290039,3089570
IBM,2020-09-28,92.37678760616119,93.7252432559805,92.25420239643593,93.26554107666016,3670623
IBM,2020-09-29,93.02037124317734,93.61798102291807,92.10096687874503,92.66027069091797,2203504
IBM,2020-09-30,92.99737191299468,94.16960769341058,92.55299219306391,93.21955871582031,3411111
IBM,2020-10-01,93.74820182586696,94.4684027337109,92.21587182740096,92.7751693725586,3359438
IBM,2020-10-02,91.20455686888312,93.28086881702981,91.0359983744119,92.37679290771484,3059759
IBM,2020-10-05,93.34980275461703,94.04701402873722,92.74453189906166,93.48004913330078,3190823
IBM,2020-10-06,93.91677279531578,95.64065115213974,93.15826582917087,93.44940948486328,4050426
IBM,2020-10-07,93.98573065740297,95.30353525756557,93.71757057614275,95.05836486816406,2944908
IBM,2020-10-08,100.26063098672923,103.81564416127476,99.42550603667783,100.74331665039062,26452189
IBM,2020-10-09,101.13407220791021,101.13407220791021,97.76293341050659,97.90850830078125,8737970
IBM,2020-10-12,98.12304730961542,98.26095491169905,96.87419323997301,97.46414184570312,4848315
IBM,2020-10-13,96.97378150646739,97.41816125509425,95.35717201600667,95.84751892089844,5654781
IBM,2020-10-14,95.87049561648436,97.25725699750512,95.87049561648436,96.4910888671875,3899593
IBM,2020-10-15,95.06602173814221,95.93945267494571,94.88980208949002,95.68661499023438,3541024
IBM,2020-10-16,95.90114924080422,96.86652068500612,95.51040394740248,96.48343658447266,4927078
IBM,2020-10-19,97.15002079009427,97.57141093142273,95.83221589202003,96.16932678222656,7822720
IBM,2020-10-20,91.78682714110396,92.05498722051537,89.51897354051646,89.92504119873047,22490151
IBM,2020-10-21,89.38106744529742,90.17021919740364,87.94833271477731,88.15519714355469,10204044
IBM,2020-10-22,88.10923184023336,88.92136718721471,86.5615730738878,88.69151306152344,8217167
IBM,2020-10-23,89.2584808358425,89.35042126617216,88.51530231448125,88.87539672851562,4072496
IBM,2020-10-26,87.68781278851183,88.03259082995353,85.68811971384066,85.97926330566406,7534756
IBM,2020-10-27,85.92566166385701,85.97929613395384,84.30139077350599,84.70745849609375,6209161
IBM,2020-10-28,83.25174405088525,84.07154072982418,81.15244236356948,81.71174621582031,9860956
IBM,2020-10-29,82.17143791440087,84.00257923232941,81.6351177129777,83.44327545166016,7071169
IBM,2020-10-30,82.66944602114755,85.6574947510029,82.55452201065776,85.55023193359375,8285889
IBM,2020-11-02,86.3087389510771,87.21281476299136,86.00227288505262,86.50794219970703,5555829
IBM,2020-11-03,87.34305964358111,88.6072358769183,87.05957718156056,87.46564483642578,4397698
IBM,2020-11-04,86.06356371223876,87.27410552221596,85.16714302945024,85.7341079711914,6066905
IBM,2020-11-05,86.8067451864252,88.33142040461848,86.58455836338439,87.93301391601562,5127701
IBM,2020-11-06,88.17052361394973,88.18584599986097,86.87570251880828,87.37371063232422,5490663
IBM,2020-11-09,91.62540339217732,93.07114107225131,89.59671347321955,89.7988052368164,9405841
IBM,2020-11-10,90.70046809252204,91.85083448884802,90.35846274552235,91.64874267578125,5881449
IBM,2020-11-11,91.81195629296707,91.99073121870158,90.33512938919895,91.09686279296875,4486922
IBM,2020-11-12,89.87654006966288,90.45172630531258,88.20539975678415,88.99822235107422,6797117
IBM,2020-11-13,89.53454919619533,91.22901271989866,89.39464186790232,90.8248291015625,4898000
IBM,2020-11-16,91.95186473432423,92.14618422940318,91.03467944684513,91.99850463867188,5536896
IBM,2020-11-17,91.40775986489122,92.13839782891517,90.99580408714692,91.48548889160156,4324687
IBM,2020-11-18,91.5010431757248,92.40268385369727,90.74708208154375,90.76262664794922,4818713
IBM,2020-11-19,90.58387212806697,91.29119343094676,90.07864262600998,91.08132934570312,3597822
IBM,2020-11-20,91.40779248406655,91.74979163952119,90.70047111476406,90.89479064941406,5255418
IBM,2020-11-23,91.27563404566963,93.67741841240793,91.15126510924358,93.34318542480469,5910318
IBM,2020-11-24,93.94171683452728,96.9497836172853,93.90285540698754,96.70882415771484,8109115
IBM,2020-11-25,95.55065405525177,96.63884190192128,94.91328343199343,96.53779602050781,4326151
IBM,2020-11-27,96.53782083861212,97.40059409243992,96.31240596601718,96.65441131591797,2187395
IBM,2020-11-30,96.46007026785146,97.15961917857257,95.67502003872873,96.00924682617188,6263448
IBM,2020-12-01,96.30462646963409,97.80477039824368,95.66726193318706,95.72944641113281,5553319
IBM,2020-12-02,95.48848430487476,96.8798100102093,95.1464851931293,96.86426544189453,3860472
IBM,2020-12-03,96.50671644777236,97.05081356144191,95.83049050221042,96.07921600341797,4757417
IBM,2020-12-04,96.35903373714126,99.00955005313469,96.10252975703604,98.86963653564453,5776849
IBM,2020-12-07,98.31777064216736,98.69085887163986,96.82539911545751,96.92644500732422,8701151
IBM,2020-12-08,97.40835675357883,98.19340708026806,96.87981041397293,97.71149444580078,5643170
IBM,2020-12-09,97.78145853945091,99.25051340559203,97.70372948878371,98.55096435546875,6813121
IBM,2020-12-10,98.20895575067131,98.65977303579518,97.11298926807532,97.1285400390625,5024147
IBM,2020-12-11,96.444536890374,97.55604175266679,96.07921472471334,96.59221649169922,4687544
IBM,2020-12-14,97.40835448735744,98.12345423970181,95.97039510454006,96.01702880859375,5282300
IBM,2020-12-15,96.68548592653642,97.88249206542969,95.94707554593522,97.88249206542969,4556585
IBM,2020-12-16,97.88250838641382,98.3799656466007,97.38505112622693,97.58714294433594,4738485
IBM,2020-12-17,97.99909886563962,98.00687115072529,97.08968568414906,97.58714294433594,3962248
IBM,2020-12-18,97.61821310463093,98.24780525179635,97.1363005389364,97.82030487060547,7900229
IBM,2020-12-21,96.35904957271529,96.52227376602445,94.61017373726015,95.9082260131836,6397022
IBM,2020-12-22,95.84603507066835,96.55335635608648,95.14648606947918,96.07921600341797,4535561
IBM,2020-12-23,96.2890818960932,97.32286395034981,96.18026371189889,96.30462646484375,2817819
IBM,2020-12-24,97.15963007006539,97.23735911395653,96.5455824089118,96.91867065429688,1842111
IBM,2020-12-28,97.2373659901912,98.40327691924594,96.73990875822604,97.01972961425781,3781499
IBM,2020-12-29,97.43167663885632,97.53272253297581,95.79161927819383,96.22689819335938,3647402
IBM,2020-12-30,96.22690117613396,97.04304063832484,96.09475993923085,96.6466293334961,3535794
IBM,2020-12-31,96.55334068942018,97.9602107477499,96.3745657752812,97.84362030029297,3738822
IBM,2021-01-04,97.82032326866337,97.87472926046028,95.63617484755159,96.33572387695312,5417443
IBM,2021-01-05,97.1674141840735,98.46546642421164,96.85650417359656,98.04573822021484,6395872
IBM,2021-01-06,98.63646203608668,102.50730162412505,98.49654850948185,100.49415588378906,8322708
IBM,2021-01-07,101.07710289120755,101.40356363406617,99.69354948491589,100.2609634399414,4714740
IBM,2021-01-08,99.9345086308402,100.51746715244296,98.69863482821907,99.9034194946289,4891305
IBM,2021-01-11,99.45258352301148,100.797275336546,99.2271749078893,99.94226837158203,5859587
IBM,2021-01-12,100.33867983011302,100.92941056286396,99.44481144789302,100.43195343017578,3921663
IBM,2021-01-13,100.38533297221196,100.85170106285607,98.29445815332336,98.65200805664062,8030874
IBM,2021-01-14,99.50700435677828,101.17037232694548,99.14168220863056,100.24541473388672,7848347
IBM,2021-01-15,99.70910011280095,100.45528280339141,99.23495977028169,99.79460144042969,5131153
IBM,2021-01-19,100.48635536902192,100.72731474404773,99.56139789164075,100.28426361083984,5646308
IBM,2021-01-20,100.81283466423547,101.86992734693509,99.92673843721529,101.10820007324219,5856240
IBM,2021-01-21,101.13930290602062,102.78713283281714,101.08489690914526,102.32853698730469,13116003
IBM,2021-01-22,93.81732408715244,93.81732408715244,91.22122028052387,92.19281768798828,39814421
IBM,2021-01-25,92.30941719881233,92.91569255188601,91.29118599323523,92.16950988769531,14315974
IBM,2021-01-26,92.63587659508055,95.28639298533076,92.04514577853693,95.20866394042969,11186656
IBM,2021-01-27,94.88998516018239,96.99640451632997,94.53243526228657,95.19312286376953,12705239
IBM,2021-01-28,95.44962411328588,95.76053409240572,93.32765404630894,93.3354263305664,8455969
IBM,2021-01-29,93.44423980745923,94.28370229145557,92.41823630773705,92.58146667480469,12369473
IBM,2021-02-01,93.19551310024933,94.01165251904442,92.28610007333995,93.6929702758789,6538023
IBM,2021-02-02,92.77578102207724,94.05051614350086,92.71359655166401,92.83795928955078,6633627
IBM,2021-02-03,92.52706417684422,93.11779503018407,91.81197056568038,92.58924865722656,7024308
IBM,2021-02-04,93.20328361926013,94.128241196185,92.39491649953557,94.0660629272461,4771957
IBM,2021-02-05,94.05051841626103,94.68011060728308,93.67742399064505,94.66456604003906,4775722
IBM,2021-02-08,95.30971024122778,96.36680912871067,95.13870758230988,96.07921600341797,6158848
IBM,2021-02-09,96.01619978496257,96.56756126638577,95.34668357782185,96.1737289428711,4933982
IBM,2021-02-10,96.90624961162166,97.20556819741093,95.4727035434311,96.28399658203125,5090673
IBM,2021-02-11,96.0949619947177,96.26037358339093,95.01586745399483,95.23641204833984,5629154
IBM,2021-02-12,95.30730045440994,95.59085418865467,94.5905211179067,95.14976501464844,4049275
IBM,2021-02-16,94.63778349896708,94.99222880682147,94.015530460015,94.57476806640625,6945231
IBM,2021-02-17,93.94464205914724,94.96072744283049,93.74772589729675,94.49600982666016,4141219
IBM,2021-02-18,94.91347740792952,95.26004660908268,94.28334187318751,95.09463500976562,5646413
IBM,2021-02-19,95.1103642663329,95.11824040807929,93.24359924171539,93.72407531738281,6881320
IBM,2021-02-22,93.33814598387704,95.40970385936777,93.29088911985245,95.19702911376953,6149643
IBM,2021-02-23,95.2442842625129,95.58297728372436,94.3620996357002,95.07887268066406,4739740
IBM,2021-02-24,95.14977964350756,97.26859454766868,94.92923502259667,97.04804992675781,6087720
IBM,2021-02-25,97.17406878836391,97.94598120180063,96.36277565417197,96.46517181396484,5953623
IBM,2021-02-26,96.29185368270151,96.29185368270151,93.63743050993448,93.67681121826172,9467346
IBM,2021-03-01,94.79532007306707,96.34702100608648,94.40937016163095,95.10250854492188,5977367
IBM,2021-03-02,95.10250465035483,96.01620017037327,94.72443089835942,94.7795639038086,4732418
IBM,2021-03-03,94.91348152805773,96.59120088326205,94.5038968699018,96.37853240966797,7744898
IBM,2021-03-04,96.09496428544554,97.0559166940648,93.54293653064954,94.60628509521484,8439651
IBM,2021-03-05,95.02373607600856,97.47336742256192,94.7165476398089,96.74871826171875,7268968
IBM,2021-03-08,96.87475757924354,99.91513783176802,96.78811370674558,98.30830383300781,7572203
IBM,2021-03-09,98.7730251846202,99.58431830698707,97.79632046583377,97.81207275390625,5867014
IBM,2021-03-10,98.49733328041475,101.00998016948964,98.15076411350006,100.71854400634766,7581199
IBM,2021-03-11,100.89183231525125,101.32505163368185,99.85999466611689,100.1435546875,5383657
IBM,2021-03-12,100.18293130046548,100.5688874566062,99.72608985625455,100.51374816894531,4194565
IBM,2021-03-15,100.63978851653776,101.41169461574847,100.45862463606974,101.27779388427734,3577948
IBM,2021-03-16,101.04149773894714,101.23053776466497,100.30108992391409,101.0099868774414,4867247
IBM,2021-03-17,101.18326109347777,101.99455409536425,100.4192249487909,101.63223266601562,4488804
IBM,2021-03-18,101.56135019847983,103.18393634770354,100.65553711516753,102.44353485107422,6104142
IBM,2021-03-19,102.4120322587855,102.74285545885914,101.2384176275989,101.52985382080078,10297870
IBM,2021-03-22,101.21477305344912,102.96339004239039,100.73430316019967,102.82948303222656,4356485
IBM,2021-03-23,102.74284604066374,103.62502439778123,102.23874142838424,102.75859832763672,4556794
IBM,2021-03-24,103.1445522533784,104.05824145035346,102.84523994992989,102.8846206665039,4189230
IBM,2021-03-25,102.65619688341903,104.94829909386732,102.21510144177483,104.81439208984375,5809484
IBM,2021-03-26,104.98769927420804,107.50034652841425,104.85379853118746,107.42158508300781,5823710
IBM,2021-03-29,107.10649950036195,107.965055710264,106.73630190012496,107.0119857788086,4835344
IBM,2021-03-30,107.01198741623759,107.33492816063935,105.56267642364917,106.11404418945312,5010758
IBM,2021-03-31,105.97226857462655,106.10618188255891,104.53084619470287,104.96406555175781,5172575
IBM,2021-04-01,105.35788909196316,105.49178353121094,104.18426828272814,104.94042205810547,4261404
IBM,2021-04-05,105.26337201625881,107.66574042021041,105.07433199569188,107.0671157836914,5722980
IBM,2021-04-06,106.79143325952941,106.83870269401791,105.6178186884551,105.72021484375,3787566
IBM,2021-04-07,105.42090709366619,106.28733952226114,105.37365022878632,106.27945709228516,3112896
IBM,2021-04-08,105.99588836995271,106.83080981828198,105.67294764803557,106.42910766601562,4275211
IBM,2021-04-09,106.2321930374062,106.91746153258936,106.10617473958904,106.90959167480469,3162999
IBM,2021-04-12,106.35033546979253,106.62601933818112,105.42877014660289,106.01164245605469,3926684
IBM,2021-04-13,104.75925107088501,105.24760333363714,102.69556973936186,103.32569885253906,8403041
IBM,2021-04-14,103.42811432712075,104.58598291773708,102.80586124008698,104.46783447265625,6137928
IBM,2021-04-15,104.97982702073976,105.4445509950109,104.14490538184813,104.42845916748047,4062664
IBM,2021-04-16,104.75928893537187,105.62572149352731,104.71990192291965,105.22400665283203,5535223
IBM,2021-04-19,105.23186404890296,105.40515178682529,104.42844708231843,104.85379028320312,8575736
IBM,2021-04-20,107.9650673547258,110.09175203562341,107.67363115768406,108.82362365722656,16192708
IBM,2021-04-21,108.74484882871741,113.21090548267165,108.46916492236308,113.06912231445312,12456814
IBM,2021-04-22,113.18726793629806,114.00643720481283,111.06058332444572,111.2811279296875,7428064
IBM,2021-04-23,111.30475961536027,113.11638604855705,111.02120583336425,112.18695068359375,4765576
IBM,2021-04-26,112.179052954852,113.13213548152477,111.43865773607573,111.50953674316406,4927497
IBM,2021-04-27,111.60406806847874,112.28933659836528,110.86366024467594,111.85611724853516,4062664
IBM,2021-04-28,112.57288068643967,112.95096070988309,111.92699921791441,112.63590240478516,3941433
IBM,2021-04-29,113.52596598901336,117.15710113471398,112.62015281014645,113.61260986328125,4554179
IBM,2021-04-30,113.18725392822715,113.28965007411894,110.70611171175051,111.75370788574219,9280321
IBM,2021-05-03,113.27389738108921,114.801969706724,113.06910509004125,114.0143051147461,5997241
IBM,2021-05-04,113.74651295144996,115.46361285034021,113.68349123022774,114.8019790649414,6642623
IBM,2021-05-05,114.95161859068867,114.95161859068867,114.18758874108266,114.3844985961914,5229895
IBM,2021-05-06,114.41601964985955,116.9759361366458,114.35301049861279,116.90504455566406,7848661
IBM,2021-05-07,116.22008247713079,116.3953063902641,115.14485291789146,115.85370635986328,7325661
IBM,2021-05-10,116.12448939897949,118.17937858352553,116.12448939897949,116.41918182373047,7304636
IBM,2021-05-11,115.47938790399893,115.6386835474447,113.81477321863505,114.86610412597656,7454214
IBM,2021-05-12,114.56343288168549,114.8103277361183,112.41297386896895,112.54041290283203,6233742
IBM,2021-05-13,112.65990616680952,115.40770844619205,112.52450931417668,114.8262939453125,4807207
IBM,2021-05-14,115.5749220281161,116.0368805228879,114.65898825086519,115.2324447631836,2873780
IBM,2021-05-17,115.04130641327133,116.1244937030351,114.95369446146985,115.57493591308594,4471755
IBM,2021-05-18,115.31208344390566,115.7262570641,114.07757121966662,114.61917114257812,4000009
IBM,2021-05-19,113.35282064655988,114.05370363964605,112.2377639199516,114.04574584960938,4498532
IBM,2021-05-20,113.98997796421033,115.41565530044558,113.22536917409809,114.59529113769531,4301675
IBM,2021-05-21,114.91385672103178,116.04482865118226,114.91385672103178,115.28022003173828,4219041
IBM,2021-05-24,115.53513438957248,115.79795756207585,114.83423869723165,115.26432800292969,3449290
IBM,2021-05-25,115.42364170236556,115.48735487996123,114.05371939917369,114.52363586425781,4118311
IBM,2021-05-26,114.29264972294057,114.682911937263,113.92627359007454,114.19706726074219,3225655
IBM,2021-05-27,114.54751586914062,115.30415422139686,114.39619074111424,114.54751586914062,5889294
IBM,2021-05-28,114.85814947455748,114.95371923596164,114.2846927697553,114.48380279541016,2651192
IBM,2021-06-01,115.48734413514951,116.14841278364199,114.49176862327546,114.84221649169922,2528705
IBM,2021-06-02,115.18467655887227,116.08468217807936,114.77847337018115,116.06078338623047,2915097
IBM,2021-06-03,115.41566900110546,116.18823567209041,114.7227437918265,115.92539978027344,4320608
IBM,2021-06-04,116.28381740578071,117.51834281821651,116.09266516586888,117.41480255126953,3261323
IBM,2021-06-07,117.518328118394,118.4661186963443,117.21566514633979,117.89266204833984,3621984
IBM,2021-06-08,117.97229700300498,119.6289407970715,117.97229700300498,118.72893524169922,5313785
IBM,2021-06-09,118.69708457149753,120.32187186765373,118.52981845633938,120.00328063964844,5547252
IBM,2021-06-10,120.64044444679055,121.73160218764637,119.27849307394222,119.89973449707031,4977391
IBM,2021-06-11,119.81212368487805,120.94310851602498,119.76433881621277,120.48912048339844,3596462
IBM,2021-06-14,120.03514813088108,120.29001350917802,118.4024028972805,119.49356079101562,3498661
IBM,2021-06-15,119.35019772989648,119.39798260651575,118.35460955030912,118.95992279052734,2628912
IBM,2021-06-16,119.27850847470253,119.27850847470253,117.25548833795037,117.7413330078125,4057329
IBM,2021-06-17,117.51832131029146,117.92451180068527,115.71033950901273,115.96521759033203,4568300
IBM,2021-06-18,115.0731468546447,115.23244244577207,113.92624656519442,113.98995971679688,9577699
IBM,2021-06-21,114.77847081091465,117.13601030150026,114.73865644155204,116.8014907836914,4482633
IBM,2021-06-22,116.69796008421864,116.92893937875098,115.7660978285393,116.5705337524414,2549102
IBM,2021-06-23,116.62628325941296,116.6820386388989,115.1448630807139,115.17671966552734,3349920
IBM,2021-06-24,116.12450577783507,116.43513924806626,115.24044109101119,115.83778381347656,3775746
IBM,2021-06-25,115.78999356350964,117.02450603667745,115.44751623771789,116.95283508300781,3759533
IBM,2021-06-28,117.08824492139398,117.319211523362,115.41567247818085,115.71832275390625,4067789
IBM,2021-06-29,115.69442047313886,116.87319037913637,115.56699413440926,115.92539978027344,2540211
IBM,2021-06-30,115.59085885756535,117.02449388823463,115.25635206808671,116.75370025634766,3394375
IBM,2021-07-01,117.0484048293165,117.47849411195308,116.73778408562765,116.95283508300781,2809661
IBM,2021-07-02,117.0085757320561,117.04044502573431,111.07492512197565,111.52094268798828,17584515
IBM,2021-07-06,111.49704399273577,111.83952131293178,109.19525978398728,110.5333251953125,8466010
IBM,2021-07-07,110.5174134316797,111.76786707458876,110.5174134316797,111.36166381835938,4246446
IBM,2021-07-08,109.73685893470136,112.54837385065983,109.64128919071409,112.09439849853516,5739820
IBM,2021-07-09,112.65990471187258,113.08203627015949,112.17405997955208,112.71566009521484,4083689
IBM,2021-07-12,112.64396567721693,113.06608448312706,111.60059263521593,112.23776245117188,3496360
IBM,2021-07-13,112.23774276346364,112.23774276346364,111.2103109057993,111.72801208496094,3309858
IBM,2021-07-14,112.07848785965369,112.10237394335073,110.65281027971436,111.36166381835938,4606061
IBM,2021-07-15,110.96342052513292,111.87139671038834,110.54925951771796,111.8634262084961,3807126
IBM,2021-07-16,112.30147587369618,112.30147587369618,110.38199613669843,110.62889099121094,4298328
IBM,2021-07-19,108.67756138066648,110.3023487806324,108.48640917407496,109.84837341308594,8977086
IBM,2021-07-20,113.89441223842547,115.42361716045987,110.46961356470558,111.48111724853516,14237838
IBM,2021-07-21,111.48111168669126,112.61209656487233,111.22624633108818,112.54041290283203,5024984
IBM,2021-07-22,112.82713387677887,112.94660240845295,111.83155854212059,112.07049560546875,3466653
IBM,2021-07-23,112.26963062688318,112.85900284886432,111.7678576539082,112.57228088378906,4680013
IBM,2021-07-26,112.61209657250565,113.89440656390143,112.40501608754101,113.71121215820312,4441630
IBM,2021-07-27,113.52005808080037,114.40413537782362,112.77934810548977,113.69528198242188,3281302
IBM,2021-07-28,113.90235902407542,113.97404268276689,112.81120127847505,112.91474151611328,2660815
IBM,2021-07-29,113.36076908155202,113.86254202469223,112.77935468399416,113.04219055175781,2793761
IBM,2021-07-30,112.71565568656499,112.97849158736186,112.13422850380974,112.26963806152344,3698238
IBM,2021-08-02,112.65988512029446,113.94219515354386,112.32536559053963,112.635986328125,3064257
IBM,2021-08-03,113.01828503770525,115.24838546212582,112.81917505744123,114.74661254882812,4272596
IBM,2021-08-04,114.53159201192211,114.83424227969324,113.47229065047352,113.7032699584961,2960285
IBM,2021-08-05,113.91829264316776,114.22095558156695,113.27315239688446,113.71121215820312,2884240
IBM,2021-08-06,113.89440641639031,115.0014797897017,113.80679446424004,114.76254272460938,4002833
IBM,2021-08-09,114.56112562842505,114.80282637376673,113.57020014887983,113.7957763671875,5129689
IBM,2021-08-10,113.76357993910823,114.24695582717777,113.06267718632085,113.9005355834961,5543695
IBM,2021-08-11,114.22277959599754,115.02035227720829,113.99720335425634,114.50475311279297,4455960
IBM,2021-08-12,114.60949957202374,115.32651399073974,114.46448166351475,115.26205444335938,2184780
IBM,2021-08-13,114.91562141281528,115.67292135704771,114.75449185001408,115.35066223144531,1997965
IBM,2021-08-16,115.39093870557564,115.80180555680592,114.58530381379767,115.68096160888672,2913319
IBM,2021-08-17,115.20567277205963,115.33456615294472,113.66691159916084,114.73839569091797,3215195
IBM,2021-08-18,114.13417025693477,114.33557258398672,112.29732394258252,112.36177062988281,3672192
IBM,2021-08-19,111.73335366776718,112.34563564549816,110.54101304926874,111.1935806274414,4351465
IBM,2021-08-20,110.96802659292486,112.28926082339456,110.58938302019983,112.07174682617188,2780059
IBM,2021-08-23,112.48260498046875,112.90959639351789,111.82198791669268,112.48260498046875,3179422
IBM,2021-08-24,112.61150843466969,112.97404029854216,112.24091430653363,112.65984344482422,2474418
IBM,2021-08-25,112.72427647158521,113.43324130188276,112.35369524681056,112.67594146728516,2105389
IBM,2021-08-26,112.76458764747187,113.43326702994703,111.74948803456265,111.8058853149414,2613640
IBM,2021-08-27,111.74949890323943,112.45846396329242,111.49976153751922,112.31344604492188,2572637
IBM,2021-08-30,112.38595296829344,112.69208761433208,111.83811750985609,111.9589614868164,2087293
IBM,2021-08-31,112.41817001557145,113.54605135683197,111.94284354163841,113.06267547607422,4429915
IBM,2021-09-01,112.77265078798393,112.84515974067988,112.13619474407699,112.22481536865234,2588327
IBM,2021-09-02,112.5631654482303,112.82901441447981,112.00726786617952,112.79679107666016,2840413
IBM,2021-09-03,112.53095726123507,113.16740041504895,112.22480979378004,112.45038604736328,2009575
IBM,2021-09-07,112.50679932051642,112.619581034104,110.98414974849634,111.22583770751953,3436110
IBM,2021-09-08,111.29027082964437,112.05563308452305,110.85522998475827,111.7172622680664,3122728
IBM,2021-09-09,111.05662292355314,111.95087837057717,110.82298444725792,110.96800231933594,3669682
IBM,2021-09-10,111.8381104613105,112.28121358789068,110.37185829868905,110.38796997070312,4157955
IBM,2021-09-13,111.4997397498377,111.97505330765627,110.78271256399606,111.29832458496094,4334729
IBM,2021-09-14,111.49974953821248,111.63670517594439,109.03449662513066,109.74346160888672,4659198
IBM,2021-09-15,109.74345855285115,111.01635772367572,109.30035545034274,110.5329818725586,3403579
IBM,2021-09-16,110.59744217439341,111.13721537019404,109.33259225416565,109.91265106201172,2765624
IBM,2021-09-17,109.36480620810468,109.50176183102113,108.80085918811884,108.94587707519531,5890340
IBM,2021-09-20,107.87440332406416,108.90561470650334,106.97209175712008,108.2047119140625,4990152
IBM,2021-09-21,108.84920306942462,109.28424390763661,107.10097745175949,107.1251449584961,4261927
IBM,2021-09-22,107.72936787677078,109.05866428634671,107.52795913503994,108.46249389648438,3767901
IBM,2021-09-23,108.9620145085727,110.71024039710782,108.7847732398993,110.15434265136719,3151807
IBM,2021-09-24,110.396020287807,111.56418710402174,110.1704440455468,110.7666015625,3100762
IBM,2021-09-27,111.1452785653062,112.0395342942362,110.75857269017548,111.62865447998047,3459017
IBM,2021-09-28,112.12010113860535,112.53903039192838,110.54105417216661,110.75051879882812,4513072
IBM,2021-09-29,110.9599635403038,112.73236314129595,109.92070285972002,112.12814331054688,3947499
IBM,2021-09-30,112.78875958161967,113.2479615061804,111.58030707063897,111.92672729492188,6090230
IBM,2021-10-01,113.59440824704008,115.98713962025232,113.08685838857213,115.4634780883789,6907889
IBM,2021-10-04,114.99619426536262,117.62256403722206,114.68199736459599,116.09991455078125,7689251
IBM,2021-10-05,116.61553385483646,116.8169362023284,114.91564300771681,115.32652282714844,7297524
IBM,2021-10-06,114.78672587876412,115.50374028443903,113.50577723849062,114.69005584716797,5573506
IBM,2021-10-07,114.98813655593148,115.5279096907003,114.02137198549948,114.2469482421875,3999695
IBM,2021-10-08,114.2469377208345,115.72931421180581,113.63465569236062,115.38288116455078,3902940
IBM,2021-10-11,115.60848463710464,116.07574883686307,114.72227839457315,114.74645233154297,2921792
IBM,2021-10-12,114.56919416679023,114.64170310851652,113.0304332965216,113.16738891601562,3293436
IBM,2021-10-13,113.2076785953997,113.92469291604819,112.51482535054653,113.40103149414062,3013003
IBM,2021-10-14,113.62661579649377,115.94683788756485,113.60244186050726,115.51985931396484,4410668
IBM,2021-10-15,115.51986787539957,116.69608425003432,115.03647912918049,116.50273132324219,3371049
IBM,2021-10-18,116.01128683988337,116.76858683336995,114.20667676626283,114.65782928466797,6437189
IBM,2021-10-19,113.65884968795154,115.15732525475642,113.20769713649177,114.38392639160156,4539117
IBM,2021-10-20,114.14219391106482,114.56112300095293,113.35267073585854,114.3194351196289,6474008
IBM,2021-10-21,107.56019521144866,107.729374192539,103.20171158505845,103.38700866699219,32913959
IBM,2021-10-22,103.16143717110148,104.9338304265661,102.00132604033685,103.02447509765625,12114981
IBM,2021-10-25,102.74248748377573,103.64479881853424,102.26716109807359,102.83110809326172,6667204
IBM,2021-10-26,102.7344468212323,103.36284058576722,102.12216472821287,102.42024993896484,8912861
IBM,2021-10-27,102.66999219867944,103.02446825453173,100.71230198275649,100.84120178222656,7294176
IBM,2021-10-28,100.84119309896528,101.75961614592762,100.3980964599946,101.38096618652344,6802138
IBM,2021-10-29,101.05066071756717,101.76767505406116,100.63173157078307,100.78480529785156,6188973
IBM,2021-11-01,100.74452628850949,101.75962588117295,99.76971230366695,101.73545837402344,6177153
IBM,2021-11-02,101.7515531507688,102.45245574639651,100.6317214504877,101.65487670898438,4722062
IBM,2021-11-03,101.69517971609851,102.54914974032724,101.25207660323022,102.42024993896484,5670784
IBM,2021-11-04,103.69339100207348,103.93776634917768,101.03890638785775,101.83946228027344,7208700
IBM,2021-11-05,102.32822717872953,104.30012601970203,102.32822717872953,104.16529846191406,6790500
IBM,2021-11-08,104.48552132516704,105.15124968171502,104.09788324969071,104.94900512695312,5625300
IBM,2021-11-09,104.65866650154734,104.94900888511575,102.6946124981265,103.19843292236328,7236600
IBM,2021-11-10,103.32650920743906,104.54764094049185,102.41279570893317,102.66043853759766,6270300
IBM,2021-11-11,103.24111013374976,104.00111446663635,102.54088120294311,102.703125,4643300
IBM,2021-11-12,102.472584428557,103.01910435764012,101.43077877779497,101.58448791503906,5418300
IBM,2021-11-15,102.07978173147507,102.60922580508463,101.02943479117775,101.50764465332031,5046300
IBM,2021-11-16,101.55031960324817,102.38718182693806,101.12335054351534,101.15750885009766,4750800
IBM,2021-11-17,101.08920081775668,101.90044600912901,100.57683920559231,100.8159408569336,4043300
IBM,2021-11-18,101.0721222749822,101.0721222749822,99.32154642129105,99.62042999267578,5046900
IBM,2021-11-19,99.4752614678002,99.53503688262549,98.43345579653213,99.09953308105469,5380200
IBM,2021-11-22,99.05681609458327,101.45637998585784,98.36512834287049,99.45816802978516,6416200
IBM,2021-11-23,99.73143768310547,100.7134678621841,99.09098406827565,99.73143768310547,4912800
IBM,2021-11-24,99.19345420624825,100.14131951663592,99.12513759368836,99.6801986694336,3220800
IBM,2021-11-26,98.20288161993768,99.3471555481205,97.82714677066897,98.89456939697266,3322000
IBM,2021-11-29,101.29414820475533,102.13954516996449,100.3633522104083,101.1916732788086,8949800
IBM,2021-11-30,100.33770837743364,101.82355857515505,99.44107093060224,99.99613189697266,9252700
IBM,2021-12-01,100.97818465888736,101.55886285241074,99.78266996457087,99.84244537353516,5958300
IBM,2021-12-02,100.22672276047633,100.74762555187725,99.53502843048355,99.82537078857422,5267100
IBM,2021-12-03,100.21818503340273,101.92606138841636,100.21818503340273,101.48200988769531,6630100
IBM,2021-12-06,101.96022637109253,103.45461827954438,101.96022637109253,102.39573669433594,4785600
IBM,2021-12-07,102.8824771448617,104.24877696108845,102.53235935584314,103.82180786132812,5194000
IBM,2021-12-08,104.18046141899673,105.35889380111175,103.7705682123737,105.05147552490234,5483900
IBM,2021-12-09,104.30855793726101,105.84564286935253,104.00113964783635,105.52114868164062,4601100
IBM,2021-12-10,106.14452746853115,107.0240828268372,105.34182342579042,105.96519470214844,4966900
IBM,2021-12-13,105.68339041058988,106.19575201281819,103.14719298727383,104.67574310302734,6847500
IBM,2021-12-14,104.47933183207135,106.76788634524316,104.43663883339279,105.68338775634766,5716100
IBM,2021-12-15,105.71755349787279,106.58856760952787,104.33417124579897,105.12833404541016,4990000
IBM,2021-12-16,105.46989413845236,108.14271798479574,105.44427703844426,107.53642272949219,7280500
IBM,2021-12-17,107.48519325124478,109.850598971341,106.92159096618579,108.79171752929688,10379000
IBM,2021-12-20,107.35709936011918,108.62092410424269,106.48607884657258,108.50137329101562,4941400
IBM,2021-12-21,109.0137436589452,110.4483534478597,109.0137436589452,110.13240051269531,4856000
IBM,2021-12-22,110.20924257514335,110.83261370281322,108.96249380477333,110.7984619140625,3923200
IBM,2021-12-23,111.01194164024442,111.8317278655834,110.60205504260493,111.5499267578125,3649000
IBM,2021-12-27,111.54994950021248,112.42095706901675,110.96926475761363,112.39533996582031,4293900
IBM,2021-12-28,112.37826488409259,113.76164050678847,112.36971716341885,113.25782012939453,3445200
IBM,2021-12-29,113.06140610746728,114.60704510776691,112.97602011030857,113.8726577758789,4239900
IBM,2021-12-30,114.21421212416787,114.74364953598395,113.85555971325435,114.35084533691406,3158100
IBM,2021-12-31,114.42769542060533,115.27309875669864,114.09466011185225,114.13735961914062,3362100
IBM,2022-01-03,114.48750014121204,116.3832309478308,114.11176525032916,116.16974639892578,4605900
IBM,2022-01-04,116.22098267993911,119.5086366051165,116.05018463286574,117.86054229736328,7300000
IBM,2022-01-05,118.10816232770279,121.42998061616471,117.74097524327398,118.03131103515625,8956900
IBM,2022-01-06,118.01423911873837,118.19357184735011,113.15532939707022,115.57197570800781,9908100
IBM,2022-01-07,115.19626640030097,115.84526781904788,114.00929273661744,115.1364974975586,5238100
IBM,2022-01-10,114.82907055854672,116.30637999306899,113.89828104968984,115.3072738647461,5432800
IBM,2022-01-11,111.4560065414663,113.78725394957698,109.27846173979603,113.46275329589844,11105300
IBM,2022-01-12,113.7872627171999,114.82906834133085,112.1818547659038,114.07759857177734,5352000
IBM,2022-01-13,114.3423109864215,116.17828579345532,114.05197514793454,115.07669830322266,4868300
IBM,2022-01-14,114.89738388653419,115.40120428184248,113.82996116932384,114.60704803466797,5310300
IBM,2022-01-18,113.53107192193393,114.3337758499651,112.53196587217018,113.52253723144531,5246700
IBM,2022-01-19,113.48838245305657,114.34232065971632,112.2928741757581,112.36119079589844,4103700
IBM,2022-01-20,112.08791819526039,113.47130687495805,111.4987118100891,111.71219635009766,5278200
IBM,2022-01-21,112.42094104636979,112.60880846307656,110.38857731209045,110.45689392089844,5907000
IBM,2022-01-24,109.29554149738858,110.28610635906891,106.05058045116014,110.00431823730469,13484000
IBM,2022-01-25,110.27757025838596,117.27986036100472,109.56026535203371,116.22098541259766,19715700
IBM,2022-01-26,116.53694359395968,117.04931171014626,113.68479322134179,114.64973449707031,8336000
IBM,2022-01-27,114.13737599146522,115.06816544559128,112.78815215398738,113.16388702392578,5497300
IBM,2022-01-28,113.73601845856825,114.88029239375186,112.54049729175699,114.85467529296875,5471500
IBM,2022-01-31,114.50455478032646,114.50455478032646,112.97601134020339,114.06051635742188,5859000
IBM,2022-02-01,114.22277854024838,116.10145316217903,113.14682100864954,115.7342529296875,6206400
IBM,2022-02-02,115.87938119683632,117.46770635969897,115.50364640109642,117.20298767089844,5357200
IBM,2022-02-03,116.98953834908717,118.49246495384385,115.99043217642885,117.65560913085938,6100800
IBM,2022-02-04,117.72391657972415,118.54370295574995,116.3234585028128,117.11761474609375,4142000
IBM,2022-02-07,117.37381589968211,117.68978192889344,116.36617496723251,117.19449615478516,3759000
IBM,2022-02-08,117.18593440849564,117.43358378094474,115.94772663643835,117.0066146850586,4181800
IBM,2022-02-09,117.70683067777625,118.14234747058926,116.84435784289457,117.66413116455078,5393500
IBM,2022-02-10,117.07647788559034,118.01847929548568,115.08875917296393,115.39124298095703,5978600
IBM,2022-02-11,115.71963905017472,116.41967187411957,114.40602748900976,114.67393493652344,4176200
IBM,2022-02-14,114.58749196731021,114.63934331321342,111.54543205351958,112.4787826538086,5345300
IBM,2022-02-15,112.90225658956886,113.80104401601538,112.0121066583807,112.29730224609375,4394000
IBM,2022-02-16,111.87383192201958,112.72941871811967,110.8454029049845,111.64048767089844,4875600
IBM,2022-02-17,110.66392580609832,111.0528241091551,107.89840405116617,108.00211334228516,6797000
IBM,2022-02-18,107.9761891145757,108.40830127643201,106.82676918159594,107.46629333496094,4609200
IBM,2022-02-22,107.33665490460922,108.028036978676,106.02303687609209,107.09467315673828,5349700
IBM,2022-02-23,107.49220543511981,107.76875692004337,105.3230074038631,105.495849609375,4086400
IBM,2022-02-24,103.70690865218494,105.52177823489663,102.6784796981283,105.40943145751953,6563200
IBM,2022-02-25,105.47856369784081,107.38849834245417,104.96002391556873,107.3193588256836,4460900
IBM,2022-02-28,105.61685159192321,106.63663653623068,104.6057107368537,105.8761215209961,6757300
IBM,2022-03-01,106.01438719679652,106.63662971194405,104.31186436882558,104.87361145019531,4873300
IBM,2022-03-02,105.94524012077504,107.71690234489466,105.26250881403406,107.04280853271484,4891400
IBM,2022-03-03,107.99345047047065,109.47127299597109,107.37120801899529,108.83174896240234,5206600
IBM,2022-03-04,107.5094987939577,110.05895771243887,107.34529407535113,109.4280776977539,4402400
IBM,2022-03-07,109.29843452548482,110.54291947084286,108.56384528160271,108.95274353027344,5047400
IBM,2022-03-08,109.4280880142235,110.92319901960168,107.8724815689461,108.61571502685547,4887600
IBM,2022-03-09,110.1108188361267,110.70713570009649,108.8144824142849,109.08238983154297,4403500
IBM,2022-03-10,108.67620870686025,108.91819046253845,106.41193860507022,107.46629333496094,5326800
IBM,2022-03-11,108.02803599405085,109.55771008258307,107.0860346850666,107.12924194335938,4119600
IBM,2022-03-14,107.55271100841557,108.16631606091188,106.03168099465952,107.1119613647461,3289200
IBM,2022-03-15,107.16380378149327,108.84040088606163,106.48970994169993,108.58113098144531,4021200
IBM,2022-03-16,109.32437946460556,109.9984733976473,107.77741709835178,109.79106140136719,4292800
IBM,2022-03-17,109.84291004897106,110.8713325089537,109.3503024489854,110.58614349365234,3671900
IBM,2022-03-18,110.08489203245473,111.42443577873223,109.21203021242181,111.27751922607422,7466000
IBM,2022-03-21,111.4849423394093,112.12447311255846,110.10218468335866,110.70714569091797,3384600
IBM,2022-03-22,111.05283302609246,111.74421516871678,110.4910858593988,111.53679656982422,2690200
IBM,2022-03-23,111.55405287647137,111.76147141610008,110.83674526231262,110.87995910644531,2924500
IBM,2022-03-24,110.90591158533678,111.80469910030179,110.44787373823678,111.70099639892578,2971100
IBM,2022-03-25,111.91704135985486,113.55906217449821,111.7528366409874,113.51586151123047,3530200
IBM,2022-03-28,113.05782736031802,113.64549354469779,112.0034726770333,113.61956787109375,2483500
IBM,2022-03-29,114.11217135417031,114.80355343511468,112.72076969656321,114.0257568359375,5791000
IBM,2022-03-30,114.08624840825104,115.01097476586897,113.55043354653849,114.1899642944336,2622900
IBM,2022-03-31,112.97140949325218,113.97391291661563,112.34916689854501,112.366455078125,4274000
IBM,2022-04-01,112.05532120425534,112.58249853263074,110.67255710742995,112.4787826538086,4012400
IBM,2022-04-04,112.57385358969219,112.73805831810118,111.4244336778457,112.58250427246094,2809800
IBM,2022-04-05,112.21952313542663,113.41214362260853,111.1910941771858,111.38986206054688,3107200
IBM,2022-04-06,110.43058166591935,111.92568603512245,109.97254383496686,111.82198333740234,3958100
IBM,2022-04-07,111.3725837431248,111.7009932041118,109.52315082189482,111.09603881835938,3538300
IBM,2022-04-08,110.6293423920278,111.29479876228689,109.98981828802546,110.38736724853516,3143300
IBM,2022-04-11,110.57749017830588,110.77625806349224,109.04781615655907,109.21202087402344,3202500
IBM,2022-04-12,109.25523896543304,110.05032377204374,108.52929368813851,108.87498474121094,2691000
IBM,2022-04-13,108.58114770910336,109.4712977420414,107.95026762072393,109.01325988769531,3064900
IBM,2022-04-14,111.42442798823353,112.85040593553722,109.22066007191987,109.376220703125,6384200
IBM,2022-04-18,109.4108013042572,110.09353933143508,108.48608151423319,109.0391845703125,4884200
IBM,2022-04-19,108.96140124647684,111.8306190631227,108.89226172008563,111.61456298828125,7971400
IBM,2022-04-20,116.67025926260956,120.6111192433355,115.2702203713027,119.53948974609375,17859200
IBM,2022-04-21,119.46170324943002,122.61612938009732,118.7011949474919,120.86175537109375,9922300
IBM,2022-04-22,120.73214186426709,121.37167264546046,118.70122250676437,119.47901916503906,6508600
IBM,2022-04-25,118.90859044323122,120.68888997465451,116.83445788345932,120.21357727050781,5748300
IBM,2022-04-26,120.12718350029601,120.8790544577546,117.68142703076163,117.69871520996094,4956200
IBM,2022-04-27,117.3443723619365,118.50242973894868,116.35051970899633,116.72212982177734,4369100
IBM,2022-04-28,118.2690962881848,118.39008715816031,116.50607139766646,117.30980682373047,4474300
IBM,2022-04-29,116.78262747342583,117.14560007707516,114.0776013429488,114.25909423828125,5078700
IBM,2022-05-02,114.94183148373266,115.60728788468724,113.11831768985594,114.97639465332031,4213500
IBM,2022-05-03,114.94183202874069,115.460371884128,114.0689702320889,114.52700805664062,3688600
IBM,2022-05-04,114.82948020186325,119.1506017651096,114.1986001459939,118.74441528320312,5932600
IBM,2022-05-05,117.9320433850259,118.62341221447133,116.46285165491653,117.4653549194336,5957400
IBM,2022-05-06,117.07648446708255,119.25433372081584,117.07648446708255,118.97777557373047,7306400
IBM,2022-05-09,117.56948584532535,119.2664212173992,116.61605748785546,117.5957260131836,7647900
IBM,2022-05-10,118.08555763291558,118.44419104826169,112.3387207548955,112.9510269165039,8642400
IBM,2022-05-11,113.58956775844389,116.30116757125653,113.58956775844389,114.36805725097656,5301100
IBM,2022-05-12,114.82289263823948,116.87844788835454,114.07064342259795,116.2486572265625,5384800
IBM,2022-05-13,116.33613951512231,117.03590843724126,114.63046194350753,116.86096954345703,4195100
IBM,2022-05-16,116.42361386558902,119.40635732876767,115.8200633462741,118.1117935180664,4250400
IBM,2022-05-17,120.00115360952236,121.0333023071289,118.64535398127569,121.0333023071289,4372900
IBM,2022-05-18,119.92244865952038,120.37728712063975,115.61013212338439,116.28366088867188,6003000
IBM,2022-05-19,115.46141701259609,115.74132988463174,112.58363453699894,113.41460418701172,5819700
IBM,2022-05-20,113.86945450259851,114.03565111939335,110.0382434311957,112.38245391845703,6914500
IBM,2022-05-23,113.27465980647384,115.41769124152428,113.20468158101735,114.73542022705078,3591500
IBM,2022-05-24,114.21060897646001,117.53448808799602,114.07939479238418,117.0359115600586,4189700
IBM,2022-05-25,116.21370738754979,117.92814096933954,116.21370738754979,117.55200958251953,3299300
IBM,2022-05-26,118.08554196010957,120.31604931097442,117.66568599251707,119.73873901367188,3929300
IBM,2022-05-27,120.17611679083332,122.23168567655925,120.04491594577985,121.82057189941406,4608000
IBM,2022-05-31,120.88463022175705,122.31040838289726,119.66878676346053,121.44444274902344,7978100
IBM,2022-06-01,122.17041437466456,122.87018315547336,121.16450592830024,121.96047973632812,3796500
IBM,2022-06-02,121.97800867970255,122.71276008046573,119.70377624681902,122.59030151367188,3734800
IBM,2022-06-03,122.6864967170752,124.71582497968598,122.23165832468057,123.49122619628906,4352200
IBM,2022-06-06,125.06572663317374,126.5964653948752,124.2085166637761,124.97826385498047,4766900
IBM,2022-06-07,124.73334421151495,125.0657241171351,123.29882387757333,124.89078521728516,2887100
IBM,2022-06-08,124.26973148289605,124.90826437772385,122.59028092466812,123.18508911132812,3005700
IBM,2022-06-09,122.59031230967186,123.36880184148735,120.64845961737092,120.67471313476562,3591000
IBM,2022-06-10,120.53474502342016,120.53474502342016,118.30423732497601,119.12646484375,4659500
IBM,2022-06-13,117.18460397559063,120.33355736594856,117.00090946657738,118.18177032470703,6486000
IBM,2022-06-14,118.08555658714903,119.79123417956696,117.96309802530831,118.71534729003906,4607800
IBM,2022-06-15,118.96899772437638,121.10328679593827,118.59287979383748,119.88744354248047,4606900
IBM,2022-06-16,118.34796274123751,119.17019017215384,117.55197547539457,118.67160034179688,5386400
IBM,2022-06-17,118.95152554514692,119.81747777617043,116.2049434249757,118.10305786132812,12968500
IBM,2022-06-21,118.87279258060997,121.14703835053217,118.87279258060997,120.57848358154297,4089300
IBM,2022-06-22,119.04773547707126,120.86711593369375,118.98649952526159,119.90494537353516,3791500
IBM,2022-06-23,119.95742826652246,121.25199208532926,119.39761580322909,121.09455108642578,4547900
IBM,2022-06-24,121.75929161535744,124.53211302293461,121.69806902561426,124.26095581054688,11493000
IBM,2022-06-27,124.43591452054599,125.80921203732417,124.16475726487144,124.90826416015625,3936000
IBM,2022-06-28,125.01325546786775,126.0978981034997,123.61373079126085,124.08606719970703,4064800
IBM,2022-06-29,124.85580264781922,125.53807369942075,122.02174442402493,123.08014678955078,4161500
IBM,2022-06-30,122.09172740966535,124.6108903734003,121.82931237644578,123.50000762939453,4878000
IBM,2022-07-01,123.33379056359774,123.91984314407077,121.8117943006658,123.43875122070312,4011900
IBM,2022-07-05,122.4328653433642,122.4328653433642,118.3217408991269,120.3772964477539,6273400
IBM,2022-07-06,120.70967723042374,121.70684359540448,119.94868571022266,120.77965545654297,3237000
IBM,2022-07-07,121.50565190008071,123.61370069661282,121.43567368123949,123.18508911132812,3897100
IBM,2022-07-08,123.12388342605917,123.61373107834216,122.30166918329768,122.87022399902344,2820800
IBM,2022-07-11,123.00142324820214,124.09480814650286,122.57282491013778,123.33381652832031,3904700
IBM,2022-07-12,123.19385483450377,123.81490330307821,121.20827755320859,121.74183654785156,3235400
IBM,2022-07-13,119.99242401123047,121.49692267571305,119.66004408325182,119.99242401123047,4123200
IBM,2022-07-14,118.61038965487315,121.9605089709635,118.10305750085082,121.63687133789062,5298400
IBM,2022-07-15,123.05387216458908,123.05387216458908,121.2432341758017,122.38909912109375,4519300
IBM,2022-07-18,122.59028721116728,122.73024365602673,120.51723409123868,120.8233871459961,8231700
IBM,2022-07-19,115.0940585623409,115.95126850371973,111.71768578444038,114.48176574707031,29690500
IBM,2022-07-20,114.32431061418458,114.34180850792471,112.01508247883163,112.9947509765625,9882000
IBM,2022-07-21,112.6186321332813,112.67111246710782,109.45218741375672,111.21910095214844,11975400
IBM,2022-07-22,111.11413739602577,112.24251799966204,109.9595232980737,112.18128204345703,6467200
IBM,2022-07-25,112.34748137369839,112.95103194174715,111.87513832133303,112.43494415283203,4702400
IBM,2022-07-26,112.1900185133465,113.09972210687508,111.63895499743039,112.03257751464844,3645300
IBM,2022-07-27,111.93635216551212,113.21341800997054,111.59521667588488,112.9422607421875,4175600
IBM,2022-07-28,112.6186332608771,113.54582142638154,112.49617469839505,113.02974700927734,3913700
IBM,2022-07-29,113.29216106917328,114.58672491116734,113.10846655351375,114.40303039550781,5786800
IBM,2022-08-01,114.36805452914142,116.07373221409914,114.32431646604344,115.49642181396484,4142100
IBM,2022-08-02,115.63638549725641,116.14371769750761,114.1581269623317,115.29524993896484,4403600
IBM,2022-08-03,115.30397356383357,116.21366368451369,114.86661972087619,115.7588119506836,3088500
IBM,2022-08-04,115.59263396749554,115.71509252936261,114.60422319920505,115.14653778076172,3179800
IBM,2022-08-05,114.80541487195252,116.04749852073864,114.64797385239459,115.88130187988281,2586500
IBM,2022-08-08,116.42362203423949,116.64229900023395,115.47893593950552,115.99501037597656,3821200
IBM,2022-08-09,115.07385285881215,115.84443238093417,114.36526730799596,114.67527770996094,3496000
IBM,2022-08-10,115.80901591950042,116.72131530786493,115.44586394525739,116.47331237792969,3664000
IBM,2022-08-11,117.23501506777032,118.00559447395074,116.9161522936365,117.39443969726562,3501900
IBM,2022-08-12,117.46528743503244,118.7673091683854,116.89842184137237,118.69644927978516,2766900
IBM,2022-08-15,117.76646460917328,119.74163533469076,117.1287390225691,119.51133728027344,2791200
IBM,2022-08-16,119.21906540608474,121.67252370044108,119.08619801765163,120.95508575439453,4313600
IBM,2022-08-17,120.86651812440483,122.60253843126009,120.72479831951823,122.04452514648438,3667600
IBM,2022-08-18,122.04452352374344,123.22254404530413,122.00910033056502,123.17826843261719,3177700
IBM,2022-08-19,122.8948162874594,123.41739280317358,121.92937556890755,122.55823516845703,3155800
IBM,2022-08-22,121.92053059055581,122.09768711425444,119.98964882157694,120.06050872802734,3093600
IBM,2022-08-23,119.90107078612627,120.54766236552764,119.32535262845435,119.34307098388672,4141800
IBM,2022-08-24,119.47592020015844,119.67078155687575,117.89932450682365,118.00560760498047,2855400
IBM,2022-08-25,118.3776221852908,119.06848941325423,117.86391148974539,118.66991424560547,2706000
IBM,2022-08-26,118.77620401326935,118.8470504039728,115.44585601411254,115.48129272460938,4185300
IBM,2022-08-29,115.13587773998366,116.40246328448907,114.76387331051043,115.41930389404297,2783000
IBM,2022-08-30,115.64072294445472,115.82673189565658,114.51584384705724,114.77271270751953,2407900
IBM,2022-08-31,115.0738497263314,115.14470963099863,113.72753856794377,113.7718276977539,3490400
IBM,2022-09-01,113.72752516271208,114.98527142837193,113.14294791204351,114.84355163574219,3396200
IBM,2022-09-02,115.4104364835687,115.64072104853028,112.70010243816249,113.187255859375,3040600
IBM,2022-09-06,113.19612100777202,113.42640558487987,111.86752806992293,112.23953247070312,3347100
IBM,2022-09-07,112.21295388145651,113.25811385677527,111.8498019267568,113.11639404296875,2401500
IBM,2022-09-08,112.66465660207697,113.85152948634219,112.12436170474076,113.78953552246094,2964600
IBM,2022-09-09,114.17040014417746,114.69299023938508,113.42639143542894,114.4272689819336,3291900
IBM,2022-09-12,115.4370017843785,116.02158586210588,115.04727906589356,115.72929382324219,3741100
IBM,2022-09-13,114.382964729551,115.06497937996738,112.28378599443819,112.70893859863281,4565600
IBM,2022-09-14,112.93038038706106,114.25897309749708,112.35465552769107,113.09867095947266,3819100
IBM,2022-09-15,112.83294798666695,112.90380788528914,110.62748601323318,111.15006256103516,5141700
IBM,2022-09-16,110.14920275121798,112.95696062608472,109.67976770206914,112.72666931152344,9839700
IBM,2022-09-19,112.03579368562652,113.42638713069293,111.84979151549851,113.13410186767578,3981600
IBM,2022-09-20,112.39895132817928,112.47866365190387,111.17664163715646,111.86751556396484,2837500
IBM,2022-09-21,112.39009513980605,113.23153455905924,110.64520881554604,110.65406799316406,3389500
IBM,2022-09-22,110.50349969712447,112.05352471442775,110.19349604517838,110.99064636230469,4046600
IBM,2022-09-23,110.29977749350107,110.71607100167901,107.82859397783487,108.68775177001953,5195600
IBM,2022-09-26,108.32460348235153,110.06063061524883,107.83745008080555,108.06774139404297,3987800
IBM,2022-09-27,108.5903021102593,109.78603411660302,107.24399789548394,107.82857513427734,4117200
IBM,2022-09-28,107.74887359824989,109.14832625294713,106.11912964095853,108.7320327758789,4996400
IBM,2022-09-29,107.92600910420006,108.60802378750384,106.79227778177335,107.73114776611328,3817700
IBM,2022-09-30,107.75773000894588,108.43973796450857,105.05625544471208,105.2333984375,5346100
IBM,2022-10-03,106.42913819488176,108.24487753789225,105.93312564723026,107.62487030029297,4261700
IBM,2022-10-04,108.76745618013591,111.2917809068769,108.51944653819262,111.15892028808594,4566100
IBM,2022-10-05,110.45919884714593,112.00922370001736,110.03405295745584,111.37149810791016,3212900
IBM,2022-10-06,110.6097790138078,110.98179014097505,107.85516267965042,108.26260375976562,5074600
IBM,2022-10-07,107.61601652757244,107.88173778992874,104.57796739562696,105.24226379394531,4499700
IBM,2022-10-10,106.10142752129263,106.25199975823438,103.66567392371725,104.29454040527344,5990000
IBM,2022-10-11,104.0376702031311,105.605413453529,103.57709435024717,104.33882141113281,4043100
IBM,2022-10-12,104.51596485040527,105.23340278568406,103.80737933483123,104.13510131835938,3338800
IBM,2022-10-13,102.83308150456146,108.19174184134805,102.34593486512696,107.87287902832031,5837500
IBM,2022-10-14,107.88173718650008,108.5371744037211,106.1457033286081,106.3228530883789,3762400
IBM,2022-10-17,107.88173004521121,108.8383116543626,107.55400807950825,107.63372039794922,5458600
IBM,2022-10-18,108.94459051487675,109.7771773527791,107.89943075833362,108.89144897460938,5120300
IBM,2022-10-19,108.37774422645833,109.7771969354255,108.05002223534908,108.51060485839844,5906600
IBM,2022-10-20,111.82321578317725,114.22354580724561,110.84891584865996,113.63896179199219,13623100
IBM,2022-10-21,113.71868425449769,115.89758236251312,113.01009873476899,115.0561294555664,7201300
IBM,2022-10-24,115.94186675038381,117.89933287631251,115.0118625452027,117.52732849121094,5610900
IBM,2022-10-25,116.91616997830504,118.06761980990831,116.2961626890249,117.7398910522461,5957600
IBM,2022-10-26,118.43960017321113,120.33505836770026,117.63358410297118,119.58218383789062,5139000
IBM,2022-10-27,120.06049602712478,120.8133571126197,119.08618931043276,119.36962890625,3993200
IBM,2022-10-28,120.06935457675446,122.99226136092298,119.76821012718082,122.6822509765625,5965500
IBM,2022-10-31,122.28365198947647,122.91252505512952,120.99049618651036,122.48736572265625,4915300
IBM,2022-11-01,122.45198108936937,122.80626712950078,121.07909903235445,122.4076919555664,3590600
IBM,2022-11-02,122.00908234159012,124.15254336417702,121.1676430974352,121.1942138671875,5360500
IBM,2022-11-03,120.83108796373858,120.88422951466481,118.66105570499799,119.10391998291016,4442400
IBM,2022-11-04,120.1490714628734,121.99138845429918,119.52021176576713,121.30938720703125,4178000
IBM,2022-11-07,121.02595657286444,122.8505553446752,120.91080752886702,122.53169250488281,4043100
IBM,2022-11-08,123.11627042009941,124.82572006168428,122.8682675033425,124.03742218017578,5042800
IBM,2022-11-09,123.64304812407902,124.49451982388128,122.73780127974146,123.14112854003906,4720000
IBM,2022-11-10,125.71349193559072,126.70837328624648,123.94780148734323,126.58289337158203,5389000
IBM,2022-11-11,126.82489998442894,129.1821445513636,126.34090991724833,128.3217010498047,5871300
IBM,2022-11-14,127.83769131430498,130.9298853114029,127.43435036471028,129.24485778808594,5293500
IBM,2022-11-15,129.1373158616397,131.00159855206235,127.27303317121707,129.37034606933594,4727100
IBM,2022-11-16,129.18212511785774,129.91707491320477,129.07456114866582,129.53167724609375,3445200
IBM,2022-11-17,128.53676511630323,131.01947495615488,128.3933556427022,130.93881225585938,3954000
IBM,2022-11-18,131.36010081585584,132.9286064125883,130.80440606656705,132.32809448242188,4661700
IBM,2022-11-21,132.24744737169044,132.58802789873525,131.2615239811488,131.46766662597656,3476200
IBM,2022-11-22,132.29225480423366,133.86076047045324,131.77240557084681,133.63668823242188,7062100
IBM,2022-11-23,133.63667409987886,134.8556274929123,132.91964027875048,133.32296752929688,3658200
IBM,2022-11-25,132.89277066534675,133.9862443131684,132.74040318016299,132.98239135742188,2075200
IBM,2022-11-28,132.63283888381144,132.86588277047198,130.8044153897205,131.01951599121094,3538100
IBM,2022-11-29,130.77749889002845,131.90681782693127,130.58927222907062,131.29734802246094,2754700
IBM,2022-11-30,131.02849242268266,134.1206867686826,130.5624183086117,133.45742797851562,6377600
IBM,2022-12-01,134.42542535936482,134.45231293625588,132.05922285895502,133.6904754638672,4495900
IBM,2022-12-02,132.76727650065428,133.69045295524515,132.4087527419938,133.2512664794922,2900000
IBM,2022-12-05,132.59699557230283,133.48431292094244,131.5752266691861,132.12196350097656,2784600
IBM,2022-12-06,132.02336640340764,132.47151088293293,131.48558755746365,132.20262145996094,2847600
IBM,2022-12-07,132.05025036759383,132.74039667655256,131.11810221694864,131.99647521972656,3971300
IBM,2022-12-08,132.56113306355627,133.6814942749666,132.08610100402106,132.45358276367188,2665700
IBM,2022-12-09,132.11294820866155,132.95546177039708,131.7275506343205,131.79925537109375,3047600
IBM,2022-12-12,132.4894191048421,133.73526000976562,131.70068057178597,133.73526000976562,4032800
IBM,2022-12-13,134.77497015376582,137.32044126241723,134.39853042162292,134.95423889160156,8811500
IBM,2022-12-14,134.86457729310013,136.1552353577361,133.05407008152565,134.31784057617188,4205900
IBM,2022-12-15,133.1168227920165,133.5291080010793,126.89657603337743,127.5956802368164,6687000
IBM,2022-12-16,126.60080721016956,127.20131913241957,124.55726961089746,125.62385559082031,9834400
IBM,2022-12-19,125.62386415713229,125.87482397231145,122.97084281287289,124.46764373779297,5282900
IBM,2022-12-20,124.44076109360309,126.76214631412974,123.99261659498629,126.6277084350586,5156500
IBM,2022-12-21,127.12961675409018,128.24997790077305,126.35880773812103,127.39850616455078,3793700
IBM,2022-12-22,126.33191340704269,126.77109987651178,124.24355870018066,126.26918029785156,3337100
IBM,2022-12-23,126.00923328430218,127.14752383703805,125.12191616614305,126.95929718017578,2092500
IBM,2022-12-27,127.03103351224684,127.91836452734964,126.58288902151938,127.64947509765625,2742400
IBM,2022-12-28,127.63152545065606,127.99900715766663,125.43562052610308,125.49836730957031,2539500
IBM,2022-12-29,126.00028902367335,127.50604773720987,125.88376709597733,126.43050384521484,2337200
IBM,2022-12-30,125.96444585573312,126.28711043206006,124.98749416051258,126.27815246582031,2858000
IBM,2023-01-03,126.4663626926093,127.18338283434495,125.91065430359683,126.86968994140625,3338600
IBM,2023-01-04,127.33576663686067,128.7250034477312,126.70835348530035,127.81079864501953,3869200
IBM,2023-01-05,127.66739240975565,127.72116755525782,125.48940328293558,126.47532653808594,2866600
IBM,2023-01-06,127.61362808192251,129.2896840814724,126.896594169784,128.79672241210938,3574000
IBM,2023-01-09,129.1372786250008,130.3831193814445,128.5277951922008,128.66224670410156,3987700
IBM,2023-01-10,128.71603741177907,129.82744046707168,128.0796663348601,129.78262329101562,2152100
IBM,2023-01-11,129.96188558975075,130.43691759470033,128.57263511198306,130.19491577148438,3268700
IBM,2023-01-12,129.85435252315753,131.44974582235412,129.53168794150628,130.45486450195312,2715900
IBM,2023-01-13,129.1193873158938,130.94782448029375,129.07457013196827,130.7595977783203,2455700
IBM,2023-01-17,131.23461840144745,131.915793038376,129.97084777683605,130.13218688964844,2986500
IBM,2023-01-18,129.42412280285555,129.67508262230228,125.68659941007652,125.84793853759766,6445600
IBM,2023-01-19,125.48044570162654,127.47916611451457,125.25637347715934,126.03614044189453,4833900
IBM,2023-01-20,126.97724135603974,127.14753842791453,125.93754299448615,126.55598449707031,7153300
IBM,2023-01-23,126.73524594616292,128.1603557018958,126.43051100017057,127.14754486083984,5898400
IBM,2023-01-24,126.60078848217599,127.9452216341991,125.48042752215673,126.81590270996094,4407600
IBM,2023-01-25,125.90170332938092,126.40362292697866,124.90682209975567,126.16162109375,7347500
IBM,2023-01-26,123.26661399342966,123.92987271726092,119.18849667482188,120.50604248046875,17548500
IBM,2023-01-27,120.49710295468765,121.43820919935274,119.89659092793399,120.45228576660156,8143100
IBM,2023-01-30,120.38951648908696,121.99386740098112,120.08476790739469,121.26787567138672,5375700
IBM,2023-01-31,121.44714241706792,121.58158027764378,119.88759485297363,120.75699615478516,7206400
IBM,2023-02-01,120.5419085904514,121.7070733113102,119.02717804179373,121.07967376708984,5428900
IBM,2023-02-02,121.85943726155442,122.54061185960961,120.86455609755086,122.24483489990234,6107800
IBM,2023-02-03,122.20900104129738,122.74676619337438,121.47403755428998,122.73780822753906,3755700
IBM,2023-02-06,121.74292482270471,122.18211131400126,120.9541862020198,122.0566177368164,4841300
IBM,2023-02-07,121.59951698413956,122.25380407094778,120.50604340000326,121.75188446044922,3737600
IBM,2023-02-08,121.63535410491295,122.55853043716053,121.14239254976103,121.8773422241211,4593700
IBM,2023-02-09,122.47618231502423,123.14757408603381,120.97913206019656,121.35112762451172,3918800
IBM,2023-02-10,121.37835084541439,123.18387922886171,121.1243084595578,123.0296401977539,5049600
IBM,2023-02-13,123.39253558069494,124.65367932440333,123.25644641004175,124.61739349365234,4403000
IBM,2023-02-14,124.3452168058862,124.51760567304576,122.53062046824253,123.40161895751953,3202200
IBM,2023-02-15,122.66669250617909,123.80081505864796,122.54875317482555,123.75544738769531,2506700
IBM,2023-02-16,123.00242664172417,123.36534039293312,122.11326441599952,122.48526000976562,2965500
IBM,2023-02-17,122.0316189854951,123.01150279182151,121.47816647944796,122.50341796875,3466200
IBM,2023-02-21,121.57795079026297,121.93179651118021,119.45487646475952,119.500244140625,4257200
IBM,2023-02-22,119.67262281402303,119.75429017078417,118.21187220986334,118.82884216308594,3200200
IBM,2023-02-23,119.30972283812324,119.4911797237753,116.91445595240636,118.66553497314453,3725600
IBM,2023-02-24,117.60398279858859,118.55664863325207,117.24106907313165,118.46592712402344,3015800
IBM,2023-02-27,119.2371293859426,119.64541081257795,118.06672078368497,118.39334869384766,2761300
IBM,2023-02-28,118.44778241447992,118.50221809122895,117.16848863379009,117.31365966796875,5143100
IBM,2023-03-01,116.95072298940615,117.46788956685512,115.89826076198517,116.30654907226562,3760700
IBM,2023-03-02,116.4880161100633,117.2410752823268,115.87105305312173,116.97795104980469,3340100
IBM,2023-03-03,117.35903620088384,117.86712101457002,116.83280154548805,117.62214660644531,2860300
IBM,2023-03-06,117.62212281234683,118.72902758007561,117.57675513938679,118.12113952636719,3131200
IBM,2023-03-07,118.2028066428999,118.32982783525324,116.30655675552799,116.36099243164062,3530400
IBM,2023-03-08,116.56967413992543,116.80558054294539,115.7258934209547,116.1795425415039,2778800
IBM,2023-03-09,116.4063699265617,116.61504465068184,114.3014382330194,114.46475219726562,5478300
IBM,2023-03-10,114.4284516966205,115.48998893135483,113.53022149295059,113.820556640625,5990900
IBM,2023-03-13,113.54837618915107,116.30656367107679,113.27618394813184,113.93851470947266,8188400
IBM,2023-03-14,114.76415199501024,114.9002481149105,111.7791399663125,113.0947265625,8114800
IBM,2023-03-15,111.58860540456199,111.91523331538136,110.42726479815357,111.85172271728516,5989300
IBM,2023-03-16,111.56139389856375,113.2489692262152,110.61780287175912,113.14009094238281,6438700
IBM,2023-03-17,112.57756248058215,112.97676898210868,111.53416816464174,112.22371673583984,37400200
IBM,2023-03-20,112.78622870234376,114.46473578616455,112.67735735654638,114.26512908935547,4588300
IBM,2023-03-21,115.13614866857195,115.36297322980944,114.0111007830322,114.83673858642578,3856300
IBM,2023-03-22,115.22688115156436,115.42648787999867,112.51406124217851,112.55035400390625,3549000
IBM,2023-03-23,112.3325866232678,113.34876308744374,111.23475664466471,111.93338012695312,4651900
IBM,2023-03-24,111.92429883855459,113.77518787041836,111.48879268664852,113.67538452148438,3812300
IBM,2023-03-27,114.74600738699793,118.184661561187,114.74600738699793,117.3227310180664,6524100
IBM,2023-03-28,117.20476641476372,117.64027948736708,116.86000253762464,117.34993743896484,2888900
IBM,2023-03-29,118.05764307429567,118.26633163828338,117.20478050988687,117.68566131591797,3279600
IBM,2023-03-30,118.09392844001802,119.29155477783613,117.1321946330943,117.2410659790039,3561800
IBM,2023-03-31,117.46791762512044,119.06475772553289,117.42254993909656,118.93773651123047,4524700
IBM,2023-04-03,118.82885067790161,120.31681922617996,118.6473938001647,119.81780242919922,3840100
IBM,2023-04-04,119.7542974132832,119.89945460728671,118.75626383047788,119.40045166015625,3382800
IBM,2023-04-05,119.19177255478866,120.31682742425149,119.19177255478866,119.89039611816406,2898700
IBM,2023-04-06,119.90853844145919,120.30775188121201,118.23911300637684,118.40242004394531,3050600
IBM,2023-04-10,117.7945379789313,118.92866083495089,117.2592353135156,118.88329315185547,2614400
IBM,2023-04-11,118.47498974689132,118.94678864399854,118.11206219362786,118.32981872558594,3132400
IBM,2023-04-12,118.31168260747921,118.75626372018363,116.28841144887718,116.62410736083984,3957500
IBM,2023-04-13,116.14324584257454,116.48802361321583,114.31958131505826,116.04344940185547,5621500
IBM,2023-04-14,116.55153439484262,117.80359651318852,115.50813314457032,116.26119232177734,4180600
IBM,2023-04-17,116.40636189487745,116.78742547778096,115.04541459410555,115.97085571289062,3662700
IBM,2023-04-18,116.26119058829778,116.75112552395036,115.54442418091107,115.93456268310547,3193800
IBM,2023-04-19,114.77321537124898,115.2087215266977,113.68446036583047,114.60990142822266,7014400
IBM,2023-04-20,118.08484834513776,118.83790746878422,114.17439554496897,114.64619445800781,9749600
IBM,2023-04-21,114.31958296770637,114.95468899311679,113.65725217937562,114.07461547851562,6725400
IBM,2023-04-24,113.91128837109794,114.36493745752664,113.01305819603142,113.77519226074219,4043900
IBM,2023-04-25,113.32155660884447,114.49197222124224,113.19453540335664,114.21977996826172,4275400
IBM,2023-04-26,114.14717892274943,114.81858454290037,113.52114790144059,114.1834716796875,4070200
IBM,2023-04-27,114.65528368295502,115.24502201463058,113.82963894319101,115.19966125488281,3204900
IBM,2023-04-28,114.84579785720148,115.45368593716917,113.99293540808328,114.69155883789062,5061200
IBM,2023-05-01,114.6371216899509,115.00004234014575,114.37400439161303,114.4012222290039,2725000
IBM,2023-05-02,114.59176106627775,114.72785025338801,111.84264181034419,113.55744171142578,4445300
IBM,2023-05-03,113.82962985348998,113.92943320795632,111.83357660843451,112.0059585571289,4554200
IBM,2023-05-04,111.62489111146556,112.06946527005141,110.47262549819409,111.20753479003906,4468200
IBM,2023-05-05,111.69748184787167,112.59570512680592,111.42528961928024,112.18742370605469,4971900
IBM,2023-05-08,112.28723737148015,112.4324014971576,111.18940728039873,111.96060943603516,3663800
IBM,2023-05-09,112.10774813838094,112.17212474263759,110.96735957018151,111.43638610839844,4540000
IBM,2023-05-10,112.19050490367333,112.65033975435085,111.3719994307892,112.21809387207031,4189200
IBM,2023-05-11,112.21810551580259,112.42043399373794,110.86619680841618,111.18807983398438,3446500
IBM,2023-05-12,111.65711553456777,112.99063395884218,111.3812117836374,112.97223663330078,4564800
IBM,2023-05-15,113.11938066584278,113.75395504657283,112.51239525531433,113.4504623413086,2915700
IBM,2023-05-16,113.44127045125546,113.91030402225284,112.61356621317887,113.54243469238281,2748400
IBM,2023-05-17,113.98386676821414,115.74043227597835,113.55162087934667,115.61167907714844,4515100
IBM,2023-05-18,115.23460911080517,116.34740853720297,115.1334448887215,116.01632690429688,3797900
IBM,2023-05-19,116.6049245195619,117.98442208160466,116.38420575161784,117.03717041015625,4306700
IBM,2023-05-22,117.25788879394531,117.89246314329405,116.9360057966391,117.25788879394531,2806800
IBM,2023-05-23,117.01877026109034,118.72015779693677,116.91760603311627,117.88325500488281,4592300
IBM,2023-05-24,117.55218383445163,117.62575909633307,115.390961386477,115.58409118652344,3915500
IBM,2023-05-25,115.51971755930083,117.00958507638629,114.96791711403621,116.57733917236328,4102900
IBM,2023-05-26,116.85324221083762,119.24438929726551,116.62332476149061,118.53623962402344,5612600
IBM,2023-05-30,119.15241743129158,119.6214580119716,117.95684388078308,119.07884216308594,3741100
IBM,2023-05-31,118.18675493597114,119.04205510366138,117.22110590499138,118.26033020019531,11590200
IBM,2023-06-01,118.12238416069674,119.69501156437804,117.51539876174584,119.39153289794922,4136100
IBM,2023-06-02,119.90652637850195,122.42641208958337,119.69499226769803,121.78264617919922,5375800
IBM,2023-06-05,122.42643818111642,122.84949245984129,121.64472727799608,121.98500061035156,3993500
IBM,2023-06-06,121.7918674663539,122.26090805547194,121.2860602920429,122.03099060058594,3298000
IBM,2023-06-07,121.85624431116756,123.64040590712425,121.57114892825535,123.5852279663086,5772000
IBM,2023-06-08,123.8703222671886,125.05669008350291,123.2449395329644,123.6128158569336,4128500
IBM,2023-06-09,123.56682080230243,125.16705112376806,123.39208131493571,124.43131256103516,3981500
IBM,2023-06-12,125.07508225843057,125.64527299579859,124.90954844424486,125.46134185791016,4494500
IBM,2023-06-13,125.54411907923357,127.07077431191975,125.07509253412768,126.54656982421875,3927300
IBM,2023-06-14,126.73048785483064,127.76970507654289,125.93957134908594,126.17868041992188,4514900
IBM,2023-06-15,126.24304005575985,127.65013331115642,126.16025913311515,127.28225708007812,3812600
IBM,2023-06-16,128.04563291544002,128.26635873759344,126.42701898546107,126.43621063232422,7473700
IBM,2023-06-20,125.40615417835383,126.20626228419194,124.97390831971722,125.03829193115234,4271300
IBM,2023-06-21,124.25656703709288,124.51407341658245,122.58276153736541,122.95063781738281,5501300
IBM,2023-06-22,121.10209839076315,122.27928850774248,120.18242869812474,120.63307189941406,6012800
IBM,2023-06-23,119.92491760357954,120.12724605066869,118.80291949991987,119.0328369140625,11324700
IBM,2023-06-26,118.99607539942767,120.85381233309178,118.92250013112886,120.7894287109375,4845600
IBM,2023-06-27,120.75263325288667,122.27008263004426,120.32038737540866,121.7090835571289,3219900
IBM,2023-06-28,121.45157815467222,121.55274238284242,120.39396361447582,121.17567443847656,2753800
IBM,2023-06-29,121.1664892013846,123.5576361574769,121.11131126183653,123.29092407226562,3639800
IBM,2023-06-30,123.87033385284182,124.183018232676,122.71154086526498,123.06101989746094,4236700
IBM,2023-07-03,122.70232592921492,123.55762602118392,122.19650480310912,122.93224334716797,1477100
IBM,2023-07-05,122.61037222726637,123.52083625719166,121.93900323651906,123.45646667480469,2955100
IBM,2023-07-06,122.53680121660209,123.14377257992189,120.98255711062451,121.5435562133789,3507700
IBM,2023-07-07,121.19408222190529,123.09780539822336,121.16649325120913,121.46998596191406,2982700
IBM,2023-07-10,121.17568286693049,122.36206471917755,121.1205049264626,122.22410583496094,2369200
IBM,2023-07-11,122.92305487826056,123.75075199105818,122.52758961198016,123.64039611816406,2924000
IBM,2023-07-12,124.21978824938576,124.45889731012372,121.92061408944048,122.16891479492188,3732200
IBM,2023-07-13,122.78511765932693,124.21981442521286,122.64717279388037,123.16218566894531,3221400
IBM,2023-07-14,123.15297761889502,123.16216926435105,122.26089685303246,122.6839370727539,2861500
IBM,2023-07-17,122.55518025701828,123.79673997624778,122.40804376882829,123.45646667480469,3167400
IBM,2023-07-18,123.88872384951894,125.02910541039945,123.5024501878139,124.48650360107422,3852100
IBM,2023-07-19,124.64283382597617,125.48892826945645,124.33014949463376,124.59684753417969,5520000
IBM,2023-07-20,126.16949154119985,129.0480622647086,125.5900951251463,127.26390075683594,10896300
IBM,2023-07-21,127.10756801634494,128.55144229134493,126.6937053838669,127.77892303466797,5858600
IBM,2023-07-24,128.15597828014845,128.86411384520025,127.6317598154012,128.33070373535156,3475200
IBM,2023-07-25,128.220317860061,129.14917898761956,127.87083896533635,129.05722045898438,3770800
IBM,2023-07-26,129.15839664910723,129.90332675547995,128.6433839352221,129.73779296875,4046400
IBM,2023-07-27,130.8690066746168,131.86225167676542,130.5011303591655,131.4851837158203,6331600
IBM,2023-07-28,131.91741358023287,132.38644003824209,131.37481186807707,131.92660522460938,6686400
IBM,2023-07-31,132.2577033705568,132.9842503253463,132.0001969654039,132.5979766845703,6138100
IBM,2023-08-01,132.66236341957412,132.8738835359813,130.74944862702813,131.81626892089844,4797700
IBM,2023-08-02,131.31045045686898,132.7083524558859,130.87820453633776,132.5887908935547,4957400
IBM,2023-08-03,132.23010595507898,133.55443254444697,131.79786008124233,132.84628295898438,3951900
IBM,2023-08-04,133.43486323139157,134.3545328612718,132.42323505835026,132.6531524658203,4223100
IBM,2023-08-07,133.35212846443838,134.7316332416567,133.2877448389717,134.4373321533203,3438700
IBM,2023-08-08,133.99588904349687,134.40973765303386,132.53361740771064,134.18902587890625,4654600
IBM,2023-08-09,134.83089039172688,134.83089039172688,132.37502270617324,132.55177307128906,4072900
IBM,2023-08-10,133.06339914543818,134.49599688955587,132.73781907234672,133.25875854492188,4735800
IBM,2023-08-11,133.1378173828125,133.44480260512879,132.29129786076714,133.1378173828125,2526400
IBM,2023-08-14,133.07271026800507,133.37038388214387,131.9098938801241,132.01222229003906,4226400
IBM,2023-08-15,131.63080177103922,132.384304442914,131.35172302731738,131.97499084472656,3656600
IBM,2023-08-16,131.81686130199446,132.17965944285774,130.75637333681453,130.83079528808594,3285300
IBM,2023-08-17,131.17499109533847,132.70991730398907,130.79359809307064,130.8494110107422,3742100
IBM,2023-08-18,130.2354435083841,131.93780850901666,130.01217763805073,131.54710388183594,3915500
IBM,2023-08-21,131.55638136519104,132.45872793687658,131.2680051979681,132.3563995361328,2937800
IBM,2023-08-22,132.70988468923716,133.24012147134263,131.44474015296944,131.62149047851562,3557500
IBM,2023-08-23,131.8354477751286,133.47268783928257,131.70521293132697,133.40757751464844,2559100
IBM,2023-08-24,133.50062372213645,134.39367298688714,133.23085655569622,133.537841796875,2900200
IBM,2023-08-25,134.12388689979193,135.32392136343586,133.49132159689125,135.21229553222656,3660100
IBM,2023-08-28,135.26811628995722,136.50535470422074,135.08206849564368,135.8355712890625,3561100
IBM,2023-08-29,136.09603289679475,136.4960349209082,135.46345340053443,136.23556518554688,2778100
IBM,2023-08-30,136.20767544578257,136.67280205809348,135.58440748863046,136.6169891357422,2245400
IBM,2023-08-31,136.69136342097886,137.42625696651268,136.31925374419427,136.5890350341797,3885900
IBM,2023-09-01,136.98904840155205,137.77047169075416,136.67276579578646,137.6216278076172,2727800
IBM,2023-09-05,137.59372881833468,138.60770121246233,137.27744619541068,137.7983856201172,3731300
IBM,2023-09-06,137.3611807924333,137.98444868714154,136.85883615252519,137.7332763671875,2932200
IBM,2023-09-07,137.79839673325196,138.40305557257898,137.1193017477812,137.23094177246094,3332900
IBM,2023-09-08,137.0727897332878,138.22629440670062,136.98905617268946,137.3797607421875,3722800
IBM,2023-09-11,138.20771044385415,138.40305564671053,137.2867547610665,138.0309600830078,3273600
IBM,2023-09-12,137.60302895284525,137.67745089991914,135.63089703625977,136.0960235595703,4457700
IBM,2023-09-13,135.77044047081412,136.72860005199678,135.74253401268538,136.32859802246094,2627800
IBM,2023-09-14,137.10072140189286,137.42630150574902,136.2634850036826,137.07281494140625,2723100
IBM,2023-09-15,136.84954195333881,137.5379343968321,135.37974026774182,135.8076629638672,6234000
IBM,2023-09-18,135.602992670619,136.2634643949609,134.94250675174183,134.9704132080078,2508100
IBM,2023-09-19,134.88670099512254,136.48673748042066,134.57041834430538,136.30068969726562,3945400
IBM,2023-09-20,138.01234860341222,141.33334474400618,137.7983943677973,139.37982177734375,9632400
IBM,2023-09-21,138.6076980784984,138.84026133030795,137.03556822514025,137.10069274902344,4944600
IBM,2023-09-22,137.12857858211032,137.770455331704,136.57973279706414,136.6634521484375,2562000
IBM,2023-09-25,136.34722234784255,137.1472264966177,136.04953450170854,136.26348876953125,2694200
IBM,2023-09-26,135.3611148662931,135.97508527995262,133.04479387904055,133.24945068359375,4824700
IBM,2023-09-27,133.64946800443653,133.7890144932902,131.87268108593693,133.18434143066406,4439800
IBM,2023-09-28,132.22617015842937,132.35640501981408,130.43078855544508,131.70523071289062,5783200
IBM,2023-09-29,132.09595396304894,132.21689142090085,129.87264939018473,130.5145263671875,5704000
IBM,2023-10-02,130.2726281290095,131.58428830853555,130.10518939691752,130.97962951660156,3275300
IBM,2023-10-03,131.04475361099472,131.76105249408985,130.23543793181292,130.59823608398438,3284400
IBM,2023-10-04,130.57960077032138,131.35171241460316,130.22611430506632,131.2307891845703,2637600
IBM,2023-10-05,131.07267790987612,131.8168833525464,130.4122060479782,131.64944458007812,3223900
IBM,2023-10-06,131.5377915559429,132.9703893757462,130.33777122140083,132.1238555908203,3511100
IBM,2023-10-09,132.3750286752999,132.46804547539884,130.86800889051338,132.28199768066406,2354400
IBM,2023-10-10,132.65411715963782,133.41691743216037,131.8354897695315,132.1982879638672,3015800
IBM,2023-10-11,132.57034429632606,133.34245595691715,132.22615524317754,133.24012756347656,2511500
IBM,2023-10-12,132.57037308839475,132.96107771333143,131.1191804259051,131.3889617919922,3921100
IBM,2023-10-13,130.0214549853943,130.3470349916323,128.62607560128907,128.80282592773438,4582800
IBM,2023-10-16,129.56564439032172,130.0307709179132,128.8586571784153,129.5005340576172,3361500
IBM,2023-10-17,127.55629053000412,130.81217612475976,126.80278784920051,130.53311157226562,4172800
IBM,2023-10-18,130.2354412490295,130.63544329091678,129.8447366286268,130.20753479003906,3330000
IBM,2023-10-19,128.97031092004943,129.68660990206217,128.30982486230346,128.38424682617188,5314200
IBM,2023-10-20,128.51446262081728,129.5563557656423,127.55630304449026,127.59352111816406,4865600
IBM,2023-10-23,127.10048319247849,128.07723757338476,126.3934817653411,126.867919921875,3457500
IBM,2023-10-24,127.20284133800446,128.35634634537234,126.56096428994903,128.17959594726562,3698000
IBM,2023-10-25,127.90980097231923,128.83075664935282,126.82140655102634,127.51909637451172,6472500
IBM,2023-10-26,132.28197711004998,134.33784253769304,131.70522477769944,133.73316955566406,11130200
IBM,2023-10-27,133.6029513330618,134.60762642691822,131.82617862472617,132.57968139648438,5469200
IBM,2023-10-30,133.2029616298782,134.42159108415174,132.6355065945442,132.68202209472656,4204100
IBM,2023-10-31,133.0261891205804,134.66342941510865,132.64478195487487,134.5518035888672,6591800
IBM,2023-11-01,134.8866783000071,136.2913551502027,134.37503633651417,135.25877380371094,4750100
IBM,2023-11-02,135.60301063899405,136.84024907735818,134.7378677965052,136.7565155029297,3902700
IBM,2023-11-03,137.16580061426353,138.09605360479028,137.0076593092181,137.58441162109375,3510500
IBM,2023-11-06,137.57514357794244,138.82167944473565,137.5379396959722,138.57981872558594,4597200
IBM,2023-11-07,138.6356022027728,138.8681654506731,137.70534921117152,138.44955444335938,3549900
IBM,2023-11-08,138.8402779825042,139.24028001021549,137.2960543985897,137.7053680419922,3618600
IBM,2023-11-09,137.87470300289797,138.28865868127494,136.6798789958584,137.9405517578125,3412700
IBM,2023-11-10,138.71204585538993,140.3396316035887,138.15697533368046,140.19851684570312,3179000
IBM,2023-11-13,139.67165176812404,139.6998747161635,138.6273596241109,139.3329620361328,2647200
IBM,2023-11-14,140.60303295423154,141.8825258584787,140.2267174229013,141.50621032714844,4321900
IBM,2023-11-15,141.49681652350324,144.1498888316348,141.49681652350324,143.5477752685547,4632500
IBM,2023-11-16,143.9429132264773,144.27220014273274,143.12441890189703,143.99935913085938,3519200
IBM,2023-11-17,144.2157014856955,144.41327645394884,143.43484754228402,143.83938598632812,4426500
IBM,2023-11-20,143.4818782726648,145.52341931484588,143.33136068406694,145.2129669189453,3658500
IBM,2023-11-21,145.44819833268826,145.50464423474065,144.42271180849858,144.79904174804688,2859500
IBM,2023-11-22,145.35411243680286,146.49249076649048,145.03424275443487,145.9468231201172,3044700
IBM,2023-11-24,145.94679151919084,146.20079802373914,144.80841343598897,145.9938201904297,1799200
IBM,2023-11-27,145.81511116247313,146.8970292340189,145.58931319857237,146.36077880859375,4053100
IBM,2023-11-28,146.2384440161488,146.5300906959322,145.6927764661761,146.43600463867188,2666200
IBM,2023-11-29,146.9064287088028,148.18592176367278,146.7841340422584,147.1510467529297,3568900
IBM,2023-11-30,147.65907322152214,149.2114072604648,147.60262732110948,149.17376708984375,6740600
IBM,2023-12-01,149.03267127180533,151.08361581011644,148.6469384292904,151.04598999023438,4871900
IBM,2023-12-04,150.80132244084834,153.15333018863788,150.80132244084834,151.56338500976562,5779000
IBM,2023-12-05,151.24353200823427,152.85231195349652,151.205906192994,151.83624267578125,4556700
IBM,2023-12-06,152.02439639340534,152.73941606350073,150.53792550962427,150.7919464111328,3555900
IBM,2023-12-07,151.4693142344825,151.91149288410531,150.5002880931008,150.73548889160156,3665500
IBM,2023-12-08,150.52851691001808,152.44774918419287,150.52851691001808,152.37249755859375,4561300
IBM,2023-12-11,153.04986583269937,153.96244613372045,152.36308347968463,153.8307342529297,6077200
IBM,2023-12-12,153.60494263189472,156.493200993815,153.27565576936968,154.95970153808594,5292300
IBM,2023-12-13,154.63983710911543,155.20432484330306,153.10633745932336,153.93423461914062,4989100
IBM,2023-12-14,153.2850715987768,153.82133635930228,150.6696396274699,153.26626586914062,6129800
IBM,2023-12-15,152.69235847435613,154.37638984449552,152.4477404608433,152.62649536132812,11016100
IBM,2023-12-18,152.62648919505753,153.6613783899922,152.01497289701584,153.10630798339844,3677300
IBM,2023-12-19,152.2219679908487,152.6735495291372,151.77038645256022,151.9961700439453,3766600
IBM,2023-12-20,151.7421483542057,152.22196719442522,150.53792135472472,150.5755615234375,4865800
IBM,2023-12-21,151.08358944718134,151.54458820454042,150.0863403058299,151.26234436035156,2982900
IBM,2023-12-22,151.56338020638643,152.79582993028652,151.46929415725023,152.54180908203125,2442700
IBM,2023-12-26,152.62651015179395,153.6425794039208,152.45717245419877,153.5485076904297,1772400
IBM,2023-12-27,153.48264273222972,153.9530443606055,153.04986691769588,153.78370666503906,3234600
IBM,2023-12-28,154.25412409284814,154.25412409284814,153.72726215646807,154.05654907226562,2071300
IBM,2023-12-29,154.05652019100214,154.46105866635162,153.19098299106437,153.8683624267578,2526200
IBM,2024-01-02,153.1909824678654,153.62374388859766,150.9612835403748,151.93971252441406,3825000
IBM,2024-01-03,151.4693368879353,152.1561193027264,150.6037995426666,150.62261962890625,4086100
IBM,2024-01-04,150.73550244272565,152.23137621034527,150.68845940769282,151.33761596679688,3212000
IBM,2024-01-05,150.44385317942692,151.04596669331715,149.27725196572524,149.73825073242188,4199400
IBM,2024-01-08,149.29606345267786,151.67629442172438,148.54341801477972,151.6010284423828,3321700
IBM,2024-01-09,150.52849379606505,150.98007525790882,150.0674951158289,150.603759765625,2617200
IBM,2024-01-10,150.79195444197936,151.78920366073044,150.2839269674244,151.6857147216797,2967800
IBM,2024-01-11,151.48815374085797,152.62651771246635,150.801356985206,152.5606689453125,3778200
IBM,2024-01-12,153.32270876161076,156.15452141233698,152.73941533291753,155.9851837158203,4958300
IBM,2024-01-16,155.98517241812237,157.34933417815986,155.55239663250512,157.07650756835938,4869600
IBM,2024-01-17,156.91657374411622,157.88561433570325,155.70294382169268,156.2486114501953,4288600
IBM,2024-01-18,156.6343504969628,157.1047521587112,155.27017419347695,156.963623046875,3776900
IBM,2024-01-19,160.49161941609378,161.42301978094295,159.165083417662,161.3289337158203,6929100
IBM,2024-01-22,162.5896114184729,164.12311083031432,162.19446145254474,162.59901428222656,4926000
IBM,2024-01-23,162.66486718192573,163.71857652537244,162.2697315614523,163.643310546875,3983500
IBM,2024-01-24,164.41477959473468,164.50886566697363,162.6648848819315,163.6339111328125,9097800
IBM,2024-01-25,174.01096986296065,185.24414824953325,173.88866085061227,179.1571502685547,29596200
IBM,2024-01-26,179.98508763773003,181.00115698429804,175.139956099277,176.3253631591797,9895900
IBM,2024-01-29,176.3629993824611,178.2446060512548,175.03646323563683,176.0619354248047,6107900
IBM,2024-01-30,176.59815490066606,177.4824977494387,175.71379769637747,176.74867248535156,4575100
IBM,2024-01-31,175.97722480447803,176.54169805783508,172.29868119470882,172.78790283203125,8876100
IBM,2024-02-01,172.75970433279073,176.41001115867334,171.89416707075597,175.83612060546875,4669400
IBM,2024-02-02,176.02430398694997,176.29713062878437,174.6319047605314,174.79183959960938,4055400
IBM,2024-02-05,174.5284091749424,174.7824300769877,172.41160182077502,172.5621337890625,4379600
IBM,2024-02-06,172.6844309905695,173.74752884949305,172.204612168928,172.55271911621094,3337600
IBM,2024-02-07,172.486859794025,173.12661345177509,171.81889754348956,172.86318969726562,4841200
IBM,2024-02-08,173.38534696147957,175.20815558978572,172.30305388572293,175.02777099609375,5161200
IBM,2024-02-09,175.10371485972257,177.7050077591349,174.54358392743688,176.90753173828125,5064600
IBM,2024-02-12,176.48981563597448,177.04045802216183,174.71447887261576,176.73666381835938,4724000
IBM,2024-02-13,174.95179586214425,175.4169974118471,173.12898747309433,174.40115356445312,4290500
IBM,2024-02-14,175.63537804589754,175.63537804589754,173.03407047487212,174.27777099609375,3173400
IBM,2024-02-15,174.3252343493151,177.51515325460403,174.3252343493151,177.4107208251953,4714300
IBM,2024-02-16,177.18286989616365,179.38542490626116,176.53728368683474,178.14173889160156,4842800
IBM,2024-02-20,178.14173742853694,179.21454191468987,173.79357346422296,174.1543426513672,4247200
IBM,2024-02-21,173.31886594363198,173.76507584532877,169.70172930398266,170.6036376953125,4723700
IBM,2024-02-22,173.2144571428107,175.20816184712064,172.72077526134802,174.8853759765625,5078400
IBM,2024-02-23,175.54042509122905,177.0214706409896,175.2271423163127,176.3189239501953,3433800
IBM,2024-02-26,176.20500807181608,176.70817852501085,174.7429541431256,174.80941772460938,4620800
IBM,2024-02-27,174.8379108691634,175.7588110841712,173.37585683267014,175.511962890625,3641400
IBM,2024-02-28,175.28411338362636,175.9866456303611,174.25878078110995,175.92019653320312,3216300
IBM,2024-02-29,176.72716560791588,177.39174351442048,175.34107825831748,175.6638641357422,6458500
IBM,2024-03-01,176.10055784920905,178.84426634901672,175.8062377863228,178.67337036132812,4018400
IBM,2024-03-04,178.2556500023353,184.08484479481746,178.10376015539745,183.28736877441406,7938300
IBM,2024-03-05,182.2810382018238,184.12283850981134,180.92343117285293,182.2335662841797,5653600
IBM,2024-03-06,183.7050982759031,188.10073394523118,183.1924392593793,186.23045349121094,6945800
IBM,2024-03-07,187.57861144633975,188.67039328799981,186.2115011318592,186.59124755859375,4604500
IBM,2024-03-08,186.13551457434573,187.75896139457805,184.5405624929339,186.0310821533203,3943100
IBM,2024-03-11,185.21463829825362,185.4899667556804,181.21775450498868,182.02471923828125,4725100
IBM,2024-03-12,182.7177815518269,189.097605329168,182.42346142157234,187.7684783935547,5880100
IBM,2024-03-13,187.55011273030837,188.0722748804763,185.43299836115048,186.74313354492188,3993300
IBM,2024-03-14,186.9804799132915,187.73998718350023,182.39497052336236,183.63865661621094,4109600
IBM,2024-03-15,182.2715606132814,183.28739017747526,181.04685170156802,181.39813232421875,8828200
IBM,2024-03-18,181.99624396125202,183.44879500731446,180.68610868594695,181.98675537109375,5410600
IBM,2024-03-19,181.79686230778768,183.78106391394851,180.64810562262343,183.55320739746094,5317300
IBM,2024-03-20,183.10699478919878,184.16080762230513,181.62596366945914,184.14183044433594,3238600
IBM,2024-03-21,183.23043579071143,183.5817019387047,180.39178289159707,182.1861114501953,6013600
IBM,2024-03-22,182.28103325447015,183.2209250472907,180.86645127088272,181.17974853515625,3988400
IBM,2024-03-25,180.6291262414024,181.1607914826952,179.19556692113608,179.23353576660156,3718300
IBM,2024-03-26,179.4518880430913,180.3822767829389,178.9582061767578,178.9582061767578,4229500
IBM,2024-03-27,180.00253107612397,181.29368900992014,179.0531506685208,181.14178466796875,3693300
IBM,2024-03-28,181.27467899187698,182.21455622895039,180.7050450104312,181.29367065429688,3742200
IBM,2024-04-01,180.38226389047753,180.81898521917321,178.97718504899473,180.2208709716797,2364300
IBM,2024-04-02,179.56580340876891,180.19239793251768,178.10376400641664,179.3189697265625,2693500
IBM,2024-04-03,179.05314629963434,181.66394235683984,178.9487138778903,181.23670959472656,2826200
IBM,2024-04-04,182.28104165712688,183.4962474425961,177.8569253985054,178.4265594482422,2983900
IBM,2024-04-05,179.04364903157074,180.6860875801241,178.50250972781504,179.56581115722656,2014300
IBM,2024-04-08,179.6607681030797,180.61014858758602,179.347470804825,180.21141052246094,2678300
IBM,2024-04-09,180.89493721900328,181.5690036851294,177.21135107342118,179.72720336914062,2794200
IBM,2024-04-10,177.93289142377705,178.4075816733826,176.12907426983466,176.62274169921875,3081700
IBM,2024-04-11,176.62273507314274,177.3442734967683,175.23664770867637,176.4898223876953,2861700
IBM,2024-04-12,174.68600322789476,175.79677661874808,172.49293670084617,173.0435791015625,3547400
IBM,2024-04-15,176.17654116430674,177.98984685638985,171.72394443225244,172.07521057128906,3528100
IBM,2024-04-16,176.19552610247922,176.3094616149001,173.603721355657,174.44866943359375,4473700
IBM,2024-04-17,174.8378991406222,175.32207793284275,172.57836913746888,173.83155822753906,3003000
IBM,2024-04-18,173.11953231468178,174.1733452025409,171.04987538327006,172.28407287597656,2886700
IBM,2024-04-19,173.1954533896037,173.54673397612441,171.42961981401174,172.38848876953125,3038000
IBM,2024-04-22,173.21445338398192,174.04042419370424,171.3156925587557,172.69229125976562,3076500
IBM,2024-04-23,173.48027990183806,175.33156882154663,169.93909499527805,172.96762084960938,5950200
IBM,2024-04-24,173.8979983002562,174.9612996647369,172.2175910117222,174.7809295654297,7616600
IBM,2024-04-25,159.685796754129,163.7206638677942,157.27437666491778,160.35986328125,16702200
IBM,2024-04-26,159.0212338008325,159.37249995029782,157.34082625910426,158.6699676513672,8983800
IBM,2024-04-29,158.92626218052078,159.70476100818098,157.81548892766443,158.95474243164062,5242200
IBM,2024-04-30,158.06234624757508,158.31866852251068,156.89459793839924,157.78701782226562,6011600
IBM,2024-05-01,157.3028263659652,157.85346868582755,155.98318831045856,156.10659790039062,4029900
IBM,2024-05-02,156.0306687425607,156.53383917697096,154.3882302813249,156.35345458984375,3829900
IBM,2024-05-03,156.64777189552348,158.1762749765053,156.57181972229753,157.32183837890625,3400400
IBM,2024-05-06,158.07184933970737,160.13200323537683,157.95792831817246,160.07504272460938,4222300
IBM,2024-05-07,160.44528539861344,160.72059933682206,159.43894450624416,159.85667419433594,3155300
IBM,2024-05-08,159.50539996997617,161.64150592596943,159.4009675437829,161.2997283935547,3522000
IBM,2024-05-09,160.59982769049373,160.64777086360598,159.0465683670325,159.42050170898438,4266600
IBM,2024-05-10,160.2450556285855,161.14633450798104,159.46842605852785,160.26422119140625,2255400
IBM,2024-05-13,160.59980742562843,161.1367357842492,159.89028659162213,160.65733337402344,2414900
IBM,2024-05-14,160.94497858459806,161.2038599839247,159.6218232438182,160.465576171875,2601000
IBM,2024-05-15,161.02169651083383,161.4148100292854,160.44640772138266,161.32850646972656,4468800
IBM,2024-05-16,161.32848898676758,162.64206149995053,160.87784956424645,162.00924682617188,3492300
IBM,2024-05-17,162.00923126100452,162.14346333373987,160.43679213887646,162.06675720214844,2956400
IBM,2024-05-20,162.0379911703407,163.1502081121066,161.44353694948575,162.9200897216797,2726300
IBM,2024-05-21,162.93927311726463,167.76205958957826,162.93927311726463,166.3238525390625,6459800
IBM,2024-05-22,166.24714570413641,167.78123907027637,165.64309406381153,166.5347900390625,3294900
IBM,2024-05-23,168.16476555084765,168.2318889062559,163.4186849352177,163.6392059326172,3341300
IBM,2024-05-24,164.41583472487167,164.92400007285613,163.1981632239577,163.8501434326172,2587400
IBM,2024-05-28,163.41865804208376,164.04187517877406,161.70238961856296,162.67079162597656,2629500
IBM,2024-05-29,161.0791965391368,161.68324820782234,159.36294248948965,160.1683349609375,4206600
IBM,2024-05-30,158.7397308850948,159.86153081994138,157.46451866081588,158.80685424804688,3842400
IBM,2024-05-31,158.8739435225171,160.09162964667158,157.090566109341,159.97657775878906,4905000
IBM,2024-06-03,159.6793258189695,159.9094442102645,156.7933289836953,158.4712371826172,2776100
IBM,2024-06-04,157.8192854671625,159.5451225072735,157.12894479903767,158.97943115234375,2594200
IBM,2024-06-05,159.55469944765863,160.8778400332993,158.95064778300147,160.4847412109375,3049400
IBM,2024-06-06,160.48473805790667,161.50106871611186,159.92862956696064,161.2709503173828,2207100
IBM,2024-06-07,161.25177895056498,164.25284255775918,161.1367270600041,163.0063934326172,3475500
IBM,2024-06-10,162.56533538457637,163.72548084707572,161.92293800869194,163.36114501953125,3440000
IBM,2024-06-11,162.97764873204284,162.99682892601993,159.93823903063475,162.3448486328125,2951300
IBM,2024-06-12,164.29119128302378,165.36504786592198,161.17507600639368,162.03799438476562,3522700
IBM,2024-06-13,162.04759180129668,162.60370033344003,161.4051943495621,162.15306091308594,3525700
IBM,2024-06-14,161.35725134443712,162.48864860204566,160.34092060993112,162.23936462402344,2777700
IBM,2024-06-17,161.80788947395007,162.72834850042497,160.59980071751417,162.5174102783203,3239800
IBM,2024-06-18,162.9968243288884,163.7159279656335,161.4435651551833,163.524169921875,3386400
IBM,2024-06-20,166.90875286601428,167.10051091321668,164.16657036343653,166.75534057617188,4723100
IBM,2024-06-21,166.80327400535754,167.752496034353,164.33913862058168,165.35548400878906,10181500
IBM,2024-06-24,167.7908322583767,171.10830315060156,166.97584236389906,167.8004150390625,4864700
IBM,2024-06-25,167.92507334919193,168.5099448667968,164.35831829596233,165.48971557617188,4069800
IBM,2024-06-26,164.2241035371783,165.56642455683178,163.38994794855094,164.789794921875,2779000
IBM,2024-06-27,164.0706648455754,165.39382008794277,163.45703038813826,163.81179809570312,2894000
IBM,2024-06-28,163.8118055678316,166.31428667547516,163.5049810100178,165.82528686523438,4193300
IBM,2024-07-01,166.30468212332764,169.19069380431804,166.2375733980625,167.88671875,3321000
IBM,2024-07-02,167.63742750770942,170.1782690026005,167.13885954608716,169.99609375,2883300
IBM,2024-07-03,170.55219214674148,170.64806384279834,167.95382485927186,168.49075317382812,1649000
IBM,2024-07-05,168.50036516519435,168.83593807573004,166.78409633601254,168.76882934570312,2086000
IBM,2024-07-08,169.14274156970336,171.23292880471848,168.75921090947207,170.3220672607422,2503000
IBM,2024-07-09,170.28374072438854,170.3796124276153,168.3469509047226,169.20986938476562,2512700
IBM,2024-07-10,169.32493114973536,170.87819022221746,167.263492080619,170.5138397216797,3462200
IBM,2024-07-11,170.3316628746502,172.04793161932596,169.34409512421885,170.9644775390625,2806800
IBM,2024-07-12,171.2041634195409,176.57347554546712,171.14663747886718,175.2982635498047,4785600
IBM,2024-07-15,175.82560901079412,177.2829816081466,175.0777425218321,175.34620666503906,2925700
IBM,2024-07-16,177.06248069114307,178.91298156316873,176.91866582319815,178.155517578125,3374500
IBM,2024-07-17,177.80075873069927,180.19777065355663,177.44600564778028,179.7279510498047,4225300
IBM,2024-07-18,178.9513449447214,181.66476455209065,177.47479184431137,177.58984375,3487800
IBM,2024-07-19,178.65407843276665,179.29647581508996,174.45450923735933,175.70095825195312,3816000
IBM,2024-07-22,175.84478498856976,177.35011546591727,175.32703686176833,176.5638885498047,2488500
IBM,2024-07-23,176.76524466200485,177.74322960549006,175.47085239473915,176.51596069335938,2180200
IBM,2024-07-24,176.55432191818855,177.44601802338485,175.6050998636636,176.43927001953125,6962100
IBM,2024-07-25,179.10474802167624,188.17503366497743,177.66654075377767,184.07135009765625,9532800
IBM,2024-07-26,182.6619067966666,185.59586192848164,181.808571064954,183.850830078125,4294900
IBM,2024-07-29,185.22189950224197,185.32736861275134,181.3866804003735,183.61111450195312,3336800
IBM,2024-07-30,183.59192035528343,184.82878661453452,181.30037770130372,183.1700439453125,3065000
IBM,2024-07-31,183.13170985873907,186.535469695766,182.16332231431602,184.22474670410156,5558400
IBM,2024-08-01,184.86715312841312,185.66296287656593,180.53335128951113,181.846923828125,4085400
IBM,2024-08-02,181.0031724706061,181.46339468704164,178.05005187392712,181.32916259765625,4548800
IBM,2024-08-05,176.94740695906813,177.62815009026133,174.32027686396316,175.75848388671875,4975000
IBM,2024-08-06,177.09124043244557,181.1182175936045,176.07490970365117,179.104736328125,3632500
IBM,2024-08-07,180.332005279522,182.0482594032069,179.00884999777838,179.104736328125,3801900
IBM,2024-08-08,179.77589163621735,184.9342659018964,179.29648925852078,184.67538452148438,3712700
IBM,2024-08-09,184.90750977587038,186.3099480885523,182.8377222812509,185.1686553955078,2773700
IBM,2024-08-12,184.97522208311145,185.29439678631235,182.7990429997807,183.26329040527344,2290300
IBM,2024-08-13,184.04672479729643,185.0332635131994,183.0021717547638,184.72377014160156,2178900
IBM,2024-08-14,184.878505673009,186.7548580864096,184.47228732961705,186.0101318359375,1895100
IBM,2024-08-15,187.16107312117333,187.87679957535013,186.93862338523488,187.58663940429688,2472000
IBM,2024-08-16,187.22876026398566,187.97350116680192,186.53238184335495,187.4221954345703,2494400
IBM,2024-08-19,187.48023483460648,189.11478941865425,187.36417667749578,188.34103393554688,2361400
IBM,2024-08-20,188.20563172511004,189.77249066929994,187.3931950922167,189.598388671875,1790400
IBM,2024-08-21,189.5403632737707,190.85574322035893,187.7510545697097,190.73968505859375,2579300
IBM,2024-08-22,190.7783548641671,191.4263708258066,189.15348166330833,189.5306854248047,1969500
IBM,2024-08-23,190.33345638148938,190.90411012574722,188.0122045435051,189.66610717773438,2322000
IBM,2024-08-26,189.56938722141516,191.84229138983372,189.47266224303831,191.4844207763672,2567200
IBM,2024-08-27,190.9621236501382,192.85780905314522,190.50754286552612,192.2097930908203,2617100
IBM,2024-08-28,192.47094590880172,193.43813659176053,191.01049329047103,191.94866943359375,2645200
IBM,2024-08-29,192.76112222105127,194.52140173732667,191.76491691476224,192.37423706054688,2989600
IBM,2024-08-30,192.57732542716226,195.5369263705666,192.20978826801925,195.4982452392578,4751000
IBM,2024-09-03,195.285482338776,198.00328590792992,193.64126106201604,194.6761474609375,3874700
IBM,2024-09-04,194.1732047270483,197.6550972419077,193.9217404513704,197.41329956054688,3142500
IBM,2024-09-05,197.38428047138424,199.19292236367812,194.36665020014334,195.9431610107422,3229200
IBM,2024-09-06,195.74004642925672,197.40361551056867,192.79977861933693,194.1538543701172,3304500
IBM,2024-09-09,195.3145108810524,198.3224748342411,194.82123413195208,196.8523406982422,3705000
IBM,2024-09-10,197.50032410309527,199.07684955586836,196.21395879155418,198.58358764648438,3070600
IBM,2024-09-11,200.94354112800767,203.2261118454068,196.37839969320947,203.003662109375,5554300
IBM,2024-09-12,203.11005862169893,205.6731082200898,201.43682274724299,204.667236328125,4615300
IBM,2024-09-13,205.5086660953586,209.00022494774154,205.17015822124523,207.7428741455078,4572300
IBM,2024-09-16,208.79712287732303,210.75083737036948,208.44893365194162,210.03512573242188,4176100
IBM,2024-09-17,210.1221680598842,211.6599976466499,206.01160781015113,207.1045379638672,5635200
IBM,2024-09-18,207.10454787046757,209.74497433078412,206.58225663153803,207.88796997070312,3482800
IBM,2024-09-19,210.85722673173302,211.31180751451856,203.4678908107925,206.87240600585938,5279600
IBM,2024-09-20,207.29800581059826,210.70252155684042,206.72736678089916,210.55743408203125,9958800
IBM,2024-09-23,210.84757196335568,213.38160686709344,210.14152688677203,213.2655487060547,4074800
IBM,2024-09-24,212.56916403370028,213.93290641882982,211.00231987266707,213.72012329101562,3183900
IBM,2024-09-25,213.91357431042883,214.57127168822723,212.93671697543832,213.9716033935547,2537800
IBM,2024-09-26,214.82274212966462,216.65073209135906,214.09734905346588,216.09942626953125,2673200
IBM,2024-09-27,215.68352632528087,216.79578972817907,213.52669519431254,213.59439086914062,3830300
IBM,2024-09-30,213.41062314976597,214.05865390927997,211.8341123362026,213.82652282714844,3543400
IBM,2024-10-01,213.39127738488554,213.84585817008548,208.81645499409962,212.1532745361328,3548400
IBM,2024-10-02,211.14740393547115,212.9753938077938,208.71976053875287,212.52081298828125,3343400
IBM,2024-10-03,212.29836440744967,215.51911129677416,212.0759146727014,215.4127197265625,3788300
IBM,2024-10-04,216.4089191909385,218.66247529360422,215.94467178708155,218.58509826660156,3553800
IBM,2024-10-07,217.98543268086203,220.20029276826634,217.6372434577157,219.6683349609375,3458000
IBM,2024-10-08,220.62587866417618,221.82520048586625,219.59097749609407,221.119140625,3245100
IBM,2024-10-09,221.68009937277745,227.24144574435402,221.00306885308677,226.61277770996094,5083600
IBM,2024-10-10,227.38652945652194,228.09257450413503,224.20446392912805,225.37477111816406,3142000
IBM,2024-10-11,225.59722122372926,225.78098981025434,222.8987657785656,225.6068878173828,3469200
IBM,2024-10-14,225.90675031434492,228.3730749176198,225.51986515987227,227.54129028320312,2524400
IBM,2024-10-15,228.64388089062027,229.582057072077,225.07495952152885,225.31675720214844,3350600
IBM,2024-10-16,224.49463335971726,226.20656502636828,223.53710925637165,226.00344848632812,2846700
IBM,2024-10-17,224.38826252664785,225.5005260281495,223.09223041435754,225.23939514160156,5040100
IBM,2024-10-18,224.31086807923703,225.0169131664707,222.61828433381672,224.58168029785156,4715700
IBM,2024-10-21,223.6241773517326,224.794469881845,222.705334342769,224.14645385742188,2733300
IBM,2024-10-22,224.37858637826832,225.32642917664455,223.10188751019624,224.6300506591797,3180800
IBM,2024-10-23,222.85042464389005,225.68428646248918,222.70533717623746,225.1136474609375,5791000
IBM,2024-10-24,213.5557103598965,214.05865365817874,209.06794608439702,211.2247772216797,11193400
IBM,2024-10-25,209.68695202045618,211.47624600586195,207.3560188324838,207.6268310546875,8482200
IBM,2024-10-28,208.42959618068025,209.1549892068311,205.72145926475193,205.92457580566406,4993300
IBM,2024-10-29,205.03475451783828,206.340453061531,202.9649670837366,203.5259246826172,5258400
IBM,2024-10-30,202.6070877330757,204.19327976571668,197.55835149639302,198.17735290527344,6956600
IBM,2024-10-31,197.43264741096274,201.30141031084716,196.83297912593235,199.9376678466797,5925300
IBM,2024-11-01,200.9532178017855,202.9552948957763,200.6050285561142,201.41746520996094,3334100
IBM,2024-11-04,200.83714717968905,200.88550966733894,199.04785320191678,199.55079650878906,2593900
IBM,2024-11-05,199.40568989166664,201.2917086635747,198.8253843700876,200.759765625,2441500
IBM,2024-11-06,206.47586128748588,207.29797926498014,203.46789769615015,206.59193420410156,3934400
IBM,2024-11-07,206.6306231084743,207.48175565759217,204.97672049746743,206.67898559570312,3675800
IBM,2024-11-08,207.13355881265875,209.59021663727773,205.79883095653304,206.70799255371094,3201000
IBM,2024-11-11,207.3656672310093,208.3425392222454,206.47585361353896,206.5629119873047,3013000
IBM,2024-11-12,206.56291725528735,207.66446096378078,203.7944512550684,205.5491180419922,2817800
IBM,2024-11-13,204.22338713288784,206.0852841128983,203.80422455202682,205.6076202392578,3247800
IBM,2024-11-14,204.71078283594727,205.19818946174712,201.1527204173961,203.72622680664062,6372900
IBM,2024-11-15,202.2347551514036,203.23881156804413,198.93013896350132,199.82696533203125,3986500
IBM,2024-11-18,201.78633412590946,203.17056709681273,200.19738383648885,202.848876953125,3405900
IBM,2024-11-19,201.29893339431527,205.032469876105,200.99674367082974,204.95448303222656,2860700
IBM,2024-11-20,205.68559735313343,209.54586439798743,204.48658121113974,209.19493103027344,4562900
IBM,2024-11-21,210.37443132826036,217.02266439771094,209.84803875249276,216.79844665527344,5236400
IBM,2024-11-22,217.72454451119825,221.4775665847767,215.3264973805302,217.35411071777344,5320700
IBM,2024-11-25,217.7245298253754,220.7171985549367,217.04214869941626,220.43450927734375,7189300
IBM,2024-11-26,221.01939933006005,223.21272909614106,219.8301260002719,223.06651306152344,4449500
IBM,2024-11-27,223.0665018469007,223.41743518680934,218.62135612437038,221.20460510253906,2995100
IBM,2024-11-29,222.01371442439654,224.55797756448038,221.4678213923351,221.68228149414062,2640300
IBM,2024-12-02,221.770010812475,222.62785121852494,219.83012712132827,221.66278076171875,2655900
IBM,2024-12-03,221.51655762808858,223.33945355806236,220.96090696257434,223.2322235107422,3163800
IBM,2024-12-04,224.20704259527886,227.85284942533283,223.5734199464278,227.60914611816406,4104200
IBM,2024-12-05,227.6676446408067,230.56284127391464,227.5799150154326,228.83741760253906,4791100
IBM,2024-12-06,228.52546396384176,232.37598821618462,228.32076151023318,232.04454040527344,4028400
IBM,2024-12-09,232.0055366847826,233.32154042668964,223.14448845438335,224.20703125,4970400
IBM,2024-12-10,222.64732584958932,228.4864621916059,222.0624468623633,225.8837127685547,4769500
IBM,2024-12-11,226.8292821494073,227.1314718565117,223.35894959451895,224.32400512695312,3872700
IBM,2024-12-12,224.85043341823558,227.99907612934948,224.57748689139123,226.41012573242188,4515700
IBM,2024-12-13,226.40035383704125,227.89181676493385,224.46047031587872,225.00637817382812,2757400
IBM,2024-12-16,224.91865716169366,225.2111041117879,221.1656350713051,223.55392456054688,3610300
IBM,2024-12-17,223.4564184811456,224.40198844467815,221.88696868466593,223.20297241210938,3651300
IBM,2024-12-18,223.27122265025847,223.27122265025847,214.48816052756513,214.6246337890625,4152500
IBM,2024-12-19,218.76757321853398,220.50273949808087,217.36383985205362,218.28016662597656,4427200
IBM,2024-12-20,217.1201615688514,221.94548441617175,216.09660463166935,217.7342987060547,12423200
IBM,2024-12-23,217.19814194968401,218.10472602400955,215.51171916022383,216.34030151367188,2988100
IBM,2024-12-24,216.67174327648414,218.78708622485522,215.9601189008225,218.75784301757812,1186200
IBM,2024-12-26,217.6855318944844,219.72288789934427,216.94467922211777,219.22573852539062,3286500
IBM,2024-12-27,217.5198176255689,218.76757733604293,215.83339494843068,217.16888427734375,1810800
IBM,2024-12-30,214.98529548295875,216.00885231261407,212.16808594435574,214.70260620117188,2095600
IBM,2024-12-31,215.1607655051455,215.4824556383239,212.93819265270253,214.29318237304688,2270200
IBM,2025-01-02,216.23307474879277,216.886197818685,212.11936178663174,214.40042114257812,2579500
IBM,2025-01-03,214.99506117280106,218.026730917612,214.99506117280106,217.0421600341797,3872100
IBM,2025-01-06,217.38333563696486,218.69933935854553,215.1900060173094,217.0616455078125,2846700
IBM,2025-01-07,217.72453145126622,220.99990435734847,217.21762442874416,218.3191680908203,3299300
IBM,2025-01-08,218.27043173350418,219.2354873019685,215.26800522995777,217.55880737304688,2619800
IBM,2025-01-10,216.4085397557594,216.8277023101355,211.3395138715094,214.2152099609375,3570300
IBM,2025-01-13,212.4020565432219,214.05923607847046,209.34114356064345,211.9243927001953,3716800
IBM,2025-01-14,212.50928252928566,212.63601300805533,209.20466629961177,212.2655792236328,3485500
IBM,2025-01-15,215.30698342648435,216.0965797264757,212.51901712220666,214.48814392089844,2951600
IBM,2025-01-16,214.15672906544395,217.0714112149066,211.90491279797615,217.0519256591797,3329100
IBM,2025-01-17,220.2688099804822,220.2688099804822,218.0072360856877,219.12826538085938,5506800
IBM,2025-01-21,219.32322712851484,221.72125926978123,217.21762704754755,218.61160278320312,3982200
IBM,2025-01-22,216.38903530713407,218.74808152437,214.80009986659107,217.6367950439453,4759500
IBM,2025-01-23,218.2996724258055,220.34677124023438,217.52956166091366,220.34677124023438,3619700
IBM,2025-01-24,219.5961944430348,221.09740036787494,218.16321771390668,219.13803100585938,3232900
IBM,2025-01-27,216.59376888116552,218.65062553320197,214.30295168299557,218.4849090576172,4898400
IBM,2025-01-28,218.6701179353488,220.08359418947418,216.1843411439035,219.9763641357422,4485400
IBM,2025-01-29,219.93736925622022,223.69040636442426,218.0949727370676,222.87156677246094,7079800
IBM,2025-01-30,243.70330477723536,255.20608886314545,240.7886078972907,251.76499938964844,15381900
IBM,2025-01-31,249.6009108066309,250.7609409077738,245.54569915298566,249.25973510742188,7199800
IBM,2025-02-03,246.04287437666892,255.4595745549158,245.49698130102632,254.1630859375,8408500
IBM,2025-02-04,253.45144403446872,258.5692135774724,251.61879037161995,257.7991027832031,6077700
IBM,2025-02-05,259.0176386293059,259.027396282156,254.6017354847473,256.6683349609375,6165100
IBM,2025-02-06,256.3563978276939,256.7463171758269,246.36454719400194,247.05667114257812,6128300
IBM,2025-02-07,248.85032837062388,250.45876430337648,245.6724424908377,245.984375,3370300
IBM,2025-02-10,246.17082541890184,247.2404471104799,242.25540269990174,244.6105499267578,3564400
IBM,2025-02-11,246.4063427842741,251.9507246996304,245.896058642917,249.9390411376953,4801600
IBM,2025-02-12,247.99606803902904,251.60727296779592,247.30915568557515,251.02830505371094,3075300
IBM,2025-02-13,250.88112365669988,254.4334526468538,249.65448906357307,254.3451385498047,4531500
IBM,2025-02-14,254.15867692375616,257.0437237602829,253.08905519753986,256.39605712890625,3925300
IBM,2025-02-18,257.0338828937279,259.02593604954217,254.97313102116445,258.152587890625,4262800
IBM,2025-02-19,257.10260103694185,259.4184726869258,255.22829985557388,259.3792419433594,3718700
IBM,2025-02-20,258.72172968204376,260.13481495043663,257.24976835639535,259.7913513183594,4884800
IBM,2025-02-21,258.9180098366856,259.8796720947036,256.21941400352296,256.5923156738281,5667900
IBM,2025-02-24,256.61192709763344,258.91800585447606,254.72780340453878,256.9750061035156,4398100
IBM,2025-02-25,256.1997630734712,258.55492516125213,251.970329910645,252.93202209472656,6292200
IBM,2025-02-26,253.27550407402612,253.5011856616758,249.65447654097474,251.0577392578125,3460100
IBM,2025-02-27,250.44932852347077,252.81428344874107,248.3198928142391,248.49652099609375,3402200
IBM,2025-02-28,246.17083037991094,248.08437724596826,241.9315742702769,247.72129821777344,7988800
IBM,2025-03-03,249.97830402606652,251.20493852906753,243.6096122960016,245.5133514404297,2977700
IBM,2025-03-04,244.10025981099253,250.70445561247658,243.46241587528442,248.47689819335938,5342100
IBM,2025-03-05,246.87738419245358,248.0157046776706,242.39280097545716,246.6516876220703,4009800
IBM,2025-03-06,245.081565463757,247.38764424133055,242.1867111286679,244.0413818359375,3254400
IBM,2025-03-07,241.35258805306768,257.06331648114485,240.59697704970802,256.65118408203125,6700200
IBM,2025-03-10,256.67082818011113,261.46943699393086,249.9881254366336,252.09793090820312,8165500
IBM,2025-03-11,251.20495362797584,251.90168865592725,241.26430222662245,244.29653930664062,5630600
IBM,2025-03-12,245.6703793850625,248.3984134899128,240.9404692627916,244.96383666992188,3848800
IBM,2025-03-13,244.14933665184572,244.61055242697716,238.49699522846984,241.20541381835938,3862400
IBM,2025-03-14,238.2124198644791,244.29652398885872,237.16241354532414,243.70774841308594,4045200
IBM,2025-03-17,244.59092843671996,249.870368313475,244.34560152755574,248.24139404296875,3233900
IBM,2025-03-18,247.78997592452805,247.84886695814237,240.53811338174188,242.3339080810547,4171900
IBM,2025-03-19,243.68811181046814,248.91848298019778,242.02969961353372,247.57408142089844,3853600
IBM,2025-03-20,239.67457549424495,242.18672057417712,232.78579189561802,238.7717742919922,7026800
IBM,2025-03-21,237.17224942034738,240.62645655690937,234.04187560660992,239.31149291992188,9580100
IBM,2025-03-24,242.68718758625852,244.1689716906819,241.37223895567791,243.80587768554688,4753300
IBM,2025-03-25,243.7175678362274,246.21008267152826,243.5605550190332,245.22877502441406,3133800
IBM,2025-03-26,246.5535312174934,249.56615269669618,244.86568097007944,245.66053771972656,4450100
IBM,2025-03-27,245.04233426479723,245.62130217139804,241.136719126166,241.60775756835938,2889300
IBM,2025-03-28,241.66662885965664,242.9423317450068,237.5451399000041,239.43905639648438,3125300
IBM,2025-03-31,238.20260852660465,246.20025935335786,237.95728163040283,244.01194763183594,6795000
IBM,2025-04-01,243.3937195896765,245.9353026461832,238.93858973335907,245.66053771972656,4412900
IBM,2025-04-02,243.5801702739142,248.06473815713665,242.60867037297513,245.30726623535156,4080800
IBM,2025-04-03,238.17317988437958,245.92550412048357,237.99653672589798,238.9385986328125,5309600
IBM,2025-04-04,233.55120417860618,235.6708321463198,222.63906867407104,223.22784423828125,7407100
IBM,2025-04-07,215.14187133940527,227.947922809894,210.49046819031085,221.5596160888672,7797900
IBM,2025-04-08,228.21289791186288,228.69374403656894,213.21851866297897,216.89842224121094,6850000
IBM,2025-04-09,213.06149652650825,231.88298365727303,211.13814205898112,230.91148376464844,7302800
IBM,2025-04-10,226.68206360777862,228.22272378151555,217.86992524107907,225.25917053222656,5656100
IBM,2025-04-11,225.42598175297263,233.13906004285636,223.25728538127302,231.07830810546875,4325900
IBM,2025-04-14,235.28813515368142,237.2507504179854,232.30495156674232,234.59140014648438,3321500
IBM,2025-04-15,235.07224683866028,237.01523176236736,233.8161742643884,236.20074462890625,3363700
IBM,2025-04-16,235.78857745590295,238.75213045628556,231.48063790048343,234.1105499267578,4869900
IBM,2025-04-17,235.19980217015154,237.26055415277997,232.96242200398885,234.3460693359375,4635200
IBM,2025-04-21,233.6199142373735,236.30868755561085,228.57597865370516,231.8044891357422,4908900
IBM,2025-04-22,234.04187084033302,238.1044838484301,233.57084736834722,236.39700317382812,4232700
IBM,2025-04-23,241.40167208931354,244.67923591345573,239.10541587529048,240.89138793945312,7948300
IBM,2025-04-24,226.85868400342426,228.4287821543921,220.2446803560125,225.04327392578125,15428100
IBM,2025-04-25,224.67037343995506,228.99794357685997,222.08954461772916,228.06570434570312,6700100
IBM,2025-04-28,228.5072874071847,232.2068212367627,227.73206099470107,231.74560546875,3653500
IBM,2025-04-29,232.56989763882365,235.49419004944767,231.72597251680344,234.91522216796875,3426500
IBM,2025-04-30,232.30495269447732,237.93766392085783,229.95962804119122,237.29981994628906,5143000
IBM,2025-05-01,236.92691742979693,237.83952634164703,233.50214839837227,235.18019104003906,4243300
IBM,2025-05-02,238.5853204241407,241.09746547220456,236.8189637579815,240.9600830078125,3731900
IBM,2025-05-05,239.18393103894263,245.1306529782408,239.085794284911,244.52223205566406,4137800
IBM,2025-05-06,243.12875425712383,245.51333940027013,241.50960278199318,244.4633331298828,2900600
IBM,2025-05-07,244.7871869935649,249.71335552266837,244.1787810503186,248.6339111328125,3399700
IBM,2025-05-08,250.2334362373966,251.72501299792287,248.5161479494929,249.38951110839844,3637000
IBM,2025-05-09,249.43889940527478,249.9229453186102,244.62813449075006,246.16915893554688,2901300
IBM,2025-05-12,249.42902392590614,250.72308892545212,241.67449180625343,250.60455322265625,4609500
IBM,2025-05-13,251.3355528678734,256.42291127883124,249.8044164055905,255.44496154785156,3521400
IBM,2025-05-14,254.46700066935375,257.3811038322356,253.10377980321277,254.684326171875,3634700
IBM,2025-05-15,255.85985558159942,264.1774322395114,255.46469637943667,263.4365539550781,4856300
IBM,2025-05-16,263.1106078785508,264.72078833935063,261.37200367846,263.515625,3817900
IBM,2025-05-19,262.2215469843714,265.866670751806,261.8560216880439,265.1455383300781,3198600
IBM,2025-05-20,264.1478170197581,266.0049568743448,262.3894669727079,263.70330810546875,2437900
IBM,2025-05-21,261.74737600739354,262.41909845812387,257.2428381726827,257.6972351074219,3753900
IBM,2025-05-22,257.5984351485274,258.0923540157308,254.77323369840357,255.22763061523438,3091300
IBM,2025-05-23,255.43507183623095,256.7093909732589,252.67901114911828,255.48448181152344,2722600
IBM,2025-05-27,257.82564496683733,260.5817206471342,256.4723121136179,260.0285339355469,3284200
IBM,2025-05-28,259.95935881292235,261.7769764659086,256.77852038359333,257.0748596191406,2318400
IBM,2025-05-29,257.5787056578497,257.95408884426774,253.64710037170428,255.54376220703125,2295000
IBM,2025-05-30,255.60301343711149,256.95634630801874,253.97308720679553,255.90924072265625,9668900
IBM,2025-06-02,254.71396249634415,260.7694125520493,254.09161990842583,260.69036865234375,2831900
IBM,2025-06-03,260.1470730220382,262.3301859710324,259.3864186739014,261.9745788574219,2494700
IBM,2025-06-04,261.6782253234377,263.75269071791826,261.56957763649325,262.2906799316406,2588600
IBM,2025-06-05,261.9745956695996,264.2564985676203,261.87580586067395,263.6143798828125,2658400
IBM,2025-06-06,264.73061256125504,266.88412163400454,264.2762156654259,265.59991455078125,2495200
IBM,2025-06-09,264.83929918524916,270.1439829267147,263.46619028197193,268.7708740234375,4331500
IBM,2025-06-10,269.867386582122,274.09533077781504,269.2450440009909,272.8802795410156,5163500
IBM,2025-06-11,273.33471434685345,278.3232828685397,271.7640258135324,278.0960693359375,4656000
IBM,2025-06-12,278.1059488835743,279.6173393718065,276.42661272046536,277.6120300292969,3418000
IBM,2025-06-13,274.82633842041656,276.4365188140388,272.4752796969498,273.848388671875,3243800
IBM,2025-06-16,275.9129425904824,281.0398226097333,275.2807421454568,278.40228271484375,3685300
IBM,2025-06-17,277.7305667685942,281.32631051144756,277.5823971410403,279.6074523925781,3069600
IBM,2025-06-18,281.5337715410995,283.42054534689237,279.4988280953579,279.7655334472656,3534100
IBM,2025-06-20,275.88331673708245,280.6644476756708,273.82862754761885,277.5527648925781,7677000
IBM,2025-06-23,278.22448605322154,286.0580318882552,276.80199733368374,285.66290283203125,3786200
IBM,2025-06-24,286.9273111841678,290.760126033572,284.90225608983184,290.2168273925781,4219100
IBM,2025-06-25,290.9083262601931,292.55802854959046,285.97902558691237,287.5200500488281,3862300
IBM,2025-06-26,288.25103184062596,289.3475473753225,286.6408816956371,288.37945556640625,3621100
IBM,2025-06-27,289.4067929183908,289.5549625342491,285.01090338731757,286.17657470703125,3562500
IBM,2025-06-30,287.39164267591497,291.22445814676513,286.47296076102833,291.19482421875,3495400
IBM,2025-07-01,290.96758795304584,291.5207746637448,286.5519521450779,287.6583557128906,3272800
IBM,2025-07-02,286.472944492805,286.66063607504805,283.4106414706678,284.1515197753906,3257500
IBM,2025-07-03,284.43799108622886,288.76472505598554,284.3984691370472,288.4189758300781,1853300
IBM,2025-07-07,288.94253675814986,291.6294565964241,286.82854954030665,288.91290283203125,4488100
IBM,2025-07-08,289.5352457917037,292.0146980038564,285.96913589672664,286.8878479003906,2925300
IBM,2025-07-09,287.8460643110971,288.05350180327105,285.1196223997164,286.61126708984375,2971300
IBM,2025-07-10,285.38632683497354,285.38632683497354,278.7776897162271,283.9342041015625,3487800
IBM,2025-07-11,281.5436425063615,283.93419294312974,279.47906525772885,280.1408996582031,3790700
IBM,2025-07-14,279.39012455772666,281.4645897654082,278.28375115267363,280.3384704589844,2857100
IBM,2025-07-15,280.3187127688014,280.6940959443306,277.31570765739974,279.2617492675781,2864100
IBM,2025-07-16,279.31113355174386,280.41750704689525,276.4661559091164,278.4912414550781,2804800
IBM,2025-07-17,278.0763325792678,280.01248616972896,277.48362388729333,278.57025146484375,3337200
IBM,2025-07-18,279.93345173733655,283.6674770306492,278.787556389863,282.3931579589844,4478200
IBM,2025-07-21,282.80808449902275,284.23057330398615,280.9213107348503,281.2472839355469,3051800
IBM,2025-07-22,281.2769190157622,281.41523077484163,277.82937482039966,278.5307312011719,4824200
IBM,2025-07-23,280.8422659480008,284.5762915126852,278.0170643961252,278.58013916015625,8105900
IBM,2025-07-24,258.0726040345851,258.8628621510533,249.6759834248474,257.34161376953125,22647700
IBM,2025-07-25,256.8575575242552,257.62806975326527,253.23220991142637,256.56121826171875,7758700
IBM,2025-07-28,257.13414715436085,260.7891587868332,256.45253671400025,260.0087585449219,5192500
IBM,2025-07-29,261.08550351823766,262.567260133316,257.8453969257896,259.218505859375,4627300
IBM,2025-07-30,258.4183645105571,258.8134935859853,255.75119049518855,257.09466552734375,3718300
IBM,2025-07-31,256.4130372105987,256.82791215967245,249.15242413766825,250.07110595703125,6739100
IBM,2025-08-01,248.35229479504864,248.42143560016262,242.6228327738863,247.0088348388672,9683400
IBM,2025-08-04,247.99666239465796,249.0141340394742,245.09241708879122,248.91534423828125,5280600
IBM,2025-08-05,248.93510281801537,249.72537600033306,245.97158968922946,247.62127685546875,5823000
IBM,2025-08-06,248.47082214456654,251.22689784254075,246.24818725990687,249.21170043945312,3692100
IBM,2025-08-07,249.73524123727964,251.89860816618466,245.85304639362238,247.1174774169922,6251300
IBM,2025-08-08,247.51529898435518,248.11199984584184,240.32493296124377,240.94154357910156,6828400
IBM,2025-08-11,240.91170341367055,241.81670197443376,233.41303985224644,235.0042724609375,9382000
IBM,2025-08-12,235.23300976546798,236.65517639199956,232.08039397009134,233.482666015625,8792800
IBM,2025-08-13,234.9048266286662,239.51938321742568,234.9048266286662,238.7536163330078,5663600
IBM,2025-08-14,236.9435780196729,237.68946546359632,234.3279945269434,235.80982971191406,4556700
IBM,2025-08-15,236.3070869714194,239.3005764368598,235.47169667991776,238.405517578125,4344300
IBM,2025-08-18,238.25634571756657,240.09619229601992,237.8088011139115,238.13699340820312,3569600
IBM,2025-08-19,238.68399014806363,241.49847401957388,238.17679213204198,239.95697021484375,3328300
IBM,2025-08-20,240.7824114943881,241.5481935154394,239.0221128863004,241.22000122070312,3240100
IBM,2025-08-21,240.88186937305986,241.17027250642764,237.34137757390693,238.08726501464844,2991900
IBM,2025-08-22,239.41993911954913,242.34380526648434,238.902786222591,240.7625274658203,3134900
IBM,2025-08-25,241.23990801557179,241.23990801557179,238.1171112060547,238.1171112060547,3513300
IBM,2025-08-26,239.6984034176392,243.63668079090112,239.06191337877266,241.29957580566406,5386600
IBM,2025-08-27,241.53823764104877,244.6113054154039,240.67301306993454,243.4974365234375,3698400
IBM,2025-08-28,244.08421033398557,244.5317549596295,242.02556879152556,244.382568359375,2820800
IBM,2025-08-29,243.88531068681337,244.11406043945104,240.3945627533518,242.1548614501953,2967600
IBM,2025-09-02,239.57904994354524,240.22549485770298,236.94358694578057,240.17576599121094,3469500
IBM,2025-09-03,238.70387562813397,242.91067654506017,238.09721990263387,242.76150512695312,3163200
IBM,2025-09-04,244.07427165738468,247.91310648990742,241.51837178689735,245.82461547851562,4765100
IBM,2025-09-05,246.8688477998366,247.66446410335772,244.10409290581785,247.16720581054688,3147500
IBM,2025-09-08,247.26667492572852,255.73994569933183,245.66550254213925,254.68576049804688,6940300
IBM,2025-09-09,254.7155835816965,259.23069738785034,253.48239272504387,257.6891784667969,4931100
IBM,2025-09-10,258.22623567269505,258.6538705374896,253.16414969226824,255.471435546875,5185400
IBM,2025-09-11,256.14769526118965,257.1322569915436,254.2581197750582,255.60072326660156,3576000
IBM,2025-09-12,255.54105599442306,255.8393988383958,251.04582147697775,252.05029296875,3433300
IBM,2025-09-15,252.62711747230148,257.62951970970994,252.607222890757,254.83493041992188,4028400
IBM,2025-09-16,254.85483984783056,256.58528906198615,253.01497802288097,256.10791015625,2719900
IBM,2025-09-17,256.08803982504105,259.5290589688948,255.60073637395558,257.65936279296875,3974800
IBM,2025-09-18,257.44055887445245,263.7756552673209,255.3918570558066,263.5469055175781,4988400
IBM,2025-09-19,264.59112211376805,266.4011495607343,262.1943638809815,264.939208984375,9858100
IBM,2025-09-22,265.1580042782061,270.81680601600624,264.5414088579586,269.8819580078125,5030500
IBM,2025-09-23,271.2046918759026,271.80137756212736,267.79347683504665,270.7471923828125,5394100
IBM,2025-09-24,271.12510453692653,272.14945539787396,265.83426905988824,266.0630187988281,3159900
IBM,2025-09-25,271.4433677912188,282.6714688918742,269.66317454925183,279.8967590332031,11506200
IBM,2025-09-26,278.97185620750815,287.26612086169695,278.57402529440606,282.7510070800781,9063900
IBM,2025-09-29,284.43176245238305,284.43176245238305,278.12653052116667,278.2657470703125,6022100
IBM,2025-09-30,279.33984337980786,284.4516432129359,278.9818016012842,280.6128234863281,5926900
IBM,2025-10-01,278.66357946177544,285.0185251185713,278.61383541877615,284.9190673828125,4381300
IBM,2025-10-02,284.2229034903291,286.9578241006679,281.23935373359586,285.1477966308594,3814200
IBM,2025-10-03,285.9235327073686,291.71162681005865,285.7246172401722,286.78875732421875,4375100
IBM,2025-10-06,287.0274214440392,289.85187529709646,286.2218654258165,287.8330078125,2881900
IBM,2025-10-07,293.9293866614242,299.38930376184527,291.68179964845746,292.25860595703125,7190100
IBM,2025-10-08,292.54701246910076,292.58680163195237,284.89917723621295,287.8727722167969,5297000
IBM,2025-10-09,288.2308139156137,288.53911163960544,281.76645588957985,286.6495361328125,4912400
IBM,2025-10-10,287.3854540104069,288.79768089176616,275.97834775582334,276.2966003417969,4508500
IBM,2025-10-13,278.2558050556195,280.89126794757027,273.13405069008536,275.69989013671875,4333800
IBM,2025-10-14,274.00919189817495,276.00817989740506,271.0554764986687,274.6357421875,3058100
IBM,2025-10-15,276.8535412406003,283.8847810206661,275.4811034504049,279.2105407714844,3346800
IBM,2025-10-16,279.5685563064361,281.0106175652685,274.08879029339886,274.4567565917969,2956900
IBM,2025-10-17,274.6357651416382,281.8460108098791,273.84016396661775,279.7376403808594,5309600
IBM,2025-10-20,279.70780117644114,283.9344968386629,279.41938285671677,282.0946350097656,3494300
IBM,2025-10-21,281.7564880460168,283.74552119326916,280.05587320318244,280.5033874511719,4081000
IBM,2025-10-22,280.4437207329408,287.58437284481516,279.80724590374894,285.9334716796875,10538500
IBM,2025-10-23,263.4971800499514,284.01403160417743,262.1147874354336,283.4372253417969,16676400
IBM,2025-10-24,282.21397668305815,309.0460466206491,280.66253314895914,305.7740783691406,16914200
IBM,2025-10-27,306.11219813712256,311.7809549119811,301.21919344851284,311.3731994628906,9868200
IBM,2025-10-28,310.88591338729543,317.5989008293665,309.7024361361556,310.8560791015625,6044800
IBM,2025-10-29,311.0748616050506,312.6063953454002,305.83373960129563,306.51995849609375,4135900
IBM,2025-10-30,304.96852731552923,312.02960166223653,303.3474603058352,308.3598327636719,4694300
IBM,2025-10-31,310.2891929892067,311.78096795550096,299.9760602449307,305.724365234375,7697500
IBM,2025-11-03,306.31110983814057,310.4284230904427,302.5617932184801,303.0590515136719,4958000
IBM,2025-11-04,298.35497222479484,301.5076031187412,294.3769059284642,299.2003173828125,5677300
IBM,2025-11-05,299.7274311756871,305.5155253307392,298.0665750252654,305.0878601074219,4650400
IBM,2025-11-06,305.0679563831719,313.7103077630075,299.43898898196255,310.7068786621094,6818500
IBM,2025-11-07,307.9819049701873,308.30015757819643,300.97057481697243,304.70001220703125,5070800
IBM,2025-11-10,306.82000732421875,309.94000244140625,304.2300109863281,309.1300048828125,2975200
IBM,2025-11-11,309.0,317.9100036621094,308.42999267578125,313.7200012207031,4381900
IBM,2025-11-12,319.8900146484375,324.8999938964844,314.5299987792969,314.9800109863281,6042700
IBM,2025-11-13,312.2900085449219,314.6000061035156,303.67999267578125,304.8599853515625,5310200
IBM,2025-11-14,300.0,307.7200012207031,297.5899963378906,305.69000244140625,3592500
IBM,2025-11-17,305.5899963378906,306.0,296.510009765625,297.1700134277344,3909700
IBM,2025-11-18,297.0,297.0,289.9200134277344,289.95001220703125,4861900
IBM,2025-11-19,290.5,291.1099853515625,288.07000732421875,288.5299987792969,3595900
IBM,2025-11-20,294.6400146484375,300.7099914550781,290.1600036621094,290.3999938964844,5597000
IBM,2025-11-21,293.4800109863281,300.4800109863281,291.8900146484375,297.44000244140625,5710900
IBM,2025-11-24,299.17999267578125,307.17999267578125,297.510009765625,304.1199951171875,6050600
IBM,2025-11-25,304.1300048828125,306.0,297.05999755859375,304.4800109863281,2825300
IBM,2025-11-26,305.17999267578125,306.6000061035156,301.6400146484375,303.2099914550781,2196400
IBM,2025-11-28,304.05999755859375,309.17999267578125,303.6000061035156,308.5799865722656,1689000
IBM,2025-12-01,306.510009765625,307.1199951171875,302.79998779296875,305.6700134277344,3166600
IBM,2025-12-02,307.0,310.4700012207031,301.57000732421875,301.7799987792969,4261100
IBM,2025-12-03,302.8800048828125,303.9700012207031,298.9100036621094,302.6199951171875,3953400
IBM,2025-12-04,302.8800048828125,309.6099853515625,302.5400085449219,307.989990234375,2962500
IBM,2025-12-05,308.5899963378906,311.8299865722656,307.17999267578125,307.94000244140625,2344700
IBM,2025-12-08,309.6199951171875,315.3500061035156,307.95001220703125,309.17999267578125,3630200
IBM,2025-12-09,309.6300048828125,313.9700012207031,308.75,310.4800109863281,2935300
IBM,2025-12-10,310.2300109863281,314.69000244140625,306.6499938964844,312.6700134277344,3411500
IBM,2025-12-11,312.0,313.44000244140625,308.3999938964844,310.739990234375,2755700
IBM,2025-12-12,310.57000732421875,311.04998779296875,303.3299865722656,309.239990234375,2953400
IBM,2025-12-15,308.989990234375,311.3599853515625,306.3500061035156,308.6600036621094,3566700
IBM,2025-12-16,307.32000732421875,307.3800048828125,300.4200134277344,303.17999267578125,3366900
IBM,2025-12-17,303.7900085449219,306.25,303.0799865722656,303.32000732421875,3131000
IBM,2025-12-18,303.1499938964844,304.45001220703125,295.70001220703125,300.45001220703125,5411700
IBM,2025-12-19,300.3500061035156,306.8599853515625,299.1000061035156,300.9800109863281,11031000
IBM,2025-12-22,301.0299987792969,303.17999267578125,298.32000732421875,302.7900085449219,2612100
IBM,2025-12-23,301.3399963378906,305.1300048828125,300.6499938964844,303.7799987792969,2923000
IBM,2025-12-24,303.760009765625,305.1499938964844,302.29998779296875,304.55999755859375,1210600
IBM,2025-12-26,304.69000244140625,305.75,303.6700134277344,305.0899963378906,2814700
IBM,2025-12-29,304.6499938964844,310.0,303.75,305.739990234375,4664500
IBM,2025-12-30,306.1499938964844,306.239990234375,302.0,302.04998779296875,1883700
IBM,2025-12-31,301.760009765625,301.8500061035156,295.8699951171875,296.2099914550781,3430100
IBM,2026-01-02,297.55999755859375,297.57000732421875,289.0,291.5,4662800
IBM,2026-01-05,295.7699890136719,299.19000244140625,294.25,294.9700012207031,4190000
IBM,2026-01-06,295.0,303.0400085449219,294.4200134277344,302.4700012207031,4147300
IBM,2026-01-07,302.5,304.30999755859375,296.3500061035156,296.7300109863281,2833300
IBM,2026-01-08,295.0,303.6700134277344,295.0,302.7200012207031,3343300
IBM,2026-01-09,302.6099853515625,307.0,302.0,304.2200012207031,2718800
IBM,2026-01-12,302.6199951171875,312.3299865722656,299.9599914550781,312.17999267578125,3895200
IBM,2026-01-13,311.6000061035156,312.80999755859375,301.8699951171875,303.1600036621094,4507800
IBM,2026-01-14,303.5,309.19000244140625,301.5,309.0299987792969,3779000
IBM,2026-01-15,309.0,311.8800048828125,297.0400085449219,297.95001220703125,4932500
IBM,2026-01-16,301.0,307.45001220703125,300.7799987792969,305.6700134277344,6199600
IBM,2026-01-20,301.3500061035156,301.6000061035156,290.1600036621094,291.3500061035156,7275500
IBM,2026-01-21,292.760009765625,297.6700134277344,292.510009765625,297.5400085449219,5185000
IBM,2026-01-22,299.4200134277344,300.92999267578125,293.5299987792969,294.6700134277344,3670200
IBM,2026-01-23,294.07000732421875,294.3399963378906,289.7900085449219,292.44000244140625,3298400
IBM,2026-01-26,293.1600036621094,296.82000732421875,293.1400146484375,296.3299865722656,3726900
IBM,2026-01-27,297.1600036621094,297.3299865722656,293.2699890136719,293.8599853515625,2954900
