ticker,date,open,high,low,close,volume
INTC,2020-01-02,53.13722335141782,53.7811501050937,53.119581107697584,53.66647720336914,18056000
INTC,2020-01-03,52.75791737422256,53.542978621239165,52.75791737422256,53.01372146606445,15293900
INTC,2020-01-06,52.56385814103691,53.101934755676304,52.33451572024509,52.86376953125,17755200
INTC,2020-01-07,52.73144706852624,52.749089308430015,51.946385899831135,51.98167037963867,21876100
INTC,2020-01-08,51.946387367736484,52.3256871241028,51.620014332577085,52.0169563293457,23133500
INTC,2020-01-09,52.08753287367767,52.4932943934728,51.893474918292256,52.30805587768555,18813300
INTC,2020-01-10,52.54620488554135,52.99607355903001,51.9287399921741,51.99048614501953,15200600
INTC,2020-01-13,52.19337009773805,52.731446633164325,52.11398506619631,52.56385040283203,16453300
INTC,2020-01-14,52.475644769589586,52.69616772844413,52.211014527033484,52.4227180480957,17051200
INTC,2020-01-15,52.308039711032,52.61677384017211,51.822889925140935,51.99048614501953,18498800
INTC,2020-01-16,52.272764615513545,52.78437953367111,52.10516836555515,52.62560272216797,21365500
INTC,2020-01-17,52.90786197037824,52.925504208904094,52.25511596948633,52.57266616821289,21803400
INTC,2020-01-21,52.75791748635443,54.02812860462908,52.74027524465309,53.41066360473633,28358500
INTC,2020-01-22,53.84288423467451,55.439468237798536,53.78113807791906,55.3336181640625,29475100
INTC,2020-01-23,55.448299643667376,56.198076443414415,55.4041957198435,55.854061126708984,42778700
INTC,2020-01-24,58.72084819311684,61.12013885705264,58.62381756113223,60.39682388305664,84711000
INTC,2020-01-27,58.853164043141994,59.47062559096662,57.86521883679646,57.944610595703125,30764000
INTC,2020-01-28,58.65908892036413,59.61174942325124,58.16511979878913,59.37358093261719,30915400
INTC,2020-01-29,59.65587455445772,60.035174351969516,58.368021149606044,58.509159088134766,18055800
INTC,2020-01-30,57.90049928967423,58.65909869844621,57.274214983330054,58.63263702392578,18522400
INTC,2020-01-31,58.04164597495472,58.200422775925055,56.16278604183462,56.39213180541992,25268400
INTC,2020-02-03,56.85964056112615,57.37125545574237,56.71850936285463,56.82435607910156,16646600
INTC,2020-02-04,58.015191378065204,58.270998881073595,57.26541447880794,57.74174499511719,20970800
INTC,2020-02-05,58.82671579223828,59.629415987602854,58.33273971141703,59.40007019042969,23401400
INTC,2020-02-06,59.65713526265532,59.74577749484234,59.187318582423366,59.470977783203125,17408000
INTC,2020-02-07,59.267097217674426,59.657131127826695,58.51362815185437,58.52248764038086,18134600
INTC,2020-02-10,58.114731935532006,58.85934156337604,58.00836396224629,58.8504753112793,22299300
INTC,2020-02-11,59.24051186445088,60.0205730091981,59.01003664053751,59.75464630126953,17975600
INTC,2020-02-12,59.923054472159684,60.35740608968441,59.66598729685828,59.798954010009766,15586600
INTC,2020-02-13,59.382345926311984,59.96739693431042,59.16073692564045,59.781246185302734,11602700
INTC,2020-02-14,59.85214025367951,60.15353193241929,59.23163791946262,59.630531311035156,13405500
INTC,2020-02-18,59.089822388969296,59.11641438481621,58.398396682102266,58.62887191772461,12758400
INTC,2020-02-19,58.85047362281566,59.5684844737692,58.66432291193765,59.48870849609375,13551200
INTC,2020-02-20,59.42665986864464,59.648268829925556,57.228295997031765,58.0172233581543,26452600
INTC,2020-02-21,57.77788905068356,57.839939289747676,56.76735272137145,57.03327941894531,20775900
INTC,2020-02-24,54.61331350625872,55.64157896164464,54.35624629704113,54.74627685546875,26903100
INTC,2020-02-25,54.95016250282199,55.20722634190066,52.7074773938001,52.946815490722656,34495700
INTC,2020-02-26,53.28365610745765,53.91302470951246,52.53904990539088,52.87589645385742,26190100
INTC,2020-02-27,51.35122952541268,51.86536056469032,49.46312020102196,49.489715576171875,42226900
INTC,2020-02-28,48.133459735741354,49.97724768771258,47.512954044924726,49.21491241455078,60721700
INTC,2020-03-02,49.45425669709383,51.60829607501277,48.32848276604894,51.572837829589844,43140300
INTC,2020-03-03,51.439867028365235,52.31743993495573,49.10854337083223,49.61381149291992,49740300
INTC,2020-03-04,50.53570642972391,52.0426480542734,49.78223730819138,52.016056060791016,29223100
INTC,2020-03-05,50.58002820819311,51.99832414240934,50.18113141998098,50.49138259887695,29099200
INTC,2020-03-06,48.913533745153906,49.64927379149279,48.346215304245696,49.43653106689453,36259200
INTC,2020-03-09,46.023750115631714,46.724035285308354,44.32179481774299,45.07526397705078,56197000
INTC,2020-03-10,46.76835489843984,47.86753686239239,44.70296108478632,47.84980773925781,36569000
INTC,2020-03-11,46.44036779434638,47.459770246113315,45.21708552852285,45.793270111083984,38563500
INTC,2020-03-12,42.540062504579836,44.4015766371938,40.217597893127646,40.36829376220703,50661700
INTC,2020-03-13,42.77939549843081,48.75397501545012,42.31845180126395,48.24870681762695,48805100
INTC,2020-03-16,42.11456931980219,46.31627709324348,38.67520036458056,39.543907165527344,53878900
INTC,2020-03-17,40.563298456724226,45.76667874704545,40.06689660057324,44.392704010009766,52085200
INTC,2020-03-18,41.405422836970374,44.36611907554981,40.06690602661613,42.203216552734375,49309900
INTC,2020-03-19,42.40709173242102,43.63923703837462,40.031443354034515,40.722862243652344,44538000
INTC,2020-03-20,41.22813187755365,43.80766018979661,40.30624111916494,40.62535858154297,52344000
INTC,2020-03-23,40.793773315119395,44.756142170005134,40.69626484231256,43.949485778808594,46698500
INTC,2020-03-24,47.10519842963492,48.43485214540475,45.51847751726004,46.44923782348633,50019800
INTC,2020-03-25,46.52015838862861,47.681390703918034,44.24201826086947,45.43870544433594,41106100
INTC,2020-03-26,45.86419145537804,49.59608549815655,45.793274965674875,49.23264694213867,41459800
INTC,2020-03-27,47.353398664945665,48.43485141964193,46.156711691278055,46.42264175415039,31633500
INTC,2020-03-30,46.97223811993137,49.72905082818724,46.83040851635073,49.18832778930664,31628600
INTC,2020-03-31,48.80715545664227,49.463116042798426,47.17611347974965,47.97390365600586,48074700
INTC,2020-04-01,46.53788583276023,48.479179281592316,45.58939966821132,45.98829650878906,29586600
INTC,2020-04-02,45.46529620529691,48.36394188183995,45.40324596543232,48.17778778076172,27810000
INTC,2020-04-03,47.73456849325739,48.869208664583,46.74176130214631,47.98277282714844,23906100
INTC,2020-04-06,50.19886494133577,52.09583718765959,49.74678074791271,51.79444885253906,32323400
INTC,2020-04-07,53.132965279303875,54.506943594598084,51.599431617027555,51.76785659790039,41410000
INTC,2020-04-08,52.29086011942741,52.751803854831344,51.33350763477709,52.2819938659668,26719500
INTC,2020-04-09,52.61883241850147,52.93794986445621,49.693594799723705,50.650943756103516,40499700
INTC,2020-04-13,50.145677404592895,52.095837014692975,50.145677404592895,52.03378677368164,23251900
INTC,2020-04-14,53.221612770814644,53.983948193347224,52.751799439786055,53.771202087402344,25674000
INTC,2020-04-15,52.95568427299316,53.035463642445094,51.758993731214154,52.18448257446289,22841600
INTC,2020-04-16,52.8404381418408,54.03712510934584,52.13129018400507,53.88643264770508,24433500
INTC,2020-04-17,54.976747543428,55.07425602037551,53.03545440037123,53.50526428222656,27385600
INTC,2020-04-20,52.54790888281935,53.22160192984644,52.202199489877216,52.459266662597656,26420300
INTC,2020-04-21,51.510788831027064,51.945140512720045,49.578358368249184,49.95952606201172,25248000
INTC,2020-04-22,51.652615916528006,53.62936740004064,51.24485624867898,53.2747917175293,23350400
INTC,2020-04-23,52.893622868406645,53.274790535127046,52.131290916450084,52.33517074584961,35092000
INTC,2020-04-24,49.81769061117981,52.65428573216748,49.72904500589277,52.530181884765625,50187000
INTC,2020-04-27,52.937940404078624,53.03544887085984,51.75897931515486,52.716331481933594,25902200
INTC,2020-04-28,53.177283967646495,53.38116379141253,51.64374709145632,52.078102111816406,28784700
INTC,2020-04-29,52.68973799625421,54.985606647045095,52.58336665663581,54.7817268371582,30451500
INTC,2020-04-30,54.400571911581224,54.55126777759426,52.96454665617105,53.168426513671875,26279900
INTC,2020-05-01,52.149023312921834,52.583374991073754,50.801640398754955,50.9434700012207,21194800
INTC,2020-05-04,50.63322104086446,51.4753358783711,49.91521007808862,51.404422760009766,18957200
INTC,2020-05-05,52.11356035459767,52.56564111486424,51.72352644697209,52.078102111816406,17252100
INTC,2020-05-06,52.63079088132283,53.44200380355343,52.541644548856084,52.755592346191406,17848700
INTC,2020-05-07,53.42418753197622,53.575731233153924,52.52382805827515,52.74668884277344,14733500
INTC,2020-05-08,53.19240951538086,53.29046880300134,52.639715731303006,53.19240951538086,20384500
INTC,2020-05-11,53.254819529872485,54.23540571294199,53.228073920838426,53.602481842041016,18684400
INTC,2020-05-12,53.6827074927761,54.057111982878325,51.93547633720849,52.05136489868164,16754900
INTC,2020-05-13,52.10484758516819,52.80017208442209,50.72311152101103,51.471923828125,21065000
INTC,2020-05-14,51.0975201257354,52.72886269186059,50.00995841498528,52.66646194458008,21569400
INTC,2020-05-15,51.16883303128105,52.03353048754005,50.77659590829907,51.95330047607422,21373300
INTC,2020-05-18,53.25481512104276,53.73619183618555,52.91606577287242,53.4152717590332,20428700
INTC,2020-05-19,53.60247117772139,55.06443722551057,53.35286481305069,53.74510192871094,21865000
INTC,2020-05-20,54.520662559730695,56.59772671786383,54.39586106364447,56.25006103515625,30584000
INTC,2020-05-21,56.2500517088647,56.87406248642023,55.109005761735844,55.25163650512695,20987700
INTC,2020-05-22,55.2516520145474,55.554742854405795,54.75244257225531,55.50125503540039,14103000
INTC,2020-05-26,56.76709706530855,57.177160076506276,55.376444600559296,55.57256317138672,20933600
INTC,2020-05-27,55.55473851152206,56.68687175423826,54.44043454041389,56.66012954711914,19886300
INTC,2020-05-28,56.16091233708321,56.5620623910366,54.81483482335672,55.002037048339844,17253500
INTC,2020-05-29,55.18033300430275,56.74927147078427,54.93072660692317,56.09851837158203,33393900
INTC,2020-06-01,55.70628636965745,55.857830079486604,54.96638689060199,55.144676208496094,14317700
INTC,2020-06-02,55.00203750250859,55.42101342846585,54.22648299218497,55.376441955566406,20702400
INTC,2020-06-03,55.670620199762126,55.75085021179464,54.85049081003139,55.207069396972656,16737300
INTC,2020-06-04,55.037695977359405,56.57989206187591,54.68111739340576,56.13417053222656,22010100
INTC,2020-06-05,56.481835431369795,58.04186085833844,56.303546131027694,57.355445861816406,26813100
INTC,2020-06-08,57.02561435276546,57.18607437762805,56.10742567703274,56.7581787109375,21546200
INTC,2020-06-09,56.152003688861406,56.79384042359248,56.071773671946815,56.19657516479492,23594100
INTC,2020-06-10,55.973713248882376,57.310877903271816,55.93805470862479,56.93647003173828,21367800
INTC,2020-06-11,56.22332071708815,56.42835223905592,53.058698129226414,53.21915817260742,26998200
INTC,2020-06-12,53.58464876317732,54.34237408712569,51.810675382774235,52.88932418823242,30419800
INTC,2020-06-15,52.889317404423316,53.80750265106335,52.22073512178204,53.57572555541992,29651700
INTC,2020-06-16,54.81484338148114,54.95747415620149,53.03195699718375,53.843170166015625,23226600
INTC,2020-06-17,54.146261679793376,54.62763842526424,53.540080029333524,53.92340087890625,20454800
INTC,2020-06-18,53.79859376706151,53.94122453775502,52.88040839325867,53.55790710449219,24899700
INTC,2020-06-19,54.06602733114416,54.279971778555975,52.68428775568947,53.1478385925293,60336100
INTC,2020-06-22,53.24589437205393,53.97687742027667,52.44359764625567,53.56681442260742,22846000
INTC,2020-06-23,53.65596181689746,53.90556821056359,53.36178734656497,53.4152717590332,22809600
INTC,2020-06-24,53.16566610378677,53.317213199558395,52.300965205934,52.67537307739258,27764500
INTC,2020-06-25,52.577308312826084,52.67536758800311,51.24014379805252,52.158329010009766,21906900
INTC,2020-06-26,52.14051442841326,52.35445889275871,50.87466331212326,51.25798416137695,38477500
INTC,2020-06-29,51.23123178794365,52.0156992023339,50.59830465509398,51.94438552856445,22150300
INTC,2020-06-30,52.33662234929174,53.4687554676345,52.18507865815046,53.33504104614258,31542100
INTC,2020-07-01,53.40635196720706,53.51332417899556,52.38119111909587,52.42576599121094,14748100
INTC,2020-07-02,52.76450964135401,53.31720674658644,52.56839449488346,52.71102523803711,15578600
INTC,2020-07-06,52.34554352160036,53.14784032644765,52.238567893818754,53.0765266418457,20536700
INTC,2020-07-07,52.657544402793555,53.10326595920832,51.82850203581524,51.98004913330078,15996500
INTC,2020-07-08,52.1048591438506,52.327719958494455,51.64130824132104,52.24748992919922,13277900
INTC,2020-07-09,51.881990750672706,52.37228379115361,51.43626918649268,52.07810592651367,20683700
INTC,2020-07-10,51.6591295174348,53.210238642907235,51.55215729512978,53.06760787963867,17742300
INTC,2020-07-13,53.34395424608935,54.0392787629463,52.05136109505655,52.22073745727539,19082900
INTC,2020-07-14,51.58781759203801,52.818010173560964,51.1242667149339,52.57732009887695,24190900
INTC,2020-07-15,52.62188720703125,52.89823580328204,52.07810635021379,52.62188720703125,19986300
INTC,2020-07-16,52.18507950443164,52.91606256898198,52.06027801544776,52.71994400024414,12425900
INTC,2020-07-17,52.96955643504043,53.89665823384712,52.84475492377533,53.486595153808594,16322800
INTC,2020-07-20,53.55790912958663,54.716784610363206,52.89823966482007,54.51175308227539,16868700
INTC,2020-07-21,54.84157875758338,55.207070284812566,53.87881859771011,54.110595703125,19803700
INTC,2020-07-22,54.654373068532806,55.06443604375408,54.03927520511563,54.4225959777832,18959900
INTC,2020-07-23,54.60980845477134,55.037704179518315,53.4687622570085,53.843170166015625,43518600
INTC,2020-07-24,46.48875883891463,46.51550104362008,44.12643327314824,45.098106384277344,182269900
INTC,2020-07-27,45.490337354803636,45.58839663353827,44.09968838536077,44.1888313293457,107526500
INTC,2020-07-28,44.10860156198377,44.777183847301885,43.80551078994947,43.894657135009766,62362600
INTC,2020-07-29,44.117520274932346,44.12643320962615,42.70012561763002,42.85166931152344,60500800
INTC,2020-07-30,42.637726595876956,43.23499186147602,42.42377874813979,42.780357360839844,39735200
INTC,2020-07-31,42.90516262843462,43.07453561404065,41.87108864136489,42.548583984375,46536000
INTC,2020-08-03,43.02996707962056,43.35088720112803,42.55750323439357,43.05670928955078,31767100
INTC,2020-08-04,43.32413696116691,43.80551709198975,43.2349940038675,43.79660415649414,29045800
INTC,2020-08-05,44.32254738467129,44.32254738467129,43.377616573286986,43.60939025878906,29438600
INTC,2020-08-06,43.78890026698545,43.815824094206455,43.16962485145458,43.59144973754883,23795500
INTC,2020-08-07,43.555541081489054,43.663243218108,42.81062013344995,43.10679244995117,36765200
INTC,2020-08-10,43.25937225329124,44.32739284994838,43.133723174117534,44.17481994628906,37442600
INTC,2020-08-11,44.54279119484175,44.632539553832615,43.13372073186631,43.25039291381836,35348100
INTC,2020-08-12,43.6811929804149,44.210716536881975,43.2952722820764,44.147891998291016,30659800
INTC,2020-08-13,44.21071917832802,44.27354714435332,43.42989742084556,43.58247375488281,24774500
INTC,2020-08-14,43.735051207342096,44.16584958116542,43.66325319021212,43.8786506652832,22321200
INTC,2020-08-17,44.07609676843981,44.255596928723314,43.735046806269224,43.914546966552734,20018300
INTC,2020-08-18,44.21071664619132,44.48894204898246,43.636318906979184,43.663246154785156,19251400
INTC,2020-08-19,43.78889315456042,43.95941640539777,43.30424380121584,43.37604522705078,27775000
INTC,2020-08-20,44.704345037850594,45.05436846283977,43.97737093878641,44.12994384765625,55081300
INTC,2020-08-21,43.99532040883525,44.2555954614329,43.663247348713135,44.228668212890625,34621500
INTC,2020-08-24,44.21071461489202,44.33636711029198,43.81581704324773,44.1030158996582,36295300
INTC,2020-08-25,44.29149888234541,44.76717487070114,44.165849784029945,44.36330032348633,38384300
INTC,2020-08-26,44.3273898004495,44.57868794150888,44.18379037360409,44.47098922729492,28616600
INTC,2020-08-27,44.68639580932579,44.812044895966864,44.129944963228425,44.33637237548828,24420600
INTC,2020-08-28,44.48894350731696,45.59286484049162,44.39021825071358,45.26079177856445,35384700
INTC,2020-08-31,45.7723674714667,46.221116172167356,45.16206896461934,45.72749328613281,46114100
INTC,2020-09-01,45.69159537311134,45.772370281142955,45.07232336065637,45.58389663696289,30472800
INTC,2020-09-02,45.96084317187311,47.28016550686772,45.853144437490194,46.89424133300781,53000700
INTC,2020-09-03,47.11861562446724,47.22631435869248,45.000521117178415,45.22489547729492,47394300
INTC,2020-09-04,45.350537766192176,45.97878656498406,44.41714317016363,44.9466667175293,43318400
INTC,2020-09-08,44.21071770245706,44.78511887907316,43.842743928002754,43.8965950012207,39752700
INTC,2020-09-09,44.453042393278885,44.84794341615462,44.013270611579024,44.533817291259766,33437300
INTC,2020-09-10,44.87486920091596,44.95564410242484,43.717096753848935,43.941471099853516,32649100
INTC,2020-09-11,44.210717855089335,44.91974158167712,43.932495868371085,44.228668212890625,29333600
INTC,2020-09-14,43.842744787940134,44.623569958352576,43.842744787940134,44.34534454345703,27212500
INTC,2020-09-15,44.68639286803955,45.41336351395061,44.63254179573182,44.8748664855957,27598300
INTC,2020-09-16,45.332584950776486,45.79928393532119,45.02743574640804,45.20693588256836,26531400
INTC,2020-09-17,44.30944422654974,45.31464374664146,44.246619684504104,45.16206741333008,26959900
INTC,2020-09-18,45.17104314442909,45.32361605014205,44.01327074443517,44.77614212036133,50123500
INTC,2020-09-21,44.32739750803513,44.650497130537524,43.824801138525615,44.623573303222656,27377100
INTC,2020-09-22,44.776143127072714,45.06334201084423,44.39919587600288,44.829994201660156,22290900
INTC,2020-09-23,44.72228910135759,45.009487944191186,43.67221555050703,43.81581497192383,30078800
INTC,2020-09-24,43.555543597954056,44.55176616531476,43.45681834552291,44.120967864990234,29343400
INTC,2020-09-25,43.94147119166025,45.126167467145144,43.75299756230602,44.82101821899414,26633400
INTC,2020-09-28,45.332587740658866,46.185210872132735,45.01846505080664,46.158287048339844,29652200
INTC,2020-09-29,46.0505923190998,46.43651647074183,45.727492710871054,45.94289016723633,19558200
INTC,2020-09-30,45.98776613797191,47.010912578472805,45.90699123879128,46.472412109375,27711300
INTC,2020-10-01,47.0288724491392,47.316071387944945,46.660898594814256,46.88527297973633,22127600
INTC,2020-10-02,46.22110523771189,46.65190347762954,45.76338317769941,45.78133010864258,25811800
INTC,2020-10-05,46.04160869689551,46.49933421619611,46.014684874706184,46.391632080078125,20883200
INTC,2020-10-06,46.40959570334033,47.29811975007675,45.97879730675584,46.10444641113281,25642800
INTC,2020-10-07,46.53522796213968,47.47760275119353,46.48138032186009,47.271175384521484,21978700
INTC,2020-10-08,47.48658517214368,48.0879101835499,47.27118429936276,47.89943313598633,22369500
INTC,2020-10-09,48.06098011856894,48.33022862600822,47.27118152955729,47.40580749511719,24343900
INTC,2020-10-12,48.06097530638962,48.644349867163875,47.75582611553051,48.35715103149414,27303500
INTC,2020-10-13,48.70718015202903,48.725130509338804,48.123805522343574,48.31228256225586,20005800
INTC,2020-10-14,48.47382585669302,48.82385266651554,48.025077223448136,48.060977935791016,21874200
INTC,2020-10-15,47.3429812649834,48.44690250259539,47.22630566058137,48.33022689819336,18272900
INTC,2020-10-16,48.37511544941729,49.09311274731474,48.37511544941729,48.608463287353516,23414400
INTC,2020-10-19,48.88668352308953,50.4662774099584,48.32125921345225,48.985408782958984,43537200
INTC,2020-10-20,49.00335160875467,49.09310339369234,47.809681970368146,47.95328140258789,27224900
INTC,2020-10-21,47.69300986440944,48.527682695386034,47.40581097887779,48.016109466552734,21866000
INTC,2020-10-22,47.67506033484754,48.66230951674478,47.63018615014331,48.3751106262207,41522700
INTC,2020-10-23,43.39399143214674,43.68119028330956,42.774719551266976,43.259368896484375,97322500
INTC,2020-10-26,42.94524556031709,42.95422245081328,41.50925121217882,41.93107604980469,54161300
INTC,2020-10-27,41.26692979925417,41.65285395288638,40.71048237314668,40.9617805480957,50130500
INTC,2020-10-28,40.288657891717975,40.64765822255818,39.66938591588355,39.71426010131836,45066000
INTC,2020-10-29,39.70529105153766,39.91171506645036,39.41808870070121,39.58861541748047,36796800
INTC,2020-10-30,39.5796268284814,40.20787557985164,39.13985509909842,39.74117660522461,46781300
INTC,2020-11-02,40.351481540875525,40.4412333334349,39.70528575285209,39.902732849121094,33856700
INTC,2020-11-03,40.14505548957236,40.800228135008396,40.11813166502915,40.25275421142578,34349500
INTC,2020-11-04,40.48610148567848,41.41949944714019,40.18992574988224,41.015625,34748200
INTC,2020-11-05,41.72077239337944,41.928697815588635,41.16027417846792,41.29587936401367,31103200
INTC,2020-11-06,41.16931566297494,41.40436073886106,40.59073998517859,41.03371047973633,36233700
INTC,2020-11-09,42.16373595101595,42.80559303323994,41.16930958274168,41.223548889160156,48481700
INTC,2020-11-10,41.04274862307498,42.0190941210704,40.90714345318933,41.07890701293945,39224500
INTC,2020-11-11,41.49476453651791,42.001016520448054,41.45860269521348,41.901573181152344,31496900
INTC,2020-11-12,41.70269075060794,41.7569300650214,40.274329028947136,40.63594055175781,42881300
INTC,2020-11-13,40.672099138552646,41.205474195288886,40.65401821900092,41.096988677978516,30884700
INTC,2020-11-16,41.62132196166966,42.2631790402902,41.39531565664137,41.75692367553711,36306300
INTC,2020-11-17,41.359153526781135,41.69364189024708,41.05178481617979,41.1602668762207,31118000
INTC,2020-11-18,41.1783486986155,41.304911679539686,40.71729734687989,40.73537826538086,32817900
INTC,2020-11-19,40.60880843922931,41.286827307682366,40.409925249519034,41.24162673950195,29469100
INTC,2020-11-20,41.27779774041599,41.476684422877135,40.97947116530734,41.03371047973633,24199300
INTC,2020-11-23,41.11506422938537,41.775002188236826,41.08794457789002,41.639400482177734,35489600
INTC,2020-11-24,41.84732656411101,42.76039048190035,41.59419716774194,42.49822235107422,33901200
INTC,2020-11-25,42.516308576095945,42.65191374995702,42.100457767510115,42.53438949584961,28126900
INTC,2020-11-27,42.81463749590573,43.48361426695147,42.81463749590573,42.895999908447266,15921400
INTC,2020-11-30,42.868881374460315,43.84523042902446,42.73327963815959,43.709625244140625,46332700
INTC,2020-12-01,44.07123554392571,45.409192639942106,44.03507370248615,44.803497314453125,57768000
INTC,2020-12-02,44.496121504562026,45.25550281147837,44.4599596688559,45.11085891723633,33753500
INTC,2020-12-03,45.12893844465847,46.204730690192335,45.00237546249746,46.096248626708984,50261200
INTC,2020-12-04,46.15952714632093,47.59692732712912,46.10528439377976,47.00027084350586,39767700
INTC,2020-12-07,46.10528427511141,46.36745240551201,44.803489254715565,45.38206481933594,51040300
INTC,2020-12-08,45.04758008783803,45.8521620125838,45.029499168917795,45.82503890991211,28956500
INTC,2020-12-09,45.454393752288034,45.9606491926496,44.95718049668426,45.264549255371094,34068400
INTC,2020-12-10,44.8938922476672,45.852160221511866,44.83061075820961,45.43630599975586,33706000
INTC,2020-12-11,45.3278264308012,45.3278264308012,44.40572024269473,44.957176208496094,29398800
INTC,2020-12-14,45.038541821983664,46.41266074221191,44.966221588594266,45.62615966796875,33436400
INTC,2020-12-15,46.087206310697894,46.11432596434518,45.391106462229175,45.80695724487305,25465600
INTC,2020-12-16,45.843125373527585,46.521144396420326,45.816005716158465,46.213775634765625,28351000
INTC,2020-12-17,46.24089971538178,46.3945823751569,45.40015583338697,45.78888702392578,26399000
INTC,2020-12-18,45.716560030170086,45.81600336686853,42.588633259274395,42.9050407409668,119298400
INTC,2020-12-21,41.87445598493989,41.99198025179335,40.89811035243259,41.91061782836914,53775700
INTC,2020-12-22,41.81116950343992,41.892531917173706,41.37723777972064,41.73884582519531,32171200
INTC,2020-12-23,41.73885231688817,42.5163147360234,41.648451153604995,42.1004638671875,22564200
INTC,2020-12-24,42.127578160692806,42.57055208095902,41.89253309694411,42.55247116088867,11865600
INTC,2020-12-28,42.66095323272785,43.06776531285337,42.362626673024394,42.55247116088867,21269200
INTC,2020-12-29,42.68807746731436,45.806962117490734,42.02813938589759,44.649810791015625,84531400
INTC,2020-12-30,44.39668149049393,44.4690017187153,43.8994682825054,44.071231842041016,37385400
INTC,2020-12-31,44.071229364685216,45.373024436736976,44.04410971169951,45.038536071777344,28576800
INTC,2021-01-04,45.10182936095326,46.45786754233409,44.65885881957557,44.9029426574707,46102500
INTC,2021-01-05,44.70404696717199,45.95160271261105,44.59556490844152,45.752716064453125,24866600
INTC,2021-01-06,45.59903361170558,47.144919452274856,45.38206947699663,46.1956901550293,36809600
INTC,2021-01-07,46.54826866752576,47.633096372442076,46.376501637000246,47.18108367919922,32092300
INTC,2021-01-08,47.41613268207868,47.48845292045296,46.34938243953831,46.69291305541992,34625400
INTC,2021-01-11,46.367457577031594,47.226282285307384,46.33129573806397,46.59346389770508,32925000
INTC,2021-01-12,46.918915979154725,48.68176261276346,46.611547229190116,48.13031005859375,39883900
INTC,2021-01-13,53.789505309127456,54.467524283612256,51.43904091034662,51.4842414855957,124070700
INTC,2021-01-14,52.84027989465254,54.36808142230457,52.28882390549671,53.563499450683594,74680900
INTC,2021-01-15,53.20188872416388,53.9251117393238,51.98145592110162,52.05377960205078,50265400
INTC,2021-01-19,52.37922682141954,52.74083833590907,51.61984539985793,52.42443084716797,35647100
INTC,2021-01-20,52.650426409775335,53.53637064557718,52.514821257439614,53.039154052734375,28701300
INTC,2021-01-21,53.373658484776186,57.81242289792434,52.63235795986955,56.465423583984375,86519500
INTC,2021-01-22,53.20188277536075,53.897982608038426,51.21303005180458,51.222068786621094,85729300
INTC,2021-01-25,50.968945658890554,51.077427725625,48.87160730958337,50.11915969848633,61968500
INTC,2021-01-26,49.97451730421638,50.806222370546415,49.58578615070063,49.91123580932617,31485900
INTC,2021-01-27,49.36882253496453,49.58578667729714,48.18454814207421,48.44671630859375,49722900
INTC,2021-01-28,49.53154281783644,51.89104920268796,49.45018040978699,50.68869400024414,49202600
INTC,2021-01-29,50.60733854302657,51.674088729043454,50.04684379313766,50.18244552612305,37256200
INTC,2021-02-01,50.5802182808883,51.882013524318666,50.36325068269175,51.24919509887695,26926600
INTC,2021-02-02,51.70120988542953,52.68659768080146,51.420964226648536,52.4334716796875,23580900
INTC,2021-02-03,52.334028614391286,52.73180198806097,51.872977188690584,52.14418411254883,21893200
INTC,2021-02-04,52.397016502230784,53.55209781169577,52.01501944208954,53.47024154663086,29853800
INTC,2021-02-05,53.66124734436619,53.73401002308191,52.860875226070625,52.91544723510742,23432600
INTC,2021-02-08,53.09734777600084,53.86133851628557,52.706257071479165,53.806766510009766,34358300
INTC,2021-02-09,53.45206515145731,53.94320287297831,52.69716789769179,53.461158752441406,28754100
INTC,2021-02-10,53.93410464358802,54.04324520063118,52.860879335702315,53.53392028808594,16325100
INTC,2021-02-11,53.75220225389009,55.471184269515284,53.53392113634505,55.171043395996094,27539100
INTC,2021-02-12,55.11647074123599,56.853639938535736,54.961855240564994,56.216983795166016,26214200
INTC,2021-02-16,56.3897848674437,57.181059909441885,56.116931763601094,56.817256927490234,26326300
INTC,2021-02-17,55.925935288638264,56.56259137842572,55.67126938320781,56.25335693359375,21055400
INTC,2021-02-18,55.16193730052108,56.37158718250536,55.15284023213303,56.03506851196289,17846100
INTC,2021-02-19,56.30792527792256,57.53576590776384,56.253353272557185,57.308387756347656,28290100
INTC,2021-02-22,56.280646239046746,57.026446367423084,55.17103964679707,55.216514587402344,32288200
INTC,2021-02-23,55.00732514317257,55.9350284707364,53.815862312087425,55.589412689208984,27374600
INTC,2021-02-24,55.05280326218657,57.5539632163281,54.91637843730642,57.47210693359375,24669900
INTC,2021-02-25,56.76268937430107,57.790439731277125,54.68900145891197,54.9345703125,36394000
INTC,2021-02-26,55.38022501725787,56.10783444747868,54.279715537204176,55.28017807006836,38216800
INTC,2021-03-01,56.13512426375227,57.372062075659755,56.07145865309664,57.19015884399414,28495400
INTC,2021-03-02,57.11739638698148,57.42663084116816,55.58032118590048,55.69855880737305,23320000
INTC,2021-03-03,55.15284622154759,55.95321832037783,54.29790558452317,54.47980880737305,28740400
INTC,2021-03-04,54.41613725682511,54.789037261659715,52.66987136550365,53.0518684387207,40210400
INTC,2021-03-05,53.89771559006746,55.64398160049242,53.215581134490506,55.243797302246094,39511700
INTC,2021-03-08,54.998226465865784,56.116926515662776,54.31609203529334,54.434326171875,33112400
INTC,2021-03-09,55.643988750321256,57.45391712875226,55.33475428527815,56.99916076660156,36387500
INTC,2021-03-10,57.49940077433116,58.317963688516514,56.508031675824896,56.61717224121094,27160300
INTC,2021-03-11,57.24472325373675,58.29066068868114,56.74449200489245,57.58124542236328,30701800
INTC,2021-03-12,56.98097295660745,57.57215413937883,56.608072882407896,57.208351135253906,20173000
INTC,2021-03-15,57.854090664621346,58.09965945589733,56.826340568432556,58.01780319213867,21247400
INTC,2021-03-16,58.34524145758024,59.78227319793204,58.28157584574345,58.91823196411133,30186600
INTC,2021-03-17,58.40889850845656,60.29158925572092,57.945045153614544,59.827735900878906,32394700
INTC,2021-03-18,59.69130569770631,59.75497129815369,57.89047474846333,57.963233947753906,30094200
INTC,2021-03-19,57.46300876592099,59.10922442077035,57.22653353703205,57.99052429199219,54951700
INTC,2021-03-22,58.95460787925347,60.37344534905419,58.71813265460981,59.69131088256836,34380100
INTC,2021-03-23,60.02783503128827,60.07331343950007,57.45391256079138,57.735862731933594,35160000
INTC,2021-03-24,60.55535486365655,61.337536310195794,56.38069159510502,56.42616653442383,74584700
INTC,2021-03-25,56.08055293081127,56.78997172640932,55.462084017386864,56.40797805786133,35401400
INTC,2021-03-26,56.20787709371613,59.091033794089796,56.18059282639418,59.000083923339844,34705800
INTC,2021-03-29,58.217907328737084,59.2365570672934,57.85410087681087,58.66356658935547,26161600
INTC,2021-03-30,57.9996223449707,58.20880983898771,57.43572547111983,57.9996223449707,20709500
INTC,2021-03-31,58.21790596824485,58.65446814912957,57.82681525589396,58.20880889892578,33013200
INTC,2021-04-01,58.863664722868954,59.018280220884385,57.82682077059976,58.709049224853516,31416300
INTC,2021-04-05,59.07284926435609,60.700877889981264,58.84547108098438,60.518978118896484,27947500
INTC,2021-04-06,60.08240372708654,60.5553541932154,59.38208203639646,59.627647399902344,28771400
INTC,2021-04-07,59.72769189323562,60.546254636344656,59.445745202454404,60.255210876464844,17793300
INTC,2021-04-08,60.91007117550627,61.20111498366821,60.355267831973855,60.98283386230469,22224200
INTC,2021-04-09,60.75545569685144,62.21067473829632,60.60083325257937,62.083343505859375,27177100
INTC,2021-04-12,62.02876437915184,62.29252389915058,58.85456694715206,59.49123001098633,51266900
INTC,2021-04-13,59.67312213903244,59.691309337827924,58.399803113404765,59.31841278076172,26822000
INTC,2021-04-14,59.4002682141396,59.463933821288585,58.06328699449556,58.38161849975586,25768400
INTC,2021-04-15,58.18153233696423,59.31842328636863,57.91777280401861,59.13651657104492,24927700
INTC,2021-04-16,59.418456751268906,59.59125941779382,58.72722526807895,58.89093780517578,24625500
INTC,2021-04-19,58.8454586070086,58.88183994131979,57.362955663735264,57.872283935546875,23997700
INTC,2021-04-20,57.88138024602362,57.990520784555244,56.76268018490771,57.02643966674805,19872100
INTC,2021-04-21,57.10830245582243,58.00871807312476,56.662639712555574,57.93595886230469,24364200
INTC,2021-04-22,57.61762184301144,58.12695014822095,56.64444363822105,56.908203125,38257600
INTC,2021-04-23,53.80676918170424,54.57075995992379,52.660784749132645,53.87953186035156,77479500
INTC,2021-04-26,53.75219325446573,54.134190350487664,53.17010574578015,53.44295883178711,39645900
INTC,2021-04-27,53.26106175721665,53.324727364825726,52.54254593475373,52.724449157714844,38167700
INTC,2021-04-28,52.31516661089392,52.897254135822116,51.97864791107893,52.4061164855957,30387400
INTC,2021-04-29,52.6425942613672,53.02458791703914,52.26969420579985,53.00639724731445,23290600
INTC,2021-04-30,52.39701956773844,53.14281959551216,51.90588194861474,52.324256896972656,30731800
INTC,2021-05-03,52.62440692232278,52.64259759319878,51.69670352474093,52.078697204589844,22281700
INTC,2021-05-04,51.73307962515644,51.824029500806155,50.75990138373999,51.75127029418945,35323600
INTC,2021-05-05,51.80584223959098,52.115076694463134,51.351085892397556,51.70579528808594,21001900
INTC,2021-05-06,51.813777062395566,52.39030011976375,51.475185707191464,52.335391998291016,25529300
INTC,2021-05-07,52.80211019871159,53.08579347486004,52.38115834379875,52.774654388427734,19959000
INTC,2021-05-10,52.29879130516095,52.37199864462898,51.13659555494798,51.218955993652344,35046500
INTC,2021-05-11,50.377050457023444,50.90781852084092,49.69071461022235,50.36790084838867,35968100
INTC,2021-05-12,49.77307034253882,50.01100203514834,48.88540828090633,49.06843185424805,30232300
INTC,2021-05-13,49.45278692369479,49.773075592663986,48.92201885410619,49.425331115722656,29192500
INTC,2021-05-14,49.96525253430055,51.109145710368644,49.654113450774624,50.651588439941406,28158300
INTC,2021-05-17,50.596683917627736,51.14575124704495,50.11167083606142,50.6332893371582,20010200
INTC,2021-05-18,51.20065695618293,51.3745274544067,50.14827388517832,50.184879302978516,18703400
INTC,2021-05-19,49.48023388980469,50.724789996153504,49.269758002831615,50.66073226928711,23769700
INTC,2021-05-20,50.85290861519181,51.46603709878521,50.66073542263092,51.200653076171875,23145200
INTC,2021-05-21,51.63076145154529,51.896145509968804,51.22811230457805,51.31962585449219,17723100
INTC,2021-05-24,51.84123284306836,52.5184155531434,51.61245424003785,52.124916076660156,19164400
INTC,2021-05-25,52.67398795484802,52.67398795484802,51.63075457017931,52.04255676269531,22309900
INTC,2021-05-26,52.20727991517172,52.37200079935752,51.786328095978945,52.088314056396484,15173600
INTC,2021-05-27,52.26218931727025,52.96682789664256,52.16152616437638,52.829559326171875,32387600
INTC,2021-05-28,52.664838931933645,52.75635247673404,52.10661852674799,52.271339416503906,20303900
INTC,2021-06-01,52.71975091681068,52.91192413862744,51.786333636848504,52.06086730957031,20326400
INTC,2021-06-02,52.07916550682539,52.792953692224074,51.9418969369173,52.60078048706055,18483600
INTC,2021-06-03,52.14322048237846,52.25303323796262,51.32876918760052,51.46603775024414,21831300
INTC,2021-06-04,51.749717119279,52.847855065571636,51.74056751153379,52.5001106262207,21493800
INTC,2021-06-07,52.53672139033819,52.56417370725438,51.960198298905404,52.2438850402832,17364400
INTC,2021-06-08,52.57332025376059,52.74719072403202,51.795470959539095,52.16151809692383,33254500
INTC,2021-06-09,52.49095982239324,52.60077256725497,52.13406578342945,52.16151809692383,13904800
INTC,2021-06-10,52.298790003958054,53.104088172493114,52.097463716382066,52.5092658996582,26738100
INTC,2021-06-11,52.59162822629419,53.021729641275165,52.115768296394656,52.939369201660156,18119700
INTC,2021-06-14,53.09493577391323,53.25965663856662,52.371994589143824,53.25050354003906,21784500
INTC,2021-06-15,53.268808604349296,53.46098179132408,52.89361183844806,53.06748580932617,20806500
INTC,2021-06-16,53.21390303423351,53.41522582570014,51.951044201923054,52.36284637451172,21879700
INTC,2021-06-17,52.20727849870055,52.98512787311466,51.88698983863183,52.32624435424805,21498800
INTC,2021-06-18,51.86868741213955,51.932745144500764,50.42280490253589,50.944419860839844,55118300
INTC,2021-06-21,51.017624847355776,51.28300884580894,50.66988041803385,51.127437591552734,19254600
INTC,2021-06-22,51.191495316574645,51.50263433420285,50.78884626059634,51.127437591552734,18682800
INTC,2021-06-23,51.12744571015444,51.2189592539203,50.54177299359191,50.5692253112793,20287900
INTC,2021-06-24,50.77969842709585,51.33791526594739,50.642429873891054,51.310462951660156,21209700
INTC,2021-06-25,51.26471038626459,51.621604452629704,51.01762907319232,51.16404724121094,21101200
INTC,2021-06-28,51.57585323530363,52.829559109650866,51.557550526590234,52.60078048706055,22480900
INTC,2021-06-29,52.66483390663257,52.921068316738896,51.136594508581496,51.932743072509766,26360000
INTC,2021-06-30,51.55754674566915,51.59415216041152,50.68818734540258,51.3745231628418,29891600
INTC,2021-07-01,51.36537808252083,51.832084943531115,51.127446356605944,51.25556182861328,24871600
INTC,2021-07-02,51.74972513557064,52.152377756418616,51.53924921598413,51.941898345947266,17219400
INTC,2021-07-06,52.08831286272459,52.1706733029301,50.97187560657555,51.32876968383789,26186600
INTC,2021-07-07,51.58500901056953,51.65821985417456,50.981033514368654,51.20981216430664,14857400
INTC,2021-07-08,50.61497549873058,50.990172239211375,50.13911562211617,50.68818283081055,19162000
INTC,2021-07-09,50.798004690980875,51.34707548909998,50.61498458249264,51.23726272583008,18708000
INTC,2021-07-12,51.484339047555196,51.9418962870108,51.34707397024933,51.91444396972656,15392800
INTC,2021-07-13,51.81377815472915,52.43605624766788,51.557547230890094,52.04255676269531,15716000
INTC,2021-07-14,52.31708942605422,52.58247344419685,51.54839666876018,51.722267150878906,16263600
INTC,2021-07-15,51.612454109932216,51.612454109932216,50.85290747416106,51.07253646850586,18917000
INTC,2021-07-16,51.292162392653566,52.097464057343515,50.23978290726534,50.30384063720703,25263800
INTC,2021-07-19,49.791378034263985,50.15742521759744,49.38872892530491,50.001853942871094,27007700
INTC,2021-07-20,50.258082566064544,50.84375873064862,49.663260284100375,50.55092239379883,19867000
INTC,2021-07-21,50.49601305155299,51.50263749879311,50.34044178773768,51.45688247680664,18497200
INTC,2021-07-22,51.30132571881293,51.740580307787646,50.95358119345934,51.20981216430664,36691000
INTC,2021-07-23,49.946942832551564,50.06590518445756,47.87878244939229,48.501060485839844,67742300
INTC,2021-07-26,48.32719556767113,49.910343154028155,48.28143705226798,49.699867248535156,32881200
INTC,2021-07-27,48.61087861943106,48.68408945107506,47.86963814890082,48.66578674316406,39878000
INTC,2021-07-28,48.52851909520586,49.34297041275213,48.44615865349417,48.56512451171875,28478800
INTC,2021-07-29,48.94032104001591,49.507691029369475,48.79390286563807,49.14164733886719,16886600
INTC,2021-07-30,49.09589252296488,49.324671139584694,48.72984534001933,49.159950256347656,16465700
INTC,2021-08-02,49.40702732356989,49.846281810721166,48.99522515096421,49.12334060668945,18098100
INTC,2021-08-03,49.31551333500757,49.56259463628998,48.738990298681955,49.47108459472656,16375900
INTC,2021-08-04,49.644961376014344,49.818831873423804,49.14164910171558,49.32467269897461,17612700
INTC,2021-08-05,49.72809455408135,49.75572526508348,49.350459611584206,49.635986328125,15310000
INTC,2021-08-06,49.608347138465966,49.857034035690226,49.4886082219723,49.66360855102539,19256000
INTC,2021-08-09,49.81098612050145,50.11493445733626,49.58072084482658,49.78335189819336,14670100
INTC,2021-08-10,49.958362346327284,50.09651942181475,49.2859845607233,49.68204116821289,16215700
INTC,2021-08-11,49.97677543642494,50.06888365769298,49.589931447807274,49.866249084472656,18590800
INTC,2021-08-12,49.89387601589057,49.903088594104446,49.0557105904524,49.3136100769043,15070100
INTC,2021-08-13,49.276768116406096,49.33203304646829,48.87150250332431,49.26755905151367,15281100
INTC,2021-08-16,49.02808546720252,49.26756333807209,48.81624182055299,49.249141693115234,17690300
INTC,2021-08-17,48.97282107080258,48.982033650167054,48.09781576393299,48.53071212768555,22014900
INTC,2021-08-18,48.447813907377075,48.843870473339166,47.996495922442186,48.0701789855957,15061700
INTC,2021-08-19,47.94123226945256,48.51228920001898,47.508335917144386,48.300445556640625,22999400
INTC,2021-08-20,48.042552830098714,48.24518742172516,47.36096598508137,47.90439224243164,25728300
INTC,2021-08-23,48.43860146812622,49.31361018113106,48.3372841889741,49.028079986572266,23976300
INTC,2021-08-24,49.33203634875623,49.70967127887042,49.10177106177027,49.56230163574219,20348800
INTC,2021-08-25,49.81098856731535,49.94914563136526,49.488615057393346,49.56230163574219,15048400
INTC,2021-08-26,49.50703870147794,49.50703870147794,48.788612101408056,48.93598175048828,19570000
INTC,2021-08-27,49.147825028049795,49.68203868431839,48.74255586098097,49.635986328125,16525000
INTC,2021-08-30,49.97678047886983,50.53862838780016,49.51624986677214,49.68204116821289,14581300
INTC,2021-08-31,50.14257276377308,50.19783770319384,49.424146119152276,49.792572021484375,22350100
INTC,2021-09-01,49.83862260490997,49.88467496266799,49.304405416921966,49.433353424072266,18615000
INTC,2021-09-02,49.553090945086936,49.635986592103734,49.13861271000294,49.488616943359375,15869500
INTC,2021-09-03,49.221510035380646,49.81099216402788,49.11098367344603,49.28598403930664,13456200
INTC,2021-09-07,49.341245672242465,49.69124989409053,49.221506738584274,49.41493225097656,13915000
INTC,2021-09-08,49.48861720812654,49.663617568956234,48.80703389662597,49.34124755859375,18235100
INTC,2021-09-09,49.42413619416191,49.63597981571256,49.12939693691152,49.184661865234375,13495800
INTC,2021-09-10,49.599144368792366,50.63994451182806,49.56230459099075,49.589935302734375,20324700
INTC,2021-09-13,50.29915043897908,51.10968524243778,50.11493750452445,50.64915466308594,22639200
INTC,2021-09-14,50.99915577359874,51.06362977412809,49.98598989650644,50.21625518798828,22072700
INTC,2021-09-15,50.354408370750825,50.79652078823569,50.12414309703003,50.76888656616211,18796200
INTC,2021-09-16,50.52941217209711,50.61230781108854,49.958355277694636,50.50178146362305,19863100
INTC,2021-09-17,50.28073182495103,50.28073182495103,49.43335368081006,49.97677993774414,35359200
INTC,2021-09-20,49.009660864087536,49.276769429485306,48.189917037618585,48.79781723022461,35051900
INTC,2021-09-21,49.00045839424268,49.23072370294347,48.65966672116504,48.69650650024414,17968900
INTC,2021-09-22,49.18466683579979,49.61756318725187,48.81624097021941,49.276771545410156,18594100
INTC,2021-09-23,49.50703853317368,50.013621480566655,49.36887795044397,49.76493453979492,16474300
INTC,2021-09-24,49.53466464570885,50.124143185301115,49.48861229359744,49.93993377685547,12976200
INTC,2021-09-27,49.68203823307401,50.538625402055416,49.57151187649982,50.3452033996582,13899900
INTC,2021-09-28,49.903092156797626,50.280727078437245,49.70045758445512,49.737300872802734,24691300
INTC,2021-09-29,49.73729865955008,49.783351011150636,48.982028849879484,49.26755905151367,20514300
INTC,2021-09-30,49.516255285115385,49.71888990095408,49.05572462262388,49.07414627075195,20534100
INTC,2021-10-01,49.414934468328,49.83862177435245,48.862295643732544,49.60835647583008,19895100
INTC,2021-10-04,49.672828986414295,50.04125485841231,48.8899284003804,49.249141693115234,27353300
INTC,2021-10-05,49.32282019481265,50.05045929220643,49.25834620021514,49.691246032714844,18129400
INTC,2021-10-06,49.25834913170652,49.801775342489904,48.880714206488875,49.71887969970703,20059600
INTC,2021-10-07,50.032039424435034,50.649152197785234,49.847826498946795,49.90309143066406,20704400
INTC,2021-10-08,50.24388491762173,50.271519141287264,49.460984347297256,49.56230163574219,16068000
INTC,2021-10-11,49.56230319132862,50.11493849201241,49.20308638095764,49.22150802612305,14398800
INTC,2021-10-12,49.341244809237295,49.47940538516251,47.90438817117882,48.0517578125,32784300
INTC,2021-10-13,48.245177221577734,48.42939012833039,47.775434133680015,48.134647369384766,18534000
INTC,2021-10-14,48.72413390153764,49.73729971247516,48.56755168649789,49.64519500732422,26586700
INTC,2021-10-15,49.921509711801704,50.18861826008846,49.562296463759765,50.16098403930664,25231100
INTC,2021-10-18,49.91230464007288,50.253099810271756,49.479408269836654,50.170204162597656,22407600
INTC,2021-10-19,50.31757012821138,50.860996331269305,50.07809226865671,50.851783752441406,18392900
INTC,2021-10-20,50.88863439966881,51.10969064710417,50.7320556726449,50.99916076660156,16850300
INTC,2021-10-21,50.59388689356898,51.64389599348111,50.50178218828764,51.57942199707031,38390900
INTC,2021-10-22,46.41227416360024,46.55964381778107,45.26094764232192,45.555686950683594,109971900
INTC,2021-10-25,45.896483474827534,46.117536205787445,45.41753120632131,45.50963592529297,43178800
INTC,2021-10-26,45.500421101149534,45.53726087593457,44.14646011946501,44.46883010864258,68405400
INTC,2021-10-27,44.68988480021579,44.96620242630607,44.09119368237915,44.109615325927734,41081500
INTC,2021-10-28,44.33988743267233,44.54252202936335,44.10041305677641,44.28462600708008,31317200
INTC,2021-10-29,44.303039717942966,45.38989215132742,44.13724843057452,45.131996154785156,42301000
INTC,2021-11-01,45.5004232547515,45.68463267810367,45.13199738090812,45.638580322265625,28013700
INTC,2021-11-02,45.6938413249575,45.96094988482787,45.34383712628493,45.92410659790039,27193300
INTC,2021-11-03,45.98858987718947,46.46754216322752,45.7859552717507,46.41227722167969,23962100
INTC,2021-11-04,46.59591671136627,46.69793505049029,46.12290683341081,46.66083908081055,24806000
INTC,2021-11-05,46.8834276123472,47.838720446865196,46.87415450471274,47.22658920288086,36816200
INTC,2021-11-08,47.7274180837511,48.21897766088027,47.35643366218569,47.810890197753906,31647800
INTC,2021-11-09,47.80161339911694,48.014930221093216,47.08746393180342,47.48627471923828,22508400
INTC,2021-11-10,47.282233576763325,47.66249463454768,47.03181724046583,47.078189849853516,25040700
INTC,2021-11-11,47.310059238366165,47.36570849573113,46.753580816730626,46.86487579345703,25420000
INTC,2021-11-12,46.929801666506634,47.20804443612927,46.54026744984099,46.66083908081055,23884800
INTC,2021-11-15,46.75357326934234,46.95761697540509,46.48460720916926,46.670101165771484,24695800
INTC,2021-11-16,46.71648197535279,47.43990817935832,46.68865911527689,46.9390754699707,30927800
INTC,2021-11-17,46.92980100048994,47.2451397353171,46.35477279157113,46.586639404296875,23546900
INTC,2021-11-18,46.5959167654005,46.5959167654005,45.4180339301111,46.076534271240234,30658200
INTC,2021-11-19,46.002334208670604,46.122905837035496,45.66844926074303,45.928138732910156,27607600
INTC,2021-11-22,45.9559594676656,47.16166508151487,45.82611473759002,46.21565246582031,33389600
INTC,2021-11-23,46.5217088304772,46.7906749029209,45.111959649189636,45.53859329223633,44713300
INTC,2021-11-24,45.316008684578435,46.169276070843864,45.10269183801208,46.150726318359375,26035800
INTC,2021-11-26,45.35310836029668,45.6127978200502,44.62968216269201,45.2418098449707,25269000
INTC,2021-11-29,45.7240905628461,46.49388933521492,45.186161917073186,46.37331771850586,31478900
INTC,2021-11-30,45.90959070702544,46.744311953263804,45.149068477343306,45.631351470947266,49460800
INTC,2021-12-01,46.224923270658316,46.66083358963109,45.00066796520616,45.07486343383789,35093500
INTC,2021-12-02,45.08413956501766,46.17855013439296,44.82445012076024,45.909584045410156,37240800
INTC,2021-12-03,46.07653378979197,46.42897203350398,45.2232628110161,45.6777229309082,32224900
INTC,2021-12-06,45.89103534239608,47.49555173022118,45.61279614033454,47.29151153564453,40336000
INTC,2021-12-07,50.695317302683456,51.01065604521037,48.42302373488696,48.75691223144531,91731500
INTC,2021-12-08,48.75691354210075,49.04442943031123,47.65322968258988,47.99639129638672,37143400
INTC,2021-12-09,47.579022636185556,47.84798872448175,46.77212790930029,46.81850051879883,31694200
INTC,2021-12-10,47.1523835265116,47.36570033599035,46.41968435177832,46.92051696777344,23783600
INTC,2021-12-13,47.16166270451911,47.31933382452378,46.326945108388024,46.37331771850586,35726900
INTC,2021-12-14,46.206380131920454,46.62374075896588,45.74264688809307,46.09508514404297,34120400
INTC,2021-12-15,46.25274805180748,47.096742328346856,45.75191888821527,46.994720458984375,32590300
INTC,2021-12-16,47.05964769271783,47.67177538820513,46.911253207084656,47.14311981201172,33132300
INTC,2021-12-17,46.92052613869763,47.31933698071769,46.382593919041334,46.94834899902344,50102300
INTC,2021-12-20,46.28984662993073,46.493890364570674,45.40875286617138,46.0023307800293,30140300
INTC,2021-12-21,46.317672174260245,47.15239337526762,46.317672174260245,47.08747100830078,31956300
INTC,2021-12-22,46.96689128122984,47.319329453979265,46.56808050264569,47.27295684814453,23307900
INTC,2021-12-23,47.3749895608732,47.97784065088824,47.34716316059286,47.58830642700195,25198200
INTC,2021-12-27,47.625394517555726,48.28389829917935,47.57902190876616,48.17259979248047,20985400
INTC,2021-12-28,48.16333214409893,48.33954949267067,47.88509292182642,48.00566101074219,19290400
INTC,2021-12-29,48.05203740489101,48.3580994895317,47.91291602405199,48.070587158203125,14174800
INTC,2021-12-30,48.15405082469691,48.35809455229415,47.90363802555906,47.98711013793945,18359400
INTC,2021-12-31,48.12623006118308,48.376646409223184,47.72741923334181,47.76451873779297,16319000
INTC,2022-01-03,47.90364142219277,49.36903650810461,47.8572652713572,49.350486755371094,33857600
INTC,2022-01-04,49.684371416069276,50.02753297029807,48.83110408382401,49.285560607910156,45681400
INTC,2022-01-05,50.25940110621688,52.095784086568784,49.925516186337504,49.96261215209961,59109300
INTC,2022-01-06,50.64893875943675,50.70458447701535,49.54525152074919,50.09245681762695,35757900
INTC,2022-01-07,50.25940444729399,50.44489844044916,49.29484205129368,49.563804626464844,30717200
INTC,2022-01-10,50.05536504019112,51.29817021481781,49.443237329584164,51.205421447753906,49260800
INTC,2022-01-11,51.47438749068586,52.01231972486633,50.76023790634472,51.85464859008789,39795200
INTC,2022-01-12,52.06796396585903,52.19780869786309,50.834435473816846,51.69697952270508,29136800
INTC,2022-01-13,51.938121359451486,52.13288846542853,50.797338047009696,50.95500564575195,29605400
INTC,2022-01-14,50.871529235822244,51.72480014028671,50.57474027896593,51.65987777709961,30151500
INTC,2022-01-18,51.298172445338935,51.613511191060205,50.71386757044285,50.788063049316406,35313800
INTC,2022-01-19,50.667486378720916,50.871526564593466,49.67509769296664,49.730743408203125,30595100
INTC,2022-01-20,49.95334278620211,50.16665964182413,48.172605390134336,48.26535415649414,28582600
INTC,2022-01-21,48.30245366303806,49.27629271279209,48.181882035772155,48.26535415649414,46372400
INTC,2022-01-24,47.74596613081122,48.3488206590854,46.262021421525446,48.17259979248047,64198400
INTC,2022-01-25,47.310058171713926,47.87581322582321,46.60518528433407,47.300785064697266,44095400
INTC,2022-01-26,47.42135596612733,48.896027619695644,47.06891775877047,47.94073486328125,54895400
INTC,2022-01-27,46.354776610945734,46.428975631373355,44.31434954323861,44.56476593017578,89642800
INTC,2022-01-28,44.24941747307896,44.70387752860311,42.941690097636155,44.267967224121094,61945400
INTC,2022-01-31,44.2216041343062,45.325288023858946,43.87844251116862,45.27891540527344,51828400
INTC,2022-02-01,45.24180779179895,45.47367438120014,44.85227361984658,45.399478912353516,35386100
INTC,2022-02-02,44.750251526553136,45.98378347412771,44.60185705161216,45.91885757446289,37962700
INTC,2022-02-03,45.67771970223237,46.085803640104054,44.75025331233933,44.778076171875,42145800
INTC,2022-02-04,44.72667803570154,45.08180100289884,44.044470470398004,44.86685562133789,32431500
INTC,2022-02-07,44.9790042687875,45.474304846959285,44.82013205232649,45.02573013305664,27558500
INTC,2022-02-08,44.838827538742,45.73597705513846,44.76406686151994,45.6144905090332,28051200
INTC,2022-02-09,46.100441077019845,46.69854067273571,45.63317532224748,46.6424674987793,35217300
INTC,2022-02-10,45.96025889762095,46.66115751411787,45.56775381860623,45.66120910644531,32762700
INTC,2022-02-11,45.74531523889806,45.8948401284581,44.39024392197322,44.51173400878906,37208200
INTC,2022-02-14,44.78274889229425,45.025729084764606,44.0257806398751,44.46501159667969,28456900
INTC,2022-02-15,44.57715216411552,45.28739451802717,44.100539114489884,45.26870346069336,35837900
INTC,2022-02-16,44.91358770707936,45.31543655994511,44.483700483462655,45.07245635986328,26022900
INTC,2022-02-17,44.726676755759605,45.1004872050473,44.278102077641584,44.45566177368164,32030600
INTC,2022-02-18,43.166013996917606,43.18470505700506,41.59600059912309,42.091304779052734,76520100
INTC,2022-02-22,41.76420974731445,42.43707354064195,40.97920317675059,41.76420974731445,57093300
INTC,2022-02-23,42.2127904506228,42.71743836769913,41.633381859695405,41.726837158203125,38176700
INTC,2022-02-24,41.025933601776714,43.726729022000065,40.77360967312874,43.661312103271484,72740100
INTC,2022-02-25,43.8575685631616,44.66126631486809,43.222086785763686,44.58650207519531,39266300
INTC,2022-02-28,43.922983262756105,44.68929885576098,43.7828021029568,44.57715606689453,41946100
INTC,2022-03-01,44.42763225121602,44.764064191033015,43.19405084852375,43.75476837158203,53853000
INTC,2022-03-02,44.40893154990956,45.78269381757854,44.37154943916723,45.67054748535156,46936500
INTC,2022-03-03,45.0257280598693,45.37150371748581,44.50238913526897,44.79209518432617,36389900
INTC,2022-03-04,44.268755108939104,45.10983486501204,44.268755108939104,44.92292785644531,38310700
INTC,2022-03-07,44.86685376318743,45.36215786046292,44.483696007722195,44.5584602355957,43813700
INTC,2022-03-08,44.56780705096684,45.53037694387971,43.8201825455162,44.3902473449707,44813900
INTC,2022-03-09,45.24066739977495,45.287393259333484,43.82017916647726,44.51173400878906,36076500
INTC,2022-03-10,44.193987981925865,44.212679036544785,43.13796656815907,43.60523223876953,36456000
INTC,2022-03-11,44.06316356267847,44.184650096181784,42.773509038539,42.82958221435547,27082100
INTC,2022-03-14,42.89499558966706,42.96975625295155,41.3997431094765,41.49319839477539,35993900
INTC,2022-03-15,41.58665198222509,41.960466010294425,41.18480314978474,41.87635803222656,34448900
INTC,2022-03-16,42.334277028541415,43.577205657958984,42.30624222380277,43.577205657958984,38885500
INTC,2022-03-17,43.28749464823176,44.19399125718266,42.736120973450454,44.053810119628906,28555000
INTC,2022-03-18,43.754761501233176,44.483694879743226,43.31553058600045,44.3435173034668,46237100
INTC,2022-03-21,44.35286962565667,44.75471850560521,43.98840286592549,44.287452697753906,32910900
INTC,2022-03-22,44.390244796513215,45.29674146261697,44.296793075555044,45.22197723388672,27923300
INTC,2022-03-23,45.287396282526515,46.334074144273124,44.913585816149705,45.10983657836914,37126400
INTC,2022-03-24,45.47429699276513,48.26854739888585,45.40888008109597,48.240509033203125,51677900
INTC,2022-03-25,47.37140244346419,48.576948984743524,47.14711687040822,48.436771392822266,33239800
INTC,2022-03-28,47.99754060823761,48.19379137663494,47.24991608699425,48.137718200683594,22932400
INTC,2022-03-29,48.595644134083436,48.866659158881994,47.9227802283643,48.82927703857422,27303700
INTC,2022-03-30,48.829273347274814,49.07224998099687,47.866706994324645,48.062957763671875,24623300
INTC,2022-03-31,47.8480111090413,47.90408071465325,46.26865067181949,46.31538009643555,43698300
INTC,2022-04-01,46.567703289896684,46.63312020539288,44.231374693733805,44.96030807495117,46598600
INTC,2022-04-04,45.01638436641732,46.00698912171834,44.782751472097225,45.97895431518555,23784900
INTC,2022-04-05,45.63317669561006,45.77335428728764,44.87620486671351,44.97900390625,25779200
INTC,2022-04-06,44.33416846951808,45.016375965830186,44.147265040904436,44.4276237487793,31518700
INTC,2022-04-07,44.324829486462484,44.77340418024935,43.70803883688619,44.446319580078125,24117000
INTC,2022-04-08,44.18464607395416,44.46500836255958,43.78279726290462,43.94166946411133,22167300
INTC,2022-04-11,43.82952669972343,44.20333714304272,43.483747494335994,43.5211296081543,30352500
INTC,2022-04-12,44.22202684985279,44.77340053449828,43.37160339370002,43.455711364746094,29861400
INTC,2022-04-13,43.689346838763264,44.17530363781252,43.5024398291359,43.93232345581055,22171300
INTC,2022-04-14,43.68935338999388,43.68935338999388,42.63333165746005,42.680057525634766,36181800
INTC,2022-04-18,42.54922105764474,43.820184557751254,42.53987731056529,43.586551666259766,25593100
INTC,2022-04-19,43.549166575258404,44.85751210428187,43.306189953273645,44.79209518432617,31483100
INTC,2022-04-20,45.193940934567465,45.558407625176145,44.838817989763434,44.96030807495117,22787100
INTC,2022-04-21,45.436921652601605,45.69859290322546,44.296795618647444,44.3902473449707,27316900
INTC,2022-04-22,44.34351889165416,44.53042589833809,43.455713283621506,43.49309539794922,28219900
INTC,2022-04-25,43.18470707811345,44.05382180560253,43.15667226914779,43.979061126708984,35999300
INTC,2022-04-26,43.63327128016918,43.77345242096214,42.53052390512505,42.53987121582031,35356600
INTC,2022-04-27,42.5024943031655,43.04452431126464,42.063263335564805,42.259517669677734,28320900
INTC,2022-04-28,42.79219918971315,44.17530541259565,42.55856630953121,43.77345657348633,41097000
INTC,2022-04-29,42.04457055460999,42.39034618511425,40.65211715697501,40.73622512817383,70765900
INTC,2022-05-02,40.85771590290056,42.0445712654592,40.66146159014891,42.01653289794922,45446500
INTC,2022-05-03,41.85766903433543,42.51184183317421,41.33433008227342,42.10999298095703,40158400
INTC,2022-05-04,42.1099892524156,43.58654711881386,41.50254237193151,43.49309539794922,44625600
INTC,2022-05-05,42.951489741643336,43.24348582169498,41.56687174565513,42.00957107543945,52996700
INTC,2022-05-06,41.905968057798134,42.52763430819951,41.29371941420716,41.72700119018555,40916600
INTC,2022-05-09,41.265457045785475,41.63280474167557,40.38005122170734,40.56843566894531,44925800
INTC,2022-05-10,41.774094678385566,42.14144600518928,40.97346518670391,41.45384216308594,42770000
INTC,2022-05-11,41.463262507547064,41.717580993258,40.29528171314887,40.34238052368164,40351700
INTC,2022-05-12,40.248187374811025,40.41773303565469,39.570004731436356,40.35179901123047,42329600
INTC,2022-05-13,40.89811180243966,41.29371955943275,40.47425122491599,41.067657470703125,32034100
INTC,2022-05-16,40.89811071393511,41.0770775774139,40.30470448394151,40.57786178588867,25071900
INTC,2022-05-17,41.27487533366183,41.84002509158528,41.11475088639952,41.821189880371094,28596600
INTC,2022-05-18,41.425583440913755,41.425583440913755,39.76780813205948,39.890254974365234,35218400
INTC,2022-05-19,39.86199576091863,40.21992584304495,39.296846025463935,39.56999969482422,29181000
INTC,2022-05-20,39.79606484911842,39.83374245925689,37.968743875018745,39.23091506958008,44802300
INTC,2022-05-23,39.268585147693344,39.7960608573187,38.9294974698638,39.56058120727539,27199500
INTC,2022-05-24,39.278008232674544,39.45697148177608,38.71285488954137,39.24974822998047,29837500
INTC,2022-05-25,39.033109804465205,40.0503837296002,38.986014587887034,39.74897003173828,26283100
INTC,2022-05-26,39.72070939962125,41.143008632495935,39.63594016700088,40.95462417602539,28826700
INTC,2022-05-27,41.05823752065216,41.96247863769531,41.02055990915834,41.96247863769531,30553300
INTC,2022-05-31,41.67990240145594,42.150861750624934,41.11475261970702,41.84002685546875,41111500
INTC,2022-06-01,42.169696998000525,42.3204038332944,41.00171632962219,41.548030853271484,29885500
INTC,2022-06-02,41.623389028863535,42.27331527783515,41.38790933706453,42.23563766479492,28727600
INTC,2022-06-03,41.54803274495878,41.67990078270309,40.82275494423052,40.869850158691406,33174700
INTC,2022-06-06,41.26546452795358,41.482105423961066,40.577864225025024,40.82276153564453,25437100
INTC,2022-06-07,40.55902107667352,41.058236844777205,40.18225215420694,41.0017204284668,25168700
INTC,2022-06-08,39.79606559262382,39.80548319876705,38.64692361387394,38.83530807495117,59649900
INTC,2022-06-09,38.62807962716926,38.948332090103854,37.686161041259766,37.686161041259766,39047200
INTC,2022-06-10,37.5354569427247,37.75210139520741,36.90437316894531,36.90437316894531,43066200
INTC,2022-06-13,36.31097041420472,36.55587132375437,35.482080832331995,35.57627487182617,50335900
INTC,2022-06-14,35.802322287721395,35.981289110743504,35.35962301523334,35.72697067260742,31351700
INTC,2022-06-15,36.32038617031228,36.89495355599094,35.71755518731926,36.40515899658203,37652300
INTC,2022-06-16,35.51033689316397,35.59510972271717,34.78505903879433,35.17124557495117,45576500
INTC,2022-06-17,35.30310791241368,35.90593522811779,34.47421855675341,34.822731018066406,71393200
INTC,2022-06-21,35.19008436781679,35.82116819293149,35.16182795568771,35.53859329223633,34004900
INTC,2022-06-22,35.161824312099924,35.57626721729786,35.05821268751683,35.208919525146484,32571000
INTC,2022-06-23,35.425563263144525,35.43498086926662,34.76621944742186,35.237178802490234,30163000
INTC,2022-06-24,35.651617274819145,36.395733824953076,35.548009247917776,36.36747741699219,38159900
INTC,2022-06-27,36.61238050748308,36.79134736812814,36.23561516644029,36.386322021484375,29585300
INTC,2022-06-28,36.339231321425395,36.75367432604487,35.548019335780715,35.585693359375,37824200
INTC,2022-06-29,35.359628998429294,35.41614182104377,34.8698308413405,35.124149322509766,25437200
INTC,2022-06-30,35.04879434183594,35.7929109851963,34.59667379214647,35.237178802490234,35141000
INTC,2022-07-01,34.93576723115996,35.0393788704891,33.79604638480931,34.22932815551758,40596300
INTC,2022-07-05,33.843141429279456,34.60609692055034,33.47579368674956,34.558998107910156,33215000
INTC,2022-07-06,34.68144377185722,35.246593514277116,34.3423524891515,34.84157180786133,26258300
INTC,2022-07-07,35.68930589332073,36.10375250134696,35.53859901580266,35.92478561401367,33165400
INTC,2022-07-08,35.47265814587047,35.92477869130094,35.21833966535307,35.78349304199219,22566300
INTC,2022-07-11,35.472657031796935,35.48207463753453,34.87924726255996,35.03937530517578,25904300
INTC,2022-07-12,35.46324417810332,35.51033939937119,34.84157791521622,35.048797607421875,30546300
INTC,2022-07-13,34.5495817943393,35.25602089276259,34.49306537293682,35.048797607421875,27059200
INTC,2022-07-14,34.84157349728046,35.94361662637613,34.18222970373029,35.519752502441406,36690700
INTC,2022-07-15,36.047225826550935,36.42399111666326,35.53858891210822,36.376895904541016,32892300
INTC,2022-07-18,36.8290253251489,37.055087428455174,36.29213187207364,36.46167755126953,30814400
INTC,2022-07-19,37.036240151146465,38.364345272386046,36.96088852936558,37.883968353271484,53095300
INTC,2022-07-20,37.874553714856226,38.30783549626199,37.262308656731136,38.204227447509766,36387900
INTC,2022-07-21,38.15712966245214,38.28900131495078,37.50720697281693,38.25132369995117,29661200
INTC,2022-07-22,38.025257119008344,38.15712516282148,36.678313083257514,36.923213958740234,41350000
INTC,2022-07-25,36.9985654319096,37.121015869138596,36.31096521123621,36.885536193847656,32263400
INTC,2022-07-26,36.82901922536377,37.27172215806789,36.62179955755017,36.69715118408203,35925500
INTC,2022-07-27,36.98914851282399,38.07235288339831,36.95147090172537,37.84629440307617,42571600
INTC,2022-07-28,37.761525123508754,37.78978153792088,36.77251109459842,37.403594970703125,56662300
INTC,2022-07-29,33.53230761855959,34.493065219312484,33.19321987106009,34.201072692871094,125292400
INTC,2022-08-01,33.956166700554874,35.50091271559671,33.956166700554874,34.81331253051758,52513400
INTC,2022-08-02,34.464809819349,34.53074384939733,33.90907757098796,33.918495178222656,53929400
INTC,2022-08-03,33.99384326524239,34.464802576984106,33.21204908304663,34.398868560791016,59513900
INTC,2022-08-04,34.2609119289219,34.346540572218984,33.64248606458415,33.927913665771484,54046300
INTC,2022-08-05,33.63296634503385,33.95645189476213,33.47122538487396,33.671024322509766,40205100
INTC,2022-08-08,33.64248529199656,34.21334048126174,33.490256999565254,33.66151428222656,41534600
INTC,2022-08-09,33.50928472215435,33.58539705078632,32.72911429928133,32.843284606933594,48202300
INTC,2022-08-10,33.2904642484428,33.680549547310896,32.90989163175758,33.65200424194336,42243300
INTC,2022-08-11,33.90888734661914,34.52731688908878,33.76617534948633,33.8613166809082,35569700
INTC,2022-08-12,34.061108525947496,34.38459406625294,33.937421917457904,34.35605239868164,37675200
INTC,2022-08-15,34.34653826407415,34.660511144866916,33.97548204452533,34.57488250732422,25400600
INTC,2022-08-16,34.40362538371896,34.803226903813886,33.965969514088656,34.432167053222656,25000200
INTC,2022-08-17,34.070629040737956,34.32751496881716,33.55685718457954,34.042083740234375,29176100
INTC,2022-08-18,33.94694186531471,34.565371344649,33.84228423378964,34.44168472290039,24598200
INTC,2022-08-19,34.061112188830435,34.279940132362384,33.48074068974586,33.66151428222656,31425500
INTC,2022-08-22,33.29997182940773,33.3570588019882,32.09165813035444,32.19631576538086,51006100
INTC,2022-08-23,32.32951365519827,32.71959887721433,32.2629140048108,32.30097198486328,30687100
INTC,2022-08-24,32.32000110620697,32.33903009631053,31.967970233404333,32.2153434753418,25105700
INTC,2022-08-25,32.224859495295696,33.233374298848496,32.17728882981122,33.195316314697266,29799100
INTC,2022-08-26,33.25240198400004,33.328514319901906,31.730115342463677,31.73963165283203,44851500
INTC,2022-08-29,31.61594560537897,31.787202901069143,31.2163476683746,31.340030670166016,32976800
INTC,2022-08-30,31.435174136485276,31.46371580794256,30.58840400876969,30.693058013916016,40182500
INTC,2022-08-31,30.816742043092876,30.816742043092876,30.226857896414188,30.369571685791016,44074500
INTC,2022-09-01,30.036574406998323,30.2839458449501,29.617945680102665,30.21734619140625,36440700
INTC,2022-09-02,30.64548843444026,30.807233047033623,29.551346832111893,29.703575134277344,34893300
INTC,2022-09-06,29.865316797451694,29.865316797451694,28.85680388024729,28.885347366333008,46989600
INTC,2022-09-07,28.942432654658464,29.2944617258229,28.59040358349403,29.1612606048584,37329500
INTC,2022-09-08,28.894861227070713,29.35154610618533,28.45720352355757,29.25640296936035,37359500
INTC,2022-09-09,29.675033068244815,29.969975172940625,29.570375431379905,29.931917190551758,34069500
INTC,2022-09-12,30.19831684196443,30.312488971473055,29.589403657130262,30.02705955505371,38305500
INTC,2022-09-13,29.33251887651941,29.427662019055212,27.829263031508173,27.867321014404297,71417900
INTC,2022-09-14,28.114690149644826,28.324005422480926,27.600920092520106,27.762662887573242,40767200
INTC,2022-09-15,27.73412058280243,27.98149203370225,27.315491833994688,27.439178466796875,39919100
INTC,2022-09-16,27.30597786992203,27.895862074220805,27.039577439613396,27.819747924804688,72748000
INTC,2022-09-19,27.610434817975406,28.067119720267634,27.496262685050105,28.010034561157227,33151900
INTC,2022-09-20,27.658006181197088,27.75314932525788,27.315491588460063,27.553348541259766,31129000
INTC,2022-09-21,27.734121810144906,28.152750577478592,27.07763607734736,27.08715057373047,39977300
INTC,2022-09-22,27.020548393565633,27.11569153381817,26.678035629242753,26.70657730102539,36092700
INTC,2022-09-23,26.54483413922103,26.54483413922103,25.869321300725936,26.183292388916016,43491100
INTC,2022-09-26,26.221348082874012,26.354549200862078,25.555349751751304,25.660005569458008,44786400
INTC,2022-09-27,26.069123158917048,26.25940945795115,25.327010585034248,25.583894729614258,44121400
INTC,2022-09-28,25.555346980326323,25.954946661545947,25.30797557626616,25.812231063842773,40433400
INTC,2022-09-29,25.479235883108505,25.479235883108505,24.917893363563564,25.098663330078125,41831300
INTC,2022-09-30,25.022550869859163,25.279436816066962,24.489751800272444,24.518295288085938,43821000
INTC,2022-10-03,25.05109239478481,25.926405990729734,24.803720963897725,25.660005569458008,44096200
INTC,2022-10-04,26.09766347986094,26.449690731221,25.774177899597717,26.354549407958984,42427500
INTC,2022-10-05,26.040578349721315,26.487748739507303,25.58389164995404,26.297462463378906,30120000
INTC,2022-10-06,26.107177489015953,26.411634073076065,25.688548778581108,25.859806060791016,33985100
INTC,2022-10-07,24.898861550055166,25.003519171743374,24.40411873897083,24.470718383789062,57215500
INTC,2022-10-10,24.68003709742075,24.727607760492898,23.871323122262893,23.975980758666992,43409300
INTC,2022-10-11,23.795207964128604,24.24237834805178,23.49075137807841,23.82375144958496,48134900
INTC,2022-10-12,23.83326426643952,24.28043646762643,23.4622080269052,24.09966468811035,39634100
INTC,2022-10-13,23.528809073549557,25.536322313541532,23.395609762169638,25.136722564697266,62447000
INTC,2022-10-14,25.174777613695817,25.33652040519587,24.50877927170488,24.651493072509766,48185400
INTC,2022-10-17,25.03206492592475,25.450693666310293,24.89886561454483,25.136722564697266,39416500
INTC,2022-10-18,25.441176839700198,25.650490283364082,24.299464672391256,24.613435745239258,51126900
INTC,2022-10-19,24.489750148446408,24.974978520320015,24.442179486670426,24.73712158203125,33882300
INTC,2022-10-20,24.879835890300885,25.64097919719597,24.68955142460546,24.813236236572266,33247700
INTC,2022-10-21,24.594407513779913,25.73611971629216,24.537322357330403,25.660005569458008,53058700
INTC,2022-10-24,25.450691845446098,26.145233654671273,25.23186390249094,25.859806060791016,43831600
INTC,2022-10-25,25.859806316962064,26.221348060438835,25.688549033055654,26.07863426208496,32205300
INTC,2022-10-26,25.869322356281373,26.449692079523206,25.679036070648454,25.888349533081055,37111100
INTC,2022-10-27,26.116694124713124,26.249893437480765,24.86080789047216,24.994009017944336,56305100
INTC,2022-10-28,26.81123648192271,27.800720479342083,26.50677986733213,27.65800666809082,91695700
INTC,2022-10-31,27.667519016328484,27.7626621546783,26.68754777632292,27.049091339111328,59507700
INTC,2022-11-01,27.40111745222958,27.44868992677808,26.535318377194773,26.925403594970703,44418700
INTC,2022-11-02,26.8968640073058,27.448692051860544,26.078635528767748,26.088150024414062,51956100
INTC,2022-11-03,26.116693526033995,26.525805950828502,25.850293091900937,26.059606552124023,39678200
INTC,2022-11-04,26.585138541087908,27.231204737967765,26.4308542408671,27.19263458251953,43051900
INTC,2022-11-07,27.346918910656342,27.452988217657715,26.893707168982882,27.395132064819336,34389800
INTC,2022-11-08,27.732629670945908,27.9158429674121,26.932279172758577,27.462631225585938,36258000
INTC,2022-11-09,27.211915733914605,27.289057875501356,26.536922454833984,26.536922454833984,30544800
INTC,2022-11-10,27.848337862540447,28.764402370324415,27.626554443338406,28.696903228759766,62943900
INTC,2022-11-11,27.89655701103716,29.535828165320652,27.838700858094295,29.342973709106445,49826500
INTC,2022-11-14,29.256186088425583,29.882966236793685,29.101901800803088,29.26582908630371,39395300
INTC,2022-11-15,29.989041876371164,30.220468342548013,29.092263170427096,29.612972259521484,40933200
INTC,2022-11-16,29.034403469917226,29.150115769275452,28.388337307656638,28.475122451782227,35582800
INTC,2022-11-17,28.031556192217213,28.880121711620205,27.964057038467566,28.822263717651367,31983300
INTC,2022-11-18,29.1790462667312,29.1790462667312,28.55226606848289,28.802978515625,27122200
INTC,2022-11-21,28.600475862220378,28.658332008082123,27.87726760170055,27.90619659423828,36086800
INTC,2022-11-22,28.099051611401094,28.79333273304023,28.021909468909385,28.7547607421875,25584100
INTC,2022-11-23,28.667978834252597,29.00547643541131,28.436552380684496,28.610122680664062,23143900
INTC,2022-11-25,28.61976476337277,28.61976476337277,28.29191017150879,28.29191017150879,11314900
INTC,2022-11-28,28.060484617975934,28.147269767948515,27.520489559757404,27.70370101928711,28267900
INTC,2022-11-29,27.81941494314125,28.13762654409084,27.713343796420073,27.86762809753418,24361500
INTC,2022-11-30,27.74227206955256,29.005475441707357,27.21191818898294,28.995832443237305,72072500
INTC,2022-12-01,29.159759948266366,29.39118639556841,28.46548060636023,28.764406204223633,38896300
INTC,2022-12-02,28.127982886029038,28.378695329266066,27.684414151313096,28.35940933227539,31546000
INTC,2022-12-05,28.36905253977949,28.687264135614384,27.85798465104481,28.12798309326172,34040400
INTC,2022-12-06,28.1472664247848,28.26297871819532,27.327630016403024,27.57834243774414,27701200
INTC,2022-12-07,27.26977429221749,27.530127876031965,27.14441715999777,27.3179874420166,28239900
INTC,2022-12-08,27.30834667765227,27.578345120565167,27.06727723051309,27.424060821533203,28486100
INTC,2022-12-09,27.37584628944802,27.751915883981724,27.18299183201833,27.231204986572266,25641300
INTC,2022-12-12,27.125135592763037,27.684416682122666,26.86478196644399,27.665132522583008,35117900
INTC,2022-12-13,28.725836821361064,29.015119428460356,27.356562258610747,27.70370101928711,58546800
INTC,2022-12-14,27.491559632759046,28.079769665058897,27.00942074443822,27.250490188598633,37141100
INTC,2022-12-15,26.941923743458737,26.99977989969243,26.15121619781342,26.180143356323242,45682700
INTC,2022-12-16,26.035499002999398,26.17049729817023,25.505146981216424,25.958356857299805,81104200
INTC,2022-12-19,25.939069478279293,26.00656862226638,25.553358770343273,25.83300018310547,37662500
INTC,2022-12-20,25.591934437261326,25.910146046924293,25.476220288650246,25.495506286621094,31863300
INTC,2022-12-21,25.64014605042167,26.00657079375305,25.630503052016383,25.871572494506836,28100900
INTC,2022-12-22,25.505146343065903,25.505146343065903,24.444440486825474,25.04229164123535,47478300
INTC,2022-12-23,24.994079376869443,25.254434811023486,24.762652937359356,25.15800666809082,23600900
INTC,2022-12-27,24.926581549900387,25.167651000403847,24.733725253812043,25.01336669921875,29548100
INTC,2022-12-28,24.916937623444614,25.186936060072682,24.589083035829773,24.627655029296875,26176900
INTC,2022-12-29,24.849437012352013,25.35086186264532,24.83015101675294,25.273717880249023,30944800
INTC,2022-12-30,24.974794832133654,25.51478988904513,24.878366683595974,25.485862731933594,31030100
INTC,2023-01-03,26.08371317186176,26.102999168842448,25.428005827443503,25.775144577026367,31308000
INTC,2023-01-04,26.430854345730037,26.922636244340204,26.18978489577685,26.69120979309082,37665200
INTC,2023-01-05,26.459782464056307,26.7876370522534,26.401924473752903,26.57549476623535,33552600
INTC,2023-01-06,26.93227950754635,27.800129168058195,26.401925608912368,27.70370101928711,31788600
INTC,2023-01-09,27.80976964037389,28.80297635582074,27.80976964037389,28.26297950744629,37493200
INTC,2023-01-10,28.195481799132445,28.455837238674977,27.88691320673265,28.388338088989258,23008100
INTC,2023-01-11,28.61976411403725,28.812618561855047,27.964054945186252,28.78369140625,30375400
INTC,2023-01-12,28.90904605809714,29.29475678431053,28.41726419246989,29.20797348022461,28963900
INTC,2023-01-13,28.899406512275544,29.092262818027177,28.745122203359855,29.034406661987305,31361900
INTC,2023-01-17,29.101902630937353,29.179044776949084,28.465479466537094,28.542621612548828,34759100
INTC,2023-01-18,28.73547461883408,28.754760614174586,27.607269640406876,27.780839920043945,44199600
INTC,2023-01-19,27.58798891962849,27.732630224266018,27.231205318256215,27.404775619506836,36886600
INTC,2023-01-20,27.404773681659314,28.185838142842474,27.240846390871358,28.17619514465332,35158500
INTC,2023-01-23,28.282266667526926,29.4008287235835,28.13762537116362,29.188688278198242,38795800
INTC,2023-01-24,28.870478472194236,29.111547927414794,28.66797917341769,28.851192474365234,24855100
INTC,2023-01-25,28.46548303463994,28.822264814961045,28.127985413828632,28.639053344726562,28268000
INTC,2023-01-26,28.98618865064606,29.03440364167541,28.282266334542182,29.015117645263672,56088100
INTC,2023-01-27,26.102997505095207,27.231202507561513,25.82335792355445,27.15406036376953,148548200
INTC,2023-01-30,26.729779500775336,27.49155983268477,26.681566347278196,26.95156478881836,55145800
INTC,2023-01-31,26.787637297221977,27.279419184014884,26.546567853061564,27.250490188598633,52621600
INTC,2023-02-01,26.89370891457504,28.37869770111992,26.691211446890225,28.031557083129883,63330600
INTC,2023-02-02,28.205123969761672,29.217614863759888,27.77119824992596,29.11154556274414,62230700
INTC,2023-02-03,28.56190702557509,30.05653676373486,28.47512188318245,29.236900329589844,57603100
INTC,2023-02-06,28.841612080471105,28.93921520347328,27.924147564474964,28.002229690551758,48726400
INTC,2023-02-07,27.96318325788295,28.56832103513832,27.748457910663006,28.353593826293945,50780800
INTC,2023-02-08,28.255995442166576,28.421920183249103,27.533733490425252,27.56301498413086,36479100
INTC,2023-02-09,27.992465713494784,28.12910895174248,26.909074719889496,27.06523895263672,43906400
INTC,2023-02-10,26.967639244428643,27.31900974325662,26.68459223496979,27.133563995361328,31232500
INTC,2023-02-13,27.201884444523,27.865581512451172,27.05547884529115,27.865581512451172,32347500
INTC,2023-02-14,27.699657103494793,28.031506572145943,27.31900700894623,27.95342445373535,27928900
INTC,2023-02-15,27.680138731393377,28.187671584208548,27.4849324991859,28.15839195251465,23359400
INTC,2023-02-16,27.816782868384426,28.13887185871126,27.45565188571511,27.523975372314453,28972500
INTC,2023-02-17,27.32876638136803,27.397087999461537,26.723628592380113,26.948116302490234,32086200
INTC,2023-02-21,26.460104035351655,26.616268274114095,25.415754990518632,25.435274124145508,63668400
INTC,2023-02-22,25.288873415269673,26.25514045658167,24.693496020083828,24.859420776367188,89195300
INTC,2023-02-23,25.161986051002106,25.454793514818004,24.71301249664335,24.996061325073242,56473200
INTC,2023-02-24,24.61541083915464,24.742295446145526,24.32260335807878,24.537328720092773,44089900
INTC,2023-02-27,24.93749894033127,24.966780432064013,24.283560517962677,24.303081512451172,37657000
INTC,2023-02-28,24.34212362595629,24.517808854002507,24.13715690602753,24.33236312866211,50255300
INTC,2023-03-01,24.429965139133525,25.298628881302818,24.37140215800737,24.7227725982666,47823400
INTC,2023-03-02,24.605647893222844,25.66951782309745,24.517807146940193,25.571916580200195,48309300
INTC,2023-03-03,25.571919803997503,25.845206297161468,25.38647406819009,25.76712417602539,36744900
INTC,2023-03-06,25.8354456196771,25.903769104117636,25.30839177107945,25.366952896118164,37879800
INTC,2023-03-07,25.220546236351364,25.36694996283118,24.888696796797447,24.917978286743164,43164600
INTC,2023-03-08,24.94725763199998,25.38647066808027,24.83989589333264,25.357189178466797,36071900
INTC,2023-03-09,25.357193984819826,26.333221484111967,25.34743348643194,25.806167602539062,54886100
INTC,2023-03-10,25.913526404132295,26.860274161836333,25.689040551704853,26.56746482849121,65187000
INTC,2023-03-13,26.09897309226763,26.655308426042993,25.97209034627264,26.303939819335938,50977000
INTC,2023-03-14,26.694349744796313,27.42637029431564,26.5967466325355,27.33852767944336,47689800
INTC,2023-03-15,27.065240108074672,27.816781673769935,26.99691848603412,27.728939056396484,49322800
INTC,2023-03-16,27.709416819245153,29.544349342562693,27.709416819245153,29.456506729125977,75779500
INTC,2023-03-17,29.202740580670582,30.25685012340821,28.73424786425932,29.09537696838379,80628500
INTC,2023-03-20,29.085615413340413,29.183218524450513,27.94366329508857,28.46095848083496,38780100
INTC,2023-03-21,28.304798141387217,28.470722894612063,27.309249622038138,27.777742385864258,55650800
INTC,2023-03-22,27.797262227806556,28.42192108190452,27.426372603931718,27.455652236938477,37415500
INTC,2023-03-23,27.69965663211691,28.46095866988316,27.543492397953248,28.334075927734375,43785500
INTC,2023-03-24,28.343837595436273,29.09537730527202,28.236473981906343,28.656166076660156,55912100
INTC,2023-03-27,28.665925923718298,29.01729452630721,28.382877080518664,28.480480194091797,34758200
INTC,2023-03-28,28.382880010159035,28.626886888465634,27.943666884557253,28.587846755981445,37407900
INTC,2023-03-29,29.056337210728525,31.125514332127047,29.046576712975515,30.764385223388672,85556200
INTC,2023-03-30,31.0864762036799,31.79897769251434,31.04743421015485,31.320722579956055,70077600
INTC,2023-03-31,31.037667588947482,32.11129985959346,30.96934597538122,31.886810302734375,59765000
INTC,2023-04-03,32.15034023567914,32.755479885973635,31.759931521528337,32.101539611816406,57038300
INTC,2023-04-04,32.06249646217338,33.02876516195409,32.05273782705385,32.30650329589844,55714100
INTC,2023-04-05,32.01370065253086,32.199148256918505,31.564728904564877,32.04298400878906,39615700
INTC,2023-04-06,31.81849559445088,32.20890809091326,31.681852337663894,32.02346420288086,28551900
INTC,2023-04-10,31.81849392702251,31.974658172773875,31.428085174268755,31.740413665771484,30534400
INTC,2023-04-11,31.877053695966687,32.31626675629937,31.545204241854094,31.57448387145996,27059100
INTC,2023-04-12,31.98441808119869,32.101540325723725,31.19383455334442,31.252397537231445,37070800
INTC,2023-04-13,31.057192349807018,31.65256967447336,30.891267613176623,31.35976219177246,29722300
INTC,2023-04-14,31.23287668611058,31.467124899485984,30.930308714468747,31.125513076782227,24623600
INTC,2023-04-17,31.18407632087801,31.85753388966632,31.008391090194262,31.36952018737793,29601100
INTC,2023-04-18,31.652570501382968,31.68185013344323,31.018153031207433,31.066953659057617,26041400
INTC,2023-04-19,30.35445292927733,30.76438451737318,30.334931934219302,30.40325355529785,25746600
INTC,2023-04-20,30.022603718379475,30.500856931673162,29.973801230314056,30.120206832885742,30255100
INTC,2023-04-21,30.100685067139953,30.100685067139953,29.505307759354345,29.57362937927246,28655800
INTC,2023-04-24,29.407706850060094,29.64195508107446,28.90017398052806,28.948974609375,38732500
INTC,2023-04-25,28.734248368404405,28.861131116549412,28.177913025202002,28.187671661376953,38289900
INTC,2023-04-26,28.499999418369452,29.095374837087064,28.148628975987336,28.353593826293945,41218800
INTC,2023-04-27,28.060787394508164,29.232021004320046,27.826541044870687,29.14417839050293,60186200
INTC,2023-04-28,31.213357863026513,31.789214215921206,30.071405655275562,30.315412521362305,80252400
INTC,2023-05-01,30.3642129110737,30.491095653546697,29.554110246170513,29.57362937927246,36918500
INTC,2023-05-02,29.573630708701103,29.846919062283263,29.036816360963385,29.056337356567383,33463400
INTC,2023-05-03,29.90548074347161,30.3642148405713,29.524830630239645,29.915241241455078,45554500
INTC,2023-05-04,29.83194046852692,31.0863703868526,29.773137664169386,30.61595916748047,46104000
INTC,2023-05-05,30.753159550839502,30.782560950703065,30.116144174445274,30.37095069885254,35024600
INTC,2023-05-08,30.086748325949195,30.223951136941427,29.782939431254807,30.155349731445312,30882800
INTC,2023-05-09,29.773137219066594,29.96914282549875,29.31252647397343,29.49873161315918,30706500
INTC,2023-05-10,29.684935780406107,29.792737178090977,28.90091524959575,29.371326446533203,40526500
INTC,2023-05-11,29.008720353927533,29.08712222504971,28.244300708550234,28.28350257873535,47144400
INTC,2023-05-12,28.450105970430197,28.518707372033433,28.146297092975864,28.3717041015625,24153800
INTC,2023-05-15,28.322700013291,29.234122850780377,28.303099079974526,29.204721450805664,28717500
INTC,2023-05-16,29.028319875818404,29.30272547676297,28.626508202974787,28.636308670043945,22812000
INTC,2023-05-17,28.930316010753835,28.96951600834132,28.107095499689855,28.29330062866211,41667300
INTC,2023-05-18,28.420701403032275,29.165520008938717,28.293299081280814,29.08711814880371,36529200
INTC,2023-05-19,29.00872057033265,29.635935543989117,28.91071776338681,29.332128524780273,40683000
INTC,2023-05-22,29.2537239365525,29.841738854376008,29.224322536424562,29.675134658813477,28693400
INTC,2023-05-23,29.44972911136836,29.59673424999005,28.900916033390814,28.920516967773438,29400900
INTC,2023-05-24,28.72451088886938,28.900915556908675,28.244299219900157,28.420703887939453,28045800
INTC,2023-05-25,27.724887829401666,27.724887829401666,26.323452807345937,26.852664947509766,78009400
INTC,2023-05-26,26.89186654701214,28.5089062219591,26.55865814499301,28.420703887939453,71910600
INTC,2023-05-30,29.106720307092072,29.439928694012156,28.42070260008063,29.390926361083984,54874800
INTC,2023-05-31,29.106722003928486,31.644985050897073,29.07732060245757,30.81196403503418,136243800
INTC,2023-06-01,31.16477023413201,31.301974899480218,30.400352519575563,30.508153915405273,52667400
INTC,2023-06-02,30.772763113636607,30.958968256854796,30.21414955323008,30.684560775756836,36521000
INTC,2023-06-05,30.684561064934964,30.772763403645975,29.234125513850884,29.263526916503906,48244100
INTC,2023-06-06,29.175323279090467,30.82176436940935,29.106721878535176,30.341550827026367,42295300
INTC,2023-06-07,30.41015482791563,30.74336324083592,30.312152023660012,30.655160903930664,39098000
INTC,2023-06-08,30.80216119742528,31.21377144010182,30.439551417514686,31.184370040893555,35199000
INTC,2023-06-09,31.292175114093027,31.35097604666667,30.067144781529084,30.713960647583008,40218000
INTC,2023-06-12,30.772764025508007,32.63480990512271,30.73356402375987,32.40940475463867,59881600
INTC,2023-06-13,33.09542124932797,33.27182592341884,32.4094034876964,33.23262405395508,51990000
INTC,2023-06-14,33.193418478551976,34.888859889360376,33.12481708389755,34.8692626953125,74404300
INTC,2023-06-15,34.575259049742996,35.692486248650205,34.516459979377146,35.10447311401367,67676300
INTC,2023-06-16,35.63367979668896,36.0648890901967,34.88885932604447,35.64347839355469,110240300
INTC,2023-06-20,36.0354973521753,36.36870579508499,34.0264480957329,34.30085372924805,65970200
INTC,2023-06-21,34.222447505414806,34.349851713963076,32.17420026284826,32.242801666259766,70973500
INTC,2023-06-22,32.03699391346735,32.57601028427737,31.488182682818767,32.05659484863281,45740300
INTC,2023-06-23,31.566584883973874,32.78181677941536,31.390180193692107,32.34080505371094,46327100
INTC,2023-06-26,32.527006085935945,33.31102853878273,32.43880374691549,32.67401123046875,38952400
INTC,2023-06-27,32.556408366607485,33.546231262367364,32.35060042282913,33.418827056884766,33038900
INTC,2023-06-28,32.93861593008346,33.13462152950488,32.370200065610916,32.8994140625,33906900
INTC,2023-06-29,32.67400853399177,32.67400853399177,31.840989419708507,32.25259780883789,38313000
INTC,2023-06-30,32.693614609871595,32.88962023773701,32.49760898200617,32.77201461791992,33811300
INTC,2023-07-03,32.87001385382122,33.21302084186965,32.4780026630552,32.94841384887695,15753000
INTC,2023-07-05,32.644612452061054,32.66421338768522,31.85079138251512,31.8605899810791,37664700
INTC,2023-07-06,31.262773722505944,31.399978390882627,30.753160655387852,31.331375122070312,41693600
INTC,2023-07-07,31.36077891206632,31.76258874233732,31.184374231606252,31.213775634765625,28356300
INTC,2023-07-10,31.233369110265368,32.174193224925055,31.135366325723037,32.08599090576172,36305700
INTC,2023-07-11,32.16439638362285,32.69361038898678,31.850788914924802,32.63480758666992,28148800
INTC,2023-07-12,33.01701582353505,33.399228423535064,32.399603234257164,33.30122375488281,37762200
INTC,2023-07-13,33.46782974323811,33.61483113812526,32.948414346848494,33.19342041015625,32745800
INTC,2023-07-14,33.10521309299597,33.193415412045496,32.340795486896894,32.48780059814453,30438700
INTC,2023-07-17,32.49760504848202,33.9088386690032,32.40940271354346,33.683433532714844,34111200
INTC,2023-07-18,33.595234049980164,34.006846227470966,33.1542260763421,33.81084060668945,29662200
INTC,2023-07-19,33.71283408863307,34.14404339222299,33.64423269348231,33.77163314819336,26486700
INTC,2023-07-20,33.02681707579284,33.52662778478136,32.56620449448299,32.703407287597656,37878000
INTC,2023-07-21,33.05622323437078,33.56583638133471,32.75241431834523,33.340431213378906,79737000
INTC,2023-07-24,33.164021822645815,33.77163583016144,32.88961622025087,32.95821762084961,25225800
INTC,2023-07-25,33.026819580894006,33.654034533276025,32.732813039276934,33.418827056884766,31771100
INTC,2023-07-26,33.04642240194962,33.84023973578182,33.02682146625675,33.67363739013672,32643200
INTC,2023-07-27,34.12444357049192,34.330247762644376,33.42862726074078,33.85983657836914,58890800
INTC,2023-07-28,36.0158917659717,36.251099234687665,34.80066003151501,36.094295501708984,90863000
INTC,2023-07-31,36.13349081102357,36.44709825250526,34.957461036219414,35.05546569824219,55630700
INTC,2023-08-01,35.104466502664245,35.300472090127435,34.575252538062315,35.08486557006836,24702200
INTC,2023-08-02,34.44785397276639,34.47725350402442,33.59523018132506,33.703033447265625,39052000
INTC,2023-08-03,33.605030748039106,34.3302465631894,33.44822702542588,34.17344284057617,24817900
INTC,2023-08-04,33.912804010161636,34.97503982551623,33.912804010161636,34.561946868896484,26674900
INTC,2023-08-07,34.827510057729505,34.965206476031334,34.17836712005945,34.65047073364258,22486900
INTC,2023-08-08,34.09967539747068,34.52260218148307,33.303002329125064,34.44392013549805,34753600
INTC,2023-08-09,34.4242522169312,34.52260572248699,33.66691821792523,33.716094970703125,28720200
INTC,2023-08-10,34.129187595095544,34.512771515517244,33.91280538277738,34.10951614379883,30957300
INTC,2023-08-11,33.89313607745299,34.37507728487278,33.79478256668778,34.316062927246094,28783700
INTC,2023-08-14,34.09967578017183,35.12256865307454,33.90296878702895,35.09306335449219,36896100
INTC,2023-08-15,34.82750763483381,35.04388984965245,34.17836474232362,34.198036193847656,27420300
INTC,2023-08-16,33.952147893919765,34.06033899883146,32.90958349888829,32.978431701660156,35757300
INTC,2023-08-17,33.007946130560555,33.03745143599841,31.817847534634716,32.0440673828125,39906700
INTC,2023-08-18,31.6998228192101,32.368637262189935,31.650646059097586,32.21126937866211,23701100
INTC,2023-08-21,32.063730695957865,32.6243539342114,31.49327360788662,32.5948486328125,43718200
INTC,2023-08-22,32.67353419723266,33.243991281080426,32.289950274103944,32.348960876464844,23425300
INTC,2023-08-23,32.3391283425487,33.58823741993685,32.26044253360494,33.4210319519043,32324300
INTC,2023-08-24,33.165306572463045,33.52921901502571,31.955540545609786,32.05389404296875,37931000
INTC,2023-08-25,31.99488006649483,32.85057126166723,31.817840767627814,32.70303726196289,27324800
INTC,2023-08-28,32.948930596902564,33.22432344305988,32.66370014798469,33.06695556640625,22341800
INTC,2023-08-29,32.9390909589082,33.91280335214455,32.919419508789375,33.745601654052734,29943600
INTC,2023-08-30,33.499716745329984,34.089845286735404,33.22432017432113,33.96198272705078,26279200
INTC,2023-08-31,33.75543615810306,34.97503982551623,33.73576470760254,34.561946868896484,48157600
INTC,2023-09-01,35.20125600982714,36.14546312570516,35.142241658105185,36.00776672363281,43808500
INTC,2023-09-05,35.978262259449934,36.794606841531916,35.860233553264436,36.10612106323242,43379400
INTC,2023-09-06,35.958591984060924,36.43069556840109,35.437307894562714,36.371681213378906,39643400
INTC,2023-09-07,36.22414618172884,37.70930494398724,36.14546038539832,37.551937103271484,67659700
INTC,2023-09-08,37.492922385637634,38.1912456893639,37.089667063290605,37.38473129272461,44255200
INTC,2023-09-11,37.61095536569803,38.10273038812013,37.217533846982086,37.955196380615234,36349300
INTC,2023-09-12,38.014208121309835,39.410847288064396,38.014208121309835,38.22075271606445,55326600
INTC,2023-09-13,38.161738948696225,38.50598369714907,37.620787203350865,38.073219299316406,35407800
INTC,2023-09-14,38.17157848394199,38.26009813780729,37.66996586139009,38.033878326416016,30616500
INTC,2023-09-15,37.78798821922227,37.88634546783916,37.00114899001414,37.256874084472656,68881200
INTC,2023-09-18,37.00115410078736,37.75848813598966,36.892962988337615,37.36507034301758,29322200
INTC,2023-09-19,37.41424629005267,37.473256894153685,35.42747465982539,35.742210388183594,53288100
INTC,2023-09-20,35.62418458541059,35.653689886763196,34.06033983064438,34.11935043334961,57660800
INTC,2023-09-21,34.00132365845407,34.67013796763067,33.893132556683504,34.08000946044922,45240600
INTC,2023-09-22,34.237378206180104,34.316060258283514,33.578397729078986,33.617740631103516,29232700
INTC,2023-09-25,33.44070265186533,33.804615130179045,33.21448658415974,33.72593307495117,21729400
INTC,2023-09-26,33.57840048571023,34.20787196199683,33.08662542586809,33.273502349853516,34198300
INTC,2023-09-27,33.362016538710535,34.25705070334605,33.322677387430296,34.04066848754883,44369100
INTC,2023-09-28,34.080011321617654,35.073395238410804,33.8144523532997,34.60129165649414,32265300
INTC,2023-09-29,35.06355958434724,35.31928093774724,34.58161842547019,34.96520233154297,28763700
INTC,2023-10-02,35.024216283042065,35.388128734395956,34.40457872926451,34.87668228149414,26086200
INTC,2023-10-03,34.68981222072873,35.93892128872603,34.68981222072873,35.102901458740234,45292600
INTC,2023-10-04,35.919249626936264,35.919249626936264,34.74882637412426,35.33895492553711,39842200
INTC,2023-10-05,35.37829594163346,35.50615474471777,35.01437972746714,35.29961013793945,25771200
INTC,2023-10-06,35.279937456828144,35.86023210702724,34.6012893073867,35.59467315673828,33262200
INTC,2023-10-09,35.11273733222375,35.57500330172597,34.9160265729728,35.46681594848633,19376100
INTC,2023-10-10,35.54549622447423,36.135628472732584,35.220926677085785,35.830726623535156,24044100
INTC,2023-10-11,36.017601759836104,36.42085713002743,35.781551849060826,36.2733268737793,19262600
INTC,2023-10-12,36.1946391857841,36.60773213606729,35.79138383657303,36.23398208618164,23639200
INTC,2023-10-13,36.13562987431227,36.184806625588166,35.27010479446316,35.3782958984375,28390100
INTC,2023-10-16,35.54549848592473,36.3323377817168,35.4864878837064,35.95859146118164,29555800
INTC,2023-10-17,35.3291157906487,35.75204260985726,34.493099753764234,35.46681594848633,24993600
INTC,2023-10-18,34.935701230683776,35.42747629797615,34.86685302141852,35.05372619628906,22086000
INTC,2023-10-19,35.36845948464315,35.76188101195215,34.93569880615984,35.083229064941406,29201800
INTC,2023-10-20,35.06355673654869,35.68319049513508,34.29638523476586,34.34556198120117,32303300
INTC,2023-10-23,34.03083353818108,34.61112827418337,32.840738762430185,33.29317092895508,53924700
INTC,2023-10-24,33.08662651363912,34.13902487614475,33.08662651363912,34.020999908447266,52673900
INTC,2023-10-25,33.61774244801486,33.88330142311442,32.01455474735268,32.28995132446289,44658500
INTC,2023-10-26,32.348956906401725,32.67353018733591,31.621132052338513,31.985044479370117,59142500
INTC,2023-10-27,34.089846708185235,35.78155410027395,34.03083235080565,34.95537185668945,84128200
INTC,2023-10-30,34.88652298966338,35.36846043401013,34.34556743710664,35.102901458740234,36656300
INTC,2023-10-31,35.07339587318911,35.96842630026138,35.034052969330894,35.89957809448242,41185200
INTC,2023-11-01,35.899576894944936,36.706087637360646,35.68319468290073,36.67658233642578,41710700
INTC,2023-11-02,36.961816645651155,37.19786658188791,36.30283609043588,37.07984161376953,35440000
INTC,2023-11-03,37.37490353236572,37.68963926195629,37.0503302007559,37.51259994506836,30502700
INTC,2023-11-06,37.51753039356866,37.69515182541967,37.349775146028286,37.448455810546875,23877200
INTC,2023-11-07,37.73462737269627,38.385904758025376,37.47806138691897,38.25762176513672,32052000
INTC,2023-11-08,38.336563335089636,38.37603560514898,37.251102258437705,37.418853759765625,33483400
INTC,2023-11-09,37.54713395026264,38.010923678104184,37.27083560905453,37.300437927246094,48955800
INTC,2023-11-10,37.73462662816008,38.47471472253525,37.73462662816008,38.346431732177734,38862500
INTC,2023-11-13,37.84317119390614,38.060264914615274,37.63594742283806,37.72475814819336,24558300
INTC,2023-11-14,38.28722502524342,38.96810851136614,37.56687303319415,38.889163970947266,45457400
INTC,2023-11-15,39.066786699804304,40.300266952053384,39.05692051407083,40.073307037353516,47392100
INTC,2023-11-16,40.45815070157873,42.82643419957941,40.280529251014535,42.77709197998047,86405700
INTC,2023-11-17,42.34290702568293,43.231014251708984,41.99753408460766,43.231014251708984,49735000
INTC,2023-11-20,43.20140797728784,44.33621123172494,43.20140797728784,44.14872360229492,44564900
INTC,2023-11-21,43.91189408463174,44.06977939593776,42.72775236769523,43.06325912475586,37252100
INTC,2023-11-22,43.44810406483085,44.04017680174799,42.96458194884538,43.09286117553711,31481200
INTC,2023-11-24,43.10273376608708,43.41850440607957,43.03365917385641,43.379032135009766,13037100
INTC,2023-11-27,43.07313047380296,43.96123396715262,43.07313047380296,43.4974479675293,33339900
INTC,2023-11-28,43.11259769740228,43.79348116276332,43.082995377789274,43.64546203613281,24548900
INTC,2023-11-29,44.010574000041906,44.74079596740847,44.010574000041906,44.3460807800293,38982000
INTC,2023-11-30,44.05991066386225,44.494094303784046,43.82308082845238,44.109249114990234,46263000
INTC,2023-12-01,43.77374666363665,43.77374666363665,42.29357039916354,43.16194152832031,43928400
INTC,2023-12-04,42.72775176074531,42.73762170997078,41.13902872088735,41.790306091308594,50417600
INTC,2023-12-05,41.35612349986118,41.731102530170645,41.06008900826224,41.365989685058594,31859300
INTC,2023-12-06,41.91859060045017,42.027137460168056,40.6259019977016,40.72458267211914,31992300
INTC,2023-12-07,41.19823756920078,41.87911726610087,40.6357709143088,41.592952728271484,29118700
INTC,2023-12-08,41.28704997543026,42.39224719590146,41.257447654791754,42.135684967041016,42815000
INTC,2023-12-11,42.58960325966863,44.138854055701096,42.51066248602941,43.95136642456055,48288200
INTC,2023-12-12,43.77374793940317,43.85268871838199,43.05339592141253,43.457977294921875,31452200
INTC,2023-12-13,43.497446358514516,44.128987600899464,42.75735825929165,43.9809684753418,35216100
INTC,2023-12-14,44.41515336581766,46.44793008966711,44.05991423037119,44.582908630371094,70620800
INTC,2023-12-15,45.33286355275876,46.64528830971267,45.06643137433316,45.549957275390625,84583400
INTC,2023-12-18,45.540089950920446,45.61903072535941,44.800001839676554,45.08616638183594,27895700
INTC,2023-12-19,44.99735762171038,46.06308635526833,44.908546893913886,46.04335021972656,35358800
INTC,2023-12-20,46.02361017386815,46.32951460235054,45.09603446791247,45.15523910522461,38159100
INTC,2023-12-21,45.865729041858266,46.497270325887236,45.411809214497815,46.457801818847656,28320500
INTC,2023-12-22,46.625550627708435,47.52352404478188,46.57621217355154,47.365638732910156,30095700
INTC,2023-12-26,48.27347887400653,49.852335774632216,48.06625510566455,49.83259963989258,60287400
INTC,2023-12-27,49.96088169222299,50.60228911990351,49.52669426469732,50.08916091918945,52148000
INTC,2023-12-28,50.13850757372686,50.197712217786155,49.497096325008705,49.724056243896484,27705200
INTC,2023-12-29,49.63524162200012,49.9016737922272,49.11224723097072,49.58590316772461,29288700
INTC,2024-01-02,48.54978086907395,48.727402316983216,46.82290860884264,47.16828155517578,45905700
INTC,2024-01-03,46.47753059186372,47.178150178605605,46.18149610842996,46.428192138671875,35858400
INTC,2024-01-04,45.11577268702602,46.536740512433994,44.64211674522337,46.250572204589844,47797800
INTC,2024-01-05,46.40845480462325,47.197885092412385,46.023609609681465,46.27030563354492,34344000
INTC,2024-01-08,46.44792921427588,48.115593057371974,46.34925230589207,47.8096923828125,42135100
INTC,2024-01-09,47.37550575760561,47.91824005579795,47.16828198790462,47.41497802734375,30097000
INTC,2024-01-10,47.602471844269466,47.66167648760095,46.31964936260299,46.842647552490234,31480200
INTC,2024-01-11,46.81303747245537,47.207752627642286,46.112421648067155,47.01039505004883,31707900
INTC,2024-01-12,46.97092462298027,47.03999921320337,45.994010410234836,46.49726867675781,27587900
INTC,2024-01-16,46.35912384264608,46.595953720102386,45.767054795430106,46.43806838989258,43720700
INTC,2024-01-17,45.80651781369869,45.80651781369869,45.04669734109243,45.45127868652344,33488000
INTC,2024-01-18,46.408456099754304,46.94132042959796,45.55982115169575,46.122291564941406,46681300
INTC,2024-01-19,46.37885337888682,48.115591764024586,45.82625291965619,47.51365661621094,55979800
INTC,2024-01-22,48.20440832614263,48.52017897988624,47.01040030640689,47.58273696899414,45639500
INTC,2024-01-23,47.48405314919019,48.29321586647265,46.6946265669979,48.24387741088867,37224100
INTC,2024-01-24,48.520175364034515,49.1122481188933,47.6320718781706,48.44123458862305,49375800
INTC,2024-01-25,49.33920665843677,49.63524114553085,48.32282020584345,48.8951530456543,84845100
INTC,2024-01-26,43.5961221183612,44.80986611742092,42.77708950325992,43.07312774658203,127665300
INTC,2024-01-29,43.1323333119092,43.40863542733626,42.24422985568122,43.260616302490234,51790900
INTC,2024-01-30,43.09286371528312,43.24088284930683,42.32317325263891,42.35277557373047,47958800
INTC,2024-01-31,42.00740006513206,43.21127790693192,41.80017630149584,42.51066207885742,51584200
INTC,2024-02-01,42.57974063356224,42.99418819944557,41.92846319840053,42.786964416503906,38819900
INTC,2024-02-02,42.43171772242148,42.56986689876739,41.05021843039699,42.03700256347656,53683500
INTC,2024-02-05,42.05674236653994,42.57974056240648,41.86925472004171,42.20476150512695,28890300
INTC,2024-02-06,42.259190564805955,42.3383627277486,41.70497032294128,42.29877853393555,34068200
INTC,2024-02-07,42.44722867727391,42.65505985674417,42.11073848299591,42.33836364746094,34269200
INTC,2024-02-08,42.278986473496566,42.52640562884181,41.89301319520865,42.061256408691406,33206500
INTC,2024-02-09,42.1107358690328,43.07072331744834,41.96228665376166,42.862892150878906,51193000
INTC,2024-02-12,42.94206612066388,44.57503398469183,42.87278906222066,43.57545852661133,51107300
INTC,2024-02-13,42.55609129641815,43.17958857482636,42.31856726525242,42.714439392089844,36622200
INTC,2024-02-14,43.36762733344154,43.83277653306883,42.94206610299881,43.73380661010742,36186200
INTC,2024-02-15,44.29792246284209,44.802659637413264,43.56556390115373,43.595252990722656,44024500
INTC,2024-02-16,43.57546147103312,43.76350244978494,42.67485587510025,43.060829162597656,29975300
INTC,2024-02-20,43.80308389081493,44.703689430093235,42.97175541030291,44.060401916503906,61514100
INTC,2024-02-21,44.020815778072794,44.22864696301597,42.6352707698016,43.021244049072266,57485200
INTC,2024-02-22,44.218751667634606,44.218751667634606,42.090945425277404,42.53630065917969,62809300
INTC,2024-02-23,42.68475009500671,43.060824460813436,42.21960091454698,42.54619598388672,33810700
INTC,2024-02-26,43.05092935658332,43.22907143525656,42.3779490094436,42.54619598388672,27035400
INTC,2024-02-27,42.803511664108804,42.82330564855216,42.07114934097092,42.28887939453125,25126400
INTC,2024-02-28,42.001869966492016,42.011768845825976,41.477342621281004,41.5565185546875,26928500
INTC,2024-02-29,41.93259519224425,42.704545483662436,41.922700087688604,42.60557556152344,48875100
INTC,2024-03-01,42.96186273403715,43.812985247351655,42.684754483308424,43.36763000488281,41426100
INTC,2024-03-04,43.812985667301724,46.12882917502045,43.39731951190769,45.13915252685547,59990800
INTC,2024-03-05,44.09998806070443,44.406785372452866,42.249290209353326,42.714439392089844,56655100
INTC,2024-03-06,43.476492325656736,45.04017935400904,43.11031304928887,44.05050277709961,52652000
INTC,2024-03-07,45.07976813297767,45.94078571326764,44.71358885003174,45.67357635498047,50378200
INTC,2024-03-08,45.960578190502105,46.14861915352694,43.54576873779297,43.54576873779297,54916600
INTC,2024-03-11,43.4171110598047,44.46616960706335,43.20927988143693,44.39689254760742,35051000
INTC,2024-03-12,44.59483001268361,44.80266119753635,44.00102177341143,44.772972106933594,31795800
INTC,2024-03-13,44.0505029236892,44.51565212448583,42.75402901982607,42.78371810913086,53195900
INTC,2024-03-14,42.783718164719176,42.90247829740919,42.07114981794601,42.30867385864258,38100000
INTC,2024-03-15,42.011769033672145,42.70454335281141,41.912799116471504,42.199806213378906,66952900
INTC,2024-03-18,42.64516692858036,42.93217406267901,42.16022370974758,42.26908874511719,27668300
INTC,2024-03-19,41.81383419719672,41.853422165234505,41.01219483335548,41.61589813232422,34673000
INTC,2024-03-20,42.54619626656077,42.5659864751525,40.98250551566579,41.76435089111328,74865000
INTC,2024-03-21,42.546197673998094,43.149897214242884,41.883112404748005,41.982078552246094,50807600
INTC,2024-03-22,41.81383511044879,42.35815646924932,41.65548701015561,42.130531311035156,28503100
INTC,2024-03-25,40.46787585904025,41.78414755859529,40.15117964680319,41.39817428588867,47276500
INTC,2024-03-26,41.51693058798425,41.83362677097765,41.229923492360136,41.5565185546875,39109700
INTC,2024-03-27,42.100843972465064,43.37752770777571,42.061256001916675,43.318145751953125,51017800
INTC,2024-03-28,43.30824490459669,44.139573371770645,43.25876183131705,43.714012145996094,54204200
INTC,2024-04-01,43.832776755512306,44.94121347108948,43.72391172736055,44.060401916503906,31712600
INTC,2024-04-02,43.47649024130356,43.62494323084944,43.05092903160946,43.486385345458984,32748400
INTC,2024-04-03,40.97261569281679,41.22003486058666,39.80479691891767,39.91366195678711,83718000
INTC,2024-04-04,40.170973402908174,40.3590105980652,39.29016183168939,39.31985092163086,57307200
INTC,2024-04-05,38.943775305343,39.0526403426771,38.11244675471166,38.31038284301758,67263000
INTC,2024-04-08,38.24110374178147,38.4588338048539,37.518640266960844,37.58791732788086,56967800
INTC,2024-04-09,37.65719128751643,38.18172241669127,36.94462675169194,37.934303283691406,78671700
INTC,2024-04-10,37.62750590872153,37.82544198969589,36.63782927916647,36.81597137451172,51108400
INTC,2024-04-11,37.04359529776712,37.28111556667766,36.697209999223986,37.24153137207031,41909100
INTC,2024-04-12,36.311232680000735,36.32113156006494,35.23248504731364,35.321556091308594,80254800
INTC,2024-04-15,35.66794464775069,36.32113103584749,35.519491651462836,35.935157775878906,50751600
INTC,2024-04-16,35.895568587837126,36.13308884345184,35.390831437852185,35.88566970825195,30607500
INTC,2024-04-17,35.727323119111105,35.757015983802184,35.00485966690412,35.31166076660156,41173300
INTC,2024-04-18,35.054342816560656,35.29186685801872,34.41105530172058,34.67826843261719,42334400
INTC,2024-04-19,34.76733858919146,34.76733858919146,33.82714510268787,33.84693908691406,59070300
INTC,2024-04-22,34.06466652813322,34.213119527250065,33.72818011072603,34.054771423339844,39909900
INTC,2024-04-23,33.98549508463159,34.242809343199326,33.82714697736298,33.92611312866211,46834000
INTC,2024-04-24,34.50012494991297,34.816821142169815,33.9854926936665,34.14384078979492,53261100
INTC,2024-04-25,34.203222002242924,34.93558051526241,34.14384005173473,34.74754333496094,66549400
INTC,2024-04-26,31.45192381651619,31.907176045518334,30.323691180607266,31.55088996887207,119742500
INTC,2024-04-29,31.531096996193742,31.580580070998817,30.74925157819707,31.036258697509766,58533300
INTC,2024-04-30,30.719562342327688,30.858116461249818,30.105962024307132,30.155445098876953,72346400
INTC,2024-05-01,29.858542429729663,30.719561883042896,29.710091320581384,30.05647850036621,60654800
INTC,2024-05-02,30.274206169169542,30.353380218588107,29.87833592207671,30.195032119750977,50899400
INTC,2024-05-03,30.660179145133664,30.739353193831782,30.383070918519365,30.581005096435547,36794800
INTC,2024-05-06,30.923832433223346,31.003328068462462,30.536289553022886,30.774776458740234,36185600
INTC,2024-05-07,30.894020047360957,31.251751344198457,30.417046248461222,30.486604690551758,44683400
INTC,2024-05-08,29.81089210510254,29.959946186562956,29.5425936212785,29.81089210510254,63734600
INTC,2024-05-09,29.741332600527656,30.198432020098114,29.622088202412307,29.90032386779785,45003400
INTC,2024-05-10,30.138812358464122,30.267992059188092,29.65190133984991,29.66183853149414,42931300
INTC,2024-05-13,29.84070274039695,30.933767233590086,29.810891166912885,30.317676544189453,51459100
INTC,2024-05-14,30.42698497721072,30.913895991776922,30.417047785649103,30.854272842407227,47759900
INTC,2024-05-15,31.182192737724716,31.202067120946793,30.615786083174033,31.072887420654297,36992900
INTC,2024-05-16,31.430616301444132,32.056644199568396,31.32131098625367,31.828094482421875,47752800
INTC,2024-05-17,31.8579079970722,31.907592059017553,31.390869475353796,31.629356384277344,41449800
INTC,2024-05-20,31.649231369928607,32.21563613099912,31.55979854046339,31.897653579711914,31989000
INTC,2024-05-21,31.77840961678809,32.036772797045785,31.420680210618762,31.5399227142334,42975400
INTC,2024-05-22,31.708852003298507,31.867843275827525,30.90395844920465,31.221940994262695,36706400
INTC,2024-05-23,31.25175143532453,31.37099393773446,29.68171125454082,29.8903865814209,62014500
INTC,2024-05-24,30.099064079939822,30.82446197812326,29.94007091639133,30.526351928710938,42434500
INTC,2024-05-28,30.744967620329465,31.172257382164105,30.466731941725964,30.86421012878418,36799100
INTC,2024-05-29,30.277928026901556,30.476668061101428,29.920198618797393,29.94007110595703,35848600
INTC,2024-05-30,30.019567311756507,30.307740177296864,29.870513230933255,29.99969482421875,33351000
INTC,2024-05-31,30.029504942197292,30.76484006095746,29.75127115934644,30.655534744262695,95797500
INTC,2024-06-03,30.83439895760554,30.874145826725712,29.86057507726836,30.099063873291016,35544900
INTC,2024-06-04,30.556164699264862,30.556164699264862,29.75127113543878,29.8407039642334,51027200
INTC,2024-06-05,30.079190259300518,30.645596899838363,29.820828969781854,30.585975646972656,44161700
INTC,2024-06-06,30.35742448048119,30.397173246523653,29.96988348819456,30.22824478149414,34248100
INTC,2024-06-07,30.059315502581093,30.585975266431074,30.019566737614863,30.546226501464844,34085500
INTC,2024-06-10,30.35742334809095,30.75490341238691,30.099063959754154,30.71515464782715,37396500
INTC,2024-06-11,30.57603785729381,30.834399141756844,30.337550955172254,30.7250919342041,25326900
INTC,2024-06-12,31.26168740752887,31.281561790135704,30.198432577294135,30.56610107421875,51323900
INTC,2024-06-13,30.18849638192882,30.387236423902817,29.950009468755333,30.26799201965332,33787200
INTC,2024-06-14,30.099065365610674,30.36736195761891,30.01956783277801,30.258056640625,28125900
INTC,2024-06-17,30.14874866124054,30.804588127819695,29.989757390271375,30.784713745117188,36235300
INTC,2024-06-18,30.79465147966915,31.27162530099019,30.307740466821567,30.436920166015625,33294700
INTC,2024-06-20,30.367361637990363,30.913895798509436,30.258056322146935,30.426984786987305,43826300
INTC,2024-06-21,30.65553318086021,31.162318553482905,30.476667532249213,30.894020080566406,90795200
INTC,2024-06-24,30.943704994449813,31.221940666114026,30.337551485050767,30.37729835510254,40611800
INTC,2024-06-25,30.506479631824043,30.635659327313434,30.099064267547327,30.546226501464844,29323600
INTC,2024-06-26,30.446856525218326,30.48660529023788,30.079189925414628,30.347488403320312,30743000
INTC,2024-06-27,30.228244464597882,30.466731372376067,30.099064766965085,30.397172927856445,30184300
INTC,2024-06-28,30.556163935664028,31.11263338233784,30.526352361702315,30.774776458740234,41467700
INTC,2024-07-01,30.71515590338328,30.824463115065406,30.417047738300834,30.645597457885742,32401800
INTC,2024-07-02,30.66547207706199,31.112634328128223,30.39717358922695,30.874147415161133,35999300
INTC,2024-07-03,30.923832959411207,31.14244548620724,30.71515572877935,31.033138275146484,24065700
INTC,2024-07-05,31.2020665029894,32.13614164734713,31.112633675586775,31.818159103393555,45309400
INTC,2024-07-08,32.82179017277948,33.87510969875,32.613114843025684,33.77574157714844,82315900
INTC,2024-07-09,34.79924945469186,34.99798949894323,33.507444853034585,34.3719596862793,97546900
INTC,2024-07-10,34.22290250728898,34.7495641747144,33.91485905060243,34.65019226074219,52256200
INTC,2024-07-11,34.809184100885474,34.928430399599435,33.10002884981283,33.2888298034668,55213700
INTC,2024-07-12,33.55712801341558,35.25634795426933,33.55712801341558,34.27259063720703,62792600
INTC,2024-07-15,34.48126375284248,35.00792159998404,34.093722786783545,34.242774963378906,39847900
INTC,2024-07-16,34.143409539494236,34.232842368767805,33.626686947097056,34.12353515625,28409900
INTC,2024-07-17,35.85256576329393,36.925755839253235,34.18315560900105,34.242774963378906,112304200
INTC,2024-07-18,34.73962508799172,36.07117841001198,34.31233533453851,34.65019226074219,84188600
INTC,2024-07-19,34.35208356711346,34.362022653681926,32.64292457982029,32.7721061706543,69628700
INTC,2024-07-22,33.07021606470152,33.19939766232487,32.55349346485917,33.15964889526367,48503700
INTC,2024-07-23,32.75223342263411,33.020531913608885,32.623055616004486,32.7422981262207,29466400
INTC,2024-07-24,32.32494148650973,32.59323995949019,31.460426711784343,31.50017547607422,62216700
INTC,2024-07-25,31.17225584068728,31.78834652633028,30.754903291082982,30.90395736694336,49774000
INTC,2024-07-26,31.23187753157216,31.361057227049322,30.824462167334016,31.152381896972656,38352500
INTC,2024-07-29,31.221941203638227,31.27162526588968,30.595913300772725,30.63566017150879,32342200
INTC,2024-07-30,30.655533712816226,30.715154964946016,29.820828601697457,29.94007110595703,48256600
INTC,2024-07-31,30.34748836260998,30.675408092279664,30.08912707630577,30.546226501464844,56110600
INTC,2024-08-01,30.238180548162198,30.516414316046976,28.70788724349436,28.866878509521484,107672500
INTC,2024-08-02,21.801700111553938,21.8414469830145,20.291281089542203,21.3445987701416,300895900
INTC,2024-08-05,20.072667229540986,20.26146817330116,19.168403693593557,19.983234405517578,147385700
INTC,2024-08-06,20.191910941842604,20.4999563012095,19.62550428595571,19.704999923706055,106670400
INTC,2024-08-07,19.920000076293945,20.25,18.950000762939453,18.989999771118164,97972300
INTC,2024-08-08,19.100000381469727,20.549999237060547,18.84000015258789,20.489999771118164,96836800
INTC,2024-08-09,20.079999923706055,20.149999618530273,19.5,19.709999084472656,76394500
INTC,2024-08-12,19.8700008392334,19.969999313354492,19.0,19.360000610351562,54677600
INTC,2024-08-13,19.479999542236328,20.479999542236328,19.469999313354492,20.469999313354492,77511300
INTC,2024-08-14,20.489999771118164,20.5,19.790000915527344,19.920000076293945,56758200
INTC,2024-08-15,20.31999969482422,21.059999465942383,20.229999542236328,20.690000534057617,84814900
INTC,2024-08-16,20.530000686645508,20.899999618530273,20.40999984741211,20.8700008392334,48582700
INTC,2024-08-19,20.889999389648438,21.860000610351562,20.84000015258789,21.520000457763672,65956300
INTC,2024-08-20,21.209999084472656,21.229999542236328,20.81999969482422,20.989999771118164,84161300
INTC,2024-08-21,21.06999969482422,21.440000534057617,21.06999969482422,21.40999984741211,57028900
INTC,2024-08-22,21.389999389648438,21.399999618530273,20.040000915527344,20.100000381469727,81444700
INTC,2024-08-23,20.31999969482422,20.93000030517578,20.260000228881836,20.540000915527344,73398400
INTC,2024-08-26,20.530000686645508,20.559999465942383,19.950000762939453,20.1299991607666,58534800
INTC,2024-08-27,20.1299991607666,20.260000228881836,19.84000015258789,20.06999969482422,43862000
INTC,2024-08-28,19.979999542236328,20.110000610351562,19.510000228881836,19.610000610351562,50144900
INTC,2024-08-29,19.760000228881836,20.600000381469727,19.75,20.1299991607666,64529700
INTC,2024-08-30,21.25,22.1200008392334,21.0,22.040000915527344,177785400
INTC,2024-09-03,21.540000915527344,21.690000534057617,19.989999771118164,20.100000381469727,115305500
INTC,2024-09-04,19.760000228881836,20.049999237060547,19.280000686645508,19.43000030517578,85871900
INTC,2024-09-05,19.280000686645508,19.899999618530273,19.239999771118164,19.399999618530273,65388800
INTC,2024-09-06,19.440000534057617,19.489999771118164,18.639999389648438,18.889999389648438,92686500
INTC,2024-09-09,19.0,19.540000915527344,18.950000762939453,19.06999969482422,64244100
INTC,2024-09-10,19.030000686645508,19.110000610351562,18.510000228881836,18.979999542236328,55621300
INTC,2024-09-11,19.010000228881836,19.690000534057617,18.520000457763672,19.639999389648438,71403100
INTC,2024-09-12,19.43000030517578,19.540000915527344,19.040000915527344,19.360000610351562,51520600
INTC,2024-09-13,19.489999771118164,19.799999237060547,19.489999771118164,19.65999984741211,44236300
INTC,2024-09-16,20.030000686645508,21.06999969482422,19.760000228881836,20.90999984741211,149337000
INTC,2024-09-17,21.709999084472656,22.579999923706055,21.239999771118164,21.469999313354492,196249800
INTC,2024-09-18,21.360000610351562,21.739999771118164,20.719999313354492,20.770000457763672,118727900
INTC,2024-09-19,21.280000686645508,21.690000534057617,21.030000686645508,21.139999389648438,99829200
INTC,2024-09-20,20.889999389648438,23.139999389648438,20.350000381469727,21.84000015258789,260377900
INTC,2024-09-23,22.43000030517578,22.81999969482422,22.030000686645508,22.559999465942383,184439100
INTC,2024-09-24,22.530000686645508,23.110000610351562,22.290000915527344,22.809999465942383,113082500
INTC,2024-09-25,22.799999237060547,24.059999465942383,22.729999542236328,23.540000915527344,117013400
INTC,2024-09-26,24.280000686645508,24.420000076293945,23.25,23.920000076293945,95416900
INTC,2024-09-27,24.15999984741211,24.65999984741211,23.700000762939453,23.90999984741211,85883300
INTC,2024-09-30,23.739999771118164,23.950000762939453,23.09000015258789,23.459999084472656,66308200
INTC,2024-10-01,23.459999084472656,23.719999313354492,22.260000228881836,22.690000534057617,86344400
INTC,2024-10-02,22.670000076293945,23.06999969482422,22.350000381469727,22.389999389648438,59033900
INTC,2024-10-03,22.139999389648438,22.729999542236328,21.649999618530273,22.260000228881836,49565900
INTC,2024-10-04,22.700000762939453,22.90999984741211,22.299999237060547,22.59000015258789,49845500
INTC,2024-10-07,22.399999618530273,22.649999618530273,22.020000457763672,22.3799991607666,54928700
INTC,2024-10-08,22.25,23.420000076293945,22.049999237060547,23.31999969482422,58650500
INTC,2024-10-09,23.25,23.479999542236328,23.059999465942383,23.459999084472656,44759000
INTC,2024-10-10,23.190000534057617,23.530000686645508,22.959999084472656,23.219999313354492,44874600
INTC,2024-10-11,23.049999237060547,23.81999969482422,22.979999542236328,23.559999465942383,43585300
INTC,2024-10-14,23.579999923706055,23.770000457763672,23.270000457763672,23.440000534057617,35403600
INTC,2024-10-15,23.40999984741211,23.719999313354492,22.469999313354492,22.65999984741211,68900600
INTC,2024-10-16,22.3799991607666,22.540000915527344,21.739999771118164,22.309999465942383,62151800
INTC,2024-10-17,22.719999313354492,22.81999969482422,22.399999618530273,22.440000534057617,43807600
INTC,2024-10-18,22.610000610351562,22.81999969482422,22.5,22.770000457763672,39971700
INTC,2024-10-21,22.610000610351562,22.8799991607666,22.25,22.84000015258789,39727000
INTC,2024-10-22,22.729999542236328,22.81999969482422,22.170000076293945,22.399999618530273,50160400
INTC,2024-10-23,22.299999237060547,22.43000030517578,21.579999923706055,21.979999542236328,45799100
INTC,2024-10-24,22.09000015258789,22.3700008392334,21.969999313354492,22.34000015258789,40554400
INTC,2024-10-25,22.420000076293945,23.34000015258789,22.40999984741211,22.68000030517578,67503000
INTC,2024-10-28,22.670000076293945,23.270000457763672,22.559999465942383,22.920000076293945,41915000
INTC,2024-10-29,22.8700008392334,23.139999389648438,22.40999984741211,22.899999618530273,83422200
INTC,2024-10-30,22.420000076293945,22.93000030517578,22.260000228881836,22.299999237060547,50941200
INTC,2024-10-31,22.149999618530273,22.25,21.469999313354492,21.520000457763672,112485500
INTC,2024-11-01,23.0,23.579999923706055,21.90999984741211,23.200000762939453,173471100
INTC,2024-11-04,22.959999084472656,23.0,22.0,22.520000457763672,84616300
INTC,2024-11-05,22.579999923706055,23.579999923706055,22.399999618530273,23.31999969482422,59153300
INTC,2024-11-06,24.299999237060547,25.1200008392334,24.049999237060547,25.049999237060547,116760500
INTC,2024-11-07,25.43000030517578,26.3799991607666,25.190000534057617,26.229999542236328,101489300
INTC,2024-11-08,26.0,26.43000030517578,25.829999923706055,26.200000762939453,76428000
INTC,2024-11-11,25.959999084472656,26.290000915527344,24.829999923706055,25.049999237060547,80185300
INTC,2024-11-12,24.65999984741211,24.959999084472656,23.889999389648438,24.15999984741211,62539700
INTC,2024-11-13,24.059999465942383,25.139999389648438,24.020000457763672,24.920000076293945,58202000
INTC,2024-11-14,25.1200008392334,25.610000610351562,24.93000030517578,25.030000686645508,49252100
INTC,2024-11-15,24.809999465942383,24.81999969482422,24.229999542236328,24.350000381469727,55104900
INTC,2024-11-18,24.329999923706055,25.020000457763672,24.15999984741211,24.84000015258789,59589500
INTC,2024-11-19,24.5,24.540000915527344,24.100000381469727,24.200000762939453,61190900
INTC,2024-11-20,24.06999969482422,24.209999084472656,23.549999237060547,24.010000228881836,50191500
INTC,2024-11-21,24.079999923706055,24.770000457763672,23.829999923706055,24.440000534057617,58928400
INTC,2024-11-22,24.350000381469727,24.68000030517578,24.139999389648438,24.5,36784700
INTC,2024-11-25,25.040000915527344,25.56999969482422,24.760000228881836,24.8700008392334,91128400
INTC,2024-11-26,24.950000762939453,24.989999771118164,23.809999465942383,24.049999237060547,69613600
INTC,2024-11-27,23.829999923706055,23.93000030517578,23.059999465942383,23.649999618530273,53992300
INTC,2024-11-29,23.719999313354492,24.280000686645508,23.600000381469727,24.049999237060547,36616800
INTC,2024-12-02,24.84000015258789,25.479999542236328,23.440000534057617,23.93000030517578,150497900
INTC,2024-12-03,23.68000030517578,23.75,22.440000534057617,22.469999313354492,138160500
INTC,2024-12-04,22.530000686645508,22.540000915527344,21.809999465942383,21.959999084472656,104649000
INTC,2024-12-05,22.040000915527344,22.190000534057617,20.65999984741211,20.799999237060547,167993500
INTC,2024-12-06,20.950000762939453,21.049999237060547,20.65999984741211,20.920000076293945,78539100
INTC,2024-12-09,20.920000076293945,21.059999465942383,20.729999542236328,20.809999465942383,68818200
INTC,2024-12-10,20.829999923706055,20.860000610351562,19.959999084472656,20.15999984741211,90004800
INTC,2024-12-11,20.139999389648438,20.25,19.8700008392334,20.1200008392334,75209300
INTC,2024-12-12,20.020000457763672,20.899999618530273,19.920000076293945,20.780000686645508,77695000
INTC,2024-12-13,20.600000381469727,20.799999237060547,20.25,20.34000015258789,55104100
INTC,2024-12-16,20.170000076293945,21.100000381469727,20.0,20.829999923706055,73832900
INTC,2024-12-17,20.639999389648438,20.770000457763672,20.290000915527344,20.440000534057617,51767200
INTC,2024-12-18,20.479999542236328,20.579999923706055,19.209999084472656,19.299999237060547,86041200
INTC,2024-12-19,19.530000686645508,19.690000534057617,19.030000686645508,19.059999465942383,69117800
INTC,2024-12-20,18.969999313354492,19.760000228881836,18.899999618530273,19.520000457763672,108453700
INTC,2024-12-23,19.579999923706055,20.229999542236328,19.520000457763672,20.200000762939453,57988400
INTC,2024-12-24,20.219999313354492,20.399999618530273,19.959999084472656,20.399999618530273,29884000
INTC,2024-12-26,20.229999542236328,20.670000076293945,20.079999923706055,20.440000534057617,39846200
INTC,2024-12-27,20.209999084472656,20.610000610351562,20.09000015258789,20.299999237060547,48260800
INTC,2024-12-30,20.010000228881836,20.110000610351562,19.729999542236328,19.81999969482422,59608100
INTC,2024-12-31,19.989999771118164,20.399999618530273,19.8799991607666,20.049999237060547,49846700
INTC,2025-01-02,20.229999542236328,20.43000030517578,20.0,20.219999313354492,46438500
INTC,2025-01-03,20.389999389648438,20.670000076293945,20.059999465942383,20.559999465942383,48983900
INTC,2025-01-06,20.829999923706055,20.979999542236328,19.780000686645508,19.8700008392334,83271000
INTC,2025-01-07,20.020000457763672,20.34000015258789,19.899999618530273,20.010000228881836,61726100
INTC,2025-01-08,19.829999923706055,20.1200008392334,19.709999084472656,19.8799991607666,47897100
INTC,2025-01-10,19.65999984741211,19.65999984741211,18.90999984741211,19.149999618530273,71244600
INTC,2025-01-13,18.920000076293945,19.25,18.729999542236328,19.200000762939453,50669000
INTC,2025-01-14,19.360000610351562,19.520000457763672,18.81999969482422,19.200000762939453,47147500
INTC,2025-01-15,19.399999618530273,19.770000457763672,19.170000076293945,19.719999313354492,56306000
INTC,2025-01-16,19.75,19.950000762939453,19.399999618530273,19.670000076293945,44898100
INTC,2025-01-17,21.260000228881836,21.6200008392334,20.790000915527344,21.489999771118164,166483900
INTC,2025-01-21,22.030000686645508,22.40999984741211,21.75,21.770000457763672,96262200
INTC,2025-01-22,21.729999542236328,22.290000915527344,21.56999969482422,21.860000610351562,60972600
INTC,2025-01-23,21.690000534057617,21.75,21.350000381469727,21.56999969482422,55778200
INTC,2025-01-24,21.360000610351562,21.40999984741211,20.75,20.829999923706055,66300600
INTC,2025-01-27,20.809999465942383,21.059999465942383,20.139999389648438,20.290000915527344,83582100
INTC,2025-01-28,20.34000015258789,20.34000015258789,19.739999771118164,19.799999237060547,73411400
INTC,2025-01-29,19.8700008392334,20.079999923706055,19.65999984741211,19.75,86506800
INTC,2025-01-30,19.719999313354492,20.100000381469727,19.43000030517578,20.010000228881836,108167000
INTC,2025-01-31,20.100000381469727,20.329999923706055,19.3799991607666,19.43000030517578,117081700
INTC,2025-02-03,18.969999313354492,19.75,18.780000686645508,19.3799991607666,77523100
INTC,2025-02-04,19.100000381469727,19.530000686645508,19.020000457763672,19.290000915527344,54098200
INTC,2025-02-05,19.190000534057617,19.770000457763672,18.90999984741211,19.649999618530273,66059200
INTC,2025-02-06,19.510000228881836,19.700000762939453,19.219999313354492,19.3799991607666,45553800
INTC,2025-02-07,19.350000381469727,19.360000610351562,19.030000686645508,19.100000381469727,58277900
INTC,2025-02-10,19.25,20.079999923706055,19.239999771118164,19.770000457763672,73007300
INTC,2025-02-11,19.8700008392334,21.8799991607666,19.860000610351562,20.969999313354492,150960700
INTC,2025-02-12,21.979999542236328,22.559999465942383,20.93000030517578,22.479999542236328,162631200
INTC,2025-02-13,22.84000015258789,24.829999923706055,22.790000915527344,24.1299991607666,248661300
INTC,2025-02-14,24.360000610351562,25.190000534057617,22.860000610351562,23.600000381469727,230254100
INTC,2025-02-18,24.600000381469727,27.549999237060547,24.489999771118164,27.389999389648438,284292200
INTC,2025-02-19,25.979999542236328,26.329999923706055,25.459999084472656,25.719999313354492,151881700
INTC,2025-02-20,25.559999465942383,26.1200008392334,24.479999542236328,26.09000015258789,144939600
INTC,2025-02-21,25.959999084472656,26.290000915527344,24.84000015258789,24.8700008392334,111630900
INTC,2025-02-24,24.549999237060547,24.799999237060547,23.6200008392334,24.270000457763672,91358100
INTC,2025-02-25,24.209999084472656,24.280000686645508,22.770000457763672,22.989999771118164,88886500
INTC,2025-02-26,23.25,23.81999969482422,23.209999084472656,23.520000457763672,67449300
INTC,2025-02-27,23.700000762939453,24.399999618530273,23.06999969482422,23.09000015258789,97871900
INTC,2025-02-28,23.020000457763672,24.440000534057617,22.639999389648438,23.729999542236328,104133800
INTC,2025-03-03,25.0,25.040000915527344,22.520000457763672,22.739999771118164,141348700
INTC,2025-03-04,22.540000915527344,22.6299991607666,20.760000228881836,21.329999923706055,152182200
INTC,2025-03-05,21.329999923706055,21.360000610351562,20.18000030517578,20.809999465942383,127219300
INTC,2025-03-06,20.260000228881836,21.1299991607666,20.0,20.75,96466400
INTC,2025-03-07,20.270000457763672,21.200000762939453,20.110000610351562,20.639999389648438,81099600
INTC,2025-03-10,20.239999771118164,20.510000228881836,19.649999618530273,19.93000030517578,82760600
INTC,2025-03-11,19.969999313354492,20.059999465942383,19.290000915527344,19.780000686645508,80789000
INTC,2025-03-12,20.790000915527344,21.170000076293945,20.209999084472656,20.68000030517578,128671100
INTC,2025-03-13,23.5,24.530000686645508,23.1299991607666,23.700000762939453,243261000
INTC,2025-03-14,23.68000030517578,24.3700008392334,23.520000457763672,24.049999237060547,116901600
INTC,2025-03-17,24.420000076293945,26.149999618530273,24.3700008392334,25.690000534057617,160723600
INTC,2025-03-18,25.549999237060547,26.40999984741211,25.389999389648438,25.920000076293945,132488800
INTC,2025-03-19,24.899999618530273,25.229999542236328,24.030000686645508,24.1200008392334,135491400
INTC,2025-03-20,23.770000457763672,24.309999465942383,23.729999542236328,23.959999084472656,68937600
INTC,2025-03-21,23.600000381469727,24.700000762939453,23.489999771118164,24.260000228881836,94110700
INTC,2025-03-24,24.719999313354492,24.989999771118164,24.1299991607666,24.219999313354492,69169000
INTC,2025-03-25,24.18000030517578,24.75,24.110000610351562,24.200000762939453,51743300
INTC,2025-03-26,24.25,24.420000076293945,23.25,23.420000076293945,59496700
INTC,2025-03-27,23.290000915527344,23.760000228881836,22.860000610351562,23.6200008392334,57720600
INTC,2025-03-28,23.350000381469727,23.579999923706055,22.559999465942383,22.709999084472656,58365300
INTC,2025-03-31,22.3799991607666,22.75,21.75,22.709999084472656,65832000
INTC,2025-04-01,22.559999465942383,22.6200008392334,21.65999984741211,22.049999237060547,64060400
INTC,2025-04-02,21.889999389648438,22.3799991607666,21.700000762939453,21.979999542236328,58878800
INTC,2025-04-03,21.399999618530273,23.899999618530273,20.860000610351562,22.43000030517578,242972100
INTC,2025-04-04,21.700000762939453,22.200000762939453,19.700000762939453,19.850000381469727,175014700
INTC,2025-04-07,19.139999389648438,20.670000076293945,18.559999465942383,19.56999969482422,142491200
INTC,2025-04-08,20.059999465942383,20.389999389648438,17.670000076293945,18.1299991607666,163982700
INTC,2025-04-09,18.06999969482422,21.729999542236328,17.979999542236328,21.530000686645508,224183500
INTC,2025-04-10,20.68000030517578,20.81999969482422,19.15999984741211,19.8799991607666,129064900
INTC,2025-04-11,19.25,19.799999237060547,18.18000030517578,19.739999771118164,128425800
INTC,2025-04-14,20.59000015258789,21.049999237060547,19.979999542236328,20.309999465942383,101964400
INTC,2025-04-15,20.200000762939453,20.469999313354492,19.809999465942383,19.850000381469727,64056900
INTC,2025-04-16,19.34000015258789,19.43000030517578,18.719999313354492,19.229999542236328,89469700
INTC,2025-04-17,18.90999984741211,19.100000381469727,18.559999465942383,18.93000030517578,85646700
INTC,2025-04-21,18.93000030517578,18.989999771118164,18.25,18.84000015258789,72409900
INTC,2025-04-22,19.059999465942383,19.739999771118164,19.040000915527344,19.510000228881836,83365600
INTC,2025-04-23,20.719999313354492,21.030000686645508,20.309999465942383,20.59000015258789,97188100
INTC,2025-04-24,21.040000915527344,21.549999237060547,20.8799991607666,21.489999771118164,117086200
INTC,2025-04-25,19.729999542236328,20.18000030517578,19.34000015258789,20.049999237060547,147711200
INTC,2025-04-28,20.1200008392334,21.079999923706055,20.049999237060547,20.510000228881836,96624400
INTC,2025-04-29,20.309999465942383,20.850000381469727,20.219999313354492,20.34000015258789,70031900
INTC,2025-04-30,19.709999084472656,20.18000030517578,19.549999237060547,20.100000381469727,68297300
INTC,2025-05-01,20.219999313354492,20.649999618530273,19.940000534057617,19.979999542236328,72607500
INTC,2025-05-02,20.260000228881836,20.780000686645508,20.209999084472656,20.6200008392334,63298500
INTC,2025-05-05,20.389999389648438,20.579999923706055,20.239999771118164,20.270000457763672,44237000
INTC,2025-05-06,19.920000076293945,20.1200008392334,19.770000457763672,19.940000534057617,51330800
INTC,2025-05-07,19.969999313354492,20.3700008392334,19.81999969482422,20.309999465942383,61002600
INTC,2025-05-08,21.010000228881836,21.239999771118164,20.639999389648438,21.0,71651700
INTC,2025-05-09,21.200000762939453,21.450000762939453,20.829999923706055,21.420000076293945,51768600
INTC,2025-05-12,22.18000030517578,22.670000076293945,21.8799991607666,22.18000030517578,94578700
INTC,2025-05-13,22.360000610351562,22.8799991607666,22.299999237060547,22.559999465942383,76850400
INTC,2025-05-14,22.350000381469727,22.459999084472656,21.459999084472656,21.520000457763672,91584800
INTC,2025-05-15,21.229999542236328,21.6299991607666,21.190000534057617,21.549999237060547,66705500
INTC,2025-05-16,21.530000686645508,21.760000228881836,21.350000381469727,21.65999984741211,55795100
INTC,2025-05-19,21.18000030517578,21.559999465942383,21.049999237060547,21.3799991607666,64279100
INTC,2025-05-20,21.329999923706055,21.40999984741211,21.1200008392334,21.270000457763672,48497400
INTC,2025-05-21,21.190000534057617,21.6299991607666,20.59000015258789,20.690000534057617,62904700
INTC,2025-05-22,20.729999542236328,20.899999618530273,20.510000228881836,20.549999237060547,56077500
INTC,2025-05-23,20.15999984741211,20.270000457763672,19.940000534057617,20.049999237060547,68206100
INTC,2025-05-27,20.440000534057617,20.670000076293945,20.18000030517578,20.549999237060547,69504600
INTC,2025-05-28,20.56999969482422,20.639999389648438,20.329999923706055,20.3700008392334,46096500
INTC,2025-05-29,20.540000915527344,20.600000381469727,20.100000381469727,20.25,66372200
INTC,2025-05-30,20.260000228881836,20.260000228881836,19.309999465942383,19.549999237060547,114281900
INTC,2025-06-02,19.479999542236328,19.81999969482422,19.3700008392334,19.739999771118164,67885500
INTC,2025-06-03,19.75,20.40999984741211,19.399999618530273,20.290000915527344,80401900
INTC,2025-06-04,20.34000015258789,20.5,20.010000228881836,20.25,71166500
INTC,2025-06-05,20.270000457763672,20.549999237060547,19.850000381469727,19.989999771118164,72458400
INTC,2025-06-06,20.170000076293945,20.440000534057617,20.030000686645508,20.059999465942383,70072800
INTC,2025-06-09,20.219999313354492,20.959999084472656,20.219999313354492,20.479999542236328,92893900
INTC,2025-06-10,20.5,22.440000534057617,20.280000686645508,22.079999923706055,171457000
INTC,2025-06-11,21.780000686645508,21.829999923706055,20.3799991607666,20.68000030517578,146784500
INTC,2025-06-12,20.5,20.979999542236328,20.40999984741211,20.770000457763672,78175900
INTC,2025-06-13,20.329999923706055,20.600000381469727,20.100000381469727,20.139999389648438,87655900
INTC,2025-06-16,20.40999984741211,20.93000030517578,20.299999237060547,20.739999771118164,86745100
INTC,2025-06-17,20.6299991607666,21.479999542236328,20.6200008392334,20.799999237060547,87512200
INTC,2025-06-18,20.809999465942383,21.600000381469727,20.65999984741211,21.489999771118164,94200600
INTC,2025-06-20,21.700000762939453,21.889999389648438,20.8799991607666,21.079999923706055,133472800
INTC,2025-06-23,21.06999969482422,21.579999923706055,20.729999542236328,21.190000534057617,81461000
INTC,2025-06-24,21.34000015258789,22.690000534057617,21.329999923706055,22.549999237060547,130368700
INTC,2025-06-25,22.579999923706055,22.770000457763672,22.1299991607666,22.200000762939453,64975100
INTC,2025-06-26,22.399999618530273,22.6200008392334,22.209999084472656,22.5,63229300
INTC,2025-06-27,22.709999084472656,23.3799991607666,22.420000076293945,22.690000534057617,95542400
INTC,2025-06-30,22.969999313354492,22.969999313354492,22.270000457763672,22.399999618530273,77102400
INTC,2025-07-01,22.329999923706055,23.15999984741211,22.280000686645508,22.850000381469727,79094900
INTC,2025-07-02,22.530000686645508,22.770000457763672,21.520000457763672,21.8799991607666,138245300
INTC,2025-07-03,22.149999618530273,22.6299991607666,21.989999771118164,22.489999771118164,61176000
INTC,2025-07-07,22.209999084472656,22.389999389648438,21.860000610351562,22.0,80725200
INTC,2025-07-08,22.18000030517578,23.790000915527344,22.1299991607666,23.59000015258789,119545500
INTC,2025-07-09,23.290000915527344,23.530000686645508,23.1299991607666,23.440000534057617,70247700
INTC,2025-07-10,23.6299991607666,24.040000915527344,23.479999542236328,23.81999969482422,54599800
INTC,2025-07-11,23.559999465942383,23.65999984741211,23.15999984741211,23.43000030517578,49367900
INTC,2025-07-14,23.239999771118164,23.399999618530273,22.8799991607666,23.299999237060547,48420500
INTC,2025-07-15,23.56999969482422,23.780000686645508,22.899999618530273,22.920000076293945,66099400
INTC,2025-07-16,22.989999771118164,23.1299991607666,22.25,22.690000534057617,58865900
INTC,2025-07-17,22.65999984741211,23.049999237060547,22.59000015258789,22.799999237060547,49384000
INTC,2025-07-18,23.219999313354492,23.59000015258789,22.899999618530273,23.100000381469727,60195600
INTC,2025-07-21,23.399999618530273,23.829999923706055,23.15999984741211,23.260000228881836,61658000
INTC,2025-07-22,23.34000015258789,23.540000915527344,23.079999923706055,23.239999771118164,53969800
INTC,2025-07-23,23.260000228881836,23.6200008392334,22.920000076293945,23.489999771118164,68711700
INTC,2025-07-24,23.489999771118164,23.579999923706055,22.600000381469727,22.6299991607666,131963300
INTC,2025-07-25,20.68000030517578,21.049999237060547,20.360000610351562,20.700000762939453,245077700
INTC,2025-07-28,20.81999969482422,21.290000915527344,20.649999618530273,20.68000030517578,86105600
INTC,2025-07-29,20.690000534057617,20.850000381469727,20.34000015258789,20.40999984741211,100831500
INTC,2025-07-30,20.43000030517578,20.6200008392334,20.079999923706055,20.34000015258789,67420300
INTC,2025-07-31,20.170000076293945,20.229999542236328,19.65999984741211,19.799999237060547,90665200
INTC,2025-08-01,19.5,19.549999237060547,18.969999313354492,19.309999465942383,86496100
INTC,2025-08-04,19.520000457763672,19.59000015258789,19.350000381469727,19.5,69249400
INTC,2025-08-05,19.700000762939453,20.540000915527344,19.68000030517578,20.190000534057617,97338200
INTC,2025-08-06,20.1200008392334,20.479999542236328,19.8700008392334,20.40999984741211,67074200
INTC,2025-08-07,20.0,20.440000534057617,19.600000381469727,19.770000457763672,131382800
INTC,2025-08-08,20.0,20.020000457763672,19.610000610351562,19.950000762939453,75415000
INTC,2025-08-11,20.450000762939453,21.600000381469727,20.440000534057617,20.649999618530273,175545600
INTC,2025-08-12,21.200000762939453,21.860000610351562,20.760000228881836,21.809999465942383,134153600
INTC,2025-08-13,21.6200008392334,22.299999237060547,21.360000610351562,22.219999313354492,86024400
INTC,2025-08-14,21.989999771118164,24.200000762939453,21.899999618530273,23.860000610351562,188052500
INTC,2025-08-15,25.010000228881836,25.649999618530273,24.110000610351562,24.559999465942383,310161100
INTC,2025-08-18,24.0,24.899999618530273,23.209999084472656,23.65999984741211,212515600
INTC,2025-08-19,24.940000534057617,26.530000686645508,24.940000534057617,25.309999465942383,297659200
INTC,2025-08-20,24.899999618530273,24.93000030517578,23.329999923706055,23.540000915527344,161149400
INTC,2025-08-21,23.530000686645508,23.56999969482422,22.780000686645508,23.5,97718300
INTC,2025-08-22,23.649999618530273,25.229999542236328,23.649999618530273,24.799999237060547,200266800
INTC,2025-08-25,25.5,25.8799991607666,24.440000534057617,24.549999237060547,156825600
INTC,2025-08-26,24.579999923706055,24.739999771118164,24.100000381469727,24.350000381469727,78558200
INTC,2025-08-27,24.190000534057617,24.989999771118164,24.049999237060547,24.850000381469727,90934400
INTC,2025-08-28,24.959999084472656,25.139999389648438,24.610000610351562,24.93000030517578,60035100
INTC,2025-08-29,24.760000228881836,24.969999313354492,24.280000686645508,24.350000381469727,63734400
INTC,2025-09-02,23.8799991607666,24.239999771118164,23.68000030517578,24.209999084472656,57661800
INTC,2025-09-03,24.09000015258789,24.09000015258789,23.719999313354492,24.0,47822900
INTC,2025-09-04,23.850000381469727,24.639999389648438,23.75,24.610000610351562,59056500
INTC,2025-09-05,24.600000381469727,24.709999084472656,24.170000076293945,24.489999771118164,55975300
INTC,2025-09-08,24.479999542236328,24.739999771118164,24.1200008392334,24.479999542236328,51122100
INTC,2025-09-09,24.530000686645508,24.809999465942383,24.270000457763672,24.440000534057617,42146200
INTC,2025-09-10,24.420000076293945,24.8700008392334,24.280000686645508,24.770000457763672,61600700
INTC,2025-09-11,24.760000228881836,24.93000030517578,24.56999969482422,24.610000610351562,55536900
INTC,2025-09-12,24.610000610351562,24.6299991607666,24.049999237060547,24.079999923706055,52672800
INTC,2025-09-15,24.329999923706055,25.459999084472656,24.219999313354492,24.770000457763672,83951600
INTC,2025-09-16,24.81999969482422,25.34000015258789,24.690000534057617,25.270000457763672,60336600
INTC,2025-09-17,25.079999923706055,25.260000228881836,24.450000762939453,24.899999618530273,63093700
INTC,2025-09-18,31.780000686645508,32.380001068115234,30.15999984741211,30.56999969482422,523908000
INTC,2025-09-19,30.3799991607666,30.6299991607666,29.329999923706055,29.579999923706055,225702900
INTC,2025-09-22,29.670000076293945,30.100000381469727,28.729999542236328,28.760000228881836,130314500
INTC,2025-09-23,28.989999771118164,30.200000762939453,28.81999969482422,29.34000015258789,126317900
INTC,2025-09-24,29.3799991607666,31.700000762939453,29.229999542236328,31.219999313354492,164458500
INTC,2025-09-25,31.610000610351562,34.25,31.209999084472656,33.9900016784668,295709300
INTC,2025-09-26,35.02000045776367,36.29999923706055,34.4900016784668,35.5,268583300
INTC,2025-09-29,34.52000045776367,35.04999923706055,33.72999954223633,34.47999954223633,152605900
INTC,2025-09-30,33.93000030517578,34.2400016784668,33.02000045776367,33.54999923706055,124818400
INTC,2025-10-01,33.529998779296875,36.060001373291016,33.5,35.939998626708984,162649700
INTC,2025-10-02,35.7599983215332,37.56999969482422,35.439998626708984,37.29999923706055,149361700
INTC,2025-10-03,37.95000076293945,38.08000183105469,36.45000076293945,36.83000183105469,125359300
INTC,2025-10-06,37.189998626708984,38.68000030517578,36.43000030517578,36.59000015258789,112086100
INTC,2025-10-07,36.63999938964844,38.04999923706055,36.349998474121094,37.16999816894531,111140200
INTC,2025-10-08,36.54999923706055,37.790000915527344,35.90999984741211,37.43000030517578,103202100
INTC,2025-10-09,37.529998779296875,38.099998474121094,36.86000061035156,37.79999923706055,89884700
INTC,2025-10-10,38.459999084472656,39.650001525878906,36.29999923706055,36.369998931884766,183063300
INTC,2025-10-13,36.439998626708984,37.5099983215332,36.279998779296875,37.220001220703125,104020700
INTC,2025-10-14,36.0,36.54999923706055,34.689998626708984,35.630001068115234,117908300
INTC,2025-10-15,36.400001525878906,37.4900016784668,35.63999938964844,37.150001525878906,99242700
INTC,2025-10-16,37.150001525878906,38.02000045776367,36.40999984741211,36.84000015258789,83357800
INTC,2025-10-17,36.36000061035156,38.380001068115234,36.08000183105469,37.0099983215332,119394700
INTC,2025-10-20,37.56999969482422,38.52000045776367,37.560001373291016,38.099998474121094,80230200
INTC,2025-10-21,38.13999938964844,38.349998474121094,37.66999816894531,38.119998931884766,73134900
INTC,2025-10-22,37.84000015258789,37.93000030517578,36.040000915527344,36.91999816894531,87099900
INTC,2025-10-23,36.599998474121094,38.400001525878906,36.43000030517578,38.15999984741211,121974200
INTC,2025-10-24,40.02000045776367,41.119998931884766,37.83000183105469,38.279998779296875,246380000
INTC,2025-10-27,38.38999938964844,40.66999816894531,38.22999954223633,39.540000915527344,160007600
INTC,2025-10-28,39.59000015258789,42.47999954223633,39.540000915527344,41.529998779296875,181256400
INTC,2025-10-29,41.599998474121094,42.040000915527344,40.91999816894531,41.34000015258789,106962900
INTC,2025-10-30,40.970001220703125,41.43000030517578,40.11000061035156,40.15999984741211,84855500
INTC,2025-10-31,40.68000030517578,40.83000183105469,39.790000915527344,39.9900016784668,80471400
INTC,2025-11-03,40.25,40.45000076293945,39.04999923706055,39.5,61267500
INTC,2025-11-04,38.13999938964844,38.25,36.630001068115234,37.029998779296875,102250300
INTC,2025-11-05,37.41999816894531,38.689998626708984,37.11000061035156,38.380001068115234,74631600
INTC,2025-11-06,38.34000015258789,39.84000015258789,36.79999923706055,37.2400016784668,77629900
INTC,2025-11-07,37.2599983215332,38.27000045776367,36.970001220703125,38.130001068115234,95521400
INTC,2025-11-10,38.93000030517578,39.529998779296875,37.970001220703125,38.45000076293945,77820300
INTC,2025-11-11,38.150001525878906,38.220001220703125,37.4900016784668,37.880001068115234,53741900
INTC,2025-11-12,38.060001373291016,38.20000076293945,37.349998474121094,37.88999938964844,53876000
INTC,2025-11-13,37.27000045776367,37.310001373291016,35.45000076293945,35.90999984741211,95593200
INTC,2025-11-14,35.029998779296875,36.099998474121094,34.619998931884766,35.52000045776367,71716200
INTC,2025-11-17,35.45000076293945,35.72999954223633,34.22999954223633,34.709999084472656,72580100
INTC,2025-11-18,34.25,34.7599983215332,33.56999969482422,34.33000183105469,61504800
INTC,2025-11-19,34.33000183105469,35.75,34.25,35.11000061035156,67115500
INTC,2025-11-20,36.0,36.68000030517578,33.47999954223633,33.619998931884766,96389100
INTC,2025-11-21,33.5099983215332,34.97999954223633,32.88999938964844,34.5,105641700
INTC,2025-11-24,34.970001220703125,36.15999984741211,34.689998626708984,35.790000915527344,103804200
INTC,2025-11-25,35.54999923706055,36.130001068115234,34.68000030517578,35.83000183105469,62203300
INTC,2025-11-26,36.20000076293945,37.2400016784668,36.130001068115234,36.810001373291016,54563400
INTC,2025-11-28,37.400001525878906,40.59000015258789,37.34000015258789,40.560001373291016,95799500
INTC,2025-12-01,39.86000061035156,40.380001068115234,39.599998474121094,40.0099983215332,74534900
INTC,2025-12-02,40.470001220703125,43.68000030517578,40.04999923706055,43.470001220703125,167205800
INTC,2025-12-03,43.38999938964844,44.02000045776367,42.5099983215332,43.7599983215332,91957200
INTC,2025-12-04,43.2599983215332,43.279998779296875,40.13999938964844,40.5,107850200
INTC,2025-12-05,41.15999984741211,42.83000183105469,41.150001525878906,41.40999984741211,103042000
INTC,2025-12-08,41.939998626708984,42.119998931884766,39.70000076293945,40.29999923706055,93953600
INTC,2025-12-09,40.72999954223633,41.2599983215332,40.029998779296875,40.5,61877200
INTC,2025-12-10,40.11000061035156,40.9900016784668,38.88999938964844,40.779998779296875,75974900
INTC,2025-12-11,40.06999969482422,40.189998626708984,39.08000183105469,39.5099983215332,59096800
INTC,2025-12-12,39.25,40.029998779296875,37.619998931884766,37.810001373291016,87784500
INTC,2025-12-15,38.33000183105469,38.47999954223633,37.31999969482422,37.5099983215332,60898500
INTC,2025-12-16,37.58000183105469,37.959999084472656,36.91999816894531,37.310001373291016,50490300
INTC,2025-12-17,37.59000015258789,37.84000015258789,35.970001220703125,36.04999923706055,54792000
INTC,2025-12-18,37.380001068115234,37.4900016784668,35.66999816894531,36.279998779296875,69468400
INTC,2025-12-19,36.47999954223633,37.58000183105469,36.439998626708984,36.81999969482422,163221300
INTC,2025-12-22,37.88999938964844,37.900001525878906,36.290000915527344,36.369998931884766,51685400
INTC,2025-12-23,36.2400016784668,36.79999923706055,36.029998779296875,36.349998474121094,35958000
INTC,2025-12-24,35.16999816894531,36.18000030517578,34.95000076293945,36.15999984741211,37443800
INTC,2025-12-26,36.16999816894531,36.4900016784668,35.849998474121094,36.20000076293945,28779400
INTC,2025-12-29,36.0099983215332,36.79999923706055,35.81999969482422,36.68000030517578,38062300
INTC,2025-12-30,36.90999984741211,38.2599983215332,36.81999969482422,37.29999923706055,61935300
INTC,2025-12-31,37.400001525878906,37.58000183105469,36.869998931884766,36.900001525878906,51524700
INTC,2026-01-02,37.77000045776367,39.86000061035156,37.7599983215332,39.380001068115234,95396400
INTC,2026-01-05,41.59000015258789,42.099998474121094,39.27000045776367,39.369998931884766,96665400
INTC,2026-01-06,39.86000061035156,40.310001373291016,38.95000076293945,40.040000915527344,66395100
INTC,2026-01-07,40.18000030517578,44.56999969482422,40.119998931884766,42.630001068115234,166028400
INTC,2026-01-08,42.619998931884766,43.34000015258789,40.68000030517578,41.11000061035156,88242000
INTC,2026-01-09,41.83000183105469,45.72999954223633,41.56999969482422,45.54999923706055,186691400
INTC,2026-01-12,44.2400016784668,45.45000076293945,43.88999938964844,44.060001373291016,101989100
INTC,2026-01-13,45.88999938964844,48.2400016784668,45.220001220703125,47.290000915527344,168656400
INTC,2026-01-14,48.95000076293945,49.0,47.41999816894531,48.720001220703125,148225800
INTC,2026-01-15,49.349998474121094,50.38999938964844,47.83000183105469,48.31999969482422,132328900
INTC,2026-01-16,49.27000045776367,50.209999084472656,46.709999084472656,46.959999084472656,127314700
INTC,2026-01-20,47.29999923706055,50.22999954223633,47.0,48.560001373291016,150153000
INTC,2026-01-21,50.31999969482422,54.40999984741211,50.150001525878906,54.25,220565300
INTC,2026-01-22,54.209999084472656,54.599998474121094,53.08000183105469,54.31999969482422,190066400
INTC,2026-01-23,46.86000061035156,48.130001068115234,44.45000076293945,45.06999969482422,294675400
INTC,2026-01-26,44.279998779296875,44.459999084472656,42.279998779296875,42.4900016784668,149407800
INTC,2026-01-27,43.970001220703125,44.529998779296875,43.099998474121094,43.93000030517578,121832200
