ticker,date,open,high,low,close,volume
JPM,2020-01-02,117.93965907317289,119.04490603278443,117.49250349450764,119.03646087646484,10803700
JPM,2020-01-03,116.75234385771405,118.22129699265236,116.39572007123904,117.46559143066406,10386800
JPM,2020-01-06,115.95415346287253,117.40613343114413,115.90320907036407,117.37216186523438,10259000
JPM,2020-01-07,116.56550802847862,117.05799206617905,115.32581799940147,115.37676239013672,10531300
JPM,2020-01-08,115.22391148750772,116.82023809830265,115.13900849191864,116.27680969238281,9695300
JPM,2020-01-09,117.21932648060145,117.37215965524912,116.36171936833645,116.70137023925781,9469000
JPM,2020-01-10,116.5060758484973,116.54003445646777,115.31731726784203,115.53809356689453,10190900
JPM,2020-01-13,115.63999488626077,116.49758911132812,115.27487179012046,116.49758911132812,12355200
JPM,2020-01-14,117.12592981231866,119.52040702618645,116.91365286629267,117.85616302490234,24906000
JPM,2020-01-15,117.04949979933237,117.68633056438564,115.60600636679423,116.09000396728516,16293400
JPM,2020-01-16,116.70985802177523,117.09195391923353,116.19190177435432,116.5400390625,10783800
JPM,2020-01-17,116.78628069078088,117.42311153848834,116.59948889530159,117.34669494628906,14697700
JPM,2020-01-21,116.48911035544893,117.23632942449925,116.06455642191722,116.1919174194336,8474200
JPM,2020-01-22,116.53154911327246,116.6673965027569,115.80131594982642,116.05603790283203,7549100
JPM,2020-01-23,115.23243145500606,116.10701149967672,114.39181002337033,115.93717956542969,9345700
JPM,2020-01-24,115.79282876660798,115.84377316257054,112.35395247556545,113.05870056152344,15166400
JPM,2020-01-27,110.61324895658782,112.88036465850705,110.13775078101199,112.10767364501953,12860500
JPM,2020-01-28,112.7954602387321,114.60406372932896,112.4897809580165,114.14553833007812,13062800
JPM,2020-01-29,114.46822261348312,115.08806769144563,113.5172260055015,113.97573852539062,9326000
JPM,2020-01-30,112.66815634230666,115.58909029177603,112.66815634230666,115.38529968261719,9048900
JPM,2020-01-31,114.19650494355994,114.48519846646036,111.6321959336448,112.38790130615234,12785200
JPM,2020-02-03,112.64263939865012,113.98423122430701,112.64263939865012,113.24549865722656,10021100
JPM,2020-02-04,115.09657743056599,115.98814330904722,114.69749568454448,114.87580108642578,9157100
JPM,2020-02-05,115.96265475187172,116.94760992150181,115.48714351575809,116.8287353515625,10150700
JPM,2020-02-06,117.38069107139293,117.42313610503477,116.42119491407298,116.84574890136719,8992300
JPM,2020-02-07,116.09851266548542,116.89667611724666,115.73340250915416,116.47212219238281,6379800
JPM,2020-02-10,116.28529811841656,117.049502830081,116.11547916794295,116.95610046386719,5960700
JPM,2020-02-11,117.39765089685419,117.87316219328795,116.99008274198327,117.17688751220703,6578600
JPM,2020-02-12,117.6863574230642,118.27223097728448,117.00706852737399,117.17688751220703,7958000
JPM,2020-02-13,116.96460877940316,117.46557931183625,115.81830797542848,117.07499694824219,7447500
JPM,2020-02-14,117.04104364823642,117.33823663087625,116.2768516305338,116.71839141845703,6627600
JPM,2020-02-18,116.61647737831423,116.93065611568404,114.67202596307037,115.1729965209961,8996400
JPM,2020-02-19,116.25137416477315,117.50805032051287,115.76737640747301,116.74385833740234,7071200
JPM,2020-02-20,116.47213757056171,117.48257811816647,115.92870899323972,116.74385833740234,7422800
JPM,2020-02-21,115.94568919128855,116.25985497598981,114.56163913417339,115.31734466552734,9772800
JPM,2020-02-24,111.60673519823553,113.10116031407765,111.06330670553318,112.21809387207031,13618400
JPM,2020-02-25,111.23312023680249,112.27751918834528,106.63944399383337,107.2083511352539,20797200
JPM,2020-02-26,107.77725553322327,109.49245047415594,107.2762785522509,107.53101348876953,24825600
JPM,2020-02-27,104.36384013479974,106.66492143648834,102.99677609355557,103.05621337890625,23005500
JPM,2020-02-28,99.78714338546689,100.61077896799982,95.66048553747473,98.58990478515625,45931400
JPM,2020-03-02,99.03144913006938,103.23453699826767,97.18888659606439,103.18358612060547,27355400
JPM,2020-03-03,102.71656953103576,104.39779931335069,98.70028686763315,99.3116455078125,32547700
JPM,2020-03-04,100.47493054982995,102.05427162357165,97.39266499711862,101.76557159423828,25795900
JPM,2020-03-05,98.21630796850462,98.8616317780521,95.59256770095013,96.7728271484375,25025600
JPM,2020-03-06,90.22619993446692,93.67357565525309,89.1733015597556,91.77157592773438,38159400
JPM,2020-03-09,81.99832659607968,84.25695608475827,78.96701250423764,79.34062194824219,40352000
JPM,2020-03-10,84.06168422488152,85.99764924930949,80.30862876677611,85.50516510009766,31102700
JPM,2020-03-11,82.95784614047642,84.9532550540295,80.28316121549709,81.48040008544922,38127000
JPM,2020-03-12,76.07155911921086,82.32948547887791,73.2949796670311,74.7639389038086,49725200
JPM,2020-03-13,81.50586499425793,88.29872815151582,78.11792630846571,88.23080444335938,38543300
JPM,2020-03-16,72.34398442528821,79.79915660411076,71.79206951908975,75.02716827392578,38589700
JPM,2020-03-17,77.17541610111513,82.73707540772259,74.29694085372239,79.61235809326172,35239800
JPM,2020-03-18,74.44127768526258,77.09049629696509,68.23430187251955,71.23165130615234,41525600
JPM,2020-03-19,69.25321908228283,74.81487687913508,65.30487362269447,72.42888641357422,32175100
JPM,2020-03-20,73.27800962347175,75.96118704533737,70.03441791431379,70.90050506591797,30150800
JPM,2020-03-23,70.20423284995486,71.11277793277483,66.30682469668795,67.10498809814453,32536600
JPM,2020-03-24,72.08923718024181,76.50459414845223,70.39102196505674,75.08658599853516,34363200
JPM,2020-03-25,75.77438108056393,80.79261147500925,71.7835768631853,77.88866424560547,38111700
JPM,2020-03-26,79.88406442028777,83.69655667810491,79.4255454249282,83.31446075439453,29826300
JPM,2020-03-27,79.12836274606161,80.52938551834767,76.88671853658936,77.37919616699219,30041500
JPM,2020-03-30,76.97161536218279,79.8925414853057,75.82532124700931,79.39157104492188,21656900
JPM,2020-03-31,78.16036877594333,79.96047300917627,75.85928113749922,76.4451675415039,23379300
JPM,2020-04-01,72.25906759085085,73.49876411751497,70.68821956286716,71.63072967529297,28029600
JPM,2020-04-02,70.90899625256631,74.64507197677557,70.44198435772319,74.30542755126953,24018000
JPM,2020-04-03,73.78207872082517,75.05181969975959,71.01095823303676,72.10911560058594,21199400
JPM,2020-04-06,76.3472825274887,78.06314463244942,75.2405506843297,76.7505111694336,26820800
JPM,2020-04-07,81.03159398412883,81.07449315955418,77.53981448764826,77.76287841796875,22563800
JPM,2020-04-08,79.0154782626513,81.3833706884201,77.685688559806,80.9029312133789,22903300
JPM,2020-04-09,83.15068919887257,89.559436222734,83.12495231050292,88.1610107421875,42055900
JPM,2020-04-13,88.46126871561528,88.46126871561528,83.47669154341581,84.24024963378906,26911900
JPM,2020-04-14,86.66821168507913,87.50898718709097,80.33668143909756,81.93243408203125,46151300
JPM,2020-04-15,78.20041146783207,78.95538838671132,77.32531818785284,77.89155578613281,30118600
JPM,2020-04-16,77.41114354130944,77.70283703944504,74.68292176444021,74.92314147949219,32449600
JPM,2020-04-17,78.92966889405763,82.10401165529436,78.03741967762187,81.65789031982422,30191900
JPM,2020-04-20,79.3328919123291,81.2546557932026,77.60844852407249,78.68086242675781,23679400
JPM,2020-04-21,76.02987012154092,78.39775567093508,75.78106927230463,76.3987808227539,23035000
JPM,2020-04-22,77.80578006738374,78.81813911195725,76.510302165189,76.64756774902344,16662400
JPM,2020-04-23,76.99075775760363,78.31197282620485,76.57895437379094,76.69048309326172,16638800
JPM,2020-04-24,77.76287446707704,78.15752198805775,75.91832129092113,77.82292938232422,15809200
JPM,2020-04-27,78.87819622127958,82.04395788223732,78.5350224339263,81.17745208740234,22870200
JPM,2020-04-28,83.91424970316098,84.38611448768934,81.52920198244458,81.75226593017578,20238900
JPM,2020-04-29,85.00381505194811,85.32124537017881,83.45095530831215,83.95713806152344,20462600
JPM,2020-04-30,82.01822255419002,83.0820554242805,81.1173987089304,82.1554946899414,19127600
JPM,2020-05-01,80.2165732703324,80.4224749411751,78.79240422872152,80.00209045410156,18547700
JPM,2020-05-04,78.94682769691282,79.50448429698137,77.9001571105405,79.0497817993164,15725900
JPM,2020-05-05,80.34527559578419,80.8257150773121,78.84389567051245,78.9296875,18064100
JPM,2020-05-06,79.06695367687215,79.58171116031863,77.15376395122514,77.4454574584961,20978000
JPM,2020-05-07,78.36344369334307,79.71040215056072,77.71142060234824,78.25191497802734,16771900
JPM,2020-05-08,79.61602602620223,80.71417702592979,79.02405134380375,79.53022766113281,20487800
JPM,2020-05-11,78.16612098886911,78.16612098886911,76.63900432757528,77.18807983398438,31907600
JPM,2020-05-12,77.34251200585602,77.89158754262587,74.55423513658859,74.66576385498047,27962900
JPM,2020-05-13,74.10809408650601,74.51990393911707,71.55146279713523,72.09195709228516,35451600
JPM,2020-05-14,70.96808444688624,75.59233403838043,70.69354666847553,75.08615112304688,35152500
JPM,2020-05-15,74.51131334480056,74.88022397278243,73.1815240917457,73.69628143310547,26099000
JPM,2020-05-18,76.08991468505891,78.20042449800553,75.39498601269585,77.59986877441406,30504400
JPM,2020-05-19,77.25671858496348,78.2433343742384,76.00413308798616,76.07276916503906,19597300
JPM,2020-05-20,77.82293869580853,79.26426337972659,77.53124522841227,78.3548583984375,20552400
JPM,2020-05-21,77.44543382562044,78.72375581644674,76.93067649925482,77.3596420288086,14621400
JPM,2020-05-22,77.22239315458623,77.52266778107916,76.11566106365862,76.75910949707031,13557900
JPM,2020-05-26,79.69323144857157,83.6482949433803,79.45301175139812,82.20697021484375,41233900
JPM,2020-05-27,87.56902447549595,88.00657115604508,84.76359274308074,86.96847534179688,39402000
JPM,2020-05-28,88.31543363208849,88.32400823073061,85.27835661151292,85.67300415039062,24713900
JPM,2020-05-29,84.64351072372098,85.0896321488167,83.03059558534356,83.48529815673828,26526400
JPM,2020-06-01,83.86279301692186,85.3727540896588,83.54535604758885,84.59203338623047,15176800
JPM,2020-06-02,86.03334318709862,86.15345303634301,84.01720609421547,84.87513732910156,21195000
JPM,2020-06-03,87.14865892548514,90.01414619085564,86.70253100499284,89.45648956298828,25941100
JPM,2020-06-04,89.07040961241131,91.46403824943212,88.18674159621087,91.31819152832031,26784700
JPM,2020-06-05,98.60203136530268,99.32269041894841,93.96920165666641,95.42768859863281,42231000
JPM,2020-06-08,97.29798678863901,97.9671721203783,96.03682679628605,97.3322982788086,24881800
JPM,2020-06-09,94.93011211476944,95.7708812336521,93.52310512172329,94.83573913574219,17031100
JPM,2020-06-10,94.76708635969376,94.80998554096713,90.81202272054479,90.9921875,24913300
JPM,2020-06-11,85.8188403536884,87.14863607567001,82.82466287532638,83.39947509765625,36259200
JPM,2020-06-12,86.40224625107435,86.76257576699237,83.50244128957475,85.68158721923828,24856800
JPM,2020-06-15,82.7217372845134,87.01997508142706,82.24987898021533,86.86554718017578,22153600
JPM,2020-06-16,90.40021201746761,90.66616859231151,85.20114454530828,87.56045532226562,22193600
JPM,2020-06-17,87.96367853641415,87.97225968053323,85.11534741992651,85.34699249267578,15639800
JPM,2020-06-18,84.6520752938024,86.23924680521333,84.18879163100478,84.88372039794922,16591900
JPM,2020-06-19,86.24781159253978,86.30786650713287,82.9876773717086,83.91423797607422,40371200
JPM,2020-06-22,83.4338256086798,84.03437494858979,82.82469512234341,83.0048599243164,16216900
JPM,2020-06-23,84.9094535351919,85.76738475160003,83.94856821643634,84.01720428466797,15381400
JPM,2020-06-24,83.00484213859674,83.08205280339946,80.91148795289425,81.2117691040039,22919800
JPM,2020-06-25,80.94581347418462,84.25742867788234,80.86860280223901,84.0429458618164,25743600
JPM,2020-06-26,81.59784248681095,81.82090644667028,78.9296757503076,79.43585205078125,41896300
JPM,2020-06-29,80.13077909059595,81.06592099995525,79.0841019309673,79.78760528564453,18499700
JPM,2020-06-30,79.6417620492917,81.21177785780017,79.41869808443624,80.69701385498047,19137000
JPM,2020-07-01,81.40909139927287,82.11259472452005,79.81333883667635,80.01066589355469,18755700
JPM,2020-07-02,82.07243443745568,82.26301957751744,79.63815804314207,80.27055358886719,27845600
JPM,2020-07-06,81.80389787789655,82.47093935361573,80.98092368444992,82.29768371582031,18625300
JPM,2020-07-07,81.27545014386182,81.51801065229401,79.69880022977436,79.97601318359375,25757200
JPM,2020-07-08,79.95001052406629,80.85961226028256,79.52552971383201,80.82496643066406,18762200
JPM,2020-07-09,81.01556401244038,81.53534410901963,78.64192756789043,79.0750732421875,25600800
JPM,2020-07-10,79.69880414169863,83.8916511001778,79.58618864562126,83.39786529541016,28954200
JPM,2020-07-13,85.52894953365183,85.99674105545695,83.36322111712268,84.59335327148438,32079200
JPM,2020-07-14,85.21707810409184,86.58581334377408,83.71839123744668,85.0784683227539,42731700
JPM,2020-07-15,87.40014304891496,87.74666094754811,85.45965206956019,86.39524841308594,22508400
JPM,2020-07-16,85.57224575529243,87.68599844956043,85.37300247565224,86.63778686523438,16886900
JPM,2020-07-17,86.62912127969875,86.69842616294909,85.01781909515415,85.03514862060547,16137700
JPM,2020-07-20,84.40276136333637,85.23440021566081,84.25549342901682,84.29014587402344,14458100
JPM,2020-07-21,84.64531246715919,86.67243731457637,84.58467234745271,86.11801147460938,17798100
JPM,2020-07-22,86.32591668683254,86.74173274855946,84.48937702125342,85.49427795410156,14271200
JPM,2020-07-23,85.32971397017013,86.06606043384357,84.8705805260895,85.74553680419922,12870200
JPM,2020-07-24,86.28259552286053,86.45585771502245,84.84455567893922,85.13909149169922,12744200
JPM,2020-07-27,84.4720646136653,84.57601533738926,83.31123086094996,83.9436264038086,11959100
JPM,2020-07-28,83.59711360060308,84.80125802424256,83.59711360060308,84.3074722290039,11754300
JPM,2020-07-29,84.09090015419699,86.37790876427226,84.03026002473584,86.35192108154297,12743500
JPM,2020-07-30,84.49805974045039,84.67131536810936,83.20728746933901,84.0475845336914,14834800
JPM,2020-07-31,83.57980347962436,83.9696319952948,82.51426206923013,83.7184066772461,14535000
JPM,2020-08-03,84.04756612146622,84.52402890706792,83.0340070422158,83.25057983398438,12962800
JPM,2020-08-04,83.08600481251388,83.1206506496239,82.32366421052637,82.77413940429688,13366200
JPM,2020-08-05,83.0513388097422,85.30369458310993,82.92139380931619,84.21216583251953,15260900
JPM,2020-08-06,84.53271695323542,84.98318557611033,83.63177309820672,84.23817443847656,10482100
JPM,2020-08-07,83.96961474655609,86.18731832718595,83.649084590899,86.09202575683594,14743700
JPM,2020-08-10,86.72442986230892,88.3963724762334,86.655124966256,87.18356323242188,14989900
JPM,2020-08-11,89.97302219888304,91.96549499319457,89.66982154129963,89.93836975097656,31518600
JPM,2020-08-12,91.96550007178031,92.19939584646713,88.11049929760324,89.17604064941406,19240800
JPM,2020-08-13,88.36171318470684,89.53986988924518,88.04984778590091,88.68224334716797,13598600
JPM,2020-08-14,87.92857535570812,89.49656064363381,87.85927045885603,88.71690368652344,12134400
JPM,2020-08-17,87.92856905658033,88.36171471695758,86.22197409720947,86.3779067993164,14988000
JPM,2020-08-18,86.55116604986192,86.55116604986192,85.00050384597324,85.17375946044922,13246500
JPM,2020-08-19,85.69353227334257,87.14023713217732,85.19108174212444,85.37300872802734,13533000
JPM,2020-08-20,84.25549173222821,84.92253310965748,83.85699853659439,84.35078430175781,13672600
JPM,2020-08-21,84.26415501866013,85.39033639481484,83.9782839019376,84.3074722290039,12228300
JPM,2020-08-24,85.286384532897,86.81105922687577,84.39410546044857,86.68111419677734,17898300
JPM,2020-08-25,87.72931247636032,88.3443850835088,86.4558698834402,87.06227111816406,13648900
JPM,2020-08-26,86.57716566936024,86.86303681173699,85.80616684285533,85.84081268310547,12052400
JPM,2020-08-27,85.76282757665007,88.92479173340222,85.76282757665007,88.66490173339844,22163900
JPM,2020-08-28,89.34927769576838,89.4445702606236,88.19710876381168,89.02874755859375,13756700
JPM,2020-08-31,88.46567424425997,88.51764960982256,86.64645713822843,86.79373168945312,14219400
JPM,2020-09-01,86.2393184514303,87.38282292705097,85.79750795128976,86.75042724609375,11595600
JPM,2020-09-02,86.58581818868592,88.30974274182839,86.24796508936782,88.05851745605469,14475700
JPM,2020-09-03,89.50521354916206,90.95191838055636,87.18355268645308,87.78129577636719,23281200
JPM,2020-09-04,90.13762204554546,91.14251662415658,87.81596084895983,89.67848205566406,26325500
JPM,2020-09-08,89.21066213603771,89.72177072261086,86.17864322656163,86.55980682373047,22108600
JPM,2020-09-09,87.32217236872877,88.09317115601094,86.24796631581185,87.3828125,13434000
JPM,2020-09-10,87.84194205086902,88.72555629804883,86.31726746177934,86.48186492919922,15922800
JPM,2020-09-11,86.60314168978897,87.80728605930523,86.27394676824076,87.55606079101562,13784300
JPM,2020-09-14,87.93722866660514,89.62649399936147,87.81594841754969,88.76886749267578,19017400
JPM,2020-09-15,88.99411853998072,89.0980692781706,85.8841289733152,86.00540924072266,23683000
JPM,2020-09-16,86.1353440646423,87.60803662821719,85.55493048093862,86.3692398071289,19270600
JPM,2020-09-17,85.50297126431546,86.05739731410536,84.64534450124667,85.3816909790039,18290100
JPM,2020-09-18,84.80125198668897,86.1873166983883,84.4114235584628,85.19974517822266,20121600
JPM,2020-09-21,82.47091532992964,83.20726809925874,81.27543591511365,82.56620788574219,28378800
JPM,2020-09-22,82.2630263535957,82.86943426822239,81.14550971150108,81.665283203125,19257000
JPM,2020-09-23,82.1070785847913,82.60086430265376,80.27054547729868,80.33984375,19952700
JPM,2020-09-24,79.97601111533228,81.69127076661015,79.16169519298766,80.27055358886719,18366500
JPM,2020-09-25,79.74212729987053,81.18883237497747,79.58619458098434,80.97225952148438,13293100
JPM,2020-09-28,82.34966352936692,83.9696309282205,81.73459738993806,83.3025894165039,20894100
JPM,2020-09-29,83.18995421513932,83.18995421513932,81.71726161816062,82.60087585449219,12848200
JPM,2020-09-30,82.60087884022,84.20351651469194,82.52291579123072,83.39786529541016,16400600
JPM,2020-10-01,84.13422512524266,84.69730926105706,83.18996404021912,84.00428009033203,15778700
JPM,2020-10-02,82.51424578419248,85.40765553477527,82.37563600464746,84.80125427246094,15149600
JPM,2020-10-05,85.96410937922157,86.77723639513884,85.27338800693852,86.5936279296875,13871900
JPM,2020-10-06,87.49419947294186,88.18492094688756,85.25591689349831,85.70182037353516,19220400
JPM,2020-10-07,86.52369212623778,87.73901023818459,86.27013563711537,87.19692993164062,16358500
JPM,2020-10-08,87.87891499236814,89.11171689133317,87.34557312943872,88.98931121826172,15659000
JPM,2020-10-09,89.18165196902466,89.27782879401244,87.52916895148253,88.48218536376953,13689100
JPM,2020-10-12,88.3947548946637,90.05598310153202,88.17617241140756,89.56636047363281,16058000
JPM,2020-10-13,90.05598861298847,90.24834227732326,87.66032631765603,88.11497497558594,21697300
JPM,2020-10-14,88.33355609560935,89.12045440534831,87.52042895398047,87.62535095214844,15204100
JPM,2020-10-15,86.64610442704611,88.9893091685418,86.59364675996916,88.93685150146484,17171200
JPM,2020-10-16,88.66581844638594,89.470200535657,88.06252854412803,88.75325012207031,13275000
JPM,2020-10-19,88.83192286486458,89.06799569030407,87.04828894071116,87.25813293457031,11725700
JPM,2020-10-20,87.70402828583862,88.98054911246004,87.53791014435322,87.7564926147461,11257100
JPM,2020-10-21,87.74776413989457,88.2985896686461,86.84720525786524,86.8821792602539,10730500
JPM,2020-10-22,86.83845986502742,90.26583204294616,86.82971469680065,89.9510726928711,14837200
JPM,2020-10-23,90.4931505218356,91.3237613124884,89.9947827133223,90.76419067382812,15087600
JPM,2020-10-26,89.74997462295072,89.79368711999571,87.65158131714672,88.51716613769531,12410700
JPM,2020-10-27,87.87890040919096,88.23737220066776,86.69855637438486,86.8471908569336,10391700
JPM,2020-10-28,85.2471622706766,85.94662883447387,83.99687029054904,84.40780639648438,16389500
JPM,2020-10-29,84.04059859185658,85.66685285952744,83.2711839538826,84.9586410522461,14208800
JPM,2020-10-30,85.60565407585231,86.05155757600383,84.13677939917962,85.71931457519531,15194500
JPM,2020-11-02,86.89966405533659,88.20241397585049,85.56194013197955,87.6515884399414,15011600
JPM,2020-11-03,90.07347202715053,91.57732066710382,89.78494820205916,90.41446685791016,17482600
JPM,2020-11-04,88.30733598437986,89.24286888095439,86.49747302855407,87.6515884399414,18886500
JPM,2020-11-05,88.35980398153998,91.89209863427108,88.3073463064481,91.2363510131836,17837400
JPM,2020-11-06,91.83087409228753,91.89207692230383,89.52264354508972,90.02101135253906,12552800
JPM,2020-11-09,98.93917549548155,103.95782729477752,96.48230392036443,102.20916748046875,47792400
JPM,2020-11-10,102.60262574895938,102.69005741618669,100.27691138179179,101.8769302368164,20539300
JPM,2020-11-11,102.20041978298124,102.26162260814226,99.63863295162852,100.35558319091797,14443400
JPM,2020-11-12,98.38835443179201,99.63864660622941,97.97741826199244,99.12279510498047,22063000
JPM,2020-11-13,100.28564875350038,100.4255447559808,99.29765825076453,99.74356842041016,11847900
JPM,2020-11-16,102.98732636604656,103.70427666347871,101.18620879043588,102.55890655517578,19858600
JPM,2020-11-17,100.88892926422596,101.80697835146357,100.18072416131051,101.51844787597656,14553200
JPM,2020-11-18,102.59387163552427,103.70427439137768,100.72280610344876,100.76652526855469,12571200
JPM,2020-11-19,99.83098666780458,101.26488714744734,99.2888997369708,101.03755950927734,10202500
JPM,2020-11-20,100.04958377260206,101.1162674570195,99.75230809911442,100.17198944091797,12718900
JPM,2020-11-23,101.46597108383165,103.31954590159769,101.046289864926,103.0572509765625,13209200
JPM,2020-11-24,104.98079258453444,107.97974445858921,104.66603328161382,107.8223648071289,20121600
JPM,2020-11-25,106.11741901950684,107.00048738783418,105.33052080018899,106.69447326660156,11715600
JPM,2020-11-27,106.66825867285041,106.97427283492132,105.86387668380445,105.98628234863281,5983600
JPM,2020-11-30,104.9195836038431,105.54910217276336,102.96982507347106,103.06600189208984,14411800
JPM,2020-12-01,105.21685734998991,106.30103123280368,104.59608391918616,104.6922607421875,12668900
JPM,2020-12-02,104.65729618477809,106.93929797161294,104.28133402566637,106.70323181152344,10811300
JPM,2020-12-03,106.53711076254027,106.57208476353745,105.23436091078646,106.00376892089844,12904400
JPM,2020-12-04,107.08793509594118,107.7961402200852,106.39721363571077,106.96552276611328,13583700
JPM,2020-12-07,105.92506689414621,106.8168804417138,105.1031946677117,106.56332397460938,9724300
JPM,2020-12-08,105.82890267795443,106.95678916433253,105.58409134831115,106.66825866699219,9592100
JPM,2020-12-09,107.69122176818193,107.80488893448897,105.30430466425099,105.837646484375,13073900
JPM,2020-12-10,104.91085121236547,105.60157268900572,104.53488905851341,105.1556625366211,13668400
JPM,2020-12-11,103.99279372857885,104.93706488997077,103.49442598456935,104.53487396240234,9981600
JPM,2020-12-14,106.09120798219351,106.16115598906293,103.26712557858347,103.4332504272461,12112400
JPM,2020-12-15,104.29880506091142,105.70647660520049,103.71300568227382,105.1993637084961,12590200
JPM,2020-12-16,105.18188856203801,105.8638648097629,104.7971812753798,105.50538635253906,11169400
JPM,2020-12-17,106.02124575172688,106.18736389704257,104.55237124999371,104.63105773925781,11618000
JPM,2020-12-18,104.16768441541667,104.81468680198815,103.40701485010881,104.11522674560547,28954800
JPM,2020-12-21,107.69121836730639,109.29124377714982,105.87261046990866,108.02346801757812,28323600
JPM,2020-12-22,107.88358663941193,107.99724714691965,106.32728018447867,106.3797378540039,11788200
JPM,2020-12-23,107.35023110676293,110.62022327980536,106.97426895824088,109.35244750976562,14973200
JPM,2020-12-24,109.36991926833635,109.77211687511098,108.04094081276692,108.87155151367188,4164900
JPM,2020-12-28,110.00818990122688,110.73388533335608,109.1076311539232,109.58850860595703,8072600
JPM,2020-12-29,110.34043588675277,110.41038388297922,109.19506579862909,109.29998779296875,8389200
JPM,2020-12-30,109.71965566212454,110.0344149551226,109.20380423063796,109.60599517822266,7398000
JPM,2020-12-31,109.3699059958852,111.32840945251543,109.13383989678954,111.10108184814453,8580200
JPM,2021-01-04,111.47706578111463,111.79182508873348,109.09888731048692,110.05191040039062,16819900
JPM,2021-01-05,110.069509575834,111.22313491424569,108.99514411987909,110.65072631835938,13731200
JPM,2021-01-06,114.37578315873478,116.92079340736811,112.6145233009003,115.84642791748047,24909100
JPM,2021-01-07,119.4922047490036,121.69377086660691,118.81411862233969,119.65071105957031,21940400
JPM,2021-01-08,119.73880289549334,120.07344531186395,118.10963826950531,119.7828369140625,12035100
JPM,2021-01-11,118.5147278976595,121.70259184822554,118.10083232606391,121.57050323486328,15937900
JPM,2021-01-12,122.79458808528601,124.74958041655495,122.2574052656617,123.48147583007812,18033500
JPM,2021-01-13,122.0460434012748,123.9834193311595,121.61454494546322,123.59595489501953,14816800
JPM,2021-01-14,123.71924216007713,125.70945353981321,123.28773026671698,124.31806182861328,18565600
JPM,2021-01-15,121.02450095887674,124.74074609458248,120.65463941838927,122.0900650024414,27881000
JPM,2021-01-19,123.16444589363658,123.90416906722082,121.36797340960393,121.56169891357422,19843800
JPM,2021-01-20,121.36797236928443,121.67618363698773,119.27207662479778,119.73880767822266,16028800
JPM,2021-01-21,119.49220254925531,119.90609804672872,118.2857486389523,118.73486328125,13411700
JPM,2021-01-22,116.85036466569375,118.35622887117022,116.41885272424436,117.81904602050781,12933200
JPM,2021-01-25,116.3660125978637,117.27305703165408,114.53430743368878,116.34839630126953,14212800
JPM,2021-01-26,116.9031877074557,117.27304928772689,115.66150090685477,115.87285614013672,11307800
JPM,2021-01-27,114.12040416776867,114.34937569627557,112.14780235611498,112.596923828125,17603900
JPM,2021-01-28,114.3933934895444,116.39241969557717,113.59203347119907,114.57833099365234,13761800
JPM,2021-01-29,115.5294248596995,115.99615595969973,112.88754462394071,113.31024169921875,14808100
JPM,2021-02-01,113.95308113377823,114.54311280373652,113.14290624248248,114.14682006835938,11080700
JPM,2021-02-02,116.18985502559367,118.34738712322891,115.5558029117255,117.6604995727539,12253600
JPM,2021-02-03,117.695735115014,119.55385770588221,117.57244793332444,119.00787353515625,10600800
JPM,2021-02-04,119.29845702349398,122.10765733154554,119.29845702349398,121.74659729003906,12419500
JPM,2021-02-05,122.75055990563891,122.8386279539514,120.98050500785769,121.50887298583984,10051300
JPM,2021-02-08,121.7026005181495,123.55192186073646,121.68498422268111,123.41101837158203,10136400
JPM,2021-02-09,122.78575988663876,123.27010720211977,122.00200275333145,122.91786193847656,8614800
JPM,2021-02-10,123.28772158075195,124.05386240778357,122.44231414893116,122.98831176757812,10323200
JPM,2021-02-11,122.98831842110268,123.77207558463171,121.72021392341615,122.6448745727539,9201000
JPM,2021-02-12,122.4511357565229,124.7055377824405,122.40710173750345,124.38851165771484,8324600
JPM,2021-02-16,126.41396336187151,127.97267635729065,125.40123461140163,127.38264465332031,12130600
JPM,2021-02-17,126.76620196707066,128.02550504794138,126.03528024439534,127.7789306640625,10810100
JPM,2021-02-18,126.81025586848703,128.38657188666326,126.28187442744905,128.21044921875,10587800
JPM,2021-02-19,128.44821535303137,131.0724792455333,128.44821535303137,130.35037231445312,11969800
JPM,2021-02-22,129.33763313384347,132.26132009222363,129.2671813886335,131.57443237304688,11488400
JPM,2021-02-23,133.42375376672743,134.1282578526645,131.7329520228572,132.63119506835938,16234400
JPM,2021-02-24,132.19087500870853,135.40515710177942,132.19087500870853,134.96484375,15061400
JPM,2021-02-25,135.8542484039,136.4090339390245,132.61353602802896,133.1331024169922,18127700
JPM,2021-02-26,132.3581876017557,132.86013780265938,129.02060508801296,129.60182189941406,19829200
JPM,2021-03-01,131.67129146229735,133.30925745672957,130.75543228406892,132.5343017578125,14845500
JPM,2021-03-02,132.16443351118815,133.66149595051368,131.9530783029219,132.102783203125,14221700
JPM,2021-03-03,133.17717163130064,136.47952174521018,132.8161248978589,134.65663146972656,14324100
JPM,2021-03-04,134.392414752408,135.95112746682216,130.87871007409666,132.58712768554688,20093900
JPM,2021-03-05,134.92961588738382,135.16738884444462,130.3063259920366,132.89537048339844,18465100
JPM,2021-03-08,134.26915357306032,136.90223223464443,132.75447457916337,134.65663146972656,17133300
JPM,2021-03-09,133.4149427290409,135.83666611191126,131.93549634868072,133.70555114746094,16238800
JPM,2021-03-10,133.77596923817018,137.51863170644867,133.42371059054437,136.61158752441406,14342200
JPM,2021-03-11,135.71340839090323,137.50988130543934,135.05293823393703,135.89834594726562,11771500
JPM,2021-03-12,138.13512339053676,138.81320980373172,136.55880729665637,137.50987243652344,12849500
JPM,2021-03-15,137.68600673433355,138.18795702723799,135.58130920179673,136.82298278808594,12101100
JPM,2021-03-16,135.69573201541843,136.14486012318824,134.02254706678022,135.18496704101562,12805600
JPM,2021-03-17,136.79654216308492,138.15271474460525,134.7799130237469,136.57638549804688,13952400
JPM,2021-03-18,138.78672894062476,142.3884877676018,138.35521715810293,138.83074951171875,21898500
JPM,2021-03-19,136.9462499343872,137.32492639353174,133.14194967070932,136.62042236328125,54418800
JPM,2021-03-22,134.55977555921893,135.59010728614075,132.63120074832742,132.94822692871094,19944800
JPM,2021-03-23,132.38459480078322,133.96091045963038,131.17814069143157,131.6184539794922,17076300
JPM,2021-03-24,132.0939847019035,134.89437072768226,131.9706975203402,132.6399688720703,13079800
JPM,2021-03-25,132.09399893993677,134.70946119393125,131.50398069048063,134.339599609375,15608300
JPM,2021-03-26,135.8806963489371,136.89341163319352,134.33959969367083,136.57638549804688,16754400
JPM,2021-03-29,133.96093747161137,135.37874708254657,133.00985896514882,134.45408630371094,17570300
JPM,2021-03-30,136.02159697112316,137.2632703234083,135.51083190653023,136.03919982910156,13184300
JPM,2021-03-31,134.98244566183757,136.04800977200048,133.96091556961943,134.0577850341797,16736700
JPM,2021-04-01,133.76718421952287,135.43156806868996,133.45897295103796,135.3611297607422,16561500
JPM,2021-04-05,136.76954646456912,137.24789314005847,135.17509359010108,136.07861328125,13508000
JPM,2021-04-06,135.34341684017974,136.66328360774875,134.51961690623472,135.12196350097656,13071600
JPM,2021-04-07,135.61803286944271,137.5048061635409,135.21940603827494,137.2390594482422,16903500
JPM,2021-04-08,136.4152421063897,137.7528152637231,134.91821553363113,137.4073486328125,12335500
JPM,2021-04-09,138.01857265982088,139.10811927013245,137.27449270723926,138.43490600585938,12122400
JPM,2021-04-12,137.81481631451828,139.2941227047361,137.8059630486259,138.14256286621094,12273400
JPM,2021-04-13,137.07958928218827,137.47820250896228,135.02449622153836,136.4949493408203,16113600
JPM,2021-04-14,134.17415427002453,136.26467439558576,133.69580747376415,133.94384765625,19939600
JPM,2021-04-15,133.9792581192111,134.82077802890367,132.26964498283633,134.79420471191406,17694100
JPM,2021-04-16,136.30007251015704,136.86699241646562,135.25481942395302,135.795166015625,13773400
JPM,2021-04-19,135.90145553896315,136.3089355462527,134.8384824334046,135.21937561035156,11900200
JPM,2021-04-20,134.4132859981849,134.42213926335634,131.67611321944182,132.22532653808594,13716700
JPM,2021-04-21,130.91435497412823,133.41235522207234,130.0285415840385,133.350341796875,12236700
JPM,2021-04-22,133.0756927480281,133.13770615036316,130.44482686805853,130.54226684570312,15256100
JPM,2021-04-23,130.37397689009893,133.87294975205262,129.93993708393108,133.040283203125,14041900
JPM,2021-04-26,133.56292199030685,135.05109529263294,133.2086020936013,133.3680419921875,10799100
JPM,2021-04-27,133.3149033223302,134.26273005311032,132.9694366716541,133.97926330566406,12821200
JPM,2021-04-28,135.0245110259385,135.431991079688,134.11212443396582,134.84735107421875,8943700
JPM,2021-04-29,136.0077301869258,137.54904976479634,135.70655699290205,137.46932983398438,12976900
JPM,2021-04-30,136.50382639352628,136.84929301824783,135.53827968446163,136.24693298339844,11705100
JPM,2021-05-03,137.16820972092486,137.726262968997,135.6446095991145,135.8483428955078,11801100
JPM,2021-05-04,135.41428391570662,137.86799070565715,134.7676439479978,137.72625732421875,12977700
JPM,2021-05-05,138.18685487130918,140.2065078227288,136.9732951505836,139.53329467773438,10506700
JPM,2021-05-06,140.02052763691984,142.45651443491965,139.21443421618167,142.3413543701172,13542400
JPM,2021-05-07,139.267608480749,143.05888942251957,139.09044847267828,142.82858276367188,14257800
JPM,2021-05-10,143.0588328909906,145.03419255745274,142.72221954716377,142.81080627441406,14014300
JPM,2021-05-11,142.6868173712689,143.84723070796554,139.99393719293792,140.4368438720703,15451700
JPM,2021-05-12,141.38468908255214,142.42108922484223,139.09928869835827,139.47132873535156,14381700
JPM,2021-05-13,140.1179314535284,143.90035776316472,139.675024834672,143.058837890625,15395000
JPM,2021-05-14,143.8472134198371,145.67198655592387,143.49289352569042,145.2822265625,10584000
JPM,2021-05-17,144.71532226907541,146.02633575533164,144.4141489748432,145.86688232421875,9886800
JPM,2021-05-18,145.87571576174525,146.6020890959109,143.71434284126835,143.81178283691406,11098100
JPM,2021-05-19,142.61593890422935,142.77537880766056,140.52541901068994,142.71337890625,13278900
JPM,2021-05-20,142.46536254882812,143.37774921702902,141.30494922420985,142.46536254882812,10426000
JPM,2021-05-21,142.91708494464982,144.58241792860855,142.56276510469223,144.08636474609375,10249000
JPM,2021-05-24,144.7064506085215,145.4771037977023,143.60803733121725,144.8658905029297,9440300
JPM,2021-05-25,145.1405540837619,146.77930102456986,143.11203350588335,143.36892700195312,12609100
JPM,2021-05-26,144.89247033300822,145.04305695370667,142.8905238681587,143.3511505126953,13058300
JPM,2021-05-27,145.2291015951504,145.93775500559752,144.00668831647968,145.58343505859375,15707500
JPM,2021-05-28,145.87569306076728,146.10601311450804,144.6178400959099,145.48594665527344,10291300
JPM,2021-06-01,146.92981053385137,147.85106370173744,146.58434397500278,147.08926391601562,9445400
JPM,2021-06-02,148.1611484544992,148.32060189939196,146.62869501535306,147.09817504882812,10498600
JPM,2021-06-03,146.52235876041894,148.15225173889317,145.85799888715036,147.19557189941406,13354400
JPM,2021-06-04,147.23102016346556,147.63848667247194,146.1857535429855,147.43475341796875,8510800
JPM,2021-06-07,147.93079127034437,148.01937798905652,146.28317832392142,146.74380493164062,7267200
JPM,2021-06-08,145.7073893929493,146.8323622032125,144.52925644736513,146.15914916992188,10370700
JPM,2021-06-09,145.39736943562,145.46823610936582,143.7497564412287,144.3343963623047,12377400
JPM,2021-06-10,145.5922529758328,146.37177288969642,142.0047069386294,142.0844268798828,12119400
JPM,2021-06-11,142.11098228149368,142.79306212015274,140.89742271836496,141.98696899414062,13683800
JPM,2021-06-14,141.86299258848757,142.02244600878757,138.77151286559072,139.57760620117188,19917900
JPM,2021-06-15,138.80693493292355,139.00181493114965,136.53040188664625,137.4604949951172,24485500
JPM,2021-06-16,137.06188067237764,139.62188042953358,135.6268675296592,138.42604064941406,25321200
JPM,2021-06-17,139.16126807945932,139.48016139263265,133.9792551195019,134.43101501464844,29722400
JPM,2021-06-18,132.25192185811235,132.60624175402845,130.71060192635827,131.0294952392578,43595700
JPM,2021-06-21,132.05701386105733,133.93493324083482,132.00386723958206,133.2528533935547,18664800
JPM,2021-06-22,133.40349584044998,133.73124245450248,131.68501577980038,133.0580291748047,14251200
JPM,2021-06-23,133.04912825654648,134.67902115751602,132.9516882724431,133.86407470703125,12733300
JPM,2021-06-24,134.5727408830764,135.63571402896002,133.95267434101402,135.09536743164062,13733200
JPM,2021-06-25,135.16625551500053,136.85816225347102,134.3513088568878,136.4595489501953,15484900
JPM,2021-06-28,136.14948341870925,136.84041661960097,134.74989696867732,136.70755004882812,14125800
JPM,2021-06-29,137.30103015140293,138.4614431468271,136.06975048618648,136.5392303466797,14528700
JPM,2021-06-30,136.19378864055014,138.25773515704287,136.1583620574047,137.77938842773438,12531000
JPM,2021-07-01,138.41715093585697,139.19667079359778,137.67307117152365,139.14352416992188,10479400
JPM,2021-07-02,138.93862789893225,139.26827672838118,138.1991644951682,139.00990295410156,11424000
JPM,2021-07-06,138.78716032817835,138.78716032817835,135.73131909600215,136.67568969726562,15083400
JPM,2021-07-07,135.42842293809764,137.4508103454487,135.01860832341828,136.83607482910156,12271800
JPM,2021-07-08,135.07201078558035,135.8916533032126,133.67326370176932,134.47509765625,17834600
JPM,2021-07-09,136.35496195251878,139.11679877223384,135.93622952985464,138.77825927734375,13694500
JPM,2021-07-12,137.51315515793425,141.79846720476752,137.14787563105716,140.76499938964844,19940400
JPM,2021-07-13,139.02771619536153,140.22154270560705,136.75587323705346,138.6713409423828,22671700
JPM,2021-07-14,138.93863642276264,140.12355879828436,136.26588286441137,138.1991729736328,14622800
JPM,2021-07-15,137.11224723390674,139.45536545365871,136.9340663885465,138.50209045410156,11539300
JPM,2021-07-16,138.94757605631946,139.2326627447952,134.5464389994007,135.33935546875,14002700
JPM,2021-07-19,132.34586920877138,133.47733885457902,129.815665397487,130.93821716308594,22172900
JPM,2021-07-20,130.5372582335336,134.63547127789963,130.36798170448895,133.37928771972656,15385200
JPM,2021-07-21,135.4640733766617,136.8895339017644,134.849337832586,136.1857147216797,12356700
JPM,2021-07-22,136.2035021707036,136.70241390704203,133.61092840402503,134.46620178222656,9913300
JPM,2021-07-23,134.9562535926671,136.16790260529922,133.86042826915556,134.2078857421875,9666100
JPM,2021-07-26,133.80694887668835,135.38387721643653,133.7891267139679,135.10768127441406,8208000
JPM,2021-07-27,133.99402278896457,135.85605119906842,133.45948030103872,134.9294891357422,11218700
JPM,2021-07-28,135.67787521438657,136.10552557603702,134.42169136073053,135.15223693847656,9217300
JPM,2021-07-29,136.43516802695103,137.08553429404455,135.33934280540174,136.31044006347656,9063500
JPM,2021-07-30,135.93624774398745,136.907344941847,134.70677675574072,135.2235107421875,9805200
JPM,2021-08-02,135.44624362822614,137.6022632572644,134.5909700799162,134.6800537109375,10203200
JPM,2021-08-03,135.37490722693397,136.59547340839256,133.20998429404264,136.21237182617188,10394800
JPM,2021-08-04,134.7512901465092,136.64003115242863,134.4483814180738,134.7423858642578,10155000
JPM,2021-08-05,135.66896711140254,136.92516452403135,135.4284154890353,136.44406127929688,9151500
JPM,2021-08-06,138.26153167541773,140.60464977381957,138.19025662209955,140.31954956054688,13328800
JPM,2021-08-09,140.3373979218325,141.25504231383724,138.89410161276385,140.16812133789062,9516900
JPM,2021-08-10,139.64243999212394,142.52900453226943,139.25933832634027,141.88754272460938,8667000
JPM,2021-08-11,142.54683916028566,143.88321577741334,141.72719646643313,143.58030700683594,9156500
JPM,2021-08-12,144.22176397091283,144.65830495064185,143.03684177932956,144.14157104492188,8844200
JPM,2021-08-13,144.14158121873933,144.47123004050718,142.1637562597644,142.52902221679688,8980900
JPM,2021-08-16,141.60243899412032,141.682618311788,139.67805380415737,141.59352111816406,8755800
JPM,2021-08-17,140.38193629422256,141.53121437314815,138.3328224598618,139.8830108642578,9347200
JPM,2021-08-18,139.259344390175,140.77390177086178,138.39515312817875,138.60897827148438,8065500
JPM,2021-08-19,136.45298201605056,138.59117943159833,136.31933618112404,137.4508056640625,9517700
JPM,2021-08-20,137.51316871722634,138.0031626347919,136.45297435358466,137.84280395507812,6974100
JPM,2021-08-23,138.3862736568754,139.9542842059418,138.30609431163217,139.60682678222656,7934600
JPM,2021-08-24,139.87411019832362,141.25503566118547,139.75828652122274,140.4710235595703,7670900
JPM,2021-08-25,141.21937051217787,144.13267541995864,140.58682650971858,143.36648559570312,11335000
JPM,2021-08-26,144.56030491747717,145.95905226861288,143.57138570064427,144.10594177246094,11027500
JPM,2021-08-27,144.10600962786992,145.36220747211885,143.6694548438476,145.2642059326172,8780200
JPM,2021-08-30,145.4067042141322,145.65616011761068,142.43994622526958,142.93885803222656,7937600
JPM,2021-08-31,142.93884340192741,143.76739036917758,141.96774633461513,142.50228881835938,12340800
JPM,2021-09-01,142.74286801069155,143.22395769850735,141.62922062800567,142.2974090576172,8729900
JPM,2021-09-02,142.56462862859644,143.98118425526826,142.0389769480479,142.95663452148438,8813300
JPM,2021-09-03,142.8942887505733,143.3397475986759,141.78954591332186,142.09246826171875,7959700
JPM,2021-09-07,142.53794765256004,143.7763228849883,141.62030338076275,141.84303283691406,9285600
JPM,2021-09-08,141.55795245164745,142.17268801189235,140.80066675684424,141.2104949951172,7852700
JPM,2021-09-09,141.00553746335555,143.2862844268356,140.8362609381353,141.82518005371094,7904300
JPM,2021-09-10,143.04575843277692,143.18830854205993,140.07009627170902,140.19482421875,8311600
JPM,2021-09-13,141.23719684288633,142.59139569663432,140.82738227033113,142.422119140625,10052800
JPM,2021-09-14,142.947770845456,143.74068721332046,139.2148227605193,139.9364776611328,11685600
JPM,2021-09-15,139.62465357094885,141.37976291138116,139.40192409723235,140.90757751464844,11691500
JPM,2021-09-16,142.02118689935497,143.30411049993384,140.07007505633499,140.8451690673828,10880900
JPM,2021-09-17,140.21263972549366,141.6648264126123,139.87408663059833,140.4799041748047,25581600
JPM,2021-09-20,137.10335792991708,137.70027130397403,134.07424244484295,136.27481079101562,15819900
JPM,2021-09-21,136.782610052607,137.69135002369617,135.93624085339027,136.2926025390625,8999900
JPM,2021-09-22,138.27041186881513,140.0967957082002,138.18132826343296,138.90296936035156,11236200
JPM,2021-09-23,140.76500214141842,144.0703129200399,140.4709976575255,143.59811401367188,12336100
JPM,2021-09-24,143.8297432071135,145.74521065849962,143.2773786311336,145.2552032470703,10102400
JPM,2021-09-27,147.00142855824362,149.13962571772402,146.6539711799699,148.76544189453125,13220900
JPM,2021-09-28,149.40689005865082,150.83236376378696,147.58942399921077,147.96360778808594,13387900
JPM,2021-09-29,148.07942560501377,148.6941473518979,147.03704001250657,147.8477783203125,7777100
JPM,2021-09-30,148.71199598454749,148.77436675517,145.03250115896438,145.83433532714844,13161200
JPM,2021-10-01,146.1105166131168,149.94146580415529,145.7541549371569,148.8990936279297,11285000
JPM,2021-10-04,148.7565611778834,151.84804734366807,147.65181810034727,148.73873901367188,14120000
JPM,2021-10-05,149.8680359356657,152.49414818968071,149.38403368241293,151.1676483154297,12292900
JPM,2021-10-06,150.56718239330863,151.56206101043142,148.7835672361253,151.4903564453125,8692600
JPM,2021-10-07,153.44421920823416,153.7220657864047,151.95638059634337,152.4493408203125,10195400
JPM,2021-10-08,152.38660240666474,153.56969322539123,151.74127516872528,152.56585693359375,8190100
JPM,2021-10-11,153.08573275485656,153.52490437506603,149.19585273337879,149.357177734375,12154700
JPM,2021-10-12,148.55946629949358,149.40197767816952,147.68110948345142,148.2099151611328,13032600
JPM,2021-10-13,147.0537300958119,148.25475070290034,143.94361490008902,144.3021240234375,22753500
JPM,2021-10-14,144.97431656549836,146.9999187854076,143.45959045151446,146.51593017578125,15176800
JPM,2021-10-15,148.20096055749215,149.83219468115365,147.11644800438182,149.3302764892578,14267400
JPM,2021-10-18,149.21374265084629,151.12283688790518,148.70286656034446,149.2764892578125,12672900
JPM,2021-10-19,150.03833848795588,151.1586964924246,149.30339074867186,151.08700561523438,8053900
JPM,2021-10-20,150.8449902800967,153.14843900915255,150.09211305415,153.12155151367188,8185600
JPM,2021-10-21,153.04986344586516,153.5607532674933,151.18558605976273,151.92054748535156,8415200
JPM,2021-10-22,152.39553425862672,154.2418815547933,152.09975818551635,153.9640350341797,8817900
JPM,2021-10-25,154.7976276308268,155.02169922716354,152.79889914460668,153.21119689941406,10159200
JPM,2021-10-26,153.26499549981438,154.60046734311547,152.85269768150596,153.62350463867188,8015100
JPM,2021-10-27,152.65550994507007,152.99608948555067,149.98456656086825,150.4237518310547,9847000
JPM,2021-10-28,150.84499749686972,152.82578269867892,150.54026341601363,152.69134521484375,7212900
JPM,2021-10-29,153.42628388805707,154.376358864125,151.8219374116783,152.27008056640625,8140100
JPM,2021-11-01,154.19711070760317,154.4570414298341,151.4813639309913,152.18943786621094,7435500
JPM,2021-11-02,152.18946764558467,153.88344877509854,151.40073105999153,152.78997802734375,7173800
JPM,2021-11-03,152.48521039107976,153.38149679568025,151.60683986767475,152.84371948242188,8402700
JPM,2021-11-04,152.36868478191192,152.54793932287697,149.22272450780412,150.83602905273438,9574200
JPM,2021-11-05,151.3827611054454,152.4493440646651,150.0473031785607,150.6209259033203,7975600
JPM,2021-11-08,151.51721088314994,153.19326198877818,151.23936430160134,151.5261688232422,6413700
JPM,2021-11-09,149.99350972627875,150.99734595201116,149.32129503735234,150.37890625,7990300
JPM,2021-11-10,150.08315236494818,151.42758194183855,149.76048871944468,150.2355194091797,6999200
JPM,2021-11-11,150.14588475653562,151.1855664702525,149.59017795087064,150.22654724121094,5815300
JPM,2021-11-12,150.26241205719214,150.34308822851702,148.53258584023044,149.55435180664062,8113400
JPM,2021-11-15,149.8680251580928,150.38785913162047,148.78351281221612,149.28543090820312,6492500
JPM,2021-11-16,149.73359925972483,149.7425708762499,147.99480150820128,148.2099151611328,9706100
JPM,2021-11-17,148.0754883324011,148.38918037972675,146.44424045182333,147.4122314453125,9909600
JPM,2021-11-18,147.34053169129422,147.75282948346165,145.70032581633382,146.13951110839844,8122500
JPM,2021-11-19,144.5709856328314,145.29697536122904,142.91285047627974,144.2303924560547,12193600
JPM,2021-11-22,147.13437564056005,148.7656097429237,146.08572221555954,147.30467224121094,14549900
JPM,2021-11-23,148.33541208795694,151.07804652204845,148.21889046943465,150.82708740234375,12354400
JPM,2021-11-24,150.98839612488786,151.866752869594,149.17789396942763,149.6439666748047,9629800
JPM,2021-11-26,145.32387679689367,145.7809779388544,142.34821305136902,145.13565063476562,13619300
JPM,2021-11-29,146.37254784672737,147.69009011130868,143.2445166777698,144.50827026367188,12104400
JPM,2021-11-30,142.65293861195255,143.97048063929282,141.8731601883517,142.35716247558594,18922600
JPM,2021-12-01,144.302115036909,146.3366890596353,141.43400119999595,141.51466369628906,12253400
JPM,2021-12-02,143.25346153853386,146.31875948350122,142.3302876110837,144.49034118652344,12969900
JPM,2021-12-03,144.7502231847424,145.04599927574264,140.88723180064247,141.87313842773438,12681800
JPM,2021-12-06,144.31106004396992,145.74512367202226,142.92182714483437,143.54922485351562,11186500
JPM,2021-12-07,145.09084973411137,146.4442373019538,144.44552241899893,145.70928955078125,9851600
JPM,2021-12-08,145.7899617063495,146.33669700465146,143.5582034540192,144.04220581054688,11705700
JPM,2021-12-09,143.09209661351704,144.23934193762955,142.19581034928893,143.81809997558594,11189600
JPM,2021-12-10,144.58893650936392,144.9295160601181,142.626066997962,143.2445068359375,10405400
JPM,2021-12-13,142.95766845468523,143.2175854706919,140.96791172441394,141.54153442382812,12069000
JPM,2021-12-14,141.1202997575534,144.20352735429665,140.98586225965596,142.62606811523438,12563600
JPM,2021-12-15,143.2713890969695,143.2713890969695,141.03067305651794,141.55947875976562,14014200
JPM,2021-12-16,143.75534010034303,145.03703645150352,142.2406142654451,143.7732696533203,19542800
JPM,2021-12-17,142.79635090669257,142.85012590064585,139.0857122089798,140.50184631347656,28082000
JPM,2021-12-20,138.4852261836647,138.65552281177332,136.0921428008289,137.97434997558594,15148000
JPM,2021-12-21,139.29188369323552,140.878300899471,139.00506545801449,139.90135192871094,11291300
JPM,2021-12-22,139.59657467444103,140.77070740003697,139.13947363908258,140.4480438232422,7273000
JPM,2021-12-23,141.26368737179422,142.6170747908714,140.9051783144706,140.94998168945312,8055200
JPM,2021-12-27,141.2547042531702,141.79246774329843,140.1253749390421,141.75662231445312,6188100
JPM,2021-12-28,141.79250618422688,143.54026193439492,141.684956192292,142.18687438964844,6342300
JPM,2021-12-29,142.37508877505712,143.07419101729727,141.74767740401347,142.1151580810547,6398900
JPM,2021-12-30,142.60813712804307,143.62094518954336,141.94488023382004,142.04347229003906,6948200
JPM,2021-12-31,142.0165613421231,142.76943855098904,141.57738980840648,141.92694091796875,5805900
JPM,2022-01-03,143.28032565834596,145.7720004294373,142.96661998899367,144.9294891357422,13120900
JPM,2022-01-04,147.26881979656702,151.09596664749054,147.19711524166442,150.4237518310547,20195800
JPM,2022-01-05,151.31640038878064,151.80329013211062,147.62860510009205,147.67369079589844,17539400
JPM,2022-01-06,150.49592031673117,150.9106757888475,147.75486900943554,149.24261474609375,14047500
JPM,2022-01-07,149.37780644172148,151.05489230050952,148.82779404291946,150.72128295898438,13913300
JPM,2022-01-10,152.44344226807127,152.6598315497532,149.25156278106437,150.86553955078125,12922500
JPM,2022-01-11,151.7131120078545,151.9475521123548,149.95488001521278,151.0188446044922,11854100
JPM,2022-01-12,151.89347953698893,152.91234484028402,150.73934337201004,151.8754425048828,12568000
JPM,2022-01-13,151.7852334296692,153.11067291689878,151.37948973644444,151.68605041503906,13623400
JPM,2022-01-14,144.95068706777226,145.19413883526272,141.47028298920227,142.36293029785156,40158400
JPM,2022-01-18,140.46041256008874,140.46041256008874,135.7357153001426,136.39393615722656,32324800
JPM,2022-01-19,136.66443486704068,137.2595192359794,133.94142136009356,134.28404235839844,22380000
JPM,2022-01-20,134.33816982786135,135.79885290155266,132.86846135954696,133.1389617919922,14860800
JPM,2022-01-21,132.99466510334548,133.0036767378507,130.0823112045706,130.81265258789062,20705400
JPM,2022-01-24,128.2880073309946,131.17331261267407,125.8445197948773,130.6954345703125,28471400
JPM,2022-01-25,129.52330445537956,132.40862414185943,126.94455927238931,132.12008666992188,18915900
JPM,2022-01-26,134.094712438551,135.7627869034802,131.60613883252398,133.37338256835938,20709100
JPM,2022-01-27,134.72583722644728,135.59143560587256,129.95606890138882,131.02001953125,17536800
JPM,2022-01-28,130.01017201401646,132.3274277518888,128.18881756166175,132.1921844482422,14117000
JPM,2022-01-31,131.317609923402,134.1578301341488,130.44299963461228,133.9865264892578,13985700
JPM,2022-02-01,134.0676779237184,136.57428882459573,133.71603146663776,136.28575134277344,14584900
JPM,2022-02-02,135.69969006157655,136.09642225377036,133.5086651249957,135.19476318359375,12441100
JPM,2022-02-03,135.24883473438163,136.73656641317066,133.7069919647916,134.07667541503906,12474900
JPM,2022-02-04,134.43733604731216,138.40462936624814,134.13978698465868,137.55706787109375,16654400
JPM,2022-02-07,138.1972510091852,138.5128233408308,136.01523831868516,138.0169219970703,12572300
JPM,2022-02-08,139.75712009161342,142.8948890000778,139.57679107539767,140.6136932373047,20411400
JPM,2022-02-09,141.19075793131088,141.94814807359296,140.4964905133302,141.1997833251953,9131100
JPM,2022-02-10,141.2538770668259,143.3908041133376,139.95548613691733,140.6136932373047,16455600
JPM,2022-02-11,140.30716166904648,142.63344360848723,137.92678238932976,138.78335571289062,16830000
JPM,2022-02-14,137.7103315468569,138.5669045735747,135.5373445022074,137.4939422607422,17026500
JPM,2022-02-15,139.31526904842,140.6046480350798,138.72018481279574,139.50462341308594,9500000
JPM,2022-02-16,138.62107089258762,140.74898685606559,138.62107089258762,139.7571563720703,9076500
JPM,2022-02-17,137.9538191613238,138.61202634162095,135.85295215971024,136.5382080078125,11367500
JPM,2022-02-18,137.16937886649532,138.9817083818998,136.26771992701023,137.1783905029297,11733300
JPM,2022-02-22,135.78985472591253,138.17023400259367,135.61853730977387,136.93495178222656,11333500
JPM,2022-02-23,138.0619995979649,138.22430534628506,133.418461993867,134.06765747070312,11799000
JPM,2022-02-24,128.88313684104642,130.73154050224386,126.03389116142081,130.33480834960938,25655100
JPM,2022-02-25,130.965958912331,135.36605887084664,130.65939817967333,133.41847229003906,18367700
JPM,2022-02-28,129.43313528251048,130.79463524157825,127.02570771818957,127.85523223876953,31315300
JPM,2022-03-01,126.26832469073372,126.66505686582518,120.44361505309092,123.0313720703125,36840400
JPM,2022-03-02,123.7887473806501,126.26830941680886,123.17562591747438,125.58305358886719,19405600
JPM,2022-03-03,126.08798088599652,127.11587151111299,123.5813701728489,124.6904067993164,16640800
JPM,2022-03-04,121.66986406044951,122.102656515338,119.37964256362379,121.1829605102539,21016000
JPM,2022-03-07,119.17224406569403,119.64111050233956,116.26890157737108,116.50334167480469,27560100
JPM,2022-03-08,116.89104263347035,118.82960348967877,114.75410886768476,115.68282318115234,19207800
JPM,2022-03-09,119.83045643755949,121.94034861646897,119.41570106847857,120.3173599243164,17536200
JPM,2022-03-10,118.89273071289062,120.32636491249848,117.50418220522836,118.89273071289062,15604200
JPM,2022-03-11,119.46079856685715,120.89443298732363,115.79104005704099,116.2148208618164,20061800
JPM,2022-03-14,116.7287645318465,119.84849654865901,116.52137308375106,117.36893463134766,15786900
JPM,2022-03-15,118.83863034054471,120.4165332106553,118.23452060697463,119.45175170898438,15096600
JPM,2022-03-16,121.60673404374151,124.87074868720958,121.21000191793254,124.78958892822266,20354900
JPM,2022-03-17,123.40104086989797,126.40356673734074,122.55347928015323,126.36749267578125,17050500
JPM,2022-03-18,126.4035642124436,126.99866239227822,124.84369815762535,126.32241821289062,23656500
JPM,2022-03-21,126.54783638137619,126.91750608657999,125.08713955857726,125.91666412353516,12676100
JPM,2022-03-22,128.2790320914416,129.77577560213373,127.78311688086977,128.5946044921875,13548600
JPM,2022-03-23,127.11587008835349,127.66588257728222,125.5109183189988,126.03388214111328,12093200
JPM,2022-03-24,126.50273136775705,126.87241477473805,125.42975520312606,126.85437774658203,10017600
JPM,2022-03-25,127.21503100288604,129.09949450718673,126.95355601639824,127.96340942382812,8383500
JPM,2022-03-28,126.23223147693211,127.10684160996571,124.33874250148959,127.01667022705078,10818100
JPM,2022-03-29,129.2528078900717,129.47822261345289,126.4486481808806,127.29619598388672,11316500
JPM,2022-03-30,127.94536497294062,128.14373098906523,126.15107295193155,126.71910858154297,8771000
JPM,2022-03-31,126.07894069508244,126.5478070826264,122.86001245495406,122.91412353515625,17353900
JPM,2022-04-01,123.8879043053246,123.89692969790798,120.64194112422332,122.0034408569336,15721300
JPM,2022-04-04,120.93047192171554,123.47315630104687,119.82143546773246,122.54444885253906,17416400
JPM,2022-04-05,121.78145463294454,122.98953765348999,120.8186001854299,121.11835479736328,12110300
JPM,2022-04-06,119.51967472201088,120.40984624469272,118.95650696320031,119.43792724609375,12914700
JPM,2022-04-07,118.94740997617824,119.82850303127752,116.93088915525023,119.07457733154297,12994200
JPM,2022-04-08,119.60144123416889,121.6270408898892,119.43794625631212,121.25463104248047,13126900
JPM,2022-04-11,120.80953216552734,122.53537708095317,120.41895160916842,120.80953216552734,10466400
JPM,2022-04-12,120.02834065018254,122.24469788930124,118.72032563298447,119.48332977294922,12989900
JPM,2022-04-13,115.30496188852196,117.40323016750025,114.46020335943571,115.63196563720703,30838000
JPM,2022-04-14,114.90530247142894,116.54032140511848,113.560952800384,114.56013488769531,18835200
JPM,2022-04-18,114.1513635368558,117.39415187006067,114.0332815447342,116.6856460571289,11834400
JPM,2022-04-19,116.67656489636225,119.28351670517229,116.47672848285896,119.10183715820312,15015400
JPM,2022-04-20,120.37354320204209,121.27279334092775,119.30169192290452,119.51969909667969,13430200
JPM,2022-04-21,120.10102173202377,120.6369403702375,118.04817309434537,118.59317016601562,12174200
JPM,2022-04-22,118.33883083152033,118.55683796784439,115.07788538098254,115.18688201904297,14318800
JPM,2022-04-25,114.46021568083782,115.46847619280373,111.82602161290978,115.15055084228516,17149000
JPM,2022-04-26,113.21577193359262,114.82354151810583,111.60800927918046,111.74425506591797,17209500
JPM,2022-04-27,111.11751123264173,112.23476834067054,110.10925076143435,110.2909164428711,17215200
JPM,2022-04-28,111.55352228810203,112.31653346919038,110.03659221999705,112.03494262695312,13015600
JPM,2022-04-29,111.7715398444681,112.28020939246346,108.00191733816658,108.41975402832031,14874800
JPM,2022-05-02,108.89208094116131,109.64600677231947,107.38423620894734,109.40983581542969,18545000
JPM,2022-05-03,110.39084342417641,112.78886664634277,109.70958666946774,111.75335693359375,15720900
JPM,2022-05-04,111.54444923004803,115.72282287421346,111.48994397370633,115.4503173828125,17128500
JPM,2022-05-05,113.76985669704099,114.54194615487302,110.9630827205444,112.56175994873047,15055400
JPM,2022-05-06,112.4527883766834,112.89787419834097,110.07292886824266,112.38011932373047,14417900
JPM,2022-05-09,110.91767547295842,112.02585415446022,109.45524385951447,110.69058990478516,14312300
JPM,2022-05-10,111.82602654081015,112.43461424815578,106.78472375882266,107.9928207397461,16382400
JPM,2022-05-11,108.36523430227344,111.62617968658363,107.12988827526584,107.31155395507812,14630300
JPM,2022-05-12,106.27605675095734,107.47506839607175,104.7954611902039,107.22073364257812,16318800
JPM,2022-05-13,108.46515280018768,109.2281569735961,107.1480523626115,108.17447662353516,10443200
JPM,2022-05-16,107.67489748028493,108.51057073621672,106.48497128042332,107.42056274414062,10269000
JPM,2022-05-17,109.94575254209087,111.69885345380604,109.73683076438104,110.98126220703125,11160200
JPM,2022-05-18,110.18193270714565,110.79052043432934,108.57416282476208,109.08283233642578,12664900
JPM,2022-05-19,107.35698388374132,108.68316287472419,106.84830745849567,107.46598052978516,12765800
JPM,2022-05-20,108.51055732487019,108.70130835340258,104.47751577846859,106.58486938476562,13150100
JPM,2022-05-23,109.41891436154341,114.96888645696252,109.40982899797083,113.17945098876953,24376700
JPM,2022-05-24,112.96145254966146,115.80456154360846,111.82602463880535,114.77813720703125,19324900
JPM,2022-05-25,114.70546869346519,116.14065124271758,113.69720814950577,115.57747650146484,12780400
JPM,2022-05-26,116.60390321275453,118.25709294518363,116.45857897028732,117.57583618164062,15990900
JPM,2022-05-27,118.22983006765288,119.23809051513672,117.30331709586166,119.23809051513672,11177800
JPM,2022-05-31,118.24800279571171,120.94578073708585,117.82109463420358,120.110107421875,17015000
JPM,2022-06-01,120.6914319158185,120.6914319158185,116.87639718748618,118.00274658203125,10768000
JPM,2022-06-02,117.99367471631602,119.91027777533886,116.87641742149769,119.90119934082031,8374800
JPM,2022-06-03,119.1835976845149,119.69226714806652,118.07541898454741,118.2298355102539,8596000
JPM,2022-06-06,119.07459480210566,120.25544262386137,117.5940062031713,117.83924865722656,11323500
JPM,2022-06-07,117.02172957874735,118.37516447289995,116.83097161452629,118.14807891845703,6722200
JPM,2022-06-08,117.1761646270752,117.58491591768689,115.26864705405023,116.267822265625,8422100
JPM,2022-06-09,115.69556118741495,116.3586541153249,113.78803681429676,113.82437133789062,13560100
JPM,2022-06-10,111.35367776027306,112.0894397260275,108.38340152773641,108.59232330322266,12945200
JPM,2022-06-13,106.14887997267715,107.13896973681463,104.5138610877417,105.3586196899414,16805600
JPM,2022-06-14,104.95895719379872,106.56672004093218,102.8425179381667,103.60552215576172,13357900
JPM,2022-06-15,105.02251522900315,106.23060494514414,102.7970729443325,104.8317642211914,14083500
JPM,2022-06-16,103.42385927252326,103.78719759414219,101.61625995834926,103.03327178955078,16724900
JPM,2022-06-17,103.13317835600826,104.12326806726963,101.8796685645697,102.669921875,30919900
JPM,2022-06-21,105.24962187611989,106.30329531123714,104.49569612481002,105.21328735351562,11680500
JPM,2022-06-22,104.35035831431907,105.54936984306978,103.90527253890066,104.62286376953125,9842700
JPM,2022-06-23,104.46842903276215,104.62284552974756,101.26198246193348,103.47833251953125,11851500
JPM,2022-06-24,102.85159498692806,107.02088254623379,102.48825670454576,106.56671142578125,14841100
JPM,2022-06-27,107.23890620072041,107.63857909177425,105.04071916012995,105.712890625,11280500
JPM,2022-06-28,106.88464029835333,108.35615736765895,105.00437195262492,105.20420837402344,11590900
JPM,2022-06-29,105.36770941231696,106.11254983957924,104.21411771196144,104.73187255859375,9338400
JPM,2022-06-30,102.79709874207315,103.62369358013135,100.76241388469425,102.2884292602539,15172600
JPM,2022-07-01,102.32477009261973,103.93253304968344,100.97134189214441,103.59645080566406,10573600
JPM,2022-07-05,101.50710434073656,103.28487843308086,100.16003566352076,103.20240783691406,12514200
JPM,2022-07-06,102.38682292649867,103.54145311162132,101.5254261608396,102.53343963623047,10656200
JPM,2022-07-07,104.00880406315798,105.29173344107218,103.91716774860753,105.12678527832031,10347400
JPM,2022-07-08,105.52998708436803,105.97900989255312,104.10959982463271,104.79688262939453,8807800
JPM,2022-07-11,104.05464295359482,104.67777978372902,102.83585949310525,103.4223403930664,7939500
JPM,2022-07-12,103.16574577925392,105.54832507615383,102.87250535796476,103.52313232421875,11250900
JPM,2022-07-13,102.40514174884179,103.07410011344058,101.149702594837,102.55176544189453,12979900
JPM,2022-07-14,98.95958426925871,99.1795198586252,97.19097577200995,98.96875,26204800
JPM,2022-07-15,100.03173555608011,104.35702993966817,98.66632853456102,103.50479888916016,18863900
JPM,2022-07-18,105.17261081752476,106.15313416657214,101.98362199636645,102.44181060791016,13977900
JPM,2022-07-19,103.6697439762107,105.32839136408279,103.24821132815673,104.98016357421875,11862300
JPM,2022-07-20,104.55864479251393,105.145125684228,103.99049536133052,104.96185302734375,11667500
JPM,2022-07-21,104.87021104859112,105.86905886017962,103.88968770514225,105.67662048339844,11595900
JPM,2022-07-22,105.60330163931829,106.52884452569346,104.1645897821543,105.16344451904297,7645500
JPM,2022-07-25,106.15312555400921,106.72128190313217,105.172602284515,105.58497619628906,9394000
JPM,2022-07-26,104.99848659935485,105.9148636714566,103.57809934103625,103.93548583984375,10675100
JPM,2022-07-27,104.47616200989958,106.06149058213165,103.82553506501444,105.60330200195312,9337400
JPM,2022-07-28,105.61246721905407,106.28142561908834,104.03629739225805,105.20925903320312,10384800
JPM,2022-07-29,105.92403493104177,106.7579415211145,105.19093738153259,105.71327209472656,12944500
JPM,2022-08-01,104.92518931366378,105.48417996451607,103.6147696390859,104.65943908691406,14740400
JPM,2022-08-02,104.39368214700731,104.83354625057682,102.88165846720327,103.02828216552734,14942900
JPM,2022-08-03,103.96298780721595,104.55863436981966,102.36849347877467,104.10961151123047,14394500
JPM,2022-08-04,103.41315704949486,103.8438554164175,101.73618523456729,102.9641342163086,18033900
JPM,2022-08-05,103.11992493042546,106.47386882961652,102.68006779074992,106.07982635498047,14174600
JPM,2022-08-08,106.52882985435829,106.94119672174988,104.63192967983353,104.78771209716797,10332500
JPM,2022-08-09,105.15428278631208,106.2905885468458,104.80606197024294,105.73159790039062,10233800
JPM,2022-08-10,108.09585619678464,109.3879514348252,107.67432351391135,108.48989868164062,12847300
JPM,2022-08-11,109.87362307455014,111.06490918979306,109.33295691367451,110.09355163574219,11684900
JPM,2022-08-12,110.57922736588773,112.02710491926354,109.45208740335796,111.9171371459961,9906700
JPM,2022-08-15,111.00992591478045,112.45780347045417,110.51508142139566,112.21954345703125,8456200
JPM,2022-08-16,112.06376026995359,113.85069288013405,111.67888355259205,113.29170227050781,9555000
JPM,2022-08-17,112.07292560842028,112.86101049821654,111.51393500074147,112.33866882324219,8149300
JPM,2022-08-18,112.01794165588767,112.22871147810542,110.46926901551625,111.4681167602539,9531800
JPM,2022-08-19,110.53341925157693,110.87247433761473,108.23331054548441,108.70982360839844,13464500
JPM,2022-08-22,106.9870310263357,107.36274900936787,105.84155960207086,106.9137191772461,8967600
JPM,2022-08-23,106.93205275728873,107.48187765356658,105.73159392668218,105.8598861694336,7607000
JPM,2022-08-24,105.64912365693193,106.67546859344074,104.8793632066996,106.1164779663086,9771300
JPM,2022-08-25,106.44636447521818,108.81061201719247,106.00650040264026,108.63650512695312,10758900
JPM,2022-08-26,109.47041039784526,109.95608915495758,105.01681701573952,105.08096313476562,11276200
JPM,2022-08-29,104.46700005055582,105.25508499621438,103.97215552713745,104.82438659667969,8117300
JPM,2022-08-30,105.38336389269955,105.91486427548622,103.8805060451941,104.84270477294922,10745400
JPM,2022-08-31,104.90686450118002,105.41086776426728,103.86218806538142,104.2195816040039,10738300
JPM,2022-09-01,103.81636782209952,105.04430984320028,102.5517698761506,104.9343490600586,9979800
JPM,2022-09-02,106.18064177979228,107.62851262094124,103.72475030116713,104.20126342773438,10666600
JPM,2022-09-06,104.76939537180655,105.15427207532213,102.69838117116177,104.22872924804688,9751900
JPM,2022-09-07,103.66975341356657,106.400560632565,103.33069831328994,106.20812225341797,10647900
JPM,2022-09-08,105.6399628649719,108.85644880575724,105.04431628461859,108.68233489990234,11435000
JPM,2022-09-09,109.17717594110229,110.01108252523977,108.74647755073704,109.20466613769531,9299700
JPM,2022-09-12,110.53341343198815,111.38564445406696,109.77281872586778,110.49675750732422,8614600
JPM,2022-09-13,108.19666436718856,108.97558365112867,106.09815957258976,106.65715026855469,12904600
JPM,2022-09-14,106.94120716152,107.98587651953609,105.27340108193268,106.40971374511719,9345700
JPM,2022-09-15,106.40971435855738,109.3970987546802,106.07981803397652,108.01337432861328,10821400
JPM,2022-09-16,107.57349571493944,107.58266144255272,105.7224172469532,107.28942108154297,14844100
JPM,2022-09-19,106.29975848860512,108.80147139821824,105.85073560430655,108.27913665771484,8201300
JPM,2022-09-20,107.59184424581785,107.8484287284981,105.05347563201083,106.14396667480469,9619000
JPM,2022-09-21,106.79458969028559,106.84957007986944,103.0191134642042,103.08325958251953,12606300
JPM,2022-09-22,103.89883793037058,104.10044202040444,101.7820089678205,101.9103012084961,11684500
JPM,2022-09-23,100.84730374269262,101.11304695213371,98.19897445435083,100.01339721679688,18138600
JPM,2022-09-26,98.96873219953821,100.44409997034356,97.1909582912976,97.85991668701172,15753600
JPM,2022-09-27,98.73964564651318,99.12452240172287,95.89887765728396,96.99852752685547,12793600
JPM,2022-09-28,97.09015402674522,99.6376883182945,96.80607935398723,98.95956420898438,12762600
JPM,2022-09-29,98.0065245038208,98.30893061382021,95.66976717817614,97.2825927734375,12713900
JPM,2022-09-30,97.19095971185767,98.62051284089952,95.66977725616037,95.76141357421875,15973400
JPM,2022-10-03,96.78775713014613,99.29862856433786,95.72475627994065,98.7213134765625,12248100
JPM,2022-10-04,101.36048030867137,103.54145547735958,100.67319742455584,103.33985137939453,16013600
JPM,2022-10-05,101.47221389217445,102.58170224754564,100.62160568279288,102.0639419555664,10943500
JPM,2022-10-06,101.20408254886142,101.87902609549016,99.79873020987436,99.983642578125,11521400
JPM,2022-10-07,99.41040542591979,99.58607711790108,97.33010948849666,97.98656463623047,11681100
JPM,2022-10-10,98.67997976428836,99.21622837557926,96.63666100719973,97.07121276855469,8931700
JPM,2022-10-11,96.49799148907313,96.65516770281602,94.16805621613065,94.26976013183594,12739700
JPM,2022-10-12,94.12183832385476,96.83084624866187,93.64105486026882,95.79531860351562,13181000
JPM,2022-10-13,94.28827113356468,101.61091194695193,94.08486326864464,101.12088775634766,22398700
JPM,2022-10-14,103.51552451750496,106.54813256352253,102.36905229243962,102.80360412597656,33387100
JPM,2022-10-17,106.70533485826407,108.18465525975762,105.6975432055879,107.12139129638672,22276300
JPM,2022-10-18,110.6347612213072,111.07855372572234,108.13840193164204,109.87660217285156,21539700
JPM,2022-10-19,109.09072732191753,109.86737488021511,106.9457111453157,107.72235870361328,17072000
JPM,2022-10-20,108.32332904516313,109.75641763262496,106.92721729073263,107.37100982666016,12207400
JPM,2022-10-21,107.67611066165193,113.15884614253234,107.55591833162632,113.01091766357422,20593300
JPM,2022-10-24,112.86298850360413,113.81530062515023,112.17880426013637,113.14960479736328,12624200
JPM,2022-10-25,112.65957694918643,113.97247309186447,111.7719848927018,113.44546508789062,11289100
JPM,2022-10-26,113.72284274275594,115.75690702714203,113.61189108846125,114.7491226196289,11667000
JPM,2022-10-27,115.75691552999595,116.6814915551683,114.8415872401828,115.2021713256836,10727600
JPM,2022-10-28,115.84012551034374,116.75545375646097,114.69365326896778,116.57054138183594,11859500
JPM,2022-10-31,116.21919616106848,117.81871568676551,116.11749224044269,116.3856201171875,13295200
JPM,2022-11-01,117.30095645252047,118.60460490882323,116.8016845796955,118.48440551757812,13386900
JPM,2022-11-02,118.02212165838785,120.52772164129821,117.08829797195993,117.3934097290039,16546100
JPM,2022-11-03,116.78318419482487,118.51213668025758,116.41335946366476,117.6060562133789,12474400
JPM,2022-11-04,119.72334435549573,120.9622727375387,118.77103225951693,120.82357788085938,14953200
JPM,2022-11-07,121.11943641323083,122.31213305287402,120.63865302076563,121.4615249633789,12011200
JPM,2022-11-08,121.34134653364065,122.09949143764496,120.32430739763755,121.5354995727539,9884100
JPM,2022-11-09,121.41533010016055,121.51701991908641,119.47371480888819,119.95449829101562,9494000
JPM,2022-11-10,122.62650783846844,125.0488922156568,122.53404460401791,124.89171600341797,16351600
JPM,2022-11-11,124.9934117535324,125.89949213874493,123.68975641564295,125.0951156616211,10704700
JPM,2022-11-14,124.63281601986945,125.4926647100506,123.80994415283203,123.80994415283203,11085600
JPM,2022-11-15,124.52187714341568,125.47420331271755,121.67419574742465,122.91312408447266,14038300
JPM,2022-11-16,122.968591847093,123.48635208181543,122.07175211626723,123.07953643798828,7893400
JPM,2022-11-17,122.0440319815209,122.8669040570799,121.37833613298888,122.54329681396484,8820200
JPM,2022-11-18,124.42021285837188,124.5126620038549,122.30292568367324,123.7452621459961,9468500
JPM,2022-11-21,123.6528065362601,124.41095156439852,122.73747116398582,123.01484680175781,7800500
JPM,2022-11-22,123.89317592885227,125.06739132257165,123.60655964478981,124.85472869873047,9185700
JPM,2022-11-23,124.76228589701013,126.20462217893234,124.68831812512823,126.18612670898438,7316200
JPM,2022-11-25,126.18613013853671,126.79635369221492,125.79780990653522,126.42652893066406,3220500
JPM,2022-11-28,125.80705334159573,126.39878137141969,124.06884608177768,124.21678161621094,9906900
JPM,2022-11-29,124.50337487551563,126.3340309249264,124.2722309361691,126.26006317138672,7925300
JPM,2022-11-30,125.82554361157192,127.75790405273436,123.14427887268977,127.75790405273438,14761200
JPM,2022-12-01,127.75788342742307,128.20168999049824,125.2152998549245,125.96421813964844,8858500
JPM,2022-12-02,124.34625677649618,125.14139286360232,123.28298569406455,124.9657211303711,8931900
JPM,2022-12-05,124.11506724764155,124.42017897124977,120.7496117162009,121.4615249633789,10154500
JPM,2022-12-06,123.3291870637147,124.91945884772053,120.07467572575979,121.66494750976562,13966700
JPM,2022-12-07,121.40606963959569,123.04257307391252,120.49998912968611,121.58174133300781,11739400
JPM,2022-12-08,122.34913118756255,122.95009988258012,121.51700440841279,122.85765075683594,8907300
JPM,2022-12-09,122.22895529041048,123.67129172190947,122.04404289548445,122.19197845458984,7957800
JPM,2022-12-12,122.41383950440904,124.49413521122202,121.67419009497985,124.08733367919922,8841600
JPM,2022-12-13,126.56521962576517,126.75013202105787,123.0425870015626,123.9671630859375,10025400
JPM,2022-12-14,123.68975241922733,125.47419109296344,122.74668112995796,123.34766387939453,9966100
JPM,2022-12-15,121.25813173026505,122.11799471073402,119.31653067549726,120.28733825683594,12087800
JPM,2022-12-16,119.40897393750946,120.10240587467946,118.74327814919356,119.53841400146484,21133700
JPM,2022-12-19,119.87127141050762,121.42456640917514,119.35351111358844,120.25035095214844,9017200
JPM,2022-12-20,121.09171247202262,122.09025618414302,120.37978504517666,120.83283233642578,8549900
JPM,2022-12-21,122.21045981854445,122.95012350615997,121.83139434671509,122.19197845458984,8051700
JPM,2022-12-22,121.21192282598966,121.39683520987333,118.72481105520909,120.80510711669922,8648200
JPM,2022-12-23,120.73112608950744,121.52626195004865,119.86202246194973,121.37832641601562,5091900
JPM,2022-12-27,121.64648129150872,122.24745009873418,120.70340974222,121.80365753173828,5411000
JPM,2022-12-28,121.9053683481105,123.34770485322389,121.1287136771238,122.4693603515625,8827700
JPM,2022-12-29,122.90388500911959,123.21825158162073,122.33065238452387,123.1720199584961,6585200
JPM,2022-12-30,122.79291548250426,124.19827471443253,122.45082693503855,123.98562622070312,9292500
JPM,2023-01-03,125.03963911181975,126.4265028433301,123.79145611029746,124.92868041992188,11054800
JPM,2023-01-04,125.73308964663816,127.29561116550344,125.34476943710571,126.09367370605469,11687600
JPM,2023-01-05,126.35446828232561,126.40104139781135,124.52890732496844,126.06573486328125,8381300
JPM,2023-01-06,126.79220137209339,128.8878631869357,125.26469732887074,128.47804260253906,10029100
JPM,2023-01-09,129.0927823246919,129.35357467588383,127.49076404616024,127.9471435546875,8482300
JPM,2023-01-10,128.33833841583532,129.20455279171128,127.89126782202855,129.09278869628906,9048700
JPM,2023-01-11,129.37220311412872,130.16390338125925,128.62709017108637,130.05213928222656,8703700
JPM,2023-01-12,130.39674928407086,131.19775845530057,129.6702542464576,129.92173767089844,11001700
JPM,2023-01-13,126.29856888750913,133.64735639917933,125.55344177840327,133.2002716064453,20200000
JPM,2023-01-17,131.4864916525837,131.83110708446426,129.67956299829072,131.14187622070312,14292900
JPM,2023-01-18,129.39085905913623,131.0767008536097,127.05303621322567,127.20206451416016,13392600
JPM,2023-01-19,126.03781261587781,126.57801535721964,124.42647069512394,125.50690460205078,13303400
JPM,2023-01-20,125.88877653899345,126.19614207348218,124.38921304703854,125.81426239013672,13092500
JPM,2023-01-23,125.85150411134802,128.4967064799969,125.57209383659618,127.85403442382812,10487100
JPM,2023-01-24,127.0623273335594,130.66686180767942,125.73973332551567,128.9530792236328,6945000
JPM,2023-01-25,128.58052150745957,129.57711791992188,127.83539432652056,129.57711791992188,8967000
JPM,2023-01-26,129.85654328513786,130.45264219157764,128.86925580373315,130.3781280517578,7487600
JPM,2023-01-27,130.96492555553354,131.57033343473924,130.16391627153163,130.69482421875,7489900
JPM,2023-01-30,129.67958832481602,130.48059765133877,129.381545944686,129.58645629882812,6729300
JPM,2023-01-31,130.28499818805093,130.4619674965313,128.76680276489768,130.35951232910156,9188700
JPM,2023-02-01,128.72954752224172,131.21639825284845,128.64571023442275,130.01487731933594,8841800
JPM,2023-02-02,130.39677243779963,130.8252252291425,128.53396140297392,129.40948486328125,11822100
JPM,2023-02-03,128.7016389536405,132.5669813206033,128.65508003611438,131.4120330810547,11501200
JPM,2023-02-06,130.6109660460961,132.4830998637456,130.42468782166446,132.18504333496094,8406200
JPM,2023-02-07,131.68210658770164,134.4390587508407,131.49581412868693,133.79638671875,10447900
JPM,2023-02-08,132.86499131185334,134.1596444119659,132.52037581845053,132.85568237304688,6958000
JPM,2023-02-09,133.30272487158322,133.507635178985,130.27565758110498,130.78793334960938,6443100
JPM,2023-02-10,130.19186686065063,131.58897518799668,129.08349198035012,131.3654327392578,6582900
JPM,2023-02-13,131.60760779167856,132.93951091379142,131.08602295470791,132.79049682617188,7134600
JPM,2023-02-14,132.72526214056734,133.94540087297335,131.88700301189505,133.3772430419922,9249400
JPM,2023-02-15,131.8963161397603,134.01991926451325,131.6075827465352,133.93609619140625,6728300
JPM,2023-02-16,133.10713203123896,133.5542025864328,131.96149330363698,132.09190368652344,8165300
JPM,2023-02-17,131.30951350325904,133.03261897064874,130.46194549251427,132.48309326171875,7948800
JPM,2023-02-21,131.03942672266425,131.64483454191577,129.2324979903379,130.05213928222656,9996300
JPM,2023-02-22,129.39083323752578,129.86584486332362,128.012357259277,129.05552673339844,11107500
JPM,2023-02-23,129.21386266685136,130.55508867012486,128.47805867978445,130.08938598632812,8068000
JPM,2023-02-24,129.56780429343544,131.66346641967468,129.40014393303474,131.26295471191406,9126900
JPM,2023-02-27,132.3620267394111,133.47971041732444,131.9987791887863,132.40859985351562,10014700
JPM,2023-02-28,133.1350881542534,133.8988331805033,132.16641859398732,133.5169677734375,11019800
JPM,2023-03-01,132.35273618381132,133.61944831794423,132.07331167249419,132.77186584472656,7139200
JPM,2023-03-02,132.48312962123975,132.6600847363199,129.96832328414183,131.3933868408203,11106800
JPM,2023-03-03,131.80317960186355,133.88022398003244,131.40268208173438,133.8057098388672,9513100
JPM,2023-03-06,133.6008128337644,134.15964763008301,132.87431765006573,133.02334594726562,9261300
JPM,2023-03-07,132.26888360300828,132.54830808204795,128.35698353281077,129.11141967773438,11747600
JPM,2023-03-08,128.53393447202873,129.0834602012546,127.50007399583426,128.34765625,10002500
JPM,2023-03-09,127.37901286334676,127.92855291732234,120.35622154745612,121.3993911743164,25888100
JPM,2023-03-10,120.11405078365277,125.98189363651508,119.05224205342475,124.48233032226562,37599700
JPM,2023-03-13,122.20972116393081,124.69657212832854,120.53318843171887,122.2469711303711,42901100
JPM,2023-03-14,126.00052659363065,126.23337795327473,122.28421377734838,125.38579559326172,29648100
JPM,2023-03-15,121.99547521453442,122.00479836428278,118.0370093737759,119.46205139160156,34280600
JPM,2023-03-16,119.22919421442153,122.89893358205063,117.37569955019833,121.78125,24558500
JPM,2023-03-17,119.57382573514523,119.66695774470824,116.84480061561271,117.18010711669922,38396000
JPM,2023-03-20,118.27916442303706,120.58905283754912,117.36639115158765,118.41887664794922,22875500
JPM,2023-03-21,121.63224355881022,122.69404528411114,121.2596870353125,121.5949935913086,17807800
JPM,2023-03-22,121.60427062850725,121.6974168410059,118.36298424561045,118.45612335205078,17250200
JPM,2023-03-23,119.12675226024076,120.64494050634103,117.37570555773128,118.13945770263672,16677600
JPM,2023-03-24,117.01246386356603,117.05903697838569,114.66532526148272,116.34185791015625,22311100
JPM,2023-03-27,118.09289134868345,120.50523502636071,117.62718864935403,119.67628479003906,18853900
JPM,2023-03-28,119.88120592525928,120.46798171508755,118.97773436405896,120.03954315185547,10820500
JPM,2023-03-29,121.17585562622419,121.28761973317278,119.00567210015669,120.28170013427734,14595300
JPM,2023-03-30,121.03613307812857,121.19447029615635,118.89390484759521,119.91844940185547,12134700
JPM,2023-03-31,120.76603683059649,121.3993857293204,120.01160067271435,121.37144470214844,13105200
JPM,2023-04-03,120.99888386997586,122.42393305324629,120.5331811509432,121.23173522949219,11775400
JPM,2023-04-04,121.54840899020964,121.63223206825984,118.67036961353394,119.611083984375,11579900
JPM,2023-04-05,119.02907938933363,120.29633619977899,118.70991252623699,119.78943634033203,9614700
JPM,2023-04-06,119.21681515665666,120.23062916186689,119.08539561840657,119.65801239013672,8760200
JPM,2023-04-10,118.78501262654797,120.37143631574664,118.48462407340136,120.05227661132812,9477300
JPM,2023-04-11,120.43715827606266,121.03793540742856,119.72373274688002,120.6436767578125,10516300
JPM,2023-04-12,121.26320492637485,122.43659875477059,120.21184863970191,120.62488555908203,11821000
JPM,2023-04-13,120.58735151336242,121.1317936821894,119.05724127282645,121.08486938476562,12450200
JPM,2023-04-14,126.86736389961706,130.59406469351157,126.63268508047337,130.22796630859375,43931300
JPM,2023-04-17,131.3731850599719,131.47644430152636,129.223533624992,131.2605438232422,16050500
JPM,2023-04-18,131.67359074238354,133.09104559844928,130.5095786881168,132.7343292236328,13760100
JPM,2023-04-19,132.57473538845093,132.82819248721285,131.7956001023727,132.5653533935547,9158100
JPM,2023-04-20,131.3356278712024,132.76246445359604,131.26991094145336,132.1804656982422,10586200
JPM,2023-04-21,131.17607174364318,132.46210702857394,130.27489881805042,131.92703247070312,11842500
JPM,2023-04-24,131.85196488238105,132.45274213579933,131.4576918290088,132.10540771484375,7567500
JPM,2023-04-25,131.04462233173828,131.38256031139522,129.19535259912325,129.23289489746094,10629300
JPM,2023-04-26,129.18596468581714,129.36432284274647,125.78782068084463,126.94243621826172,14416100
JPM,2023-04-27,127.66524054609205,129.45818964143845,127.34608088240384,128.65089416503906,9041100
JPM,2023-04-28,128.19094118016548,129.8430890446596,127.35548525274534,129.7679901123047,9887300
JPM,2023-05-01,133.54160554270499,134.58357988112385,132.19924981929773,132.54656982421875,20415800
JPM,2023-05-02,132.73430513882255,133.68241652644966,129.94632023565427,130.4062957763672,14113400
JPM,2023-05-03,129.95571445297722,130.17161490491574,127.43995065830276,127.64646911621094,12930900
JPM,2023-05-04,126.68900618044792,127.40242455614329,123.73204478827054,125.90047454833984,17089200
JPM,2023-05-05,128.0782916604132,129.4300437080676,127.58077379893709,128.3599090576172,11261400
JPM,2023-05-08,129.06395163887973,129.51453090203245,128.11584016650147,128.66969299316406,7484900
JPM,2023-05-09,127.59956198919807,128.55705559183193,126.9237001608396,128.05015563964844,7343600
JPM,2023-05-10,129.49577262064992,129.59903187647697,126.6045277811514,128.11585998535156,8133400
JPM,2023-05-11,126.72655773951448,128.4256300366812,126.63268048579982,127.71221160888672,7057300
JPM,2023-05-12,128.4350125692385,128.5945924244968,124.97115140440546,125.88170623779297,9988600
JPM,2023-05-15,126.04127776298925,127.35547314511801,125.7502783800647,126.94243621826172,7639500
JPM,2023-05-16,127.15835332646766,127.60893256234893,125.75028068113997,126.08821868896484,6477200
JPM,2023-05-17,127.571376771963,130.09652269089167,127.15835415850178,129.96510314941406,12711500
JPM,2023-05-18,129.79614429500816,131.16666035573948,129.31739041430035,130.9507598876953,10999600
JPM,2023-05-19,131.22296156291847,131.88007351190336,129.6647055724634,130.6503448486328,13492200
JPM,2023-05-22,132.3588160161239,132.95959304778995,129.22351132973105,129.57083129882812,11402500
JPM,2023-05-23,129.1108774941843,130.50956824657774,128.09707772078264,128.21910095214844,9514900
JPM,2023-05-24,127.10202832106606,127.99381919171971,126.8016469148907,127.04570770263672,8578000
JPM,2023-05-25,126.55758471716831,127.91871883412094,126.33228792230425,127.35548400878906,8472500
JPM,2023-05-26,127.76851791541658,129.16720862655984,127.31793866012023,128.5476531982422,8579900
JPM,2023-05-30,128.41624165222498,129.27985791353595,127.68404494538186,129.03579711914062,7399900
JPM,2023-05-31,128.35049194272298,128.45375116084477,126.16328437607284,127.39301300048828,14219900
JPM,2023-06-01,128.1534319732927,129.75862730551603,127.14899960775068,129.14846801757812,12248100
JPM,2023-06-02,131.00707867701726,132.80940997236672,130.80056020658242,131.86131286621094,12922500
JPM,2023-06-05,131.5233809197483,131.5233809197483,129.66472892375828,130.56588745117188,8511900
JPM,2023-06-06,130.1810121805009,131.51400031934904,129.73982923080433,130.80056762695312,9329500
JPM,2023-06-07,130.9976907119284,132.61228177610948,130.3218147165198,132.0678253173828,9281400
JPM,2023-06-08,132.0490870854076,132.25560560911322,130.93201352272527,132.10540771484375,7368100
JPM,2023-06-09,131.74869913946486,133.10983347063265,131.61727956935886,132.3682403564453,7249100
JPM,2023-06-12,132.4245731469825,132.65925197003423,131.1948440823182,132.35885620117188,7596600
JPM,2023-06-13,131.87070060009387,134.11422924141024,131.55154088595165,133.3163299560547,7701600
JPM,2023-06-14,134.23625649474494,134.8088732667247,132.07720894513335,132.8188018798828,9068700
JPM,2023-06-15,131.97395200439672,134.61173913427928,131.4482738420415,134.32073974609375,9343100
JPM,2023-06-16,134.28320925450666,135.14682550056537,133.7669130411952,134.48033142089844,13813500
JPM,2023-06-20,133.87015812933888,134.23625643758606,132.39636857841077,133.79505920410156,8428600
JPM,2023-06-21,134.14238834568462,135.19375904703173,133.00655104271297,133.5979461669922,9926500
JPM,2023-06-22,133.5885209071389,133.8607562611631,130.4344381337263,131.0258331298828,10075200
JPM,2023-06-23,130.04957773104178,130.65035479474497,129.18596159719687,130.34059143066406,9919500
JPM,2023-06-26,130.35937903218039,131.429513818361,129.25170193931694,130.65977478027344,8429700
JPM,2023-06-27,130.48138827798314,131.26990546011544,130.04957306472713,130.66912841796875,8154000
JPM,2023-06-28,130.6316169233694,130.6785555503479,129.50516149417433,130.09654235839844,7558600
JPM,2023-06-29,131.4858684687816,134.76197593590115,131.27934994193248,134.6399383544922,15423200
JPM,2023-06-30,135.73818577057943,137.05238095437932,134.85579143703384,136.52670288085938,14212800
JPM,2023-07-03,137.23077186825142,138.44170812520798,137.05241369562958,137.62503051757812,8021600
JPM,2023-07-05,136.99177289990052,137.45489301705248,136.44357724802387,136.70822143554688,8934900
JPM,2023-07-06,135.17706060606832,135.52676589823656,133.683703055419,135.3566436767578,9709500
JPM,2023-07-07,136.01825465749548,137.84241023098767,135.15815385350504,136.42466735839844,8981500
JPM,2023-07-10,136.57588191389272,137.9841782065254,136.57588191389272,137.1902313232422,9100100
JPM,2023-07-11,138.3149627467376,139.71381247723832,137.71952066966907,139.3357391357422,11260900
JPM,2023-07-12,139.36411588881907,141.65140590067313,138.938795928545,140.02572631835938,11323200
JPM,2023-07-13,140.5455772529904,141.17883402061253,139.64767629657175,140.7062530517578,11234900
JPM,2023-07-14,143.2393179118114,144.5058316536701,140.27150952012738,141.5569305419922,27028400
JPM,2023-07-17,142.10507881859363,145.3186230888213,142.10507881859363,144.9689178466797,17262400
JPM,2023-07-18,144.9689373637693,145.93299212141326,144.43964900537037,145.23358154296875,13491700
JPM,2023-07-19,144.37348633801724,146.69859105615757,143.8725516635689,145.79122924804688,12510000
JPM,2023-07-20,146.05589345397786,148.00292500972867,145.9424786206809,147.58705139160156,9935900
JPM,2023-07-21,147.25625916037694,147.57761081548165,146.2071286446875,146.45286560058594,10636400
JPM,2023-07-24,146.4717320567115,150.08224279981673,146.244888022318,149.3355712890625,14381400
JPM,2023-07-25,148.67394949090556,149.07091570415795,147.4074361788111,148.22027587890625,9944700
JPM,2023-07-26,148.11631052969997,149.57185334132768,147.70988346034667,149.1087188720703,8728600
JPM,2023-07-27,149.1182212156598,150.07282969774406,147.01996030317258,147.4641876220703,10778400
JPM,2023-07-28,148.6550641786706,148.95752291270287,147.86113163487525,148.30535888671875,9103800
JPM,2023-07-31,148.56053574199896,150.63990339275125,148.53218203967285,149.2977752685547,8892700
JPM,2023-08-01,148.79685264316743,149.3356019271236,147.58704638891248,148.56056213378906,6853900
JPM,2023-08-02,147.02937266535088,147.15224831888227,145.49821510852917,146.87814331054688,8299400
JPM,2023-08-03,146.5001028638506,148.31481208481122,145.88575336258717,147.7760772705078,6084000
JPM,2023-08-04,147.82333939541329,149.1465749235019,147.16172884238316,147.4641876220703,6209400
JPM,2023-08-07,148.0123592755238,149.05202871207436,148.0123592755238,148.16357421875,7251800
JPM,2023-08-08,145.85738271634628,147.426340416945,144.22224234205765,147.3318328857422,8623400
JPM,2023-08-09,146.8025409075846,146.99157038731175,145.05398577055246,145.35643005371094,6277800
JPM,2023-08-10,145.91410833506913,146.9159777074465,144.6948413275329,145.13906860351562,5995100
JPM,2023-08-11,144.63812693609333,146.04642338368436,144.26006793828333,145.98025512695312,5180700
JPM,2023-08-14,145.18630840748784,146.42446808979585,144.53414444119738,146.28269958496094,5044300
JPM,2023-08-15,144.4680080086143,144.86497429197647,141.99167392379331,142.55877685546875,10300300
JPM,2023-08-16,142.341392533541,142.6816514054772,141.47183086590564,141.95387268066406,6978200
JPM,2023-08-17,142.60603013951203,142.96518184962946,140.26201827566487,140.4794158935547,9953900
JPM,2023-08-18,139.55311514364953,141.30167000618053,139.35463926880294,140.8007354736328,8517500
JPM,2023-08-21,141.44348219978474,141.86881662137475,139.9028780048332,141.28280639648438,8327000
JPM,2023-08-22,141.07483926808246,141.4340053523436,137.85184862351022,138.352783203125,9673300
JPM,2023-08-23,138.32447352313838,139.49646524975597,137.48327986495732,139.2885284423828,7858000
JPM,2023-08-24,139.41137144109697,141.21663401731516,138.92934409448392,139.1561737060547,6534000
JPM,2023-08-25,139.203451937629,140.46996549930876,137.85187726106636,138.98606872558594,6695500
JPM,2023-08-28,139.47752420194033,140.46048606097006,139.06165073088115,139.4680633544922,5094100
JPM,2023-08-29,139.60985605030564,140.6873399271736,139.10890702722992,140.60226440429688,6337000
JPM,2023-08-30,140.46996845961573,140.9709031538523,139.11839375456958,140.0352020263672,6277300
JPM,2023-08-31,140.129697529157,140.214773060549,137.95583670566558,138.3055419921875,10933900
JPM,2023-09-01,138.07871337147864,139.95959094685168,137.71010076768496,138.76869201660156,7903500
JPM,2023-09-05,139.09002669521007,140.08244956055856,137.05791998577726,137.2375030517578,7854700
JPM,2023-09-06,136.76492981787493,137.55886238609727,136.20728773462542,137.01068115234375,8629200
JPM,2023-09-07,136.22617335950173,137.30365722283915,135.52674844322067,135.83865356445312,8373700
JPM,2023-09-08,135.50786137813657,136.2167328261026,134.82734363432706,135.94264221191406,7107900
JPM,2023-09-11,136.81217652578113,137.0957279625712,135.81030728154468,136.5380859375,6854200
JPM,2023-09-12,136.57589277056198,139.24125621640766,136.15057280550866,138.3149871826172,8363200
JPM,2023-09-13,139.2601428859323,139.60040172726968,137.82350726430812,138.3811492919922,8325900
JPM,2023-09-14,139.73271756572413,141.67974857337634,139.43027328806218,141.06539916992188,10034900
JPM,2023-09-15,140.75350451581164,141.5190833260664,140.17695519591197,140.6495361328125,19863400
JPM,2023-09-18,140.03520322945775,140.96145793705688,139.6476833541259,140.9425506591797,6512400
JPM,2023-09-19,141.3017039169794,141.50964068854574,139.13728951370842,140.76295471191406,7943400
JPM,2023-09-20,141.4434708829278,142.01057378498936,140.0162816228416,140.16751098632812,7332000
JPM,2023-09-21,139.48697945440784,140.6873389723767,138.58907863344902,139.07110595703125,8052400
JPM,2023-09-22,139.21286861003202,139.42080534998618,137.2280375768656,137.73841857910156,7071700
JPM,2023-09-25,137.37927596628438,138.48511356230838,135.81975031392378,138.4189453125,7044700
JPM,2023-09-26,136.67042431005655,137.842415902858,136.32070458011657,136.98231506347656,7468400
JPM,2023-09-27,137.22804828967273,138.07868816714648,136.58533074636094,137.7856903076172,6717800
JPM,2023-09-28,138.25828489100542,140.70625080937418,138.0030871337234,139.49644470214844,8868100
JPM,2023-09-29,140.4510485105685,140.60226343703505,136.91613820521994,137.06736755371094,11917800
JPM,2023-10-02,136.88780993307262,137.63448154415704,134.8084564821515,135.8859405517578,9170600
JPM,2023-10-03,135.34716851944313,135.71578104903912,134.54378963290048,134.88404846191406,9431100
JPM,2023-10-04,135.33773852602286,135.6023827116083,134.14682526886182,135.4889678955078,8128700
JPM,2023-10-05,135.24138891222026,136.25066526017685,134.0893125063376,136.0602264404297,8576200
JPM,2023-10-06,136.06975760475353,138.89760265290286,135.33660882563723,138.15493774414062,10270600
JPM,2023-10-09,136.78387239130825,138.44057986808556,136.63152713206975,137.8407440185547,6964900
JPM,2023-10-10,138.45963214620673,139.7450217132644,138.3263336711999,138.67861938476562,11288800
JPM,2023-10-11,139.49743260859438,140.18297165390814,138.07875934328692,139.1546630859375,8698200
JPM,2023-10-12,139.29749974635203,139.92591299336164,138.1835023694399,138.83094787597656,10484400
JPM,2023-10-13,141.3921904177279,145.7815377855708,140.76377719571198,140.91612243652344,29427000
JPM,2023-10-16,142.29670891054832,142.36336539793126,139.69738194299273,140.77330017089844,12663500
JPM,2023-10-17,140.50670624404734,142.16341346499166,139.7640268520569,140.46861267089844,11482700
JPM,2023-10-18,139.57363886477725,140.4210394821723,138.41203156518696,138.9261932373047,9620300
JPM,2023-10-19,138.51673884994236,139.98303640086567,137.94546597674957,138.33583068847656,11143600
JPM,2023-10-20,137.6503194431313,138.19302945151148,135.31757443481777,136.10784912109375,13332900
JPM,2023-10-23,136.09835201400787,136.80292351033327,133.9941245999884,134.25120544433594,10133400
JPM,2023-10-24,134.43210221044254,134.94624932694597,133.64182748094458,134.41305541992188,8881400
JPM,2023-10-25,133.84177704325438,134.42256611040705,132.8325005847285,133.67990112304688,8242600
JPM,2023-10-26,133.07053844381778,134.88912191359694,132.7563317818839,134.02267456054688,9109400
JPM,2023-10-27,132.29928568659878,132.44211479437138,128.7192597897632,129.19532775878906,17434700
JPM,2023-10-30,129.90942492117188,131.4328336488053,129.52856184293282,130.84251403808594,9855500
JPM,2023-10-31,131.11866251848113,132.57542952026586,130.89014463505566,132.40403747558594,9672500
JPM,2023-11-01,132.5849547947125,133.80368786681566,131.84228978291355,132.289794921875,9432000
JPM,2023-11-02,133.38474970695052,134.70821837372014,132.56591203717937,134.65109252929688,10186200
JPM,2023-11-03,135.38421348677102,136.88859003598125,135.0604907495647,136.1554412841797,9538700
JPM,2023-11-06,136.31732948085772,137.288512412053,135.95551309839496,137.18377685546875,7625100
JPM,2023-11-07,136.6410279617872,137.35512994000484,135.98406634571813,137.11709594726562,6297900
JPM,2023-11-08,137.21233299857823,137.90738827878363,136.74578108258075,137.7931365966797,7618200
JPM,2023-11-09,138.4786626305155,138.6786030552605,136.82194075470156,137.38369750976562,7992500
JPM,2023-11-10,138.00260643924526,139.4688896171497,137.18376882527573,139.42127990722656,7983300
JPM,2023-11-13,138.72621080025883,139.2498885003074,138.21206375831073,138.80238342285156,6676300
JPM,2023-11-14,139.6592991194605,142.10629557129178,139.5069684036802,141.33506774902344,9927700
JPM,2023-11-15,141.35412770732256,142.97275612478606,141.35412770732256,142.57286071777344,8365300
JPM,2023-11-16,142.9061135215397,144.27719192372464,142.9061135215397,144.20101928710938,8126200
JPM,2023-11-17,144.91509792293098,145.54351117681955,144.28668466904244,145.50543212890625,7812400
JPM,2023-11-20,144.80086530590324,146.39093090960563,144.64852003731698,145.95294189453125,7019000
JPM,2023-11-21,145.86724162056868,146.27666768153603,145.26740578155804,145.64825439453125,7083500
JPM,2023-11-22,146.06718519558558,146.5146902715766,145.58158654420177,145.9910125732422,5174500
JPM,2023-11-24,146.2385734536382,147.04789491316575,145.94341360062845,146.1909637451172,3496900
JPM,2023-11-27,146.08624569232643,146.1814651207715,145.40072101561304,145.8577423095703,6259100
JPM,2023-11-28,145.88628776178052,146.50517038722398,145.41021973345684,146.1909637451172,6582700
JPM,2023-11-29,146.79081040440963,148.1809354045383,146.6289490222787,146.9336395263672,9126100
JPM,2023-11-30,147.49540801435012,148.65701522867897,146.99077703925823,148.60940551757812,9869800
JPM,2023-12-01,148.3618547056448,150.3042059653773,148.3618547056448,149.33302307128906,8916000
JPM,2023-12-04,148.55225428196238,150.48508908901417,148.41895583073264,150.42796325683594,9607500
JPM,2023-12-05,149.73291254732652,150.91356649970896,149.4567994806308,150.408935546875,9135600
JPM,2023-12-06,151.23728745575312,151.5991038056745,148.5332245469806,148.82838439941406,9366000
JPM,2023-12-07,149.1901955055584,149.7805151896766,148.6760339181164,149.285400390625,8130900
JPM,2023-12-08,149.73291641484093,151.18016734087794,149.46631947168197,150.9326171875,7369400
JPM,2023-12-11,150.93262258540094,151.67528760053898,150.58032233984983,151.48486328125,8093900
JPM,2023-12-12,151.60863503478222,152.96066662381816,151.27539609948477,152.83689880371094,10223000
JPM,2023-12-13,152.8368813727461,154.27460156444917,152.1227793419799,153.3510284423828,12379100
JPM,2023-12-14,154.08419059211312,156.95011509328629,153.9699389064081,156.14080810546875,13643000
JPM,2023-12-15,155.27433981365414,157.36903609704177,154.6173636525295,157.32142639160156,20309300
JPM,2023-12-18,157.978414971988,159.1305060090646,157.70230190423635,158.27357482910156,8469600
JPM,2023-12-19,158.05459847553416,160.40637589223485,157.62614012029542,160.3873291015625,10345700
JPM,2023-12-20,159.94935595892852,161.30138753913405,158.48305816217345,158.57827758789062,10734700
JPM,2023-12-21,158.85437480725014,160.04454486759295,157.74989350442564,159.4827880859375,7601700
JPM,2023-12-22,159.4827926611238,160.17784792833942,159.22571185275063,159.3875732421875,6576300
JPM,2023-12-26,159.44469023092927,160.69198598250622,159.17807880269012,160.33016967773438,4683600
JPM,2023-12-27,159.80650969959626,161.35849609615912,159.5589595590751,161.29183959960938,6428600
JPM,2023-12-28,161.24424684612208,162.49154275455325,160.91099341524577,162.14877319335938,6320100
JPM,2023-12-29,161.8631393418932,162.5201155849496,161.51085362889827,161.95835876464844,6435100
JPM,2024-01-02,160.99668997848715,163.92927091566213,160.82531245380352,163.8435821533203,9977400
JPM,2024-01-03,163.6341170742828,163.80549460527723,162.215429000014,163.12948608398438,9852300
JPM,2024-01-04,163.47435122253862,166.0705572172805,163.3785446534517,164.21202087402344,11972500
JPM,2024-01-05,164.26952562526753,166.09932321833682,164.26952562526753,165.0359344482422,10066000
JPM,2024-01-08,164.7964324951172,165.1221514938043,162.37267500941948,164.7964324951172,11229900
JPM,2024-01-09,164.41320910066761,164.5760685884473,162.95704852121472,163.4935302734375,9923600
JPM,2024-01-10,162.86119240001332,163.8958417294237,161.8552821115843,163.83836364746094,9670200
JPM,2024-01-11,163.1773901734868,163.20612922392672,161.5583554478897,163.14865112304688,11919500
JPM,2024-01-12,166.5016761551777,168.90626928055306,161.80743148772635,161.95114135742188,19436500
JPM,2024-01-16,157.94667590670858,161.03146091482424,157.40061928819634,160.9356689453125,17206400
JPM,2024-01-17,160.31292710157683,161.97029014212657,159.49862972312755,160.07342529296875,11107500
JPM,2024-01-18,160.10218227621107,160.494968794658,158.30113841397468,160.38958740234375,9382300
JPM,2024-01-19,160.51410852793856,163.4072943513664,160.06384397661594,163.158203125,13115700
JPM,2024-01-22,163.3019221540116,164.75808264802268,162.58341671700845,162.96661376953125,12837500
JPM,2024-01-23,162.54508413668046,162.6217264688559,161.366739342797,161.89364624023438,8360800
JPM,2024-01-24,162.24809761236278,163.82880362211606,161.76909401934304,163.34022521972656,9967100
JPM,2024-01-25,165.07423089153494,165.7256834386291,163.7330265563865,165.6777801513672,8873500
JPM,2024-01-26,165.36164588217466,165.79274625724076,164.56649804379273,165.04550170898438,7443000
JPM,2024-01-29,165.0071788069499,165.5819744028677,164.10664962684461,165.47659301757812,6971200
JPM,2024-01-30,165.57241795786004,169.33737996093782,165.57241795786004,168.8679656982422,10822100
JPM,2024-01-31,168.80086140855477,170.81268232442451,167.01896747730794,167.0381317138672,11521800
JPM,2024-02-01,166.3483989340028,167.49800485295836,164.23119621701684,166.4346160888672,9354800
JPM,2024-02-02,166.0226803770051,168.43686304583352,165.9843518960533,167.3926239013672,8607600
JPM,2024-02-05,166.5591476490177,167.73749252001522,165.65861845956076,167.17227172851562,7820200
JPM,2024-02-06,167.27764151152834,168.4847253479882,166.46332952613528,167.7470703125,6764800
JPM,2024-02-07,168.31227785906472,168.48471212873122,166.65492958914447,168.0631866455078,7225500
JPM,2024-02-08,167.65126954781346,167.94824945784183,166.28132619044888,167.4596710205078,6060300
JPM,2024-02-09,167.65128334345442,167.74708992400625,166.37713183588033,167.66085815429688,6296700
JPM,2024-02-12,167.44049903484432,169.38525250217216,166.40584949363054,168.4080810546875,8539300
JPM,2024-02-13,167.95782164206278,168.82959704450485,165.37119062589295,166.94232177734375,8397600
JPM,2024-02-14,167.7183369693553,168.70508327150296,167.0956234834558,168.6380157470703,7056700
JPM,2024-02-15,168.7529840509546,172.64250606036836,168.7529840509546,172.3167724609375,8723400
JPM,2024-02-16,172.06768515146553,172.42214316112788,170.67857754324285,171.5120391845703,8152600
JPM,2024-02-20,171.66529976981656,172.88197291659128,170.91805537870232,172.1826171875,9668000
JPM,2024-02-21,172.39339339447932,173.38972907249493,171.0234501097451,173.30349731445312,7024000
JPM,2024-02-22,174.18489140759863,175.71769429130376,173.62924542867003,175.3824005126953,9296500
JPM,2024-02-23,176.09131451721248,177.42294404200635,175.49735468570222,176.26376342773438,7105800
JPM,2024-02-26,176.03382425230393,176.71401580107593,174.8171510066002,175.6602020263672,7145400
JPM,2024-02-27,175.6123090112838,175.83264658868708,174.587248841427,175.74642944335938,5717100
JPM,2024-02-28,175.72727150994749,177.4229485190519,175.27702152884916,176.63739013671875,6131600
JPM,2024-02-29,177.86361389401372,178.6012688866292,176.1296232629636,178.24681091308594,9643000
JPM,2024-03-01,177.90195704317333,178.61088772502615,177.32716141991548,177.50917053222656,6311800
JPM,2024-03-04,176.95351382755808,179.71256458406262,176.53198832666763,178.8407745361328,7063600
JPM,2024-03-05,178.5342401269074,181.35078391381788,178.5342401269074,180.6322784423828,6617800
JPM,2024-03-06,181.30286510676484,182.08843803828077,179.75089809907624,181.57110595703125,7572900
JPM,2024-03-07,181.93514727898537,182.50036800753202,178.79288489428228,179.98080444335938,7618300
JPM,2024-03-08,180.52689436305062,182.4620731636392,180.02872648390257,180.31613159179688,6172200
JPM,2024-03-11,179.4155814737716,180.52687329834237,178.4000962133301,180.38316345214844,5762600
JPM,2024-03-12,181.0154467372591,182.17464181216428,180.01912574052128,181.86807250976562,5708400
JPM,2024-03-13,182.36625809133085,183.67872332732483,181.86809023539396,183.3434295654297,7795500
JPM,2024-03-14,183.00814508455193,183.5829553486229,179.24318317078706,180.07664489746094,10310900
JPM,2024-03-15,178.64916730660943,182.92188558132673,178.64916730660943,182.3087615966797,17214200
JPM,2024-03-18,182.62494837009942,184.60801601104086,181.91601765866312,184.5697021484375,9013800
JPM,2024-03-19,184.617586696088,185.78634211223047,184.3014425440873,185.6522216796875,8478700
JPM,2024-03-20,186.0354362918315,188.3059088707096,185.47979031452184,188.0855712890625,9367000
JPM,2024-03-21,188.26759566341468,191.05538575190852,188.08557194045494,190.700927734375,11203800
JPM,2024-03-22,190.65302489235967,192.06129677346303,188.28674572441219,188.36338806152344,8108800
JPM,2024-03-25,188.34422876431154,188.6699477167768,186.19828728954033,186.63897705078125,8620000
JPM,2024-03-26,186.41862975146782,188.40171180202861,185.9108870716493,187.51075744628906,5961500
JPM,2024-03-27,188.24843073927042,191.21825915794204,188.13347454330642,191.14161682128906,8725800
JPM,2024-03-28,191.11285625024766,192.29120098027298,190.20273774125516,191.8888397216797,8628300
JPM,2024-04-01,191.59187857143777,192.5019825513943,190.231510006592,190.58596801757812,7309000
JPM,2024-04-02,190.059058541283,191.39068803965642,189.7620786314202,190.5093231201172,7014700
JPM,2024-04-03,190.6817400445604,191.17990786433577,189.39801394939818,189.9728240966797,9353400
JPM,2024-04-04,191.9000502872469,192.41075475883287,188.43111508609525,188.5274658203125,9243800
JPM,2024-04-05,189.0189006224198,190.90753960667652,188.00712238634617,190.26193237304688,6532300
JPM,2024-04-08,190.42573235528224,191.73622278453385,190.42573235528224,191.25442504882812,8001000
JPM,2024-04-09,190.8593601189623,191.63987009025777,187.81439493179724,189.97283935546875,7351500
JPM,2024-04-10,188.43109330669446,189.89576250853975,187.1109575411202,188.35400390625,7681400
JPM,2024-04-11,188.86473199715797,189.41398853044873,186.2052135132437,188.3154754638672,10137700
JPM,2024-04-12,181.46431691477588,182.0520960717655,175.89472123515532,176.1356201171875,31532300
JPM,2024-04-15,177.78336870412258,180.63561783679535,175.56709612650053,176.2319793701172,14766600
JPM,2024-04-16,176.2415895769628,176.49213378652257,173.10990458385498,174.21804809570312,16451800
JPM,2024-04-17,174.7673084398127,175.77908663989885,172.67630800139477,173.52427673339844,9017100
JPM,2024-04-18,174.50713892954175,176.68485931658026,173.4182713843728,174.65167236328125,9557700
JPM,2024-04-19,175.7597928603478,179.11311539639945,174.8058428364993,179.03602600097656,13402300
JPM,2024-04-22,179.2191232415869,183.2084078209713,179.2094778769642,182.51461791992188,11529700
JPM,2024-04-23,184.17200702206668,185.23195321786886,183.5842131968009,185.14523315429688,9144400
JPM,2024-04-24,183.59382375118219,186.19552829650425,183.24692883158602,186.05099487304688,6964900
JPM,2024-04-25,185.2512221550963,186.87970079080816,184.22016798330733,186.3304443359375,9802300
JPM,2024-04-26,186.52316483427794,187.77582706610977,186.03172178018212,186.44607543945312,6413700
JPM,2024-04-29,186.43642951373823,187.18803273189192,185.42465142674712,186.24371337890625,5387800
JPM,2024-04-30,185.79082028032872,187.89146582521732,184.66341546581035,184.75978088378906,8153700
JPM,2024-05-01,185.27050491712367,187.3807813464834,183.8443730368157,184.87542724609375,7445300
JPM,2024-05-02,186.04136649178366,186.45570544630326,182.6205999628326,184.6826934814453,6501700
JPM,2024-05-03,185.01028612693221,185.52099042799804,181.59916544591735,183.57452392578125,8922800
JPM,2024-05-06,184.7501553064273,185.20304635349385,182.90969913363128,185.0103302001953,7911100
JPM,2024-05-07,184.72125698093475,185.90647534551064,184.67307426460388,184.76943969726562,7688800
JPM,2024-05-08,184.04675233842022,189.49106138229376,184.04675233842022,188.5274658203125,9227600
JPM,2024-05-09,188.06489501433873,190.39679390170576,187.99745098830826,190.31007385253906,7977300
JPM,2024-05-10,191.31222172747283,192.08310097798218,191.05206155927368,191.5338592529297,7529800
JPM,2024-05-13,191.5627742893939,192.57455243083936,190.8304323529994,191.4953155517578,7049200
JPM,2024-05-14,191.75548363456778,194.24156151844699,190.9460670314347,194.17410278320312,8596200
JPM,2024-05-15,194.65589288370782,195.31114537255093,192.49744869292647,194.75225830078125,8370000
JPM,2024-05-16,194.85826801387446,197.0359883811209,194.63664518305498,195.0991668701172,8497900
JPM,2024-05-17,196.39039731986878,197.5852610380301,195.4268018158582,197.334716796875,9260500
JPM,2024-05-20,196.9492646377528,198.3850270872914,188.28653663611217,188.45999145507812,17373300
JPM,2024-05-21,189.82831178312392,192.62273282652995,189.44287946793008,192.25657653808594,14420800
JPM,2024-05-22,191.75548988631044,193.62486736637322,190.493182230039,191.09060668945312,9425300
JPM,2024-05-23,190.60882009466033,191.08098717440686,188.93217336474868,189.751220703125,8069400
JPM,2024-05-24,190.5509800603342,193.4513967645254,190.36789459169293,193.40322875976562,7356200
JPM,2024-05-28,192.58418437370676,193.11416480401974,191.42787279148718,192.23728942871094,6910200
JPM,2024-05-29,190.79189209985074,191.7458568535377,189.72230060146205,190.89788818359375,6120000
JPM,2024-05-30,191.33151370112188,192.5745600882193,191.17733489750825,192.073486328125,6829100
JPM,2024-05-31,192.04456721086152,195.89894883193932,191.12915451651534,195.2533416748047,14417900
JPM,2024-06-03,194.94499171240668,195.05098779926408,191.938578635432,194.47283935546875,6444300
JPM,2024-06-04,192.8732787271311,194.62701489067234,191.06171448284195,191.90968322753906,6848300
JPM,2024-06-05,192.48783090201266,192.54565898251926,189.75122322338402,190.07884216308594,8351600
JPM,2024-06-06,190.07884200842165,190.81118399457173,188.21910976106764,189.74159240722656,7640300
JPM,2024-06-07,190.24263389810582,193.60558715733387,189.83792559209,192.6708984375,6964500
JPM,2024-06-10,191.98675138719827,193.52849519396025,191.21587213216785,192.34327697753906,6070800
JPM,2024-06-11,190.70517529026583,190.7340819769337,186.55208133491664,187.28440856933594,9235300
JPM,2024-06-12,188.8647068899173,189.55849678536873,184.34544190823777,184.55743408203125,12751300
JPM,2024-06-13,185.31867945628954,187.4963998266889,183.93109968979465,186.60989379882812,8587800
JPM,2024-06-14,184.48033066680375,187.76619440766876,184.45142398196433,186.7255096435547,6874000
JPM,2024-06-17,186.43642762714947,188.45998378065488,185.6270110470667,187.88182067871094,8725400
JPM,2024-06-18,187.51568485250894,190.7533662286327,187.06279380411513,189.82830810546875,9023000
JPM,2024-06-20,189.24050362241672,192.1891032500522,188.97069808154154,191.4375,8731100
JPM,2024-06-21,189.54885571502757,189.99210136076422,187.1494978997441,189.15377807617188,20972100
JPM,2024-06-24,190.6088079023479,191.97711163596483,189.92466338718907,191.63986206054688,9785900
JPM,2024-06-25,190.87860580369815,192.7865352475538,190.54135624177928,190.85934448242188,6862500
JPM,2024-06-26,190.2619060295269,190.7340730618656,189.13450119227616,190.2426300048828,7758600
JPM,2024-06-27,190.25228032036694,192.5841794508362,189.73193056452473,191.91929626464844,7913500
JPM,2024-06-28,192.7287301985706,195.22445371208025,192.04458562906325,194.89682006835938,15307600
JPM,2024-07-01,195.455703082382,199.55098386081568,195.28226295405594,197.97068786621094,10205800
JPM,2024-07-02,197.81650964061552,201.25655256216248,197.31545057733877,201.22764587402344,7802900
JPM,2024-07-03,201.9214509418898,202.72123701476136,200.09061057038704,201.09275817871094,5560900
JPM,2024-07-05,200.55983012100543,200.92801531072178,198.166559856373,198.42816162109375,8093100
JPM,2024-07-08,198.6703899428391,200.47260930809625,197.63363736853518,198.79635620117188,8707000
JPM,2024-07-09,199.2420772065153,203.243768068706,199.06766124607273,201.17994689941406,9058900
JPM,2024-07-10,199.73621498518906,201.5093674070047,199.19361387387812,201.3446502685547,8328500
JPM,2024-07-11,199.80405397767697,201.6353401799566,198.99983630998767,201.00552368164062,10658100
JPM,2024-07-12,197.66271569214624,201.00553807410293,195.82174533245208,198.57351684570312,15443400
JPM,2024-07-15,200.75361079562126,205.03630099143194,200.29821024046566,203.52476501464844,10719700
JPM,2024-07-16,203.47631680452577,207.10013843584824,201.61596368219992,206.98385620117188,11557000
JPM,2024-07-17,207.15826659720184,210.8014561824825,206.64473232755455,210.1328887939453,11572500
JPM,2024-07-18,208.93141490981057,209.91003373180175,202.73992215128823,203.45692443847656,12415100
JPM,2024-07-19,204.63902343657583,205.75330730910804,202.42985331170013,203.2631378173828,8095900
JPM,2024-07-22,203.92202031861075,205.57889051305665,203.19531923355905,203.7476043701172,7663200
JPM,2024-07-23,204.46461837922644,204.9103200919362,202.84649909482658,203.79605102539062,5557300
JPM,2024-07-24,203.04030666896836,205.44326102699284,201.60628718907327,202.11012268066406,7119000
JPM,2024-07-25,202.1682239773337,203.66039172976238,201.58687201457636,202.18760681152344,6403800
JPM,2024-07-26,202.739924098082,206.53814676283224,202.13917446481165,205.646728515625,8027800
JPM,2024-07-29,206.04398233686015,206.9741662638421,204.00922809779334,204.29991149902344,6533600
JPM,2024-07-30,206.60596247075222,209.086433183662,206.3443607207926,208.5050811767578,8850700
JPM,2024-07-31,208.10780244291595,209.66778796696985,206.0633495484698,206.18931579589844,9071600
JPM,2024-08-01,206.57690389817884,207.18733757545388,199.96877601050053,201.49969482421875,10918600
JPM,2024-08-02,197.54643056321328,198.31188254529528,190.7735710295601,192.95367431640625,18041700
JPM,2024-08-05,188.02179699836958,190.0759340006506,184.96964357079216,188.8453826904297,13927000
JPM,2024-08-06,189.32986865387653,196.306211581429,187.9733657428374,194.1164093017578,10605800
JPM,2024-08-07,197.1879023844961,199.35832151107093,193.98073078067114,194.1745147705078,9204400
JPM,2024-08-08,196.180222471866,198.54442565703408,195.52133914553448,197.7208251953125,7761200
JPM,2024-08-09,197.14916420781512,200.0559685970376,196.59686427717244,199.4067840576172,5540200
JPM,2024-08-12,199.9978653568086,200.70518372625352,197.33329426057648,199.78469848632812,6936000
JPM,2024-08-13,201.2768180938325,201.62563520668914,199.01919827795092,201.4803009033203,6387800
JPM,2024-08-14,201.28652524962934,204.2126977671037,200.6857756063299,203.7088623046875,6999800
JPM,2024-08-15,206.38310184525676,207.24545318176396,204.54213173331544,204.9781494140625,7001000
JPM,2024-08-16,205.11381260076865,207.43925023433258,205.01691320571518,207.32298278808594,7931200
JPM,2024-08-19,207.35205125366764,208.83452034386772,207.1776500829486,208.7570037841797,6090800
JPM,2024-08-20,208.3209805571364,209.28991535042542,207.04197953330453,207.85589599609375,5640000
JPM,2024-08-21,207.76869396728614,208.32099393160962,206.22809109539315,207.9334259033203,5202300
JPM,2024-08-22,207.91404071912638,210.0650772568238,207.68149103391474,209.90036010742188,5247100
JPM,2024-08-23,210.8402170417045,212.38081981547876,209.77438285463143,211.5281524658203,7214000
JPM,2024-08-26,212.2064170703137,212.85560164837696,211.27624788986617,212.3614501953125,5105200
JPM,2024-08-27,212.69088804295066,213.57262232321077,212.38083657255706,213.34007263183594,5185200
JPM,2024-08-28,212.43896777243532,215.30702145952048,212.38083404647628,214.41558837890625,6506400
JPM,2024-08-29,215.24885832915527,216.05307598143608,212.13858592341361,215.3070068359375,6416100
JPM,2024-08-30,215.58799060688506,218.47541213909741,215.0356906803254,217.81654357910156,8574100
JPM,2024-09-03,215.39421425176897,217.13829989127248,212.42927605699902,213.4563446044922,8956100
JPM,2024-09-04,214.1733344055988,215.1713508176599,210.46232725835844,212.51646423339844,7389500
JPM,2024-09-05,213.3109983559998,213.9408148706308,209.31899156047683,210.86929321289062,8067900
JPM,2024-09-06,210.84021807182933,211.94480315075108,204.53244307121116,205.85989379882812,7777000
JPM,2024-09-09,208.5050831538885,211.373121898597,207.52644953811344,210.0747528076172,8935100
JPM,2024-09-10,211.8091422735633,211.84789315826586,194.37800079775118,199.17422485351562,28406900
JPM,2024-09-11,198.87385648358648,201.24774365274575,195.56010142865367,200.79234313964844,13658700
JPM,2024-09-12,201.19930022849982,202.29420125599518,198.52504557050682,200.1819305419922,9054400
JPM,2024-09-13,200.43383547026897,201.39308615936318,196.7131297179521,197.97274780273438,10226700
JPM,2024-09-16,199.43584981187368,201.74191934565195,199.2033001395087,201.4027862548828,8634900
JPM,2024-09-17,201.27681826210605,203.40847182700247,201.20900051540104,202.74960327148438,7573300
JPM,2024-09-18,202.5170423300789,204.77466202220052,200.27880547226775,201.08302307128906,8259900
JPM,2024-09-19,203.2631395933968,205.32697543260485,200.89893633406905,203.94139099121094,11635200
JPM,2024-09-20,203.40848746171363,204.85220572136328,202.9918525698363,204.53245544433594,20885000
JPM,2024-09-23,204.4452331150936,205.22038387532777,203.4666143359702,204.87156677246094,7223500
JPM,2024-09-24,204.59058829618849,206.33467398853574,203.83482029363344,205.0169219970703,7323200
JPM,2024-09-25,205.1041190935442,205.6467350211927,202.12949683357203,203.66041564941406,8976500
JPM,2024-09-26,204.5712056897728,205.12349082860598,202.51705389392038,203.2631378173828,7807500
JPM,2024-09-27,204.1060886856549,205.8404900785049,202.82710256945617,203.96075439453125,7032500
JPM,2024-09-30,199.90094435379316,204.40650022792838,198.88355981545473,204.30960083007812,8663800
JPM,2024-10-01,202.41046509140656,202.5945650610437,199.7846601759315,200.60824584960938,8540100
JPM,2024-10-02,200.64702634995896,202.4589297507457,199.30020752778822,200.85049438476562,5810900
JPM,2024-10-03,199.76530862728362,200.07537489518532,197.99215596775082,198.85450744628906,7251300
JPM,2024-10-04,204.04081375554424,206.35125678113758,201.7108691151778,205.91256713867188,10211700
JPM,2024-10-07,205.727330230475,207.96953982198877,204.4210047283782,205.6298370361328,6718900
JPM,2024-10-08,205.28864968329236,206.01980404706708,203.14393319129448,205.45437622070312,6021800
JPM,2024-10-09,204.43075470295543,208.85668406253154,204.1188032466524,208.05728149414062,7024000
JPM,2024-10-10,209.41235175203676,209.41235175203676,206.15628129018555,207.49185180664062,7927100
JPM,2024-10-11,210.250740587431,218.98560432950427,209.75356099050913,216.7043914794922,18320700
JPM,2024-10-14,217.59153097349258,218.07896720545622,213.38008966452088,215.9147491455078,9048900
JPM,2024-10-15,218.0399873843424,219.7850026178934,216.24622555061282,216.80189514160156,9235800
JPM,2024-10-16,216.74339674690157,218.05946564832493,215.48580293789615,218.02047729492188,6382500
JPM,2024-10-17,218.63464361620677,220.17494383765737,217.698759540062,218.78086853027344,6470200
JPM,2024-10-18,219.34630268368366,220.24318355850107,217.4940509667263,219.70700073242188,7000500
JPM,2024-10-21,219.56077874097096,220.0287133611628,217.29906747185922,217.3965606689453,5870000
JPM,2024-10-22,217.41605257710637,219.6192589043824,215.54429930452827,218.4884033203125,9586800
JPM,2024-10-23,218.03998276879733,219.15133680262315,216.9383721046514,217.7962646484375,6180500
JPM,2024-10-24,216.25595524811104,219.4047890656316,216.09022871828077,219.32679748535156,6002200
JPM,2024-10-25,219.34630148528674,219.95071764481568,215.32983174709776,216.72389221191406,6369700
JPM,2024-10-28,217.7377703907154,219.9702217840732,217.34781248059676,219.833740234375,6843000
JPM,2024-10-29,219.55102479793467,221.0523217832945,217.21132205890774,217.29905700683594,6580000
JPM,2024-10-30,216.9480966665593,220.62336976807137,216.01222749571963,218.7711181640625,7110900
JPM,2024-10-31,219.05383314379685,220.01896220946816,216.24621064657887,216.34368896484375,7829900
JPM,2024-11-01,217.94248990978247,220.46740607055116,217.1040989794246,217.33807373046875,6923500
JPM,2024-11-04,217.05532520473295,218.1374341203493,213.66277355389727,214.2574462890625,8229600
JPM,2024-11-05,214.50119437936183,216.3827060342441,214.4719493944743,215.9245147705078,5600700
JPM,2024-11-06,229.09503015318575,241.76837224676623,228.87081365048078,240.85198974609375,23987800
JPM,2024-11-07,238.3563286726829,238.42457688855603,229.30951297075987,230.44036865234375,16451100
JPM,2024-11-08,233.32596812691025,233.32596812691025,229.85542459219883,231.0252685546875,9502100
JPM,2024-11-11,233.96938766335575,236.01662575555932,232.99451521475842,233.2772216796875,9017100
JPM,2024-11-12,234.5055801689047,235.3927177038515,232.76055008364676,233.5404510498047,6861000
JPM,2024-11-13,234.53482242214545,237.95661946303818,234.2716026881157,235.10025024414062,11472600
JPM,2024-11-14,236.32858701887602,238.1515938133449,234.99301646894952,235.7924041748047,10172200
JPM,2024-11-15,235.3927154551627,240.22807462347745,235.3927154551627,239.14596557617188,11518800
JPM,2024-11-18,241.5343833585804,241.7001098835185,236.58202972228585,238.87298583984375,9051400
JPM,2024-11-19,236.16286116516665,238.9899854415558,235.4804533959045,236.98175048828125,6792700
JPM,2024-11-20,238.25883102314248,238.46356079156547,232.64357082604232,234.72979736328125,9015300
JPM,2024-11-21,237.118218093664,239.3214393160151,236.02636572707272,238.60977172851562,8783500
JPM,2024-11-22,237.48869284835715,242.8894800106903,236.92326500729266,242.3045654296875,7997300
JPM,2024-11-25,243.31843143678847,247.91983097303608,242.80175018539992,244.00083923339844,10295400
JPM,2024-11-26,244.19581114213256,244.6929907482795,242.09982639974197,243.68887329101562,6212100
JPM,2024-11-27,243.08445057669923,244.8782123088469,242.51902277247098,243.5133819580078,5472300
JPM,2024-11-29,243.58164146598557,245.443651495947,243.18194017414328,243.44515991210938,5494800
JPM,2024-12-02,243.27941409735303,243.9618218126636,238.8729866171908,240.0623321533203,8899700
JPM,2024-12-03,241.9926085281729,242.78225291232985,238.48307627910043,238.66830444335938,6657700
JPM,2024-12-04,238.55130331898147,239.18497938393276,236.1433669979899,237.28396606445312,7346300
JPM,2024-12-05,239.22397158460936,240.96898688304674,238.4733155649941,239.31170654296875,6572500
JPM,2024-12-06,239.52616308454475,241.5149112550535,238.6877721646976,241.1444549560547,5519700
JPM,2024-12-09,240.92022306263036,241.64161912465175,237.63489293086974,237.6836395263672,7076500
JPM,2024-12-10,237.761640011308,241.72937800255815,236.13360481323514,236.7575225830078,9108300
JPM,2024-12-11,237.8688662681449,238.1320859819885,236.09459135498247,237.41067504882812,7884400
JPM,2024-12-12,236.89400116622053,237.96636679243073,234.9832446528022,235.4609375,6113800
JPM,2024-12-13,235.98738706163792,236.6210482199652,233.13100297592578,233.91090393066406,10392700
JPM,2024-12-16,234.56406925192243,234.6225592209729,231.55171684283482,233.55995178222656,9032000
JPM,2024-12-17,232.65331194344375,233.01402487713747,230.68408023952856,232.37060546875,8083600
JPM,2024-12-18,232.99451380384923,233.06276201501683,223.76247058150787,224.58135986328125,11322400
JPM,2024-12-19,226.43361313978184,230.42083762629233,226.43361313978184,227.1062774658203,11790800
JPM,2024-12-20,226.09243135853401,233.19926030626974,225.77072164430072,231.6297149658203,32348400
JPM,2024-12-23,230.1381600842092,232.62407307909908,228.97805941972783,232.3998565673828,8611500
JPM,2024-12-24,233.41372161961854,236.39684404269875,233.06278179082886,236.2213592529297,3729100
JPM,2024-12-26,235.36344862473942,237.1474669945077,234.73953085132644,237.03048706054688,4451800
JPM,2024-12-27,236.62105597051928,237.27421876483717,234.0083899178738,235.11000061035156,5730200
JPM,2024-12-30,232.7702899766497,234.78826813428134,231.1519982026521,233.3064727783203,5723800
JPM,2024-12-31,234.01812908048691,235.3732011590255,233.0237550398253,233.68667602539062,4871000
JPM,2025-01-02,234.86628706637518,237.16698682164812,233.43322326381167,233.9694061279297,9220900
JPM,2025-01-03,237.7616497394955,238.72677885464952,234.2228578593043,237.16697692871094,9491100
JPM,2025-01-06,238.80340800929375,240.7534289353331,235.7461019925236,236.01068115234375,9917800
JPM,2025-01-07,237.2747542889821,240.33206029657904,236.0596638477121,238.2840576171875,8753400
JPM,2025-01-08,237.87248824320775,239.34234913863438,235.66769690006782,238.24485778808594,8675300
JPM,2025-01-10,238.2056566354401,238.91119107182027,233.9430689471917,235.05035400390625,10256800
JPM,2025-01-13,234.85437423024973,239.62651786311784,234.1978381518702,239.30316162109375,10005300
JPM,2025-01-14,237.7842986314898,242.74262696079552,237.323741024409,242.49765014648438,12407400
JPM,2025-01-15,245.36878608055946,248.57308719225867,238.78380771723948,247.2796173095703,18448500
JPM,2025-01-16,248.89646209375883,251.87538875346692,247.26001864512284,249.16104125976562,15292300
JPM,2025-01-17,249.03365028322543,255.3834456469004,247.07383560720973,253.95278930664062,17678100
JPM,2025-01-21,254.84450829070423,258.940513781988,254.28595393160222,257.7450256347656,13712100
JPM,2025-01-22,257.6176299378133,258.08799621971843,255.020881505667,257.558837890625,9021900
JPM,2025-01-23,259.3716913873203,261.49807369302675,258.50936809298014,260.60638427734375,10749700
JPM,2025-01-24,258.3917588239568,261.7332463118807,257.7254290357368,259.5186462402344,7666300
JPM,2025-01-27,258.86215505336446,260.6259764391142,256.99052830164493,260.5083923339844,7522300
JPM,2025-01-28,260.50837209675103,261.9586158198937,259.5088474719919,261.7724609375,7375400
JPM,2025-01-29,261.8410096864953,265.2412890633801,260.27315209491445,261.2236633300781,7684900
JPM,2025-01-30,263.2325025931336,264.28101058042995,261.2628793521523,262.8405456542969,8753500
JPM,2025-01-31,263.8204429620972,265.3784919204346,261.59603433813663,261.92919921875,7193800
JPM,2025-02-03,256.5691469561226,262.7817863229186,256.44178411105315,261.4490966796875,8381400
JPM,2025-02-04,264.4181531333696,264.4181531333696,261.46862291567953,262.55633544921875,5626000
JPM,2025-02-05,263.50688948192004,265.2021399656086,262.93852647158326,264.996337890625,5704400
JPM,2025-02-06,266.97573451696,271.4147130351357,265.7410418481975,271.3363037109375,7264400
JPM,2025-02-07,271.6988877865912,272.953167941253,269.1903274772675,270.2584228515625,6857900
JPM,2025-02-10,270.6013666007489,270.6307626204973,264.17317777769046,265.59405517578125,8627400
JPM,2025-02-11,264.8297788969493,270.6700185263523,264.2418284862738,269.4647216796875,7196400
JPM,2025-02-12,268.57299861058124,270.8954041954382,267.75968865202606,269.9154968261719,6683900
JPM,2025-02-13,269.9644741692873,271.40493916593095,268.30842836007116,270.76800537109375,8398700
JPM,2025-02-14,271.79688876986324,273.6195319367328,270.8953907812424,271.0325622558594,5688600
JPM,2025-02-18,271.1991362489089,274.34463010375015,270.47398455916186,274.3250427246094,7919800
JPM,2025-02-19,272.7866150221738,274.61903699637526,271.64991889871,273.6391296386719,7007200
JPM,2025-02-20,273.0805422903629,273.13933433237344,260.4005402205734,261.4392395019531,13846700
JPM,2025-02-21,262.92876408693655,263.79108739460094,257.5588607010997,258.93072509765625,12835600
JPM,2025-02-24,260.1555988746685,261.63526857722854,253.41383136407939,256.0889892578125,10372800
JPM,2025-02-25,256.9611031816803,257.715621040436,248.25952153447065,252.22813415527344,9608400
JPM,2025-02-26,251.99297149395173,255.66762396574103,251.7675820434319,253.59022521972656,5943600
JPM,2025-02-27,254.9522707219969,258.34277146574925,252.67887863939237,253.844970703125,8204400
JPM,2025-02-28,255.4912386631127,259.4892472511293,252.70830554612516,259.33245849609375,10467100
JPM,2025-03-03,258.69554505646136,260.9689373264377,252.63972470151376,255.38345336914062,9058300
JPM,2025-03-04,250.15074984477525,252.06158115991113,241.0082123751271,245.22181701660156,13465600
JPM,2025-03-05,246.20170137955762,247.96553745450754,242.8504203132519,246.47607421875,7861400
JPM,2025-03-06,243.12481119110677,244.3496953684526,238.950411297504,241.5863494873047,9983200
JPM,2025-03-07,240.30266509821263,241.7627323707991,234.6094060276731,237.4119415283203,20498700
JPM,2025-03-10,231.46392822638103,232.73779585541584,224.1048142516893,227.55409240722656,18887200
JPM,2025-03-11,227.09352369484046,228.63198537977485,222.13519499810542,224.5359649658203,18143000
JPM,2025-03-12,229.29833350451207,229.61191105217276,222.69375219086345,223.32089233398438,16054000
JPM,2025-03-13,224.69276414889097,224.88874263351286,219.72462657901622,220.66534423828125,16467900
JPM,2025-03-14,223.53644664227286,228.45558543419895,223.00730328361723,227.7696533203125,11962100
JPM,2025-03-17,226.53496075554793,230.9347498826832,225.82944126080733,229.22970581054688,9586000
JPM,2025-03-18,229.6118912936414,231.42471087138168,228.82796244414868,230.2488250732422,10344900
JPM,2025-03-19,231.003365794291,237.46095169041473,230.1704385597004,234.30564880371094,10120600
JPM,2025-03-20,231.80687167408394,236.90238671351167,231.45410444315897,234.2076416015625,8328500
JPM,2025-03-21,233.03175603733484,237.43154526163565,231.7480798478655,236.77500915527344,19326900
JPM,2025-03-24,240.54764300232483,243.69315205594,239.49914995258575,243.0758056640625,9422700
JPM,2025-03-25,244.30069841338116,246.76027542501896,242.64465260375079,246.08413696289062,9287700
JPM,2025-03-26,247.52460676201224,249.55300723554984,244.76126081139026,245.98614501953125,12779300
JPM,2025-03-27,244.51627067852738,245.6039683943203,242.21348251151562,243.1345977783203,8022500
JPM,2025-03-28,241.97832221404934,244.49667631604888,236.2654605973164,237.9705047607422,11978400
JPM,2025-03-31,234.59962314020567,240.92002258119433,232.5908100746605,240.37127685546875,13603000
JPM,2025-04-01,237.74510920532492,240.7534318549276,236.04008003784892,238.76422119140625,8054700
JPM,2025-04-02,236.74561869740594,242.28208917285224,236.6084322682575,240.88082885742188,7758800
JPM,2025-04-03,229.56290134081743,230.41541595904243,222.73294584761328,224.0950164794922,17188500
JPM,2025-04-04,212.2834044818624,214.63980786720018,205.9930827481223,207.32411193847656,27170700
JPM,2025-04-07,202.87751892186455,218.92867162545016,199.318263676067,211.42564392089844,22914400
JPM,2025-04-08,220.3780027140348,224.63726902095286,210.25236301213724,213.82147216796875,19485700
JPM,2025-04-09,209.51290511747,234.14175911605213,208.03399049311142,231.0458984375,24022400
JPM,2025-04-10,226.76690105221883,227.11198713675623,217.0060708942117,223.9175262451172,18896400
JPM,2025-04-11,223.12876931722607,235.22629475740231,221.83718632835738,232.87974548339844,20284500
JPM,2025-04-14,233.76711210699779,236.4094323607213,230.34588838919925,231.42056274414062,13017800
JPM,2025-04-15,232.78115729997276,235.2953000115482,229.54726533873128,229.8529052734375,10912900
JPM,2025-04-16,228.7387885514358,230.29658038223104,224.72599309998205,226.38238525390625,9322300
JPM,2025-04-17,227.5556737150443,231.04590571903626,227.30918793654973,228.69937133789062,9557900
JPM,2025-04-21,227.38806426261334,228.55146991109476,223.15835989610855,225.7711181640625,8716200
JPM,2025-04-22,228.71908031334866,232.6727218450888,228.1176544095649,232.27833557128906,10701400
JPM,2025-04-23,236.8432619550101,243.32090055249418,236.626353260977,237.49398803710938,14126800
JPM,2025-04-24,236.36999583866177,242.01944538917732,234.2403552074537,241.20111083984375,9055200
JPM,2025-04-25,241.21097798902758,242.167344017777,238.35174896231777,240.12644958496094,8588600
JPM,2025-04-28,241.12224659361283,243.3701956996928,237.45453699015647,239.80108642578125,7394300
JPM,2025-04-29,238.78556197088412,241.80254545200498,238.29259042052325,241.181396484375,7216800
JPM,2025-04-30,237.8193419445802,241.77296836252717,235.07840628381982,241.181396484375,12991700
JPM,2025-05-01,239.42640700289516,244.95754812328786,238.76582696374092,243.4194793701172,8689600
JPM,2025-05-02,247.72805089612243,250.0548771482027,245.9533654016641,248.96047973632812,7165000
JPM,2025-05-05,247.64918980005874,251.57325431514832,247.0674869601665,249.00979614257812,5450700
JPM,2025-05-06,246.48576466704802,249.09850775479987,245.49982160837982,245.74630737304688,6369900
JPM,2025-05-07,246.33787880460858,248.90132172618286,245.33221267408402,245.88433837890625,8724100
JPM,2025-05-08,248.03371181647788,252.283124152028,248.01398874215974,249.90699768066406,8320100
JPM,2025-05-09,250.92251356291578,251.91831065658968,248.7928729020058,249.52247619628906,5087600
JPM,2025-05-12,259.2044446904927,259.8946169218072,255.0635015683959,256.3945007324219,9603900
JPM,2025-05-13,257.3607186160682,259.9636227659981,256.7297306967061,259.3128967285156,8589000
JPM,2025-05-14,259.30304054504273,262.8918879441619,258.60302935469,261.90594482421875,8643100
JPM,2025-05-15,263.217209377267,265.7313520440172,261.03828372684393,263.7298889160156,9214600
JPM,2025-05-16,263.7397655019056,264.6862624037603,260.9889759714906,263.7989196777344,8932900
JPM,2025-05-19,261.8171506513173,264.54823200796864,258.2480418186231,261.1565856933594,12145000
JPM,2025-05-20,258.8297895150459,262.91160867125683,258.61288081463954,261.94537353515625,8436300
JPM,2025-05-21,260.6340748522516,261.91578889770904,257.06496550270094,257.37060546875,7464000
JPM,2025-05-22,255.79307750804895,258.6128603010642,255.2310827258566,257.00579833984375,6514100
JPM,2025-05-23,253.20005483078515,258.30723306371834,252.40144329619352,257.04522705078125,6671800
JPM,2025-05-27,258.35653699260183,261.5706910214846,258.30722178470336,261.56085205078125,7506600
JPM,2025-05-28,262.49750712162876,262.97077068804947,259.20446045452275,259.7861633300781,5535400
JPM,2025-05-29,261.0777263969251,261.6791673467857,258.83964634422205,260.6537780761719,5081200
JPM,2025-05-30,259.74671429323007,261.600261993738,259.0368340780119,260.2889709472656,10977700
JPM,2025-06-02,259.3227361836595,261.3044913883967,258.21848475626587,260.939697265625,6011200
JPM,2025-06-03,260.02279517964416,262.8327090581509,259.18473749281026,262.5270690917969,6998400
JPM,2025-06-04,262.182005216077,263.3651188956681,260.4664437433463,260.5058898925781,5915700
JPM,2025-06-05,261.0185511699558,261.0185511699558,256.65083071751394,258.2677917480469,8173800
JPM,2025-06-06,260.6143454296545,262.9017408100798,260.5453522749452,261.99468994140625,7738100
JPM,2025-06-09,262.26085974590114,264.13414558351,259.6481165969787,262.9904479980469,8285000
JPM,2025-06-10,262.14254399250694,265.12008118347507,262.1129669044328,264.8243103027344,7538100
JPM,2025-06-11,264.9031944101953,265.8299833646017,262.05383439482847,264.3806457519531,7434100
JPM,2025-06-12,263.108754096244,264.51867555838396,261.41296089523235,264.4693603515625,6618000
JPM,2025-06-13,261.3537637738832,263.2664956490745,259.0170836192922,261.2256164550781,7098300
JPM,2025-06-16,263.2467856983216,267.91030700344754,263.0989002634007,266.5595397949219,8566000
JPM,2025-06-17,264.4003547444176,266.78632001973784,264.0355305500715,265.7313537597656,6739300
JPM,2025-06-18,266.2046518031783,273.8161341619834,265.92858892337074,270.1089782714844,9586400
JPM,2025-06-20,271.6963331378996,273.40199535536493,269.96106374392457,271.13433837890625,13969700
JPM,2025-06-23,271.1934990823813,274.63443077664516,268.2849549834157,274.3583679199219,8094600
JPM,2025-06-24,276.2711076585184,278.7359654088068,275.580965541595,277.3063659667969,9267900
JPM,2025-06-25,277.54300447417825,280.2839253041626,276.9613016100684,280.0670166015625,6826900
JPM,2025-06-26,280.6980130310247,285.3417966142587,280.47123528578646,284.6910705566406,8942100
JPM,2025-06-27,281.7924131203027,284.6418033050154,281.03324771639046,283.0741271972656,17868600
JPM,2025-06-30,286.3178803397518,288.5362523931413,284.8587037568908,285.83477783203125,12689200
JPM,2025-07-01,286.8009917731804,287.0376084797312,282.5614185530472,286.3277282714844,9338300
JPM,2025-07-02,287.93483189106854,288.70386630697305,285.6277286433551,287.8953857421875,8158700
JPM,2025-07-03,289.43094323142554,293.6413883261785,288.4996894270786,293.2451171875,6541600
JPM,2025-07-07,292.50209620860613,293.28475211178096,287.38020030669605,289.25262451171875,8825700
JPM,2025-07-08,286.5777506799395,287.0037716436535,277.7011499441943,280.1481628417969,15440900
JPM,2025-07-09,284.50723352964,284.52706674085863,279.8509941598734,280.524658203125,11273800
JPM,2025-07-10,280.3661135119623,285.6266908203048,280.3661135119623,285.5078125,8410900
JPM,2025-07-11,282.86266052650467,284.70536526736765,281.0100694142449,284.190185546875,7384700
JPM,2025-07-14,284.39822720712635,286.60745309571854,282.6050754191309,286.0130615234375,9079900
JPM,2025-07-15,285.3196042033426,289.23285392385833,282.82306855064246,283.8830871582031,12526100
JPM,2025-07-16,285.7158562387447,288.0241878683028,280.3760366699049,283.1598815917969,9979800
JPM,2025-07-17,280.8020357673763,287.5981754634707,280.8020357673763,287.201904296875,8509500
JPM,2025-07-18,286.825430293332,289.7777063567027,285.54745807447995,288.55914306640625,12217000
JPM,2025-07-21,288.291651952566,291.44204831578946,287.8755476057488,288.2619323730469,7898100
JPM,2025-07-22,288.7870071326712,290.89718804274116,286.4885921354602,288.7176513671875,6717500
JPM,2025-07-23,290.1145172431339,294.2258869019811,289.8272078248217,293.998046875,7083500
JPM,2025-07-24,294.6519062776982,296.80169301766455,293.443259686642,293.78997802734375,7001200
JPM,2025-07-25,293.93864551661835,296.1181521271809,293.20551208711413,295.84075927734375,5918500
JPM,2025-07-28,294.8896814285751,296.64319715105114,294.05750293823644,295.50390625,5840400
JPM,2025-07-29,297.20789441970317,298.485896831102,293.44327318380715,294.27545166015625,7635700
JPM,2025-07-30,294.65191611543503,297.8121988713861,294.6122799312847,296.8413391113281,8061700
JPM,2025-07-31,296.3559134765009,298.17878493737805,292.7497765059144,293.4828796386719,14749700
JPM,2025-08-01,287.6972620199026,289.0842262737886,281.5945890692511,286.6768493652344,12007100
JPM,2025-08-04,287.5585597880286,291.5807709484115,287.5585597880286,291.5213317871094,6649500
JPM,2025-08-05,291.9473110106125,293.03707931410463,284.56663635989554,288.658203125,7182300
JPM,2025-08-06,289.5795373797788,290.5603439597299,287.4594701868467,288.6383972167969,6330200
JPM,2025-08-07,290.21359744338497,290.72874689730406,283.7443736390337,284.2694396972656,8057100
JPM,2025-08-08,286.2904939677283,288.51955337300967,282.0602152135648,286.0725402832031,6634100
JPM,2025-08-11,286.7065672685148,288.6087112580965,286.0923424049315,286.8650817871094,5510100
JPM,2025-08-12,288.78700908878795,292.00676133420325,287.6378015823982,290.12445068359375,8570900
JPM,2025-08-13,291.2142024521843,291.80859403066296,284.4873889092739,287.8260192871094,8420400
JPM,2025-08-14,287.87557367248905,291.46190791598,286.9443500187198,291.4222717285156,6322400
JPM,2025-08-15,292.0959281808534,292.7497892060912,287.1226600740198,287.7864074707031,7340500
JPM,2025-08-18,287.30098279519575,289.1832935323159,285.7257844830691,288.8167419433594,5386900
JPM,2025-08-19,288.12323486532705,289.7579025190641,286.83534604543564,287.954833984375,6031500
JPM,2025-08-20,288.1034273576763,290.59996282013503,284.59636569119436,289.5201110839844,7374200
JPM,2025-08-21,289.2229206266122,290.04518252461884,286.77590767522184,288.7572937011719,6624000
JPM,2025-08-22,290.4711947382056,294.3943304858857,287.42976002403793,293.4828796386719,8552800
JPM,2025-08-25,293.4828900064588,294.58257497799383,291.4024588552954,292.1553649902344,5856300
JPM,2025-08-26,291.42226929827126,295.9596301346493,290.7684082615478,295.7912292480469,6714700
JPM,2025-08-27,294.48349281779485,298.2679473154416,294.2754557542009,296.4945983886719,6056500
JPM,2025-08-28,297.22769856125745,298.4363452126477,295.9200067981791,298.2679443359375,6410500
JPM,2025-08-29,299.2289404362671,300.13047474928055,296.94044188536884,298.6147155761719,6796400
JPM,2025-09-02,297.4654912302876,297.6636116910732,291.75908984916356,296.91070556640625,7221900
JPM,2025-09-03,297.77260531660534,297.77260531660534,293.62159918539595,296.72247314453125,6316900
JPM,2025-09-04,297.2079158871201,301.5966788556673,295.50392262669186,300.99237060546875,6605800
JPM,2025-09-05,300.82394206718743,302.3099816593852,291.5708725011291,291.6402282714844,9837700
JPM,2025-09-08,292.14548200845184,293.70084708741166,288.72757896293916,290.18389892578125,8188500
JPM,2025-09-09,289.8767732101451,296.21720226202,289.58946377934626,295.0779113769531,7848200
JPM,2025-09-10,293.93863182647567,298.73358242665296,292.6507127572817,297.7428894042969,7787300
JPM,2025-09-11,298.43635491424595,302.88458712159553,297.99056119650595,302.7161560058594,7942500
JPM,2025-09-12,302.1613616302637,304.6876166586702,300.8734728380468,304.0535888671875,6846700
JPM,2025-09-15,304.31117542875756,307.0653006989229,304.31117542875756,306.0250549316406,7122000
JPM,2025-09-16,307.1148062613988,308.00642384577054,304.27152240854014,306.3123474121094,10525600
JPM,2025-09-17,307.50121329837117,309.99774876224666,305.89626524993236,308.8485412597656,8657800
JPM,2025-09-18,308.8881884357977,310.5228258893637,306.7284546518725,310.3147888183594,8050700
JPM,2025-09-19,310.6813313111796,312.8608377743073,306.2430157804659,311.850341796875,23568600
JPM,2025-09-22,306.91666061932966,310.78038727091956,306.6789039885423,309.5321044921875,7520200
JPM,2025-09-23,308.9178945679837,313.3660964063979,307.68941470486936,309.8293151855469,8584400
JPM,2025-09-24,311.12713244988527,313.633584594132,308.76930844625,310.5030212402344,7310500
JPM,2025-09-25,311.1964927670822,312.7122519083539,308.8980776591185,310.5327453613281,7083200
JPM,2025-09-26,311.9692007646792,314.8521208481549,310.7803873767882,313.118408203125,7258100
JPM,2025-09-29,314.1091367340854,315.0503072271631,310.74078640307744,312.75189208984375,6462400
JPM,2025-09-30,313.3066687483855,314.45587628391564,307.22379907069933,312.4942932128906,11823300
JPM,2025-10-01,311.04790640850786,311.66213127851097,304.5489622459693,307.8182373046875,9235200
JPM,2025-10-02,307.11483202977473,307.66961769475733,303.29077153660535,304.6876220703125,7600000
JPM,2025-10-03,305.6387192319075,308.7593962590199,305.3414931799835,307.1445617675781,6029900
JPM,2025-10-06,308.78713549615594,310.3500927332471,303.759824574425,307.7916259765625,7214500
JPM,2025-10-07,307.96086849994276,308.617908412618,303.3317554221121,306.3083190917969,8454200
JPM,2025-10-08,306.82598699255016,307.3934347220047,302.1869088878288,302.6647644042969,6489900
JPM,2025-10-09,303.68016451672463,306.65675861669814,302.0276454614978,304.15802001953125,7060300
JPM,2025-10-10,304.28744895257694,309.07584739868366,299.45922161840923,299.53887939453125,8597400
JPM,2025-10-13,304.2277139599526,308.0703661064548,304.0783936087615,306.5870666503906,10788700
JPM,2025-10-14,304.46663636257074,305.62143108333873,292.8888554642275,300.7235107421875,16178800
JPM,2025-10-15,305.014160038565,310.71840983834574,304.0684138931284,304.3172912597656,11354800
JPM,2025-10-16,303.97881882847634,307.29385195347595,295.73600173818085,297.19940185546875,10549400
JPM,2025-10-17,297.8166372560658,298.2048701782948,292.878918450451,296.22381591796875,10153500
JPM,2025-10-20,297.15957582421487,302.3262723870789,296.8211062511852,301.0022277832031,6894900
JPM,2025-10-21,300.3054062195614,302.6846581805869,295.66632819879106,295.75592041015625,7372700
JPM,2025-10-22,296.43284443493457,296.7215506882625,289.2353303984808,292.7892761230469,8054100
JPM,2025-10-23,293.05809154328034,295.0391457269973,291.1964936387067,293.2173767089844,5438800
JPM,2025-10-24,294.7504440610291,301.24118554737896,294.1232985857486,299.09088134765625,7228300
JPM,2025-10-27,300.80315600970596,303.1625086782835,299.6583261537955,302.7842102050781,5642200
JPM,2025-10-28,303.4910147760203,306.58706515142967,301.7986668365627,303.98876953125,6336000
JPM,2025-10-29,302.14710352264194,306.86580891607514,301.64934876365396,304.13812255859375,7520300
JPM,2025-10-30,304.41687231061707,311.20622431916547,303.72996829403695,308.05047607421875,7514600
JPM,2025-10-31,307.1544993342095,311.46504195719143,305.8702836157328,309.722900390625,7721300
JPM,2025-11-03,309.60346109874524,310.9175409580823,304.83496198556077,307.96087646484375,7770000
JPM,2025-11-04,305.332725363194,310.8179927016808,303.7299695714597,307.861328125,7085200
JPM,2025-11-05,308.2196835392686,311.6940323736288,304.2575751493287,310.2803955078125,6865200
JPM,2025-11-06,309.59349256305353,313.42621024981315,308.8667900648387,312.0126037597656,7206100
JPM,2025-11-07,310.4894827215045,313.0180550604519,306.2585672077333,312.7990417480469,7302300
JPM,2025-11-10,313.58548301728496,318.1250037695683,312.7990220295163,315.4670104980469,5794100
JPM,2025-11-11,316.0742604403922,317.617287984815,313.86422817579216,314.20269775390625,5030200
JPM,2025-11-12,314.8398332015723,320.8029251766445,314.7900394999871,318.97119140625,10578300
JPM,2025-11-13,317.7965194699941,319.1902267414606,307.7120030298724,308.0903015136719,8973300
JPM,2025-11-14,306.1291237470128,306.25854483769064,299.8773255538296,302.2466125488281,10327000
JPM,2025-11-17,302.6348834912671,304.2177399270206,296.3333218175865,299.02117919921875,8344000
JPM,2025-11-18,298.15508292828906,301.5896027135679,295.686208533325,298.06549072265625,8077300
JPM,2025-11-19,298.3939949218268,303.0828663383219,297.9261042618115,301.90814208984375,5546600
JPM,2025-11-20,304.9643777592117,308.52831879604355,296.8211173091691,297.0401306152344,7501600
JPM,2025-11-21,299.93706770739834,300.32530061703676,291.4951361556371,296.6817321777344,11766800
JPM,2025-11-24,296.9007472780177,298.4736693208262,293.18751624004057,296.6618347167969,10940200
JPM,2025-11-25,298.70260864804214,303.13263800592705,294.23278078476807,301.6393737792969,8877200
JPM,2025-11-26,303.6303853642607,307.1445325435829,301.83848048809654,306.258544921875,7910900
JPM,2025-11-28,307.71199439271356,312.31124344972676,306.85584041963983,311.6741027832031,4322400
JPM,2025-12-01,311.5447084439427,312.6298101472411,307.1545079277028,307.5328063964844,7727300
JPM,2025-12-02,307.3535906208714,309.0857977944923,305.7110060363412,306.4974670410156,7249000
JPM,2025-12-03,305.8205388774128,310.9573413023751,305.4223107621409,310.7283935546875,8535300
JPM,2025-12-04,311.8533290542866,317.0598245188333,311.594486851423,314.6805725097656,9627800
JPM,2025-12-05,314.22264749671507,317.0498909600222,313.26693645912985,313.6253356933594,6518900
JPM,2025-12-08,313.64523530818684,315.04890741449873,311.9429224901236,313.7945556640625,7417200
JPM,2025-12-09,313.53574377586375,317.36843122488773,298.6727631596137,299.16058349609375,18049200
JPM,2025-12-10,299.1506059920777,309.79260502170655,297.1197580970947,308.7174377441406,18874100
JPM,2025-12-11,307.85134172095206,316.57201448320507,307.85134172095206,315.9548034667969,9721900
JPM,2025-12-12,318.2444858866232,318.8318328758901,315.1783298378069,317.0896911621094,8982900
JPM,2025-12-15,318.15488497356307,321.43011981246894,316.9602917736724,318.58294677734375,10864100
JPM,2025-12-16,317.65713843404893,318.0852002489096,312.9881962174831,314.1330261230469,8331300
JPM,2025-12-17,317.0000717018951,317.93585302959536,313.247011955208,313.5655822753906,8718700
JPM,2025-12-18,314.5810110073882,316.2733893580616,310.8179862048632,311.594482421875,11444900
JPM,2025-12-19,312.38092757719465,317.12949684979,311.7836158143462,315.7855529785156,24494400
JPM,2025-12-22,316.0842305232393,321.778546068669,316.0842305232393,321.63916015625,8354600
JPM,2025-12-23,322.15681084289565,326.3080987754714,321.63915684610726,324.4664001464844,6668300
JPM,2025-12-24,324.7749981915486,328.5081586858931,324.0383309091034,327.6918640136719,4289300
JPM,2025-12-26,327.6321237138718,329.3742653747722,325.0736873353596,326.4375305175781,4158300
JPM,2025-12-29,325.5316095182794,326.29814090339255,322.077190306029,322.29620361328125,8635300
JPM,2025-12-30,323.35145488056963,323.48087598310644,321.0418654305578,321.96771240234375,7904300
JPM,2025-12-31,322.8835465614906,323.42113019633854,320.59388687095947,320.7730712890625,5048500
JPM,2026-01-02,321.0518034652283,324.2673099842148,319.2996970795839,324.0184326171875,8054000
JPM,2026-01-05,324.03834873814424,335.7355855973553,323.7297432174082,332.5400085449219,10752600
JPM,2026-01-06,332.6199951171875,335.8699951171875,330.6499938964844,334.6099853515625,7660800
JPM,2026-01-07,331.1400146484375,332.1499938964844,324.6000061035156,326.989990234375,9815200
JPM,2026-01-08,326.3900146484375,331.3999938964844,325.6499938964844,329.7900085449219,11737100
JPM,2026-01-09,329.3399963378906,331.8999938964844,328.1700134277344,329.19000244140625,6738100
JPM,2026-01-12,321.8800048828125,326.0199890136719,321.2300109863281,324.489990234375,12805100
JPM,2026-01-13,324.29998779296875,326.8599853515625,310.57000732421875,310.8999938964844,19371200
JPM,2026-01-14,308.20001220703125,311.760009765625,306.1199951171875,307.8699951171875,25951500
JPM,2026-01-15,308.4700012207031,312.94000244140625,307.75,309.260009765625,14751400
JPM,2026-01-16,310.3500061035156,317.2099914550781,310.0,312.4700012207031,14652500
JPM,2026-01-20,306.2099914550781,311.1499938964844,301.8599853515625,302.739990234375,12900600
JPM,2026-01-21,303.42999267578125,305.3999938964844,301.1499938964844,302.0400085449219,10270100
JPM,2026-01-22,304.8599853515625,308.20001220703125,302.8999938964844,303.6300048828125,10535800
JPM,2026-01-23,302.0,302.3699951171875,296.510009765625,297.7200012207031,11107900
JPM,2026-01-26,297.80999755859375,301.7799987792969,297.45001220703125,301.0400085449219,11752700
JPM,2026-01-27,301.3299865722656,301.9700012207031,298.1499938964844,300.30999755859375,11527400
