ticker,date,open,high,low,close,volume
KLAC,2020-01-02,168.25595067728426,170.04293551739886,167.54860694943466,169.9219512939453,1056900
KLAC,2020-01-03,166.90644768704283,168.6189734740208,165.53828463937654,166.67376708984375,833400
KLAC,2020-01-06,164.10496442475176,165.2590509994249,162.0294434493853,162.92294311523438,1266800
KLAC,2020-01-07,163.93739429209697,165.45447589819227,162.22486899298244,164.21661376953125,1139300
KLAC,2020-01-08,164.27247350526784,166.28283692937632,163.36036969684045,164.43069458007812,883500
KLAC,2020-01-09,166.05019688261248,166.99022145112318,162.8298909341808,163.33248901367188,916900
KLAC,2020-01-10,164.18872584440152,165.1380523738133,160.03769809990965,161.02426147460938,883800
KLAC,2020-01-13,161.9177616653533,162.9787845323795,161.35002048727904,162.969482421875,662000
KLAC,2020-01-14,163.72341947805924,165.87338645779616,162.01089326581945,165.1846466064453,1279600
KLAC,2020-01-15,164.82158459313564,166.32004784505048,163.66749819900784,165.59408569335938,922800
KLAC,2020-01-16,167.0646617214842,169.23324649984406,166.60860265765623,168.37698364257812,1197200
KLAC,2020-01-17,168.33976797117802,168.36768850903718,165.0729372263768,166.3480224609375,1604700
KLAC,2020-01-21,165.3428590198295,168.3584052617948,165.2684137116619,166.42250061035156,1571400
KLAC,2020-01-22,167.53001778907245,170.1174247054569,167.4090193427933,167.65101623535156,1084600
KLAC,2020-01-23,167.3624980759228,170.00574611438415,166.7109810762535,169.9033660888672,1056900
KLAC,2020-01-24,171.14126587317426,171.71830930570124,166.06881664885537,166.97161865234375,961000
KLAC,2020-01-27,162.66239694902904,163.09052140305397,158.08324334382664,158.51136779785156,1581300
KLAC,2020-01-28,160.2703984728549,164.1142866261291,159.80503726114415,163.7419891357422,938100
KLAC,2020-01-29,164.13291916924618,164.68204203789134,159.76782835565672,159.82366943359375,1028900
KLAC,2020-01-30,161.4803266450386,163.22077288335595,157.82259465081515,160.9405059814453,1448000
KLAC,2020-01-31,159.50717674412303,160.78226162608013,153.80184505765408,154.25790405273438,1505700
KLAC,2020-02-03,155.68191292802234,158.8277444393776,155.4399160567451,158.15762329101562,1181500
KLAC,2020-02-04,162.2528172332127,166.41314697265625,161.7967582021191,166.41314697265625,1735900
KLAC,2020-02-05,163.86297524774065,165.47312094245524,157.10593607547514,159.41412353515625,3113100
KLAC,2020-02-06,159.55370356189073,161.37792536416967,158.3623802549023,159.8422393798828,1370300
KLAC,2020-02-07,158.88361478863993,159.4048170198092,153.34580557822727,153.66226196289062,1492800
KLAC,2020-02-10,152.73154641641557,157.30138245440284,152.7129279925627,157.21762084960938,1680300
KLAC,2020-02-11,157.48754596820328,161.50825941298842,156.66850569909832,161.0522003173828,1269000
KLAC,2020-02-12,161.94568124331772,164.23526436481401,161.80607857809645,163.77920532226562,957700
KLAC,2020-02-13,163.50926544857944,167.60445155365585,162.79261959658814,166.3386688232422,1158000
KLAC,2020-02-14,166.71102832867703,167.3066902273289,162.7740756891764,164.06777954101562,864800
KLAC,2020-02-18,155.43064229648434,160.08425434128924,155.12350219732357,157.5061492919922,1778300
KLAC,2020-02-19,160.27970714277672,162.70889312013216,159.15352681539503,160.99635314941406,1069300
KLAC,2020-02-20,160.63162243357252,161.26763223478355,154.95423164816384,156.4788055419922,1664400
KLAC,2020-02-21,154.95418762819975,155.4966739778543,150.40853992630497,150.698486328125,1909900
KLAC,2020-02-24,144.74052782329542,146.71405029211454,143.0101830097305,143.7864990234375,2649600
KLAC,2020-02-25,145.23622514585213,145.90030742148923,137.55726985998805,137.87527465820312,2046900
KLAC,2020-02-26,139.3624666333799,140.9057365618637,136.76228215606048,137.74436950683594,1879300
KLAC,2020-02-27,133.5728285439827,138.78255927730436,133.06776284930731,138.41778564453125,3589700
KLAC,2020-02-28,132.8993826733316,143.97354865767235,132.8993826733316,143.76779174804688,3695100
KLAC,2020-03-02,144.50670246660036,148.71563554815185,141.8971702356424,148.4724578857422,2706400
KLAC,2020-03-03,146.6672679110657,148.98685341870117,142.52381447863968,143.86131286621094,2397400
KLAC,2020-03-04,146.92921524237994,150.31507873535156,144.65639758867457,150.31507873535156,1493300
KLAC,2020-03-05,146.51761772492858,148.60338797674947,144.48797856393745,146.55503845214844,1697000
KLAC,2020-03-06,142.21514080782072,146.04058897238662,141.69136487852768,145.61033630371094,1858400
KLAC,2020-03-09,135.60244249783693,140.75605544047932,134.9290121832696,135.54632568359375,2815600
KLAC,2020-03-10,138.90410317515753,144.74984202746603,136.1636276516705,144.5721435546875,2438500
KLAC,2020-03-11,140.41934028319565,142.3741520957309,133.39509074938277,135.54632568359375,2730500
KLAC,2020-03-12,126.49247707993193,130.00926944652687,117.14864027465819,117.25152587890625,2672700
KLAC,2020-03-13,124.22900417470437,136.33201300684476,119.61787676533714,135.9672393798828,2804300
KLAC,2020-03-16,120.36612789549336,131.39352561748663,118.02783188158395,121.12373352050781,2752300
KLAC,2020-03-17,123.34041403044374,140.70928092000491,117.5133852832317,139.95167541503906,3213600
KLAC,2020-03-18,123.69584736611372,133.8721152173572,119.12214136896937,123.48072814941406,2664600
KLAC,2020-03-19,123.34982117996789,126.66084273483345,118.56098739282153,119.12217712402344,1954800
KLAC,2020-03-20,121.32016854107937,123.9764696476624,105.76581736698378,106.64501190185547,2632600
KLAC,2020-03-23,106.92559830534167,112.88357903227646,103.06273591468398,108.83364868164062,2124900
KLAC,2020-03-24,113.82823153947817,127.71771367177872,112.23819332178442,127.54000091552734,2776100
KLAC,2020-03-25,126.94139435231187,136.50034803319707,125.6974193640516,128.5782012939453,1703000
KLAC,2020-03-26,131.66475542486467,140.73733969033302,130.0653549210441,140.07325744628906,1870400
KLAC,2020-03-27,135.6585525308299,137.65078496782334,132.17918177525695,133.0396728515625,2240600
KLAC,2020-03-30,132.88068195696457,140.83088775977413,132.81520282340657,139.8488006591797,1623700
KLAC,2020-03-31,141.0834248447087,141.0834248447087,132.37561277396327,134.4426727294922,2907200
KLAC,2020-04-01,129.7286798661253,132.08568660524836,121.27340646445198,123.09727478027344,1660800
KLAC,2020-04-02,121.18922148024984,125.13625230893729,120.94602954313349,123.87358093261719,1346000
KLAC,2020-04-03,122.35834837971329,124.3879874033613,117.4385649264992,119.66462707519531,1143700
KLAC,2020-04-06,126.46438686832666,139.5588423689711,124.33184812814373,138.89476013183594,1846000
KLAC,2020-04-07,144.13259703895864,144.97437804143547,137.04288058082898,137.74436950683594,1454100
KLAC,2020-04-08,139.9142812252425,143.24401256937045,137.40763467065688,142.51446533203125,1350000
KLAC,2020-04-09,142.3086990078736,147.65872177945204,138.88544426614303,140.41000366210938,1303800
KLAC,2020-04-13,139.83010739041492,142.5612355345182,138.59548019374841,142.25257873535156,868300
KLAC,2020-04-14,145.06786232762204,151.83955713898567,143.8612938258047,151.26901245117188,1274700
KLAC,2020-04-15,147.94864978454757,148.06089769141312,141.33595646996545,143.30947875976562,1278600
KLAC,2020-04-16,147.976748026854,150.35245076714745,144.25417007429039,146.51763916015625,1563000
KLAC,2020-04-17,150.5207972784917,151.7928309918205,147.58389779987147,150.78269958496094,998100
KLAC,2020-04-20,148.51919541239437,149.9689417180007,145.95643225191043,146.1902618408203,634800
KLAC,2020-04-21,143.5152580949047,144.2073845794216,137.92205803892892,138.9789581298828,1284700
KLAC,2020-04-22,144.32902836698074,149.0523907235496,141.50436185667957,148.41636657714844,1207500
KLAC,2020-04-23,148.19185391198164,150.43661242887822,146.85434113952894,149.1365203857422,1404500
KLAC,2020-04-24,150.5675442175271,154.86066629719056,147.7990098895085,154.25270080566406,1492500
KLAC,2020-04-27,156.23556240479658,158.29327408031233,153.99080419564714,155.31895446777344,1030500
KLAC,2020-04-28,157.49828203488786,159.7243446373957,155.21610260573323,155.51541137695312,1198900
KLAC,2020-04-29,158.9386343816368,165.7103441185669,157.32990001027844,164.5131378173828,1518900
KLAC,2020-04-30,162.6986185820349,163.9706520655466,153.3641457633412,153.47637939453125,1241400
KLAC,2020-05-01,148.06091427936687,148.61274874257282,138.1558952662556,140.55030822753906,2692500
KLAC,2020-05-04,139.9984053922143,142.9820723941329,137.99682524288838,142.16835021972656,1473200
KLAC,2020-05-05,146.3399299121269,150.29632293100693,144.0016338039759,145.56361389160156,1868900
KLAC,2020-05-06,152.84040161899895,158.1904246545602,148.21057783448617,153.2145233154297,2422700
KLAC,2020-05-07,156.54422631608296,158.71417171975688,152.9900280343399,153.2425537109375,1682200
KLAC,2020-05-08,156.03913962039772,161.23950661561634,154.96351510936898,160.40707397460938,1265400
KLAC,2020-05-11,158.24652107545316,158.95735791573804,156.4600595209363,157.863037109375,1145800
KLAC,2020-05-12,159.209896782582,160.11715675861083,154.71101763009472,154.8606719970703,965300
KLAC,2020-05-13,154.67358980630166,157.70402637530978,150.26824840323945,153.4576873779297,1805100
KLAC,2020-05-14,152.03601631594103,165.5139585537375,148.61274737689533,165.31753540039062,2683500
KLAC,2020-05-15,157.92101009136428,161.29502575536867,155.99433893159596,157.3571014404297,3709900
KLAC,2020-05-18,161.47359288025635,163.03372767639226,158.62588438675616,161.94351196289062,1492100
KLAC,2020-05-19,161.84955209387743,166.94347371163204,160.8439182781276,162.14089965820312,1074800
KLAC,2020-05-20,164.94158174434068,169.36822537631627,164.44346871311677,167.2159881591797,1302600
KLAC,2020-05-21,165.5337335662952,166.5863479317318,161.52061978687541,162.0563201904297,1001800
KLAC,2020-05-22,163.31567460921258,163.5036393656083,160.14841038373842,162.5919952392578,666400
KLAC,2020-05-26,166.26677607140635,169.48102093009004,164.18033416196022,166.0130157470703,1911100
KLAC,2020-05-27,167.4039850719571,168.13705776219408,158.1183928820238,166.0976104736328,1659600
KLAC,2020-05-28,166.97167321261864,169.3776569285234,162.96795293902616,164.10516357421875,1272000
KLAC,2020-05-29,165.4115496263999,167.26303232345902,163.12774931911707,165.37396240234375,1792100
KLAC,2020-06-01,164.4717112762499,167.66715593044182,163.01495896535837,165.37396240234375,1085400
KLAC,2020-06-02,164.75363260363116,166.86826846732092,162.53561396852933,166.6239013671875,892600
KLAC,2020-06-03,168.08064855670122,175.70273640223942,167.6483310456116,174.8568878173828,1659800
KLAC,2020-06-04,173.6914867860888,177.74218693156777,172.63887264363268,175.0824432373047,1068700
KLAC,2020-06-05,178.7759955771075,184.4432178890597,177.9395402836244,180.9000244140625,1500200
KLAC,2020-06-08,181.97145316890425,182.3849842384206,177.41324686724306,180.3267364501953,816400
KLAC,2020-06-09,179.07673615463216,180.96581981764317,177.30044280962173,179.53726196289062,776000
KLAC,2020-06-10,180.85305154617419,183.2684425183294,178.88879321943458,181.172607421875,779600
KLAC,2020-06-11,179.80983967824784,179.80983967824784,169.0204875146862,169.71597290039062,1460300
KLAC,2020-06-12,174.9696919995459,176.99974613928006,169.236687058904,173.5787353515625,1253100
KLAC,2020-06-15,167.5167643275489,176.811763462964,165.95662948868912,176.45462036132812,1270800
KLAC,2020-06-16,182.19704924449474,185.1199468642752,177.37567428671306,181.37939453125,1482500
KLAC,2020-06-17,181.5485199039863,184.4902176787612,180.60868182548094,182.22520446777344,1246200
KLAC,2020-06-18,182.60111266709796,182.60111266709796,180.4958847948733,182.08421325683594,938000
KLAC,2020-06-19,184.6123905534178,185.61802420102345,180.49590943933066,181.4827423095703,3331000
KLAC,2020-06-22,177.958378704513,182.1124620563372,177.958378704513,180.31736755371094,1179200
KLAC,2020-06-23,183.41883280737275,183.41883280737275,180.72148732966883,181.58615112304688,1089200
KLAC,2020-06-24,180.64633898909636,181.38880498972608,174.5185888154715,177.27230834960938,1486600
KLAC,2020-06-25,179.4244782586405,181.1161895478887,176.14443843506453,180.77784729003906,1133700
KLAC,2020-06-26,181.04101764559212,181.57671790494726,177.66698797032026,178.1651153564453,1713500
KLAC,2020-06-29,179.0767199192933,180.21393016929193,175.36436281786212,180.19512939453125,677300
KLAC,2020-06-30,179.53730027604544,184.07672075773522,179.53730027604544,182.7797393798828,1253500
KLAC,2020-07-01,182.77971052078942,183.52219065407814,180.3737272681508,181.52972412109375,1262000
KLAC,2020-07-02,182.85492511732036,186.28534328724277,182.582378338508,184.68760681152344,1247000
KLAC,2020-07-06,187.39435683864426,194.08600090185652,186.29474775572612,191.3416748046875,1367400
KLAC,2020-07-07,191.23826968851074,192.97697606544244,189.65934842277622,190.4958038330078,1311300
KLAC,2020-07-08,191.0972966720048,193.35290254185844,189.07663600366823,192.206298828125,748700
KLAC,2020-07-09,190.78717365310212,194.06721446135126,188.5691547059663,191.3416748046875,1083700
KLAC,2020-07-10,191.351053569144,191.91494785612107,186.3041129389069,190.09165954589844,994900
KLAC,2020-07-13,192.62926549297705,195.27960205848123,187.10301166506548,187.56353759765625,1152500
KLAC,2020-07-14,185.90936930958966,189.5183441143991,182.33798171823423,188.84165954589844,1612000
KLAC,2020-07-15,189.71574550401877,191.88676951876158,182.61996400599574,184.24588012695312,1454200
KLAC,2020-07-16,182.30981566949058,185.59924947141445,181.388778220374,184.24588012695312,989600
KLAC,2020-07-17,186.1067642951221,186.44510662060054,183.28724969639924,185.33609008789062,824200
KLAC,2020-07-20,185.4489018957288,191.6988209102258,184.74402316443388,190.79656982421875,756600
KLAC,2020-07-21,191.60485241162255,192.36611923060156,188.71014838257923,191.26651000976562,921000
KLAC,2020-07-22,192.65741911583007,194.42430500891314,190.98450842916685,193.55026245117188,947000
KLAC,2020-07-23,193.39989397175734,196.70812828564814,190.1198536551924,191.65179443359375,1156100
KLAC,2020-07-24,184.57481695043955,185.39247156626377,175.88131391007263,176.88694763183594,2477400
KLAC,2020-07-27,180.7026720432771,185.9751642569788,178.7478071118036,185.21389770507812,1857900
KLAC,2020-07-28,183.55038380275056,185.0823101540508,180.62748673804577,180.89064025878906,1152000
KLAC,2020-07-29,179.97900788549302,183.94512607336623,178.88879217661582,183.390625,1479800
KLAC,2020-07-30,183.08987620186787,187.02780052760406,182.09365001117231,185.9939727783203,1166700
KLAC,2020-07-31,187.9676473662802,187.9676473662802,183.30604340164734,187.80787658691406,1149000
KLAC,2020-08-03,190.40181546250153,195.52393072963295,190.31723346719525,195.1573944091797,1804600
KLAC,2020-08-04,188.19322516643027,192.8266210725936,188.1086288209607,192.57286071777344,1727800
KLAC,2020-08-05,193.62544522809387,193.7946091988889,190.19502763213177,191.7175750732422,834900
KLAC,2020-08-06,191.02213322656655,191.91497673757246,188.8981038451342,191.3416748046875,1036700
KLAC,2020-08-07,189.71576461356022,194.10480786475674,188.24021156163096,190.64620971679688,991000
KLAC,2020-08-10,189.28339065125198,191.1254796668588,186.32290632490304,190.87171936035156,1018900
KLAC,2020-08-11,191.31342779143304,192.49763289166648,188.01460145676188,188.47511291503906,745100
KLAC,2020-08-12,189.43378314987953,196.20061524500602,189.01085883283275,195.48634338378906,823600
KLAC,2020-08-13,195.28895360840608,197.61035487597516,194.0013799930792,197.3284149169922,1152700
KLAC,2020-08-14,198.29121307390017,203.12389602263707,197.74375845821805,199.64096069335938,1209400
KLAC,2020-08-17,201.2266689560448,206.30477041079365,200.86798836183442,204.4736328125,1320400
KLAC,2020-08-18,205.49302970166596,205.67235559646417,199.5087930971552,199.8769073486328,842700
KLAC,2020-08-19,200.77362911032432,200.78306276809914,197.73432061324039,198.7253875732422,734300
KLAC,2020-08-20,195.00647585622045,197.1113335287993,193.57176788089498,195.24244689941406,915200
KLAC,2020-08-21,195.14804459034525,195.26130607754973,190.76842278724834,192.5240478515625,1425900
KLAC,2020-08-24,195.85596837543474,196.96031114351317,193.7794260490686,196.66770935058594,922200
KLAC,2020-08-25,196.35621069882933,199.32943989109748,195.5633515012283,198.47994995117188,869600
KLAC,2020-08-26,197.9986093780662,200.7264343701972,197.83815077882684,200.320556640625,615200
KLAC,2020-08-27,201.78355267467887,202.123351545184,192.08042475334608,192.97711181640625,1158900
KLAC,2020-08-28,193.29799697343321,197.1962424810774,192.50513787434426,196.9036407470703,828900
KLAC,2020-08-31,196.12022549221425,196.4317089550091,192.53346324483616,193.6283721923828,930100
KLAC,2020-09-01,194.3363016927733,196.7904061759135,193.03373699298814,196.28070068359375,738100
KLAC,2020-09-02,198.85751592275992,204.03944535472544,197.27179738332362,203.44479370117188,1171500
KLAC,2020-09-03,201.6231118265431,202.02897513400023,189.0128178825944,190.10772705078125,1807400
KLAC,2020-09-04,188.62583831849693,189.18272660852318,176.29871145165066,182.51890563964844,2380600
KLAC,2020-09-08,171.02236086609204,172.4193052889904,164.07537337562465,164.67945861816406,2919000
KLAC,2020-09-09,168.87975941384377,169.84252533099763,163.15038980650812,164.6700439453125,2314400
KLAC,2020-09-10,166.15190018646064,167.3978339858125,162.9332522739953,163.41464233398438,2413000
KLAC,2020-09-11,165.0570475518606,166.61446533196897,161.69682165421852,162.29147338867188,1318800
KLAC,2020-09-14,166.6521907977624,168.49276209345277,165.1703001041916,168.08689880371094,1254300
KLAC,2020-09-15,169.88024195322873,170.78637694989453,167.37895506026288,170.61647033691406,1441300
KLAC,2020-09-16,172.1644686787228,174.7979136064577,170.47492233355993,170.6636962890625,1624500
KLAC,2020-09-17,165.5289817642946,170.57876842908826,164.89658102427433,170.36167907714844,1090100
KLAC,2020-09-18,171.0601021487131,174.19380410426103,166.72767782088712,168.91749572753906,1792800
KLAC,2020-09-21,168.3512060305073,171.05071573197077,165.75552417919752,170.9374542236328,1099300
KLAC,2020-09-22,172.55148382503967,173.31602779143412,167.5772096107097,173.0139923095703,837400
KLAC,2020-09-23,174.03339201199938,175.87396351828244,169.8614251302473,170.64483642578125,1136500
KLAC,2020-09-24,168.08693267504592,177.03495259435334,168.08693267504592,174.18441772460938,1134100
KLAC,2020-09-25,173.4009993017171,178.03546048826342,171.39052103869852,177.3653106689453,906900
KLAC,2020-09-28,177.58234576848523,182.81145710304844,176.31754458970468,182.4055938720703,1348500
KLAC,2020-09-29,183.92528185817727,184.8219689972646,181.79210868068705,182.48114013671875,762600
KLAC,2020-09-30,181.8581401696099,185.43546882356074,180.32905260073355,182.86810302734375,1019300
KLAC,2020-10-01,186.5303885837674,188.97505957608598,184.6803836411006,187.81407165527344,915200
KLAC,2020-10-02,181.31071395207596,185.30335451940255,180.09310966158125,181.18801879882812,1092100
KLAC,2020-10-05,182.43390932788836,188.77681134115335,181.90533656053756,188.7296142578125,1242100
KLAC,2020-10-06,188.6729942676148,194.2891018444612,187.53088815682224,188.61636352539062,1278700
KLAC,2020-10-07,191.60850856876166,194.14755958277237,189.82456785818823,191.5141143798828,1164800
KLAC,2020-10-08,193.95875731659328,195.33682009701994,192.9959914600771,195.09141540527344,686000
KLAC,2020-10-09,198.19679647300663,200.20727438916526,197.07357199219555,199.1973114013672,1199900
KLAC,2020-10-12,201.9534268383952,203.7845496990149,200.66974402317584,202.51031494140625,1289000
KLAC,2020-10-13,203.7845700690782,209.22135166641522,202.07614216388353,207.59786987304688,944300
KLAC,2020-10-14,207.73944982945815,210.99584712086815,203.03891100531393,203.87896728515625,1399000
KLAC,2020-10-15,197.63992481630294,201.8590886147829,196.4317541145378,201.13229370117188,1168500
KLAC,2020-10-16,202.39708011284617,202.78407608766756,195.95036376413717,196.70545959472656,1225900
KLAC,2020-10-19,200.42431266395303,200.42431266395303,194.44009193197328,195.2046356201172,994600
KLAC,2020-10-20,197.12077162044707,197.5549646868048,193.55289051929154,194.1758575439453,607200
KLAC,2020-10-21,194.21359162818476,197.1396381654433,194.09089648612616,194.72329711914062,607000
KLAC,2020-10-22,193.77941184577804,194.39293076000976,190.21153104041224,191.9010772705078,884900
KLAC,2020-10-23,193.6378381015518,194.9026538769936,190.8533825887136,191.76895141601562,842900
KLAC,2020-10-26,189.39033990647127,191.06101880502246,185.98291771133393,187.77630615234375,942600
KLAC,2020-10-27,188.78629789449192,189.23937273848162,186.06792084321233,187.44598388671875,739200
KLAC,2020-10-28,183.60438442858862,185.227866633027,179.79108365908192,179.85716247558594,1554800
KLAC,2020-10-29,179.71556508733303,192.62790980987086,179.53623916833138,190.617431640625,1351500
KLAC,2020-10-30,187.36100049774083,189.7207108314655,184.37832317930588,186.1150665283203,1047300
KLAC,2020-11-02,188.5880819805372,191.81616448908085,187.66307941906157,190.8817138671875,817900
KLAC,2020-11-03,193.55288247205928,200.48098871144,193.03374330643175,199.04629516601562,1188100
KLAC,2020-11-04,202.28382417618482,209.33464042712274,198.77257373786514,208.15478515625,1356800
KLAC,2020-11-05,210.35401458341494,216.08338367592,210.35401458341494,215.2999725341797,1276400
KLAC,2020-11-06,216.03622807420413,220.18931294255117,213.05355043832975,218.67909240722656,696000
KLAC,2020-11-09,224.37069198623223,228.9862845817444,218.91502872937772,219.2831573486328,1135000
KLAC,2020-11-10,217.0933591972757,219.23598029684402,210.60887955527954,211.17520141601562,1071600
KLAC,2020-11-11,214.45995827496571,220.99163590676906,213.0346837634494,220.4064178466797,994800
KLAC,2020-11-12,221.93548329854204,222.87936744216358,218.3298389566938,220.17041015625,895300
KLAC,2020-11-13,224.70910832798438,228.2813382257729,223.1551432848008,223.71420288085938,892700
KLAC,2020-11-16,225.17337687493537,229.84475600933447,223.9699971770305,229.09619140625,882800
KLAC,2020-11-17,229.73107616544712,231.0292158313268,227.12534109674408,229.153076171875,1401200
KLAC,2020-11-18,230.83019473902985,231.90091944861544,227.36219524823073,227.7317352294922,832200
KLAC,2020-11-19,223.7331700903865,231.550376135684,223.6289400981166,230.96290588378906,716400
KLAC,2020-11-20,231.4935287013196,234.41195406009507,229.7595285145318,229.84481811523438,583000
KLAC,2020-11-23,230.51755649809851,237.30194714668704,229.93008625733913,237.11244201660156,720400
KLAC,2020-11-24,237.5957023638894,238.49586265167068,234.80046169833034,237.04612731933594,750200
KLAC,2020-11-25,236.88502620288693,237.92732610150546,234.156106074369,235.89010620117188,547200
KLAC,2020-11-27,237.93676505463776,242.7786949327748,237.93676505463776,240.79833984375,335500
KLAC,2020-11-30,243.50830376241365,243.50830376241365,235.38789320009212,238.7516632080078,1017600
KLAC,2020-12-01,241.11101745825565,245.1475323635813,239.3391079537644,243.1956024169922,903500
KLAC,2020-12-02,241.41429983937067,244.9580910638139,240.9310595246693,242.87351989746094,849000
KLAC,2020-12-03,245.08120981192832,248.11334931171132,243.56514006203685,243.8873291015625,518600
KLAC,2020-12-04,244.60745322683582,250.3116627202722,244.54111848467332,249.86631774902344,749000
KLAC,2020-12-07,251.31605359218514,253.87439433364634,249.01350933325497,252.7089385986328,693400
KLAC,2020-12-08,253.06910303517589,254.6420237290724,250.80449628561234,252.93646240234375,712700
KLAC,2020-12-09,252.62364688266157,254.78406602531427,240.5235704694268,243.0345458984375,1197100
KLAC,2020-12-10,241.76487048415376,245.52660614515725,240.2867101207166,242.55133056640625,1009700
KLAC,2020-12-11,240.29617589427085,244.35164637827936,239.02646116798385,244.11476135253906,1124300
KLAC,2020-12-14,243.96313680930928,250.0273873206081,243.96313680930928,246.4835968017578,1039500
KLAC,2020-12-15,250.14106389415878,250.89911320942764,245.9718938683663,247.31741333007812,774100
KLAC,2020-12-16,247.65853579381812,247.79120527948794,244.23793012711087,246.8815460205078,699100
KLAC,2020-12-17,249.0893450741813,249.5346900759862,244.19055005432742,246.0572052001953,1355100
KLAC,2020-12-18,245.1759530791789,249.08929755595267,243.78306824704964,248.3975830078125,2220200
KLAC,2020-12-21,245.14752061941883,248.30281571850352,244.46529074439746,247.0899658203125,1023200
KLAC,2020-12-22,246.30352201647324,247.30791198938383,242.81658215140166,244.07679748535156,753400
KLAC,2020-12-23,244.89175091110738,245.00545109667863,239.27283058832407,239.52865600585938,676400
KLAC,2020-12-24,241.49008704245261,245.4886932373047,240.64677687389258,245.4886932373047,367200
KLAC,2020-12-28,247.10896121322656,247.78170650708776,243.71675186773507,244.0673370361328,497400
KLAC,2020-12-29,244.50325141477194,245.18548143203637,238.79905605976646,241.01629638671875,579200
KLAC,2020-12-30,243.17673227657593,248.60611914872055,241.82174226406855,246.50257873535156,641500
KLAC,2020-12-31,244.53167600196105,246.3509367668348,242.1533411418451,245.32760620117188,728000
KLAC,2021-01-04,248.3123350873336,256.10111520085377,244.18107448411624,246.67308044433594,1252000
KLAC,2021-01-05,246.54046452562565,252.34889004994335,245.3749797756524,251.84669494628906,1074900
KLAC,2021-01-06,248.6819128477318,256.72651910927567,248.07547329878466,251.29710388183594,850600
KLAC,2021-01-07,254.5945012091945,264.695280138752,254.28179684499844,263.59613037109375,1011700
KLAC,2021-01-08,267.41477144501414,272.26617218961115,264.8943112782324,268.32440185546875,1051800
KLAC,2021-01-11,266.5904366891024,275.59206844174093,263.4256559429073,273.9433288574219,1203900
KLAC,2021-01-12,273.83904465158423,280.75607469724093,271.94396475780167,275.7246398925781,1323500
KLAC,2021-01-13,273.60225405604484,278.12201075202125,270.200587943145,274.8814392089844,1154500
KLAC,2021-01-14,286.9341168285783,299.29950429120436,286.0718518170774,287.9385070800781,2431200
KLAC,2021-01-15,287.5689449579697,288.8197048702463,280.471878633702,288.1753845214844,1606600
KLAC,2021-01-19,291.69075235215473,300.1807038844174,291.69075235215473,297.6033935546875,1275000
KLAC,2021-01-20,300.2943600027993,300.938680199469,286.3939368459686,288.36480712890625,1019600
KLAC,2021-01-21,291.8043688318178,292.69505861856214,284.6693948025124,289.1891784667969,1063100
KLAC,2021-01-22,289.2839515721265,293.13096167394036,288.4975060923461,289.0091857910156,725000
KLAC,2021-01-25,293.1689300087352,295.9452158349709,287.3889290465737,292.6951599121094,955700
KLAC,2021-01-26,293.73737649956377,294.43854679014635,286.9340467838539,287.625732421875,832100
KLAC,2021-01-27,281.70359865723304,283.13439314915996,268.2011551803063,269.51824951171875,1657800
KLAC,2021-01-28,275.47830278116714,281.1729982733358,273.3179128305976,275.8288879394531,1021200
KLAC,2021-01-29,272.0008595404499,274.02860924000646,265.04591865732493,265.3775634765625,1163800
KLAC,2021-02-01,271.0153949204429,278.59571532686,267.6705796977764,277.2691650390625,1052500
KLAC,2021-02-02,280.4718880890029,283.90197885045745,278.2167378756804,283.1060485839844,1106900
KLAC,2021-02-03,285.778144878254,285.778144878254,270.5606507928296,271.28076171875,1279900
KLAC,2021-02-04,273.30853323474224,282.5375667326826,271.2997523755026,278.7947998046875,1401800
KLAC,2021-02-05,280.50030396190283,282.5090844139549,271.55552280751147,272.91998291015625,890400
KLAC,2021-02-08,274.72974293916553,286.71611785155966,273.5168929266194,286.4034423828125,1018200
KLAC,2021-02-09,284.5368455114472,289.42615625461326,280.9646005668474,282.66070556640625,735500
KLAC,2021-02-10,286.2802749463171,288.18483966696147,280.47184991433625,281.99737548828125,546900
KLAC,2021-02-11,283.7030154150954,309.36239136775106,283.7030154150954,307.4578552246094,2285700
KLAC,2021-02-12,304.6625783664545,317.2080004970974,302.1895124947642,314.4032897949219,1503000
KLAC,2021-02-16,315.05712633162557,324.2577338640814,315.05712633162557,319.4916076660156,1395900
KLAC,2021-02-17,315.77724335909585,317.1417035044863,306.40605728531204,312.9725036621094,1062800
KLAC,2021-02-18,309.8370627599851,311.6423020029483,305.12443118993787,308.9439392089844,1005500
KLAC,2021-02-19,314.1316448538639,321.14360150229874,311.6328009484348,314.1791687011719,1512400
KLAC,2021-02-22,308.79186598829665,310.67313148720615,298.1979354619781,300.3927307128906,1123100
KLAC,2021-02-23,292.3926492324926,305.4379290585764,288.5256467675152,302.882080078125,1745700
KLAC,2021-02-24,298.1884936261714,312.3359289113443,294.6159991668473,312.0508728027344,1170100
KLAC,2021-02-25,306.59708347193515,310.07455857128565,287.3949873727701,289.58978271484375,1528000
KLAC,2021-02-26,295.7940957563439,299.0340383428446,288.0505520768022,295.7085876464844,1316000
KLAC,2021-03-01,300.25972705553386,310.1220697594745,299.3001165755234,309.7325134277344,1294000
KLAC,2021-03-02,309.62799399961784,310.38808548068357,294.20739233952014,294.3689270019531,1175900
KLAC,2021-03-03,295.0054838392982,299.3475794437736,288.39259546511005,288.65863037109375,1155200
KLAC,2021-03-04,287.1099681554592,290.9865106305781,268.2499021074041,273.2760925292969,1655300
KLAC,2021-03-05,278.09328155606283,282.42586782269086,264.3068993855923,281.11468505859375,1631100
KLAC,2021-03-08,276.4970743003984,279.1764162833738,259.6132619029874,260.3733825683594,2182500
KLAC,2021-03-09,269.48510079976313,281.51373777143516,268.21193138196134,279.4329528808594,1944100
KLAC,2021-03-10,284.8106891751165,285.3997645382693,268.62999284816055,269.3140869140625,1688000
KLAC,2021-03-11,279.38540465222354,286.91043865398154,275.53739402359605,281.5802001953125,1709500
KLAC,2021-03-12,274.46373111809874,280.0789964050529,271.70836310306515,279.59442138671875,1298400
KLAC,2021-03-15,278.83433855648684,284.39259860228435,276.886585846078,284.050537109375,1321900
KLAC,2021-03-16,284.77265097085797,290.701446359347,283.974546129764,286.8914489746094,1544200
KLAC,2021-03-17,281.40920305561707,294.45448479359385,276.60155258752496,290.159912109375,1906300
KLAC,2021-03-18,283.4234084189294,284.80110677220955,273.4280639174274,274.3401794433594,2041200
KLAC,2021-03-19,273.6086065352869,282.4162905505545,270.30214769353074,278.27374267578125,3220700
KLAC,2021-03-22,285.03861069458475,292.7631616837083,283.4328908680218,290.13128662109375,1820000
KLAC,2021-03-23,291.22403036455864,292.14565659519207,281.3426662026866,282.24530029296875,1766300
KLAC,2021-03-24,295.0150798667385,301.19091889776524,282.7108966605145,283.0339660644531,1669200
KLAC,2021-03-25,278.41626155043855,285.98878980237316,272.6299802129827,284.47808837890625,1188000
KLAC,2021-03-26,283.81303375041523,304.27882112620676,283.81303375041523,303.9842834472656,1650500
KLAC,2021-03-29,301.88449418442735,301.9985050238325,291.5755888522247,298.6350402832031,1428400
KLAC,2021-03-30,297.2098869693115,302.62563453811526,296.1457469968571,301.2574462890625,924100
KLAC,2021-03-31,305.70399759036746,316.67797564920346,305.1529355431558,313.922607421875,1811800
KLAC,2021-04-01,320.19341170416624,330.44530977038477,320.19341170416624,329.9702453613281,1885700
KLAC,2021-04-05,331.64251889160727,341.751905462176,328.8111530028618,337.3717956542969,1496100
KLAC,2021-04-06,335.50946534891585,336.15554595111126,323.57585036268716,329.31463623046875,1690400
KLAC,2021-04-07,330.36933305088445,335.1104962853203,326.54031449625313,330.6828918457031,985500
KLAC,2021-04-08,336.3456537147979,336.60217809699924,331.04394684652533,336.3836669921875,1125000
KLAC,2021-04-09,334.36934736072055,337.37172891817437,330.8633696924575,335.2529602050781,913800
KLAC,2021-04-12,332.13663510443706,333.21028562240275,326.2078098273493,327.8895568847656,1376100
KLAC,2021-04-13,332.0890137191716,332.0890137191716,322.20767982031464,326.96783447265625,1226400
KLAC,2021-04-14,323.0438658670366,329.3812391702141,318.46423704490996,319.7184143066406,1186100
KLAC,2021-04-15,324.74459647177986,325.0961395597101,318.9677959597095,321.65667724609375,1198100
KLAC,2021-04-16,322.1602651679066,322.9108462434027,316.3739827108729,316.3929748535156,958100
KLAC,2021-04-19,314.454697554392,316.98204426897433,302.4070683399832,308.2123718261719,1551700
KLAC,2021-04-20,306.9961503331063,309.5900127984149,301.9319758006098,303.01513671875,1477200
KLAC,2021-04-21,306.3691447138145,315.65189572844366,303.63276822345676,315.24334716796875,1697700
KLAC,2021-04-22,313.0200079727193,315.31930389550996,306.6636426973994,308.867919921875,1045400
KLAC,2021-04-23,311.63276574765825,317.43806835064856,310.3976097873451,315.5093078613281,1182000
KLAC,2021-04-26,317.3525846383282,320.7350414315202,314.4831766089912,319.06280517578125,1039400
KLAC,2021-04-27,323.0438221686402,323.0438221686402,312.8394471822685,314.0080871582031,939800
KLAC,2021-04-28,313.0675280338681,314.2456788000651,308.06035828189266,308.6399230957031,983200
KLAC,2021-04-29,309.6660153815651,312.33587519793565,302.7680704775133,310.08404541015625,1294900
KLAC,2021-04-30,299.31909023700496,305.6089385801088,297.3143322828726,299.6231384277344,1434100
KLAC,2021-05-03,301.77989541154074,302.9010404016484,293.10521509859177,295.7085876464844,1412200
KLAC,2021-05-04,290.56846426833584,292.7252467083721,284.48764433082056,292.5827331542969,1592200
KLAC,2021-05-05,297.5518884521771,300.94382668061644,291.11949706727717,296.3642272949219,1157100
KLAC,2021-05-06,294.0744632836149,300.5068267704666,292.3452213846302,300.13629150390625,935200
KLAC,2021-05-07,304.0317420943065,306.89163940576157,300.86782556687064,303.7562255859375,848300
KLAC,2021-05-10,294.4925093771064,298.2265095685676,284.52563596850933,284.9436950683594,1576900
KLAC,2021-05-11,276.4970922999753,286.5209432008616,275.27141758177476,285.3047790527344,987700
KLAC,2021-05-12,277.9506439495676,281.01005936855427,271.6322942134675,272.43988037109375,1400300
KLAC,2021-05-13,279.8510393405764,285.6753354899949,279.0814370724308,281.9603271484375,1533300
KLAC,2021-05-14,284.4572405939829,294.5687624539385,282.1127919328147,291.38568115234375,1508100
KLAC,2021-05-17,284.42859413037377,286.7158344117546,278.45314508530447,283.7328796386719,1352800
KLAC,2021-05-18,288.1643831764775,288.75525037031895,279.69205842572,280.11138916015625,1087600
KLAC,2021-05-19,274.51721403006513,289.9465997398439,273.11627441253506,289.66070556640625,1301000
KLAC,2021-05-20,291.0806862702885,300.2010882162175,291.0806862702885,298.63812255859375,1449900
KLAC,2021-05-21,300.1724670414084,300.1724670414084,294.20655737455644,295.56939697265625,1049700
KLAC,2021-05-24,299.57210261405055,305.08055336035443,299.06700351579207,302.63128662109375,1209100
KLAC,2021-05-25,305.0900818055196,308.6924936982212,301.66874591165515,302.9839172363281,1258300
KLAC,2021-05-26,304.2036607045724,306.87210213306696,300.87760478954175,302.47869873046875,1078100
KLAC,2021-05-27,301.96410424525726,306.4718659237501,301.0587244769371,301.6686706542969,1195100
KLAC,2021-05-28,303.24123287198097,305.26162926434375,301.59249890689415,302.0023193359375,885500
KLAC,2021-06-01,304.86135326944026,309.4930130377994,299.6197471979764,300.89678955078125,1024700
KLAC,2021-06-02,301.24941586408085,303.517606521648,298.10443462650545,300.76336669921875,881700
KLAC,2021-06-03,297.13225023989895,297.7802961526984,292.89130423358955,294.273193359375,1243000
KLAC,2021-06-04,296.7511706080463,303.12687240240257,296.53196568680784,302.09759521484375,898400
KLAC,2021-06-07,300.56320441130447,304.32761285688474,297.9424015723984,303.5842590332031,1098500
KLAC,2021-06-08,307.44398970099587,308.4446481947966,297.1990336354179,299.0574035644531,615000
KLAC,2021-06-09,306.04305762350117,307.6536623838626,299.1145894875565,299.4005126953125,748000
KLAC,2021-06-10,301.2684296096902,305.5379661633172,299.7531325478138,304.3085632324219,690900
KLAC,2021-06-11,305.5855307276801,306.2526556485387,302.4882190365232,305.0708923339844,770300
KLAC,2021-06-14,305.852475069065,310.5985216237675,303.9464364809044,309.931396484375,634300
KLAC,2021-06-15,309.2071118657757,311.2465579673199,304.2895289730385,305.5284423828125,718400
KLAC,2021-06-16,307.70135341748005,308.10163434206856,298.51426199106294,301.0588073730469,856300
KLAC,2021-06-17,300.2677680287021,306.2336484775598,298.4284479423816,303.46038818359375,919700
KLAC,2021-06-18,299.1336675233913,299.9342001516269,288.917300659878,290.17529296875,1925900
KLAC,2021-06-21,291.6429177211592,295.06425307237356,288.2692507790393,294.3018493652344,882400
KLAC,2021-06-22,293.1868787680234,295.03570949927513,289.91800038329126,294.1208190917969,672300
KLAC,2021-06-23,294.34957631528204,298.2474514986115,294.12086095182156,296.255615234375,656600
KLAC,2021-06-24,298.7620162617006,301.297051133982,297.60887103206085,301.0492858886719,730700
KLAC,2021-06-25,300.79193968853065,303.3746137868863,299.2099241979387,301.4018859863281,3921200
KLAC,2021-06-28,304.25139784632614,310.1982287041367,303.4413256609775,307.1199951171875,861600
KLAC,2021-06-29,306.8721715170407,310.7128375934813,306.4337908440622,309.9218444824219,544800
KLAC,2021-06-30,309.73122579648,309.74076529487064,305.7952520275601,308.97833251953125,697600
KLAC,2021-07-01,308.92121172245004,309.06415880597746,296.89411236431164,297.09423828125,1417100
KLAC,2021-07-02,298.99071075472614,299.24801545707174,293.53944001043493,297.1704406738281,1053200
KLAC,2021-07-06,298.01865834082105,301.420944235429,290.9186819779825,296.62725830078125,1071400
KLAC,2021-07-07,299.36237672746427,300.1438594262032,291.5095080813491,292.6340637207031,988900
KLAC,2021-07-08,286.8873384013696,290.7947225266619,284.69540610573085,288.8505554199219,896000
KLAC,2021-07-09,289.44144711480806,295.0356650499362,287.43059060455187,294.25421142578125,726700
KLAC,2021-07-12,295.45501290197643,299.52442365097664,294.3876360116941,299.26708984375,883300
KLAC,2021-07-13,297.4563555074972,300.201055525718,295.43595940626216,296.9703063964844,568400
KLAC,2021-07-14,299.00971163297083,303.34593645499194,293.9682329730408,294.59722900390625,763100
KLAC,2021-07-15,293.73001028864104,295.43592263052983,287.5449256023323,289.47955322265625,910300
KLAC,2021-07-16,290.9377470115709,293.42514264727777,278.5675453355748,279.4443359375,1794400
KLAC,2021-07-19,276.30888751063213,280.5307561646081,273.9358786845261,280.5021667480469,1332200
KLAC,2021-07-20,281.42656891893364,290.5088410798775,278.9296631725935,288.5456237792969,1202500
KLAC,2021-07-21,290.0418968955884,303.34603848393795,289.58443715095876,301.9927673339844,1607600
KLAC,2021-07-22,300.20110236455906,303.1935971547235,297.33250474624566,299.5911560058594,790200
KLAC,2021-07-23,302.04038023518683,306.87219475382335,300.62993037606225,305.6904602050781,705200
KLAC,2021-07-26,305.12821088635957,307.1867070400044,300.7824159957711,303.6605529785156,655100
KLAC,2021-07-27,300.486950160827,300.486950160827,288.31690512160833,294.4829406738281,1081200
KLAC,2021-07-28,296.3889581627678,302.0213048770788,294.9308400142594,300.7442626953125,646800
KLAC,2021-07-29,298.72390640669266,305.10911816353513,295.7885907230238,304.4229431152344,1119100
KLAC,2021-07-30,323.5404725230907,339.9514639869279,319.7951141210456,331.80316162109375,2656900
KLAC,2021-08-02,331.8031677087895,339.94195980914577,328.59149766259094,329.65887451171875,1128200
KLAC,2021-08-03,330.9168880485036,333.0992812130676,326.8856061093921,330.5928649902344,925400
KLAC,2021-08-04,330.59288477082634,339.2748767867836,330.59288477082634,337.17822265625,1161900
KLAC,2021-08-05,338.8364792946525,339.875266808571,333.08977426168053,337.0924377441406,730400
KLAC,2021-08-06,335.0243662470161,338.1311889556915,334.6431643968283,336.74932861328125,908400
KLAC,2021-08-09,336.9113485231407,339.3415650157414,334.79564466414,335.00531005859375,748600
KLAC,2021-08-10,334.73850666082393,335.50093958993057,324.5983959163664,325.9326171875,1476800
KLAC,2021-08-11,327.69561847633383,328.8201740174824,320.49079651423347,326.5615234375,832300
KLAC,2021-08-12,321.643925802834,323.88352636222777,312.76178137535885,313.0762939453125,1356600
KLAC,2021-08-13,312.77035814588544,314.67293786845823,311.489192098496,313.47784423828125,596500
KLAC,2021-08-16,312.6652513967208,316.977159608305,311.51794955960776,314.7303771972656,1073600
KLAC,2021-08-17,311.5465976722906,312.6556482168908,302.9419223359631,308.2864074707031,1255600
KLAC,2021-08-18,306.44122923554244,312.1394587443851,303.2384004833551,303.6016845703125,1117900
KLAC,2021-08-19,300.96278150308154,309.3857977942462,299.729436894601,308.1907043457031,729900
KLAC,2021-08-20,310.4662090084989,313.0571637864327,301.6033761198469,305.915283203125,794300
KLAC,2021-08-23,309.73013718321533,315.1319566387054,309.1756263629582,314.1089782714844,1274700
KLAC,2021-08-24,315.19881995389716,319.61588207923626,312.0342138276617,313.5926208496094,621500
KLAC,2021-08-25,311.3936231159614,320.80139712966286,311.3936231159614,319.34814453125,839200
KLAC,2021-08-26,319.89321812631545,321.93923319018126,317.503029973445,319.0901184082031,495500
KLAC,2021-08-27,320.887574456174,328.4405638873381,320.1513777631728,327.8669128417969,692600
KLAC,2021-08-30,330.17098845968405,331.66246335798,323.9469299029232,327.0828552246094,516000
KLAC,2021-08-31,328.5743423421357,328.5743423421357,319.0709535172301,325.02728271484375,1003200
KLAC,2021-09-01,325.97374390181875,326.58561665648904,320.41895115089426,320.71533203125,668100
KLAC,2021-09-02,323.0482143172933,324.7404566607755,320.6293164182941,322.8760986328125,470600
KLAC,2021-09-03,321.3463401744618,327.4652432482131,321.3463401744618,326.7386169433594,481800
KLAC,2021-09-07,327.58003966609925,328.01025598568424,323.0673637034941,326.7960510253906,570300
KLAC,2021-09-08,326.1745770653349,326.1745770653349,319.8644757160133,321.9582824707031,774800
KLAC,2021-09-09,321.1647759105905,333.56507172238895,320.8301437740414,332.5516052246094,1200100
KLAC,2021-09-10,335.5823699510023,343.3265843237526,334.9226757784693,335.1712646484375,1241300
KLAC,2021-09-13,339.0338123920274,342.5808723886624,333.9570554183128,339.9803466796875,974200
KLAC,2021-09-14,344.68419195984643,348.76665139797166,337.9821252051603,340.7356262207031,1349300
KLAC,2021-09-15,341.6534692283242,351.39587758452564,338.49840364819727,351.20465087890625,1566300
KLAC,2021-09-16,348.9674099621906,357.31395605216426,347.24648646061286,355.6790466308594,1970700
KLAC,2021-09-17,357.95448191802166,358.14570859300113,350.5066493371124,353.56610107421875,2162500
KLAC,2021-09-20,344.56941740313596,345.67846788262443,334.40633568422993,339.5787048339844,1312300
KLAC,2021-09-21,343.18315875747413,343.65162620607293,334.28210217152315,340.917236328125,1160400
KLAC,2021-09-22,343.3552533192533,350.21986549452305,340.3627336054542,349.45501708984375,762400
KLAC,2021-09-23,350.5545019564936,356.0519338173937,349.70358110693047,354.68475341796875,948300
KLAC,2021-09-24,351.52014571115916,354.3692308427572,350.67879495277435,353.2984313964844,433800
KLAC,2021-09-27,348.4988691182502,353.18363026571257,346.8639600412094,349.71307373046875,844000
KLAC,2021-09-28,336.86353063181906,341.26148236328294,331.11750937444634,331.7867736816406,1620600
KLAC,2021-09-29,333.3642813353759,334.3777186755173,320.1035234728915,320.5719909667969,1202300
KLAC,2021-09-30,323.4210734172874,327.1975816135137,319.2334599435851,319.8166809082031,962200
KLAC,2021-10-01,321.92963022027106,323.5836507568788,314.33839108792574,320.3042907714844,904600
KLAC,2021-10-04,317.53167920417206,318.0097167867815,311.28850954237646,314.61566162109375,1147600
KLAC,2021-10-05,318.3346854573611,319.7496867905461,313.82201083424917,316.6806945800781,774300
KLAC,2021-10-06,312.4357865055194,315.7151170583033,310.1125018646442,314.6443176269531,820900
KLAC,2021-10-07,318.84151314653616,321.40381688956,314.8546958512554,315.6004333496094,811900
KLAC,2021-10-08,317.69423098919304,317.7707041659722,310.55234819924215,311.7283020019531,643100
KLAC,2021-10-11,310.31325648632156,316.6615790428362,310.2845754046314,310.91558837890625,528700
KLAC,2021-10-12,313.12411037788644,313.8698476579102,304.0222583501087,305.51373291015625,855500
KLAC,2021-10-13,309.6344089788536,311.68042330864415,305.0739421231517,306.3359680175781,690600
KLAC,2021-10-14,316.7572272753049,316.7572272753049,312.2636628014589,315.29443359375,959000
KLAC,2021-10-15,315.66732497469155,317.7898128393664,313.48747493884406,314.6443176269531,772500
KLAC,2021-10-18,312.3306132345825,313.81254717700915,308.17168062669055,312.4166564941406,1377800
KLAC,2021-10-19,311.39365559115674,318.10529194131914,311.25979107909296,317.55078125,820600
KLAC,2021-10-20,317.13965652240574,319.2812845413908,313.8029638308739,316.4895324707031,702000
KLAC,2021-10-21,312.5218333325732,321.3655280069007,309.18514057049777,320.77276611328125,870600
KLAC,2021-10-22,327.0923706024182,342.1983729364477,325.5817849575618,327.96240234375,1856200
KLAC,2021-10-25,332.43682272010943,332.43682272010943,326.6716917648358,328.15362548828125,1057500
KLAC,2021-10-26,333.78493629861936,333.78493629861936,322.6562372381955,326.9490051269531,868000
KLAC,2021-10-27,325.9833888202144,330.2570460893174,321.50896393067137,325.61053466796875,1196200
KLAC,2021-10-28,350.3441278652128,371.9036076001309,337.01643993476006,339.731689453125,2350800
KLAC,2021-10-29,336.75837422258405,357.6772748427647,336.5193554254069,356.3865966796875,1604200
KLAC,2021-11-01,356.6160143045626,363.77700750714416,352.9446894011774,363.55712890625,2049400
KLAC,2021-11-02,364.30280367551416,371.74106554915096,364.2741225943688,371.67413330078125,1186300
KLAC,2021-11-03,372.8692134958281,376.5692187152599,366.2340513112479,376.3780212402344,1237300
KLAC,2021-11-04,376.77002013476107,391.6561147676549,376.37805506375275,391.11114501953125,1703800
KLAC,2021-11-05,392.2967262527282,400.02179991203235,387.8127318799479,398.4251708984375,1655500
KLAC,2021-11-08,398.44434276805316,400.9110039657419,392.554915987974,394.7060852050781,1247800
KLAC,2021-11-09,394.7920654214172,399.256948765768,392.3923368740182,398.7884521484375,837700
KLAC,2021-11-10,392.0290281994877,399.6393775546254,385.62331358698447,386.5889587402344,1169800
KLAC,2021-11-11,392.19151331266966,396.0253833576202,390.07859575524816,394.658203125,620100
KLAC,2021-11-12,395.3579754764569,400.0259304899446,392.7987321371596,396.1343688964844,627100
KLAC,2021-11-15,400.65848860189953,401.473230613232,393.4983943460592,395.9234313964844,654200
KLAC,2021-11-16,395.8755698317959,406.42878090561516,394.1119089482153,405.642822265625,1151000
KLAC,2021-11-17,404.2720729818195,406.45748175179364,400.26549511211687,402.4221496582031,1476600
KLAC,2021-11-18,405.2880974116963,407.2147181802303,400.0450293749417,405.68109130859375,887700
KLAC,2021-11-19,404.5213870365339,409.13183389972534,403.4095080428102,404.85687255859375,746300
KLAC,2021-11-22,406.32331345692796,409.5151493799333,390.4886867288039,390.9775085449219,1604300
KLAC,2021-11-23,390.2490446509651,395.25245504225165,384.17204574545445,394.88824462890625,1161600
KLAC,2021-11-24,393.3642556799898,396.20144663002645,384.4788193806371,396.15350341796875,730300
KLAC,2021-11-26,389.8368940221423,393.0862677995318,380.5680877913053,382.4084167480469,756300
KLAC,2021-11-29,386.098741995445,397.4091872923349,386.098741995445,396.671142578125,1084500
KLAC,2021-11-30,395.5400925407813,401.07070362054037,388.98386523389854,391.1980285644531,1548600
KLAC,2021-12-01,398.022660031449,410.45457908376784,391.24596377226203,395.08001708984375,1637100
KLAC,2021-12-02,391.7634904043745,398.6168534815197,384.5650473872356,385.8302917480469,1610000
KLAC,2021-12-03,390.7091208755131,393.862637291924,378.23885558185935,384.0570373535156,1313000
KLAC,2021-12-06,386.2041774747774,386.6834341071165,373.98313335013114,382.9548034667969,1284300
KLAC,2021-12-07,389.69312550599994,403.0356421635998,388.93589188514255,401.76080322265625,1348100
KLAC,2021-12-08,401.2144319260846,404.78969659942163,396.1534835320785,403.80242919921875,952200
KLAC,2021-12-09,400.8981373594441,402.69055232501904,391.8593650963624,392.38653564453125,1091600
KLAC,2021-12-10,397.9459750159059,400.2272120721821,387.3256313942482,393.6518249511719,833800
KLAC,2021-12-13,393.6518174523792,393.72848564336743,380.36680831075915,383.1656799316406,1189400
KLAC,2021-12-14,379.36996805979715,385.6098694369972,377.82674651386384,382.8876953125,993300
KLAC,2021-12-15,383.82702322937274,394.4665254633277,376.4752142089256,392.9041442871094,2186900
KLAC,2021-12-16,396.8244294861977,397.773348109272,378.6989429770226,380.82684326171875,2306600
KLAC,2021-12-17,379.89710288397566,380.98982192870585,370.9445934665647,375.3058166503906,3228000
KLAC,2021-12-20,369.87113672643704,376.82035852423667,365.79745498289935,369.50689697265625,1850200
KLAC,2021-12-21,386.4246059842137,395.099168337552,384.42131682731195,392.4153137207031,2267000
KLAC,2021-12-22,389.4247407850192,396.2301903388763,386.8079892248012,396.0672302246094,719600
KLAC,2021-12-23,398.0034996159894,406.8793131400158,397.81178524983545,403.3040771484375,878000
KLAC,2021-12-27,404.7130532058544,423.2315066502615,404.502179124375,421.9087829589844,1302800
KLAC,2021-12-28,423.22191889096445,424.08457490511705,412.46739981072614,414.2214660644531,751900
KLAC,2021-12-29,414.82533858280425,420.7010291373572,413.6271970913049,417.0299072265625,613900
KLAC,2021-12-30,417.38453446184127,417.91170495786326,408.60455109520734,409.36175537109375,615000
KLAC,2021-12-31,410.14777686249283,414.01058374181946,409.5343436485565,412.2660827636719,525000
KLAC,2022-01-03,413.25331981150674,417.566628425805,407.95271469961057,417.0394287109375,1044300
KLAC,2022-01-04,416.3589887995503,418.7169231961121,400.27513768929816,413.3492431640625,964900
KLAC,2022-01-05,414.2310537953512,417.0394903545347,402.26879893965616,403.2848205566406,1174000
KLAC,2022-01-06,403.1794395006545,417.0011844067164,400.43807635086125,414.2886047363281,1268500
KLAC,2022-01-07,411.97864774511646,417.4613456381185,398.9236997389127,399.61383056640625,1155000
KLAC,2022-01-10,393.1916946019163,402.11545022234486,387.9103067203679,401.3582458496094,1341100
KLAC,2022-01-11,397.6488021459497,408.2020426355232,393.46969831902,407.95281982421875,1018500
KLAC,2022-01-12,411.7964479455544,418.8606857490255,411.7964479455544,415.86053466796875,1213100
KLAC,2022-01-13,427.7365982017162,438.15563401996843,402.9686158350739,403.9942321777344,2290400
KLAC,2022-01-14,401.780007034603,427.03680746673786,401.415767323749,426.53839111328125,1422000
KLAC,2022-01-18,419.0140176962226,420.0875477440442,394.91701231462105,395.8467712402344,1710200
KLAC,2022-01-19,400.4380816384583,404.35839743548325,376.542352637149,376.8778381347656,1511400
KLAC,2022-01-20,383.40531043124236,390.7091769147169,366.45880273054235,367.37896728515625,1578600
KLAC,2022-01-21,363.2956842697881,372.38240047999557,355.26336774446816,357.55419921875,1934900
KLAC,2022-01-24,352.43574328560334,377.2420711611146,347.84445657488305,374.8745422363281,3310800
KLAC,2022-01-25,362.327525479691,366.1519831685379,354.31434121318244,354.7552490234375,1782800
KLAC,2022-01-26,367.85818449981247,381.52659171232347,358.65645218531205,364.81011962890625,2381800
KLAC,2022-01-27,360.20925459370306,363.12314295851075,344.067895558923,346.7900695800781,3076600
KLAC,2022-01-28,337.92383076843214,351.7168503207954,329.75730850125314,351.4388732910156,2111700
KLAC,2022-01-31,351.12259072027183,373.56139004944913,350.96922508574113,373.1204528808594,2216500
KLAC,2022-02-01,373.647600966927,375.2578960291442,359.6916519247115,371.9318542480469,1357700
KLAC,2022-02-02,374.97996850120524,380.2901402121692,369.2863973321995,379.05364990234375,1322300
KLAC,2022-02-03,369.58345414613353,373.0916154686517,357.0077674335096,358.1771545410156,1868400
KLAC,2022-02-04,357.61175479412935,364.8197649086012,352.83834761303206,361.7237854003906,1129200
KLAC,2022-02-07,362.78763542027883,365.7398723245799,358.58934311251966,360.0175476074219,1084000
KLAC,2022-02-08,359.60541818001604,370.311994483306,357.44876343164583,369.23846435546875,1975200
KLAC,2022-02-09,377.2037440093477,384.574713748217,373.82019317452057,383.5299377441406,1460800
KLAC,2022-02-10,374.2515255357047,388.94552139110795,371.23218527298104,373.5422058105469,1326400
KLAC,2022-02-11,375.9257458487963,378.57836950910314,350.8793810574546,354.86798095703125,1657800
KLAC,2022-02-14,355.7713713262589,363.2391281577389,345.34340198697686,350.95623779296875,1264100
KLAC,2022-02-15,358.95256919999036,374.1668087399054,358.116385394479,372.4272155761719,1565200
KLAC,2022-02-16,367.09319897656746,372.44651888447913,362.8162801014388,370.6492614746094,1600200
KLAC,2022-02-17,364.5366657035151,366.4972941710278,350.8601631829746,351.8116455078125,1821800
KLAC,2022-02-18,355.60798035972755,355.60798035972755,339.50951097857774,344.3630676269531,1368900
KLAC,2022-02-22,341.2491670785362,351.11009145980046,335.05966253219265,341.9027099609375,1667000
KLAC,2022-02-23,345.3530018882886,350.0624283318344,328.8893381519659,330.4078674316406,1636800
KLAC,2022-02-24,318.79777342412024,344.3438699723243,316.4526805183526,343.96905517578125,1676400
KLAC,2022-02-25,342.82537327784405,345.8720526646335,337.20291615005624,343.7384033203125,1578300
KLAC,2022-02-28,339.6729747620511,342.6043266585602,327.8610127799993,334.9443359375,1883000
KLAC,2022-03-01,333.0989946041255,335.7612681243559,320.1913910748873,323.6898193359375,1427500
KLAC,2022-03-02,328.9950700669976,334.4637468957292,324.15110414078765,332.60882568359375,1289400
KLAC,2022-03-03,335.45368011110986,335.9822748732014,325.16027822551354,329.2065124511719,1028500
KLAC,2022-03-04,325.56389616577553,327.7359974997824,314.23251725289566,319.18218994140625,1566500
KLAC,2022-03-07,321.49852857607414,324.36259634062276,301.69018328769005,301.9208679199219,1641100
KLAC,2022-03-08,303.94874415835227,319.912646729407,298.4704467606782,309.3020935058594,1805000
KLAC,2022-03-09,318.230690970337,328.6874927123377,318.0961518484166,326.3520202636719,1521300
KLAC,2022-03-10,317.87507859951035,321.4119586151631,310.17666637772544,316.0009460449219,1555800
KLAC,2022-03-11,323.02661181984155,324.8719125129595,310.22471727291713,310.6956481933594,958700
KLAC,2022-03-14,311.6183622464218,318.25958591894016,305.6403018328594,307.5528869628906,1558700
KLAC,2022-03-15,311.089738330948,321.13327403473454,310.80141923143975,320.2586669921875,1333500
KLAC,2022-03-16,323.9012300531914,337.6353665072055,320.29709493107976,337.2701721191406,1549500
KLAC,2022-03-17,332.9547415638817,340.60513880078895,331.5995834804385,338.89434814453125,1014400
KLAC,2022-03-18,336.924244242619,352.16735212030267,333.3681516330106,350.8506164550781,2996400
KLAC,2022-03-21,346.3332945882795,349.90859709089256,337.1643684503568,342.4216003417969,1333200
KLAC,2022-03-22,342.71957946565664,350.466064230075,342.71957946565664,346.98687744140625,842500
KLAC,2022-03-23,346.2276160110377,346.2276160110377,334.7232158926696,335.16534423828125,1163300
KLAC,2022-03-24,340.22081085303194,351.86937346796407,336.5397996009632,351.657958984375,1066900
KLAC,2022-03-25,349.264762621205,354.53161668958097,345.39151938880195,352.1865234375,942200
KLAC,2022-03-28,354.8198617989142,361.0381969863922,348.97637071567686,360.7498779296875,1088700
KLAC,2022-03-29,366.22810854594576,371.8793961340806,362.7681628908214,369.3805236816406,1061900
KLAC,2022-03-30,368.48676992105175,368.534842654447,357.11693786674937,359.2794189453125,1123000
KLAC,2022-03-31,360.26935964725556,364.2098866564922,351.37915950726455,351.8212585449219,1319900
KLAC,2022-04-01,354.8391393904284,355.6560532459128,340.9896455415264,346.2564697265625,1183000
KLAC,2022-04-04,347.6788428454007,354.0028846349891,346.3813485540267,352.7726745605469,904200
KLAC,2022-04-05,350.02403299244406,351.26386382377206,329.84087408207847,332.0802307128906,1690000
KLAC,2022-04-06,325.7465755566197,335.8573961129213,320.51817380817107,330.8596496582031,1780900
KLAC,2022-04-07,329.9753789919555,342.52740731055775,329.61018460148813,339.34613037109375,1315000
KLAC,2022-04-08,335.9534284873308,336.5589278657773,327.42845244856767,327.9378356933594,1551000
KLAC,2022-04-11,323.8051223579496,325.97722390059863,318.30761360182805,318.57672119140625,1484000
KLAC,2022-04-12,326.774926369701,331.7150084528844,315.4339259514341,317.4041748046875,1164300
KLAC,2022-04-13,318.70165851471506,326.42893237049174,316.741000810602,323.4302673339844,1137800
KLAC,2022-04-14,322.93051213768564,324.26645898976545,308.43709610550957,308.9753112792969,1486300
KLAC,2022-04-18,307.5528265828614,317.173472825174,306.97615916691393,315.11669921875,984600
KLAC,2022-04-19,316.6352931891553,325.76576875097334,311.93548695289303,324.6797180175781,1319700
KLAC,2022-04-20,331.66697055986606,338.1928669581053,331.5804748252275,332.14752197265625,1295200
KLAC,2022-04-21,335.3287065716318,341.16260665910073,321.43117055417116,322.9208679199219,1340600
KLAC,2022-04-22,321.67146444504607,323.42067839530336,310.9743867199306,311.6663818359375,1420200
KLAC,2022-04-25,309.6961293865417,318.7785321802452,306.9377400372493,318.3268127441406,1259900
KLAC,2022-04-26,312.6851782478196,313.71356527267324,302.17071137646093,302.5167236328125,1281100
KLAC,2022-04-27,300.53683839657435,311.3972876215339,299.873675159827,302.5359191894531,1042600
KLAC,2022-04-28,306.9377585894243,324.0454050501277,304.42929450342444,319.8165588378906,1827900
KLAC,2022-04-29,318.82656390806426,328.95656380808236,306.03429113595723,306.84161376953125,2424900
KLAC,2022-05-02,309.15788917209125,314.69382025570553,300.02741438571616,313.9345703125,1564400
KLAC,2022-05-03,313.636689823751,322.0079170238327,310.92640199423016,321.00836181640625,1326100
KLAC,2022-05-04,321.7291322370717,336.83766801452515,313.73275064894034,335.7900695800781,1459000
KLAC,2022-05-05,329.5429677300928,332.54160409144254,316.5104147254373,320.43170166015625,1863100
KLAC,2022-05-06,318.8939044526218,325.1122408811652,308.5140057122716,318.46142578125,967800
KLAC,2022-05-09,309.7826127449753,316.72177504128763,304.02558793493887,306.466796875,1822900
KLAC,2022-05-10,315.53959171368666,317.7212840529239,303.891032914722,310.6475830078125,1450900
KLAC,2022-05-11,305.89981193146514,314.0788065174389,298.9798597243446,299.50848388671875,1320000
KLAC,2022-05-12,296.98078146852015,307.5529128476584,294.5107400978848,303.3240661621094,1498100
KLAC,2022-05-13,308.9074342466839,325.65751442982827,306.67022528698226,324.41357421875,1982200
KLAC,2022-05-16,320.12230475289374,325.6863682967786,317.1715156231735,318.74334716796875,937200
KLAC,2022-05-17,328.0104367237986,340.52720623343106,325.50322181037353,338.96502685546875,1657400
KLAC,2022-05-18,332.7740882070675,338.45389427203645,319.62090112406304,321.93524169921875,1668600
KLAC,2022-05-19,320.8647913951171,334.06620963903293,319.93906119431443,326.4385070800781,1450800
KLAC,2022-05-20,330.45013311990317,334.36523397895195,306.6798694961239,323.5071105957031,1997000
KLAC,2022-05-23,324.7799144275713,333.14050326724896,323.70954340452386,329.00360107421875,1085900
KLAC,2022-05-24,324.99205480208053,326.8628203361928,314.9246464697109,318.30938720703125,1308300
KLAC,2022-05-25,316.8533292860057,327.7307573510782,315.8697425551504,325.9178771972656,1166300
KLAC,2022-05-26,321.33741754944435,341.85795780016963,321.2120523904416,340.6718444824219,1434800
KLAC,2022-05-27,345.26195823328453,359.05159534165534,345.26195823328453,358.019775390625,1456000
KLAC,2022-05-31,353.2270600091314,354.5578137186554,345.0014894628515,351.8288269042969,1592600
KLAC,2022-06-01,353.44892523394253,355.86935536774195,338.2610263144148,344.2493896484375,1110100
KLAC,2022-06-02,343.2561666597408,358.71407222392884,341.5011428451166,358.5019226074219,1161400
KLAC,2022-06-03,349.95814071888833,353.31395390168115,346.5444712250507,349.5049133300781,799900
KLAC,2022-06-06,356.94933634341993,358.3186413801196,347.23871824370116,349.5337829589844,582300
KLAC,2022-06-07,345.79227965080264,355.55110231000987,342.6196882053147,354.1142883300781,675900
KLAC,2022-06-08,353.03424395132436,354.0564112019378,344.53866685365085,348.5791320800781,891800
KLAC,2022-06-09,344.49050884137324,350.8453158444003,337.0267498917725,337.1038818359375,908800
KLAC,2022-06-10,331.4433594469105,333.46841863957934,321.3952542798166,321.7520446777344,1227000
KLAC,2022-06-13,310.8263271297762,313.6421279758722,301.51110950259533,302.67791748046875,1904100
KLAC,2022-06-14,307.3741345180355,309.18704392586034,300.5178973607886,305.1755065917969,1170300
KLAC,2022-06-15,310.88422347590875,317.72118462793384,304.92475939751364,312.2342529296875,1214700
KLAC,2022-06-16,307.7116300746828,310.1320305481932,295.5902343686253,299.3221130371094,2211400
KLAC,2022-06-17,300.1031803417116,305.10795615679683,294.0666142519524,300.7974853515625,3072000
KLAC,2022-06-21,308.0877051406769,320.7201848462234,306.3905378296503,315.5418395996094,1370300
KLAC,2022-06-22,306.60274450271095,317.5765807624794,304.83803860338355,312.8611145019531,1077100
KLAC,2022-06-23,314.7704448170646,315.90832486166164,304.8862559602156,309.21600341796875,1330300
KLAC,2022-06-24,316.2168673170108,327.45108427040947,312.76461755262966,327.3835754394531,1924300
KLAC,2022-06-27,330.58511931017216,332.6294540157881,323.06347550664987,326.5060729980469,1369800
KLAC,2022-06-28,329.30252578018377,332.9186917205914,316.67969940227954,318.30938720703125,1283100
KLAC,2022-06-29,312.03173697471107,313.593945497291,304.9247696919939,309.1291809082031,1225900
KLAC,2022-06-30,304.4714965711209,313.97961679898236,302.0028631639149,307.6922912597656,1302600
KLAC,2022-07-01,298.5892526221721,302.4947001451755,281.6945061737799,285.686767578125,2323600
KLAC,2022-07-05,276.0629741607851,285.17572561688655,272.7360891711763,285.01177978515625,2222400
KLAC,2022-07-06,284.85746183858885,286.65109559082435,280.44093043308186,282.5431213378906,2201200
KLAC,2022-07-07,290.585425471389,304.36543563757937,288.5989474920013,302.9575500488281,1887000
KLAC,2022-07-08,298.24206914833184,307.4416032254146,297.43205153685255,305.5322570800781,1006800
KLAC,2022-07-11,301.7425558579427,305.20442878574306,297.00778535863776,301.9932861328125,1383400
KLAC,2022-07-12,303.90258319694084,308.0973416211313,300.3732016676153,302.58148193359375,1078400
KLAC,2022-07-13,296.65098018045506,305.27192236738216,295.4648671260215,301.9450378417969,1056000
KLAC,2022-07-14,299.93933375834536,309.81387003732317,291.32801324175676,307.7020263671875,1628900
KLAC,2022-07-15,310.76846581785554,314.6257094509842,305.3490432218592,314.587158203125,1238500
KLAC,2022-07-18,319.6690788635224,328.68539210177016,314.8571766560996,317.7308044433594,1683100
KLAC,2022-07-19,322.2052387515727,333.8348270433304,321.4337722954375,333.24658203125,2044800
KLAC,2022-07-20,331.3950634201769,344.8375587467187,329.86181273165283,343.7286071777344,1689200
KLAC,2022-07-21,345.3969096935294,348.4730641625309,339.9196302323269,347.6726989746094,1244000
KLAC,2022-07-22,347.605162740056,347.605162740056,339.2156458625781,341.3853454589844,1468100
KLAC,2022-07-25,335.90811096712645,339.061397537757,330.7490409126176,338.08746337890625,986500
KLAC,2022-07-26,337.3737992376297,339.8038815534353,331.8868972600619,333.5647888183594,835900
KLAC,2022-07-27,337.77881958394136,351.4913217066723,337.47988556035847,348.2512512207031,1318200
KLAC,2022-07-28,348.25128181267524,358.06796053667557,341.3468116571308,356.7757873535156,1315200
KLAC,2022-07-29,349.1191513321037,374.34552980355136,347.32551762761756,369.8518371582031,1827000
KLAC,2022-08-01,367.5857267193996,376.75633410263805,364.96279952040123,371.8769226074219,1029300
KLAC,2022-08-02,370.0157521173463,376.1294801036567,365.76313723054665,369.03216552734375,1206000
KLAC,2022-08-03,369.43723691594465,383.6029703077837,369.43723691594465,381.7997131347656,1354600
KLAC,2022-08-04,383.7958166650706,384.7215470783701,379.5432011952334,383.21722412109375,1156400
KLAC,2022-08-05,375.20376231576626,383.2846931797026,372.2240448662544,381.6164245605469,1213800
KLAC,2022-08-08,376.9009645468372,382.5325373198411,367.78821372122724,373.8440856933594,1600100
KLAC,2022-08-09,361.16339431216835,361.1923224647633,342.9861262446175,345.53192138671875,3194600
KLAC,2022-08-10,354.86649026429717,362.0988236256619,350.71031171357475,361.1441650390625,1755100
KLAC,2022-08-11,362.0795095901659,371.85760795473453,357.84617011937905,359.4469299316406,1323800
KLAC,2022-08-12,362.2822716878625,371.3785137367303,360.45333106221767,368.88189697265625,1137000
KLAC,2022-08-15,365.7852198429685,373.18801005255295,362.00156495108627,371.9010009765625,1303600
KLAC,2022-08-16,371.5429819888994,373.5170397968789,366.172307975008,368.4270324707031,872600
KLAC,2022-08-17,364.6820927216228,366.90778800207505,357.25995843425466,362.96929931640625,1198400
KLAC,2022-08-18,364.3336783556456,371.6396938248422,361.5661113352524,369.67529296875,1119200
KLAC,2022-08-19,364.2369627734088,366.5690893100551,357.28898517678556,359.7952880859375,1257300
KLAC,2022-08-22,351.9473997944822,354.53110480186695,346.49932304762694,348.17340087890625,1338700
KLAC,2022-08-23,350.0023117251167,357.2599558961458,349.59587065771,350.7377624511719,860200
KLAC,2022-08-24,348.6185568632083,353.75696699934423,346.12191052400215,350.95068359375,938400
KLAC,2022-08-25,352.3731553170215,365.1562776971061,351.01837144142803,364.546630859375,1285300
KLAC,2022-08-26,363.09514776130544,364.8176276868987,347.3992794153757,347.5734558105469,1604400
KLAC,2022-08-29,342.06727722051943,348.1056572804609,339.919013354579,341.9608459472656,1319700
KLAC,2022-08-30,345.754179163072,345.8509536646496,332.3517523403789,335.9225158691406,1416600
KLAC,2022-08-31,338.5352130225741,338.5352130225741,328.86804086533135,333.0097351074219,1564800
KLAC,2022-09-01,324.0392899524045,326.9617203034697,318.3589783803887,326.2165832519531,1870400
KLAC,2022-09-02,330.72595712410026,334.16125934871053,322.22002041332377,324.4166564941406,1300700
KLAC,2022-09-06,323.0232190099459,326.16819809823113,316.15264340309847,319.8975830078125,1402800
KLAC,2022-09-07,321.3878045913335,329.83571229398245,318.1170218478501,326.90362548828125,1604900
KLAC,2022-09-08,324.9779752867726,340.07388274198996,322.04588789794917,339.744873046875,2258200
KLAC,2022-09-09,345.32832610759823,351.00866632468734,345.32832610759823,347.0798645019531,1655300
KLAC,2022-09-12,345.4057983221943,347.8056699216828,341.35119214651513,345.9186706542969,1141300
KLAC,2022-09-13,331.8969294791717,337.0643687794362,328.55840122241864,329.6712341308594,2326500
KLAC,2022-09-14,332.43886381158836,338.457872041446,326.9036985920684,335.4096374511719,1803000
KLAC,2022-09-15,333.5032465128639,333.5032465128639,323.5747808076262,326.4584655761719,1577500
KLAC,2022-09-16,324.0973174329781,327.23260974567995,317.64284062507875,324.6875915527344,4219300
KLAC,2022-09-19,322.47162969572065,327.2133140813198,319.4718271254735,323.5457763671875,1417400
KLAC,2022-09-20,320.96201197544497,321.7458350936382,317.38159231329183,319.2395324707031,1162500
KLAC,2022-09-21,321.6781361617432,326.63268287952724,312.41737569378733,312.4270324707031,1800700
KLAC,2022-09-22,309.9884647734915,310.7432585141532,302.17923330148153,302.9533996582031,2290400
KLAC,2022-09-23,300.26326418378846,300.95031289942085,292.4153162306144,297.6601867675781,1839900
KLAC,2022-09-26,298.92790760234766,302.86639699709616,293.13147748971596,293.7604675292969,1476300
KLAC,2022-09-27,300.8632529037915,301.51158597562994,292.7250102325622,298.4150085449219,1364500
KLAC,2022-09-28,296.0344887525154,306.52420055008844,293.67333275228134,305.48876953125,1693300
KLAC,2022-09-29,300.8826003528286,302.14060986943224,296.2377193737324,300.6697082519531,1784800
KLAC,2022-09-30,293.1410629809688,301.89863750872547,292.57013188195003,292.85076904296875,1641400
KLAC,2022-10-03,296.29576645940756,310.5788206792824,294.92163940235673,306.3016357421875,1869300
KLAC,2022-10-04,319.055680832717,320.14917052539784,312.88184062660616,316.7138977050781,1549300
KLAC,2022-10-05,309.73684961168095,322.35548037603087,306.13705735040486,318.4169921875,1348800
KLAC,2022-10-06,317.59451842469844,324.06833934064093,316.0752445017469,316.9074401855469,1317700
KLAC,2022-10-07,308.01441354219617,311.35294174645526,300.90194572418136,304.0082092285156,2194400
KLAC,2022-10-10,303.6598450930768,303.6598450930768,286.6285956731638,289.6671142578125,2097000
KLAC,2022-10-11,281.1901663474482,289.3090655272613,267.68127894688337,271.84234619140625,3561200
KLAC,2022-10-12,272.10365149242904,272.8294160532151,264.9621234892644,265.9298095703125,2427400
KLAC,2022-10-13,250.93066306178466,274.9873532183621,242.11504270325128,269.5392761230469,4588800
KLAC,2022-10-14,271.63902332528414,271.8325722627105,254.67549551276002,255.1787109375,2346000
KLAC,2022-10-17,261.92358219338354,263.7331502854495,253.43695708688932,254.7143096923828,2557300
KLAC,2022-10-18,263.2589523963821,265.6878535948853,254.10465152562514,260.0752868652344,1763600
KLAC,2022-10-19,259.45593423532455,265.26204953355716,255.304553528288,263.1718444824219,1991200
KLAC,2022-10-20,265.55235208937694,273.43898550831824,262.7557259327084,268.05865478515625,1942400
KLAC,2022-10-21,268.4554043954375,282.1094366938467,266.2297093633968,281.238525390625,2067700
KLAC,2022-10-24,281.9740435179979,287.4220910037127,279.9612400589727,285.84478759765625,1369000
KLAC,2022-10-25,288.0607379629973,297.79565596869173,287.693012587877,295.0184020996094,1775000
KLAC,2022-10-26,291.2734642979687,301.09547055986985,289.3768081480849,296.49896240234375,1958600
KLAC,2022-10-27,305.57579149482075,305.57579149482075,294.437719552835,298.92779541015625,2298700
KLAC,2022-10-28,300.68908572847874,312.6980727046705,299.9536349078609,311.1110534667969,2880200
KLAC,2022-10-31,307.58865442148175,309.2530755045389,303.853400677414,306.2242431640625,1364300
KLAC,2022-11-01,313.02705645025105,314.1882618517792,308.74987162966335,310.8013610839844,1666900
KLAC,2022-11-02,311.6045677730431,317.04295818411276,299.8471596454774,302.324462890625,1846600
KLAC,2022-11-03,297.3892256865334,309.62075960485924,297.3698530692122,304.2791442871094,1711700
KLAC,2022-11-04,314.8172290313223,317.7590023256549,308.45955535094913,317.42999267578125,1875800
KLAC,2022-11-07,320.07178822464226,326.971393211682,317.81706360702987,326.274658203125,1955500
KLAC,2022-11-08,332.40987448517393,334.5000800855848,324.8522481151215,331.074462890625,1485500
KLAC,2022-11-09,325.3263026033402,332.52588756436046,323.81671506616766,326.6133117675781,1471000
KLAC,2022-11-10,346.0058065302372,357.24065643531515,338.3320635771739,356.3503723144531,2734100
KLAC,2022-11-11,358.556665941315,370.5656518589596,354.3181968490368,367.9238586425781,1665300
KLAC,2022-11-14,364.94283062753686,374.54609258985266,364.94283062753686,366.95281982421875,1263300
KLAC,2022-11-15,378.7990918411541,381.1198101316621,368.84628151287507,374.3713073730469,1742700
KLAC,2022-11-16,361.0102659219702,366.6614973330778,356.91262013304896,359.67999267578125,2455700
KLAC,2022-11-17,351.2808545399448,365.5449360489725,349.57190401059864,365.08856201171875,987500
KLAC,2022-11-18,371.46806445342145,371.739944956502,361.01034017847144,365.42840576171875,1121600
KLAC,2022-11-21,360.8452004878616,365.43806896936815,360.02955910435736,361.32098388671875,1082600
KLAC,2022-11-22,365.1564781455774,372.0214970035667,358.3011788291145,371.0990295410156,1380300
KLAC,2022-11-23,369.4677401829836,377.59505471988206,369.07934375454454,374.4490051269531,1401000
KLAC,2022-11-25,370.924250280767,373.3711744577618,368.9822384991923,369.00164794921875,624400
KLAC,2022-11-28,364.3311150855648,369.506593121843,362.13666190397964,364.0592346191406,1413600
KLAC,2022-11-29,363.9719071422612,366.0790033260549,360.1170119075652,363.4766845703125,813200
KLAC,2022-11-30,364.97199522864224,383.3725695087228,361.5637549219565,381.7509765625,2795100
KLAC,2022-12-01,383.547307321524,384.4406457339472,372.1573981350479,379.401123046875,1838000
KLAC,2022-12-02,369.6231584715745,380.0129051998761,368.3220139489387,378.2651062011719,921300
KLAC,2022-12-05,375.25493410214955,380.85765714422934,373.42943825779247,377.30377197265625,1236400
KLAC,2022-12-06,379.333172797421,379.98373016353787,369.15702018100393,372.1282958984375,1171300
KLAC,2022-12-07,368.1666014077861,377.740705379075,367.4674759729421,376.8376770019531,828000
KLAC,2022-12-08,379.73134951449725,385.99432086338226,376.94456684505536,384.44073486328125,1130000
KLAC,2022-12-09,380.54693958366784,388.9267255448801,376.3619063739771,382.0034484863281,1380300
KLAC,2022-12-12,374.2256691828492,389.3830867414833,372.5846668357506,389.2859802246094,1555800
KLAC,2022-12-13,403.6083059248975,407.40494245552446,391.85912890017994,397.1705322265625,2221900
KLAC,2022-12-14,396.5297190641916,402.0353361723842,390.0822545749242,394.4323425292969,1557000
KLAC,2022-12-15,386.5089108839273,388.05283643858166,372.1380345156783,373.59454345703125,2091600
KLAC,2022-12-16,370.96308231658196,376.5172369501984,369.22497355219804,374.3616027832031,2360900
KLAC,2022-12-19,373.8082094337741,374.63357052309385,368.4191375770307,372.53619384765625,1122800
KLAC,2022-12-20,369.74934081935777,378.43982574743126,367.4868805033436,374.72088623046875,903400
KLAC,2022-12-21,377.53680797945236,386.58659023203035,376.34246003450784,385.2757263183594,1125000
KLAC,2022-12-22,374.89566173175217,375.56565816864804,356.41742077034866,363.01055908203125,2075700
KLAC,2022-12-23,361.44720273496733,367.04020583009526,357.0582670261634,366.4479064941406,892000
KLAC,2022-12-27,365.35072654029324,365.35072654029324,358.1652584439687,360.34033203125,988700
KLAC,2022-12-28,358.60215408922187,364.5932729881732,355.69885619357666,357.09710693359375,610400
KLAC,2022-12-29,362.32115182903146,370.30279179322343,361.93272576703595,368.8462829589844,787200
KLAC,2022-12-30,363.69031345620436,366.5645127731394,359.57325718161314,366.0984191894531,669300
KLAC,2023-01-03,372.8662379374315,373.5847727676446,361.7773383436964,365.6322326660156,764100
KLAC,2023-01-04,371.74956627374763,374.00230677990044,363.2435462162623,369.2055358886719,1187600
KLAC,2023-01-05,363.8165104914963,369.7493723896814,362.30174354573643,362.6416015625,924900
KLAC,2023-01-06,368.97251587994714,386.2175898389566,366.7489337441712,386.0622253417969,1423400
KLAC,2023-01-09,390.9560985247431,404.8220611752835,388.5188643064106,396.4908142089844,1955400
KLAC,2023-01-10,395.1897186678913,404.6182081730589,394.55857070049393,404.2006530761719,979000
KLAC,2023-01-11,401.2875816244965,407.35636825751317,399.35528944302314,406.9971008300781,1230800
KLAC,2023-01-12,406.99716207108673,410.44425117697324,395.66553855918306,406.91949462890625,1505300
KLAC,2023-01-13,403.73452282509504,408.9390998562643,400.49136690503127,407.8612976074219,1615200
KLAC,2023-01-17,405.6182817947638,408.337086304281,401.69540988867755,403.889892578125,1046200
KLAC,2023-01-18,409.9683508319223,415.8623631542536,402.7440653038207,403.0256652832031,1183900
KLAC,2023-01-19,399.0057150060669,402.7829121460859,390.18896577796545,390.4414367675781,1409800
KLAC,2023-01-20,393.1311558691177,402.7732373903028,390.98524111703966,401.8507995605469,923300
KLAC,2023-01-23,395.7820536476455,416.1343312195481,395.7820536476455,413.24072265625,1459400
KLAC,2023-01-24,406.6961167176825,413.9204031462618,405.3464338954535,410.8714599609375,852700
KLAC,2023-01-25,400.78269244878044,410.7840415459472,396.57824986440806,410.36651611328125,1276300
KLAC,2023-01-26,411.71624345356304,417.0082081157007,402.9674703379625,416.3285217285156,1646300
KLAC,2023-01-27,393.2573249218511,398.6075760347473,383.8288674783003,387.7905578613281,2385500
KLAC,2023-01-30,383.81922625582473,385.18834818529245,375.8958142402721,376.4395751953125,1446000
KLAC,2023-01-31,376.7405662304339,381.6635732104975,376.62405026473385,381.10040283203125,1113300
KLAC,2023-02-01,381.16840464225487,402.0062153498664,379.4497346395661,397.8891296386719,1727800
KLAC,2023-02-02,401.9964913552439,404.8512514180969,396.7627546957626,402.24896240234375,1343100
KLAC,2023-02-03,397.22884923590084,409.5606375451758,394.46147615186254,396.4326171875,1080500
KLAC,2023-02-06,392.6456329018876,401.19050220677144,390.41233128816344,393.83026123046875,855500
KLAC,2023-02-07,395.13146187289186,406.385417783045,391.44165095022737,404.7444152832031,1435300
KLAC,2023-02-08,401.0060220406299,403.6665686895893,391.9465205169758,392.81072998046875,937700
KLAC,2023-02-09,399.45240418606676,402.2294667828354,388.2372684775256,392.0339050292969,1231800
KLAC,2023-02-10,388.64388618429876,390.3096912754052,380.7825787481542,385.4486999511719,910500
KLAC,2023-02-13,385.9748068095264,393.82639428865167,383.2666913977248,392.2872619628906,1250800
KLAC,2023-02-14,387.3287736424517,397.45012818627214,386.04292817430905,391.9267272949219,1353000
KLAC,2023-02-15,388.4685861327787,394.4011110191221,383.0426046978722,394.001708984375,940400
KLAC,2023-02-16,387.0170908510165,389.9492396265861,380.6461904337958,382.6723937988281,1334600
KLAC,2023-02-17,382.6724182236525,384.88374091573667,374.0805032257052,377.889404296875,991200
KLAC,2023-02-21,373.9343547023272,377.6848095631005,368.3233136837001,368.5570983886719,1161000
KLAC,2023-02-22,370.6320298555462,371.5671984115375,364.18321071068607,367.98236083984375,884500
KLAC,2023-02-23,375.7073128030454,380.44166132267407,369.3364415701426,378.3277587890625,1121100
KLAC,2023-02-24,372.3270384606751,374.3629929471552,368.0018428961283,370.028076171875,726400
KLAC,2023-02-27,376.7009293427435,376.7009293427435,368.7908670041225,369.2876892089844,756200
KLAC,2023-02-28,368.43043061175337,374.47012606888933,366.13146855639246,369.5701904296875,1189900
KLAC,2023-03-01,364.1539846503617,373.4862574416406,363.4526008069743,368.5570983886719,731600
KLAC,2023-03-02,363.2479965407355,371.4112853917497,357.7830418758906,368.52783203125,864600
KLAC,2023-03-03,369.6188761336109,373.38880279589165,364.3682635956385,371.6645812988281,782800
KLAC,2023-03-06,374.7915714729289,376.0287514594142,367.87518358808256,369.8526916503906,773200
KLAC,2023-03-07,369.92085955501506,370.8560577496996,362.73168322390165,365.6930847167969,693400
KLAC,2023-03-08,368.8785517130578,379.1167691215606,366.59903211339,377.3925476074219,962300
KLAC,2023-03-09,376.96395833293485,384.6986528571716,367.8167451652133,368.6837463378906,959800
KLAC,2023-03-10,374.15847543805734,375.0254767324206,354.22752362130336,358.0072021484375,1142600
KLAC,2023-03-13,353.5260724154127,360.92956165791543,350.53544768568463,355.3866882324219,1246400
KLAC,2023-03-14,362.97525538400595,370.33980069824287,360.12102473647906,369.2195129394531,1362800
KLAC,2023-03-15,363.59866129270716,364.02728633935374,352.1037925323757,360.73468017578125,1013400
KLAC,2023-03-16,358.21167275174133,380.38316503642994,355.5620040257531,379.8181457519531,1355700
KLAC,2023-03-17,379.8181246281424,381.5910709721164,372.8724843984113,377.7237243652344,3033500
KLAC,2023-03-20,379.477247840794,381.3281426118701,374.29483166720206,379.857177734375,876000
KLAC,2023-03-21,382.5944600720293,386.3449145760358,370.52482044197586,375.1033020019531,764200
KLAC,2023-03-22,372.54132184556687,387.1242367570512,371.4405360264698,371.9860534667969,886400
KLAC,2023-03-23,378.02577123106926,386.7248574280182,371.99582621855484,378.7563781738281,1219500
KLAC,2023-03-24,374.9474509825128,375.65858572622125,360.9198046035351,365.37164306640625,1375700
KLAC,2023-03-27,367.7387813709444,369.99879902969906,362.69273052564057,364.3487548828125,768800
KLAC,2023-03-28,363.9396822673909,364.1539948290961,355.9809241238321,361.4166564941406,926500
KLAC,2023-03-29,368.7129373060462,378.43489018614036,366.3652503069057,375.19097900390625,1284000
KLAC,2023-03-30,380.24679936429914,389.51090452705034,379.47721842589857,385.7896728515625,983700
KLAC,2023-03-31,383.549142572479,389.5401130852766,382.7308664284917,388.8484802246094,1055500
KLAC,2023-04-03,386.9489046107424,390.03694957246023,382.4580919997959,388.6731262207031,787800
KLAC,2023-04-04,390.6896274435441,391.0695573259137,380.16889929086085,382.6919250488281,851600
KLAC,2023-04-05,378.2596013180247,378.85384382823,367.05696018511645,371.7425842285156,985600
KLAC,2023-04-06,364.64099363471774,369.1415268072864,358.2311199362065,364.9721984863281,746800
KLAC,2023-04-10,360.30613337712924,373.5739513728398,358.9423396272901,372.7751770019531,1008900
KLAC,2023-04-11,374.30455439222743,375.4735374388491,367.2809943585135,368.13824462890625,991600
KLAC,2023-04-12,370.90476005849905,372.09321510783843,359.80926261860014,360.5691223144531,811700
KLAC,2023-04-13,360.43275878765036,367.0082212790467,357.5395541022971,364.7092590332031,816900
KLAC,2023-04-14,363.74489042807204,370.3301048139395,361.42642596779433,365.3424987792969,786700
KLAC,2023-04-17,354.9190526142574,362.5368536211342,352.5518936226104,362.4881286621094,1027000
KLAC,2023-04-18,365.5080204226155,367.0276804329859,358.1824790975357,361.6114501953125,881100
KLAC,2023-04-19,357.4810460820611,357.78302785485,351.1491203338964,351.918701171875,1218600
KLAC,2023-04-20,352.6688238105667,369.9208799308253,352.425288174708,365.9950866699219,1665200
KLAC,2023-04-21,365.06967268755756,365.1086169851794,359.72160985604876,362.351806640625,918200
KLAC,2023-04-24,363.21885626357346,365.41067747984715,361.15367836301874,362.6928405761719,602700
KLAC,2023-04-25,360.61784792171335,361.2802577483579,347.9929682739876,348.49951171875,1292800
KLAC,2023-04-26,348.74306394584033,351.13944650819934,346.6778863125493,348.1195983886719,1274600
KLAC,2023-04-27,373.8272127068132,375.8339440306229,359.458609742838,374.6942138671875,2129700
KLAC,2023-04-28,375.94108036201857,379.4382483108247,370.31053799579087,376.5450439453125,1326700
KLAC,2023-05-01,375.8241945983775,379.64284658362243,372.91151780406403,374.4896240234375,691300
KLAC,2023-05-02,375.6780849538664,376.1164610119994,366.84260450266055,368.6642761230469,839900
KLAC,2023-05-03,368.90783494480183,376.3112953320933,367.45634217504363,368.39154052734375,719500
KLAC,2023-05-04,368.3915519054238,368.9175675503052,360.10158815109776,363.57928466796875,724500
KLAC,2023-05-05,371.7328191471147,378.1426643235714,369.76503208455347,375.6878356933594,892900
KLAC,2023-05-08,376.3014818952556,377.1976762693067,371.29437561141447,373.60308837890625,687700
KLAC,2023-05-09,369.53125656043943,371.3528984966635,364.8066589249148,366.0340881347656,798900
KLAC,2023-05-10,371.14829917304456,378.31797383228593,370.66122791428734,376.3891906738281,881300
KLAC,2023-05-11,375.8923554007556,379.58436373767495,371.9470902334523,376.5450439453125,744300
KLAC,2023-05-12,379.2525583256654,381.8916009724674,374.238338519313,378.23602294921875,686700
KLAC,2023-05-15,380.18118679965175,395.5854940505208,377.09250423860556,394.9794921875,1204900
KLAC,2023-05-16,394.4515624657716,403.9326433314364,394.4515624657716,399.58306884765625,1278200
KLAC,2023-05-17,402.0559478316805,411.0483134194959,399.55373007014356,407.4220275878906,1170600
KLAC,2023-05-18,407.1092641172234,419.70831775569354,407.1092641172234,418.8970642089844,1187900
KLAC,2023-05-19,419.31737847933084,419.7572338148461,412.5731189170996,414.078369140625,1064600
KLAC,2023-05-22,410.33482600208623,416.5317277178419,409.40625570614515,411.312255859375,685800
KLAC,2023-05-23,408.14538601651094,411.30246531368414,404.9687390320839,405.33038330078125,753100
KLAC,2023-05-24,397.667331807893,401.20562301549666,395.66358276160423,399.6710510253906,888400
KLAC,2023-05-25,408.76117636845004,426.45263284092226,408.68296527610335,424.44891357421875,1626300
KLAC,2023-05-26,425.18199312691127,454.5048892046293,424.6639564893566,450.7808837890625,2163600
KLAC,2023-05-30,457.251484803572,463.2724566416999,443.42085751280194,448.3764343261719,1233100
KLAC,2023-05-31,438.7194235166974,445.2388643486423,432.2390584046391,432.9916687011719,1743900
KLAC,2023-06-01,435.34726535353775,445.4441327822427,427.33235818386646,442.31634521484375,1266600
KLAC,2023-06-02,444.25163268649953,448.3177442773683,435.11265799316436,447.72149658203125,1206600
KLAC,2023-06-05,446.07947021762004,450.9959415061467,441.23142618218225,447.7117614746094,1009500
KLAC,2023-06-06,440.85020702080334,454.1823651872337,436.91116571322954,450.5951843261719,1131400
KLAC,2023-06-07,453.51766697254516,462.24613821093834,450.22373314762854,453.2928771972656,1086400
KLAC,2023-06-08,454.1823936008127,464.6310924528741,453.5470402624295,463.1649475097656,950900
KLAC,2023-06-09,465.002492411247,467.1235284249847,454.41693968862876,455.1402282714844,1065500
KLAC,2023-06-12,458.3950583033712,465.54006806620043,455.5702717405453,464.699462890625,1193900
KLAC,2023-06-13,469.16631033467905,471.31666785522924,461.7867271765561,469.0588073730469,752800
KLAC,2023-06-14,461.1513955801359,470.2903707282469,460.5160721374955,469.69415283203125,913700
KLAC,2023-06-15,464.5528603823311,466.3122221901593,459.94917411644025,461.9137878417969,1038000
KLAC,2023-06-16,462.59799017272866,464.28895452219683,452.6477616316203,454.3973693847656,2012100
KLAC,2023-06-20,455.78532091669393,459.5875374340139,449.95984723558934,453.9673156738281,822000
KLAC,2023-06-21,450.5267610085866,454.00640909996145,445.1508965065554,446.1283264160156,876500
KLAC,2023-06-22,442.8246492004826,457.3297366377693,442.7366840800113,456.83123779296875,749700
KLAC,2023-06-23,447.1741406291636,449.568855608858,444.3298162863626,446.6365661621094,829400
KLAC,2023-06-26,447.7606139241146,457.7792697450558,447.7606139241146,448.200439453125,615300
KLAC,2023-06-27,449.8327447370965,467.8272309740717,449.8327447370965,466.16558837890625,863800
KLAC,2023-06-28,459.7927885608157,466.78140616304415,458.9228616590082,463.7220458984375,730600
KLAC,2023-06-29,468.36483263228143,468.5798683943927,461.91378959773493,466.4588623046875,588800
KLAC,2023-06-30,471.8444896363512,477.2301378079278,470.339269101358,474.0730285644531,909300
KLAC,2023-07-03,474.0926297756009,477.386563923902,466.56640725328384,473.8775939941406,424900
KLAC,2023-07-05,464.5724348521881,468.7754014580065,456.46956219082426,457.3492431640625,1118900
KLAC,2023-07-06,452.55008631130534,454.55380586345467,443.36225035195383,451.123046875,1245000
KLAC,2023-07-07,445.62002016953465,455.44317765024977,443.85087463184396,445.54180908203125,926600
KLAC,2023-07-10,446.07948039570806,459.13793006474987,446.07948039570806,457.1048889160156,935700
KLAC,2023-07-11,457.2514749379503,457.2514749379503,441.3487013492052,449.1094970703125,687100
KLAC,2023-07-12,455.89282661523526,456.899578129719,449.4417838821049,455.55072021484375,874500
KLAC,2023-07-13,460.59428894717803,466.8009447663077,458.39507173696256,465.0806884765625,803100
KLAC,2023-07-14,467.36787803618677,470.93549115560273,461.1123327293105,464.0739440917969,828400
KLAC,2023-07-17,465.65737603952863,482.39097093216066,465.4325564271559,479.31207275390625,816200
KLAC,2023-07-18,473.5451771753576,475.25567924203676,466.8204557063211,473.1346435546875,859000
KLAC,2023-07-19,472.0985651180558,473.7895293091199,458.1799751450877,459.9686584472656,1137300
KLAC,2023-07-20,448.33724947230155,449.44174985023415,438.85616907028503,439.9411315917969,1813900
KLAC,2023-07-21,446.6072661313382,451.6800996778729,443.274226719018,448.2102355957031,2613000
KLAC,2023-07-24,447.16434181525835,452.1687775308935,445.83505162838827,450.5755920410156,740200
KLAC,2023-07-25,452.7357044471024,459.70478358593755,452.5988499593994,455.58978271484375,788200
KLAC,2023-07-26,449.031300836445,452.6478034844801,442.7757552925518,447.51629638671875,847100
KLAC,2023-07-27,464.2791720932616,484.11123181747536,464.2791720932616,471.4632873535156,1951200
KLAC,2023-07-28,488.7149580263122,501.91026189302266,477.12265353974914,499.4764709472656,2019300
KLAC,2023-07-31,500.45385090451987,505.1064263856918,494.7945239034664,502.3500671386719,1093000
KLAC,2023-08-01,502.3695469239067,505.6244047405708,498.84103979539606,502.672607421875,859700
KLAC,2023-08-02,493.21108744390915,495.2245904635611,483.5833978622973,488.29461669921875,1363500
KLAC,2023-08-03,486.046577475529,492.71265685198506,480.01585142565773,490.99237060546875,870000
KLAC,2023-08-04,489.7118811836636,492.16523959463916,481.3841897960141,485.26458740234375,727200
KLAC,2023-08-07,488.7149318114958,495.996796227004,487.72771810402304,495.00958251953125,756800
KLAC,2023-08-08,489.0375103137158,489.71193936076827,480.494782156111,487.38568115234375,1113000
KLAC,2023-08-09,489.39913984816405,490.5427160732646,482.97741854822664,483.2999572753906,825600
KLAC,2023-08-10,488.74426229242437,496.856918374687,481.96089653074364,485.08868408203125,942000
KLAC,2023-08-11,478.95042289343303,479.0579258619298,467.27012394836277,468.16937255859375,868700
KLAC,2023-08-14,465.10166763421324,482.1650370263909,464.50382712943605,481.1163635253906,1207700
KLAC,2023-08-15,477.05881462753416,478.2741166745001,472.373985553939,473.9029235839844,654900
KLAC,2023-08-16,474.73592903942085,478.30344056060835,464.0921376544593,464.5625915527344,803100
KLAC,2023-08-17,466.5522026062997,470.6391907259483,462.85727438194294,463.5335388183594,843300
KLAC,2023-08-18,460.0639994963061,471.5702452497775,458.8094856317537,468.4437561035156,766300
KLAC,2023-08-21,469.1984529207917,482.6648786997672,469.1984529207917,480.9399108886719,843200
KLAC,2023-08-22,485.4385161020952,486.32062094115446,474.2654972103696,477.02935791015625,592300
KLAC,2023-08-23,479.2835935144028,487.49675237116753,475.9218920455278,484.47808837890625,820300
KLAC,2023-08-24,490.780052720334,493.2792701810817,465.8955540129347,466.91485595703125,1245700
KLAC,2023-08-25,467.0128216206327,474.1968671852814,460.74025245389186,472.1387023925781,1104600
KLAC,2023-08-28,474.7261691484817,479.57762641456117,472.06032326083294,476.803955078125,598200
KLAC,2023-08-29,473.70686675317654,491.02506949019437,472.5699887214396,487.9671936035156,831800
KLAC,2023-08-30,488.45723864358456,490.98585757789095,481.23398042999594,488.3788146972656,658100
KLAC,2023-08-31,485.29154081235555,495.54327348465796,484.06642835452874,491.87774658203125,914900
KLAC,2023-09-01,493.553659245786,498.6011461645317,488.5062022370103,496.9251708984375,657200
KLAC,2023-09-05,496.91538578854437,506.686853299677,493.4164576951875,502.3450622558594,780900
KLAC,2023-09-06,499.2088291803238,509.83300080163053,496.6213773183962,503.24676513671875,714600
KLAC,2023-09-07,493.25965188358833,493.25965188358833,478.4505076049454,487.2810974121094,1269900
KLAC,2023-09-08,485.1543141701274,488.62381090383275,484.174224263663,487.8201599121094,868900
KLAC,2023-09-11,494.34758960998033,496.38616356774855,475.87288786969833,484.3212585449219,901100
KLAC,2023-09-12,478.35250887482636,485.7325849988408,475.1769970993738,476.127685546875,805500
KLAC,2023-09-13,474.34393554138177,481.47898904218783,472.775785669892,473.97149658203125,837400
KLAC,2023-09-14,478.86210666606456,480.24403697390005,469.6982603867116,470.3451232910156,899200
KLAC,2023-09-15,462.83763081574926,463.259092191588,442.34394803696523,445.1764221191406,2831400
KLAC,2023-09-18,446.3623540355181,451.7822502053729,443.00065272091837,447.4208679199219,1178400
KLAC,2023-09-19,447.4894186484983,449.58682532222906,442.6575827789742,448.20489501953125,663500
KLAC,2023-09-20,450.84134247110455,452.80152222097894,442.9124189720591,443.1770324707031,709800
KLAC,2023-09-21,437.1200936859302,441.471695217664,435.6989513725149,438.02178955078125,1055100
KLAC,2023-09-22,442.52039327863224,449.62604494056427,441.75592436519554,442.82421875,800800
KLAC,2023-09-25,440.0505513929289,447.2346270566683,438.10999254758394,446.3231506347656,630500
KLAC,2023-09-26,441.48149779764395,442.6478071460238,433.8759907682027,436.29681396484375,1008200
KLAC,2023-09-27,441.1384900139639,442.62821596205646,431.3865831019236,436.6888732910156,1059600
KLAC,2023-09-28,435.83619183521716,453.79144646820805,434.87569293959785,448.9693908691406,851800
KLAC,2023-09-29,457.3589545327207,459.88760327229244,448.6851527711161,449.5280456542969,815400
KLAC,2023-10-02,449.9593562145787,456.81017621891647,445.8723674705044,451.4588928222656,716500
KLAC,2023-10-03,446.58779235816854,454.291285045503,439.3841252089619,442.8438415527344,758800
KLAC,2023-10-04,446.1957838227876,452.830982367861,443.3240973857272,451.8704833984375,748400
KLAC,2023-10-05,452.12527275486764,455.3203754239346,447.0876261844065,451.89984130859375,881900
KLAC,2023-10-06,446.8719851652435,461.7595525825548,440.4033860850409,458.7310485839844,995900
KLAC,2023-10-09,453.3307407868759,458.33898526743724,449.861214548249,457.47650146484375,634600
KLAC,2023-10-10,459.7405468018189,468.09093170457703,457.8195790157722,464.6998291015625,839300
KLAC,2023-10-11,467.2578492041009,473.56963040943003,466.3953653261102,473.0207824707031,913000
KLAC,2023-10-12,475.34360884150493,496.8271929416977,475.34360884150493,491.1328430175781,1428800
KLAC,2023-10-13,491.132858492593,494.6023852762908,474.8829803479921,477.1175842285156,1157100
KLAC,2023-10-16,477.1175724838687,485.11510983571094,475.5396420664071,481.4299621582031,806000
KLAC,2023-10-17,474.3046973371829,477.86242837530546,463.70011769257906,476.6667175292969,777400
KLAC,2023-10-18,468.9436260901618,473.3834322396128,461.210702250207,469.8551025390625,800400
KLAC,2023-10-19,476.26486274952737,476.26486274952737,452.87990344174113,455.790771484375,1245400
KLAC,2023-10-20,455.790808437782,461.46553748804155,452.29191013111813,453.2327880859375,914600
KLAC,2023-10-23,449.8612850185846,459.7405785095857,446.01931927154607,453.35040283203125,620100
KLAC,2023-10-24,458.6722714687926,462.93566859701616,454.3598818086236,460.8970947265625,855500
KLAC,2023-10-25,454.7715568434125,457.9078268034465,443.4417191757226,445.78411865234375,1515100
KLAC,2023-10-26,449.50842339356853,468.9141904696306,443.0104228991085,449.1163635253906,1589100
KLAC,2023-10-27,449.51822696003705,454.9871453553557,445.94090480458766,448.81256103515625,746200
KLAC,2023-10-30,449.14576966430457,454.00703690821763,443.03001850515005,450.3905029296875,688000
KLAC,2023-10-31,450.54733712464866,464.9840421493693,444.4707678058726,460.3482360839844,1315300
KLAC,2023-11-01,462.8866647457595,467.7185007482701,456.4964594898919,467.042236328125,1238900
KLAC,2023-11-02,478.90131254371676,483.5861408728973,474.68690820443186,479.59716796875,1254800
KLAC,2023-11-03,484.35063483818396,493.45567847353874,483.77238538069236,489.6725158691406,760800
KLAC,2023-11-06,490.8289890223923,493.64187203979907,485.2424947766356,488.9276123046875,705900
KLAC,2023-11-07,489.3687342581878,497.2878781875608,488.6434772312303,493.1028747558594,611400
KLAC,2023-11-08,495.3570812806294,501.4924240981001,494.6122033390308,500.9827880859375,881200
KLAC,2023-11-09,501.1591971370203,510.6268697507706,495.4354753531949,496.3077697753906,1019800
KLAC,2023-11-10,505.77538869168416,525.4654214055838,501.82565744044797,523.613037109375,1295000
KLAC,2023-11-13,519.4477626874556,521.3981324516367,513.5966533949123,517.7326049804688,1045200
KLAC,2023-11-14,531.4816497084494,536.8476912465287,525.073915766754,536.0516357421875,1130400
KLAC,2023-11-15,539.44237074715,541.1917017120634,532.2581948504735,536.012451171875,881300
KLAC,2023-11-16,535.4226314086688,540.8181253212238,534.4398438840624,536.0025024414062,1193800
KLAC,2023-11-17,522.617017558508,536.8084738879144,520.6416047477212,535.1671752929688,1315600
KLAC,2023-11-20,532.8675638584747,549.7911411947009,532.8675638584747,548.14990234375,817400
KLAC,2023-11-21,545.8106809088054,546.3708769735732,538.1154381032709,541.2112426757812,910300
KLAC,2023-11-22,546.7444261074752,553.1522207039138,540.5135260877694,544.6314086914062,594400
KLAC,2023-11-24,542.9606916779393,547.6289332516628,541.9779039782079,546.076171875,306500
KLAC,2023-11-27,545.771475252604,552.3266519957274,543.7763875568812,547.3635864257812,588400
KLAC,2023-11-28,539.7074797148739,545.0538453476099,534.4888812375838,537.7222900390625,965500
KLAC,2023-11-29,546.7935992302903,547.9041541531716,533.2704305993052,534.705322265625,1277500
KLAC,2023-11-30,534.7542728061879,538.2333185915838,527.5308094435619,535.2456665039062,2208500
KLAC,2023-12-01,533.8895486280023,540.7592246427128,531.2556849476391,539.5504150390625,619900
KLAC,2023-12-04,533.8502168745501,536.1106162753093,518.9609612829662,530.3023681640625,889300
KLAC,2023-12-05,523.127997974106,528.120575853804,518.0371653267501,527.9829711914062,578900
KLAC,2023-12-06,535.167215096239,536.1991902123699,518.3615687124939,519.5114135742188,766700
KLAC,2023-12-07,525.8798531462054,533.9583385772057,520.9462401065479,531.9141235351562,679500
KLAC,2023-12-08,526.3123035870619,529.8994425500866,522.8430343596996,525.231201171875,1038100
KLAC,2023-12-11,536.169581507008,553.9088850565196,533.3588234676986,549.5846557617188,1134700
KLAC,2023-12-12,548.5921452553652,554.7444062936004,548.5527953544147,551.39306640625,871800
KLAC,2023-12-13,552.424822672316,563.6875888723433,549.2307633382741,560.8768310546875,783800
KLAC,2023-12-14,565.1520017325856,576.2574897011365,565.1520017325856,572.3951416015625,1499100
KLAC,2023-12-15,574.9307655237374,579.9921458294517,571.8939253433895,575.0585327148438,1387700
KLAC,2023-12-18,581.3287308044513,582.7930748012731,565.6532558343778,566.8031005859375,928400
KLAC,2023-12-19,569.8791799873358,572.9749847943145,567.068421962817,568.1593017578125,877800
KLAC,2023-12-20,562.2037016072236,568.5426943798572,553.0048229708651,553.6043090820312,1036200
KLAC,2023-12-21,565.5941745259483,572.1297350282057,562.6654871352862,570.458984375,640400
KLAC,2023-12-22,569.7219804201702,574.9307426731103,568.5033334007572,572.6212158203125,409600
KLAC,2023-12-26,576.7980086993873,583.6872986987461,576.0805330336784,581.1910400390625,654700
KLAC,2023-12-27,583.9429675735647,584.6506059297466,578.311613086971,581.2894287109375,586900
KLAC,2023-12-28,586.8225025140335,587.1468392456578,575.893908259431,576.178955078125,514100
KLAC,2023-12-29,574.7145753133555,576.601510754954,567.088133756791,571.29443359375,512900
KLAC,2024-01-02,563.3436671866971,563.3436671866971,544.1203453108861,550.7443237304688,967500
KLAC,2024-01-03,542.4986812479186,548.6411029105989,540.533106315861,543.0785522460938,819100
KLAC,2024-01-04,536.9852964482197,545.348827981115,535.4324753449114,537.034423828125,859900
KLAC,2024-01-05,538.6756818520051,541.8599039886925,533.073780693029,534.9411010742188,767000
KLAC,2024-01-08,539.6093568486756,556.1496889398578,539.4029498583775,552.680419921875,1268100
KLAC,2024-01-09,545.4471372972795,552.0023140255074,541.6142415278382,546.7640991210938,810300
KLAC,2024-01-10,549.3290683145755,549.3290683145755,540.4053412919221,546.518310546875,793500
KLAC,2024-01-11,547.4126302835734,555.6778466563958,540.1694913028253,552.4641723632812,650600
KLAC,2024-01-12,554.2724994760647,554.704928394501,547.5993936515009,550.9605102539062,617400
KLAC,2024-01-16,549.4961338136337,559.7859499735544,548.1497197579527,557.0537719726562,962200
KLAC,2024-01-17,554.2921744791666,554.2921744791666,543.3340693763892,552.8179931640625,741100
KLAC,2024-01-18,569.3288265454378,581.8004031915028,567.0684271343684,579.8446655273438,1445300
KLAC,2024-01-19,585.1713794127834,606.360277793109,582.822562623362,602.43896484375,1335000
KLAC,2024-01-22,607.8836523503552,617.4756090865122,606.9696070818832,612.3749389648438,967600
KLAC,2024-01-23,608.1391171459331,612.2471621140011,599.8640623532067,608.6698608398438,895700
KLAC,2024-01-24,624.8170533546124,635.0085559544873,616.5026486750556,627.4607543945312,1083500
KLAC,2024-01-25,640.2861021630484,647.4408244686953,628.1486996615462,630.6449584960938,1716800
KLAC,2024-01-26,613.259469425803,615.1464048437341,585.9478233033614,589.0534057617188,2195400
KLAC,2024-01-29,586.2229867008707,591.834725690192,584.3262137638048,589.751220703125,1060600
KLAC,2024-01-30,584.7782013612571,591.6478759648288,584.2769701696515,585.1024780273438,1036500
KLAC,2024-01-31,577.6235746264936,591.6282979313434,571.6875591148921,583.8151245117188,1081200
KLAC,2024-02-01,588.4735856579961,591.6774228346181,584.4048306133373,588.7880249023438,890100
KLAC,2024-02-02,585.0043221115384,597.1712374650996,582.8028874729882,593.918212890625,854300
KLAC,2024-02-05,596.8764133282529,604.5028547455446,590.2032470958251,604.2964477539062,903000
KLAC,2024-02-06,605.7608275131195,605.7608275131195,585.6038429318615,591.2647094726562,1027700
KLAC,2024-02-07,598.9107663412877,601.9573838001535,588.3752524483401,598.4193725585938,857700
KLAC,2024-02-08,598.4194598165801,614.0457483940269,597.7019839997058,607.8443603515625,733200
KLAC,2024-02-09,618.3208289421749,640.0502479042254,617.7311204043808,638.6153564453125,1246400
KLAC,2024-02-12,634.9789990970528,646.2417657845584,634.1141412719429,636.8954467773438,1233200
KLAC,2024-02-13,617.3577204935103,638.2910860922411,614.7336941821378,630.0357055664062,1499400
KLAC,2024-02-14,638.8119456542184,650.4776297707056,636.6301859555128,642.5858764648438,1175000
KLAC,2024-02-15,645.1566104017048,651.8741261394266,640.7242367424565,642.5759887695312,1025400
KLAC,2024-02-16,656.9663271226298,667.2888122838423,647.6780503213178,651.4110717773438,1060400
KLAC,2024-02-20,644.6740333879005,651.0566327106517,635.0114604718824,641.9752197265625,1262800
KLAC,2024-02-21,635.4743034491435,642.2706336015943,629.5644720532433,642.1228637695312,745400
KLAC,2024-02-22,665.5060948089925,677.355335752689,662.7383261443206,673.4942626953125,1077800
KLAC,2024-02-23,672.7357530566629,677.2370814881897,657.9907537679323,658.7688598632812,597900
KLAC,2024-02-26,665.4666758454612,676.4491360095285,663.8611669220774,673.54345703125,649800
KLAC,2024-02-27,669.7710949149375,674.4103346375871,666.5009806888426,667.3973388671875,717400
KLAC,2024-02-28,657.6657691968918,665.4765893818497,657.6657691968918,662.8861083984375,622600
KLAC,2024-02-29,672.1842361800143,673.8192631072817,664.6984736720365,672.0463256835938,998900
KLAC,2024-03-01,677.9365682380441,708.4115447092734,677.9069902209529,706.786376953125,1124900
KLAC,2024-03-04,713.8582894884861,717.0594477373133,705.6633171573395,707.0225830078125,751400
KLAC,2024-03-05,701.6250248460035,705.4565197080598,687.3232141403445,695.2620849609375,1107300
KLAC,2024-03-06,701.0735198656505,710.6276999013169,695.4295895849604,704.7080688476562,1063700
KLAC,2024-03-07,708.4705783603393,718.1922456724752,708.4705783603393,712.3907470703125,1059100
KLAC,2024-03-08,711.9474586852746,713.5824854083783,688.7021484375,688.7021484375,1121900
KLAC,2024-03-11,679.6798188353537,681.0390848093186,664.9643368667904,675.0800170898438,1037600
KLAC,2024-03-12,681.324753558844,688.3476082188267,673.0805433263279,687.9044189453125,875600
KLAC,2024-03-13,680.2215976635566,685.2055532748495,671.9182914241569,678.3600463867188,1155300
KLAC,2024-03-14,687.9634189995264,690.4652257070026,677.4340681457262,681.925537109375,934100
KLAC,2024-03-15,676.508274940232,681.4922304086755,669.4952797384202,673.622314453125,1669400
KLAC,2024-03-18,685.8655262132282,694.5726444764832,678.911626737767,680.3201293945312,797900
KLAC,2024-03-19,667.6139332003532,675.6907146999409,658.6507130729274,670.824951171875,888500
KLAC,2024-03-20,669.9384660451217,687.7172570669568,663.4475348417769,685.4912109375,904400
KLAC,2024-03-21,706.1165289129049,716.7049769742665,700.8370938892139,702.4130249023438,758200
KLAC,2024-03-22,695.8137139478854,707.4954666203341,694.6120770487587,699.8816528320312,412700
KLAC,2024-03-25,687.3626035219237,697.4585653082434,685.4025190964213,689.21435546875,493200
KLAC,2024-03-26,694.4445690433281,696.7691484246743,677.2371387496935,678.0743408203125,865100
KLAC,2024-03-27,681.9946647738137,687.2150045639947,671.6622575716646,686.3974609375,976300
KLAC,2024-03-28,686.3973740985987,689.3030532735567,679.6404811850567,688.0718383789062,1080900
KLAC,2024-04-01,689.4802790541612,707.3870596588758,689.2340360973561,700.19677734375,772200
KLAC,2024-04-02,683.7970054177695,686.7814990550685,675.7891792660591,683.5015258789062,950800
KLAC,2024-04-03,679.8078453491121,696.5031297667756,676.6657828301114,687.0474243164062,782400
KLAC,2024-04-04,695.6659674997313,697.2123204458717,658.3847458118878,662.6398315429688,1102900
KLAC,2024-04-05,663.9400844126615,678.4782807768964,663.9400844126615,672.5783081054688,790900
KLAC,2024-04-08,678.0053816088484,682.0142244458934,668.2935731276275,680.4382934570312,518300
KLAC,2024-04-09,689.4803765272475,689.4803765272475,672.4502328694749,686.3580322265625,708800
KLAC,2024-04-10,675.592247420987,684.5554676261933,673.9276425122584,676.7938842773438,610000
KLAC,2024-04-11,684.3880096718099,691.085806250769,677.5128652554923,690.0811157226562,831500
KLAC,2024-04-12,674.1541650133108,678.9115960906715,667.2396430850398,670.5491943359375,810800
KLAC,2024-04-15,679.5124235428698,688.1998829707798,662.4231850153484,668.2935791015625,886100
KLAC,2024-04-16,668.2935782924559,686.4466032898431,668.2935782924559,682.890869140625,922400
KLAC,2024-04-17,671.5243309532823,674.558001208263,647.9441005794995,649.0767822265625,1193100
KLAC,2024-04-18,645.9347685488343,648.5153903886347,632.3520262626837,634.5386352539062,903100
KLAC,2024-04-19,636.4888408580312,637.9761580156469,613.8049096058012,618.7199096679688,1072900
KLAC,2024-04-22,625.8018170348785,629.1310265706152,615.9324403536459,624.1175537109375,924300
KLAC,2024-04-23,626.4814172772504,644.1715317487601,626.2746116828822,638.4685668945312,710100
KLAC,2024-04-24,649.8648215286624,658.1385498315601,637.8678102831063,646.6734619140625,873400
KLAC,2024-04-25,647.1068800884076,667.5351895843144,640.2416541605357,662.8369140625,1065800
KLAC,2024-04-26,672.7358440197715,699.5861890822385,668.608809131244,695.6463012695312,1193500
KLAC,2024-04-29,695.7940411579332,705.2202303726582,689.864550622919,703.2010498046875,931600
KLAC,2024-04-30,700.9453699253985,706.9438147245725,677.9462415455396,678.9312133789062,902200
KLAC,2024-05-01,670.2437764533072,681.3345692775891,652.5438608870514,656.0306396484375,1273100
KLAC,2024-05-02,665.4864056222692,672.7357841239149,654.2084657389229,671.800048828125,675200
KLAC,2024-05-03,684.5553894087329,693.4792313609132,680.7139754066148,686.1215209960938,819900
KLAC,2024-05-06,688.6529155840067,707.8993046621674,687.6088477922617,707.5841064453125,873600
KLAC,2024-05-07,705.8604128345505,712.5089731155456,700.8764574582544,703.6442260742188,782700
KLAC,2024-05-08,699.2512319369617,706.8158088880047,695.4197369491544,706.3726196289062,672900
KLAC,2024-05-09,707.9682990016587,709.1797952474733,698.3746819459276,699.989990234375,976000
KLAC,2024-05-10,709.179812333916,717.0595880265149,702.3441045158695,707.475830078125,448800
KLAC,2024-05-13,709.1797247909814,709.1797247909814,700.8665600567707,703.4176635742188,554100
KLAC,2024-05-14,698.0386655992984,722.1998149811338,695.9956183735954,720.4133911132812,884000
KLAC,2024-05-15,728.3290131599339,750.4175390792312,725.3088692529103,749.8253173828125,850300
KLAC,2024-05-16,750.1016329681713,753.980440762456,739.3732104842786,739.7186279296875,751200
KLAC,2024-05-17,746.6175734523355,748.6902588290527,730.0166930865677,737.9420776367188,585900
KLAC,2024-05-20,742.0874064156254,768.3014825642978,741.2386216428531,762.7349243164062,763600
KLAC,2024-05-21,750.101612516985,759.9319132306614,748.7692192750504,755.1746826171875,703600
KLAC,2024-05-22,760.3464848969992,762.902718697197,752.7566379537857,761.6591796875,769500
KLAC,2024-05-23,778.3093637041151,780.2240990930836,751.6412593229664,755.1351318359375,828900
KLAC,2024-05-24,764.0870648255669,772.9106311944277,759.0337533728197,768.9133911132812,548400
KLAC,2024-05-28,775.2892638940403,781.6453905720759,765.834018689584,775.9011840820312,601100
KLAC,2024-05-29,758.2244440671836,769.9102647308742,755.1352048126182,762.3006591796875,855000
KLAC,2024-05-30,758.9252277506151,766.4558584565758,756.1320691717551,760.0997314453125,712100
KLAC,2024-05-31,760.6819576904372,766.1794201110248,727.3024892322895,749.6377563476562,1684800
KLAC,2024-06-03,761.4320669769747,761.5900168386839,725.9799132912243,744.3278198242188,515100
KLAC,2024-06-04,740.7056930253417,746.4499002936094,730.5793101215002,740.78466796875,474500
KLAC,2024-06-05,760.3562745995957,777.2828728373148,752.1742069481554,774.746337890625,943200
KLAC,2024-06-06,770.1668501533921,777.0658014220984,762.1526114009372,769.1107788085938,722100
KLAC,2024-06-07,777.2434014371522,777.6480349880771,754.0198331747789,758.9547119140625,736000
KLAC,2024-06-10,751.1873480391829,785.6130729215708,751.1873480391829,784.033935546875,649900
KLAC,2024-06-11,782.9875975429436,788.2580142348286,771.7360500646386,787.7645263671875,590000
KLAC,2024-06-12,796.3709864285988,820.7097815648908,793.9627632239191,817.0283813476562,807300
KLAC,2024-06-13,805.3919430030383,822.140891987336,804.4543040248462,819.219482421875,546400
KLAC,2024-06-14,804.3853596285797,815.7750398440777,804.3853596285797,814.0972290039062,474700
KLAC,2024-06-17,815.6465983108668,840.5874946452682,810.2577493009296,837.823974609375,737800
KLAC,2024-06-18,837.9424793617237,865.1336514201754,835.9586483057178,852.0661010742188,878000
KLAC,2024-06-20,852.1254164744643,852.9347439778682,815.7849549652777,818.785400390625,1281900
KLAC,2024-06-21,819.2195752190197,824.4604144547401,802.6580919141404,805.9151000976562,1919400
KLAC,2024-06-24,803.1713905692396,804.8887189821552,782.050082393302,783.6390991210938,894400
KLAC,2024-06-25,790.4393231262728,809.5570400125803,781.1123895440404,807.3856811523438,934400
KLAC,2024-06-26,803.7734092969457,816.1303663965313,788.8404596488418,802.7074584960938,712600
KLAC,2024-06-27,808.7970225504077,815.6861545350657,796.2821767491231,804.2569580078125,510300
KLAC,2024-06-28,815.6763405756541,830.4513404372024,807.7410762657474,813.771484375,849400
KLAC,2024-07-01,812.468602457196,818.1437132460462,797.3086687901988,817.0086669921875,480700
KLAC,2024-07-02,808.7279597532441,829.0299980726633,807.3461695967218,828.1812133789062,536900
KLAC,2024-07-03,829.0005042964967,848.4636392943363,825.0328420718124,842.2161254882812,440800
KLAC,2024-07-05,844.1999669557258,847.8813676730997,836.0376572358463,844.0716552734375,461200
KLAC,2024-07-08,845.9567409218621,857.7412350527569,843.420205742976,855.263916015625,438600
KLAC,2024-07-09,861.2350953602208,868.4301877998648,851.9476791956424,863.5051879882812,409400
KLAC,2024-07-10,866.4166949237203,883.1163690830513,859.1624467810494,880.7278442382812,664300
KLAC,2024-07-11,884.646202306758,884.646202306758,841.0613149768179,841.841064453125,875000
KLAC,2024-07-12,842.7292367161408,868.0846466449465,833.9945252518985,846.548828125,655200
KLAC,2024-07-15,847.3384179013382,865.4296395504969,842.4627554148473,846.943603515625,637300
KLAC,2024-07-16,850.0921379298661,857.4845771555359,839.9558770195684,855.8856811523438,627400
KLAC,2024-07-17,806.6059377271984,818.2818778043867,769.3377234897066,771.5682983398438,1699600
KLAC,2024-07-18,783.4416515310544,786.7085389030703,758.441538540362,776.8091430664062,970900
KLAC,2024-07-19,775.1806612517878,785.1787312433149,751.4636633476235,752.618408203125,918800
KLAC,2024-07-22,778.2007872974809,801.157854255928,765.0444431349403,798.966796875,967800
KLAC,2024-07-23,783.6786246606115,802.9048959467912,783.6786246606115,797.1409301757812,960700
KLAC,2024-07-24,786.9158979480969,788.3371456987251,742.1072268128861,745.9268188476562,2430100
KLAC,2024-07-25,757.5434376236942,781.4776024727857,739.6199823290019,752.8750610351562,1826900
KLAC,2024-07-26,779.0692605176961,788.5936003121716,759.0534242401925,777.1348266601562,1047500
KLAC,2024-07-29,782.9284621305533,799.9241571291127,767.2947383661057,768.400146484375,627600
KLAC,2024-07-30,777.727012751765,789.0377765499353,744.525134015116,749.0060424804688,1062900
KLAC,2024-07-31,795.0089870887142,815.9427649715334,780.0168226507037,812.3501586914062,1793600
KLAC,2024-08-01,810.5440346739227,811.8270912265378,737.3202942004909,746.2919311523438,2214200
KLAC,2024-08-02,702.0556746558213,715.6265927055333,678.6643347693634,687.1029663085938,2071300
KLAC,2024-08-05,641.3763540333962,710.7903158232829,639.5602921302925,694.3176879882812,1718900
KLAC,2024-08-06,699.0553149374041,728.595496208381,694.3671794421127,706.891845703125,1203900
KLAC,2024-08-07,730.9839183274327,738.7908706854715,685.7212209404586,688.6327514648438,903100
KLAC,2024-08-08,710.2080644650956,744.1797547024186,697.7918920087665,742.4920043945312,1037500
KLAC,2024-08-09,737.3597931029153,745.2259614861663,722.209678096439,737.0538330078125,763500
KLAC,2024-08-12,739.0277873915958,758.7870024509676,735.0107885537536,747.6736450195312,787400
KLAC,2024-08-13,757.9876053234842,786.5408106375914,752.0756293714547,783.4910888671875,1158100
KLAC,2024-08-14,794.436605560467,803.0331871303478,771.4795370370869,783.55029296875,630700
KLAC,2024-08-15,802.3964234080287,830.428363043101,795.0200895209002,826.8094482421875,1293400
KLAC,2024-08-16,819.2255247998128,819.54194222117,799.8947921276632,810.3759155273438,673400
KLAC,2024-08-19,809.3278545166033,812.4029516346934,789.7895151951091,811.24609375,971600
KLAC,2024-08-20,810.0199444975916,814.6177435687352,793.9917701022422,802.4656372070312,685400
KLAC,2024-08-21,809.4959068839896,823.9321579110893,803.0985173683121,817.8610229492188,618500
KLAC,2024-08-22,819.096980684856,822.6664685462425,784.9444182341394,789.5620727539062,919900
KLAC,2024-08-23,807.5381184877149,815.0924260207162,791.0254501458302,808.6653442382812,685800
KLAC,2024-08-26,804.2751323498779,804.2751323498779,784.2424036228339,790.0069580078125,778500
KLAC,2024-08-27,787.6141292884137,805.026562270658,774.1568234989809,803.6719360351562,687100
KLAC,2024-08-28,800.1420416403187,810.7517122201995,786.0815923157949,795.2476196289062,648900
KLAC,2024-08-29,805.0463615132228,816.3184982130466,783.0953934059329,786.8231201171875,806500
KLAC,2024-08-30,804.4334038762756,810.7517347306533,788.6029959278728,810.237548828125,1079300
KLAC,2024-09-03,796.55276231518,798.0260375512785,728.9002676398176,733.1124877929688,1661200
KLAC,2024-09-04,726.7545905997454,741.4775654294724,716.5108260925424,736.7511596679688,927200
KLAC,2024-09-05,717.6381258359395,734.8824235022652,714.651985312765,719.8925170898438,818300
KLAC,2024-09-06,719.8925335125276,720.0309774599091,688.9733047967293,694.9158935546875,1390600
KLAC,2024-09-09,707.0086835320584,709.4608430981682,688.7557496717915,701.9263305664062,839900
KLAC,2024-09-10,701.9263404896476,708.9565647437933,688.6074179956981,705.456298828125,778900
KLAC,2024-09-11,707.2558375674706,743.1782350143912,696.0034964489477,740.4195556640625,1129100
KLAC,2024-09-12,738.4914660885398,738.4914660885398,721.8107217709916,725.053955078125,1070700
KLAC,2024-09-13,733.0531546302283,746.1248813441305,732.5982932783044,743.0695190429688,586700
KLAC,2024-09-16,726.7546583233169,734.655015633235,718.0039631081771,728.1389770507812,863000
KLAC,2024-09-17,740.9338255620241,742.496057448571,725.2220673217637,731.3030395507812,855500
KLAC,2024-09-18,741.141411698705,743.7122806777037,721.6030730003118,722.8390502929688,817800
KLAC,2024-09-19,750.8017947125225,773.43502433017,746.7181210989243,763.7647094726562,1241100
KLAC,2024-09-20,754.094516550621,756.7740767913818,740.8547128402929,750.3370971679688,1622600
KLAC,2024-09-23,757.683787207848,761.7476661391547,750.0404624466275,752.72998046875,438800
KLAC,2024-09-24,763.3395935157299,766.9882009816563,743.7617248194849,761.6982421875,821300
KLAC,2024-09-25,754.3416501231989,773.2273581317611,751.1676388579024,763.3988647460938,575100
KLAC,2024-09-26,804.3146990684146,812.7786691703308,771.249832059438,795.5244140625,908000
KLAC,2024-09-27,798.8961858632981,799.3905767762994,769.1734065876753,773.6229248046875,627400
KLAC,2024-09-30,764.4073758966315,772.4956029855758,752.7496009933164,765.722412109375,932900
KLAC,2024-10-01,769.7369048551764,778.0822252923288,737.7893687232853,745.2349243164062,1279600
KLAC,2024-10-02,752.1267959179429,778.6064035491704,746.5303170489686,768.6394653320312,701800
KLAC,2024-10-03,756.279593545306,775.1949932189381,755.429255725848,765.8707885742188,584200
KLAC,2024-10-04,791.4802696154455,791.4802696154455,768.491093687322,778.556884765625,757300
KLAC,2024-10-07,769.0053199863137,779.0612752597958,763.1814405206462,772.901123046875,748100
KLAC,2024-10-08,773.1285763760438,784.7664980693053,765.5544733764033,775.1061401367188,653400
KLAC,2024-10-09,773.2570707744507,797.7294206647416,771.5958642189539,795.603515625,628500
KLAC,2024-10-10,782.4724480537076,790.8474612258989,778.1712713926706,789.028076171875,461900
KLAC,2024-10-11,783.886509987198,797.3734486576705,783.7776981165229,794.713623046875,570800
KLAC,2024-10-14,800.2903108457974,823.6552293219459,800.2903108457974,820.3428344726562,567900
KLAC,2024-10-15,816.259257347196,823.0422867298857,691.1190218920945,699.7807006835938,2870900
KLAC,2024-10-16,712.4865318507321,712.6744028128103,674.3591068268738,674.9326171875,2280600
KLAC,2024-10-17,693.1162642300995,693.353562211977,662.1674051842208,662.7310180664062,1936500
KLAC,2024-10-18,660.4369779818473,674.2502902222209,656.8674903973874,670.908203125,1192800
KLAC,2024-10-21,669.8997207066852,672.1244799267444,659.9130479034914,666.0533447265625,739300
KLAC,2024-10-22,662.4838078037519,665.5984946224129,656.2149046204847,662.5629272460938,787400
KLAC,2024-10-23,657.1839087039185,664.7678477348163,647.3059887992416,657.1740112304688,846800
KLAC,2024-10-24,671.1356796753636,676.7124237850625,657.9749956857294,658.6868896484375,884700
KLAC,2024-10-25,662.1574660117676,675.179765276541,660.5062173664772,665.5193481445312,954800
KLAC,2024-10-28,665.5984832818776,671.5212765230183,662.6914624174747,666.7849731445312,1051800
KLAC,2024-10-29,667.427677506296,692.5427579556012,666.2114952727613,688.4194946289062,1333900
KLAC,2024-10-30,674.3491959160616,687.3912304329137,672.3815297658687,684.0392456054688,1656800
KLAC,2024-10-31,670.0480355390055,673.4098575723043,648.6408846419664,658.756103515625,2001200
KLAC,2024-11-01,659.0230920655391,671.0368154834346,655.9974220688738,661.8707885742188,906400
KLAC,2024-11-04,659.7647011304251,663.0375666980356,654.9295433139399,655.92822265625,637900
KLAC,2024-11-05,661.5741423812618,673.9042224355456,659.764654792584,662.8101196289062,1016300
KLAC,2024-11-06,667.4277658111421,671.0269463212554,650.1042880441647,662.1476440429688,1715400
KLAC,2024-11-07,675.189608592133,680.1038853791845,667.5265498622869,678.45263671875,1122200
KLAC,2024-11-08,681.873818408604,686.5705320673973,673.7361633182505,679.698486328125,1278100
KLAC,2024-11-11,676.3267290040282,677.5231766689252,649.37252836455,658.558349609375,1422800
KLAC,2024-11-12,655.5722246138806,661.7521108048677,647.5136288806532,657.3223876953125,1111300
KLAC,2024-11-13,646.7225991486071,648.6309407140262,631.159183815235,637.3192749023438,1505200
KLAC,2024-11-14,652.5960097202035,652.5960097202035,635.5296256281147,637.7642822265625,1169900
KLAC,2024-11-15,613.5688073781067,622.9325421788316,605.4805190395135,607.56689453125,1712000
KLAC,2024-11-18,609.0243711998364,618.4835582731,606.5852584720699,615.0032958984375,1223300
KLAC,2024-11-19,611.2553185121519,613.1689545184075,604.2353650175235,610.4422607421875,1408900
KLAC,2024-11-20,611.2652108439019,614.695908980357,604.721170337147,611.6023559570312,1195100
KLAC,2024-11-21,622.4793858119004,632.5533137490979,614.7455028792543,627.7939453125,1386000
KLAC,2024-11-22,624.6607698303184,637.5803700390446,624.6607698303184,634.1298217773438,981800
KLAC,2024-11-25,641.2093208145876,641.2093208145876,626.752869005607,639.2064208984375,1913000
KLAC,2024-11-26,645.6612034603711,645.6612034603711,618.5727348251195,626.1182250976562,923200
KLAC,2024-11-27,626.1182884583874,628.6169509268989,615.9650817235707,626.7826538085938,942600
KLAC,2024-11-29,639.3452307916225,655.8937854095958,637.8183040829269,641.5464477539062,925700
KLAC,2024-12-02,639.5435617605475,663.3996512810255,639.5336368275026,660.3854370117188,1380200
KLAC,2024-12-03,655.526997622134,661.5257124048314,651.2535268395692,660.0780639648438,1376500
KLAC,2024-12-04,664.5001911007466,664.8174863504123,650.1131542337775,660.57373046875,1459200
KLAC,2024-12-05,654.7832983882363,657.3017501558256,635.9542479171655,637.1638793945312,1028200
KLAC,2024-12-06,635.7162698344372,645.1952462926064,632.771409152765,642.8453369140625,862400
KLAC,2024-12-09,653.4249273237127,660.6928228233821,640.3467096047729,646.8411865234375,1093300
KLAC,2024-12-10,652.2549372856038,652.2549372856038,633.0589664211564,636.43017578125,914800
KLAC,2024-12-11,641.4869788695958,651.5509830609392,636.6384670185942,643.3411865234375,1107400
KLAC,2024-12-12,641.3877872744805,644.3822122119415,632.5037012752039,641.1200561523438,698200
KLAC,2024-12-13,642.5082274597702,658.2437250408494,642.0918038869802,648.2194213867188,1463200
KLAC,2024-12-16,644.1739872610337,658.8981705651611,639.950080864915,650.5693359375,1014300
KLAC,2024-12-17,654.3767233653562,663.2310948462497,646.5635620637311,649.3298950195312,1252400
KLAC,2024-12-18,653.0779058811446,663.4294305066308,620.3080129207701,625.42431640625,1452100
KLAC,2024-12-19,618.8702436747466,629.8960578198075,615.3206275967602,616.9070434570312,1115700
KLAC,2024-12-20,611.2057958965879,635.6171384486453,608.2015063828568,624.0361328125,2652200
KLAC,2024-12-23,626.2273919896074,644.0054284187587,626.2273919896074,642.498291015625,886400
KLAC,2024-12-24,639.5832470589667,646.4743585365148,635.8253887551407,645.016845703125,349500
KLAC,2024-12-26,638.7602682567658,648.3483595073691,636.6086757435887,643.0535888671875,454100
KLAC,2024-12-27,641.6851992536315,642.2305258847141,632.6028571369972,639.34521484375,729500
KLAC,2024-12-30,628.4384397610844,631.8393631511586,621.2895229301846,628.2698974609375,687800
KLAC,2024-12-31,628.1310834408671,632.5929459120335,621.8547132864192,624.7797241210938,646200
KLAC,2025-01-02,629.310973481986,643.9260415748001,626.5347157231544,631.224609375,892200
KLAC,2025-01-03,638.4429555983652,653.1274380571402,634.893279242921,651.4418334960938,865100
KLAC,2025-01-06,667.8912867047685,690.9640952701969,667.8020833353121,684.4497680664062,1676400
KLAC,2025-01-07,688.8917892332788,699.8877679234299,677.469401524587,683.4581909179688,1283400
KLAC,2025-01-08,684.1523046819443,686.1353548404427,673.2157540092394,680.384521484375,1093400
KLAC,2025-01-10,678.1039647482273,688.6835194446492,665.9577836228755,677.2710571289062,1254500
KLAC,2025-01-13,668.476301751704,686.1055863536948,659.8500213792709,685.1339111328125,1318600
KLAC,2025-01-14,687.1168420377276,695.4456755414818,680.7413440883065,695.3167724609375,1039000
KLAC,2025-01-15,708.9404032708878,721.2055631685631,707.492754926721,710.1798095703125,1368300
KLAC,2025-01-16,728.7708954294939,772.4674106665759,727.3629468350324,740.927001953125,2019600
KLAC,2025-01-17,756.4840132081353,756.831022752062,741.2739930329254,751.0504150390625,1402500
KLAC,2025-01-21,755.8395347228713,771.8328386464361,744.8633451396325,760.7376708984375,1370000
KLAC,2025-01-22,766.8058265066,780.4591463158376,765.0409433216208,765.3681030273438,1200300
KLAC,2025-01-23,746.8860716661015,755.4131626364847,735.007560766627,754.5009765625,821800
KLAC,2025-01-24,758.5662394162574,759.2999582820194,736.8518767879866,743.46533203125,745400
KLAC,2025-01-27,710.5268143497337,718.8060846849556,679.3929646282486,696.7545776367188,2357800
KLAC,2025-01-28,691.4201774362485,702.8822045500128,683.3788633176871,696.9627685546875,1387100
KLAC,2025-01-29,714.9688650252724,715.7620729228943,701.781594608924,706.9275512695312,729200
KLAC,2025-01-30,725.0824713986303,739.7867443940311,715.8810898379995,736.137939453125,1711000
KLAC,2025-01-31,752.4981156331145,763.7221867103353,728.7709279222285,731.9834594726562,1631900
KLAC,2025-02-03,721.2254093736118,746.618350983018,720.2140344726923,733.936767578125,1216800
KLAC,2025-02-04,726.6192456874722,749.5928618223928,726.6192456874722,742.969482421875,999900
KLAC,2025-02-05,736.3362347663201,755.4627307279541,734.6605550519685,752.7162475585938,677100
KLAC,2025-02-06,751.2586583815797,757.7630599924117,746.8364350736932,755.3635864257812,579400
KLAC,2025-02-07,755.3438222314844,760.7674960922456,737.9127937248968,741.3633422851562,664500
KLAC,2025-02-10,753.241799172446,754.7985008797571,737.3773971835119,745.0914916992188,1564500
KLAC,2025-02-11,748.1551599062745,755.5023938818931,742.8108257515634,752.190673828125,591800
KLAC,2025-02-12,736.2370974565089,748.274165128994,732.2808618169024,744.1890869140625,476600
KLAC,2025-02-13,744.6650285007457,758.516603305999,743.7230676741098,757.802734375,711500
KLAC,2025-02-14,753.7275763516124,762.9983718311133,732.7568579650742,744.3775024414062,998500
KLAC,2025-02-18,751.6156104967279,753.7672633805312,731.6859816395427,751.8238525390625,1354000
KLAC,2025-02-19,754.6794548585419,770.4149523252208,746.7076153622332,768.1840209960938,936700
KLAC,2025-02-20,773.3894600684891,787.2708093517698,764.4756604615862,771.03955078125,883600
KLAC,2025-02-21,773.1316857553454,775.7790405327329,744.6947563140161,747.9072875976562,872400
KLAC,2025-02-24,757.2388504513002,758.2724046898143,731.4109123149145,732.9711303710938,1110900
KLAC,2025-02-25,731.6990089482214,731.6990089482214,716.9714084167178,720.4495849609375,1068300
KLAC,2025-02-26,728.7575196642955,746.4266253440819,725.4283713656057,733.9151611328125,1247400
KLAC,2025-02-27,738.4168866185148,745.3235637737355,694.283820683611,694.800537109375,1324900
KLAC,2025-02-28,701.4389328220578,709.0511440647136,687.615631281642,704.4202270507812,1242400
KLAC,2025-03-03,710.0748023997131,723.5700849165555,682.0804038889289,686.840576171875,1304600
KLAC,2025-03-04,689.1459925016748,711.5454881496312,674.3289871878858,694.6415405273438,1182200
KLAC,2025-03-05,696.7383868190786,712.7678170315144,685.3299869394212,711.3467407226562,915700
KLAC,2025-03-06,692.9224188821963,707.2226486153213,679.7152455400566,687.814453125,1135400
KLAC,2025-03-07,683.9089249252696,709.6672907080845,675.978640837809,706.8549194335938,1088100
KLAC,2025-03-10,689.4938740711816,692.8726378673757,666.3987907197039,674.1302490234375,1389200
KLAC,2025-03-11,673.1663563391055,676.0780799414672,649.6637944207579,660.0784301757812,1058700
KLAC,2025-03-12,671.8247307880279,682.4679735878236,667.6310724635114,676.1476440429688,884100
KLAC,2025-03-13,672.4010945954418,689.6727306564678,664.4907054168145,677.2506713867188,930800
KLAC,2025-03-14,685.6678291570296,709.2896364574303,685.6678291570296,708.5542602539062,1142600
KLAC,2025-03-17,701.3395434858567,719.6844630910813,701.1308917017808,713.811279296875,976200
KLAC,2025-03-18,707.4611754020755,708.3555273167054,693.7074440760722,705.572998046875,950700
KLAC,2025-03-19,705.5729218352022,725.5177862140796,700.554422338981,715.1229858398438,753300
KLAC,2025-03-20,704.4003593326197,715.1727355918706,703.2674529252015,711.9927368164062,629400
KLAC,2025-03-21,697.9309702219036,704.9568947971213,688.0429981048703,702.0848999023438,2454800
KLAC,2025-03-24,718.2037251457217,730.5562133800939,711.9330721667128,723.1923828125,730200
KLAC,2025-03-25,720.1018078237693,722.6358958037019,714.2485188929795,717.3490600585938,498700
KLAC,2025-03-26,716.9913690891251,719.6546515237615,694.4527902874188,701.1408081054688,734600
KLAC,2025-03-27,695.9831083370426,702.7208623588191,687.6851970563616,695.6353149414062,735100
KLAC,2025-03-28,681.0965327035556,689.8416502551341,663.0199497177588,669.39990234375,989500
KLAC,2025-03-31,668.7937436315268,676.8929507782348,651.3332893238701,675.561279296875,1165400
KLAC,2025-04-01,669.7974403083686,678.5425579618928,658.051133705716,678.2047119140625,669400
KLAC,2025-04-02,663.1292599029812,691.2826323264121,663.1292599029812,681.9114379882812,791100
KLAC,2025-04-03,648.1433896368117,652.8239832251393,616.402538147337,616.9490966796875,1525300
KLAC,2025-04-04,588.8453022573823,596.2588086134593,556.2697275538499,572.9351806640625,2072800
KLAC,2025-04-07,563.1168182827677,628.8245385176047,547.892335076571,600.8500366210938,2996100
KLAC,2025-04-08,622.0967299955652,640.242883933077,583.1510872362728,595.7719116210938,2719800
KLAC,2025-04-09,601.0984783800395,717.3391725151881,593.6253480642487,698.9246826171875,3447900
KLAC,2025-04-10,660.7541762434223,676.4456990908661,624.5711693882259,652.6649169921875,2676100
KLAC,2025-04-11,642.7868967766998,672.5103725544222,631.1201087901,666.0409545898438,1361800
KLAC,2025-04-14,677.2506782038607,680.033207377376,655.3381775623715,665.7925415039062,987000
KLAC,2025-04-15,665.2460116067759,677.8568892724322,660.8535881993226,671.9937133789062,790400
KLAC,2025-04-16,634.2703554512077,654.9406502429462,615.4484485483365,638.185791015625,2020800
KLAC,2025-04-17,644.9831218706486,645.1420975320475,627.6816447583266,630.47412109375,1224100
KLAC,2025-04-21,619.5426830072547,623.2991424653255,603.910784610077,616.9290771484375,1346100
KLAC,2025-04-22,622.7824021794186,635.8603189415168,621.9476131435221,632.39208984375,1372400
KLAC,2025-04-23,660.098304041482,668.505575868542,648.8091507614204,653.0127563476562,945100
KLAC,2025-04-24,669.9067409615117,686.2641305796262,660.058558978557,685.1212768554688,1304000
KLAC,2025-04-25,675.7600419665586,695.943401970288,674.6867590342682,690.2789306640625,631600
KLAC,2025-04-28,683.4120475177956,694.7807189636475,674.8159579569979,689.3944702148438,736000
KLAC,2025-04-29,679.3673904929627,691.0142840704336,677.4891605871198,683.6604614257812,726100
KLAC,2025-04-30,672.7787734651464,700.5942406722132,669.9962441400786,698.30859375,1172300
KLAC,2025-05-01,684.9026594183582,688.7186819892017,670.5526943879516,672.093017578125,1463500
KLAC,2025-05-02,689.9211692583034,703.4264587338191,688.5894978215551,693.8067626953125,851800
KLAC,2025-05-05,686.7113582785083,697.2352933412333,682.8356513713236,688.9671630859375,811900
KLAC,2025-05-06,676.614617340494,685.6976412321768,673.3848820738207,675.18359375,905400
KLAC,2025-05-07,676.2469433755048,692.1173974653627,671.0595206607604,690.0205078125,962800
KLAC,2025-05-08,698.9346327258701,706.0698563674013,688.480208124305,698.944580078125,906900
KLAC,2025-05-09,701.7370813339307,706.86488094745,692.3857207205629,696.827880859375,955000
KLAC,2025-05-12,740.3546996919629,758.0436991778474,736.98582281009,755.7282104492188,2110300
KLAC,2025-05-13,755.2611996325774,793.044154318401,750.9383472912516,790.9373779296875,1804800
KLAC,2025-05-14,781.8443848793551,800.3681736139591,781.8443848793551,799.9805908203125,1171400
KLAC,2025-05-15,792.2988790024081,805.5556674259565,790.6094667168273,800.9744262695312,1129800
KLAC,2025-05-16,802.0973854368195,802.0973854368195,779.191118997406,786.2368774414062,1132000
KLAC,2025-05-19,777.6898756418244,786.5357554038515,772.041682004784,783.985595703125,1142000
KLAC,2025-05-20,776.6339223335539,787.8207464995702,774.1933254116873,787.2529296875,949200
KLAC,2025-05-21,775.3289207294087,796.6466439718804,772.2009731685881,775.946533203125,1236700
KLAC,2025-05-22,763.5145331266496,778.7557234062499,759.0716509194041,764.5604858398438,682500
KLAC,2025-05-23,744.8764710543484,758.1751440107039,742.0075337441127,754.26025390625,941900
KLAC,2025-05-27,771.732880058637,789.1357152135673,765.6463140383503,786.0277099609375,1292500
KLAC,2025-05-28,786.0277196511626,793.2398873340135,773.2071826258608,774.5121459960938,905700
KLAC,2025-05-29,789.932622334607,791.7456355174095,765.7260174356385,770.9956665039062,932300
KLAC,2025-05-30,769.8102963816348,770.5772959877437,737.5945497075779,753.9713745117188,1717700
KLAC,2025-06-02,749.5086145277347,761.711538810087,749.0703029786303,759.510009765625,864600
KLAC,2025-06-03,759.1214666665514,776.5941002100232,753.4334488318719,772.8086547851562,943200
KLAC,2025-06-04,778.6163082377313,783.9059000107819,770.6271088333839,779.0845336914062,839500
KLAC,2025-06-05,785.3801339635992,793.4490423529892,774.432377978085,788.8468017578125,1618900
KLAC,2025-06-06,798.1608660659651,810.8419258729878,796.6965443848236,804.8948974609375,996300
KLAC,2025-06-09,807.8833374659337,831.791105775653,807.8833374659337,826.10302734375,1529800
KLAC,2025-06-10,826.1030218271031,853.8659127273186,823.582776217595,853.2981567382812,1515500
KLAC,2025-06-11,861.7555361925666,870.1730752137549,855.4996408914138,868.64892578125,1650400
KLAC,2025-06-12,863.1700554896763,875.7813765764193,863.1700554896763,871.6373901367188,1091700
KLAC,2025-06-13,855.6989066823393,873.0818593798365,853.646825589607,864.3355712890625,1832200
KLAC,2025-06-16,872.6335654098277,889.877041307991,872.2550208712869,888.9506225585938,1619400
KLAC,2025-06-17,886.5797661827232,911.3143625263488,884.3084989457421,889.5682373046875,1334000
KLAC,2025-06-18,891.4509815176546,894.698463172107,863.9769535336975,867.8121337890625,1431500
KLAC,2025-06-20,880.4334681838357,880.4334681838357,831.6416564335806,846.7334594726562,2347800
KLAC,2025-06-23,849.6422460180438,856.316510349977,837.9473720898584,852.9893798828125,1427700
KLAC,2025-06-24,867.8918526779067,887.147585349093,866.2183161412323,885.613525390625,1145100
KLAC,2025-06-25,891.5705205069362,899.4700385239624,884.3284393828719,890.0264892578125,772000
KLAC,2025-06-26,894.0210211640039,903.7734374070059,889.8670633701252,899.4700317382812,864700
KLAC,2025-06-27,901.5221171593518,904.4607925743006,881.2403745079993,886.4502563476562,1175500
KLAC,2025-06-30,887.7353130601225,894.7980934809432,880.9415753066068,892.2977294921875,786700
KLAC,2025-07-01,885.364503831051,901.5121709134271,878.9093647169899,895.395751953125,1079100
KLAC,2025-07-02,884.7966822737818,918.4070116787835,881.658763221198,917.5602416992188,1051000
KLAC,2025-07-03,916.464439387631,924.4536379784843,912.5296070801406,921.02685546875,489400
KLAC,2025-07-07,913.4362024097476,919.9510477137866,902.4286182227177,909.1128540039062,901200
KLAC,2025-07-08,907.4194082326285,923.8161759818731,904.7796283987916,915.6875,862500
KLAC,2025-07-09,915.6874593556693,928.3785513150124,911.9917555922169,919.6322631835938,601000
KLAC,2025-07-10,919.3434309348336,928.5877371092207,915.8369385235468,925.0513916015625,798200
KLAC,2025-07-11,921.9433028839702,926.6053103447833,917.669811245041,921.02685546875,570500
KLAC,2025-07-14,913.1971050766961,923.1985612462389,902.7773407510493,918.2974853515625,567800
KLAC,2025-07-15,930.4106627768782,938.7186391303832,926.0774040317226,932.9309692382812,746200
KLAC,2025-07-16,909.6109343747532,932.7815574359214,893.9314318989566,929.9026489257812,1226900
KLAC,2025-07-17,920.459041483793,939.3461393362591,906.5028721525574,933.4788208007812,1135300
KLAC,2025-07-18,942.235064542532,942.235064542532,921.2659707885113,927.541748046875,682000
KLAC,2025-07-21,924.8920015449004,941.37838865165,922.0928026512504,934.15625,673700
KLAC,2025-07-22,935.0627050698724,935.0627050698724,886.5797593016673,888.7911987304688,1619800
KLAC,2025-07-23,895.9337272398433,896.5413684641021,876.4289546662,893.642578125,1207500
KLAC,2025-07-24,898.3443739199411,908.8139940930967,890.7636334705148,900.7052612304688,549700
KLAC,2025-07-25,888.9108206828905,901.522142352933,884.6572105660935,898.6233520507812,808000
KLAC,2025-07-28,913.8346286852612,928.3586156873932,911.483712608819,919.6024169921875,839900
KLAC,2025-07-29,925.0214818999302,933.3692218626852,911.5832725121935,912.5695190429688,1027200
KLAC,2025-07-30,919.1043292786716,924.2544442185579,909.8699339410889,921.435302734375,1058200
KLAC,2025-07-31,861.1279304262138,893.7421008635781,856.6950196180704,875.6519165039062,2284100
KLAC,2025-08-01,852.9097031362604,890.7237869398921,851.9932556478176,883.2327270507812,1474600
KLAC,2025-08-04,893.3038395847673,914.2530516477487,887.5759365152246,912.101318359375,1064500
KLAC,2025-08-05,913.476017855449,918.4468318232073,872.5937542771576,880.0150756835938,1178300
KLAC,2025-08-06,880.0151140804365,885.70319299105,865.8796424456458,884.866455078125,935000
KLAC,2025-08-07,908.8937128235862,914.0040033321127,901.5021837680052,908.5549926757812,717200
KLAC,2025-08-08,909.4914142789308,914.4124326874477,902.1995371553428,911.2844848632812,719500
KLAC,2025-08-11,918.6062829351421,929.7532831808633,904.152033861492,906.6822509765625,814000
KLAC,2025-08-12,910.1687468907858,935.6504607148179,903.9925611513398,931.934814453125,1027900
KLAC,2025-08-13,936.3876273762107,948.690142628413,933.94703044261,945.8311767578125,900700
KLAC,2025-08-14,938.0411833960254,955.5735832544722,931.3270948759218,951.7383422851562,1005300
KLAC,2025-08-15,920.6782594513237,920.6782594513237,869.804508927043,871.5776977539062,2064500
KLAC,2025-08-18,871.5776390107825,882.2797147320838,868.9720253758748,881.9103393554688,853800
KLAC,2025-08-19,881.9103018551677,887.7604715022857,872.6658029677378,874.612548828125,986700
KLAC,2025-08-20,877.0585039914537,878.7556077692909,858.7691824189726,876.9686279296875,978500
KLAC,2025-08-21,874.9719760852755,879.8138280210294,865.1684171540205,870.9287719726562,730500
KLAC,2025-08-22,870.9287778260465,892.332868667694,867.7740366440158,868.8223266601562,946300
KLAC,2025-08-25,868.8122970914671,885.2646732112252,864.5694159399051,878.0767211914062,469300
KLAC,2025-08-26,879.7939107362346,891.384449605893,879.7939107362346,886.6124267578125,812300
KLAC,2025-08-27,884.4061480496662,889.1381987959885,878.5160061819867,887.401123046875,528500
KLAC,2025-08-28,891.5142314609066,895.4975385217858,883.5176383408924,892.5025634765625,964200
KLAC,2025-08-29,880.0234548236251,883.5175921938835,863.361408754991,870.5393676757812,954300
KLAC,2025-09-02,844.4232174618617,851.4214243015537,835.3284306973967,844.9323120117188,1241600
KLAC,2025-09-03,846.2401621330594,846.2401621330594,830.8460073405755,842.4865112304688,933600
KLAC,2025-09-04,841.7876446152782,875.1915598177624,837.5946674664067,871.8272094726562,813400
KLAC,2025-09-05,878.1565989175881,904.7419977639643,876.8687816411395,903.573974609375,1155600
KLAC,2025-09-08,908.475769516505,922.8017092010957,905.2212201973209,907.4574584960938,886500
KLAC,2025-09-09,909.2244602784979,921.2043598374789,908.7053117990743,916.1927490234375,677800
KLAC,2025-09-10,920.3158307669676,933.663430575123,913.3675280593084,931.0678100585938,712800
KLAC,2025-09-11,938.4254828768421,962.27548131556,935.909684424212,957.6732177734375,1022100
KLAC,2025-09-12,955.8761890256454,966.4684634464192,953.4003625564943,962.4052734375,583900
KLAC,2025-09-15,965.3702732975664,988.3417410897378,965.3702732975664,987.2535400390625,845600
KLAC,2025-09-16,991.8358514332451,1000.3615246873686,973.4267366653505,988.9107666015625,776100
KLAC,2025-09-17,988.7211306032211,998.3250123473689,974.6347793029013,988.2119750976562,723900
KLAC,2025-09-18,1029.103347219817,1074.986448485969,1024.0718719353567,1044.936767578125,1824700
KLAC,2025-09-19,1050.1380262084106,1050.7170108005027,1027.595771123829,1043.0599365234375,1586900
KLAC,2025-09-22,1037.1499051269739,1071.172778280502,1035.7622187112565,1069.4556884765625,1020700
KLAC,2025-09-23,1066.061275432992,1073.7184716851907,1059.013164643345,1069.4056396484375,829500
KLAC,2025-09-24,1064.5338436769468,1074.197683146297,1055.8684510577764,1066.8800048828125,868000
KLAC,2025-09-25,1056.8367582592698,1065.2027261956173,1044.0482790494873,1057.325927734375,710500
KLAC,2025-09-26,1054.77030568013,1066.8699994749254,1044.4076875886087,1062.50732421875,505400
KLAC,2025-09-29,1075.3757235267306,1083.7815416136634,1061.3991742232895,1062.3475341796875,769700
KLAC,2025-09-30,1062.01819788376,1078.0612272263506,1055.2993681770104,1076.7933349609375,886300
KLAC,2025-10-01,1073.3791157880844,1132.3201402970024,1067.9881364718342,1126.9791259765625,1188100
KLAC,2025-10-02,1153.065309427442,1153.065309427442,1125.3318132567886,1137.3516845703125,924900
KLAC,2025-10-03,1126.1106036437911,1130.5132510304736,1097.3289376723656,1099.7049560546875,953600
KLAC,2025-10-06,1119.801196875447,1150.1901502198214,1119.801196875447,1137.8009033203125,946000
KLAC,2025-10-07,1138.8992490215815,1140.1271693240174,1081.1860198802863,1082.923095703125,878400
KLAC,2025-10-08,1061.7285614056811,1075.525358386862,1057.236099198035,1060.81005859375,1476000
KLAC,2025-10-09,1060.81016377152,1064.713648776956,1035.5026485324104,1051.7054443359375,1247700
KLAC,2025-10-10,1050.527440489961,1052.5041044674222,979.3268341097145,981.1038818359375,1576000
KLAC,2025-10-13,1014.5477981939549,1032.168259111403,1013.2000837946157,1023.2831420898438,1227000
KLAC,2025-10-14,996.8774025167652,1040.7138258385958,996.8774025167652,1023.9918823242188,1055700
KLAC,2025-10-15,1055.3092897383367,1091.0593645397773,1052.17453478491,1085.189208984375,1313700
KLAC,2025-10-16,1098.3073091475985,1115.1290615761823,1077.9814261048118,1096.9595947265625,1031100
KLAC,2025-10-17,1096.5102571046418,1107.6216194089184,1082.274132625212,1104.806396484375,879100
KLAC,2025-10-20,1128.167147645608,1159.2350151090345,1124.6130523401248,1150.9588623046875,1078500
KLAC,2025-10-21,1138.8991503137124,1154.3830582478927,1136.6827762957603,1145.508056640625,744700
KLAC,2025-10-22,1145.5081401189982,1145.5081401189982,1088.5136765459752,1112.4534912109375,1361400
KLAC,2025-10-23,1104.8064175993204,1161.151824091546,1104.8064175993204,1157.0587158203125,946600
KLAC,2025-10-24,1164.046971921928,1189.2646716461081,1158.6559924472333,1180.8387451171875,825500
KLAC,2025-10-27,1197.9899430851553,1219.1543833333242,1197.9899430851553,1213.0946044921875,971100
KLAC,2025-10-28,1204.6588400718183,1207.6338290126573,1193.7870664194675,1204.0198974609375,665400
KLAC,2025-10-29,1223.9364592359918,1257.440304792785,1222.4189857346853,1233.2109375,1463500
KLAC,2025-10-30,1232.1526086724687,1282.3184381481647,1170.845560334232,1212.3758544921875,2037700
KLAC,2025-10-31,1221.700199798061,1238.292356166037,1198.8385332795394,1206.71533203125,885200
KLAC,2025-11-03,1214.10292552531,1229.017841858976,1205.4474042928473,1217.097900390625,905500
KLAC,2025-11-04,1196.1929162830645,1227.4205502263424,1189.4343586827108,1191.4908447265625,1201400
KLAC,2025-11-05,1201.534075560622,1241.0577273021534,1199.5174396072953,1225.0445556640625,901100
KLAC,2025-11-06,1221.0014076436726,1221.0014076436726,1189.783766222306,1204.3792724609375,1178800
KLAC,2025-11-07,1197.8801922123373,1206.2960036706627,1158.1767876845977,1191.37109375,1142100
KLAC,2025-11-10,1218.8948941766503,1224.775043181635,1199.717109496199,1215.909912109375,948100
KLAC,2025-11-11,1201.0847897584092,1208.672035427132,1183.0151315318096,1188.9052734375,911800
KLAC,2025-11-12,1206.0963678460103,1207.8334435588938,1190.8519259296327,1196.961669921875,824600
KLAC,2025-11-13,1185.1714983042357,1190.7720867279947,1146.7858303215369,1159.7740478515625,1203500
KLAC,2025-11-14,1133.6379709516266,1173.2514373598344,1125.1820658710983,1132.419921875,1444600
KLAC,2025-11-17,1139.9000244140625,1155.8499755859375,1118.1099853515625,1133.699951171875,1326500
KLAC,2025-11-18,1114.43994140625,1140.43994140625,1097.8900146484375,1123.0899658203125,1151900
KLAC,2025-11-19,1131.9000244140625,1177.3900146484375,1129.489990234375,1167.4599609375,960000
KLAC,2025-11-20,1187.9599609375,1201.489990234375,1097.5799560546875,1102.449951171875,1171900
KLAC,2025-11-21,1097.0,1110.8299560546875,1071.9599609375,1097.1199951171875,1438400
KLAC,2025-11-24,1104.9000244140625,1147.969970703125,1103.0,1136.72998046875,1579600
KLAC,2025-11-25,1130.18994140625,1148.47998046875,1107.4200439453125,1145.8900146484375,944200
KLAC,2025-11-26,1157.75,1167.27001953125,1144.8699951171875,1159.0699462890625,1125700
KLAC,2025-11-28,1168.8900146484375,1175.97998046875,1151.0,1175.469970703125,389300
KLAC,2025-12-01,1165.0,1175.739990234375,1151.219970703125,1157.1800537109375,609100
KLAC,2025-12-02,1170.5,1197.9000244140625,1163.699951171875,1189.8599853515625,953300
KLAC,2025-12-03,1186.0,1215.9599609375,1166.219970703125,1211.75,810400
KLAC,2025-12-04,1202.56005859375,1217.06005859375,1197.81005859375,1208.0799560546875,703200
KLAC,2025-12-05,1224.0,1240.0,1212.3199462890625,1214.4599609375,681900
KLAC,2025-12-08,1232.5699462890625,1242.4000244140625,1219.199951171875,1224.5899658203125,819800
KLAC,2025-12-09,1215.72998046875,1233.5999755859375,1211.6300048828125,1225.6099853515625,782700
KLAC,2025-12-10,1230.8699951171875,1253.699951171875,1220.800048828125,1238.9100341796875,711900
KLAC,2025-12-11,1229.280029296875,1250.68994140625,1191.0,1246.1800537109375,922300
KLAC,2025-12-12,1230.050048828125,1239.6500244140625,1185.1800537109375,1193.9200439453125,1143900
KLAC,2025-12-15,1229.030029296875,1255.0,1215.3399658203125,1225.1099853515625,1258400
KLAC,2025-12-16,1237.010009765625,1240.0,1207.4100341796875,1223.3699951171875,735500
KLAC,2025-12-17,1223.0,1233.56005859375,1169.3900146484375,1172.02001953125,913800
KLAC,2025-12-18,1223.0,1233.0,1211.0,1222.3900146484375,1056500
KLAC,2025-12-19,1240.010009765625,1263.5699462890625,1239.6099853515625,1245.6700439453125,2156100
KLAC,2025-12-22,1276.3699951171875,1278.0,1249.8900146484375,1265.6600341796875,604500
KLAC,2025-12-23,1259.010009765625,1272.0899658203125,1257.5400390625,1268.75,600700
KLAC,2025-12-24,1269.3800048828125,1279.1800537109375,1265.0,1276.989990234375,210300
KLAC,2025-12-26,1283.0,1286.81005859375,1275.260009765625,1279.5999755859375,337400
KLAC,2025-12-29,1273.0899658203125,1286.0699462890625,1256.72998046875,1260.3900146484375,641500
KLAC,2025-12-30,1266.7900390625,1267.6099853515625,1241.22998046875,1243.6500244140625,384300
KLAC,2025-12-31,1243.6500244140625,1250.9300537109375,1214.0899658203125,1215.0799560546875,608000
KLAC,2026-01-02,1259.7099609375,1283.989990234375,1250.550048828125,1274.469970703125,832100
KLAC,2026-01-05,1309.969970703125,1371.8900146484375,1304.0,1352.449951171875,1319900
KLAC,2026-01-06,1369.31005859375,1406.969970703125,1365.280029296875,1395.0,1141400
KLAC,2026-01-07,1369.0699462890625,1380.0,1352.5400390625,1359.68994140625,904500
KLAC,2026-01-08,1351.27001953125,1353.81005859375,1309.199951171875,1324.5999755859375,948500
KLAC,2026-01-09,1357.4200439453125,1404.4599609375,1336.0,1400.0,1102400
KLAC,2026-01-12,1386.6300048828125,1432.25,1386.6300048828125,1428.1700439453125,855600
KLAC,2026-01-13,1461.0,1469.8599853515625,1433.199951171875,1441.8199462890625,996600
KLAC,2026-01-14,1430.8699951171875,1434.7900390625,1396.0999755859375,1434.5,896500
KLAC,2026-01-15,1538.0,1571.489990234375,1525.0,1544.9599609375,1657600
KLAC,2026-01-16,1574.6700439453125,1581.3399658203125,1535.0999755859375,1567.8199462890625,1531700
KLAC,2026-01-20,1525.4000244140625,1555.260009765625,1484.3399658203125,1486.1800537109375,1734000
KLAC,2026-01-21,1507.25,1541.25,1480.43994140625,1520.0,1499900
KLAC,2026-01-22,1549.1400146484375,1556.5799560546875,1497.8800048828125,1500.0,1026000
KLAC,2026-01-23,1484.22998046875,1512.969970703125,1451.8199462890625,1512.780029296875,1010200
KLAC,2026-01-26,1512.43994140625,1556.719970703125,1490.550048828125,1543.030029296875,1259900
KLAC,2026-01-27,1561.5,1618.18994140625,1555.0,1616.3299560546875,1174200
