ticker,date,open,high,low,close,volume
MA,2020-01-02,290.06985878450377,293.0337029445561,289.1430645565592,292.8985595703125,3272400
MA,2020-01-03,289.10452697585396,291.9621900248803,288.27428031398244,290.0409851074219,2501300
MA,2020-01-06,287.0770655439134,290.9097812985156,285.7834072325356,290.8132629394531,3307200
MA,2020-01-07,291.3056427619444,292.8889447330587,289.5099768048273,289.82855224609375,3182000
MA,2020-01-08,290.76617039834053,296.7307663919892,290.50517009288933,294.9423522949219,3224400
MA,2020-01-09,298.016466673456,300.58791112609407,297.76511338437143,298.8091735839844,3292600
MA,2020-01-10,301.2066267386096,301.56433319620555,298.46118173651973,300.810302734375,2948000
MA,2020-01-13,302.83075865137323,305.1315269007113,302.48272865909956,304.7158203125,3236400
MA,2020-01-14,305.653417715963,305.88544746122415,299.5438222849256,300.2978820800781,4951400
MA,2020-01-15,301.79642664196,305.21857956416943,300.68471888096536,303.787841796875,4664200
MA,2020-01-16,306.9295837585119,309.66535257951244,304.5031388684549,309.6363525390625,3323300
MA,2020-01-17,310.728723048571,313.2421679506428,308.61163168311833,312.8844909667969,4821000
MA,2020-01-21,311.6761273270639,314.8179262858659,310.78674356419015,311.21209716796875,5998600
MA,2020-01-22,314.13146301117274,315.9102004164464,313.32907965077214,313.51275634765625,3518500
MA,2020-01-23,314.1798154652879,314.421492246415,311.58904745197935,314.1604919433594,4188300
MA,2020-01-24,315.697610311145,316.20028748701094,310.9510739239011,312.8941650390625,3634700
MA,2020-01-27,304.6094333166127,308.72758577473036,302.09598878957115,305.2571105957031,4367500
MA,2020-01-28,305.2861175036931,310.815683787051,304.95744060067767,309.6072998046875,3486200
MA,2020-01-29,312.24640771567283,313.6384683640657,306.2238115840625,309.6556396484375,4389400
MA,2020-01-30,308.37968341515466,313.8899278034519,307.42265245885164,313.65789794921875,3512100
MA,2020-01-31,312.3817819837439,313.65781307968916,304.02941752903246,305.4214782714844,5586800
MA,2020-02-03,308.1862537653195,314.6438804963588,307.8285768097246,313.7158203125,4240100
MA,2020-02-04,317.31201253452883,320.69548827457453,315.4269508945865,318.1627197265625,4158200
MA,2020-02-05,323.84690971418587,323.84690971418587,313.3774837927699,317.3893127441406,3868000
MA,2020-02-06,318.3560839857882,320.2024986364141,316.77066970926694,318.33673095703125,3422000
MA,2020-02-07,317.079957921206,318.86837212076915,315.02086688884583,316.1132507324219,2584200
MA,2020-02-10,314.77922854453806,319.2840881347656,314.67290490153334,319.2840881347656,3848100
MA,2020-02-11,323.8469235318534,324.34960067319076,318.6847104402199,319.90277099609375,3449300
MA,2020-02-12,319.8061435080864,323.31529602844785,318.2594057950518,323.0349426269531,2451000
MA,2020-02-13,321.24649058091285,326.5827040915359,321.0724903526627,324.6589660644531,3001000
MA,2020-02-14,326.224987889846,329.6858160216311,325.80931089404976,329.59881591796875,2716300
MA,2020-02-18,330.2465954958866,331.6773331474216,329.05756420926133,329.8792419433594,3597300
MA,2020-02-19,332.5376233418759,335.67942195969255,331.22291561947907,333.0886535644531,3040300
MA,2020-02-20,334.2293308252127,335.6890681068683,326.91137989702895,332.9822998046875,4316000
MA,2020-02-21,331.14559531229526,332.441009139771,324.4366438546259,328.3905029296875,4997100
MA,2020-02-24,306.9392724354278,318.3754078633863,303.3914433381072,313.86090087890625,7816000
MA,2020-02-25,310.6417324403059,312.4688234698048,290.74690840575107,292.8059997558594,12715700
MA,2020-02-26,291.9456767874833,297.63959835313324,287.9725229628192,288.1175231933594,9403300
MA,2020-02-27,275.5405533019598,287.5470697618134,271.5867243759807,276.30426025390625,13814600
MA,2020-02-28,265.7380954141534,280.72205357715603,264.4426821019183,280.5867004394531,12846000
MA,2020-03-02,288.9390832482329,296.7403866911997,279.8036898594779,296.5277099609375,9688100
MA,2020-03-03,304.11644848304394,304.11644848304394,281.14747340449975,282.2785339355469,8051100
MA,2020-03-04,289.15178065566187,292.7189326359018,283.00353693458806,292.2935791015625,6463800
MA,2020-03-05,285.86499503190817,288.76511680620405,278.64369063384885,281.0508117675781,6621300
MA,2020-03-06,273.27846857462276,279.23338863779065,269.34396307727843,277.45465087890625,7061500
MA,2020-03-09,256.1774172376264,269.9433188215178,252.4845885200899,253.28697204589844,8498300
MA,2020-03-10,267.21723568427797,271.51906532083643,254.1086580043078,271.22906494140625,8131400
MA,2020-03-11,263.8627905948028,264.91649809651113,254.54371731122234,260.77899169921875,8366800
MA,2020-03-12,236.38893023082758,253.7509847362651,232.90877811909183,233.45980834960938,15031500
MA,2020-03-13,250.16446776820973,261.03992288710634,237.32659837236574,261.0205993652344,9934900
MA,2020-03-16,226.683196191554,249.1494787677352,221.62730647887983,227.8045654296875,12111500
MA,2020-03-17,232.4737725931874,242.16018408688194,224.23743683283215,229.96034240722656,12665200
MA,2020-03-18,214.93770798146,221.4726590873673,206.1213416974945,220.3415985107422,11352800
MA,2020-03-19,216.55207958447764,230.55967254765423,204.50691585353684,219.58753967285156,9126400
MA,2020-03-20,228.16222757440775,228.16222757440775,203.00850319159278,204.3812255859375,10518600
MA,2020-03-23,196.51226267554432,208.49942753383758,193.3318020855812,196.53160095214844,11588700
MA,2020-03-24,208.73141104942562,230.50166071824916,207.84204222025124,229.17727661132812,11654800
MA,2020-03-25,239.64673584742968,257.4341444213338,232.35776923257862,247.94110107421875,12642700
MA,2020-03-26,249.31375641693685,256.96041315576474,244.2095440838737,254.41796875,9957900
MA,2020-03-27,241.90881212531926,247.54471680354786,236.55324604137118,239.405029296875,7819300
MA,2020-03-30,237.66499079938387,245.78532605486586,236.50493026221574,244.81861877441406,5765800
MA,2020-03-31,244.05492515561585,244.9829558792491,233.05379164501932,233.51780700683594,10373900
MA,2020-04-01,223.25134599925354,229.2062654345522,219.53919417625443,220.99891662597656,6646200
MA,2020-04-02,220.7862535248849,231.40069429234904,219.780884542224,230.92701721191406,6446600
MA,2020-04-03,229.09027252875845,231.89373231310802,222.64233715092678,229.13861083984375,4163000
MA,2020-04-06,243.61021959023319,258.21715153269093,241.68646691096546,257.08612060546875,8636700
MA,2020-04-07,272.23439460178173,273.4524550881989,249.87448232589634,250.45448303222656,8627300
MA,2020-04-08,254.16275269522203,263.2348020005092,250.67721908907097,262.3343811035156,5690100
MA,2020-04-09,266.3813640398669,267.22369487224245,259.20698520796213,260.83355712890625,6662900
MA,2020-04-13,259.6717856313964,260.1558866265726,247.61765903263657,254.96630859375,7114400
MA,2020-04-14,261.29837763066337,266.87523097164404,260.64000731879264,262.1116638183594,6354400
MA,2020-04-15,252.22632185151937,254.5887371831157,247.49179971286875,248.96348571777344,10240700
MA,2020-04-16,250.17373759192157,250.17373759192157,236.92872609279283,238.9135284423828,11455400
MA,2020-04-17,250.03822795610643,252.41033525801126,243.51253955368566,251.7035369873047,10412100
MA,2020-04-20,246.41711029024896,248.46970878110884,241.73101568830845,243.7255096435547,6042700
MA,2020-04-21,238.80706718124887,241.4599465328601,236.3381633853606,237.5484161376953,5964600
MA,2020-04-22,243.46410058945403,250.37706282280047,243.01872113400756,248.7407989501953,5083200
MA,2020-04-23,251.14193355712814,254.0755844655477,247.15293122987754,247.7241668701172,4270600
MA,2020-04-24,250.21245918555059,251.56793620297088,244.79053634227793,250.531982421875,3824200
MA,2020-04-27,251.945513601409,257.2706243473446,251.25809848741645,256.689697265625,4099900
MA,2020-04-28,261.80183960818755,263.98029431386306,254.5984136843126,256.186279296875,4344000
MA,2020-04-29,269.5959709049482,275.9376848250325,267.4756052788331,274.6693420410156,8505000
MA,2020-04-30,269.57650296720186,272.67476149866815,264.7161390738074,266.2265319824219,5898900
MA,2020-05-01,260.1559037875053,265.2776713803526,258.7132626346354,260.1946105957031,5067800
MA,2020-05-04,257.0576404901128,261.48233088478776,254.64682687620748,260.6980895996094,3747100
MA,2020-05-05,268.03707985705546,269.01497348437226,264.60963597032827,265.2680358886719,3926200
MA,2020-05-06,268.1532092880854,268.1532092880854,262.9152330856987,263.7769470214844,3261900
MA,2020-05-07,268.9761870113479,273.4686583362875,268.42430479694144,269.6152038574219,4371400
MA,2020-05-08,274.38848067413085,274.4078636271365,270.61249823608745,273.4590148925781,3215400
MA,2020-05-11,270.61253604721253,273.8172832158749,268.8020025192769,272.28753662109375,4056900
MA,2020-05-12,271.53225853563293,273.3524534479596,263.4574279785156,263.4574279785156,4031400
MA,2020-05-13,263.64145802721623,267.2915993807499,255.78935204662054,260.601318359375,4802100
MA,2020-05-14,261.6082533368236,268.7342075389707,255.56665135327825,268.4921569824219,6294200
MA,2020-05-15,267.2625321493271,270.26396475060574,264.599976213016,270.0703125,3813300
MA,2020-05-18,276.3829733668698,282.80215825371914,275.93760865768655,280.6817932128906,6037800
MA,2020-05-19,279.9750500101342,288.34999333516464,278.34844781856043,281.4854431152344,5211800
MA,2020-05-20,286.3457021790655,291.5739863516825,285.9971636895732,289.2987060546875,4592200
MA,2020-05-21,289.8506353699712,290.3928261399597,283.44114269482253,284.90313720703125,3944100
MA,2020-05-22,285.67772563458936,287.36238793003974,283.6929230347124,285.5325012207031,2897000
MA,2020-05-26,294.93371185244155,295.30163336910636,292.33893737842374,293.6847229003906,5246900
MA,2020-05-27,294.3334203072974,295.0402184338364,282.83117533879215,290.2379150390625,5147900
MA,2020-05-28,291.40943484102877,300.1426058317953,289.33746847618926,292.68743896484375,4520800
MA,2020-05-29,292.39704737450865,294.7497714921912,289.36656993741536,291.3223571777344,4930100
MA,2020-06-01,291.23517391663955,293.42332007307533,288.42739379338667,291.81610107421875,2841800
MA,2020-06-02,295.2919087303698,296.3762902068531,292.09685405521856,293.9364318847656,4131300
MA,2020-06-03,295.7663181860265,298.31266428709375,292.60027915770695,297.3057556152344,3429700
MA,2020-06-04,295.72757593223156,296.8700470258583,289.8215387277218,291.7869873046875,4147700
MA,2020-06-05,297.05400857922575,302.25324780971,295.9308908824813,301.9627990722656,5058200
MA,2020-06-08,301.16899842322664,303.6088575283568,297.28649783086695,300.5396728515625,3724300
MA,2020-06-09,299.9296487766113,303.5023169301299,298.3999024419262,301.58526611328125,3314800
MA,2020-06-10,302.4565999921022,306.0098843513484,300.4233701311964,303.1924133300781,4089000
MA,2020-06-11,295.3113314095229,296.7442516045765,281.8049003215627,281.9888610839844,6505300
MA,2020-06-12,289.2891862293545,290.4510113122031,281.6403936319701,288.32098388671875,4512200
MA,2020-06-15,280.7786197659049,289.41499582981044,279.56836709450016,287.72064208984375,5932900
MA,2020-06-16,296.1826171905098,299.2614918336544,290.56702900311564,294.798095703125,4013100
MA,2020-06-17,295.3016047045453,297.7027562584719,293.44264389712157,294.1010437011719,2566400
MA,2020-06-18,292.232413469497,295.39845310181425,290.94471773618335,295.1564025878906,2776600
MA,2020-06-19,299.6585894065201,299.6585894065201,287.07196044921875,287.07196044921875,4533500
MA,2020-06-22,290.07330559497746,295.25319185594066,288.26277270432854,294.7593994140625,3489200
MA,2020-06-23,297.2670810908687,300.5589622274127,294.7400878646901,297.1218566894531,3801500
MA,2020-06-24,295.3016653311356,295.8051198284838,283.74132892128284,284.6611328125,5086000
MA,2020-06-25,284.80629106975726,288.90179598273744,281.42727569666886,288.53387451171875,3294800
MA,2020-06-26,287.43983938796237,288.63070904093,279.9750095945076,280.13958740234375,4922500
MA,2020-06-29,282.0759190732688,283.8283620309071,276.0827473506317,283.6153564453125,3642200
MA,2020-06-30,283.77034051963443,287.1687392328759,281.75649321927267,286.29736328125,4283500
MA,2020-07-01,286.54912050605725,293.6266763642598,285.73583418763474,291.5934753417969,3801300
MA,2020-07-02,294.65295106605834,297.131575785075,291.72899117275944,292.8037109375,3290100
MA,2020-07-06,296.89919149235925,297.547899951328,293.5298668285869,295.8535461425781,3013300
MA,2020-07-07,293.5492064462983,298.002942158102,289.8797120967888,290.3735046386719,3633100
MA,2020-07-08,291.7308138813326,292.3416006115022,288.3278761484714,290.9939880371094,4115000
MA,2020-07-09,290.4801361490116,291.5465867461722,281.69651233478425,285.60357666015625,5042800
MA,2020-07-10,285.03159448776233,287.90129205276594,282.607856439397,286.66033935546875,3030900
MA,2020-07-13,288.77384143126795,289.51066729018874,281.17300220935107,281.328125,4853700
MA,2020-07-14,283.0926233723704,289.9760458169049,279.8448082485427,289.83062744140625,4795900
MA,2020-07-15,293.7570453610077,297.4120316108417,292.19617229186747,296.3940734863281,5257300
MA,2020-07-16,293.72792066864577,294.270835537453,289.7917730764728,290.2183532714844,3312100
MA,2020-07-17,292.5257574787418,295.92866504803925,290.2765218204961,294.78466796875,3169800
MA,2020-07-20,292.7099556465212,305.38123334003706,292.7099556465212,302.44366455078125,5279400
MA,2020-07-21,303.45197306159065,304.4699311046161,296.9563439121965,298.2167053222656,3562100
MA,2020-07-22,298.7305241861531,304.00457979626253,298.7305241861531,303.8106689453125,3303100
MA,2020-07-23,303.9852153676811,307.562655107844,299.3025664582427,300.4465637207031,3118500
MA,2020-07-24,297.1308843664722,301.25123875595904,295.25006140763367,297.5574645996094,2500300
MA,2020-07-27,297.6931531345921,300.5434710006913,296.68486997987856,299.438232421875,2311600
MA,2020-07-28,299.0892299235063,300.7373833817285,296.6945759105072,296.98541259765625,2116300
MA,2020-07-29,295.2112427235849,302.15283083194856,294.8428298707242,299.86480712890625,3542400
MA,2020-07-30,294.7264992920712,303.277452852589,293.79579231540845,299.573974609375,3941600
MA,2020-07-31,300.54344494229474,300.63069594042975,296.2873477623317,299.1182861328125,4684400
MA,2020-08-03,301.5129498350524,303.93668737391937,299.86479647396686,303.054443359375,3907800
MA,2020-08-04,302.96720071536095,306.05989226719464,301.6099135734843,304.799560546875,3409200
MA,2020-08-05,306.71918173914594,319.6231600655663,306.23443415487276,317.9944152832031,5677200
MA,2020-08-06,317.41265539210855,321.11613337317704,315.95841289985395,320.069091796875,4839800
MA,2020-08-07,317.99438417745114,318.3143045336537,314.04853212665034,318.0137634277344,3662500
MA,2020-08-10,317.2091619237313,319.6813630444493,312.04173553083206,313.0306396484375,3752100
MA,2020-08-11,315.0859534151328,324.3446211346726,313.7092571543944,318.5179748535156,5273300
MA,2020-08-12,318.63425991183516,321.2906669913936,316.2493102740809,317.63568115234375,3125900
MA,2020-08-13,315.9876068042696,319.7686326858835,315.6870656179522,316.23968505859375,2526700
MA,2020-08-14,315.73548901858686,317.64539559008625,314.90170782961934,316.83099365234375,1444900
MA,2020-08-17,317.02495273763174,321.1259283737795,316.71470715097684,320.15643310546875,2904100
MA,2020-08-18,320.12733922871195,321.2907157616206,316.3947766473393,320.9029235839844,3021700
MA,2020-08-19,319.97222874200116,324.25738128759554,319.93344064675233,322.2602233886719,3421000
MA,2020-08-20,320.1175557450982,327.6893093122761,320.1175557450982,327.0300598144531,2966000
MA,2020-08-21,327.68934264812003,328.46492689073676,325.7212687855038,326.8168029785156,2680900
MA,2020-08-24,329.0078505875359,333.34149496880747,328.41647276436817,333.1573181152344,2753900
MA,2020-08-25,334.19466497198874,337.83027178557387,332.85675693072636,337.0546875,2862700
MA,2020-08-26,337.3842392031523,341.54338078103586,334.9605018525549,340.3121032714844,3512000
MA,2020-08-27,341.0004951734635,347.0792183179534,339.8855522274317,345.1402282714844,3811700
MA,2020-08-28,346.575086084923,356.0470416611792,345.2953455736659,354.9515075683594,3544700
MA,2020-08-31,355.4460306413009,355.4460306413009,346.7787411685337,347.26348876953125,3948200
MA,2020-09-01,346.798075510222,348.4753126436597,342.7746768603113,346.0127868652344,4409600
MA,2020-09-02,346.4878427164939,350.5694085055096,345.4116878489385,349.6968688964844,4127200
MA,2020-09-03,347.53494635007655,347.9906102786209,330.84994220284415,333.3512268066406,6297400
MA,2020-09-04,332.5369391036736,336.4052164785792,316.58872712832596,324.7906799316406,6571200
MA,2020-09-08,318.731278173019,325.4692526265959,316.928001564602,319.8171081542969,4425700
MA,2020-09-09,327.0979331192139,332.304116549161,322.2310492708553,329.279296875,3344900
MA,2020-09-10,332.05199997946426,334.60177627521216,321.0385522255263,322.7254638671875,2845900
MA,2020-09-11,324.49978442451845,324.49978442451845,317.32552466097565,320.0788879394531,2920400
MA,2020-09-14,324.75175488065753,329.6283137506202,323.8307227575804,328.2710266113281,3416100
MA,2020-09-15,332.2847449123034,333.4384464614494,328.2031787788125,328.7945861816406,2396400
MA,2020-09-16,330.86928621034207,335.4840923494065,329.4247479805267,331.4219055175781,3049000
MA,2020-09-17,326.8555916386296,333.2348563672464,325.7503530249922,329.0757141113281,3713000
MA,2020-09-18,327.89295197352686,330.7335952971855,323.200598918124,325.032958984375,4006000
MA,2020-09-21,319.4195458046135,321.55244681936716,311.0237148452896,317.8489685058594,4466000
MA,2020-09-22,319.45836078493045,325.7794585996065,315.1925583963175,325.0814208984375,3375300
MA,2020-09-23,324.6257413091828,324.94569126619785,313.6025865667184,314.6302490234375,2893900
MA,2020-09-24,313.34078731273337,320.689546194748,311.3823885305467,318.19793701171875,3706300
MA,2020-09-25,315.71607834477896,323.30724166524834,312.2743825205063,321.6590881347656,3077500
MA,2020-09-28,326.34180532832283,330.18102809631864,325.566220907304,328.0675354003906,3122500
MA,2020-09-29,328.0674711851292,330.32638181951256,325.57586160066893,325.9733581542969,2679500
MA,2020-09-30,326.4289368068255,333.16690844764656,326.1574794248255,327.8540954589844,3285200
MA,2020-10-01,331.79994326411327,336.1239120570957,329.8997414403939,332.8954772949219,2503600
MA,2020-10-02,327.95116458859553,332.1587706415935,325.76012532878974,328.49407958984375,2184600
MA,2020-10-05,331.2570908584531,332.7792053222656,328.62976732501966,332.7792053222656,2081600
MA,2020-10-06,331.625578527036,335.79439671589245,325.963729208286,327.1368103027344,2553400
MA,2020-10-07,331.35403789128105,334.13648412630033,329.95796256435307,333.40936279296875,3068200
MA,2020-10-08,334.87505331256943,337.4763189708882,334.1276537465272,335.01092529296875,1991800
MA,2020-10-09,337.7674085440714,342.9796542566711,336.8065003417303,342.0381774902344,3116500
MA,2020-10-12,344.5715558910567,344.5715558910567,340.5143542575153,341.6985168457031,2942900
MA,2020-10-13,341.1064807045086,341.17443151259414,334.88477556819623,335.6806945800781,2523800
MA,2020-10-14,335.6030423363961,336.99102787248006,331.167282508222,332.6329345703125,2234300
MA,2020-10-15,328.36208858690463,329.6336036620007,323.04308800439384,328.6241760253906,3727300
MA,2020-10-16,330.01215937585164,334.84587755030344,329.2647895608589,329.4297790527344,3324600
MA,2020-10-19,330.1286663267467,331.27399566322623,320.72331636611835,321.9269104003906,2937600
MA,2020-10-20,323.25672557143764,326.906252801666,321.9366611188081,321.9754943847656,2677800
MA,2020-10-21,322.7227245252658,326.44023057512135,321.5676797378675,323.62542724609375,2725300
MA,2020-10-22,323.5769472123636,325.52791110639777,319.5779807124519,323.8002014160156,2256000
MA,2020-10-23,325.8288098583042,325.8288098583042,318.66559918706895,319.9273986816406,2945400
MA,2020-10-26,316.82136001320237,317.6269648404677,304.9991676747394,308.7166442871094,5173300
MA,2020-10-27,309.53195018998014,310.1725655069298,303.18406170483354,307.7945251464844,4314900
MA,2020-10-28,292.827597546239,293.1284886582865,280.1221311784629,282.8204650878906,11518200
MA,2020-10-29,284.587058396753,286.625345742679,279.1030073704095,284.567626953125,9582300
MA,2020-10-30,281.3353965542744,283.2766447214647,272.9395041553956,280.16094970703125,6892800
MA,2020-11-02,285.59633515592253,286.1787153554962,279.65612228666345,281.4517822265625,5094900
MA,2020-11-03,285.8002879468095,291.5172486899395,283.2087084771785,286.7126770019531,4097700
MA,2020-11-04,296.1276880649565,303.53355431095827,293.36140359632253,298.17572021484375,4790100
MA,2020-11-05,305.8824460120166,309.968764550161,304.36824539766684,307.2315979003906,3794400
MA,2020-11-06,306.6977394432512,307.1927374719262,300.98075066182605,304.4264831542969,2978500
MA,2020-11-09,336.72888993927916,346.5127667918865,330.8857145221513,334.4382019042969,10933700
MA,2020-11-10,330.00240726677623,335.69996476833893,323.64483262830635,324.9454650878906,5330400
MA,2020-11-11,327.49834727706894,327.7798366168256,321.3445927947888,322.6258239746094,2969900
MA,2020-11-12,319.3935796468706,323.30519377694407,316.7146475206819,318.6462097167969,3207700
MA,2020-11-13,320.5971691810177,326.236493549995,317.72412977329947,325.188232421875,2393700
MA,2020-11-16,331.75932594788674,332.5843624078785,323.3828643311242,325.59588623046875,3312800
MA,2020-11-17,323.3828252067936,327.8476721045034,321.0047844547175,326.614990234375,3412700
MA,2020-11-18,326.64407570702537,330.93424658615044,325.02312068221534,326.0714111328125,3203400
MA,2020-11-19,325.63471227091736,329.1969162154696,321.6842941810845,324.072021484375,2718700
MA,2020-11-20,324.945484583194,325.31432642332703,313.51153564453125,313.51153564453125,4142400
MA,2020-11-23,316.6272560677781,323.4119381698667,314.8413114097301,322.2860107421875,3219000
MA,2020-11-24,327.0129099278995,334.00138441100506,324.3048608848867,332.3319396972656,3529700
MA,2020-11-25,333.61314125831785,333.61314125831785,329.3715194417494,331.2933654785156,2535200
MA,2020-11-27,332.7590541379689,332.80760311664363,327.69239504502497,329.1095275878906,1402300
MA,2020-11-30,327.7409983762206,328.119526442952,320.48071808854564,326.6247863769531,4276200
MA,2020-12-01,329.6918806310492,332.56491949494097,327.70208357680883,328.9250793457031,4210400
MA,2020-12-02,326.8867287726235,330.2450793054083,324.18839540885455,330.2256774902344,2972100
MA,2020-12-03,328.6144699951232,332.2640258352029,324.30489692216366,325.2949523925781,3080300
MA,2020-12-04,327.02267576304695,334.2344055175781,325.9355519193848,334.2344055175781,4323600
MA,2020-12-07,333.27346153594596,337.7674556530628,330.0606982813734,330.9439697265625,2389800
MA,2020-12-08,328.34268546342287,332.75901281402054,326.8091125770392,330.7789611816406,2224600
MA,2020-12-09,330.41022362717115,331.6720233767865,324.8582514108782,326.9548034667969,2962600
MA,2020-12-10,324.8193693969895,325.6832391179881,321.4610180954649,321.78131103515625,3506800
MA,2020-12-11,317.4814047828946,321.82981102370474,315.96723369265857,317.8017272949219,4179400
MA,2020-12-14,319.3353441851134,328.7989296130917,317.96676058407394,321.42218017578125,3552400
MA,2020-12-15,323.3730975632167,325.3725806469386,317.9958322732481,323.84869384765625,3104600
MA,2020-12-16,324.14955402558843,324.18838727605396,319.5779236845532,322.3442077636719,3393300
MA,2020-12-17,324.712667246425,328.39131208001857,323.60614130710843,327.0033264160156,2725500
MA,2020-12-18,326.6246972651635,331.5651699545264,324.5281458350307,330.33245849609375,8443700
MA,2020-12-21,323.421588565751,326.2752252644422,317.62696256997083,324.5475158691406,3642500
MA,2020-12-22,324.34371361915964,325.37257267115194,321.85891859309226,322.4801025390625,2403100
MA,2020-12-23,324.3146460741885,325.3629071038199,319.36445707509523,319.55859375,2760600
MA,2020-12-24,320.93679475094683,326.4887647846093,320.64561942199776,326.129638671875,1308900
MA,2020-12-28,327.93499042635585,335.4379241524655,326.9740822036963,334.350830078125,3449100
MA,2020-12-29,337.5636873960657,338.50519406691666,334.63241293827946,336.4765930175781,2822700
MA,2020-12-30,338.4372843409831,347.3088049370338,337.01046539076225,345.10546875,4200600
MA,2020-12-31,344.6006030818376,348.851940516162,342.8728937194185,346.4544982910156,2881700
MA,2021-01-04,347.48341446117706,347.60960032870867,337.15596021548987,341.1646423339844,4638400
MA,2021-01-05,338.55370039580924,342.63033377930003,335.2924173858959,337.2142639160156,2990700
MA,2021-01-06,340.1261398761267,343.6300789651808,334.4382667501396,337.3404235839844,3966800
MA,2021-01-07,339.1286389945685,342.4523647694163,338.57467481254537,340.01300048828125,3100200
MA,2021-01-08,341.47074840661077,344.9888862546577,339.65338542048755,343.89068603515625,3371500
MA,2021-01-11,342.1995821816057,343.4727385218458,338.00119440572183,338.399658203125,2403000
MA,2021-01-12,337.31122947709684,338.20534862095565,326.5722496673891,333.2683410644531,4858100
MA,2021-01-13,339.769987008065,339.91578888831066,334.54143548845883,336.5823059082031,4125700
MA,2021-01-14,338.87592501488115,339.7408600387759,317.49512746368043,317.7283630371094,8712200
MA,2021-01-15,318.3212180300171,320.41069918661344,312.8205182291563,314.16168212890625,7911500
MA,2021-01-19,317.78667063981345,319.86645335658693,315.52226286725426,316.7662353515625,4625200
MA,2021-01-20,320.702227892087,328.41875429526374,319.8664473340017,325.4837646484375,5081000
MA,2021-01-21,324.99779257949757,327.37881776478775,322.41265664166116,325.0269470214844,3484900
MA,2021-01-22,321.09102776410435,325.71703509219356,319.65267240337124,319.73040771484375,3846600
MA,2021-01-25,318.2920050607606,320.66333187908936,308.301344238436,319.9247131347656,6257700
MA,2021-01-26,320.71199919091634,321.23680894855903,316.64965431924,318.47674560546875,3503100
MA,2021-01-27,311.3433089868865,313.9090192316175,304.30709154503154,306.6103820800781,7449400
MA,2021-01-28,317.8838626834751,319.74010820809735,312.91770077086,315.1529541015625,6906400
MA,2021-01-29,314.6864857898555,316.5135770565121,303.5879236364961,307.38787841796875,7627200
MA,2021-02-01,311.87776109784465,314.4142865369225,308.64146973096183,312.50946044921875,4930700
MA,2021-02-02,314.3463498452987,326.69861223418195,314.3463498452987,324.958984375,5686000
MA,2021-02-03,324.4438564551242,326.54306543481357,321.75183055112075,323.45257568359375,4036800
MA,2021-02-04,325.9308649281759,333.5890837446681,325.6295923818267,331.2371826171875,4537500
MA,2021-02-05,332.87957887835387,334.63863307781986,327.8939904130693,329.2156982421875,2964800
MA,2021-02-08,330.4305067486288,331.8785603609671,326.08631625297016,327.5440979003906,2652800
MA,2021-02-09,326.49450938692456,326.75689940733133,320.7119636337078,324.0551452636719,2993300
MA,2021-02-10,325.57124011529856,326.02801289225386,322.8986403830088,324.803466796875,4246300
MA,2021-02-11,335.7757392326449,339.7506206908621,330.67350296355266,333.2197570800781,5110800
MA,2021-02-12,331.7229815515419,333.46260887666267,327.2233215118062,331.40228271484375,3025100
MA,2021-02-16,333.54045581682067,334.31792750570196,328.55483779206486,331.6064453125,2916900
MA,2021-02-17,329.497555377875,330.79983683853567,326.38760913901854,327.8356628417969,2267000
MA,2021-02-18,325.07566514509847,330.3820130965706,323.47211084139815,328.9339294433594,2393700
MA,2021-02-19,328.9144173217884,329.4586534326435,321.6838179534071,323.7927551269531,4095800
MA,2021-02-22,320.7119287035709,334.43450708938366,319.5165372012925,331.0718994140625,4940300
MA,2021-02-23,331.0622139750986,344.3085949345725,328.885269487907,340.5572509765625,6326600
MA,2021-02-24,342.93823004139915,358.41016390568086,340.70297696306477,356.9815368652344,7467400
MA,2021-02-25,354.29927097897445,356.9815988657542,342.2968620795773,344.5904541015625,5207500
MA,2021-02-26,347.0297567716808,349.27476772596304,337.35009523342694,343.89068603515625,4868500
MA,2021-03-01,350.52851671662404,356.13613684745036,349.0707347887321,352.68603515625,4382900
MA,2021-03-02,351.81131806630157,356.2915529359136,349.22618161760573,352.6082458496094,3559200
MA,2021-03-03,349.86760157334317,355.1447641123332,345.44567569469325,350.1105651855469,3692300
MA,2021-03-04,349.9647162513666,351.45165204582935,334.97871088518497,339.6630554199219,4572000
MA,2021-03-05,344.9305651128508,351.6071998712243,336.66980299029944,350.7228088378906,4643200
MA,2021-03-08,352.20009924802383,371.6955000483614,351.60728218130635,360.8787536621094,7213300
MA,2021-03-09,364.44539941336416,376.4186527201654,362.2295725712766,365.922607421875,5832800
MA,2021-03-10,366.00032439547755,373.192040069251,362.5016430881006,370.956787109375,4509500
MA,2021-03-11,374.64990416315084,378.5373221051809,371.83153208690806,373.5614318847656,3729700
MA,2021-03-12,370.4125961591935,373.12404855101005,368.5660490926833,371.9383850097656,2467500
MA,2021-03-15,372.5215910651656,376.9435177113776,367.9830466102362,371.0152282714844,4216200
MA,2021-03-16,371.92870683836065,374.4360782490623,368.0315610349493,371.6177062988281,3445100
MA,2021-03-17,371.1027346834191,374.2612625567803,365.29103271931945,368.0219421386719,3240900
MA,2021-03-18,364.4745523448125,364.91189868574867,354.76573643554,356.6705627441406,7205200
MA,2021-03-19,354.5325131234447,355.97086847429796,340.28515211694565,346.4758605957031,12224300
MA,2021-03-22,345.9219290911641,351.4712105590706,344.03652879232214,348.31268310546875,4140400
MA,2021-03-23,349.1872628377907,349.1872628377907,343.5602473967991,345.27069091796875,3756300
MA,2021-03-24,347.0298532303354,354.7172272449463,345.9802632343746,349.52752685546875,3550000
MA,2021-03-25,347.9335868611234,349.35248591393054,344.18221363116766,348.2737121582031,2961800
MA,2021-03-26,349.7995407626988,356.2915209194936,347.20470617035573,355.83477783203125,2741200
MA,2021-03-29,353.98823199425345,355.0670057849891,348.51668705679776,352.6956787109375,4054900
MA,2021-03-30,350.6256269006623,354.308963356448,347.0492098506557,348.1182556152344,2885800
MA,2021-03-31,349.4691204420168,351.3253659066743,345.76635754747605,346.02874755859375,4372600
MA,2021-04-01,346.9908883984738,353.171867881232,345.24153275831566,353.0746765136719,3701800
MA,2021-04-05,356.4761316798548,360.0914307232917,354.0853784981325,357.953369140625,2180300
MA,2021-04-06,354.6297003705466,360.3150551152883,352.2972555071936,359.16827392578125,2661900
MA,2021-04-07,358.7502807353391,363.4345955316285,358.6142069084964,360.6356506347656,2958300
MA,2021-04-08,362.93201852609485,369.07169721466096,362.688766502954,367.5440673828125,3528400
MA,2021-04-09,365.92889026982334,370.08365405489525,364.3331723521133,369.8209228515625,2429300
MA,2021-04-12,367.8748985430751,370.65771721917184,366.02618904581095,369.58740234375,2896600
MA,2021-04-13,368.82841327046276,369.84034991342645,366.6294056695555,367.92352294921875,2652800
MA,2021-04-14,366.8241119676949,370.6675064507341,365.46190635008725,368.1084899902344,2317400
MA,2021-04-15,370.8815715053269,376.91420490062046,370.6869579757974,376.0579528808594,2942200
MA,2021-04-16,378.50015137483194,378.5974581237242,373.31403126062025,375.7465515136719,2725500
MA,2021-04-19,374.51082035084215,377.27415985503256,371.02746433815076,371.84478759765625,3360900
MA,2021-04-20,369.9280492173125,371.017813824939,363.4769990664657,366.4641418457031,3135900
MA,2021-04-21,368.37112349445397,373.73240748891317,366.5029646192967,372.7593994140625,2466300
MA,2021-04-22,372.74001003304596,378.9867364435748,371.6794345392523,373.012451171875,3713700
MA,2021-04-23,373.9756746353166,379.3564083191429,373.1096831606213,376.6125183105469,2294800
MA,2021-04-26,377.361682203612,382.33376855905107,376.65140536272634,377.01141357421875,2255000
MA,2021-04-27,377.7412354510864,379.891575206773,375.71739150935554,378.56829833984375,2270000
MA,2021-04-28,380.1542698954332,390.6627453140109,380.1542698954332,384.97064208984375,4065300
MA,2021-04-29,380.93263559666866,381.798626977892,373.4502016305136,378.45147705078125,4637100
MA,2021-04-30,372.52589221392,374.60814394238935,365.47158300981005,371.74749755859375,4043200
MA,2021-05-03,375.0654375983784,376.4276430145123,366.67811243562807,369.1592712402344,3344100
MA,2021-05-04,366.8922123724374,368.00142628952534,361.55037711497886,365.7635192871094,3321200
MA,2021-05-05,367.72899042803436,369.3928558681983,358.09621496339685,359.17626953125,2993900
MA,2021-05-06,361.1223316691784,365.5884364125922,355.8291638931639,365.3451843261719,3787300
MA,2021-05-07,367.0770223074645,368.41977815234526,363.4768806855044,365.2672119140625,2935900
MA,2021-05-10,365.6467206087537,365.8510439945789,355.54689182405747,356.4517822265625,3193700
MA,2021-05-11,351.2656402066962,358.9718472151065,349.57258603403056,357.6874694824219,3073100
MA,2021-05-12,354.90470115501614,355.5177010032979,346.0406116999843,346.994140625,3293200
MA,2021-05-13,349.6310206534845,353.04628891029154,348.2591052330125,350.3023986816406,2626000
MA,2021-05-14,353.23111996990633,354.86576640794965,351.73267922144163,354.0873718261719,2959700
MA,2021-05-17,352.5207969029889,354.2333005354475,348.395252363537,353.4938049316406,2511600
MA,2021-05-18,357.09396466930787,359.85730404790104,353.0851761384777,353.2700500488281,3421200
MA,2021-05-19,347.68497733128095,351.40187546419963,345.7778897365192,351.2364807128906,3577900
MA,2021-05-20,353.1436176983366,359.43898228262657,352.70575210697046,357.775146484375,4087500
MA,2021-05-21,359.17629753919,362.47478023009603,357.5416210304797,357.6778564453125,2708700
MA,2021-05-24,360.090829392935,363.6520426497691,359.662733141559,362.3287658691406,2351500
MA,2021-05-25,363.05846399144997,363.6617241741817,356.9187861541441,357.3079833984375,3916300
MA,2021-05-26,359.03999666759654,359.92543762101457,352.27757834875575,352.86138916015625,3101900
MA,2021-05-27,354.7101324562714,356.51020359053683,350.808389710831,352.2289733886719,5416300
MA,2021-05-28,353.68842557034264,355.5468745059274,350.69157384675964,350.84722900390625,3624300
MA,2021-06-01,354.64202391517307,355.5371747914647,349.83536124188885,350.07861328125,3119700
MA,2021-06-02,353.71766477699856,361.15146157336153,353.0852153946758,356.94805908203125,3531000
MA,2021-06-03,353.55230554673386,356.7924400334335,351.96632685330917,352.05389404296875,2605900
MA,2021-06-04,354.4766366028322,356.7340228911421,353.883115817655,356.1404724121094,2295200
MA,2021-06-07,357.87239926016804,361.3265961399354,353.4744129452178,354.2528076171875,2133400
MA,2021-06-08,355.14797883504167,357.7556335805113,353.4257650795189,355.4009704589844,3224200
MA,2021-06-09,357.03561566058744,359.3513798262724,353.5230407714844,353.5230407714844,2520900
MA,2021-06-10,354.8463758927503,355.77074559431094,352.19005271920355,354.4668884277344,2460200
MA,2021-06-11,355.6734806502419,356.948119213509,353.9804259290519,355.6345520019531,2708300
MA,2021-06-14,356.12103002740935,356.7340299940473,352.3263036790033,356.6269836425781,2515300
MA,2021-06-15,357.4248011879033,358.7967462078518,352.9489578727096,358.1837463378906,3562500
MA,2021-06-16,359.4098015661233,359.4098015661233,351.54787807128514,353.9998779296875,3081000
MA,2021-06-17,353.6884807923054,359.1859711849694,351.47976286751634,357.3761901855469,3824900
MA,2021-06-18,352.3457844305173,360.382843028541,352.22902817771893,357.50274658203125,5009400
MA,2021-06-21,358.67027499658786,366.28894576877275,356.31561180042337,363.0196228027344,3094600
MA,2021-06-22,363.89529782710235,368.5365655703313,361.97847064015474,367.83599853515625,3582700
MA,2021-06-23,367.797101960954,368.49766905720526,364.1872498300608,365.0143127441406,2241800
MA,2021-06-24,368.7701115522327,369.80149787921874,362.83475553306977,364.63482666015625,2788200
MA,2021-06-25,365.31586872283134,369.4024845428263,363.2530668016743,369.3635559082031,3983900
MA,2021-06-28,370.6383260527475,370.6383260527475,355.2647774551629,357.75567626953125,4800300
MA,2021-06-29,359.04973378151897,361.3654978447088,357.9794189169542,358.0669860839844,3394300
MA,2021-06-30,358.01838411760417,360.17846353982753,354.4376913237675,355.2355651855469,2884900
MA,2021-07-01,356.1696055640162,361.19033095762506,355.7317697323314,360.7038269042969,3108500
MA,2021-07-02,362.63036084455285,365.3547714192214,362.1049282002067,364.9071960449219,2786500
MA,2021-07-06,366.48355818449346,368.03063776727083,361.47257154332357,365.9678649902344,2740500
MA,2021-07-07,366.6197380273983,367.9430148181933,362.3968863478065,363.82720947265625,3176600
MA,2021-07-08,358.0017754587529,361.01190926861926,356.1995837045539,360.62225341796875,2809000
MA,2021-07-09,362.23938357996883,363.82726028910076,360.33004894273375,363.30120849609375,2404800
MA,2021-07-12,365.3078999865923,366.35025232947396,362.46335605801016,365.8534240722656,2648300
MA,2021-07-13,365.84371184719066,376.6471114508843,365.84371184719066,373.7928161621094,5161000
MA,2021-07-14,373.08171899961775,381.50814988285197,373.08171899961775,380.6995849609375,4140500
MA,2021-07-15,380.056616779706,383.1349185619713,377.43613903165635,380.144287109375,3773000
MA,2021-07-16,382.9888355009388,383.29082101745195,375.3709401805591,377.11468505859375,2706500
MA,2021-07-19,368.2303873732303,368.8148859973675,353.9785028090232,356.0047607421875,6814400
MA,2021-07-20,357.51469863250867,366.8665877032679,355.82940065864483,364.7137145996094,3542200
MA,2021-07-21,366.3113107045761,371.05543830155773,365.3566286045518,370.2371520996094,2393100
MA,2021-07-22,370.47092469928634,372.96475770797014,367.30492274314605,372.2828674316406,4180300
MA,2021-07-23,375.1371529526512,384.3039503679244,375.1371529526512,383.09600830078125,3720300
MA,2021-07-26,381.54705767535324,382.7355272036836,378.2349090126135,382.6478271484375,2285800
MA,2021-07-27,379.9202165530595,385.06375060339377,375.91645623307096,380.1832275390625,2783800
MA,2021-07-28,381.4983302637402,381.6055027036129,372.4484278271625,373.5297546386719,3372600
MA,2021-07-29,377.484846387033,384.5377150359792,377.484846387033,378.760986328125,3774000
MA,2021-07-30,378.94599747186606,378.94599747186606,373.17899131911634,375.965087890625,2533300
MA,2021-08-02,379.23832570316745,379.90077334091586,364.13893132166766,365.56121826171875,3430300
MA,2021-08-03,366.9249878068246,366.93473886373056,350.2766932256869,358.0991516113281,6328500
MA,2021-08-04,357.7874222685402,359.71625865825996,354.0369219307237,358.4985656738281,3203200
MA,2021-08-05,358.6836678471543,362.34646823554846,357.5146706564717,362.3269958496094,2562400
MA,2021-08-06,361.8204307868298,365.7949675533275,361.41127286893345,364.85003662109375,2038500
MA,2021-08-09,364.5189322402372,364.8209178045719,359.3559244672495,361.0996398925781,2400800
MA,2021-08-10,362.66797658542725,363.1160793183257,354.69937041317877,358.3329772949219,3225000
MA,2021-08-11,359.0246227294962,360.3981841176474,354.34869310378457,354.8260192871094,3267700
MA,2021-08-12,353.19919826147003,353.8323927300567,348.6011879096244,352.62445068359375,3802900
MA,2021-08-13,352.8971855717639,354.10512752519816,351.3093091291366,353.37451171875,2304600
MA,2021-08-16,351.1826943690888,354.4071433593303,347.40297018348184,354.1636047363281,2937300
MA,2021-08-17,352.6439118891181,355.04032351876606,350.49103887265323,353.8421325683594,2812800
MA,2021-08-18,351.8451302681554,356.2288257062025,351.2703826559608,351.62109375,2774500
MA,2021-08-19,347.6757273737641,350.8320080991937,345.5520777459035,348.07513427734375,2727900
MA,2021-08-20,348.12383538618593,349.0590451043286,344.19799396812596,345.8150939941406,4135900
MA,2021-08-23,348.23101956631257,352.87772595252346,347.52962711850364,351.6795349121094,3537900
MA,2021-08-24,353.6473196335305,356.63798119074613,352.1276409373164,352.42962646484375,3032000
MA,2021-08-25,352.6049149438928,353.0335452541199,349.23434907604656,349.81884765625,2340400
MA,2021-08-26,348.7472493011037,348.94209205816736,342.7074805780997,343.7400817871094,3946300
MA,2021-08-27,343.3504760820902,347.28606846393205,342.56141333990394,346.5359802246094,3698300
MA,2021-08-30,345.6299409590024,348.7862211724531,343.1458593337115,343.9251708984375,4032100
MA,2021-08-31,343.81806194765124,346.03913282688944,335.77153695858505,337.281494140625,6780400
MA,2021-09-01,338.401786090231,342.95107083775366,338.32383708412743,340.5351867675781,4499600
MA,2021-09-02,341.4508674132491,341.48009085602354,330.5597986542559,332.45941162109375,7412000
MA,2021-09-03,331.1443507863963,335.2455628682069,330.1701962312781,331.4366149902344,5171000
MA,2021-09-07,335.97615164967425,339.00575780156566,334.15445780650737,335.80078125,4764300
MA,2021-09-08,336.0833222708854,342.9024041720338,336.0833222708854,341.96722412109375,5054500
MA,2021-09-09,341.64571667660545,344.50001195807465,340.8761560256789,342.32763671875,3716200
MA,2021-09-10,345.75672624833226,345.8249242133811,338.0511588765674,338.41162109375,3437700
MA,2021-09-13,340.95403271247056,342.8925904138094,337.40809650242136,338.83038330078125,3234200
MA,2021-09-14,340.64236489113716,340.83720769780984,336.3268672557671,336.8626403808594,3281900
MA,2021-09-15,338.0315690293011,338.54786966027905,333.9011639814778,335.8397216796875,3833500
MA,2021-09-16,336.48264207123026,338.6939616412916,335.78124978244847,337.359375,3771100
MA,2021-09-17,335.1090689354388,337.05737747576114,331.96253994043985,334.17388916015625,5527500
MA,2021-09-20,329.57602682486447,332.2938970461767,326.9457972306708,330.9106140136719,3956600
MA,2021-09-21,333.3556486431705,334.31030093178634,328.56279589907643,328.66021728515625,2967300
MA,2021-09-22,330.5306029415496,334.9824960469599,329.7902657528749,334.5343933105469,3238800
MA,2021-09-23,336.80407140235593,345.6201849540217,336.2780495269174,344.9187927246094,4783200
MA,2021-09-24,344.8799955133528,350.6275024352644,343.6428297171,348.90325927734375,3306200
MA,2021-09-27,347.82186486387604,353.2186893123727,345.98072825154316,347.5491027832031,4158000
MA,2021-09-28,346.3118386358908,346.79891576477394,340.02853178176724,342.1034851074219,3266900
MA,2021-09-29,343.691431540021,347.9484817598057,343.3017757030512,344.0616149902344,2808800
MA,2021-09-30,345.5715903178224,346.79903461649127,338.421299182797,338.6940612792969,4393300
MA,2021-10-01,340.78846634269576,353.79343527134677,338.18749039426774,350.8709716796875,5227300
MA,2021-10-04,350.6274485290329,351.3288410111547,330.56960942674993,335.30401611328125,7901500
MA,2021-10-05,338.5771781623237,339.5610838441163,334.0668375042733,334.339599609375,4724100
MA,2021-10-06,331.22229374898967,339.86303973844554,330.3455308823277,339.6779479980469,3712000
MA,2021-10-07,340.4094630963748,349.0903861446936,340.4094630963748,345.1986083984375,3209200
MA,2021-10-08,347.23715682017075,351.4995856960422,345.4912088487593,346.2227478027344,2336700
MA,2021-10-11,345.23764908292145,346.144750294895,338.3611646540945,338.6050109863281,2769800
MA,2021-10-12,340.06809217963735,341.38486833936884,336.1372904577,336.8395690917969,3042900
MA,2021-10-13,337.7271225137891,340.89712438575964,328.68531250563933,333.9231262207031,3755700
MA,2021-10-14,335.37643007275625,337.2979400299316,332.4405112138943,336.09820556640625,4083800
MA,2021-10-15,340.4093655361218,347.83203110994583,339.1803709089421,347.237060546875,4053600
MA,2021-10-18,345.24735925442,351.0801738413314,341.60919127500324,349.6170959472656,3280900
MA,2021-10-19,349.5781045240595,353.37236783468995,348.8075417606813,353.1870422363281,2835400
MA,2021-10-20,352.7968926074347,353.5674256012669,347.2371842120863,347.98822021484375,2796200
MA,2021-10-21,345.8715692944533,347.6077536163393,338.721979700032,347.4419250488281,2516300
MA,2021-10-22,347.9003634829215,352.7382951937111,346.1641791299083,349.8414001464844,2774400
MA,2021-10-25,353.5381309049307,355.33283620070233,349.9584836911761,351.9775085449219,2447900
MA,2021-10-26,354.43549032707114,358.3077708883331,348.02720220961436,348.524658203125,3320100
MA,2021-10-27,339.4340587333387,342.4772558766006,325.58357661409855,327.4563293457031,9652700
MA,2021-10-28,335.69835606959856,341.862768254313,320.7749438189732,324.8325500488281,9505100
MA,2021-10-29,323.0865830176845,329.82649829859895,322.95977817949523,327.26123046875,5843700
MA,2021-11-01,326.99795852879777,332.50888013909025,324.6862998709498,325.8274841308594,5126200
MA,2021-11-02,326.8808678104437,327.50509889996783,318.6583771908448,320.3945617675781,5375300
MA,2021-11-03,320.41409625334956,321.4674993629941,315.38110413749337,321.3211975097656,3952500
MA,2021-11-04,322.9207965814663,330.2947065695863,321.2236060330675,327.1734619140625,4819500
MA,2021-11-05,334.0109781642026,341.5409546294875,332.6064208093847,340.2046813964844,7201500
MA,2021-11-08,339.44384512394333,344.45731004821374,339.10245431833346,341.06298828125,3862200
MA,2021-11-09,341.38482069007716,341.5799096370291,331.2895778963918,336.16650390625,4247800
MA,2021-11-10,341.48240768512693,350.76806524825025,340.8971705377911,349.1294250488281,6337100
MA,2021-11-11,349.55860714813485,350.78760221667653,343.8916206353683,345.6180419921875,4472200
MA,2021-11-12,347.2957122572525,354.884209240747,347.16890739660295,354.5525817871094,4724200
MA,2021-11-15,356.15219488951317,361.9947431826479,351.7824581258059,352.4652099609375,4693200
MA,2021-11-16,355.7913052386395,361.9362508351721,353.08949852110806,360.4634094238281,4969000
MA,2021-11-17,350.7290443891245,358.9418019772317,342.574837305991,350.32916259765625,11727300
MA,2021-11-18,351.85076167425535,353.5576860059636,336.0982647428008,339.648681640625,6533700
MA,2021-11-19,337.4832356789402,338.11723002390295,330.7823449816947,331.3578186035156,6954800
MA,2021-11-22,331.4358928185662,333.0745626450825,311.8891940305606,313.3912658691406,11378200
MA,2021-11-23,316.96122910960446,321.5748127363622,313.7717295890408,320.90179443359375,7116200
MA,2021-11-24,318.9021866295651,331.9820752937895,317.019670668017,331.6309509277344,6414400
MA,2021-11-26,313.66436936878756,318.82416557341094,311.1478885709759,316.1906433105469,6613900
MA,2021-11-29,321.88693213828014,323.6523772583457,310.41639078087815,315.0592346191406,6362200
MA,2021-11-30,310.1724776072483,312.8645501456889,302.4766744881812,307.1683044433594,10237600
MA,2021-12-01,312.88411559756923,314.0935839226158,298.46792112100786,298.74102783203125,8008800
MA,2021-12-02,301.9695067114649,314.26912981515267,301.38426962614017,312.318359375,6717600
MA,2021-12-03,312.35730907369964,314.74701443069114,306.27091568844804,314.1812744140625,4732900
MA,2021-12-06,316.7563899643646,328.4707774525744,314.07408027259555,325.12518310546875,6055000
MA,2021-12-07,328.9974835235786,333.9914817755086,328.9974835235786,331.1531066894531,4939500
MA,2021-12-08,330.8799269588146,335.5617639393426,325.87619619811915,333.9133605957031,4226900
MA,2021-12-09,331.6797603914834,338.000267871072,330.6653811081299,336.03973388671875,3389600
MA,2021-12-10,338.45868567026554,341.6286877694827,336.34208655603555,341.30682373046875,3405900
MA,2021-12-13,340.5947408206277,340.92636819762646,331.95281296611256,336.81024169921875,4358300
MA,2021-12-14,336.82005685385025,339.63890487486526,329.5436611291105,332.1674499511719,4518500
MA,2021-12-15,331.63097442048104,338.0587594409577,327.2710013014148,337.8246765136719,4918700
MA,2021-12-16,343.04303042282135,345.0620554214243,336.6249783204938,344.2330017089844,5369900
MA,2021-12-17,340.594781041285,344.1061739276834,335.6495706332071,340.7118225097656,5898200
MA,2021-12-20,332.84046176860636,335.074102383302,327.95380178122986,328.7243347167969,5013900
MA,2021-12-21,331.9528047140419,343.3355621589677,331.01644333365255,342.1065673828125,3105100
MA,2021-12-22,338.04897261848157,349.79261817396406,338.04897261848157,348.6806945800781,3456400
MA,2021-12-23,348.7392266959186,353.5478685046086,346.2617399962846,351.7043762207031,2627000
MA,2021-12-27,351.13867300750644,352.19207592931554,346.84698406847133,351.4410400390625,2677100
MA,2021-12-28,349.9585287522626,355.17684648746103,349.5878775453155,351.8995361328125,1920100
MA,2021-12-29,352.8749324995618,354.2112057488665,351.3240732693643,352.3970031738281,1535200
MA,2021-12-30,353.08948830493404,355.67425346769886,350.2706104225844,352.1043395996094,1558000
MA,2021-12-31,349.1391907279108,354.4355259250842,347.99797679476615,350.4754638671875,1984000
MA,2022-01-03,350.933820798957,363.1553951667619,350.4071044993579,361.8191223144531,4708200
MA,2022-01-04,362.83350802567406,372.9872708860765,362.5018806506605,366.14984130859375,6854500
MA,2022-01-05,364.794138731329,373.08491461158644,363.34082401403776,364.69659423828125,5976600
MA,2022-01-06,360.0867207830721,365.4876785339888,357.94782145732154,361.36614990234375,4781100
MA,2022-01-07,357.84038364816377,363.11436986601916,355.61355833714737,361.0242919921875,4551200
MA,2022-01-10,362.2549310455193,362.2549310455193,340.63154693446995,355.41827392578125,6009300
MA,2022-01-11,355.0471613704315,359.47145431187136,347.7807686207809,357.7427673339844,4131200
MA,2022-01-12,360.33089129666297,363.43667973814024,358.5045319893564,358.7389221191406,5783100
MA,2022-01-13,360.0085698972292,368.86693102555057,359.2956233275454,360.8973388671875,3892900
MA,2022-01-14,355.81870802004426,366.0346186772221,355.65266180521564,363.45623779296875,4029900
MA,2022-01-18,362.13765741469496,363.45616124855286,356.67810313300185,357.7524108886719,4933900
MA,2022-01-19,353.9532599636422,360.68246809689555,351.31625184310656,352.3124694824219,4464800
MA,2022-01-20,353.3867574274504,364.36449458124116,353.2305172237102,355.5061340332031,5043200
MA,2022-01-21,354.0411502157107,359.53978029689966,345.84691452892594,346.7942810058594,4867100
MA,2022-01-24,334.57622495371606,341.9305131623123,322.8757644200646,341.2663879394531,7472800
MA,2022-01-25,335.3087551867305,338.94195148172275,325.6104754124754,330.85516357421875,6994400
MA,2022-01-26,335.3477793989454,346.49153392556707,333.2870299453179,336.6174621582031,7438600
MA,2022-01-27,340.93434813595945,351.238186092548,326.5285333415202,342.35052490234375,8416100
MA,2022-01-28,350.6716406463963,373.8381412089717,347.0872959255972,373.584228515625,8813400
MA,2022-01-31,369.8436476295243,377.52999958173643,367.509432815354,377.3639831542969,6345200
MA,2022-02-01,376.7583977774492,386.2711078100435,373.4963394069852,382.911376953125,5841100
MA,2022-02-02,380.2060288379571,390.58798535959704,373.8186296680549,387.491943359375,6115000
MA,2022-02-03,379.47356817827284,383.7708898109008,377.4713863024672,380.9678649902344,4209200
MA,2022-02-04,378.5261202040848,379.0925728779795,367.62653352851476,373.28143310546875,6045400
MA,2022-02-07,373.28145332742736,373.4767684851817,364.5988853470964,367.35308837890625,4767500
MA,2022-02-08,368.7301355970713,370.9080796083301,361.8934801678166,365.63409423828125,5825300
MA,2022-02-09,376.6021299723932,379.3856319226763,371.71880367556616,372.4708251953125,5492800
MA,2022-02-10,363.045977410696,371.1327638088388,361.91304223925647,365.6536865234375,3995000
MA,2022-02-11,369.04272855168267,372.01179934967837,359.06123799906334,361.1415100097656,4345600
MA,2022-02-14,360.2137183202923,368.4860749530626,358.2017901017142,365.4291076660156,3678400
MA,2022-02-15,365.83922971310085,374.13113735228154,364.6867719549456,372.6368408203125,5800400
MA,2022-02-16,371.09368803114256,376.01608881202753,367.9878999573811,373.994384765625,3424800
MA,2022-02-17,369.7654818025546,372.3927137961132,363.4855311913096,364.9798278808594,3972500
MA,2022-02-18,365.77091294052036,366.063900593838,360.3894778660744,361.31732177734375,4083800
MA,2022-02-22,356.4828079784046,365.5853350505054,355.3107977834159,359.696044921875,3897900
MA,2022-02-23,363.2902188197246,364.8431131811495,351.7265044172159,352.80084228515625,3802500
MA,2022-02-24,337.8675267742086,361.89349417366554,333.34556259640783,360.76055908203125,7425000
MA,2022-02-25,358.6509664345575,363.8956533582707,353.25978570398587,360.4773254394531,3817900
MA,2022-02-28,353.7384173548133,356.834429751958,347.3607939583999,352.400390625,4952400
MA,2022-03-01,349.4996280925712,353.1425700078595,333.257681962663,336.4416198730469,5894200
MA,2022-03-02,334.9570935195396,340.1920345665367,330.78674378483237,336.06072998046875,4997900
MA,2022-03-03,339.5181838693575,341.3445433237035,332.7499000777948,333.0331115722656,3975900
MA,2022-03-04,329.03858041335707,330.9235375571745,316.43960221229366,323.0418701171875,4670900
MA,2022-03-07,321.8892555726187,322.1041230768434,304.82691587696536,305.6180419921875,6874300
MA,2022-03-08,304.1237795456267,317.1524892490657,298.4786262877912,306.9951477050781,5048200
MA,2022-03-09,315.60934129216884,321.76234969902407,313.6169360151957,320.47314453125,4015900
MA,2022-03-10,314.42759030545875,318.5100436028851,312.2886911776942,317.0157470703125,3771300
MA,2022-03-11,322.3288060599511,323.24687370759705,316.46881501818814,317.2110900878906,2987700
MA,2022-03-14,321.42059425129185,329.0190499928252,319.6235334631526,320.9224853515625,4122700
MA,2022-03-15,324.66307807767123,330.48399466801044,323.4812916559292,327.182861328125,3738900
MA,2022-03-16,334.0097310486679,342.75089674215525,328.8236410838724,336.636962890625,4340800
MA,2022-03-17,333.6288399806679,338.78563107071943,331.8220033903722,338.35589599609375,3244200
MA,2022-03-18,338.6098055900869,344.5088413950986,334.4980240166849,341.9206848144531,6790800
MA,2022-03-21,337.9456652271766,341.83280326281476,334.49803843220127,337.51593017578125,6053800
MA,2022-03-22,338.6879500509018,345.6711001293409,337.4475960018165,341.373779296875,4669900
MA,2022-03-23,335.38684531293563,338.6391573293928,333.77535359027036,334.1953125,2527800
MA,2022-03-24,334.26369897237834,341.2957010555589,332.7498796793476,341.1980285644531,2482700
MA,2022-03-25,342.23331157572886,343.3369481988276,337.5843749352285,340.875732421875,2173800
MA,2022-03-28,340.3775928605146,342.37974456580827,335.51378951355986,342.3113708496094,3134600
MA,2022-03-29,350.34938594686304,362.1084447842684,348.7671928920789,358.97332763671875,5512400
MA,2022-03-30,355.5159174483571,359.6862672216157,351.22834281172584,353.7872009277344,2614200
MA,2022-03-31,351.1892644836919,355.62333290012293,349.0210665167148,349.0406188964844,4095700
MA,2022-04-01,350.8377376560749,359.3054395827426,349.8122509331758,355.4768981933594,3806800
MA,2022-04-04,355.7503939355099,361.1318301598328,354.6760559680229,358.34832763671875,3027200
MA,2022-04-05,354.83220379148406,359.05140428018154,353.48440115158456,354.84197998046875,2215900
MA,2022-04-06,348.1518942117678,348.75742195242395,341.4226557266612,345.3000183105469,3864500
MA,2022-04-07,343.46130499401255,345.14350180526253,338.20933856873995,341.86712646484375,2848500
MA,2022-04-08,339.6665796417732,348.0678037810823,338.0528514444007,344.52734375,2235100
MA,2022-04-11,342.93316237850405,343.7742457799698,338.2190958563498,339.7350158691406,1809200
MA,2022-04-12,342.3072225349289,346.6887657282316,336.90855937009076,338.19952392578125,4038500
MA,2022-04-13,336.8400277927101,349.15330171411955,335.3338679380114,347.3341979980469,3048500
MA,2022-04-14,349.3294357097369,354.9726344000828,349.0262516724573,349.95538330078125,3358900
MA,2022-04-18,346.20955824978824,352.83077787722647,345.4564930116892,348.9577941894531,1871400
MA,2022-04-19,348.9675519638545,356.6548099303318,348.2438262209271,355.87237548828125,2999300
MA,2022-04-20,358.601083572526,363.7161427228603,355.8723973853421,357.2611999511719,3377300
MA,2022-04-21,361.35910335018036,366.9729326850758,355.4713995630232,356.42987060546875,3605300
MA,2022-04-22,352.57646383660835,354.14130293257097,342.9038247463494,343.4613037109375,2968800
MA,2022-04-25,341.6030749641792,347.25603351662306,339.51988606071944,346.80615234375,3380400
MA,2022-04-26,340.2925279247456,342.36592705262353,336.02834211256175,336.54669189453125,3116400
MA,2022-04-27,349.15339351376775,365.52545065023656,348.17537280364513,353.6229553222656,5702300
MA,2022-04-28,361.016817362046,373.5746006674623,360.68429387656295,370.50360107421875,6843300
MA,2022-04-29,363.8725805042192,368.83115249392006,353.7989794818882,355.3931579589844,4741800
MA,2022-05-02,355.0215131751124,356.9090859579574,342.88427273811305,351.1485595703125,3903800
MA,2022-05-03,353.6424611722814,355.45180523117966,345.67159934180495,349.9259948730469,2686900
MA,2022-05-04,351.47134238780626,361.124403245232,345.8868517820038,360.42022705078125,3346600
MA,2022-05-05,354.1412803617504,359.68664068648326,341.3585434103098,345.6031494140625,3424800
MA,2022-05-06,338.63969676101516,343.53959044419486,333.28992187390674,339.4905700683594,3635200
MA,2022-05-09,333.5050966841267,334.8645599384361,317.7491957391041,320.7810363769531,5777400
MA,2022-05-10,325.006038207492,326.34592171587855,315.9495574822685,318.179443359375,5003500
MA,2022-05-11,318.3261680378892,323.72483121541757,311.54846233218166,318.70758056640625,4263900
MA,2022-05-12,314.69770157005684,318.42395795074754,305.89551550288394,314.1793518066406,3891500
MA,2022-05-13,320.4680391523224,327.8618728701374,318.9227498128661,325.4852600097656,3536000
MA,2022-05-16,321.31888020725665,326.21874287230526,317.8860185220018,322.48272705078125,2062300
MA,2022-05-17,332.6346047279285,333.6810940363197,325.2212209817785,331.4120788574219,2802300
MA,2022-05-18,326.2872951619736,334.0919119061745,326.2286163016043,328.5171813964844,4521400
MA,2022-05-19,322.7468833204654,328.82038449492956,317.2992999751206,324.9180908203125,4380700
MA,2022-05-20,328.3215542828908,332.14558887728094,320.48759908348126,328.7909851074219,3428700
MA,2022-05-23,331.57831066454906,343.578612241621,331.5098420618231,340.7716979980469,3420800
MA,2022-05-24,336.33161355809654,336.4391815280377,328.5954648430853,333.2019348144531,2561500
MA,2022-05-25,333.0942546278922,340.0968859538443,331.7543711338672,337.1824035644531,3033400
MA,2022-05-26,340.3511727143609,345.48578092341376,338.40492124895957,342.19964599609375,2817400
MA,2022-05-27,345.62276422998343,349.92604952402564,344.3708690276772,349.916259765625,2658700
MA,2022-05-31,345.3293044742649,353.0361118991669,343.42218213282086,350.0042419433594,3873800
MA,2022-06-01,350.32699395313443,356.42983300005784,347.0506189448305,349.2120361328125,2190000
MA,2022-06-02,352.56672209343685,357.0264947238564,349.8967443095308,355.09979248046875,2484200
MA,2022-06-03,351.5789012873756,353.0165929483051,347.9504229046148,349.95538330078125,2076600
MA,2022-06-06,354.0435306363797,360.21483951469867,350.6497972565723,352.22442626953125,2196100
MA,2022-06-07,349.0849703652366,356.4690455964495,348.4981518933718,356.0191345214844,2158800
MA,2022-06-08,356.9775392200124,359.0509382339631,353.04590693017104,354.3662109375,1709600
MA,2022-06-09,351.8527044367611,354.24883702475,341.2705142663413,341.3291931152344,2250600
MA,2022-06-10,333.8278507709398,336.7423637114226,327.24578941097906,327.3924865722656,3300500
MA,2022-06-13,314.9226469948193,323.62702474674035,310.93233590462916,312.7123107910156,4825100
MA,2022-06-14,313.064430256331,316.87870499524246,312.63409876303604,315.0596008300781,2788400
MA,2022-06-15,320.2137194752556,323.36294691505094,312.40910455572293,318.2381286621094,2357800
MA,2022-06-16,309.14258513782767,309.4946881393975,298.3745667861819,301.9932556152344,4528500
MA,2022-06-17,300.252338004595,307.23541973612726,296.97596287459425,303.8612365722656,6235300
MA,2022-06-21,309.1034331632329,313.19158241073643,307.9591656478407,310.42376708984375,3193700
MA,2022-06-22,306.58011438450376,312.0276962134878,304.5164754270432,309.2012023925781,2671500
MA,2022-06-23,311.8908003744685,312.9470794620084,306.6486236629916,309.7978515625,2387600
MA,2022-06-24,312.20379706904146,323.5390544177939,312.20379706904146,323.2358703613281,4318900
MA,2022-06-27,324.6734768206905,324.6734768206905,319.9300712766965,321.60247802734375,2810800
MA,2022-06-28,325.38750197562103,329.73967622461794,311.12794331749285,311.2942199707031,3394200
MA,2022-06-29,312.0962022231725,318.9423478025888,311.41160557332654,315.4997253417969,3779500
MA,2022-06-30,308.36998457594945,311.29428742675384,302.8833015334225,308.5460510253906,3411500
MA,2022-07-01,307.19627996513395,311.9298961419986,304.46759410261774,311.2452697753906,2287700
MA,2022-07-05,306.1986989656112,313.2697991715317,302.6582689072087,312.2428894042969,2112100
MA,2022-07-06,311.98860668870327,315.27474194992095,308.78069995173314,313.1329040527344,2219200
MA,2022-07-07,315.74823853079835,318.2068130966855,312.97618053727916,317.4330139160156,2202100
MA,2022-07-08,316.16940020217714,318.32435572161796,312.809654458634,316.44366455078125,1662100
MA,2022-07-11,312.83907916798444,319.53899188369513,312.6137788233752,317.5505676269531,2073800
MA,2022-07-12,313.6520202617438,320.65558070750234,313.6520202617438,316.24774169921875,2761500
MA,2022-07-13,309.47926442499073,318.27533229220285,307.3830778965244,316.7472839355469,2442600
MA,2022-07-14,309.6849559469932,320.871054325923,308.93073652955707,318.373291015625,2743900
MA,2022-07-15,326.79716912754077,328.69743977668327,323.00643259208283,325.7588806152344,3387400
MA,2022-07-18,328.6288689771555,330.5977131974547,323.0358196962269,324.2308349609375,2468500
MA,2022-07-19,324.98508950887134,335.0055881775694,324.98508950887134,333.4089660644531,2689800
MA,2022-07-20,333.408882757653,336.2788679815402,329.4026512224942,334.2806396484375,2563600
MA,2022-07-21,334.8684098030282,340.11865117037274,333.09548145935804,339.81500244140625,2230800
MA,2022-07-22,341.7348484090676,343.89957864386605,333.4285103319013,336.8372497558594,2253000
MA,2022-07-25,337.3955970153041,338.4632699783872,333.14445490449117,337.1604919433594,2180100
MA,2022-07-26,335.63243409179586,337.57189394502024,332.3510369729475,334.2904968261719,2254200
MA,2022-07-27,335.9850607819379,341.7740257774261,324.45609481877625,336.2397155761719,4580300
MA,2022-07-28,340.87284547810816,346.0251285127381,333.6439855239512,345.2317199707031,3635500
MA,2022-07-29,346.8773752086148,349.49267651309856,342.7927642113743,346.5443420410156,3176800
MA,2022-08-01,340.6867403338558,347.5727625456416,338.58077898291003,343.36083984375,2289400
MA,2022-08-02,339.9717172125245,343.9583699514144,336.93522976282634,341.8622131347656,2878800
MA,2022-08-03,342.8319283165686,349.179227350727,341.4018377855111,346.8773498535156,2921200
MA,2022-08-04,347.406296682256,351.26557714936007,342.489088210727,348.7776184082031,2339500
MA,2022-08-05,343.2237393957477,350.5015644935929,343.2237393957477,350.1881408691406,1848700
MA,2022-08-08,351.64760464831517,351.64760464831517,342.7241937088773,344.94769287109375,2477600
MA,2022-08-09,343.22371139423376,343.9289668037162,338.2771486573909,339.4427795410156,2467400
MA,2022-08-10,347.08306140260237,347.2887522019763,343.8604327137334,346.1427307128906,2443700
MA,2022-08-11,348.56211268210114,348.56211268210114,343.17475400043827,343.4000244140625,2609400
MA,2022-08-12,347.4748102710886,348.1702907836579,343.0865811279108,347.0144348144531,2514200
MA,2022-08-15,345.1142195822206,354.53722575777397,343.63516491859446,352.57818603515625,2526300
MA,2022-08-16,347.0144973233467,352.627157000261,345.86847580293755,351.89251708984375,2448700
MA,2022-08-17,346.26022641221635,349.64935632627487,344.54606687552223,348.052734375,2439900
MA,2022-08-18,347.0634496555483,352.15693448841546,346.32880983318154,350.0411682128906,1934900
MA,2022-08-19,349.3261696230437,349.46328685819384,346.3190365030012,347.0242919921875,1740700
MA,2022-08-22,342.8319642187126,343.8114841164803,337.22910920777804,338.4339294433594,2312400
MA,2022-08-23,335.67157056997615,338.1399491745809,332.41955835810876,333.908447265625,2240700
MA,2022-08-24,333.21303052012684,335.27983279345165,331.4205224811931,332.7526550292969,2218400
MA,2022-08-25,333.0366835140361,338.0616241392793,330.4115780064358,337.6110534667969,2228500
MA,2022-08-26,337.98328725286626,338.5612302270258,324.90672213793596,325.161376953125,1925000
MA,2022-08-29,323.2317661154015,325.9940194407772,321.0572307155957,322.6048889160156,2308200
MA,2022-08-30,324.22101416557075,326.1506691313828,318.9022294759834,321.0963439941406,2618900
MA,2022-08-31,321.5665679802903,324.3973646974885,317.6386839620868,317.7268371582031,3129000
MA,2022-09-01,317.17832567035396,318.9414494735268,312.67252830465503,318.5888366699219,2493200
MA,2022-09-02,322.66357303494016,322.91825771077833,313.9654337185792,315.953857421875,1936800
MA,2022-09-06,315.8950905945909,320.2931243057745,313.9948200613141,317.4427185058594,2043400
MA,2022-09-07,317.4427425413393,322.4579086939075,315.454318675147,321.8897705078125,1998300
MA,2022-09-08,317.8835113536999,323.5255541128153,316.8550276764962,323.31005859375,2114000
MA,2022-09-09,323.770462784237,330.1177315594627,323.38843573772874,328.9717102050781,1815700
MA,2022-09-12,331.16581646162854,332.5273632122853,329.0598550554082,331.48907470703125,2097800
MA,2022-09-13,323.2415099074289,325.98415318597915,317.9324998344004,318.77490234375,2316900
MA,2022-09-14,320.342175184422,321.7526861381226,316.72774460213583,319.1765441894531,2657900
MA,2022-09-15,316.96278752162345,319.2646648778238,308.7152480911993,310.46856689453125,2486800
MA,2022-09-16,306.4427824263394,309.1658463369972,302.7793579634946,308.67608642578125,3650900
MA,2022-09-19,305.56121425903945,308.98953356680363,303.8960186382394,307.5986022949219,2369700
MA,2022-09-20,304.7873840678791,307.9316342509326,303.1026088188695,306.8541564941406,2769600
MA,2022-09-21,308.03944431498877,308.5292042894763,297.9895600728807,298.2638244628906,2366300
MA,2022-09-22,296.74550289667354,296.8728153469823,290.51574210620623,292.2494812011719,3176500
MA,2022-09-23,287.1266168793027,288.5371276506726,284.2957905738577,287.5673828125,3245900
MA,2022-09-26,284.1096577270698,289.29132495797415,283.19871164217125,284.1684265136719,3635600
MA,2022-09-27,289.4186963082992,291.7989220820081,278.96720761879175,280.6128234863281,4073300
MA,2022-09-28,279.2708577898729,286.97970322767526,275.92091703010493,284.2370300292969,5611400
MA,2022-09-29,282.444569806569,286.08838503882606,279.01625014852084,280.89691162109375,3439700
MA,2022-09-30,280.9850109997031,284.8051618009431,278.5166320800781,278.5166320800781,3804200
MA,2022-10-03,281.95480276315914,286.75444418518185,279.084816695831,284.53094482421875,5285200
MA,2022-10-04,290.1239672010216,297.7446299244882,289.9182764163111,295.09991455078125,3949200
MA,2022-10-05,291.8772958366248,300.32075100867337,291.1622356823708,297.96990966796875,2845200
MA,2022-10-06,296.861277104675,299.28459572906434,293.21158326431544,293.5746154785156,2494400
MA,2022-10-07,291.0531113401099,291.5730931098685,287.45246139196695,289.3950500488281,2210800
MA,2022-10-10,291.4260390095691,291.63206168738634,284.0677868223348,286.26544189453125,1783500
MA,2022-10-11,284.3522340059593,284.90167761753617,279.0445087158567,280.6436767578125,3554900
MA,2022-10-12,281.12438832457127,282.0564153134836,277.85730872111014,278.02410888671875,2646800
MA,2022-10-13,272.03943244776013,289.84639313827853,271.63717781694373,288.4041748046875,3322800
MA,2022-10-14,290.26823496238853,292.97608057454505,282.39982365069983,283.2337646484375,3106300
MA,2022-10-17,289.8365678983561,293.0840064215739,285.83366323199294,289.4637451171875,3417600
MA,2022-10-18,297.4401587821566,297.96014068698304,290.94525035211825,294.702880859375,3096000
MA,2022-10-19,289.8758067011316,293.97682758466027,289.2184864473772,292.1323547363281,1914300
MA,2022-10-20,292.1225160047847,297.00840463302194,290.02294769785385,290.6802978515625,2463800
MA,2022-10-21,288.9438102332523,296.9888133728027,287.95288951621205,296.6552429199219,3599600
MA,2022-10-24,298.76461379668933,301.1977530035498,294.82060188132476,299.82421875,3184100
MA,2022-10-25,300.12833303358263,306.20134500433556,300.0792600644549,305.5243835449219,3012400
MA,2022-10-26,306.38773948164715,318.31791954562544,306.38773948164715,313.4712829589844,5278000
MA,2022-10-27,310.204211733521,316.97379620188383,308.1242843837838,313.33392333984375,4725800
MA,2022-10-28,313.2750616655294,325.52899198651056,311.81323213897593,323.2430419921875,3644400
MA,2022-10-31,322.6641990243438,323.21361267374954,317.66058262937173,321.9774169921875,3157900
MA,2022-11-01,325.9410928877539,327.3342682740954,320.90804432993207,326.89276123046875,3660400
MA,2022-11-02,325.1562191888785,326.7063442247617,313.5890402396589,313.77545166015625,3074900
MA,2022-11-03,309.16424863141,310.7830577554178,302.767486966866,303.32672119140625,2860900
MA,2022-11-04,307.90846183789677,317.0228904477166,307.3197957705293,312.35284423828125,3414000
MA,2022-11-07,316.3557661161347,319.64242777790935,311.7053308870372,318.985107421875,2742100
MA,2022-11-08,320.06432265437803,323.17439345962845,316.1693537402684,319.5933837890625,2387500
MA,2022-11-09,316.18892733028855,317.5722820129955,309.19367908560895,309.6744384765625,3001200
MA,2022-11-10,324.9206437877332,331.0230861021452,322.93883285325154,330.8955383300781,3255000
MA,2022-11-11,332.5929140108411,336.15431195139627,330.0027955301475,332.87744140625,3734700
MA,2022-11-14,330.37563459101045,337.9988014493173,329.6692413288662,332.9559326171875,2348900
MA,2022-11-15,340.03947528689025,344.58197347657386,333.0736586866342,337.0177001953125,2983600
MA,2022-11-16,336.6742943806402,338.60706266316504,333.67213064403984,336.2818603515625,2579600
MA,2022-11-17,332.59289064794973,335.457715741345,330.63069070312406,334.8199768066406,2004500
MA,2022-11-18,339.127043177397,342.0409114917504,334.87886324038084,337.19427490234375,2737700
MA,2022-11-21,336.51734228479535,337.74371743889446,331.23901883102485,331.85711669921875,1965100
MA,2022-11-22,333.4071988068889,338.7934581501654,331.18011259238324,338.44024658203125,2510700
MA,2022-11-23,338.1164996125881,344.16986987836316,337.64556083136375,342.05072021484375,1937300
MA,2022-11-25,342.3646852649779,344.7585719234871,341.50131237950905,344.6506652832031,944400
MA,2022-11-28,340.12776606715704,343.6106892902259,336.74298878033017,338.0772705078125,2226200
MA,2022-11-29,337.1550281936976,338.20481243921427,334.3098440199849,336.6448669433594,1724200
MA,2022-11-30,336.37019775055467,349.6640930175781,335.026095314265,349.6640930175781,4252300
MA,2022-12-01,351.2239768936017,354.7461222753815,347.3584405261317,353.9808654785156,3374700
MA,2022-12-02,350.69425634121353,355.4427774167357,349.3305127776664,353.2549133300781,2015500
MA,2022-12-05,349.27162890199537,352.1168131492733,347.7509357524774,349.35992431640625,2202500
MA,2022-12-06,347.132828160192,348.2905190376807,337.84180945470985,340.9617004394531,2353300
MA,2022-12-07,340.32398787629535,341.27565611611243,335.0162330481195,340.8537902832031,2454300
MA,2022-12-08,343.3850586144827,345.51405915184495,340.6576013465483,344.532958984375,1998600
MA,2022-12-09,341.8152252610443,346.1026273607554,340.79487290374345,342.2370910644531,2301100
MA,2022-12-12,343.68917243729925,351.66552101301374,342.50204970386244,351.400634765625,2427100
MA,2022-12-13,362.2613676670583,362.281008829886,349.01651718268624,350.3998718261719,3072200
MA,2022-12-14,350.2528030997821,355.2564205607971,347.08383838828485,350.753173828125,2587200
MA,2022-12-15,344.77823365144565,347.113226897213,336.08567060789477,339.7059326171875,2774900
MA,2022-12-16,338.2538352021377,341.6582533895118,336.89012177546044,339.3036193847656,5947100
MA,2022-12-19,338.83266653220966,339.3134258705313,333.12268754161454,334.8101806640625,2457300
MA,2022-12-20,334.91807655307576,337.8613763276043,334.1822516094436,336.4682312011719,1895900
MA,2022-12-21,337.14525092275903,341.0303989144449,335.8992346403475,339.156494140625,2087000
MA,2022-12-22,337.684858153862,339.06821293830814,330.0715115186013,335.0653076171875,2276100
MA,2022-12-23,332.6125927161774,338.0282852052093,331.3077425704206,337.1060485839844,1914500
MA,2022-12-27,337.59661160409695,340.3535009896544,335.3498835843436,339.61767578125,1637700
MA,2022-12-28,340.00021900947655,342.9042967888047,335.32038243048896,335.4871826171875,1854100
MA,2022-12-29,337.871245140234,343.11031589389563,337.0471246786151,341.62884521484375,1459800
MA,2022-12-30,338.80326441278316,341.32469870713123,337.125591723976,341.1579284667969,1617600
MA,2023-01-03,343.34579392707707,347.956976525352,337.4395819091334,340.2455139160156,2933600
MA,2023-01-04,344.7487974046183,350.23314367129325,343.08091516689007,348.4377136230469,2661000
MA,2023-01-05,349.38937358589726,350.80216016868803,344.6310319661365,345.12158203125,2608500
MA,2023-01-06,351.1258099596249,362.3383335522329,349.1702617308293,361.3065185546875,4432800
MA,2023-01-09,365.1979885543991,368.50965720888007,363.16380804915184,364.5494079589844,3913500
MA,2023-01-10,362.4267793376156,365.2471017093585,360.8544655097466,364.5887145996094,3485900
MA,2023-01-11,366.170830904923,371.3791185277434,364.83438365913423,371.32012939453125,3370200
MA,2023-01-12,371.320127030015,374.5335502947321,370.396423786244,373.23638916015625,3291200
MA,2023-01-13,368.568569307123,371.3299322535023,367.83155008678574,369.0205993652344,4261000
MA,2023-01-17,368.5096435546875,371.78199599412085,367.5073081203997,368.5096435546875,2814500
MA,2023-01-18,368.02809735010715,369.30558532519245,362.12210711907767,362.53485107421875,2747100
MA,2023-01-19,358.28961917260665,364.38229344908655,357.3069268709755,361.5718078613281,3111200
MA,2023-01-20,363.8222096846916,370.1015983818581,363.00655821738206,369.7674865722656,3863400
MA,2023-01-23,370.21950897585236,374.7792159071941,369.8460810818936,372.0178527832031,2743900
MA,2023-01-24,383.2500091550323,383.2500091550323,368.72581769996333,373.43292236328125,2756200
MA,2023-01-25,368.6078931462901,375.9387694150226,368.6078931462901,375.771728515625,3501900
MA,2023-01-26,376.7741018513522,377.46196854715316,366.5442702282913,370.71087646484375,3718400
MA,2023-01-27,369.67913820739284,373.93418404618825,366.9177743511388,367.5565185546875,3405600
MA,2023-01-30,363.0655044565025,367.27142648275134,363.00654531510474,364.69677734375,2688600
MA,2023-01-31,363.58633308746454,366.03325743247404,360.66773560752546,364.185791015625,3137400
MA,2023-02-01,362.19091549599483,370.2588110442978,360.64808135649855,367.60552978515625,2951900
MA,2023-02-02,372.9514015017176,373.8849712590757,366.3477075042871,368.45068359375,2761600
MA,2023-02-03,364.38231821976336,371.6739087888796,364.07768598469994,367.4385070800781,2739600
MA,2023-02-06,363.5962032752004,367.8512483506285,362.662633460223,366.5148010253906,2068300
MA,2023-02-07,365.08005754466313,370.5438248060625,362.45625568140446,368.568603515625,2309100
MA,2023-02-08,366.7113549370756,369.286004359003,363.7337980117285,363.9401550292969,2193600
MA,2023-02-09,366.83903989145716,368.0870783611116,362.85914789540186,364.0089111328125,2287600
MA,2023-02-10,363.2423803820687,363.8418082641136,356.63868721345915,360.4809875488281,2270700
MA,2023-02-13,362.18107294905894,364.7164358859386,360.7168710135688,364.4117736816406,2286400
MA,2023-02-14,363.1834873283464,366.9472164634592,361.36553016295835,363.5569152832031,1841400
MA,2023-02-15,359.9405393555134,363.3996055025294,358.69253091366545,363.2424011230469,2203300
MA,2023-02-16,358.5844090385416,366.6228247377666,358.5844090385416,361.18853759765625,2792700
MA,2023-02-17,357.75895038306703,360.35327240678487,353.57267165815347,354.8796691894531,2718900
MA,2023-02-21,350.5853051132653,355.5085730110365,349.0424710463168,349.79913330078125,2730900
MA,2023-02-22,349.20952835553686,351.54834087487154,347.0967458659276,348.8262939453125,2109300
MA,2023-02-23,351.5483898816089,351.5483898816089,345.5736329398942,349.37664794921875,1975500
MA,2023-02-24,344.7481508018815,347.87310539868685,343.5394283682982,347.0083312988281,2016100
MA,2023-02-27,349.4847795667549,351.8333990773213,348.6789645089893,349.3275451660156,2200800
MA,2023-02-28,348.6691354107859,351.607376489334,347.1263009357411,349.1408386230469,2732900
MA,2023-03-01,347.8730294363839,349.1603537845824,343.3428329112274,347.3816833496094,1968100
MA,2023-03-02,347.50949852510655,350.4477390380601,345.60307297794753,349.4159240722656,2526000
MA,2023-03-03,351.9217509442366,355.42996954569077,350.90957910568295,355.2432556152344,2174900
MA,2023-03-06,355.5577714157448,362.1516290236477,355.00746607081834,360.5793151855469,2789400
MA,2023-03-07,360.8151110526897,362.7608224304921,353.3269712398413,353.7102355957031,1660800
MA,2023-03-08,352.4033265306314,355.43987260412854,351.09635876215725,352.8160705566406,1634400
MA,2023-03-09,353.0321978571226,357.719629186979,347.78462473613575,348.3054504394531,2414700
MA,2023-03-10,346.31061286099816,346.939520367244,339.2548890221501,341.1023254394531,3176400
MA,2023-03-13,337.68257144168837,343.8047254876845,334.32175046496286,338.7438659667969,3308200
MA,2023-03-14,344.92502417135375,349.94656782064993,342.52725237340445,346.7135314941406,3413300
MA,2023-03-15,340.0607080492019,342.37004128911394,337.6924456512296,342.0555725097656,3082600
MA,2023-03-16,340.6208389022377,342.6550193916546,334.3905726115717,341.9769592285156,3768100
MA,2023-03-17,344.1880002276207,345.84875272066114,340.8566587213022,343.60821533203125,8426800
MA,2023-03-20,341.97697815178384,347.7158985542244,341.3283975255273,343.2741394042969,3864200
MA,2023-03-21,348.2366770768025,350.03502083937246,344.75793782265254,348.4332275390625,3766800
MA,2023-03-22,348.4725854057775,353.7693125637956,344.9545593261719,344.9545593261719,2596400
MA,2023-03-23,346.31062566576867,353.6316659122503,345.7504838110172,348.2366943359375,2598100
MA,2023-03-24,344.3845890153439,346.32049438592435,340.3162277839071,345.5441589355469,2971500
MA,2023-03-27,349.41593058010477,351.69578405887523,348.14824903527426,348.48236083984375,2420300
MA,2023-03-28,349.4061101532088,349.7402219731672,346.6938695108036,348.1973876953125,1695900
MA,2023-03-29,351.1945601951379,353.7986886530263,349.6615626882531,353.3073425292969,2327000
MA,2023-03-30,354.70286696837485,356.3144670607024,352.03974872280156,353.0421142578125,2480500
MA,2023-03-31,354.87967151840536,357.35604529325155,354.14265230083805,357.1202087402344,3376600
MA,2023-04-03,356.3340805199473,360.3140027754761,355.48897944195977,360.1272888183594,2978000
MA,2023-04-04,360.45157822670893,362.731431905396,357.09078684584887,357.6017761230469,2198700
MA,2023-04-05,357.74942474124424,359.37340501375513,355.9088817268611,358.0545349121094,2239600
MA,2023-04-06,355.5151771786648,356.3321082706549,350.3578003046644,355.7710876464844,2357600
MA,2023-04-10,354.0387926983075,355.23955934235033,351.94236953779983,354.4620361328125,1559100
MA,2023-04-11,357.69036237004326,359.4324458775526,355.46598373882347,358.38916015625,3033800
MA,2023-04-12,360.3084277800944,362.78871708457564,355.338057290764,356.07623291015625,2268800
MA,2023-04-13,358.0840417028146,363.9205424500633,357.6608282671963,363.8221130371094,2611700
MA,2023-04-14,364.16663730419396,367.50320550671677,363.29065448886166,366.5583190917969,2254600
MA,2023-04-17,367.47363411459264,368.2019877831958,362.5820194066033,366.88311767578125,2432700
MA,2023-04-18,368.0543184421351,368.0543184421351,364.12720433465637,366.45001220703125,2087800
MA,2023-04-19,367.1094922461613,368.25120748396995,365.3083569370352,366.9224853515625,1795300
MA,2023-04-20,365.5937799222916,369.27480596004426,363.8615182403177,369.0877990722656,2124800
MA,2023-04-21,369.7963566523635,371.47938818632514,367.3751497042951,369.32391357421875,3537800
MA,2023-04-24,369.2353829482861,371.6861460586549,367.72950611401916,368.822021484375,1886300
MA,2023-04-25,367.61140129203477,368.6743608026295,362.5130763489921,362.7197570800781,2245000
MA,2023-04-26,363.8122597776132,366.3515702089922,360.3182111556307,360.9776611328125,2594200
MA,2023-04-27,360.8005317097804,369.0681223748027,355.3085185177018,367.7787780761719,3859900
MA,2023-04-28,366.6566970235152,375.90849077279677,365.65278913964363,374.0384521484375,3107300
MA,2023-05-01,374.4912270805822,376.4301694796632,372.9853500930227,373.87115478515625,1745100
MA,2023-05-02,371.8141202921109,372.867258030763,365.0918143312688,370.1015625,2478700
MA,2023-05-03,370.73149356605984,373.5660627109173,368.4283592039213,368.9893798828125,1970900
MA,2023-05-04,368.595639691027,370.9085956403011,366.27286182635237,370.1900939941406,2814900
MA,2023-05-05,374.56994547622173,379.0777240390076,372.2766634058932,378.595458984375,2683100
MA,2023-05-08,377.95571683638866,381.3513061943471,377.7194802460575,379.43206787109375,1719600
MA,2023-05-09,377.82780088905486,380.0817054465718,376.6664118297531,376.9026184082031,2036400
MA,2023-05-10,379.9045006667412,380.66238012715297,371.6959920927626,376.5089111328125,1940800
MA,2023-05-11,376.184131395943,379.63880292309517,373.28065863413457,377.3455505371094,1901200
MA,2023-05-12,378.4281710446918,378.9498139321516,372.8278764418892,375.8987121582031,2044000
MA,2023-05-15,375.8494749172642,377.61126238501186,374.5306048137551,377.3652038574219,1957400
MA,2023-05-16,376.56792498834835,377.5521589637301,371.37117079979015,374.2451171875,2762700
MA,2023-05-17,376.174308643544,381.41041155647036,373.15270255816,380.89862060546875,3260300
MA,2023-05-18,381.0068237762067,385.83941650390625,379.7273315422437,385.83941650390625,3729500
MA,2023-05-19,385.8197679692154,386.0166268041843,379.0679364472458,379.49114990234375,3369100
MA,2023-05-22,378.92026856313186,381.26275047760413,378.1230413618455,378.467529296875,1808800
MA,2023-05-23,375.50493965328087,376.0069085979716,364.5996403007254,367.8574523925781,3979000
MA,2023-05-24,363.54646421845604,363.78267073849645,359.8162093951671,362.690185546875,2655700
MA,2023-05-25,362.1095398780563,365.14096742667493,359.15683783456456,364.2059631347656,3752200
MA,2023-05-26,365.1507878307273,369.756995411869,364.2157535831633,368.4676513671875,2691300
MA,2023-05-30,370.3475981853674,370.6920861204364,360.4265318813119,361.7060241699219,3430100
MA,2023-05-31,359.2454018171596,359.9343776160414,352.208134884741,359.26507568359375,10695300
MA,2023-06-01,361.3713631209889,365.2393955758789,360.27884774971653,365.03271484375,3389700
MA,2023-06-02,368.6842259303022,369.89484461423285,366.28269246658834,367.8377990722656,2501500
MA,2023-06-05,366.87322790360327,366.9224275896186,362.7197591722914,364.6783752441406,2316200
MA,2023-06-06,367.07005356461605,374.3829044031079,365.9480124750072,373.9695129394531,2758700
MA,2023-06-07,373.31014147913123,374.5010562702079,362.4540411019807,365.5346984863281,3714500
MA,2023-06-08,363.53666961461533,363.94020917429765,360.0820285683286,361.7945861816406,2594700
MA,2023-06-09,364.619305247633,366.2432852780702,361.96189157140043,363.39886474609375,2201800
MA,2023-06-12,364.8260528733546,370.0424813858885,364.1075511951815,369.39288330078125,2407500
MA,2023-06-13,369.3928430230641,371.23335571196276,363.9795562738624,365.5248107910156,2444100
MA,2023-06-14,367.0503973665784,372.11919672105523,366.1547407759521,368.8515625,2775400
MA,2023-06-15,367.38506721144734,373.5857603252161,364.6784233221244,373.0641174316406,2558100
MA,2023-06-16,375.5935234486459,376.86319372265535,370.2294661544257,370.5936279296875,5886900
MA,2023-06-20,369.09758025453436,373.52663299417577,367.85743587577514,368.7137145996094,3961700
MA,2023-06-21,368.06415530239076,372.42433495232984,367.76889710327043,370.2098083496094,2301300
MA,2023-06-22,369.1960661196748,372.51296051242696,368.05438091136443,371.8436584472656,1933300
MA,2023-06-23,369.0681529730808,375.11133537232325,367.3358911607639,373.8219909667969,3739700
MA,2023-06-26,372.099529194081,373.99909373580414,369.4322632810872,371.4696350097656,3327800
MA,2023-06-27,374.3435396654982,376.80412455842213,373.03452171849483,375.77069091796875,2197300
MA,2023-06-28,375.18017731615515,375.3868580550164,372.69991834050296,374.2353210449219,2012400
MA,2023-06-29,374.8455906845319,381.8927109655207,374.5011027167941,381.5580749511719,2524600
MA,2023-06-30,381.9812440821152,388.93978608392706,381.9812440821152,387.0992431640625,4407100
MA,2023-07-03,385.17015191087245,388.0933282589552,382.5520857172664,387.74884033203125,1304600
MA,2023-07-05,382.68006518756914,389.0185353132352,381.02655907733663,388.5067443847656,2781800
MA,2023-07-06,388.1814186675142,388.5559732711253,384.15008373894347,387.5013427734375,2156600
MA,2023-07-07,385.05689799605585,386.82123304759136,382.8293027940012,383.10528564453125,2654400
MA,2023-07-10,382.9081582329511,387.7871438136585,382.44489809936084,386.5353698730469,2148600
MA,2023-07-11,387.9744721083963,392.74505045170594,386.7128318033878,392.0945129394531,2106200
MA,2023-07-12,393.2772604477902,397.38746460039636,392.99141141006254,394.9430236816406,2273400
MA,2023-07-13,397.2199479640853,397.4564961239124,394.71636964636275,394.81494140625,2354900
MA,2023-07-14,396.35257865849127,397.70292458518054,394.5586748365208,396.73699951171875,1978500
MA,2023-07-17,396.1849821479426,398.2055676747382,395.36686970625703,396.431396484375,2344500
MA,2023-07-18,394.6769360950998,396.17512446405476,389.5416395559641,392.4493408203125,2676200
MA,2023-07-19,392.2916226038965,394.11509470483935,390.6258592874548,392.5577392578125,1809700
MA,2023-07-20,391.4439811101947,393.9869638815292,389.87675942660843,392.35076904296875,2570700
MA,2023-07-21,392.95203899309064,395.7513023289806,391.7199672741315,391.7889404296875,1868100
MA,2023-07-24,391.77910000282196,399.10252700062705,390.921552828759,398.9842529296875,3029800
MA,2023-07-25,397.58461750823335,399.05323739715914,395.24861430132745,395.52459716796875,2490500
MA,2023-07-26,393.45468271925125,397.52545227336503,390.07388532273694,396.63836669921875,2572300
MA,2023-07-27,399.3785069468177,399.3785069468177,388.2997278781001,388.8418273925781,3563300
MA,2023-07-28,392.2522004481574,392.29163516551415,383.30244472023026,387.32391357421875,4501000
MA,2023-07-31,388.31944861118626,390.3991712950396,386.840962505361,388.625,3578300
MA,2023-08-01,388.13220892208926,391.60171249132384,386.73256203775253,391.3750305175781,2344200
MA,2023-08-02,388.23073961257757,388.5559933178298,383.9923947655272,384.42608642578125,2410600
MA,2023-08-03,382.0013549467458,387.797024898437,380.8777212246142,387.3731994628906,2190500
MA,2023-08-04,385.9931888857742,390.4089438244632,384.47529850548983,385.7369384765625,2215800
MA,2023-08-07,387.36336703311036,392.04523978987186,387.36336703311036,391.1778564453125,1559800
MA,2023-08-08,390.49773461045623,390.69487811892225,384.5345194778117,387.5506286621094,1747000
MA,2023-08-09,388.210989899021,391.09898879869553,386.24954139572475,388.02374267578125,1806100
MA,2023-08-10,390.77373034121223,394.88393499704154,390.0344872799382,391.4440002441406,2154500
MA,2023-08-11,390.07394787256607,390.98076598969084,387.17611247376806,389.31500244140625,1464600
MA,2023-08-14,390.76388678063313,393.5040131390507,388.9502507012168,392.8633117675781,1638500
MA,2023-08-15,391.78891809609826,391.78891809609826,387.94486056804817,388.79254150390625,1753200
MA,2023-08-16,387.79702996623115,393.4744259245095,387.4816123952434,388.71368408203125,2002000
MA,2023-08-17,390.45830252515117,390.5272756763772,385.382143297807,386.98876953125,2118600
MA,2023-08-18,384.2289871062999,388.1913191515531,383.253165794951,386.5452880859375,2001800
MA,2023-08-21,387.5702914407721,389.32476019957306,385.4116995867582,387.5604553222656,1869400
MA,2023-08-22,389.3346782065415,393.0505958254786,388.0336032019719,392.1339416503906,2422500
MA,2023-08-23,393.54340415719736,396.15542023079746,392.6464523480551,395.3077392578125,1943200
MA,2023-08-24,395.8300987582499,398.205536384385,391.79876414057685,391.9663391113281,1970000
MA,2023-08-25,394.903648620857,398.8167098737419,393.27731985547535,397.1115417480469,2154600
MA,2023-08-28,398.20555832771703,401.95104412162203,397.3677435875378,401.5962219238281,1901300
MA,2023-08-29,401.57653819294967,406.27811301057585,400.75842573260155,405.745849609375,2188800
MA,2023-08-30,408.8309668147284,411.78793895430545,407.5890288905457,407.97344970703125,2516600
MA,2023-08-31,408.26910829479476,410.3192923560852,405.87396823692467,406.7216491699219,2535100
MA,2023-09-01,407.9044515410978,410.53617001317633,406.5738080457744,409.6096496582031,1841700
MA,2023-09-05,407.42149467752705,409.442080327338,403.82385116256097,405.5980224609375,2045600
MA,2023-09-06,404.88830422992083,407.4510192242443,403.02542757565544,407.2538757324219,2292100
MA,2023-09-07,406.01208243325317,410.1616924108765,405.8248050871956,408.67333984375,2502700
MA,2023-09-08,409.04775393374337,410.35866482566456,407.92409024363513,408.8900451660156,1868900
MA,2023-09-11,410.87130132599884,411.60067819085293,408.6930068513148,410.7135925292969,1544700
MA,2023-09-12,409.9841730661178,411.6597724572078,409.29420091222096,410.299560546875,1997600
MA,2023-09-13,410.2010524030619,412.40891534817234,409.0182514939661,410.32916259765625,2142200
MA,2023-09-14,412.3004424314511,412.59615767358787,401.93133831649317,407.4115905761719,3557700
MA,2023-09-15,405.95283368825835,412.30046961559077,405.24318925203903,408.3677062988281,4755500
MA,2023-09-18,407.94389126833994,411.8963870847935,407.1159426583865,411.14727783203125,1808000
MA,2023-09-19,410.9796436257332,411.11765008078044,405.20370650756337,407.5988464355469,1730900
MA,2023-09-20,407.83540522898426,409.88558923276327,404.19832742985676,404.63201904296875,1580000
MA,2023-09-21,402.4833838099328,402.90720931983634,396.3328905763628,397.5747985839844,2450700
MA,2023-09-22,398.5900312623875,401.01474017078436,395.80060382982697,396.4511413574219,1885000
MA,2023-09-25,394.8543777127921,397.4466616008662,394.1052684304923,396.7172546386719,1846500
MA,2023-09-26,394.2629609012542,395.1007757091447,387.9645956625158,389.709228515625,2940400
MA,2023-09-27,390.5272803716237,391.33552659740894,385.8651404748279,389.8077697753906,1987500
MA,2023-09-28,390.1527596410044,395.59360779917256,389.6993656544494,393.71099853515625,2216200
MA,2023-09-29,396.2638469484415,396.41168954382033,388.5954335093966,390.23162841796875,3032300
MA,2023-10-02,387.9547865596304,390.67518072497865,386.8212864840787,390.1725158691406,2856800
MA,2023-10-03,388.8417433039801,392.15353686944877,383.3910605009112,385.4510803222656,2527900
MA,2023-10-04,386.3776906713061,388.81226558868,383.00672921652836,388.1124572753906,1813400
MA,2023-10-05,385.3486395982928,389.6227100726722,384.9636614775431,389.10943603515625,2116600
MA,2023-10-06,388.1519096202911,395.8215583986757,385.4571535029497,392.8306884765625,2484000
MA,2023-10-09,389.36601208983876,391.3796763624444,384.54902663792876,389.64239501953125,2475100
MA,2023-10-10,390.4320938194619,397.5193656843896,388.7639156895539,395.19970703125,2713800
MA,2023-10-11,398.04249039040917,399.89821717404413,392.2285385017543,394.64691162109375,2055600
MA,2023-10-12,398.58540909509986,400.10553032948275,392.1891095801301,394.73577880859375,1779000
MA,2023-10-13,393.65984913482714,396.9468630844002,389.9780067258152,392.8899230957031,2235600
MA,2023-10-16,395.0713901029472,399.20728389030154,393.630252616015,395.9795227050781,2202100
MA,2023-10-17,394.47919645416675,398.3979002763878,393.3045613083909,396.5816650390625,2176000
MA,2023-10-18,393.95597441668684,396.18679895650325,387.49057160015894,388.1321716308594,1951400
MA,2023-10-19,388.7639627203734,389.7312880587401,380.5217857209173,382.8611755371094,3472800
MA,2023-10-20,382.86114131014864,384.9537593531945,379.20894023689294,379.4458312988281,2652500
MA,2023-10-23,377.37297051771276,382.85128757231365,376.07988984178377,378.7154235839844,1771800
MA,2023-10-24,380.5217484771381,384.40099020084915,378.9127930736774,381.9135437011719,2003300
MA,2023-10-25,379.0411222215148,383.6113364055573,377.3038407718186,381.3212890625,3504500
MA,2023-10-26,366.22873230658547,370.7002318468195,358.3518032530569,359.88177490234375,6920100
MA,2023-10-27,361.75723846577296,363.53401183083764,355.12401750785943,359.37835693359375,3624900
MA,2023-10-30,361.78685407966316,368.41022473626924,360.0101108173041,367.6106872558594,3386400
MA,2023-10-31,368.4990286902186,372.8027100778573,368.2917188985947,371.4898986816406,2978800
MA,2023-11-01,373.77991668318396,375.4875564025786,370.19678922512304,372.9408874511719,2354700
MA,2023-11-02,375.3888962316849,378.09353309401246,373.60227249381495,377.748046875,2816000
MA,2023-11-03,380.0282077133705,383.4237868363243,378.77461901549674,381.06463623046875,2269100
MA,2023-11-06,382.10105063689616,383.2361936726604,379.24835723438383,381.1731872558594,2020500
MA,2023-11-07,381.01527299369695,384.5589088349606,379.3372144052135,383.84820556640625,2324200
MA,2023-11-08,382.1109008597397,386.3158974519509,382.0023358437049,384.66748046875,2838400
MA,2023-11-09,385.911240505754,386.3949332630512,382.2688897518253,382.9499816894531,2657100
MA,2023-11-10,385.0031281608561,389.9879016581194,381.74572547212057,389.2870788574219,2807000
MA,2023-11-13,389.2574462890625,390.5209154113412,387.9446047830388,389.2574462890625,1614600
MA,2023-11-14,392.05089981204736,396.4927878267701,391.6264599647204,392.51483154296875,2733900
MA,2023-11-15,392.33716346228493,394.12378712150803,389.6621682243374,391.7054138183594,2434600
MA,2023-11-16,392.87017585694684,394.78512543514216,390.44192219172237,391.971923828125,3060600
MA,2023-11-17,394.80489002504567,395.9400331918965,392.77149475267447,395.130615234375,2365500
MA,2023-11-20,395.54520317071206,399.96736041366484,393.11697943111096,399.17767333984375,2768300
MA,2023-11-21,400.4806457910935,405.0508600765756,400.45103440770197,403.6689453125,2567500
MA,2023-11-22,406.9361661529786,407.51854339573373,404.8533986082968,405.03106689453125,1967900
MA,2023-11-24,407.16318468384674,407.63699691324297,405.22850412990334,407.1730651855469,1053500
MA,2023-11-27,405.69250486283653,407.3902946526034,402.9780172998857,403.688720703125,2665900
MA,2023-11-28,403.79725307926026,405.3371354312742,402.19817808220813,403.7281799316406,2645000
MA,2023-11-29,405.7023144478753,406.7584738029898,404.1328509824631,404.5276794433594,2151400
MA,2023-11-30,404.8040581011089,408.81162567764903,403.50109708278586,408.4858703613281,3203500
MA,2023-12-01,407.558045372792,411.2201268282344,406.2550843278405,409.009033203125,2171400
MA,2023-12-04,408.4858802099221,409.492727440847,402.76079214068443,402.9582214355469,3097900
MA,2023-12-05,401.83294841443785,403.7676290804974,399.09873027483144,403.41229248046875,2755600
MA,2023-12-06,406.1168728087247,408.47602331371803,401.90202552964803,405.0804443359375,2224200
MA,2023-12-07,406.7486573200216,408.22928676437715,404.69550095469805,407.814697265625,2363000
MA,2023-12-08,406.8967166647329,408.32800385219986,403.9453382609096,406.8374938964844,1959300
MA,2023-12-11,407.1336440367781,410.7957562330554,407.0546903799019,410.3416748046875,2236000
MA,2023-12-12,411.6149247385389,415.5632693403474,409.34463864189047,415.3164978027344,2736500
MA,2023-12-13,416.4121798831202,420.8639483916527,413.73718465138876,419.1957702636719,3694200
MA,2023-12-14,419.5215339938627,420.3506828235937,410.5291626512727,413.1548156738281,3989700
MA,2023-12-15,407.29146790107114,413.8457341631282,406.2846509083479,413.1646423339844,5566600
MA,2023-12-18,414.1123187465236,419.60051622444826,414.1123187465236,418.94903564453125,2686900
MA,2023-12-19,418.5739102150264,421.16995185958103,417.06366946485525,419.9755859375,2256200
MA,2023-12-20,419.59062621277803,422.08795331745523,413.82604590342186,414.0333557128906,3058300
MA,2023-12-21,416.343115479174,418.42585299568253,415.1783308168825,417.9718017578125,2213600
MA,2023-12-22,419.26492162753607,421.6536838173339,417.4980286497861,418.6233215332031,1759000
MA,2023-12-26,419.51166402155064,420.2223673396559,417.48814922095727,418.1988525390625,1258200
MA,2023-12-27,417.5375208875268,419.52157406601094,417.4980289994393,418.87994384765625,1324100
MA,2023-12-28,418.2975177707867,422.82823991839666,418.20868362555683,420.8146057128906,1505000
MA,2023-12-29,421.16992401190384,422.818371186675,418.7910427035171,421.00213623046875,1706100
MA,2024-01-02,418.61337450063144,418.8009232847274,414.1418753097514,416.4418029785156,2463700
MA,2024-01-03,415.76073350515907,415.89890991360744,412.1085023926461,413.3620910644531,3093700
MA,2024-01-04,413.0955934424828,417.98168240356074,412.87843326369085,414.34918212890625,2042600
MA,2024-01-05,415.05985192978227,417.30055680362045,411.605050351879,414.0036926269531,2415900
MA,2024-01-08,414.6760051650174,417.28600437041445,411.7990533087441,417.1871643066406,2125400
MA,2024-01-09,414.33983264293386,418.8875914864791,413.78619558416733,417.8000793457031,2439300
MA,2024-01-10,421.1614638376274,424.592052555068,419.3324702257373,423.4056701660156,2709300
MA,2024-01-11,425.1160968853004,426.8857746667156,420.93413000090567,421.87335205078125,2320600
MA,2024-01-12,425.06663957521147,426.2134377437064,422.842195077269,424.2262878417969,1892400
MA,2024-01-16,422.5851344151133,424.8491330189881,421.6755705095307,423.48480224609375,2398000
MA,2024-01-17,420.64743117523403,425.49177119617264,420.64743117523403,422.5653991699219,2690400
MA,2024-01-18,423.77151878709225,426.32220185637135,422.5950324005642,425.827880859375,2075700
MA,2024-01-19,427.6370946635584,432.1057759136234,424.46356221994756,431.8190612792969,2400200
MA,2024-01-22,433.99406659667073,435.9317964267212,432.2936011867607,434.75531005859375,2715500
MA,2024-01-23,435.2694403617998,435.59570914593365,432.88680931391417,433.776611328125,2328600
MA,2024-01-24,433.5491722245463,435.92190697487393,430.81064476395875,433.7172546386719,2725700
MA,2024-01-25,431.0479046342425,433.6480378771649,429.52538753239065,431.83880615234375,2977800
MA,2024-01-26,427.6371040514427,434.8937632046382,425.77848235238355,433.5491943359375,2725400
MA,2024-01-29,430.83039730253955,435.9515554758896,429.73301919580393,435.57586669921875,2314200
MA,2024-01-30,435.8922621925529,441.1518449993948,435.05191043825937,440.133544921875,2663600
MA,2024-01-31,444.8888985051937,456.75260246533225,441.5472837290679,444.1276550292969,4740500
MA,2024-02-01,449.83207155568067,455.90234739895294,448.8928496675663,455.6848449707031,3292700
MA,2024-02-02,456.96021567127553,458.57170697731675,453.2923622566099,455.3487243652344,2050300
MA,2024-02-05,454.290878437542,456.12973800813825,450.35607256009814,451.5721130371094,2438800
MA,2024-02-06,450.18801882073495,455.32896942824095,450.18801882073495,455.2696533203125,2201900
MA,2024-02-07,455.97154330598903,456.9898433031716,454.39960623291836,456.6636047363281,2544300
MA,2024-02-08,454.7753116221185,455.51679310845896,452.2542866369447,453.0550842285156,2081300
MA,2024-02-09,452.8573001051767,453.77672981856927,451.1864929033571,452.6793518066406,2155400
MA,2024-02-12,453.964601886674,454.1821043218065,450.89980581742896,453.49993896484375,1794500
MA,2024-02-13,451.572114843391,456.6339568909086,450.8602914197739,455.2300720214844,2407700
MA,2024-02-14,456.752601692568,460.1634286437209,454.22168059903055,459.9063720703125,2202700
MA,2024-02-15,460.53907426939344,466.7477446160836,459.9459132258868,465.92718505859375,2354100
MA,2024-02-16,468.7844253719782,468.7844253719782,461.76506061435975,462.8130187988281,2237200
MA,2024-02-20,447.65704998630036,450.6724259494461,445.00749687771315,446.6189880371094,5044200
MA,2024-02-21,448.1612947619265,454.37986128094843,446.8661761782724,453.8360900878906,2895800
MA,2024-02-22,456.56478058444156,467.13336646372096,456.3373820524477,466.20404052734375,2572800
MA,2024-02-23,468.349384320381,469.77303121040654,466.50059844151656,468.04290771484375,1764100
MA,2024-02-26,467.6275940358912,469.6839558042116,466.6389521880352,469.1204528808594,2066900
MA,2024-02-27,469.1600476181494,469.60494858519286,464.6123185686182,469.3577880859375,2011100
MA,2024-02-28,468.7843568598732,473.697908455002,468.29003589525644,473.41119384765625,1931900
MA,2024-02-29,472.570835413863,472.95642024280806,466.68840395068423,469.3676452636719,3072500
MA,2024-03-01,469.51596525556005,472.0765443573182,468.5174272033645,471.2164306640625,1748300
MA,2024-03-04,470.2673258333591,471.2164136498251,460.47974647064734,463.1688537597656,3212400
MA,2024-03-05,462.0615791278104,463.9103347300871,459.34281379011924,462.2098693847656,2015100
MA,2024-03-06,461.8539880144884,468.24060671617275,461.8539880144884,466.2435607910156,1917100
MA,2024-03-07,467.82536157897806,467.8945435824106,460.5983916661067,462.2296447753906,2178100
MA,2024-03-08,461.79467496601546,466.2633258547846,461.79467496601546,463.9301452636719,1596900
MA,2024-03-11,463.67311248266896,464.0389052067409,459.4120677432535,463.831298828125,1774500
MA,2024-03-12,465.1856964431913,468.98207791815616,463.38636084961627,467.4991149902344,1853900
MA,2024-03-13,468.8436767651168,470.75174846298563,467.4101338877167,470.2079772949219,2103900
MA,2024-03-14,475.55657512736786,476.52545517162764,471.7601933788809,474.0340881347656,2757700
MA,2024-03-15,467.9638280400474,473.0256705488623,467.70677145030004,470.425537109375,4179300
MA,2024-03-18,473.20358414834345,475.35881629782125,471.23616620681287,473.45074462890625,2072300
MA,2024-03-19,476.1497737033031,479.10580374338963,474.06375348435574,478.50274658203125,2049500
MA,2024-03-20,478.8190466226739,482.9021424490486,478.14677737960295,482.4967956542969,1691100
MA,2024-03-21,482.9812300391288,484.43453485051856,477.9094922244631,483.0899963378906,2580300
MA,2024-03-22,482.7637861249255,483.3372153967203,475.99158220109484,476.19921875,2277800
MA,2024-03-25,476.1299644497931,476.84178785359825,469.02162648585033,470.63311767578125,2600300
MA,2024-03-26,472.29405487707004,474.54815741796705,466.9454980656566,471.3844909667969,2515100
MA,2024-03-27,475.04254023857027,476.6836897837394,469.35784802968,472.5215148925781,2309400
MA,2024-03-28,472.48187812043847,476.95052887455273,471.85902886435395,476.1003112792969,2214500
MA,2024-04-01,475.2006490826104,477.7908861957362,471.9084544533641,472.96630859375,1648200
MA,2024-04-02,471.5525683078918,474.95349914647494,470.89016490340026,473.984619140625,3265100
MA,2024-04-03,474.9831549570095,477.81065653579753,471.7898305022686,471.9974670410156,2265000
MA,2024-04-04,474.51845512771087,476.4858428588883,463.6730522509516,464.4342956542969,2552600
MA,2024-04-05,468.61631348291115,473.8660001506569,467.1630085190688,471.73052978515625,2462700
MA,2024-04-08,471.6413852377911,474.8886211480879,469.5425660804069,474.0669250488281,1961800
MA,2024-04-09,473.1957504426459,474.10657422497997,463.1570203365461,467.44378662109375,2217200
MA,2024-04-10,465.47365393708765,469.65150308042007,464.16683169219715,464.483642578125,2710500
MA,2024-04-11,463.6025335327595,465.65186436568166,459.5533905641753,463.6322326660156,2299900
MA,2024-04-12,461.34527801829455,464.83010700999796,457.49411945718157,460.7314758300781,2486300
MA,2024-04-15,465.5429271305543,466.29534542394634,453.85089551475716,455.19732666015625,2070500
MA,2024-04-16,455.40518452376136,458.7514274527797,454.4151732530575,455.22698974609375,1787200
MA,2024-04-17,458.1475749778067,458.7811967901391,453.57372704125385,455.56365966796875,1735000
MA,2024-04-18,455.9002263482064,457.29614597623566,449.2671382228616,450.1581726074219,1998900
MA,2024-04-19,454.3063177619559,455.266599756349,448.06922819989563,450.8412780761719,2548800
MA,2024-04-22,452.93022218400426,456.13784949925997,450.58389996541905,452.1877136230469,2157400
MA,2024-04-23,453.9004064459029,458.35545744062875,452.74207989366494,458.1970520019531,2029100
MA,2024-04-24,460.6424198490603,463.47383799448005,455.75176104083454,457.8802795410156,4043100
MA,2024-04-25,456.33587467918164,459.3653072626436,452.1580252020329,457.4941711425781,2006500
MA,2024-04-26,458.2861823453374,460.17710775124556,456.3358586722489,457.80108642578125,1963300
MA,2024-04-29,456.34579085516157,456.9793824737699,451.12841116729584,452.53424072265625,2120700
MA,2024-04-30,451.7026009066404,453.1480090586698,446.37633485999476,446.6931457519531,2698800
MA,2024-05-01,441.34708118932446,444.4953404825825,434.00121333480814,437.65435791015625,4979100
MA,2024-05-02,438.57501571368135,440.2184381339847,433.67444758392594,436.6940002441406,3866500
MA,2024-05-03,440.46596300050777,440.8124730231463,432.53596224525626,439.14923095703125,3711500
MA,2024-05-06,442.7627393057939,446.000065195441,441.10940723554575,444.88134765625,2536200
MA,2024-05-07,447.24751278106606,448.7721084238373,443.0597541220972,448.5345153808594,2345300
MA,2024-05-08,449.4651496523632,450.56404774080363,445.42591666715833,450.2274475097656,2332400
MA,2024-05-09,449.01968297896946,451.4749222620399,449.01968297896946,450.9403076171875,1970100
MA,2024-05-10,452.7618850816155,453.99939929010617,450.43538253985247,452.4154052734375,1729900
MA,2024-05-13,452.3659261624069,454.13805512360807,450.96012681768445,453.1876525878906,2069300
MA,2024-05-14,453.3459902370484,454.395399803694,444.8120674062694,449.66314697265625,2991000
MA,2024-05-15,448.2672205362143,454.01918371508964,448.2672205362143,453.4251708984375,2437800
MA,2024-05-16,455.40524726507647,460.28599625100946,454.2370410557609,454.2865295410156,2412200
MA,2024-05-17,455.85074087487834,457.07834528802215,453.534087715028,455.6725158691406,1985900
MA,2024-05-20,454.8904392360679,457.6030607460697,454.1974191857647,455.0686340332031,1397200
MA,2024-05-21,453.3360748180995,455.79131370140936,451.078850278495,454.5141906738281,2166000
MA,2024-05-22,454.31622341071056,457.880270477518,450.62350024118166,451.9599914550781,1713700
MA,2024-05-23,451.9598989118777,453.47461482852424,445.94064415257634,446.70294189453125,2084600
MA,2024-05-24,447.99007193562863,449.91069648431215,445.8219445349266,446.67333984375,2162100
MA,2024-05-28,445.5051160553197,446.12882805183705,437.98102360828005,440.6342468261719,2670800
MA,2024-05-29,437.6938731967533,440.1194129217204,437.38697211648355,438.05029296875,1876900
MA,2024-05-30,437.7928772165872,439.7531104165942,436.268281607106,437.6839904785156,2189900
MA,2024-05-31,438.2681156816231,442.87166229822645,434.8723840894795,442.6043701171875,3917100
MA,2024-06-03,439.0502343030772,440.5550406439685,433.51607460905694,438.76312255859375,2123800
MA,2024-06-04,438.9314727737356,440.43630955093676,436.9118711192064,440.327392578125,2096600
MA,2024-06-05,442.33707221060484,443.09940030886776,437.8919307853819,442.198486328125,2157000
MA,2024-06-06,444.01016813687784,445.2872912018306,440.18873893606667,444.1982727050781,1887100
MA,2024-06-07,444.9606409565781,448.47516938208804,442.7925135485056,445.2972412109375,1664700
MA,2024-06-10,443.9408771628613,445.67339692507346,439.9313132998077,444.7625732421875,1954500
MA,2024-06-11,443.3666618418373,444.7625814157168,440.66392008652826,444.5546875,1777300
MA,2024-06-12,446.9802296992652,447.9801508643019,437.18903283078356,438.5750427246094,2738900
MA,2024-06-13,438.57503099762994,440.7035493718858,434.9317964562037,440.5550537109375,2916600
MA,2024-06-14,438.91159769107156,440.51541113224505,436.79298926036915,440.188720703125,2161500
MA,2024-06-17,438.0106848123952,444.85166640541905,437.26817634993205,443.6339416503906,2351900
MA,2024-06-18,442.59449100784553,446.6931526776364,442.2381014084289,445.614013671875,2636500
MA,2024-06-20,446.55452270894574,449.94037486197715,443.8814799453552,447.99005126953125,3006800
MA,2024-06-21,447.67323731112083,450.75215812495406,445.7625226458498,450.3066711425781,5007800
MA,2024-06-24,450.38587743849325,458.4445847095513,450.38587743849325,452.3955993652344,2597100
MA,2024-06-25,453.90044306283363,455.7121506532332,449.26716669285577,451.09869384765625,2299400
MA,2024-06-26,448.2276274812819,450.1383420878455,446.881226581138,447.861328125,2451400
MA,2024-06-27,444.0893878176312,444.21809412406907,437.5850061538326,438.3275146484375,3313800
MA,2024-06-28,440.19863764164523,443.82205240178894,434.3377574692447,436.7533874511719,4105000
MA,2024-07-01,436.3969997710157,438.0503320523743,431.19944007899073,433.2388610839844,3149700
MA,2024-07-02,430.6548935776231,440.31741304183413,430.6548935776231,440.20849609375,2061300
MA,2024-07-03,440.87185964179855,444.8022058920565,439.8422393828793,443.7032775878906,3192400
MA,2024-07-05,442.6439513057545,445.4556100705004,439.84223253513727,445.00018310546875,2220700
MA,2024-07-08,444.7923582139428,446.1090601937287,440.5551102719719,441.78271484375,1802700
MA,2024-07-09,442.8435196585468,443.76558668066144,439.0164301650395,440.91015625,1608400
MA,2024-07-10,430.9061318637929,433.6822877276982,425.39351797571635,429.9444274902344,4760900
MA,2024-07-11,428.31836933400956,434.0391848094982,426.444461944574,432.7007141113281,4032600
MA,2024-07-12,433.672356730686,438.46121115142415,433.5930518249126,436.3592529296875,2645600
MA,2024-07-15,436.57738879538215,440.61271054082476,435.0009427877093,440.21612548828125,1727700
MA,2024-07-16,443.13109555649476,443.34922188535637,435.95280588259715,439.7501525878906,2846600
MA,2024-07-17,438.6297693666977,447.6720419934315,438.2926705481354,447.31512451171875,2925000
MA,2024-07-18,444.9256781833254,451.54874285526216,443.66651222634863,444.89593505859375,3339900
MA,2024-07-19,447.37460950557323,447.3944281686681,439.7898104654134,439.9087829589844,2121700
MA,2024-07-22,441.61412102403915,445.02480700323105,439.4725253912326,444.12255859375,2111700
MA,2024-07-23,444.23160744342147,444.9157295325563,437.3507492262537,437.95556640625,2385500
MA,2024-07-24,430.30133526485474,432.1454693209617,425.2051252037866,428.7645568847656,3764800
MA,2024-07-25,430.2418525302778,433.96981851173365,425.8991751917732,425.9388427734375,2384300
MA,2024-07-26,428.5959966089377,437.0235574062532,428.4274320796917,434.4457092285156,2039600
MA,2024-07-29,435.0604291343056,439.14534292320747,431.70925972065555,437.53912353515625,2248600
MA,2024-07-30,439.9880880044383,444.9058396285613,439.2345854590895,443.6367492675781,2266900
MA,2024-07-31,458.0627296789853,469.9604629174005,453.64074729747443,459.7581481933594,4313600
MA,2024-08-01,461.49326408918415,463.51588734241534,455.2767089634102,458.4692687988281,2590100
MA,2024-08-02,456.2979021594151,462.7722508104808,454.70160721007863,458.0825500488281,3808100
MA,2024-08-05,451.12239613252524,457.36869412982134,435.84371970074113,438.2331848144531,4496700
MA,2024-08-06,439.4427982025725,451.5685827679762,438.3422420944524,444.4794921875,2758900
MA,2024-08-07,446.69050028908697,453.0260580719182,445.2132080221521,446.0063781738281,2059800
MA,2024-08-08,448.38588617212486,452.3815402782359,447.1862065715554,451.6974182128906,1585400
MA,2024-08-09,451.6974520614608,454.8900118531445,449.59552392361354,452.8872375488281,1760200
MA,2024-08-12,453.86874839688215,454.55287044941474,450.0218402307194,451.8064880371094,1760000
MA,2024-08-13,454.2356470963593,455.7228637743598,451.01334429402493,455.4452209472656,1816100
MA,2024-08-14,455.34610985812725,456.61520024784664,452.18329321560367,456.2384338378906,1654100
MA,2024-08-15,461.1363556448806,465.0031132214475,460.0457239546943,464.715576171875,2130500
MA,2024-08-16,464.0115889733707,466.25233838030016,462.0683010472061,464.88409423828125,1921900
MA,2024-08-19,465.0030794011842,466.14327279810914,461.55272582977153,463.00030517578125,1690800
MA,2024-08-20,464.1405474057805,465.6674318216354,461.5428801868286,465.1221008300781,1763300
MA,2024-08-21,464.54700314795645,465.092303818832,460.5612431450102,464.0115966796875,2105900
MA,2024-08-22,465.4888886403374,466.8968003872959,462.7226874469299,464.8246154785156,1538200
MA,2024-08-23,466.29199454748147,466.33166213135297,457.96358712701897,462.46490478515625,1986300
MA,2024-08-26,464.1107422229298,466.520025900879,463.0201106431483,464.6461486816406,1434400
MA,2024-08-27,467.06530462103217,471.4476493966515,464.2296929043066,470.9419860839844,1635900
MA,2024-08-28,470.95194632683615,472.34993362999063,464.8741826835655,467.7792053222656,1445300
MA,2024-08-29,470.42644336520664,477.81296461326093,470.42644336520664,476.7024841308594,1893400
MA,2024-08-30,477.7336694994056,481.60042694866934,475.5623306514533,479.22088623046875,2982100
MA,2024-09-03,478.35828425976393,482.5423216888314,475.94900052355337,478.0112609863281,2063700
MA,2024-09-04,477.98151319766714,482.0267594323744,477.0792647985413,479.0225830078125,2156300
MA,2024-09-05,479.02261047024047,480.0339069581449,469.07805884708796,473.2918395996094,2293500
MA,2024-09-06,473.0439617934201,476.3455998336694,470.66442110902966,472.0624084472656,2116200
MA,2024-09-09,476.4050689291029,485.04083184175306,475.48300186394346,482.93890380859375,2343600
MA,2024-09-10,482.948849785951,484.168348133721,478.21948124313036,483.8609924316406,2234100
MA,2024-09-11,482.37376603178933,484.94168989047733,473.76774603118605,484.0196228027344,2480000
MA,2024-09-12,482.8001085498611,488.67956441965543,478.8837592850064,487.9161071777344,2299100
MA,2024-09-13,488.8976623971841,492.6157037910116,487.2617302353997,489.1554260253906,2204700
MA,2024-09-16,491.0789491441321,494.07323150704815,489.1852531460979,493.4684143066406,1589200
MA,2024-09-17,494.3508427493471,497.46406734282544,493.6072343908967,496.720458984375,2202800
MA,2024-09-18,497.00797271763713,497.52353026262165,489.82968338304414,490.5435485839844,2193800
MA,2024-09-19,495.7388607530372,496.8592354195389,482.10604208232866,488.8084411621094,3517200
MA,2024-09-20,485.47704799819564,489.32398630148623,483.58332196714287,488.54071044921875,3470200
MA,2024-09-23,488.9571972439765,493.44859048388986,487.11303279541863,492.9032897949219,2191300
MA,2024-09-24,488.48130299610887,489.0464526360191,480.29171647790423,483.2562255859375,4143700
MA,2024-09-25,480.62877541302817,485.72495543755565,479.41917131843206,485.27880859375,3483200
MA,2024-09-26,486.8155638595882,489.4231551222762,484.83260840598496,487.083251953125,3073700
MA,2024-09-27,486.8453327310274,491.7729785041615,486.2108026862127,489.43310546875,2177200
MA,2024-09-30,487.5889311416585,490.7715662761505,485.9331499707235,489.5917053222656,2862400
MA,2024-10-01,493.02225505139876,493.78568205624526,488.90759802095744,492.1497497558594,3748100
MA,2024-10-02,488.7390881310433,491.6837785216899,485.50686069513085,491.3466796875,1736500
MA,2024-10-03,491.3267832794046,492.85366747522335,488.7985271385841,490.7517395019531,1382200
MA,2024-10-04,491.33668876518556,494.79693627109503,488.273026289531,493.4584655761719,1935600
MA,2024-10-07,493.091677999742,494.2814635521143,486.56776689899283,487.1130676269531,1990500
MA,2024-10-08,488.30283806233206,493.28997040625234,487.34110334356404,492.823974609375,1750100
MA,2024-10-09,494.7896612073239,497.1425828125395,492.01975196300737,496.3483581542969,1707500
MA,2024-10-10,496.39799795564943,497.11281228461473,492.2679629769309,494.4322509765625,1491000
MA,2024-10-11,492.93317685851605,499.29700317962045,492.8934565331209,498.6417541503906,1919900
MA,2024-10-14,500.72659123516684,505.12470067510856,498.43323482928554,503.0100402832031,2127000
MA,2024-10-15,501.9775408347211,506.20686176097263,500.3692160593103,503.5759582519531,2885900
MA,2024-10-16,502.702312102522,511.6871350006025,502.354827407417,510.36669921875,2956700
MA,2024-10-17,512.5706413762654,513.3152384000174,507.8350152123849,510.05889892578125,2227400
MA,2024-10-18,510.8332798843306,514.2683761805214,508.8874383231233,512.620361328125,2604600
MA,2024-10-21,513.2656130011383,515.0824467139058,510.23759721016637,511.2998962402344,2217500
MA,2024-10-22,507.4676952028686,510.84319571535053,506.82238382952704,509.3242492675781,1855800
MA,2024-10-23,508.9668146862653,511.01197219920294,508.2123102635121,510.02911376953125,1759700
MA,2024-10-24,508.212306087791,509.6419651611526,505.78988123451455,506.9415283203125,1911900
MA,2024-10-25,508.8079727836801,511.0218885722691,501.97753115018617,503.7049865722656,1582200
MA,2024-10-28,503.74472675626333,507.17979272213506,502.49382429339215,504.54888916015625,2186400
MA,2024-10-29,503.88374529173694,507.7060163682521,502.05700408818643,502.6328125,2066300
MA,2024-10-30,508.82785597711336,512.7295372208089,503.34760233627685,509.9894104003906,3121000
MA,2024-10-31,517.4949006799704,524.0970181354613,495.4349729584997,495.9909362792969,5523300
MA,2024-11-01,496.8348237381921,506.8719765749647,494.93857977653056,504.4197692871094,3753700
MA,2024-11-04,505.47218692817773,506.32597697388974,499.406187410004,501.93780517578125,2165100
MA,2024-11-05,501.9378137638222,504.4893068844681,499.9820043328837,501.91796875,2132900
MA,2024-11-06,517.1076581382227,519.2322559079824,512.223119274993,517.375732421875,3673700
MA,2024-11-07,520.2152003708832,520.2549509945769,512.8685458476297,514.1492309570312,2382300
MA,2024-11-08,516.591533631103,525.030300224556,515.7873712383689,520.9796752929688,2215600
MA,2024-11-11,525.0402159337503,530.1829532779767,524.7126368353305,526.3010864257812,2213400
MA,2024-11-12,525.2883461287433,527.0754274281322,523.5013254248141,525.3578491210938,2577600
MA,2024-11-13,526.1918593301837,526.6783197134383,512.6997339595922,518.1204223632812,2681500
MA,2024-11-14,516.8695091065891,518.5969646532959,513.9209337276515,516.651123046875,2480400
MA,2024-11-15,514.7945907411648,519.6195652435254,514.268379722421,518.13037109375,2408100
MA,2024-11-18,514.8540536191248,519.7187171829659,513.2754814725195,517.8721313476562,2493400
MA,2024-11-19,515.042740460841,518.8848561518166,513.037273140579,515.7178344726562,2716000
MA,2024-11-20,517.7729434747641,518.7359265396481,507.3187721756175,508.84765625,2409400
MA,2024-11-21,509.53269742527243,516.3730767536811,507.89459000207967,511.38922119140625,3077300
MA,2024-11-22,513.2060459137138,517.9516400358553,512.4614488891864,517.1077270507812,3130400
MA,2024-11-25,517.882106201353,524.4444730438092,517.2665775453698,522.8063354492188,4503900
MA,2024-11-26,524.0970734663762,526.8272626790633,521.2775059447245,524.6728515625,2326800
MA,2024-11-27,525.2387111262937,529.7757961129579,522.7865340947033,528.5447387695312,2086300
MA,2024-11-29,529.1702720431434,531.9103990421837,526.2117589825256,529.1007690429688,1760600
MA,2024-12-02,529.0908015914155,530.9672007040652,522.4390558124027,527.5321044921875,2355100
MA,2024-12-03,530.8182328398756,530.9671764815628,522.1710182575581,522.389404296875,2319400
MA,2024-12-04,519.867732284425,522.4887283696885,514.4371064427132,517.3857421875,2630000
MA,2024-12-05,520.8208050592464,523.670124992554,518.4083178297628,520.9896240234375,2538600
MA,2024-12-06,519.1628228558493,527.1746941227292,518.735927832629,524.76220703125,2122700
MA,2024-12-09,525.2090594299721,527.7605529078127,518.1204800957819,519.0537109375,2942000
MA,2024-12-10,518.7458614726438,525.8443167044436,516.4723197909917,525.1990356445312,2003200
MA,2024-12-11,525.377736671421,532.0294822311658,523.471585249187,530.599853515625,2181100
MA,2024-12-12,532.4264545283667,532.8831624251046,528.1375692658994,528.5744018554688,1860400
MA,2024-12-13,530.3218869274739,530.828222644401,525.0997696363337,525.1891479492188,1608200
MA,2024-12-16,528.1675128521871,531.1459010825566,525.1891246218177,526.4896850585938,2923000
MA,2024-12-17,525.5863051270262,527.9491648075225,521.0889094895838,527.1846923828125,4055800
MA,2024-12-18,526.4996477350066,533.260586915421,515.9660954026014,516.2142944335938,3190300
MA,2024-12-19,520.3839808029275,525.4075266807201,518.4381392142313,519.5103759765625,3050500
MA,2024-12-20,519.1033340640843,528.2470087010995,515.6781751221749,524.2261962890625,7317100
MA,2024-12-23,522.0420182899902,525.586307828955,517.3758642500869,525.1494750976562,2270300
MA,2024-12-24,525.4571603542828,531.8805214134458,524.027531684904,531.8507690429688,955000
MA,2024-12-26,529.7857323550186,533.8264193314285,529.080825383278,532.28759765625,1109600
MA,2024-12-27,529.7658434889989,533.687399693145,526.9760892345885,528.3660278320312,1541800
MA,2024-12-30,523.2035435116045,524.7622406565199,517.5744066041207,521.7639770507812,2101600
MA,2024-12-31,523.8687238825453,525.3777934106637,521.7739385634377,522.7766723632812,1942600
MA,2025-01-02,525.3777826089384,526.737908449435,513.9308142280892,518.63671875,2818800
MA,2025-01-03,518.7656797934657,520.6817686425512,513.9505832369089,517.6040649414062,1627500
MA,2025-01-06,517.216919745297,517.6041247407177,507.3287100469058,508.2420654296875,2920800
MA,2025-01-07,509.9794244201016,512.6103579675482,507.39814884958014,507.7158508300781,2211800
MA,2025-01-08,508.35129458056826,513.7223554293022,507.8449891706809,512.679931640625,2456700
MA,2025-01-10,509.1800712955444,510.8106711228877,500.47035005923544,501.7728576660156,2815500
MA,2025-01-13,498.1238867635937,503.24431585845514,497.05010011882433,502.0114440917969,2885500
MA,2025-01-14,504.159051997182,506.4657407705465,501.3154547256895,506.09783935546875,2704800
MA,2025-01-15,512.6102718967835,520.7632102510115,510.7808080930714,519.351318359375,3024800
MA,2025-01-16,520.6140047887591,524.0939120378183,517.7306287942034,520.1367797851562,3275600
MA,2025-01-17,521.5685599498647,525.0981683236072,518.0190469710195,521.6878662109375,2374800
MA,2025-01-21,524.6308364585175,526.9375253207431,523.8851419822072,525.028564453125,2706900
MA,2025-01-22,524.9688642896863,527.2556483418737,522.6522233324308,524.153564453125,2037600
MA,2025-01-23,526.0128339749713,531.2823957618307,525.6449629143167,531.1531372070312,2196500
MA,2025-01-24,529.9301775511836,532.982560440572,529.0950338440769,530.4273071289062,2472900
MA,2025-01-27,530.5169315088625,544.8441823258186,528.6079098258825,544.4962158203125,3074600
MA,2025-01-28,543.4024735030298,548.3837224662643,539.5447424398162,544.2177734375,2727800
MA,2025-01-29,543.8598813840434,547.4491431849555,543.3627516935644,545.6495361328125,2549000
MA,2025-01-30,551.813877229631,573.6279273442615,551.3466045163412,562.7606811523438,6005200
MA,2025-01-31,560.5833054619312,562.2934023891959,551.4560120501056,552.241455078125,4505100
MA,2025-02-03,549.4674545587083,561.7564845049496,547.9064602310973,560.7125244140625,3195500
MA,2025-02-04,567.6027192168799,568.7162847097819,554.3790834750921,555.9002685546875,2638900
MA,2025-02-05,558.1273587556927,563.6156887730596,556.5862691848057,563.0390014648438,2404700
MA,2025-02-06,562.8799972571333,566.4792109078124,561.2990983393479,563.904052734375,1738400
MA,2025-02-07,564.798861911983,566.7774279515236,558.5549458779266,559.5193481445312,2008300
MA,2025-02-10,562.0050398338346,564.0134629335698,557.7794380305728,562.24365234375,2357700
MA,2025-02-11,561.746504243839,563.1782399410095,556.0096091534432,561.4581909179688,1847800
MA,2025-02-12,558.7836063441315,561.507866762821,556.2283529927603,561.3587036132812,1722200
MA,2025-02-13,562.3530749973775,564.1328381066659,558.2467789474214,563.0590209960938,1709500
MA,2025-02-14,562.7607074065767,565.9721454768254,560.8914950966787,561.5178833007812,1927400
MA,2025-02-18,561.6570403705455,565.3656077279129,558.296439455565,565.345703125,2064100
MA,2025-02-19,564.2321166715395,567.4237103971768,563.396972967012,565.236328125,2459100
MA,2025-02-20,564.888424474151,565.236390942248,555.83067646897,560.04638671875,2181900
MA,2025-02-21,558.2069887220945,561.5576376915373,553.3848554151457,554.3095092773438,2256100
MA,2025-02-24,555.2242195006653,558.2368543402814,553.5936196670403,555.7909545898438,1752500
MA,2025-02-25,559.2112152352612,562.7905245189017,549.5171868502304,560.7921142578125,3609500
MA,2025-02-26,559.3604032777737,563.4268901002108,556.3875167989738,558.0479736328125,2028000
MA,2025-02-27,562.3233313153958,571.4009250600121,560.7623366775769,561.57763671875,2436500
MA,2025-02-28,564.0432406404794,573.1208321299478,560.7621973673049,573.0015258789062,3205400
MA,2025-03-03,574.0157055943758,578.8875394728693,566.7277683534637,571.6195068359375,3092600
MA,2025-03-04,567.1852108892423,569.9094717998394,548.8411137369694,551.883544921875,3318100
MA,2025-03-05,549.4077760656445,557.7694693936852,548.1549997405092,555.0949096679688,2795400
MA,2025-03-06,545.3512057446002,552.4899799706251,541.5630803800367,546.6636352539062,3133200
MA,2025-03-07,543.9293691284189,547.2203645398992,533.2013345757142,543.631103515625,3161300
MA,2025-03-10,535.060615132678,545.4108267493962,528.9658013548004,534.0364990234375,3893400
MA,2025-03-11,534.1160737046888,534.9611697813635,519.2518859898544,522.781494140625,4582600
MA,2025-03-12,527.4644706180493,529.6518530477374,516.2790543483834,521.628173828125,2810800
MA,2025-03-13,521.4889375177221,525.4958311234278,514.7379395630069,516.8457641601562,2375800
MA,2025-03-14,519.599856487526,525.3765002660747,517.95936514627,524.6109619140625,2369500
MA,2025-03-17,520.2461578965605,530.4174107092199,518.4862995868907,528.9359741210938,2544800
MA,2025-03-18,529.2840441612302,529.5326089964201,522.4932358721057,527.1463623046875,2363300
MA,2025-03-19,528.5184406054606,534.5336974295193,526.5398742435506,533.0125122070312,2804300
MA,2025-03-20,530.5366506881176,537.3871106994026,529.4926907322848,533.3007202148438,2598600
MA,2025-03-21,532.366181278434,534.9611833859877,527.7130552178922,532.61474609375,5973400
MA,2025-03-24,536.2536820792532,542.3286519890847,535.1500689175342,540.5488891601562,2758700
MA,2025-03-25,542.8158992252689,544.0388187952768,538.8885626923093,542.0303955078125,2138200
MA,2025-03-26,543.9991163770156,547.8668001047419,541.9906929193191,545.9180297851562,2681600
MA,2025-03-27,545.9179369493826,558.6046947649313,544.6552082751936,554.369140625,2901200
MA,2025-03-28,551.0482756337761,555.3832920128118,536.9894961907187,537.5064697265625,2656400
MA,2025-03-31,529.1049888046954,548.264384443005,527.9715793522163,544.973388671875,4741800
MA,2025-04-01,543.6609398739316,547.9860039754424,540.8770261410417,545.3611450195312,2714900
MA,2025-04-02,539.7435388261971,546.3752914333407,538.5405240233565,544.2376098632812,2994600
MA,2025-04-03,525.3864952450332,536.8900829113311,523.9746639960214,527.5042724609375,3443500
MA,2025-04-04,516.6370530367726,517.8898295623627,485.4869200810026,486.9584045410156,6125100
MA,2025-04-07,475.75306830457913,499.3170255174341,462.91717728248534,482.7327575683594,6009400
MA,2025-04-08,498.1239206820239,502.6676930690207,468.95235579454624,477.1649475097656,3555400
MA,2025-04-09,468.15256806307195,516.3510672011278,468.043040662277,513.2838745117188,4698400
MA,2025-04-10,504.7196679677954,506.5121914334638,482.1142035621446,497.2608642578125,4105300
MA,2025-04-11,496.1853840695315,513.761857569974,493.84516278308485,507.6275329589844,3736200
MA,2025-04-14,513.7220382757681,521.2405897609732,506.38273002074163,510.3262634277344,3005500
MA,2025-04-15,511.2623601782366,519.1194620757808,511.24242400311033,515.2257690429688,2210700
MA,2025-04-16,513.9012612868399,519.5476355488873,507.747000835425,511.29217529296875,2501000
MA,2025-04-17,508.8225847455419,521.7983005135919,507.0101553320173,515.176025390625,3329800
MA,2025-04-21,514.847356147897,515.4946740415367,501.4434083443762,507.1993408203125,3345600
MA,2025-04-22,513.4730741957114,526.5981884682335,510.61502906615044,525.1343383789062,2384000
MA,2025-04-23,535.5009561070502,541.6751527913874,525.4230984816752,527.8031616210938,3051800
MA,2025-04-24,526.4886985500158,533.8080710797498,523.0829554054194,533.2305297851562,2209100
MA,2025-04-25,533.2305252255859,534.6844073186766,527.6737416722153,531.2587280273438,2006100
MA,2025-04-28,533.7980919352771,535.520869061244,528.2910887345605,532.2644653320312,1735400
MA,2025-04-29,532.115190605427,538.2295792400694,531.1890093672719,537.4329223632812,2041500
MA,2025-04-30,536.2877272387396,546.7838194785921,527.3450763434363,545.7780151367188,3783500
MA,2025-05-01,547.7099673894086,550.52820114939,537.4827090938641,544.35400390625,2839900
MA,2025-05-02,553.3164980421121,560.0383927003604,552.6791482574406,557.0608520507812,2632600
MA,2025-05-05,555.4874148228951,562.1993414065186,553.5355538965005,558.7836303710938,2130900
MA,2025-05-06,554.1629777247159,563.3844318031827,553.7845550593903,556.6625366210938,2341700
MA,2025-05-07,556.9413830655694,564.8682010584146,556.1646015820968,563.9719848632812,2493700
MA,2025-05-08,567.0789825463187,571.4805618910079,564.6391715009125,564.7586669921875,2004300
MA,2025-05-09,565.0873522077994,567.2084885079588,562.2491821253896,566.2723999023438,1528000
MA,2025-05-12,577.5850209026959,578.3717096534476,564.0715157923362,575.8622436523438,3000300
MA,2025-05-13,575.5933112526069,580.4330604933422,573.4024595034005,574.189208984375,2370200
MA,2025-05-14,575.8622798458557,576.230734416418,569.8972301007251,570.89306640625,2237500
MA,2025-05-15,571.7394128581703,580.6122861985493,571.2614309567672,579.7758178710938,2034200
MA,2025-05-16,578.0132096998087,581.85712292036,578.0132096998087,580.8513793945312,2225900
MA,2025-05-19,578.6008114300607,585.9998676529336,578.06302094219,583.9683227539062,1875500
MA,2025-05-20,578.8198322228516,581.558381815716,574.4480966489799,578.6903686523438,1964300
MA,2025-05-21,574.0598099952696,576.5892122923785,564.7387361211102,567.1685791015625,2505300
MA,2025-05-22,566.2922342505246,570.7734975264254,564.5694569299391,567.76611328125,1869900
MA,2025-05-23,562.1395826614,565.1868390880704,560.1678463797367,561.2333984375,1948800
MA,2025-05-27,564.4598597385328,572.1676218951603,564.1312167869124,572.1576538085938,2655200
MA,2025-05-28,572.1876470662725,576.4299194944331,570.5544609217272,573.5220336914062,1702900
MA,2025-05-29,573.4822153242144,576.1709854998794,570.5544541606724,575.3743286132812,1347800
MA,2025-05-30,574.3784599146808,583.1616821289062,574.1095646779728,583.1616821289062,4581100
MA,2025-06-02,578.0830147789893,579.3975260856469,572.3868598978352,578.7999877929688,2089100
MA,2025-06-03,577.4555212625427,580.1044795406774,571.0523019141141,579.5467529296875,2116900
MA,2025-06-04,581.7376875482969,584.4065215991131,579.7957945630427,581.6978759765625,1530200
MA,2025-06-05,583.8688141775275,584.2472368570542,580.2041436640835,583.00244140625,1480000
MA,2025-06-06,585.4620827640452,588.6985506858359,583.5998737761429,587.6629028320312,1528600
MA,2025-06-09,586.2885834707661,587.5433467837754,577.584984973881,581.89697265625,1936000
MA,2025-06-10,582.2156731673697,587.4139090861652,580.7318261362959,587.0852661132812,2133700
MA,2025-06-11,587.8621002394168,592.2338362458079,585.1533938589033,588.2803344726562,2238100
MA,2025-06-12,586.975754984879,588.2105822129473,582.126037297954,586.826416015625,1984000
MA,2025-06-13,570.4746810545316,572.844775948832,550.2094397587363,559.6898193359375,5905400
MA,2025-06-16,561.5520874621756,572.6058455597022,560.2973240582465,566.3021850585938,3108200
MA,2025-06-17,562.3686325758797,568.9112842025506,561.6516596320913,567.0789794921875,2246600
MA,2025-06-18,568.5030392161004,568.7022186349013,531.9358981973678,536.4868774414062,6966800
MA,2025-06-20,534.6943267133643,536.0984898009832,525.1343234496107,530.7507934570312,8202800
MA,2025-06-23,529.2073133314806,540.8685783694755,525.3733678613303,540.091796875,3681100
MA,2025-06-24,554.860100001944,561.7712068242831,550.1896250066901,555.2086791992188,4503200
MA,2025-06-25,553.6849500099098,556.1546044377252,546.3356736886635,547.4111938476562,2889200
MA,2025-06-26,543.2586119897957,546.6244828028979,539.8129964720905,543.5374145507812,3764100
MA,2025-06-27,544.4934188725155,554.3820657775716,543.2784670123546,548.0286254882812,3837500
MA,2025-06-30,550.1994631699853,560.2872880540265,549.6019858029302,559.6001586914062,5054600
MA,2025-07-01,556.9911423221587,563.9520280306658,554.7206064822736,562.2590942382812,3827000
MA,2025-07-02,560.5960773334359,563.6333658281919,555.0691981411715,559.1820068359375,2502300
MA,2025-07-03,558.4450763140518,567.2880462141865,558.405203964565,566.8698120117188,1528700
MA,2025-07-07,568.293846716698,568.3735306341146,558.0168094866741,562.7669677734375,2478300
MA,2025-07-08,562.2292486999731,564.2607327747902,558.0865358503971,560.09814453125,3083800
MA,2025-07-09,560.4172061016366,563.8275571112897,557.6749510895734,563.5184326171875,2454300
MA,2025-07-10,564.0569283026666,564.465746799281,559.4299817864207,561.9329223632812,2577200
MA,2025-07-11,558.2433581556794,559.240541805517,544.312670918553,548.6304931640625,3221400
MA,2025-07-14,548.9496628840219,557.4955350575796,546.2472729688576,551.4625854492188,2500900
MA,2025-07-15,551.552252688792,553.2973241352818,547.10485241194,548.8099975585938,2449100
MA,2025-07-16,550.864199400598,553.9555053710938,547.9524400547593,553.9555053710938,2424200
MA,2025-07-17,551.4226290218411,555.8102616954613,548.9596144700854,554.0452270507812,2722000
MA,2025-07-18,553.6962297571374,554.7831259042703,549.3285602918813,551.103515625,2579600
MA,2025-07-21,551.8414720619528,556.5082843740353,550.4852560030286,553.0879516601562,2194400
MA,2025-07-22,554.2446364218677,558.6322687824431,553.6762344435709,557.1863403320312,2010400
MA,2025-07-23,555.4413087480451,560.9058560095153,552.9383678946559,560.5070190429688,2180400
MA,2025-07-24,560.4172493258512,566.2408290168315,560.3175552993907,561.9130249023438,1874700
MA,2025-07-25,562.7705754860056,568.3548406957943,562.262002063449,566.6196899414062,1513300
MA,2025-07-28,565.7721551436122,570.0401309269819,564.6253694538304,566.6796264648438,2492400
MA,2025-07-29,568.4246449421973,571.3862512710691,561.4144144251517,561.7335205078125,2393800
MA,2025-07-30,558.7519350648074,564.0170331201255,553.6463596146309,557.5353393554688,2833200
MA,2025-07-31,566.9687561232289,577.8081383123478,560.9258252024171,564.8746337890625,4568300
MA,2025-08-01,562.2720227519252,563.2791880920283,554.5338670025467,558.313232421875,3316700
MA,2025-08-04,562.7007875406601,568.3149368340627,560.9158505669647,568.2052612304688,2984700
MA,2025-08-05,567.9958334933673,570.219594618766,560.5469001760372,564.4458618164062,2883200
MA,2025-08-06,567.387540320186,568.7536771119272,562.3816586999803,567.5271606445312,2245200
MA,2025-08-07,571.3563127173823,572.2837471137403,552.3001469061913,559.639404296875,2979600
MA,2025-08-08,562.162276284401,574.5372984601136,561.1052640619708,572.7025146484375,2907700
MA,2025-08-11,573.3806115731096,574.9661603919031,567.8362727896462,571.974609375,2116600
MA,2025-08-12,573.5601109420596,576.6912823545755,568.8534331114668,572.5629272460938,2593800
MA,2025-08-13,575.7040589482234,578.6357813404992,572.4232857573074,576.2724609375,2352900
MA,2025-08-14,575.8436423676504,582.7541789724382,573.8792196918465,582.115966796875,2642300
MA,2025-08-15,583.3524615991084,587.8996168139658,579.4734024182152,580.061767578125,2263800
MA,2025-08-18,580.3809093874834,583.8411078078909,579.0546379497309,582.4949340820312,1812000
MA,2025-08-19,582.7640843893972,588.9067699072659,582.5746170567264,583.8610229492188,2334500
MA,2025-08-20,584.2598503805787,592.2074357851166,584.2598503805787,591.0108032226562,2884600
MA,2025-08-21,587.3810966416045,590.542212963854,582.2855022650136,590.2529907226562,2349200
MA,2025-08-22,593.623466796479,600.0752772273864,591.4097481134643,597.273193359375,2388900
MA,2025-08-25,596.1363699495959,597.3529048555803,591.1903168610014,591.5393676757812,1984300
MA,2025-08-26,591.4096781908912,594.3214373185922,584.6387624609006,589.9437866210938,4774600
MA,2025-08-27,589.54502074362,592.9453905166494,588.1589207380539,588.9965209960938,1480900
MA,2025-08-28,589.1560858422209,591.8584756024925,588.0591472451313,588.8170166015625,2159800
MA,2025-08-29,590.3327518849907,595.1491662098201,588.5976619807482,593.6134643554688,2111200
MA,2025-09-02,593.9425639595839,593.9425639595839,584.349661417659,590.203125,2284500
MA,2025-09-03,590.1632024289946,592.3270738557452,587.3012902913786,591.609130859375,1959400
MA,2025-09-04,591.3598895171898,594.2118203435698,587.630371286619,593.9625244140625,1653700
MA,2025-09-05,593.7929628906157,596.8942505282046,577.399320897488,582.5746459960938,2432100
MA,2025-09-08,580.9791653420357,588.1289554652211,579.0645896701362,584.9479370117188,1948200
MA,2025-09-09,581.8965592279405,589.5150573665009,581.6572448760718,582.3552856445312,2266000
MA,2025-09-10,580.4905461623388,580.4905461623388,569.3918868267597,577.748291015625,2535200
MA,2025-09-11,579.2440924798561,588.3084585416937,578.3765475000305,587.0719604492188,2407000
MA,2025-09-12,584.7883761521332,587.5505943105904,578.3665110773645,578.7753295898438,2242800
MA,2025-09-15,581.0888436644424,584.8482457261729,579.8623271777826,581.3182373046875,2222600
MA,2025-09-16,576.3821447051099,586.4536754594864,575.2054752742831,584.7684326171875,2537000
MA,2025-09-17,586.0548626777687,597.203369300731,585.785603598647,596.944091796875,2930800
MA,2025-09-18,594.401256478767,599.9256320758465,584.2299709162041,584.3994750976562,3294600
MA,2025-09-19,586.9622314693646,587.2115273802827,579.8722703700364,582.5147705078125,6745300
MA,2025-09-22,579.333766084521,585.6958027521375,578.5061474620562,582.8438720703125,3241700
MA,2025-09-23,583.801190662987,585.207192855176,566.6496193989798,568.36474609375,3223000
MA,2025-09-24,569.6710829826228,570.0499567609226,563.3588936780044,567.2080078125,2867200
MA,2025-09-25,563.4088210811324,570.7780236313067,562.9800393704502,565.7023315429688,2700600
MA,2025-09-26,565.024246183688,568.0556628440895,562.4714582424906,563.5384521484375,2106500
MA,2025-09-29,564.4059902415086,567.7166475231954,560.9258287677177,566.5399780273438,2615600
MA,2025-09-30,564.2164569769994,569.022889289628,562.0625671552723,567.2080078125,2379200
MA,2025-10-01,564.0868708180017,573.8492773770516,563.4187747775109,572.1541137695312,3685100
MA,2025-10-02,571.1169593243145,578.2069811697122,569.1625183675073,575.7040405273438,2483500
MA,2025-10-03,574.806548938288,581.5774038328207,574.806548938288,578.8152465820312,2331600
MA,2025-10-06,577.598731779525,579.5033868509877,567.656838873112,577.179931640625,2573500
MA,2025-10-07,577.3593276298368,584.4293861924967,577.2795358994609,578.2069702148438,2120700
MA,2025-10-08,579.6828508066098,581.427922326823,574.4576178213513,574.8165893554688,1934700
MA,2025-10-09,576.3742164020383,578.5310108528412,561.6663287055433,563.7032470703125,2579800
MA,2025-10-10,566.728748229674,568.5659544292115,555.8550666621728,556.6438598632812,3553900
MA,2025-10-13,557.1631146134695,564.1526160512728,552.1806083394996,558.4012451171875,2996500
MA,2025-10-14,555.1660717945499,568.9553561400478,555.1660717945499,567.0681762695312,2627300
MA,2025-10-15,563.4536368582054,567.8370672552134,558.5610225643173,561.9658813476562,2262400
MA,2025-10-16,561.9559034418398,563.8031653881028,546.5690420909559,549.0552978515625,3210600
MA,2025-10-17,551.6613392863122,561.9558734167852,551.1820787152573,560.1286010742188,2756700
MA,2025-10-20,560.8575749616307,566.5689668571036,552.9594042451096,565.5105590820312,2046400
MA,2025-10-21,561.3168057630695,575.1160848605485,559.9289369007568,571.1720581054688,2722400
MA,2025-10-22,570.1935191378367,575.5654550150541,567.7272529308706,570.5030517578125,1820500
MA,2025-10-23,573.498565858622,576.1246262858137,570.8125978565886,572.9094848632812,2187500
MA,2025-10-24,576.3742232006022,579.9488708412928,572.2204893459171,572.8095703125,1839600
MA,2025-10-27,574.8564717250406,574.8564717250406,565.630340176365,571.5015258789062,2981000
MA,2025-10-28,572.2204771342465,573.1290854462013,564.6019161927034,565.0811767578125,2916000
MA,2025-10-29,560.7876438458044,565.959867307042,550.4032179134366,553.7482299804688,3763400
MA,2025-10-30,550.7327329256626,562.0756798513901,544.8216291809839,552.8495483398438,4284700
MA,2025-10-31,548.06678316767,553.5984522730199,542.7148367830409,551.162109375,3567100
MA,2025-11-03,549.1750656800735,550.1735657994919,539.5495099024145,543.2539672851562,3175500
MA,2025-11-04,544.0128553265133,553.1990689212032,541.6663434012127,551.9209594726562,2653900
MA,2025-11-05,552.1705699376014,555.4955924229558,548.5460096030284,552.4801025390625,2198500
MA,2025-11-06,549.3548082641448,554.167586327102,547.0382805900483,552.4501953125,2593600
MA,2025-11-07,552.9693621536212,557.8320529318831,549.8440518579598,551.14208984375,2510400
MA,2025-11-10,551.4517034667633,553.8680568153809,547.7572406468549,552.1306762695312,1978300
MA,2025-11-11,552.1706214447171,557.6923569121003,547.1881150998383,557.5125732421875,1832400
MA,2025-11-12,559.1601088916904,565.0612182256958,557.572466767325,560.3882446289062,1761500
MA,2025-11-13,559.0402887328512,562.7546801699737,554.0277982996879,554.7367553710938,2031300
MA,2025-11-14,555.206033730429,556.1646158698346,543.2340259871897,544.9114990234375,2567800
MA,2025-11-17,545.1811008725805,548.4961287991787,535.4058060035958,536.0447998046875,2557900
MA,2025-11-18,532.7597690720338,535.196112019719,523.9130718468325,526.7887573242188,3594700
MA,2025-11-19,527.3578678774351,530.2035688696297,524.1925785868922,529.5645141601562,2723100
MA,2025-11-20,532.490115758238,537.6524053424113,526.3892945517913,527.0882568359375,3240300
MA,2025-11-21,531.7412805961031,543.5934732289701,530.872590287745,539.5895385742188,3807500
MA,2025-11-24,542.6249165028279,543.2239922071568,534.3073933033263,537.0432739257812,5941000
MA,2025-11-25,540.6878132621437,549.5744886793535,538.1915629700748,545.6503295898438,3132600
MA,2025-11-26,547.6573341866598,547.8470516499309,543.3538010453532,544.1126708984375,2185300
MA,2025-11-28,547.3079208398187,550.57303600376,544.6019633515002,549.704345703125,1254800
MA,2025-12-01,546.8186533102614,548.9554583223533,542.5750275444187,543.1541137695312,2227000
MA,2025-12-02,546.4591877881571,553.9179546071757,540.2284957000767,545.0911865234375,3076000
MA,2025-12-03,546.4991158756376,554.2374921296729,545.6803384297189,552.8994750976562,2687900
MA,2025-12-04,556.1945977565169,558.1616139049996,538.7507675060507,541.4966430664062,2878800
MA,2025-12-05,540.8975599747884,549.6144471333073,540.4382279475933,544.7018432617188,2126700
MA,2025-12-08,545.9000051902991,546.5091366351369,536.5840421166823,539.6294555664062,2453800
MA,2025-12-09,537.9020687833195,541.0872868833521,535.1162142001627,536.7437744140625,1965300
MA,2025-12-10,537.2829541649335,544.1326503333512,536.6938122813801,538.0517578125,3023400
MA,2025-12-11,541.9559457094039,564.2823944283659,541.8361305669389,562.5250244140625,3659900
MA,2025-12-12,565.1511057946635,572.8495641754901,565.0412854005702,571.0722045898438,3515400
MA,2025-12-15,572.0208040024462,572.4401570255701,566.3093511223261,568.2764282226562,2714000
MA,2025-12-16,569.8440549907541,570.1435928508147,561.6363519634136,565.1710815429688,2748700
MA,2025-12-17,564.6718609726643,570.9024925620047,562.7147786119647,564.6218872070312,3287100
MA,2025-12-18,564.1525717153087,568.2763821150174,562.1954895268263,565.3607788085938,2259000
MA,2025-12-19,565.3707086300578,572.0806611263829,564.3522799494274,571.3717041015625,7262100
MA,2025-12-22,571.3717206445559,578.5809234095539,570.1435849634908,574.8365478515625,2500200
MA,2025-12-23,575.0262636048019,580.8474755755523,574.8864589579196,575.4855346679688,1794700
MA,2025-12-24,576.3842200661512,581.4166389564779,576.1345950249791,578.5809326171875,1058900
MA,2025-12-26,578.8804512526424,580.3282886320785,577.8120487986754,578.7306518554688,972300
MA,2025-12-29,578.7306656693784,581.1170956671565,576.5439478913947,577.0332641601562,1274900
MA,2025-12-30,575.2159989695106,576.9134614589539,573.3887265815819,576.553955078125,1512800
MA,2025-12-31,575.695277580063,577.1131308114403,569.7641839058368,570.0238037109375,1736500
MA,2026-01-02,569.8540486732139,570.0237766363273,558.6508451790796,562.285400390625,3901900
MA,2026-01-05,558.7806358020264,575.395692530051,557.6124077184717,567.7172241210938,2865000
MA,2026-01-06,568.1465859637657,580.4980279571199,567.0881782413669,579.4696044921875,4056100
MA,2026-01-07,578.4011823884283,584.4021778437368,576.7536328176154,579.0501708984375,3653900
MA,2026-01-08,576.643854159786,588.7855896482976,572.6398586491163,579.2000122070312,3390200
MA,2026-01-09,578.1099853515625,581.3099975585938,575.3400268554688,575.5399780273438,2221100
MA,2026-01-12,564.030029296875,567.8800048828125,555.8900146484375,566.280029296875,3486400
MA,2026-01-13,558.9500122070312,558.9500122070312,533.7000122070312,544.989990234375,8721600
MA,2026-01-14,544.5,548.5900268554688,538.1500244140625,546.8200073242188,3943700
MA,2026-01-15,548.52001953125,549.8800048828125,539.0,542.6500244140625,4005600
MA,2026-01-16,540.239990234375,544.030029296875,538.6799926757812,539.489990234375,3496200
MA,2026-01-20,530.5999755859375,536.4099731445312,528.510009765625,531.739990234375,4098700
MA,2026-01-21,533.52001953125,537.4000244140625,524.77001953125,527.5700073242188,4937700
MA,2026-01-22,529.9199829101562,533.1900024414062,523.8099975585938,532.8599853515625,5114900
MA,2026-01-23,531.4099731445312,532.1400146484375,520.1599731445312,524.739990234375,5002900
MA,2026-01-26,526.7100219726562,530.3900146484375,522.6500244140625,527.3599853515625,4839700
MA,2026-01-27,527.6500244140625,529.1099853515625,519.5499877929688,520.4099731445312,3850800
