ticker,date,open,high,low,close,volume
META,2020-01-02,205.31580323726652,208.33470850149027,204.8391371751135,208.3247833251953,12077100
META,2020-01-03,205.77262467099823,208.940483432474,205.51441855073767,207.2224884033203,11188400
META,2020-01-06,205.26616212003222,211.30398824470248,205.0874180159547,211.125244140625,17058900
META,2020-01-07,211.34370579308143,213.09149147322898,210.28112095451584,211.58203125,14912400
META,2020-01-08,211.52244939225042,214.73997942961384,211.13515537272028,213.72705078125,13475000
META,2020-01-09,216.03096781571867,216.86515244294927,214.77971360428623,216.78570556640625,12642800
META,2020-01-10,217.6794240685626,218.35471484237715,215.91177299869705,216.54733276367188,12119400
META,2020-01-13,218.0766777515335,220.43023261072588,217.6893837221355,220.3706512451172,14463400
META,2020-01-14,220.0727192673675,220.83738211480784,217.113395404011,217.5404052734375,13288900
META,2020-01-15,219.07965833729054,220.1422280098775,218.6129174526304,219.61590576171875,10036500
META,2020-01-16,221.02606668863191,221.0856480515762,218.86118119969814,220.2316131591797,10015300
META,2020-01-17,220.4898072485414,220.74799820928146,219.00021254201002,220.5990447998047,15905900
META,2020-01-21,220.6189068065152,220.82744157647545,217.59998643017602,219.90390014648438,14275800
META,2020-01-22,220.76783643205,221.20478658310415,219.74498273887278,219.7847137451172,12212800
META,2020-01-23,219.21870321675362,219.95357544590289,217.74897391139712,218.23556518554688,11195000
META,2020-01-24,219.26835344306713,220.2415511178351,214.61088469869372,216.42819213867188,11905800
META,2020-01-27,211.62179025373325,214.56124906611407,211.02594622673934,213.37950134277344,13810700
META,2020-01-28,214.64068755905473,217.22265803787514,212.0388667256018,216.27923583984375,13413800
META,2020-01-29,219.90389648692644,222.6447452028053,216.9346323466857,221.6814727783203,33181300
META,2020-01-30,205.0973333453647,209.96333677110164,203.3296821317416,208.07652282714844,48775500
META,2020-01-31,206.9841607315126,207.24236686791832,199.66528961156146,200.5093994140625,31359900
META,2020-02-03,202.0287470324437,203.71695116776988,201.0952653515268,202.77354431152344,15495600
META,2020-02-04,205.18668113015724,209.13908295207702,203.77653342721328,208.37442016601562,19628900
META,2020-02-05,211.03582637262156,211.2543014590372,207.2621988500382,208.65248107910156,12538200
META,2020-02-06,209.0099907941408,209.72499743469822,207.88782464797202,209.38735961914062,10567500
META,2020-02-07,208.84116933586483,211.34369254725343,208.47372569124286,210.85708618164062,12242500
META,2020-02-10,210.0527206739885,212.31690343236147,209.19868576316776,211.58203125,11856400
META,2020-02-11,208.73193588881574,209.3972863489781,205.0774557929644,205.75274658203125,25030800
META,2020-02-12,206.40818657433556,209.7548046184871,205.9612960241213,209.29798889160156,13813700
META,2020-02-13,208.06659993280633,212.84323136318875,207.72894693826518,211.66148376464844,15396600
META,2020-02-14,212.51550030278202,213.4390416989109,211.1748590761445,212.69424438476562,10741700
META,2020-02-18,212.0686207636686,216.46788287240472,211.91965221201255,216.2891387939453,15609200
META,2020-02-19,216.47782426001228,216.80553689173098,214.6108608379566,215.98129272460938,12135100
META,2020-02-20,215.0180366270395,217.25242870566726,211.47279392220503,213.09149169921875,13109200
META,2020-02-21,211.999126960116,212.75386468738904,207.3813891572602,208.72201538085938,14092300
META,2020-02-24,200.40016208020126,202.23731995692836,196.7953377201096,199.32765197753906,23080100
META,2020-02-25,200.84704217798446,202.0883712396531,194.59074067658602,195.40505981445312,21433500
META,2020-02-26,195.8221365905481,199.8142549332128,194.1339321659799,195.83206176757812,16524500
META,2020-02-27,190.48937905519435,194.52121298477465,188.1854652937536,188.43373107910156,21682600
META,2020-02-28,181.43264087587727,191.4030037393074,180.55875557704405,191.13487243652344,32568900
META,2020-03-02,192.68403059492923,195.20641933512508,187.53997105000778,195.0773162841797,24949000
META,2020-03-03,194.85886998016431,195.8717987268272,182.6938453017058,184.60052490234375,27984100
META,2020-03-04,187.85774920031216,190.499300744771,185.09703493000848,190.42977905273438,23062500
META,2020-03-05,185.4843456844753,187.67902205217527,182.6143936054474,183.88551330566406,19333400
META,2020-03-06,177.09295244472247,182.5051435537278,175.03730446141012,179.83380126953125,24559600
META,2020-03-09,168.4235311349233,173.7860665560472,164.0441186210047,168.32421875,29949000
META,2020-03-10,173.45837692997898,177.05326147858048,168.3242411280834,176.95396423339844,24517800
META,2020-03-11,172.80293492443295,174.65997355157455,166.49699222371686,169.05909729003906,20373900
META,2020-03-12,158.43329037500783,165.44432903502332,153.26936495743283,153.39846801757812,43266300
META,2020-03-13,162.39562405222614,169.60525743664599,156.5067665435294,169.0988006591797,35028600
META,2020-03-16,151.26340379575458,158.02616220582382,142.10735928036794,144.99716186523438,39120400
META,2020-03-17,149.69436521548164,152.87216470070402,139.0288600667314,148.38351440429688,34255600
META,2020-03-18,138.78057504637806,147.1520901174455,136.14896376320456,145.94056701660156,37553100
META,2020-03-19,145.60291350871776,158.8205815476249,143.79554646387842,152.06776428222656,39862300
META,2020-03-20,154.93772108236993,158.16517640687016,146.9733501618565,148.69134521484375,32568400
META,2020-03-23,148.6218230633172,151.2534341442,141.26322205957172,147.07264709472656,29830800
META,2020-03-24,154.13333322747383,160.1910091561147,151.51164720180952,159.86329650878906,30440400
META,2020-03-25,157.81759650246724,161.85937086098946,151.99824574432336,155.12640380859375,35184300
META,2020-03-26,157.15225163830672,162.86236504696558,155.93078814327822,162.20693969726562,26556800
META,2020-03-27,157.10256931971438,158.9794578522951,153.67650487490062,155.7023468017578,24879900
META,2020-03-30,158.07580093532886,165.5932970147482,156.96357494375167,164.79884338378906,22515200
META,2020-03-31,164.33209364212337,169.7442850366798,163.06097396184765,165.6429443359375,23676300
META,2020-04-01,160.49883521161294,163.0112833580785,156.9436678975495,158.49285888671875,19507600
META,2020-04-02,157.99634240851967,160.23073434303583,154.83839392820795,157.0926513671875,20886300
META,2020-04-03,156.0598724860615,156.81461019982638,149.78372107562265,153.1104736328125,25983300
META,2020-04-06,159.03906110191917,165.0470963294274,157.41043810424367,164.401611328125,28453600
META,2020-04-07,170.59831779332245,172.1872249496559,164.85841379930383,167.6588592529297,31411900
META,2020-04-08,170.06206478348858,173.78605160356497,166.57641857495588,173.071044921875,21664200
META,2020-04-09,174.67981309966032,175.85163557049088,170.37986272210367,173.97474670410156,23534300
META,2020-04-13,172.46527352296636,173.78604931612182,168.27454586436517,173.57749938964844,19355400
META,2020-04-14,177.73846086017855,179.97285323073257,175.39483092316863,176.93408203125,21011800
META,2020-04-15,173.97473467958628,176.9539241125753,171.62117987646607,175.7423858642578,17423000
META,2020-04-16,176.71557853489006,176.81489090770748,171.3133127571394,175.02737426757812,23593200
META,2020-04-17,177.95692731045364,179.02943741434424,175.43455338028036,177.9966583251953,20974800
META,2020-04-20,176.17932637386727,179.24788768422115,175.54376660260039,177.00357055664062,16110700
META,2020-04-21,174.03431657376942,174.16341963186656,167.17224658884817,169.6151885986328,24850500
META,2020-04-22,177.21211504555205,183.49820656646574,176.90426789533163,181.0155487060547,33242000
META,2020-04-23,182.8030752893421,185.7524741993656,181.87951863575748,183.84579467773438,21426600
META,2020-04-24,181.95896221208622,189.0891637233697,179.57561664147886,188.75152587890625,28792000
META,2020-04-27,191.32356599510462,192.40600128173827,186.10998402488977,186.19935607910156,29197800
META,2020-04-28,187.35131858875093,187.88756608277328,181.29362663121276,181.64120483398438,21731000
META,2020-04-29,189.60554562057973,195.54407434511168,188.68200413690053,192.8429412841797,45954500
META,2020-04-30,205.48460840647414,208.23539735025793,200.17173007941523,203.28994750976562,46230100
META,2020-05-01,200.20153184952505,205.8421231201503,197.66921785286402,200.86688232421875,30415600
META,2020-05-04,198.81122388803976,204.48162069372177,197.38121064057825,203.83612060546875,19250700
META,2020-05-05,205.58391925578505,208.92061174888724,205.06752222092857,205.63357543945312,21071200
META,2020-05-06,206.67631706780878,210.13218805994882,205.22645322019477,207.02389526367188,21857000
META,2020-05-07,209.69522791873723,210.13217814906176,207.58992364107746,209.79452514648438,15152000
META,2020-05-08,210.767715579033,211.73098798812205,209.38735849068996,210.876953125,12506000
META,2020-05-11,209.4270943674289,213.50858466173128,208.91069726867917,211.70120239257812,12911900
META,2020-05-12,211.81043690954013,213.78663807334254,208.54326574680115,208.642578125,14704600
META,2020-05-13,207.97721152556448,209.31785286047747,200.70799703194544,203.67726135253906,20684600
META,2020-05-14,201.15487815397768,205.49455946285534,199.29785483012236,205.37539672851562,17178900
META,2020-05-15,203.84604550103037,209.8739300092711,202.70401396347893,209.41712951660156,19383200
META,2020-05-18,210.67834170021413,213.15107440451104,209.47674377157279,211.7111358642578,20151900
META,2020-05-19,211.7905755925761,218.96049252265828,211.35362539582684,215.3755340576172,31843200
META,2020-05-20,221.9496206170212,229.7352323075521,221.64177345584855,228.37474060058594,50162900
META,2020-05-21,233.09179917687288,235.55459170872658,229.596212415152,229.78489685058594,47782600
META,2020-05-22,229.90403290997045,234.35296650971358,227.15325903208213,233.28045654296875,33925600
META,2020-05-26,238.106759349573,239.2289104221864,230.0629416507242,230.58926391601562,33178300
META,2020-05-27,227.48095428324686,228.96060849179025,219.59603144467567,227.5504608154297,34697600
META,2020-05-28,222.7440848898677,230.02324016354189,222.4461628911215,223.8960418701172,29377200
META,2020-05-29,223.6378325302475,225.9119557735963,221.33393375568707,223.52859497070312,23241500
META,2020-06-01,223.03205506808072,230.82760706110014,221.94961984291297,230.30128479003906,18223800
META,2020-06-02,229.33800070372604,231.38370831846598,224.98837936364816,231.10565185546875,20919000
META,2020-06-03,230.49987022820005,231.0361176197403,226.9447026123932,228.5634002685547,15380300
META,2020-06-04,227.96756598637603,230.0232139054159,223.05190660350496,224.72024536132812,17041500
META,2020-06-05,225.1373554519171,229.74516790371774,223.7470579375046,229.169189453125,16750400
META,2020-06-08,227.44126016278338,229.94378363306654,225.83250265121504,229.79481506347656,15466500
META,2020-06-09,229.9139785100873,238.10674927591717,228.81167783729438,237.01437377929688,27462900
META,2020-06-10,239.28851305464434,239.53677885227395,233.64790625296925,235.0878448486328,20720700
META,2020-06-11,228.34494129684717,231.27447453517047,221.9992684255599,222.87315368652344,26708200
META,2020-06-12,228.30523563789288,230.05303665978823,222.94270013676035,226.99440002441406,22091400
META,2020-06-15,223.52857512227231,232.14837092497856,223.24059348337713,230.88717651367188,15340300
META,2020-06-16,235.49500469382681,236.80585538039534,231.38372368595373,234.0153350830078,15236700
META,2020-06-17,233.36984167994,235.94187161749386,230.122520916719,233.8961639404297,19578100
META,2020-06-18,233.35993767328654,234.5019543452086,230.53962653791842,234.3033447265625,15782500
META,2020-06-19,236.14046656860805,239.15938686146742,233.9160149348593,237.13352966308594,30081300
META,2020-06-22,236.90512161745414,239.0302759637582,235.2665736265292,237.560546875,18917800
META,2020-06-23,239.6062688246097,243.48914926769837,238.19612100995397,240.5596160888672,24017900
META,2020-06-24,239.52682293334746,241.53281469046254,231.06592085796711,232.39663696289062,20834900
META,2020-06-25,232.99247570529567,235.65389287595707,231.1255272528302,234.0451202392578,18704300
META,2020-06-26,231.02620838632845,231.47308376893918,213.9057943900482,214.58108520507812,76343900
META,2020-06-29,208.29499427138418,219.21868884580718,205.6733081796403,219.1094512939453,58514300
META,2020-06-30,219.05978281282887,225.92185238346752,216.95449391648202,225.49484252929688,33927100
META,2020-07-01,226.91492118776134,237.34208386816175,225.98143943761693,235.9021453857422,43399700
META,2020-07-02,237.34209065284438,238.33515379365124,230.99641778920605,231.80079650878906,30633600
META,2020-07-06,232.13844402385732,238.73238294777047,230.65878958021196,238.61322021484375,26206200
META,2020-07-07,237.74925517175492,245.9320859260207,237.16335154307643,239.18919372558594,27887800
META,2020-07-08,236.4582931051619,245.27669969024032,234.94883270930552,241.89035034179688,29791300
META,2020-07-09,243.3004713936086,244.8198567986477,237.58043311304624,242.80393981933594,22174900
META,2020-07-10,241.9995479389582,243.7870645397628,237.65986706465105,243.36997985839844,22982700
META,2020-07-13,245.29651696540154,248.41473457069335,236.76610836134074,237.3420867919922,24674900
META,2020-07-14,235.117617934241,238.66286053245312,230.42043363748257,238.0670166015625,23378100
META,2020-07-15,239.87441469910402,243.1217355478314,236.3986935612866,238.61322021484375,19133600
META,2020-07-16,236.34899960657617,240.08291112009255,234.69058617558863,239.2586669921875,18880700
META,2020-07-17,239.3281899935177,242.46627280192237,236.20997268851642,240.35104370117188,18152400
META,2020-07-20,238.39475557649232,244.34320975447818,234.00541793652556,243.7175750732422,20872200
META,2020-07-21,244.51199119817755,245.1972071434436,238.41458453228765,240.072998046875,19364200
META,2020-07-22,238.59333342912305,240.2219562966176,236.46817901479554,238.20603942871094,15427900
META,2020-07-23,237.96772874083234,240.73836827667793,230.14238622854305,230.9864959716797,21771800
META,2020-07-24,228.59320680579518,231.87031820103158,225.32602058690804,229.10960388183594,18325800
META,2020-07-27,229.8543917086879,233.32017222853034,229.22875710697724,231.88023376464844,13163100
META,2020-07-28,233.00239047764367,233.3301031056008,228.23568476190135,228.52366638183594,14170100
META,2020-07-29,229.53658198099322,232.07882084501915,228.71233786988594,231.67166137695312,13588300
META,2020-07-30,228.6229972484639,233.26060029280399,227.4114590057178,232.87330627441406,20615300
META,2020-07-31,254.04543432070616,254.07522500437972,247.27273604400057,251.91033935546875,53005100
META,2020-08-03,250.89740484105712,253.62832856946062,248.5935061569881,250.2122039794922,23124900
META,2020-08-04,249.81494925379172,251.0463529441859,245.7135938307086,248.09695434570312,17183500
META,2020-08-05,248.45447634230445,250.52004954939835,246.05126529491073,247.3918914794922,13050100
META,2020-08-06,247.31243795431067,264.750639437822,246.94500944110115,263.4397888183594,45241600
META,2020-08-07,262.2480796396627,276.95537144468835,261.60259471161845,266.5778503417969,72766400
META,2020-08-10,266.1806447086891,271.96024898116696,257.8885616722018,261.17559814453125,30248800
META,2020-08-11,258.3851209816791,264.0753841279818,253.36022352567988,254.35328674316406,28238300
META,2020-08-12,257.1735573160089,262.0693512226244,256.319507274025,258.0871887207031,21415700
META,2020-08-13,259.73563148791175,263.32060489725797,257.7693860228514,259.48736572265625,17374000
META,2020-08-14,260.4903802041066,260.82801802252544,256.8855562901596,259.42779541015625,14792700
META,2020-08-17,260.6790590475865,262.26796604010025,257.6005574319438,259.3483581542969,13351100
META,2020-08-18,259.1398301580622,263.31067702818365,257.46155108105154,260.5201721191406,18690400
META,2020-08-19,259.5767750952255,266.05153551827203,259.5370440860627,260.7684326171875,23291500
META,2020-08-20,259.68600713336025,267.7596151868681,259.6462761227217,267.1439208984375,20299700
META,2020-08-21,266.8261759562304,268.61367774342654,264.57193321374945,265.1578369140625,15538600
META,2020-08-24,269.1896282983901,275.32675113135093,266.9055649296417,269.5074157714844,23685600
META,2020-08-25,270.52028509566316,281.12619025564976,268.3852057886921,278.8719482421875,42127200
META,2020-08-26,282.02992833374987,302.5565565227695,282.02992833374987,301.80181884765625,69015200
META,2020-08-27,298.0778971932013,299.1404822454839,289.9943470202094,291.18603515625,30301300
META,2020-08-28,292.9536257731887,295.1681674815239,288.9615228676851,291.6229248046875,17157400
META,2020-08-31,291.9108738920913,294.82054113810705,289.52749850519757,291.16607666015625,17345100
META,2020-09-01,292.66561699351473,299.3985835826731,290.6794907984133,293.39056396484375,17295900
META,2020-09-02,296.8066973205317,301.4939562564885,291.0171226099811,300.4015808105469,24341400
META,2020-09-03,293.9367373517291,295.5355847022256,281.66249197918575,289.10052490234375,32294100
META,2020-09-04,285.25737204081344,286.9952324448915,269.2591402392374,280.76873779296875,30333700
META,2020-09-08,269.3981544213337,277.36250951011533,267.5510716167908,269.27899169921875,24864000
META,2020-09-09,273.85702596930236,276.5482490440014,269.4677036252001,271.8212585449219,22918800
META,2020-09-10,273.5987958964542,277.223469772939,265.1776107750069,266.2302551269531,24814700
META,2020-09-11,268.1866391651495,269.5074301618983,260.8181273628567,264.76055908203125,18913900
META,2020-09-14,269.070493648813,274.7210258385008,263.8569117037533,264.30377197265625,24093800
META,2020-09-15,268.7924129456855,272.6156817829718,267.43189098943856,270.5302734375,18478500
META,2020-09-16,265.4358844479933,270.5501541218085,259.9740365756715,261.6920166015625,29183400
META,2020-09-17,256.48834283374737,259.6860073099909,248.45446578541365,253.05235290527344,31281400
META,2020-09-18,256.607504431696,257.40197311210676,248.31543646225495,250.77822875976562,28130800
META,2020-09-21,245.82285024541395,248.21613611997893,242.43651635455427,246.42861938476562,24709400
META,2020-09-22,251.5528356947217,253.5489024160918,246.49814766498469,252.98284912109375,30293100
META,2020-09-23,253.4892915738525,256.20034970229335,246.42861204477177,247.29258728027344,19641300
META,2020-09-24,244.79003152777824,250.4902186500551,243.91613123159865,247.79901123046875,20006800
META,2020-09-25,247.66993743064677,253.9758943385475,244.8992979778838,253.05235290527344,18351300
META,2020-09-28,257.6005722303954,257.7991969805752,253.052356387746,255.03848266601562,18826300
META,2020-09-29,256.0215668975486,261.50326368945184,255.11787594040175,259.9739685058594,20200200
META,2020-09-30,260.162683455331,264.2342179457792,258.2957199668565,260.0832214355469,20142500
META,2020-10-01,263.5093064368688,266.46861515536716,262.9631035342646,264.7804260253906,20009800
META,2020-10-02,259.39802012625506,263.31069140999944,257.38210311911837,258.1368408203125,16367600
META,2020-10-05,260.38119173026905,263.03265359022123,259.0306099747682,262.8141784667969,12822300
META,2020-10-06,259.96407489128376,263.8469555146379,256.44862279112647,256.86572265625,18696900
META,2020-10-07,257.4119030223598,258.3751755364846,253.05237134297118,256.3294677734375,23133400
META,2020-10-08,257.94810565635004,262.7843174562892,257.3522618150253,261.9302978515625,16312800
META,2020-10-09,262.6850614584868,262.91347690000043,260.3513872302378,262.6155700683594,14107800
META,2020-10-12,268.32564004849735,278.23638958945963,266.01178624127687,273.8371276855469,31019300
META,2020-10-13,275.6544704349761,277.16394589864916,271.49356349761814,274.2244873046875,18063300
META,2020-10-14,275.6941715525807,276.8163376987398,269.6166302608354,269.9344177246094,15577800
META,2020-10-15,265.7436818389125,267.17369507474285,261.8409512729869,264.8697814941406,15416100
META,2020-10-16,265.52525043208055,269.4875630091497,263.45966194903065,264.0852966308594,16622700
META,2020-10-19,263.68805608352665,266.6870958759029,258.07725536685854,259.5867004394531,13587000
META,2020-10-20,261.23519522464017,267.8291492240227,261.05645112735016,265.7039794921875,18763200
META,2020-10-21,277.6207378870773,281.086518658816,274.4528639445289,276.7965087890625,28998600
META,2020-10-22,277.9285954791895,280.49071552993775,273.1321135138718,276.19073486328125,16720000
META,2020-10-23,276.8659844556583,283.2613133434085,274.89973888289836,282.814453125,17535200
META,2020-10-26,281.1957326512578,283.25138040729377,272.3574777001807,275.18768310546875,21322900
META,2020-10-27,276.82628489987553,282.5363978372104,274.3932681346586,281.3248596191406,16287200
META,2020-10-28,276.8560582534552,276.8560582534552,265.4060424140643,265.8132019042969,23121800
META,2020-10-29,274.6315881178936,281.6327011547713,271.88081424165927,278.88189697265625,32368100
META,2020-10-30,272.59585577506135,274.7806069965232,257.30268814248257,261.28485107421875,47247800
META,2020-11-02,262.76454261571706,268.5938190576868,255.55489370624662,259.5469970703125,27165700
META,2020-11-03,261.3344859939097,268.1766749142908,259.07030336447286,263.4596252441406,17961900
META,2020-11-04,279.0507571094763,286.9356812828767,276.6872618622412,285.3865051269531,35364400
META,2020-11-05,289.8751194712088,295.3171162940273,286.9456014426084,292.6358337402344,23823600
META,2020-11-06,291.9109880441416,292.5564731697275,286.0618302818725,291.3747253417969,13891000
META,2020-11-09,287.85925126522017,290.5504442977331,276.5979171838647,276.83624267578125,25117700
META,2020-11-10,271.2055573077003,272.09930809794037,262.16867641553375,270.5401916503906,29067700
META,2020-11-11,271.5729433867913,276.46873676764085,270.5898207017681,274.56207275390625,14957000
META,2020-11-12,275.2572527631473,277.80943248151925,272.52632894071945,273.17181396484375,12899500
META,2020-11-13,275.79351739465017,275.83324840891396,271.2055701884182,275.02886962890625,10391200
META,2020-11-16,273.1420215872313,277.4717929070027,272.724952013687,277.02490234375,12970400
META,2020-11-17,275.7537787794999,275.7537787794999,271.39424714309587,273.0923767089844,15040300
META,2020-11-18,272.615642016478,275.46575826424754,269.9542404677872,270.0833435058594,12152900
META,2020-11-19,269.13996677472807,271.5729836396384,267.3226745261001,271.0466613769531,12963700
META,2020-11-20,270.6693088604697,271.10625910180784,267.5411657781642,267.82916259765625,18114700
META,2020-11-23,269.0109200775067,269.0705014484208,262.6950220076369,266.5679626464844,20990800
META,2020-11-24,266.62747918891404,275.892774089789,266.01178496857887,274.9990234375,16930400
META,2020-11-25,276.21058223535215,278.23640911751494,270.75864526649195,273.6782531738281,12467000
META,2020-11-27,275.4658039800366,277.19372417729744,272.913624390235,275.88287353515625,7808400
META,2020-11-30,274.1151938410017,275.77362247732725,269.13002821535315,275.0486755371094,16693300
META,2020-12-01,277.2235640941028,287.29321054681213,277.02493930484883,284.5622863769531,20738900
META,2020-12-02,283.3804926041417,289.7559715117229,278.88191764104107,285.5255126953125,17361600
META,2020-12-03,284.26433893037,284.6615581463012,279.12027886523424,279.8948669433594,12921700
META,2020-12-04,278.3555792498037,281.4936623325887,277.36251613395586,277.759765625,10880300
META,2020-12-07,277.2532508999536,286.48872432802386,276.2701282650474,283.5989074707031,13007700
META,2020-12-08,284.02602333107836,284.4430929152389,279.59693951719066,281.4341125488281,10747700
META,2020-12-09,281.6922370034893,285.6346980848146,269.86485375951355,275.9920654296875,25189700
META,2020-12-10,273.6286055271856,276.7964791302961,269.97411041402864,275.1976318359375,20065100
META,2020-12-11,272.6256175544194,274.56210276384803,268.37530860630324,271.65240478515625,14391400
META,2020-12-14,271.47364488152203,275.29694373803864,269.6762031606504,272.2879638671875,16376900
META,2020-12-15,272.92354309585454,274.16487208300316,265.6146125663476,273.6385498046875,23979500
META,2020-12-16,272.8540298801992,275.93250127738247,270.6196378820546,273.7577209472656,15885000
META,2020-12-17,275.1480187332912,278.49463675445423,271.7119983579931,272.57598876953125,16377800
META,2020-12-18,273.85700089446664,276.0715425233864,269.25914418635875,274.4826354980469,26693200
META,2020-12-21,271.0864200398628,272.76469937630253,265.93241928810284,270.8977355957031,16553700
META,2020-12-22,269.6166559548355,269.6166559548355,262.7943166917705,265.23724365234375,17312900
META,2020-12-23,265.03864461128967,270.2820169489827,264.38321928084264,266.2501525878906,14329000
META,2020-12-24,267.0147881164967,268.52423298801807,264.35338651175715,265.5450439453125,6702000
META,2020-12-28,266.8757503264271,275.3763674815061,263.81712951323203,275.0784606933594,23299700
META,2020-12-29,275.02881940193726,278.5641213786778,274.3634538345385,274.8599853515625,16383000
META,2020-12-30,276.02191065990667,276.15098341059274,269.8251760858184,269.98406982421875,11803800
META,2020-12-31,270.1131798151852,275.1678676684032,267.9383690679379,271.26513671875,12900400
META,2021-01-04,272.87388692508046,273.0923620269373,263.3603554297846,267.07440185546875,15106100
META,2021-01-05,266.4288997572722,270.5103744315404,266.3494377403135,269.0903015136719,9871600
META,2021-01-06,260.18254915137,265.89266234839437,258.2063631514997,261.48345947265625,24354100
META,2021-01-07,264.05549761855696,269.72587997913473,262.94327168855403,266.87579345703125,15789800
META,2021-01-08,266.44878529422607,267.0843602903066,261.3543662192144,265.71392822265625,18528300
META,2021-01-11,258.6731142177774,261.6423634990481,254.12486777339785,255.058349609375,30412300
META,2021-01-12,254.84981471600418,257.9183763775455,248.56372282065897,249.34823608398438,26383500
META,2021-01-13,249.80503713335122,252.188382619965,247.4713326816302,249.8944091796875,19528900
META,2021-01-14,251.6421841179755,253.26088182402776,242.9131661140982,243.93601989746094,29739400
META,2021-01-15,246.18037327659175,252.0990369057788,245.44551617048168,249.6163787841797,24942900
META,2021-01-19,255.11788057029048,260.38113269366454,250.96688447227444,259.28875732421875,28028500
META,2021-01-20,267.064434937094,268.44480710364064,261.7714222910091,265.62451171875,25199900
META,2021-01-21,267.39219883730624,271.70208935816214,265.6344576307383,270.9771423339844,20838700
META,2021-01-22,270.1231077356851,276.5382869759463,270.1131674066485,272.5958251953125,21954000
META,2021-01-25,276.21058498544335,278.15698017441997,269.6265717881597,276.08148193359375,19087000
META,2021-01-26,276.21062473395097,283.41033323994316,275.88289689272744,280.0934753417969,19373600
META,2021-01-27,280.57013844262696,281.4837699008926,266.26009441224045,270.2522277832031,35346200
META,2021-01-28,275.25724544437986,284.800598380068,262.8638363318904,263.1617431640625,37758800
META,2021-01-29,263.45961452430464,264.7108836627242,253.0821238557494,256.5379638671875,30389500
META,2021-02-01,257.71975684833694,262.33752508224313,253.14174993490226,260.1925048828125,22914300
META,2021-02-02,262.1687038952649,266.98506682724525,261.44375679634464,265.2273254394531,17320800
META,2021-02-03,263.7774086978428,267.3325914717765,262.00975763949117,264.8002624511719,14223400
META,2021-02-04,265.1578001708641,266.2998167269826,262.16867040510544,264.6413879394531,16060000
META,2021-02-05,264.94923410714415,267.3028192101267,263.82709821386266,266.240234375,12454400
META,2021-02-08,266.8857036335244,267.98798910915104,263.1617170711961,264.7307434082031,13755200
META,2021-02-09,264.5917418731132,271.4935427252664,263.9065258912956,267.58087158203125,14613400
META,2021-02-10,270.5600634141554,271.900674402498,265.86286387269195,269.98406982421875,14687200
META,2021-02-11,270.00396858253924,271.68221751277923,266.62752945048277,268.5143737792969,12828600
META,2021-02-12,268.64347706516503,269.2989024897752,266.47860631186603,268.6236267089844,9097600
META,2021-02-16,268.9214652817526,274.68124922947464,268.17666798465854,272.0694885253906,15417200
META,2021-02-17,269.3584178007569,272.0694908959175,267.7099294654533,271.6722717285156,12763200
META,2021-02-18,267.7000453662894,270.0635405541446,264.1845932672995,267.52130126953125,15249100
META,2021-02-19,267.9879548487946,268.3951142975956,258.34532202846117,259.74554443359375,25622600
META,2021-02-22,256.16064411630646,261.2451224455358,255.7435442710094,258.52410888671875,17434900
META,2021-02-23,257.69985037363546,265.60462342546225,253.191350988149,264.0157165527344,21924600
META,2021-02-24,260.5101953582652,264.53211856678286,256.59755514128494,262.4764709472656,15736100
META,2021-02-25,260.48045979713754,265.0882874957207,252.27776339152175,252.9232635498047,19053100
META,2021-02-26,254.69088454166723,263.7078838036071,254.69088454166723,255.83290100097656,26619500
META,2021-03-01,259.01076266266045,264.8003080425841,256.1110046545927,263.0723876953125,22157300
META,2021-03-02,263.9362738003962,264.8598150850479,256.8557300063131,257.20330810546875,15191700
META,2021-03-03,258.48441285340874,259.1795388669576,253.33041273917416,253.6382598876953,15513500
META,2021-03-04,254.69087089031518,264.64135132099676,251.74147254413108,255.85276794433594,31626500
META,2021-03-05,258.8617730445713,263.6086134766132,253.83686100228493,262.44671630859375,26820100
META,2021-03-08,263.7079128586234,263.7377035415093,253.28076471915193,253.53895568847656,18391800
META,2021-03-09,259.36824065418534,266.66726127339814,258.0077489120371,263.8966064453125,22039700
META,2021-03-10,266.7764540911978,267.1041515407455,261.04646128800994,263.0623779296875,14210300
META,2021-03-11,266.2501394394714,275.9722359021643,265.96217295395087,271.9801330566406,21834000
META,2021-03-12,267.2730343215098,267.86884797479286,262.1885254683939,266.53814697265625,20600200
META,2021-03-15,267.21339535013044,274.0456740646534,266.6374321088399,271.85101318359375,16844800
META,2021-03-16,274.1648374392851,280.1828274899557,272.89371792930007,277.3426513671875,22437700
META,2021-03-17,273.7974141829572,284.2444572139667,273.4995073803498,282.03985595703125,21315000
META,2021-03-18,277.92861547763636,283.211719403557,276.3496484982736,276.6872863769531,18728300
META,2021-03-19,279.26927775277846,290.76893806280555,279.24942739580916,288.09759521484375,38930500
META,2021-03-22,288.4351922903145,297.63093607672175,284.76084666263773,291.5037536621094,28273100
META,2021-03-23,291.1164916858374,295.9328546089386,287.7996639990744,288.6139831542969,23000900
META,2021-03-24,288.9813865930339,289.6963932978706,279.20964849752187,280.182861328125,18675000
META,2021-03-25,279.0309091806208,286.06178331046056,275.82330413065733,276.8064270019531,24505600
META,2021-03-26,276.3694427158467,282.5264459269405,275.84312049630233,281.05670166015625,17629200
META,2021-03-29,283.78765555297224,291.1462573927489,282.72510097717293,288.8026428222656,21718800
META,2021-03-30,287.8194588480045,290.4411599233507,284.71119686771675,286.0021667480469,17474500
META,2021-03-31,287.9783924701882,294.44324370782823,286.60796038240426,292.4869079589844,19498200
META,2021-04-01,296.32998972587427,300.30224168012427,294.5424884688127,296.58819580078125,17616000
META,2021-04-05,298.80276535214335,308.614203147411,298.5942002846461,306.7671203613281,28237000
META,2021-04-06,306.6976181446294,309.1902163371081,303.13252508986074,304.1355285644531,17335200
META,2021-04-07,304.21494543454486,312.07007816687496,303.3807760699453,310.9181213378906,22855200
META,2021-04-08,312.6659247488208,313.688778534992,307.8992036600971,310.8486022949219,20894100
META,2021-04-09,309.23983603188884,312.55666307145435,308.1772512663788,310.29248046875,15988600
META,2021-04-12,308.8922542226104,309.984629655204,305.79390230898474,309.3788757324219,10881900
META,2021-04-13,310.04422299179186,312.2488242933257,307.17428638234855,307.6112365722656,14036900
META,2021-04-14,305.1682943929614,305.89324140381507,299.85543077610873,300.7193908691406,17421400
META,2021-04-15,304.2149784475269,307.98863680837684,301.99052656720033,305.6847229003906,14558300
META,2021-04-16,306.03230773662983,306.80689584078993,302.496974770129,304.05609130859375,13059200
META,2021-04-19,302.8942064698286,305.56554881533964,298.4750632513306,300.1434020996094,14553500
META,2021-04-20,299.8951118354893,302.9835537939867,295.1482714936018,300.550537109375,16796400
META,2021-04-21,299.85537375924355,299.8851644358944,295.32700907305224,299.3786926269531,14863500
META,2021-04-22,299.2397360604261,300.8187332985432,293.9864532833794,294.4631042480469,16375400
META,2021-04-23,296.68755239289857,300.49097087154496,295.0887049838903,299.0411071777344,17536800
META,2021-04-26,301.23580358211467,303.67873069928305,299.4681522036944,300.9378967285156,16172600
META,2021-04-27,302.16920808926756,303.2218524436181,299.0211850482078,301.4641418457031,15309300
META,2021-04-28,305.2278718530595,308.7632045092743,303.25168590435214,304.9696960449219,33907200
META,2021-04-29,327.8299665552439,329.5082455205875,319.37899037048027,327.2242126464844,56526800
META,2021-04-30,323.87765659537024,327.532122010799,322.24901835025764,322.8249816894531,26332400
META,2021-05-03,323.907470109946,326.2709353085652,319.6074890468037,320.34234619140625,18719500
META,2021-05-04,317.8000079798019,319.9549680083168,310.9478793920791,316.1515197753906,24032600
META,2021-05-05,315.98274005728,318.8328262137328,312.30839458302705,312.834716796875,15577600
META,2021-05-06,312.33820166682153,318.0185239268124,311.09687276652534,317.800048828125,19012200
META,2021-05-07,320.143703732976,320.69981667352516,316.5388796429248,316.8665771484375,15916700
META,2021-05-10,312.1694082519749,312.3977933814333,302.7154276382799,303.8475341796875,24239200
META,2021-05-11,298.6637819675191,304.71153371628975,297.6111373134013,304.4036865234375,18920100
META,2021-05-12,299.0411002600775,302.84451865074016,296.1214922814983,300.45123291015625,24645500
META,2021-05-13,303.9567753757269,306.71748989994825,300.66973856002795,303.1424865722656,18079200
META,2021-05-14,307.3927842966852,314.65207369614257,306.9359534150257,313.7483825683594,19245700
META,2021-05-17,311.37491338064495,313.49014256803696,309.4185779211098,313.27166748046875,15401300
META,2021-05-18,313.4007642728531,314.30445528494346,307.66086105681984,307.809814453125,14522400
META,2021-05-19,302.0798852044265,312.4772577066652,301.46419089388326,311.4146728515625,19106200
META,2021-05-20,311.4047047515973,317.0353857038535,310.9876352326923,316.3998107910156,17320200
META,2021-05-21,317.07514782686013,317.7106924961839,313.6192770874103,314.036376953125,13600900
META,2021-05-24,316.00266360216654,323.68899413744924,315.8239194819217,322.3781433105469,16445400
META,2021-05-25,324.8110776685687,326.8965163184287,322.5468949273761,325.51617431640625,16437000
META,2021-05-26,326.0723009791142,327.5420150886895,323.55985234776074,325.3870849609375,9686900
META,2021-05-27,325.72472236570246,331.4646263219847,324.4933337229342,330.4417724609375,20477700
META,2021-05-28,328.7039190666391,330.5609424009443,326.05242698912605,326.4496765136719,12037400
META,2021-06-01,327.859776244359,329.12098577650926,324.3741453730533,326.84686279296875,11765900
META,2021-06-02,328.0881776892321,329.5678319465902,324.85078242485343,326.86669921875,11654300
META,2021-06-03,323.520114193703,325.1090213066614,321.23608105411955,323.7783203125,12610800
META,2021-06-04,323.63929770571855,330.15379001187324,322.92429097426816,328.0584411621094,13289400
META,2021-06-07,327.1944541755547,335.347494066772,326.6482512651954,334.24517822265625,20136700
META,2021-06-08,334.36436543557863,335.95324218671897,329.93528208942485,331.36529541015625,14580500
META,2021-06-09,333.41101346017734,334.463657978423,327.710840656936,327.9591064453125,13727900
META,2021-06-10,328.4953187995612,331.62346119356516,326.2708370678811,330.1537170410156,13240200
META,2021-06-11,330.2729174472799,330.52118322602627,326.64824313875914,328.96209716796875,13587900
META,2021-06-14,329.5976857597547,334.48357027168373,327.5221872093391,334.43389892578125,12250800
META,2021-06-15,334.652296373445,337.5619940454833,332.70590134593084,334.4139709472656,15795200
META,2021-06-16,334.3643653995588,335.2084448088056,326.439710773516,328.7833251953125,17232200
META,2021-06-17,328.1974601209938,335.6355243882391,327.85982225647933,334.17572021484375,17794100
META,2021-06-18,332.20941212190775,333.81816956514166,326.71777415159494,327.3731994628906,23039500
META,2021-06-21,328.79323655230536,330.6105588772653,325.3770972881534,329.98492431640625,11337500
META,2021-06-22,330.3821755239405,337.56203287221103,330.29280347884355,336.6781921386719,15345300
META,2021-06-23,336.995997823339,341.0377722588904,335.85398122199473,338.2273864746094,14817800
META,2021-06-24,339.47864729083625,342.5074778063374,339.41906592570973,340.7994079589844,12329100
META,2021-06-25,340.2135219727783,341.7329074740562,337.32370439076266,339.0019836425781,14594400
META,2021-06-28,340.0843790089774,355.65563137017324,339.39916304899543,353.1729736328125,29156100
META,2021-06-29,353.7985962511624,354.26533714219687,346.6286791220538,349.4490051269531,21417300
META,2021-06-30,349.72705702806195,350.4718543781205,344.76174136100525,345.2979736328125,15107500
META,2021-07-01,344.414145811275,352.2096970760789,344.096358351219,351.931640625,17137000
META,2021-07-02,352.63675169325717,353.9674527570495,350.17394402400754,352.2395324707031,11521300
META,2021-07-06,354.02702092017273,356.30114407035626,346.7577912256229,350.33282470703125,13488500
META,2021-07-07,352.79564674200435,354.0170950982068,347.5721245438341,348.0587158203125,14218900
META,2021-07-08,343.33168979632217,345.91362941100147,340.1836666793353,343.2522277832031,14406500
META,2021-07-09,342.924598805808,348.2771938088227,342.8749274612191,347.9892272949219,13018700
META,2021-07-12,348.79360036608597,351.7330589669335,347.21463350700583,350.710205078125,10018600
META,2021-07-13,349.061709882351,356.003211854675,346.3804271577719,349.6476135253906,11456000
META,2021-07-14,352.1004565076469,352.73603144965426,344.3247856324014,345.2185363769531,13894200
META,2021-07-15,346.80742583126903,346.80742583126903,337.85991789887277,342.07049560546875,14781600
META,2021-07-16,342.5174133110356,343.5899081740883,337.7805130149065,338.7934265136719,11026100
META,2021-07-19,335.22833468467167,337.4329360890241,332.2193545536119,334.6126403808594,14372300
META,2021-07-20,336.44977124178934,341.0675389712737,332.1796119696146,339.2899475097656,11024300
META,2021-07-21,339.131017609549,344.11618300514283,338.88275185727264,343.8282165527344,9279700
META,2021-07-22,344.2751207728499,349.1014233736785,342.8153167504496,348.75384521484375,12385400
META,2021-07-23,358.4064175626375,372.7263709130637,354.712221510125,367.2248229980469,33694300
META,2021-07-26,367.0162853811016,371.8425883087263,365.6657339712904,369.8763122558594,14925200
META,2021-07-27,369.33010978819533,370.5614983630885,362.0211494423419,365.258544921875,15705400
META,2021-07-28,371.96173241744225,374.93098154905937,364.3846557059322,370.69061279296875,29676900
META,2021-07-29,358.4957829668107,362.984417317109,354.26532441729825,355.8343811035156,33413200
META,2021-07-30,351.54436646173724,358.22769258735656,350.49172191318684,353.8283996582031,15976200
META,2021-08-02,355.61590753540196,356.9068774625231,348.30694725009323,349.5085754394531,13180400
META,2021-08-03,350.2831820422814,351.3159459164224,345.2880755211377,348.8034973144531,12406100
META,2021-08-04,349.97535634826033,357.9794435460874,349.07166517355284,356.4302673339844,14180600
META,2021-08-05,357.14523110122803,361.3756593379675,354.4242175743126,360.4521179199219,10247200
META,2021-08-06,358.893024268515,362.6170111631922,358.893024268515,360.9884033203125,8925000
META,2021-08-09,361.2366418858136,363.24261843176544,358.2475122657697,359.1015319824219,7798900
META,2021-08-10,359.3200344847057,361.5743072827586,356.5494100527903,358.6249084472656,7469900
META,2021-08-11,359.58818244084523,359.8463582588561,355.32793292601053,357.4630126953125,8400300
META,2021-08-12,355.9634310841471,360.48185544185276,354.63270004502505,360.13427734375,7170700
META,2021-08-13,360.4521097687028,362.130388809589,358.9724554674961,360.66064453125,7195700
META,2021-08-16,360.00519827466246,364.4044905245211,354.9008700659113,364.0171813964844,11222100
META,2021-08-17,360.4620449651616,362.1403239821523,352.606912425003,355.9634704589844,12328700
META,2021-08-18,353.77875237413787,357.3636958513721,352.68637683194646,352.98431396484375,10042400
META,2021-08-19,348.9126880907285,355.08954110949225,348.56510998256186,352.6565246582031,12004500
META,2021-08-20,352.1402354257844,357.49283059812626,350.8591753443092,356.87713623046875,8697700
META,2021-08-23,356.9466479627438,363.1532931180248,356.6090101030027,360.82952880859375,10942000
META,2021-08-24,361.1373449529852,365.4075043305499,359.32996276565495,362.9745178222656,9235100
META,2021-08-25,363.06387912846816,368.287370479807,362.8652543840877,365.83453369140625,9684500
META,2021-08-26,365.8245777100554,366.8772221372946,361.6040596725405,361.8523254394531,7888700
META,2021-08-27,362.5673411067195,371.1473904662414,361.55439735667915,370.04510498046875,11219100
META,2021-08-30,369.97556201483116,378.84360764683936,367.94970493712964,378.0193786621094,13547300
META,2021-08-31,377.3143442669874,380.10484920750287,376.17229743518845,376.748291015625,12345400
META,2021-09-01,376.9568229863813,381.6639324386178,376.18223497138194,379.3997497558594,11567200
META,2021-09-02,378.85358112737276,379.10184690792806,371.4651890735768,372.6767272949219,14832900
META,2021-09-03,372.15033708759177,374.5436224117714,370.5216993177596,373.6498718261719,7509600
META,2021-09-07,373.2725538548956,380.303427098371,370.56148074730555,379.5288391113281,10793800
META,2021-09-08,377.5228659344318,378.22793223895627,372.19012201827695,374.9508361816406,11067200
META,2021-09-09,375.02041095563226,377.1951915376633,373.9578260311305,375.3778991699219,9098900
META,2021-09-10,378.7145106920506,381.1276769391466,375.6360394777638,376.06304931640625,11549600
META,2021-09-13,379.0323434951405,379.1018651904603,371.7532037928041,373.8982238769531,13026300
META,2021-09-14,374.7820203796107,375.9637679324981,372.5078973191111,373.9180603027344,8711600
META,2021-09-15,374.38479292291254,374.9409058407148,365.11952742999154,371.326171875,17940300
META,2021-09-16,370.2040213099669,370.9686690276953,367.14536982728856,370.4721374511719,11934200
META,2021-09-17,368.8336285847761,368.8336285847761,359.08174011002257,362.1900329589844,26299000
META,2021-09-20,356.80760838346737,358.52561869095604,347.373507646464,353.23260498046875,19822800
META,2021-09-21,356.0131576959178,357.5424835116956,352.72612092380973,355.000244140625,11751900
META,2021-09-22,344.82132634927734,347.41320660790336,338.326684902849,340.8291931152344,43692900
META,2021-09-23,342.9642756764454,347.24440574358306,340.6206611842172,343.56011962890625,21806300
META,2021-09-24,340.8589909880195,351.8919385080049,339.9950308835849,350.5115661621094,18801900
META,2021-09-27,347.3833909106001,352.68634408018727,344.67231781299654,351.1272277832031,15205800
META,2021-09-28,345.55615516237805,347.17485280362484,336.5689465667117,338.28692626953125,21710300
META,2021-09-29,340.769633143772,342.8352215839474,336.5292641634484,337.2541809082031,14452200
META,2021-09-30,338.08831943225476,340.4219932993988,335.80425628819665,337.0356750488281,16547100
META,2021-10-01,339.2402721276519,342.626620946173,336.29090380487764,340.6305847167969,14905300
META,2021-10-04,333.2024545158559,333.6096140159672,320.46146851508894,323.96697998046875,42885000
META,2021-10-05,326.3006776114081,332.85490048506125,323.8974817514608,330.6502990722656,35377900
META,2021-10-06,327.4526216500832,332.0604490478025,323.53995055480846,331.3255920410156,26443000
META,2021-10-07,334.6622163333096,336.4894485365251,326.6978623324662,326.9361877441406,28307500
META,2021-10-08,329.21036149099893,331.087235010964,326.42976659780624,327.7604675292969,15946100
META,2021-10-11,325.35731443923436,328.1676700761693,323.0534004471165,323.19244384765625,14708200
META,2021-10-12,320.78919081230543,322.12983213718235,315.168449699641,321.5240478515625,31658700
META,2021-10-13,324.7018630148336,324.73165369743293,320.4217632147295,322.2887268066406,14761500
META,2021-10-14,326.08223402824575,328.2272542836697,324.83099494199575,326.2510681152344,14302200
META,2021-10-15,326.3999927716936,326.78730195164854,320.27281003421854,322.5072021484375,21596400
META,2021-10-18,326.6681361594644,333.5599968627541,325.22818246588844,333.0137939453125,21585000
META,2021-10-19,337.2938929273335,340.0843979551159,334.94033811013963,337.63153076171875,18786300
META,2021-10-20,341.0675687432612,341.5938910279222,337.0953159364956,338.41607666015625,13639500
META,2021-10-21,337.91948543047783,339.9354021619499,335.45667821474876,339.5083923339844,16354400
META,2021-10-22,324.08613514392806,327.3433807629827,318.8824641103329,322.3581848144531,35224500
META,2021-10-25,318.07815764744475,327.2739333524103,317.5021942774875,326.40997314453125,38409000
META,2021-10-26,325.982878988023,327.9193337074258,307.4523192648189,313.6192321777344,65654000
META,2021-10-27,312.0104735506991,317.0353700214792,309.89524446324407,310.05413818359375,29971800
META,2021-10-28,310.81882690664725,323.2619070153959,305.9726738656549,314.7215881347656,50806800
META,2021-10-29,317.96888127486596,323.73857554960784,317.3829776736138,321.325439453125,37059400
META,2021-11-01,323.7783380427413,331.13694007847226,323.738607028624,327.6910095214844,31518900
META,2021-11-02,329.08129551893205,332.467644744342,321.55385932113387,325.8041687011719,28353000
META,2021-11-03,325.2182246298572,329.84590230841843,320.95800575490676,329.319580078125,20786500
META,2021-11-04,331.6930007694114,334.9303657214062,330.3424192552651,333.5202331542969,22495300
META,2021-11-05,337.9493222910368,344.3843824919673,337.28398694368224,338.7636413574219,26872800
META,2021-11-08,342.03084189288523,342.39827042924827,335.99300064415445,336.27105712890625,18342500
META,2021-11-09,337.6414353317068,338.94234549630863,332.14979790457625,333.0435485839844,17556700
META,2021-11-10,330.1835499468234,330.87870625923074,323.25198870461344,325.3672180175781,21872600
META,2021-11-11,327.5320799248782,330.1537507579003,324.73163470083574,325.46649169921875,12376600
META,2021-11-12,327.8895713138474,339.48854119804446,327.49235212990004,338.5252990722656,25414300
META,2021-11-15,341.9513528589392,351.1967681291148,340.81927665538785,345.1490173339844,25076600
META,2021-11-16,341.44489271681016,344.24533809936,338.50543425102154,340.5809326171875,18181100
META,2021-11-17,341.85205836625045,344.8908292635212,337.7407925723655,338.4061279296875,13602800
META,2021-11-18,337.3634606615837,340.08444436677087,332.9741076037919,336.3406066894531,17487200
META,2021-11-19,339.8261918393417,349.6575100890898,337.5421286138821,342.9046630859375,26488500
META,2021-11-22,346.6286760200637,351.3755166050516,338.1479386460966,338.64447021484375,27116800
META,2021-11-23,336.5788918252043,339.0317590592541,331.1865661032912,334.9105529785156,17225000
META,2021-11-24,333.6692250990394,339.40912900904357,330.5013511624678,338.6941223144531,13566200
META,2021-11-26,333.47060617009134,335.4070915076629,329.5976658008317,330.8092041015625,14750700
META,2021-11-29,334.5530130354326,338.30679001277554,332.9839565034178,335.6850891113281,16650900
META,2021-11-30,332.6761530506527,333.4805317723644,321.1864052077006,322.2092590332031,25390000
META,2021-12-01,327.99885131334366,328.20738609874235,308.1375874041913,308.4454345703125,30329600
META,2021-12-02,309.23985058811394,312.41766470557803,305.0690036530589,308.23687744140625,24396200
META,2021-12-03,311.5537063209336,311.573556673393,297.4224070874301,304.71148681640625,27471000
META,2021-12-06,305.99258224552244,317.87955048932594,304.2149905529818,315.6650085449219,21758300
META,2021-12-07,319.33932063498895,324.27484564424213,318.7732673727845,320.5707092285156,18794000
META,2021-12-08,322.7455088217183,330.4417478782362,320.82890430428074,328.2669372558594,19937700
META,2021-12-09,327.2540480147095,333.79833071804273,325.7247222356388,327.5321044921875,16879200
META,2021-12-10,330.2530905762638,332.7059578569133,324.1060270329738,327.46258544921875,14528000
META,2021-12-13,328.6542862575993,338.72393159457016,327.3037045132729,332.1697082519531,22948700
META,2021-12-14,325.7743343201105,333.37129119790376,325.37711514556946,331.42486572265625,20461000
META,2021-12-15,330.18354541056993,339.73680772798974,321.7325989098653,339.2899475097656,24681300
META,2021-12-16,336.62855788973843,342.07052456232094,331.4248863696693,332.57684326171875,22635000
META,2021-12-17,330.4914256670543,334.77152569712786,328.4556581996595,331.4745788574219,40012600
META,2021-12-20,327.49239434582324,327.6115570857802,320.2926858498686,323.19244384765625,17901800
META,2021-12-21,324.14571370639186,333.669184716812,321.5041623573449,331.8816833496094,16116800
META,2021-12-22,331.48445199749193,332.189548621576,325.98290422148904,328.15771484375,16764600
META,2021-12-23,327.8101307259051,334.33456247386124,326.08218034839234,332.9144592285156,13987700
META,2021-12-27,336.4994852665034,345.45690479000456,335.6653157807883,343.77862548828125,17795000
META,2021-12-28,344.2254578364717,350.26326798561126,342.80538491551954,343.81829833984375,16637600
META,2021-12-29,344.50352743630526,347.2642416723502,339.2700957520207,340.5610656738281,10747000
META,2021-12-30,341.6137032403792,344.8213079338288,340.8391152417787,341.97119140625,10593300
META,2021-12-31,340.64052979403345,341.0576296748755,333.9373531578227,334.0168151855469,12870500
META,2022-01-03,335.9532641001233,338.71397854824414,334.85097850917924,336.1916198730469,14537900
META,2022-01-04,337.59181528292993,340.71001767926003,329.5678484085995,334.1955261230469,15998000
META,2022-01-05,330.7099111630695,333.43092506420857,321.5935978412268,321.92132568359375,20564500
META,2022-01-06,320.58060546422104,336.8171916022808,320.48129310288107,330.1537170410156,27962800
META,2022-01-07,330.4318562598737,334.66231540471273,326.59864665992654,329.48846435546875,14722000
META,2022-01-10,323.05338636520554,326.0623666414972,313.2419171246315,325.79425048828125,24942400
META,2022-01-11,324.51316123835636,332.3087126977734,323.0235665762721,332.0505065917969,16226800
META,2022-01-12,332.85487581183287,334.03662330125775,327.74060701207145,330.9482116699219,14104900
META,2022-01-13,332.65630784591855,333.30179283796394,323.50026430952033,324.21527099609375,14797100
META,2022-01-14,319.5578318522196,330.4219462367584,318.9818381956551,329.5976867675781,16868500
META,2022-01-18,321.04735162418825,321.96095262959676,315.43655163280187,315.9429931640625,22645600
META,2022-01-19,317.3631065456677,324.83096079185947,317.1148407594168,317.373046875,20814700
META,2022-01-20,321.6531859641485,325.54600730349057,313.78814186461847,314.3641052246094,16925000
META,2022-01-21,312.6261943760006,316.10191525145456,300.9378525135199,301.06695556640625,28710700
META,2022-01-24,295.77389108985574,307.3828004084756,287.00515781406256,306.5684814453125,38878100
META,2022-01-25,297.8693071627254,304.1057425994434,295.51572201501665,298.0679016113281,25108500
META,2022-01-26,304.88037108409003,305.376902730268,288.83246464291113,292.58624267578125,28348800
META,2022-01-27,295.68454210791685,299.6170635525719,292.218761538942,292.59613037109375,21629900
META,2022-01-28,293.5693146659942,299.8057498469455,290.9972848220705,299.6170654296875,21871600
META,2022-01-31,298.5941649935684,311.6132362216282,297.24361390821184,311.0869140625,21579500
META,2022-02-01,312.37793715110746,317.4425651980272,309.95486067855575,316.7871398925781,18023800
META,2022-02-02,325.54600207276366,325.7247461844524,314.67194735675173,320.7594299316406,58458300
META,2022-02-03,242.95287599915073,246.27964337200504,234.11462066512175,236.1106719970703,188119900
META,2022-02-04,233.34003882664075,240.92704033727873,228.51375153368647,235.44532775878906,89342200
META,2022-02-07,236.05110936639238,236.64695332171354,222.4560723238542,223.34983825683594,88613800
META,2022-02-08,219.31799930165315,224.20386810473175,214.65059044744515,218.6526336669922,94729700
META,2022-02-09,222.64474501260375,231.75113186310045,220.66855913240377,230.39064025878906,86563300
META,2022-02-10,226.68653990638668,233.36985097006743,225.12742341585542,226.48793029785156,49310400
META,2022-02-11,226.87521985005384,228.82161518931338,217.2524352504062,218.0270233154297,46156900
META,2022-02-14,217.78868216906557,219.46696135685332,213.2901072050722,216.18984985351562,38184000
META,2022-02-15,218.94061199946717,219.61588760053033,213.56813725848932,219.46693420410156,42685500
META,2022-02-16,210.93654707270989,215.95151900472374,210.8868908846818,215.0378875732422,45817500
META,2022-02-17,212.5353757176675,215.99123117362203,205.72296202717726,206.26914978027344,38747500
META,2022-02-18,207.9374784326616,209.28804483223993,203.75667618414028,204.72988891601562,37128400
META,2022-02-22,200.93639836684068,206.04074245924153,198.67221554938297,200.67820739746094,39852400
META,2022-02-23,202.74377678275914,205.50449113354318,196.67616031691193,197.07337951660156,44481400
META,2022-02-24,189.73463943279745,206.90470945781502,188.90047003925045,206.159912109375,49957200
META,2022-02-25,203.5183647840356,209.8541125423845,201.77056393873042,209.01992797851562,37627600
META,2022-02-28,206.23934870344502,211.67140537212006,205.39525411367887,209.5661163330078,34239800
META,2022-03-01,208.41416290445198,210.28112651537154,200.81723570545105,202.07843017578125,27094900
META,2022-03-02,203.3594795827409,207.6991608900357,200.61863062333498,206.6663818359375,29452100
META,2022-03-03,207.5700305850392,207.6296119400185,200.02274579359462,201.56199645996094,27263500
META,2022-03-04,200.96616870266408,204.46175495320406,197.41100109237203,198.6721954345703,32130900
META,2022-03-07,199.3971166631485,199.49642902609736,185.980840748645,186.16952514648438,38560600
META,2022-03-08,186.54692452981288,195.3355245860247,184.81898914057544,188.96998596191406,37508100
META,2022-03-09,194.38219787476945,197.71889086123977,192.5748155619996,197.123046875,31894700
META,2022-03-10,193.4884065766853,194.91841983418425,189.74456968088708,193.85585021972656,24853000
META,2022-03-11,191.303669263992,192.2172854703511,185.3750815218328,186.30856323242188,34694500
META,2022-03-14,185.73260739881346,190.95611432836714,184.53100942336172,185.33538818359375,31010500
META,2022-03-15,189.47647344214124,190.94620282724753,184.6203946965163,190.69793701171875,31721700
META,2022-03-16,193.34937665165634,202.31673495935266,193.17063257251073,202.21743774414062,40640300
META,2022-03-17,200.30081726148748,206.59683345944606,199.7149136896044,206.39822387695312,29499700
META,2022-03-18,205.26615383037955,215.2960978900843,204.57101264324805,214.98825073242188,52128000
META,2022-03-21,213.01204862783814,213.22059855952324,206.18970954170595,210.02293395996094,30142300
META,2022-03-22,209.90378280167224,217.93767633566694,208.72203506185747,215.14715576171875,31998800
META,2022-03-23,211.85017549876554,215.29610603491705,210.68829336640334,211.97927856445312,23717300
META,2022-03-24,213.5085543588696,219.1392199973298,213.30000445243496,218.04685974121094,31502300
META,2022-03-25,218.98035503124117,223.9357457242786,217.37159753839384,220.28128051757812,40039000
META,2022-03-28,220.58912249182504,222.48586159323668,218.01707741553452,222.0389862060547,26224100
META,2022-03-29,224.50180014859438,229.28835679181603,223.7271969282728,228.2655029296875,31417900
META,2022-03-30,227.32206885833335,229.5465204163885,225.13733315541214,226.26942443847656,25588000
META,2022-03-31,226.86527101996631,226.9050020311638,220.7182077665488,220.81752014160156,24192300
META,2022-04-01,222.99233071349855,225.7033888379623,221.15515784665132,223.29025268554688,19544800
META,2022-04-04,224.41241418163085,232.72436333956819,224.29325144843688,232.26754760742188,28054800
META,2022-04-05,232.45621733585187,235.2169316018234,229.4174466080516,230.23175048828125,29727200
META,2022-04-06,225.33596570060982,227.40153889568887,219.8741183102283,221.75100708007812,28995100
META,2022-04-07,222.37660944612904,223.95559126819157,217.04386552632997,221.40341186523438,21037200
META,2022-04-08,220.83740643634152,223.56833032502462,218.5037017793808,220.78775024414062,18375700
META,2022-04-11,216.90486095018167,219.07967176886117,213.72706176092154,214.95846557617188,20516600
META,2022-04-12,218.7122165607691,220.48979279339932,211.65153750858536,212.65452575683594,20128800
META,2022-04-13,210.3506337496348,215.10739934568304,209.8640273741091,213.49864196777344,19231800
META,2022-04-14,213.3993497039803,213.49866208481365,208.54327127888956,208.72201538085938,18379500
META,2022-04-18,208.54325950228275,211.89981776607013,206.85505519404293,209.30792236328125,16580800
META,2022-04-19,209.0596591305934,216.91477715151493,207.5501988958004,215.80255126953125,20089900
META,2022-04-20,212.1282301137777,212.67441790270703,197.5401293256184,199.02972412109375,43036500
META,2022-04-21,200.20152312891832,201.56201470052716,184.2926483333906,186.765380859375,49954100
META,2022-04-22,189.04942502299562,191.3831294620627,181.99868582411173,182.83285522460938,36426800
META,2022-04-25,181.46241266801752,185.88154035079478,180.39984305017538,185.69287109375,29281100
META,2022-04-26,185.33538515455388,185.8914981079493,178.25483986956792,179.6947784423828,31747400
META,2022-04-27,173.21997688343922,179.95295816108907,167.8276519091192,173.7363739013672,71062900
META,2022-04-28,201.5123517073191,207.08343600789271,191.56185573215208,204.3028564453125,100890600
META,2022-04-29,203.04168818781721,211.00604334340784,198.51330772123916,199.07936096191406,49193400
META,2022-05-02,199.77450522946864,210.4102178692344,199.59576114199825,209.66542053222656,49915300
META,2022-05-03,208.99013202513237,213.4092599092411,206.64650243953506,210.55917358398438,41556300
META,2022-05-04,209.188763488015,222.74408567898038,205.52437289516442,221.86026000976562,41375900
META,2022-05-05,217.22263694269984,218.64270996108357,204.72990080911183,206.83518981933594,41129200
META,2022-05-06,205.90170328237653,207.9275605290676,199.62555225514092,202.35647583007812,34747200
META,2022-05-09,198.4537160338179,201.16478906713562,194.2232729010237,194.84890747070312,36303200
META,2022-05-10,198.12604417981822,201.55212452552124,192.8429555526192,196.27894592285156,34452500
META,2022-05-11,194.9681017385989,199.27799243110317,186.96401469453613,187.43075561523438,31153400
META,2022-05-12,185.76236458514148,196.67613254119192,183.49818213020077,189.9133758544922,38262200
META,2022-05-13,191.24410785549279,198.503397232515,189.953122698784,197.24220275878906,24549800
META,2022-05-16,195.68307963018455,203.9453564363125,194.57083869542402,198.65232849121094,27112600
META,2022-05-17,200.71793067646036,204.0347733061677,196.98401847084506,201.21446228027344,24872700
META,2022-05-18,198.61262813981287,199.60569128051193,190.3006945011028,190.90646362304688,23960000
META,2022-05-19,189.87368641774594,193.93531138900886,188.2847943425797,189.9630584716797,24446900
META,2022-05-20,193.6175216415817,196.5371296980073,186.56676728554785,192.1974334716797,31465600
META,2022-05-23,193.83598024475504,195.62349677540197,189.91338420576912,194.86875915527344,25059200
META,2022-05-24,179.29754438158685,182.4058215571146,174.88834182641335,180.02247619628906,50406300
META,2022-05-25,179.14859492045568,184.16356710269176,178.07610000083076,182.5548095703125,28030200
META,2022-05-26,181.61141655961418,191.4923931141152,180.99570702518523,190.30072021484375,23056500
META,2022-05-27,190.0325607294829,193.97502255882603,188.48338467468687,193.7764129638672,22562700
META,2022-05-31,193.53806654327124,196.22927420586925,190.6780399723834,192.29673767089844,26131100
META,2022-06-01,195.14683847181115,198.14589349403096,183.716686817317,187.33143615722656,36623500
META,2022-06-02,187.14273921918476,199.54610286315108,186.42773257091963,197.48052978515625,31951600
META,2022-06-03,194.6205141545029,195.2461487952102,188.46352558358373,189.4565887451172,19465000
META,2022-06-06,192.6443358781859,195.55400378462718,187.09310106659834,192.90252685546875,30574200
META,2022-06-07,190.5986047413895,195.16670133175938,190.1616696801112,194.2928009033203,18828700
META,2022-06-08,193.3196042963057,200.62854978866102,193.06141332875293,195.27593994140625,22267200
META,2022-06-09,192.9323054091504,198.0664400188012,182.40583007585803,182.72361755371094,23501600
META,2022-06-10,181.77026400868175,181.829860523431,173.8059088194691,174.3520965576172,27450800
META,2022-06-13,169.4066358708141,171.38283695644884,162.89214415630036,163.12054443359375,31749300
META,2022-06-14,164.87824031968665,165.59324685567634,160.24063816313063,162.5941925048828,27244300
META,2022-06-15,166.04013730521538,170.96573665232683,162.8424731032596,168.17523193359375,30008300
META,2022-06-16,162.58431031260895,163.93487688731022,158.50281990437463,159.7540740966797,26944100
META,2022-06-17,160.5584488585028,164.7491767213856,158.7907975972423,162.6041717529297,31374200
META,2022-06-21,164.77896178821595,166.59626917748903,154.88806126492062,155.9605712890625,50724900
META,2022-06-22,157.28135432111557,159.6746251146912,154.3617460913147,154.76890563964844,47267800
META,2022-06-23,155.18598085338266,158.64183633158527,153.1799890713429,157.64877319335938,40499200
META,2022-06-24,160.60809926890386,169.0690015635416,160.18108938711842,168.97962951660156,68736000
META,2022-06-27,170.1315618845961,170.55857170482776,166.8445105980896,168.3142547607422,29174600
META,2022-06-28,168.72142760981015,170.11172514854024,159.49587736831415,159.5653839111328,27744500
META,2022-06-29,162.4353516237137,165.17620054541592,159.20789628875934,162.8027801513672,28595200
META,2022-06-30,161.0251746738575,164.08381082254584,157.39057526508302,160.1314239501953,35250600
META,2022-07-01,159.19794782136924,159.50579496695804,153.9247850296623,158.91989135742188,31423900
META,2022-07-05,157.0430120915462,167.08288153776365,155.930786168884,167.02330017089844,28618600
META,2022-07-06,167.0332296710171,170.39971336251205,164.31224616080019,168.59234619140625,23085900
META,2022-07-07,168.27454597600874,171.52186668535077,166.61613235121607,170.99554443359375,24083400
META,2022-07-08,168.800875159169,171.20408623734986,166.98356772070983,169.69464111328125,19249200
META,2022-07-11,165.9110745220636,166.3281592437503,160.7868648220126,161.75013732910156,21885600
META,2022-07-12,163.65680602324343,164.75910669806157,160.9755386164519,162.13742065429688,16639700
META,2022-07-13,159.0489939667087,163.83555035660143,158.50280621658072,162.35589599609375,16555100
META,2022-07-14,160.10163679992067,161.462128420122,156.18896569777073,156.95362854003906,23765200
META,2022-07-15,159.42634884359796,163.8355515824348,158.71135732791987,163.5574951171875,23342800
META,2022-07-18,165.59326500501615,170.4989989384807,164.49096440396264,166.06993103027344,23574300
META,2022-07-19,169.1881631762132,175.26571992802639,168.3341282653375,174.56063842773438,25933700
META,2022-07-20,176.2587716124654,182.32638764041948,175.47424329322635,181.81991577148438,24784300
META,2022-07-21,179.3770096978159,182.5746743968108,177.6292087773565,181.89938354492188,27195800
META,2022-07-22,171.86945307838997,174.38190172971616,167.2417749894323,168.09580993652344,42583900
META,2022-07-25,167.82764636306086,169.38676254055434,163.66670998438224,165.4939422607422,26166300
META,2022-07-26,164.78888117236554,164.84846252953244,156.85430212928955,158.0459747314453,28468400
META,2022-07-27,161.46212428769684,169.68468546683903,160.8960862055005,168.4036407470703,43846600
META,2022-07-28,159.94274035613432,160.38961572025178,153.77582699484466,159.6051025390625,73214300
META,2022-07-29,156.5961153483285,159.0291167990866,154.09359221040665,157.996337890625,42065400
META,2022-08-01,156.1591851083066,164.04410918466886,154.15319324119818,158.82058715820312,40596700
META,2022-08-02,157.2118327223143,161.11457897672165,156.9139107318116,159.07879638671875,27374500
META,2022-08-03,161.56145723337113,168.36393117953668,160.4492312790305,167.6290740966797,31721900
META,2022-08-04,167.1325373671115,170.95582154448263,165.64294258692857,169.3867950439453,23938200
META,2022-08-05,165.83161242349757,170.4195590937745,164.64986491074373,165.95077514648438,25832700
META,2022-08-08,166.8346081704295,176.2786332135897,165.97064808420234,169.06900024414062,27299100
META,2022-08-09,167.77801610097995,168.35399454612372,165.44432679109218,167.36093139648438,18655100
META,2022-08-10,174.7692005526362,179.22804468728987,172.74334310966682,177.10289001464844,30262100
META,2022-08-11,178.46339053169922,181.82987410175613,175.14654799822966,176.2587890625,24079100
META,2022-08-12,179.5557567167697,180.20125689554231,177.66894267746338,179.24790954589844,21274000
META,2022-08-15,177.71858826208515,180.18138063501422,176.96385056905282,179.63519287109375,15878700
META,2022-08-16,178.19523068394807,179.73448139510987,175.81187034484427,178.2250213623047,21156700
META,2022-08-17,175.5338393460009,176.90427136073453,172.96180938893704,173.63710021972656,20118100
META,2022-08-18,173.13060732813116,174.54075503123113,170.66781522362834,173.44839477539062,18844500
META,2022-08-19,169.01932762679462,171.12463159115575,165.89118508884732,166.7948760986328,26240800
META,2022-08-22,164.34202175823924,164.34202175823924,161.13441695931127,161.9189453125,19499700
META,2022-08-23,161.3528927591669,163.90507227097777,159.58524160395055,159.99240112304688,18111800
META,2022-08-24,159.48596568492076,164.3122537366885,158.66172136041752,162.12750244140625,20891500
META,2022-08-25,164.03417354079855,167.70851953536783,162.88223173493446,167.6092071533203,15550500
META,2022-08-26,167.31128091921585,169.73435751151283,160.54852306381065,160.6577606201172,24023600
META,2022-08-29,159.54551105399935,161.91893110471815,157.90694795228592,158.0658416748047,20052700
META,2022-08-30,159.23769841502485,160.5386088498215,154.82849515456346,156.06982421875,19567900
META,2022-08-31,165.91107021908033,166.67571794587022,161.0152609370121,161.79977416992188,40953000
META,2022-09-01,162.4452699687775,166.19904741902297,159.2376802751425,164.21292114257812,30145700
META,2022-09-02,166.28841544244423,166.76508149443754,158.11551025538967,159.2078857421875,22634200
META,2022-09-06,158.98942262661697,160.56838946048592,156.5961367043225,157.4402313232422,19339800
META,2022-09-07,156.66562873223995,159.8434427650851,155.72222182065045,159.2773895263672,16831200
META,2022-09-08,157.60905392509943,161.104625185907,156.6457814896264,160.93580627441406,22530800
META,2022-09-09,162.11755708898195,168.36391755240584,161.88915681033242,167.97662353515625,22086800
META,2022-09-12,166.2288473797376,170.20110015435628,166.11960982231793,167.7879638671875,23220400
META,2022-09-13,160.41941381760716,160.50880101691556,151.61094856811403,152.06776428222656,44444100
META,2022-09-14,152.2663791257827,152.47491390782315,148.0160699299061,150.41928100585938,43064200
META,2022-09-15,148.76085427407986,153.1303258195217,147.6684788112493,148.51258850097656,34606300
META,2022-09-16,147.02300843327845,147.54933071218412,143.28908113786707,145.27520751953125,40122800
META,2022-09-19,144.23249552916624,147.54932277133344,144.09346729604968,146.9932098388672,22169500
META,2022-09-20,144.76873672743025,147.80750737262215,144.2126238188906,145.0765838623047,23217400
META,2022-09-21,145.37450849074926,148.56224775043975,141.01496203125282,141.13412475585938,38338600
META,2022-09-22,140.56809023965945,143.577070336103,139.89279942616923,141.82928466796875,34418500
META,2022-09-23,140.43896225758382,141.63063478131042,137.92651417613962,139.43597412109375,31710700
META,2022-09-26,139.14801356499476,141.25331789581207,135.2452823830347,135.4240264892578,30497000
META,2022-09-27,136.96325277251074,138.4528473337513,133.18961018678016,133.46766662597656,30826500
META,2022-09-28,133.6861535620933,141.04475498386643,133.33859055874663,140.62767028808594,32658500
META,2022-09-29,138.3933094958583,138.86997566252782,134.2621623102042,135.46377563476562,38985400
META,2022-09-30,135.10625901635723,140.0119939257211,134.5600711949405,134.7388153076172,33166400
META,2022-10-03,136.18869433644304,138.65148696876528,135.15591521738622,137.64849853515625,27723100
META,2022-10-04,139.51543467540031,141.40224842715523,138.3734030652836,139.306884765625,34670700
META,2022-10-05,137.2810426926311,139.2373781305464,133.84503784216344,138.01589965820312,27979300
META,2022-10-06,136.76465957644757,140.46878091958473,135.6524336864408,138.1053009033203,36231100
META,2022-10-07,135.8113133948686,137.3306988296089,131.5212883888198,132.52427673339844,33214800
META,2022-10-10,132.6235672770044,135.16580614396682,130.95521354997354,132.8618927001953,24024000
META,2022-10-11,130.70695919793616,131.73975329829742,126.10907981380274,127.64832305908203,38481400
META,2022-10-12,127.42986620800094,128.77049232167374,125.37421828625249,126.61554718017578,34605200
META,2022-10-13,122.67308358829318,130.2302943889548,121.68002048782748,129.3861846923828,34325700
META,2022-10-14,130.09126942927062,130.87578263105397,125.64234329376768,125.88068389892578,23559400
META,2022-10-17,129.39612223902975,133.85496576636612,129.27694436553693,133.11016845703125,29612200
META,2022-10-18,136.13901825885176,136.88381559214864,130.4884867324357,131.8787841796875,25445000
META,2022-10-19,131.96814833194603,136.04963808047793,131.3027979056716,132.3057861328125,30691000
META,2022-10-20,132.00789730608008,135.82127189750892,130.3991396076754,130.61761474609375,26356300
META,2022-10-21,125.4337934650105,129.21736132269453,124.56983344637268,129.10812377929688,46348600
META,2022-10-24,126.36729258833617,132.55407210052488,123.70588290109863,128.82015991210938,63563400
META,2022-10-25,129.9721082704897,137.39029111902516,129.6841114749998,136.5561065673828,38433200
META,2022-10-26,130.76653152754133,134.60969572856067,127.63838906788622,128.91944885253906,82791500
META,2022-10-27,97.30033592507377,101.78897826720984,95.7114287397259,97.26061248779297,232316600
META,2022-10-28,98.88922490447071,100.15041170257088,96.83358459909144,98.51185607910156,95928300
META,2022-10-31,97.53866036503508,98.63102827621302,91.95764293134883,92.51376342773438,121361400
META,2022-11-01,93.67562901871568,96.81370397170224,92.90104113717055,94.53958892822266,110189600
META,2022-11-02,93.55647365415787,94.539604000825,89.85235253745208,89.91193389892578,71821100
META,2022-11-03,89.45512541093512,89.8324866594847,87.79671186073098,88.29324340820312,60664000
META,2022-11-04,89.72325182690423,90.75603838606281,87.47892704303133,90.16020202636719,55638100
META,2022-11-07,94.1225197898974,96.20795079311442,92.45417347202974,96.04906463623047,81987300
META,2022-11-08,95.25461637027523,97.12157995769246,94.1324577284015,95.8008041381836,52088300
META,2022-11-09,101.01438670274665,104.17232788134447,100.04118146405922,100.76612091064453,107677300
META,2022-11-10,106.3769142420358,111.96785635978934,103.88432392139529,111.09396362304688,80671000
META,2022-11-11,108.47228980898205,114.10295597850015,108.05519753324442,112.23599243164062,59961700
META,2022-11-14,110.22008346981342,115.46345600225479,110.03140661206209,113.42768096923828,53395000
META,2022-11-15,115.2648340397726,117.91631070591497,113.61635322887716,116.26782989501953,50670500
META,2022-11-16,113.70572877695277,115.27477034611428,111.87849624815995,112.44454193115234,33287800
META,2022-11-17,109.64409336400097,111.55077257342116,109.03832430635137,110.67687225341797,35093800
META,2022-11-18,113.01059621140104,113.52698574641832,109.85265490381686,111.27273559570312,33357700
META,2022-11-21,110.74641198847677,111.59052182497499,108.43258033895025,109.09793090820312,24351100
META,2022-11-22,109.09791252768984,110.84570570118566,107.56859444793977,110.66695404052734,29029000
META,2022-11-23,110.94502099638954,111.88842799797938,109.96189055795254,111.46141052246094,21343100
META,2022-11-25,110.52792371008826,111.94800421594746,110.24985968376664,110.63716125488281,12007600
META,2022-11-28,110.01153991004735,111.26280166148337,107.62818671851666,108.0254135131836,23309400
META,2022-11-29,108.78013809330255,110.17042801518582,107.78707494573887,108.70069122314453,23899200
META,2022-11-30,108.75035251734901,117.34035066240172,108.6212494531627,117.28076171875,43348600
META,2022-12-01,118.37312655154591,120.35925288681662,117.57868056332005,119.60453033447266,36551400
META,2022-12-02,117.01261397196784,123.17953423290058,116.79413890185448,122.63334655761719,39950500
META,2022-12-05,120.905428177411,123.80517050918586,120.50820143607213,121.5807113647461,35474900
META,2022-12-06,119.07821369134132,119.71377354252466,112.95100789955556,113.32837677001953,43689200
META,2022-12-07,112.97086766493533,115.07615672380238,112.09696723162085,113.13968658447266,29461100
META,2022-12-08,115.58261271516358,116.52601962232978,113.79509611830431,114.52996826171875,30619400
META,2022-12-09,114.50018716954466,116.7246465613268,113.08010652547362,115.09602355957031,26033400
META,2022-12-12,114.38100170715738,114.91725666007584,112.3551521882887,113.91426086425781,24747100
META,2022-12-13,121.28280444893988,122.44469413726709,117.8170160434879,119.31654357910156,44701100
META,2022-12-14,118.56181549227547,123.27886571815174,118.56181549227547,120.74655151367188,36922000
META,2022-12-15,117.50916975653068,117.80708416933531,113.21913705449421,115.34429168701172,34531000
META,2022-12-16,119.39599321133228,122.454622143585,117.99577044689154,118.6015396118164,67064000
META,2022-12-19,116.01957965720187,116.98285220816604,113.5369215676947,113.68588256835938,29769900
META,2022-12-20,112.4743297898754,116.51609633840275,111.67987627248904,116.27775573730469,28742500
META,2022-12-21,115.8904666033582,119.50521586414342,114.81796415920795,118.92924499511719,20392800
META,2022-12-22,116.38698780977433,117.79714311561598,113.58655027861963,116.30754852294922,23618100
META,2022-12-23,115.22511707731186,117.3602043835439,114.7385182510215,117.22117614746094,17796600
META,2022-12-27,117.11194086388592,117.77729137467526,115.2449848171056,116.06922149658203,21392300
META,2022-12-28,115.44358202440257,117.33040337493412,114.7087174731427,114.81795501708984,19612500
META,2022-12-29,115.5925567337181,120.19043657200733,114.96692207560486,119.42578125,22366200
META,2022-12-30,117.34034806387496,119.58466537798836,116.92325577343314,119.50521850585938,19583800
META,2023-01-03,121.9680154005033,125.49339260262421,121.4317603919951,123.87469482421875,35528500
META,2023-01-04,126.4963830012802,128.15480424194706,124.97699757381477,126.48645782470703,32397100
META,2023-01-05,125.25504671628343,127.6284745077786,123.67608001591103,126.05943298339844,25447100
META,2023-01-06,128.0753531918348,129.42591965584387,125.16567791552465,129.11807250976562,27584500
META,2023-01-09,130.25016326294266,132.0277395914627,128.38319973683383,128.57188415527344,26649100
META,2023-01-10,126.38714433308007,132.51434975414818,126.26798160348737,132.06747436523438,28684400
META,2023-01-11,130.05156543257846,132.92151752065496,129.43585593466761,131.96817016601562,25423000
META,2023-01-12,132.51436705069085,136.72494567726147,130.84601285392384,135.76168823242188,30757700
META,2023-01-13,134.03371865795077,136.43692937733704,133.9046156148341,136.02976989746094,22423800
META,2023-01-17,135.23533971354632,135.80139301267857,133.31873500513416,134.42103576660156,21147600
META,2023-01-18,134.86789893919627,136.29791224625038,131.87878442440996,132.09725952148438,20215500
META,2023-01-19,131.57093643512005,136.49652095770875,131.2233582866692,135.20553588867188,28625200
META,2023-01-20,134.9473578036574,138.96926679906724,133.67623811836893,138.40321350097656,28688600
META,2023-01-23,138.32375154454283,142.76274478209868,137.6981321000071,142.27615356445312,27470100
META,2023-01-24,140.7071407203326,143.99417780294968,140.3794280145658,142.14707946777344,21970200
META,2023-01-25,140.2403761535725,142.17684622265583,139.33668507035335,140.5184326171875,26622000
META,2023-01-26,143.39833606572782,146.48676356945413,142.305975515253,146.27822875976562,25482100
META,2023-01-27,147.21167250133433,152.127331585419,146.36756284470962,150.68739318847656,35771900
META,2023-01-30,148.3735602855576,150.07168968806806,145.93061841073978,146.03985595703125,28040100
META,2023-01-31,146.92368635959087,148.84030607097574,146.4966764891175,147.93661499023438,29842100
META,2023-02-01,147.00312805837234,152.51463124063147,146.03985564845766,152.0578155517578,55661000
META,2023-02-02,182.1079160131573,195.79232431037187,178.91025162092004,187.4605255126953,150475700
META,2023-02-03,182.1972979017333,195.40504086784406,181.6213194546132,185.23606872558594,76809700
META,2023-02-06,185.23608909001095,189.37716107512304,184.2331006502263,184.76934814453125,42483800
META,2023-02-07,184.29264668049973,192.4357608385614,183.12082437626285,190.29074096679688,47080700
META,2023-02-08,188.68201008412757,189.50625436758497,181.65112073211336,182.15757751464844,36139100
META,2023-02-09,184.83884601456782,185.35522793422592,176.0403060395819,176.685791015625,37118800
META,2023-02-10,175.12669134476383,177.64906506091359,172.14750191549953,172.9419403076172,33433600
META,2023-02-13,176.9837048826787,179.7444190570658,174.6003595309434,178.185302734375,31463200
META,2023-02-14,175.93108652361,180.25090250837437,174.659966793786,178.2349853515625,24034600
META,2023-02-15,175.1961886488145,176.9539145622357,174.11375351662087,175.93106079101562,25308900
META,2023-02-16,171.55165207094436,174.63015376986252,170.59830481905945,171.24380493164062,25827500
META,2023-02-17,169.03923414918862,171.97869299695236,168.5228369964408,171.6807861328125,24171300
META,2023-02-21,173.10083331965035,176.9340576419765,170.68769716550068,170.8863067626953,34592600
META,2023-02-22,169.88332710252644,171.5615911643237,168.51289505206418,169.93296813964844,22433200
META,2023-02-23,170.8068570183825,172.48513611937082,168.20503648715976,170.84657287597656,20017800
META,2023-02-24,167.4701777271182,169.53575100498932,166.49698003228437,169.20803833007812,19791300
META,2023-02-27,170.6876859692171,171.91907448281532,167.88724082776324,168.36390686035156,19277000
META,2023-02-28,170.70753547353686,176.3183509042835,170.67774479370667,173.72645568847656,46051100
META,2023-03-01,173.37889257088403,176.61628815362087,171.84958197968862,172.21701049804688,30998400
META,2023-03-02,171.18424084023994,173.79598677627365,170.2408186692047,173.31932067871094,17352000
META,2023-03-03,177.67884419711405,185.32542687141702,175.82182108915276,183.96493530273438,45877700
META,2023-03-06,186.6958724355289,188.34436090331448,183.35917964120182,183.61737060546875,33209400
META,2023-03-07,187.68891528456678,189.03948163029818,182.73352524077848,183.2300567626953,36701500
META,2023-03-08,181.6014509997279,183.97487129085047,180.08206561247465,183.6868896484375,19432400
META,2023-03-09,185.05731952586282,187.6194090554493,179.04928458509838,180.4296417236328,26582800
META,2023-03-10,179.7543499292982,183.48827695906897,177.55968891934018,178.26475524902344,25665000
META,2023-03-13,176.7255182601782,182.50513769842044,173.60730069141576,179.64511108398438,24728000
META,2023-03-14,186.2787741315394,192.97202473741814,185.26584554838433,192.67410278320312,41642600
META,2023-03-15,191.61151389829584,196.40801028397956,189.5161502410254,196.3782196044922,42123600
META,2023-03-16,196.88470826077068,204.33268240012669,194.7297628948034,203.50843811035156,50447100
META,2023-03-17,199.16874180941005,200.49944278615354,194.07432302987556,194.25308227539062,50141100
META,2023-03-20,197.10318624110985,197.97708673508296,192.2967638301425,196.43783569335938,25186300
META,2023-03-21,201.7904236343113,202.13800178866043,196.5768422367192,200.7576446533203,31827000
META,2023-03-22,201.09530801967324,205.93152119569854,198.2849372052921,198.42396545410156,28477800
META,2023-03-23,201.4329169992156,206.43796354444146,200.74770103087417,202.86293029785156,27389700
META,2023-03-24,203.7566883902138,206.14004902497825,202.13800577125969,204.5809326171875,27716400
META,2023-03-27,203.38924254153588,204.43196178331618,199.96317802106324,201.4329071044922,18527200
META,2023-03-28,198.76158058225792,199.63548099076047,196.52718852656108,199.28790283203125,19127300
META,2023-03-29,202.14793034442258,204.29295036342754,201.13500169884674,203.92552185058594,18851100
META,2023-03-30,201.96917109089566,206.64648964330425,201.41305819873952,206.39822387695312,22608300
META,2023-03-31,205.8024240818113,210.69821840958565,205.3356831631748,210.46981811523438,25440300
META,2023-04-03,207.39129684433962,212.00904941071065,206.75573705825332,211.5919647216797,17924600
META,2023-04-04,211.90973875725146,214.73997471291952,211.06562904333202,213.2305145263672,21026400
META,2023-04-05,212.6644774037662,213.69727161345537,208.48368983343693,210.01300048828125,19396600
META,2023-04-06,207.79846352965933,215.43512155529157,207.2026195802258,214.6009521484375,26104400
META,2023-04-10,213.22061433799988,214.16402138280222,209.19870519653458,213.2603302001953,16106100
META,2023-04-11,213.9852291542091,214.52149170535768,211.92959644931315,212.36654663085938,16710100
META,2023-04-12,213.34965697645262,215.33578302945168,211.1053399916218,212.51548767089844,18972200
META,2023-04-13,214.2335100899121,219.61591056926196,214.19379423102393,218.82147216796875,23310400
META,2023-04-14,216.36862385657403,220.56927712431687,216.04091116860224,219.95358276367188,21591200
META,2023-04-17,218.26535363457387,219.4471012647374,215.62381704396694,217.34181213378906,15481900
META,2023-04-18,218.38448574511153,218.91080791752222,214.7101557130777,216.3784942626953,12281000
META,2023-04-19,211.98917839281134,215.82240251472518,211.45291584018815,214.20370483398438,15898100
META,2023-04-20,211.9991090817005,215.24642970344084,211.294042757246,211.5919647216797,16475400
META,2023-04-21,208.75180610707153,211.92960507547147,208.12617148957972,211.4132080078125,17717200
META,2023-04-24,212.1977294176344,212.43607003183712,209.24834576393567,211.31390380859375,15750900
META,2023-04-25,209.35758075618784,209.79451581413423,205.69317530472057,206.11026000976562,19198200
META,2023-04-26,211.02590456421436,212.6247367296185,207.43102106246127,207.94740295410156,41992700
META,2023-04-27,238.22591187983951,240.0134285311485,235.12755978619774,236.90513610839844,71196500
META,2023-04-28,237.35201341308866,238.762161240327,234.11463306207162,238.65293884277344,39554000
META,2023-05-01,236.96473723497323,242.30742212922294,234.81973222744224,241.49310302734375,29143900
META,2023-05-02,241.4930850874803,243.2210203916547,237.3321632942295,237.58042907714844,24350100
META,2023-05-03,237.80883395896282,240.07301673078624,231.13544837265977,235.38575744628906,34463900
META,2023-05-04,234.42247432943262,236.54762876971571,231.3141819593542,231.9001007080078,17889400
META,2023-05-05,230.628974772949,233.05203595567318,228.25555462179068,231.16522216796875,27000500
META,2023-05-08,229.81466736120282,233.98552946998953,228.67265082469316,231.65184020996094,16400500
META,2023-05-09,229.8543750252051,234.2437117886461,229.4770062257936,231.75111389160156,16865600
META,2023-05-10,234.5317268391623,235.1077052956207,229.11953559789785,231.46316528320312,19119000
META,2023-05-11,231.43334436250635,236.55755328251024,230.68854708295714,234.15432739257812,20449000
META,2023-05-12,235.09776258207017,235.31623767522092,229.84445032350018,232.18807983398438,16161400
META,2023-05-15,235.276534169513,238.59336165807903,233.69756730047578,237.2030792236328,20653200
META,2023-05-16,234.15436516028703,237.97766453982413,233.88624900652016,237.16336059570312,18163800
META,2023-05-17,236.79590818162305,242.14851802395924,236.48806102557035,240.80789184570312,21193100
META,2023-05-18,239.6261459129336,245.37597499901185,239.51690835813355,245.1376495361328,22943300
META,2023-05-19,245.7533271934296,246.96486539074206,241.72149342165952,243.93601989746094,21733600
META,2023-05-22,243.70765545464786,251.81105519923236,243.41965862693078,246.59747314453125,27738500
META,2023-05-23,245.09788788132573,249.8645935312071,244.93899415731045,245.02838134765625,17748100
META,2023-05-24,243.5785013202119,247.85860059956923,243.25078869854985,247.4812469482422,17724300
META,2023-05-25,251.64218484946718,253.84678615571042,247.44153215641037,250.93711853027344,22371400
META,2023-05-26,251.1754390496481,260.4903756445673,250.9569791114495,260.2222595214844,25727200
META,2023-05-30,263.4099867418485,266.7863952138384,259.4774653594547,260.69891357421875,23816500
META,2023-05-31,258.19640791321996,263.16172345001263,256.6571722191666,262.8836669921875,25473700
META,2023-06-01,264.05542826440217,272.09924409630753,264.04551824305105,270.7188720703125,25609500
META,2023-06-02,270.7685434005708,273.4398851192711,269.2392179955522,270.7188720703125,19416900
META,2023-06-05,268.42495029713945,273.65841235642824,267.69009328325524,269.5074157714844,20742900
META,2023-06-06,268.26610579564505,274.65149486016855,267.81921523595554,269.2392883300781,19419000
META,2023-06-07,269.7855122477774,272.34760215313315,260.977015574431,261.771484375,26163600
META,2023-06-08,258.8121074074924,265.79333998070234,257.0841872637423,262.74462890625,20899400
META,2023-06-09,260.6591936633488,266.0912496213176,259.88460571622886,263.112060546875,16949800
META,2023-06-12,265.31670951302914,269.86492565217327,263.4894465487271,269.1697692871094,15442500
META,2023-06-13,272.9732299782747,273.80739946841885,267.2233852968365,269.43792724609375,16164000
META,2023-06-14,270.0039631439923,273.0824347639781,266.45872031027324,271.4538269042969,19175100
META,2023-06-15,270.41104955005704,282.0199587352708,269.53717954510836,279.87493896484375,25973500
META,2023-06-16,282.77473761942036,285.85323950718237,278.18679062357944,279.0507507324219,43127700
META,2023-06-20,276.79647611939964,282.824345828367,274.30387815446664,282.35760498046875,20701600
META,2023-06-21,281.5631526174152,282.0298934420368,276.4290035465778,279.686279296875,20556200
META,2023-06-22,277.1440545745205,283.2812079627255,275.86302491273386,282.9038391113281,17563100
META,2023-06-23,279.5571952211371,287.66059352897247,277.01495618015497,286.72711181640625,51092000
META,2023-06-26,286.69734660419147,287.7797818126023,275.674339459716,276.5382995605469,24232700
META,2023-06-27,280.0537302112872,287.3428096162056,278.7031486570512,285.0587463378906,26108300
META,2023-06-28,282.8442637293146,287.5414332003297,282.08952601055387,283.3110046386719,16722100
META,2023-06-29,282.52648638101715,284.58213452194684,278.74291793339063,279.57708740234375,15395700
META,2023-06-30,282.7846868116461,287.04490612365464,282.44704896001576,284.9892883300781,19694900
META,2023-07-03,284.71122518279316,287.3924775791837,282.87405224278217,284.0359191894531,8629300
META,2023-07-05,285.65461715967666,296.051989848089,284.37355717409923,292.3280029296875,33865500
META,2023-07-06,293.83744777583496,296.05195903707505,289.2892019215489,289.9644775390625,47600500
META,2023-07-07,290.15319664583785,294.14533008005697,286.6576251143249,288.5146484375,25586000
META,2023-07-10,293.4997988575209,296.06191872960335,285.0587621688762,292.05987548828125,37058300
META,2023-07-11,291.86123320884525,298.0976681402498,289.8751070484504,296.2207946777344,27585900
META,2023-07-12,299.65683688860395,307.3034360666077,298.01828858071326,307.1941833496094,36677100
META,2023-07-13,311.4444661763027,314.0462868298362,308.1375791585091,311.2359313964844,30281000
META,2023-07-14,309.6271747881225,312.69573635195104,305.227881905047,306.7274169921875,23054100
META,2023-07-17,305.4065893968223,309.5476449442271,302.5962042653618,308.4652099609375,25323100
META,2023-07-18,308.72347853869013,312.02045548737846,305.4860829548435,309.8853454589844,20731900
META,2023-07-19,310.85856245874305,316.4693633002309,308.3659642076415,313.8179016113281,21763700
META,2023-07-20,311.32529185234506,313.35114912707894,300.12354093668733,300.42144775390625,23836900
META,2023-07-21,302.4572278736158,303.3410382508624,289.179979416503,292.21875,42139300
META,2023-07-24,293.72824526758416,295.456165615258,286.300121288059,289.587158203125,24915700
META,2023-07-25,293.1422832172786,296.23069474608803,289.835366300053,292.4272766113281,19585600
META,2023-07-26,299.1007222292205,299.67668557873986,289.8751561653458,296.4989013671875,47256900
META,2023-07-27,322.864647320073,323.093062726987,307.6906454407034,309.54766845703125,64229200
META,2023-07-28,314.68184950652267,323.93720515221605,312.0700886254892,323.2221984863281,39220300
META,2023-07-31,321.4445798465396,323.40091525977414,315.3868892035892,316.389892578125,25799600
META,2023-08-01,315.33725541627547,321.8914777328591,312.47722892861134,320.47137451171875,22817900
META,2023-08-02,315.794074554509,316.1813837210688,308.49505450598787,312.1296691894531,20461100
META,2023-08-03,307.7800604286639,313.7583200966404,307.7800604286639,311.0174560546875,15180200
META,2023-08-04,312.7751616601819,316.2012416546554,308.0482016678067,308.57452392578125,17612800
META,2023-08-07,311.05721788169274,314.87057718841726,308.3064132376697,314.3641052246094,16236500
META,2023-08-08,312.21905352423573,315.68486458374076,307.9588040537876,310.4712829589844,15183500
META,2023-08-09,310.70961186199514,311.45440924520847,300.749189402724,303.0928039550781,19955800
META,2023-08-10,305.80389184171617,310.17336396926396,301.76211724373354,303.619140625,14358900
META,2023-08-11,300.471148952911,302.6062288375017,298.276457393071,299.547607421875,14046300
META,2023-08-14,298.8921889735428,304.0858903940154,296.1811153811423,304.0660400390625,15641900
META,2023-08-15,304.0164063070088,305.0988416427288,297.9487739226958,299.85546875,11623600
META,2023-08-16,298.11754145231623,298.9914114844194,292.2385948278113,292.24853515625,18547700
META,2023-08-17,291.01710842759655,293.99629751358816,282.97332214012204,283.1123352050781,23950100
META,2023-08-18,277.0944583244188,283.708263704716,272.4767199249811,281.2851867675781,35347900
META,2023-08-21,281.48373845241144,288.48482095213376,279.8948314840981,287.88897705078125,20181500
META,2023-08-22,290.5206250923043,290.8682032711536,284.76087069322546,285.60498046875,12980200
META,2023-08-23,286.49874036161424,295.33699700136754,285.6745112195998,292.19891357421875,18287000
META,2023-08-24,296.4293565159792,297.3826886744035,284.65164185583643,284.7608642578125,18360900
META,2023-08-25,284.145165887689,286.3894983198096,274.1152219434127,283.51953125,23701400
META,2023-08-28,286.00218856847266,289.4282685747188,283.8174375056661,288.24652099609375,14239300
META,2023-08-29,286.57815408473397,297.074838985224,286.1809348809312,295.9228820800781,20844500
META,2023-08-30,295.1085653050081,296.22079109242657,291.3944888220246,293.05291748046875,17717000
META,2023-08-31,293.74803051995156,299.01128273324264,293.6090174555806,293.8374328613281,17229900
META,2023-09-01,297.29325368142185,299.64680804922665,292.4272512354028,294.3240051269531,12842300
META,2023-09-05,294.9596090695169,299.2993205385484,293.4601043049184,298.0679016113281,14956000
META,2023-09-06,299.6170852336197,301.19605206197497,293.60906508325564,297.0947265625,15418100
META,2023-09-07,295.9327789754771,304.91998715422676,290.192875951208,296.59814453125,33748700
META,2023-09-08,297.1443691073636,303.1325389345228,294.721292497798,295.8236083984375,17548000
META,2023-09-11,299.3191810869582,306.8962581098335,299.19007802273353,305.426513671875,19489300
META,2023-09-12,304.20500095756546,306.51885491283224,298.1473403944411,299.5674133300781,13480400
META,2023-09-13,300.26256497984866,305.04913672382065,299.22980110519165,302.94384765625,13210900
META,2023-09-14,304.61218228599614,310.6996642714737,302.9140527776012,309.5576477050781,19343100
META,2023-09-15,309.44837699255953,309.83568614706604,296.677600116782,298.2267761230469,28131100
META,2023-09-18,296.1214922814983,301.49396736300946,295.7341831203548,300.45123291015625,14234200
META,2023-09-19,300.3817663465524,304.04617196316946,297.73027427943487,302.95379638671875,15924400
META,2023-09-20,302.9339329152528,305.9230630018042,297.352922287678,297.5912780761719,19379500
META,2023-09-21,293.6488286981263,298.1771949026223,291.23566185679505,293.6786193847656,21319600
META,2023-09-22,297.22381570127465,303.2616571736316,296.2009617759947,297.0053405761719,25369600
META,2023-09-25,293.5892243593173,298.8623876231984,291.66267929164457,298.7431945800781,18987000
META,2023-09-26,295.5951689952112,298.21683984687155,293.9566209246884,296.8861389160156,19417200
META,2023-09-27,298.36578302997765,299.20986231422097,284.8005391516409,295.674560546875,36429800
META,2023-09-28,296.8662747588232,304.2049950422856,294.6418231934781,301.8514404296875,22167100
META,2023-09-29,305.2477166099444,308.48511176016746,297.28333177621215,298.12744140625,25373700
META,2023-10-02,300.63993566847256,305.0491385865239,299.53765009190124,304.691650390625,16265600
META,2023-10-03,302.1494555240622,304.64202384994326,297.5615078333442,298.85247802734375,17362300
META,2023-10-04,296.65780683741343,304.77111692642563,296.42939137112893,303.46026611328125,16880500
META,2023-10-05,302.5168569787188,304.08588354947386,297.4224377535643,302.6757507324219,19130000
META,2023-10-06,299.3489102680191,314.1157520871837,298.82258809531163,313.2418518066406,21803900
META,2023-10-09,310.33218518561125,318.1078550830358,309.6569096240579,316.1515197753906,22503700
META,2023-10-10,316.90628905267334,322.40786706769734,315.9529569700523,319.607421875,19038000
META,2023-10-11,320.76935835678336,326.5589035580953,320.70977698843177,325.5459899902344,22036300
META,2023-10-12,325.7246743221075,328.24706290768694,320.45151204947297,321.91131591796875,20530500
META,2023-10-13,321.28572429519977,322.7951693946369,310.20313574623543,312.5070495605469,21341000
META,2023-10-16,316.4296126241807,319.58754572826814,313.3312305704526,318.92218017578125,16536100
META,2023-10-17,315.9728369140066,322.1496911366315,315.0989364623092,321.7524719238281,16387800
META,2023-10-18,319.16056192127786,323.67898687087495,313.37098711933334,314.7712097167969,16851000
META,2023-10-19,317.6610392954345,319.65710588726887,309.5874311888656,310.64007568359375,18709200
META,2023-10-20,311.9609101272688,313.11283685107736,304.3441015131794,306.50897216796875,22312300
META,2023-10-23,307.35306235106145,315.15852460578594,305.1286104668236,311.831787109375,17796800
META,2023-10-24,314.58253436849895,316.14165074242743,308.47520223338284,310.3818664550781,19525500
META,2023-10-25,307.8495504686246,308.7234508156699,296.7669630150486,297.4521789550781,42192500
META,2023-10-26,292.95359454940296,292.95359454940296,277.46180518324184,286.3497314453125,66684100
META,2023-10-27,292.43726912288247,297.23375116036493,290.93773395671207,294.6716613769531,29596300
META,2023-10-30,297.0152734056479,307.25375273017136,296.97554239139123,300.5605163574219,28435100
META,2023-10-31,301.20597199311294,301.5734004979503,294.8007027575976,299.18011474609375,19434200
META,2023-11-01,299.75613549484945,310.5705780744768,299.75613549484945,309.686767578125,20434600
META,2023-11-02,315.0989201697946,316.60839552863507,306.1911426491428,308.7135314941406,21631800
META,2023-11-03,310.38186599494384,313.36105535457233,308.86248063376854,312.41766357421875,16764300
META,2023-11-06,313.78808835480413,316.1217623884559,312.2687030283649,313.60931396484375,12887700
META,2023-11-07,314.86059760841897,318.77326881523226,312.93405268705885,316.6083984375,14055600
META,2023-11-08,315.9330988711721,319.10094217538756,312.6957035729342,317.56170654296875,13609700
META,2023-11-09,317.2042495782576,321.9312096368401,316.588524958862,318.3263854980469,16103100
META,2023-11-10,317.72058569758434,326.817046616223,317.2439045368865,326.48931884765625,19096200
META,2023-11-13,323.9371539957605,330.02460456483254,323.44062250913663,326.9064025878906,16908900
META,2023-11-14,332.2194007075359,335.75470358679524,331.01777230934437,333.97711181640625,17179400
META,2023-11-15,335.58582953023244,336.05257043204165,327.73069622431444,330.40203857421875,14531200
META,2023-11-16,327.0852237219549,332.25907454606346,324.1159744301697,331.8717956542969,18932600
META,2023-11-17,327.96904077299916,333.17268190426256,327.06534968314025,332.71588134765625,14494400
META,2023-11-20,332.5669165974887,339.4984776499727,331.87176030410876,337.6116638183594,16960500
META,2023-11-21,335.9830058823944,337.54212213275287,333.5698699621859,334.64239501953125,12027900
META,2023-11-22,336.8569718191688,340.5412582451984,336.2313371315077,339.12115478515625,10702700
META,2023-11-24,337.77057245981536,339.4885523054197,334.4338645325488,335.8837585449219,5467500
META,2023-11-27,333.84794886953887,337.5421448490172,331.8817033085443,332.37823486328125,15684500
META,2023-11-28,331.0872390330007,337.02576741661284,331.0872390330007,336.6384582519531,12637200
META,2023-11-29,337.3336328595528,337.5421676409766,328.48543631997484,329.8955993652344,16024500
META,2023-11-30,329.5876934244684,331.186510306714,320.1635049519717,324.88055419921875,23146400
META,2023-12-01,323.2222283416098,324.592630130751,318.534968722478,322.5668029785156,15276400
META,2023-12-04,315.08900590564207,318.6342182124183,311.4841819302408,317.800048828125,19037100
META,2023-12-05,316.76730831301273,319.64718551244295,313.20221508572604,316.08209228515625,16952100
META,2023-12-06,319.69682854269684,320.01461603995,314.8407652561851,315.2479248046875,11294300
META,2023-12-07,315.5656393804306,325.9630108873507,315.5656393804306,324.324462890625,15905100
META,2023-12-08,320.8487785252904,330.8588723302626,320.7594064759814,330.4417724609375,14087400
META,2023-12-11,327.1149437337118,327.60156520813075,317.7801576635214,323.0235290527344,25802500
META,2023-12-12,322.3482881257028,332.1498160678182,322.3085571160803,331.90155029296875,18485500
META,2023-12-13,331.613589975502,336.0227930461716,330.33256025664025,332.41796875,16353300
META,2023-12-14,331.534101275979,332.37821091940003,326.36025133398056,330.85882568359375,19607300
META,2023-12-15,329.6870122597024,336.31075653936995,328.9223645749602,332.5967102050781,31776900
META,2023-12-18,335.1389757459189,345.1490393508373,334.682144858999,342.22943115234375,18993900
META,2023-12-19,343.18269502828986,351.1470796103187,342.7258945381646,347.9295349121094,17729400
META,2023-12-20,346.2315124906496,352.49773947120383,345.3774926019251,346.8571472167969,16369900
META,2023-12-21,350.53147289681993,353.93767253205505,346.7876050912574,351.6337585449219,15289600
META,2023-12-22,353.11331762106107,354.72210508977594,348.78357761766364,350.93853759765625,11772800
META,2023-12-26,352.5274545211747,354.5036706665009,350.99815919191883,352.3685607910156,9898600
META,2023-12-27,353.6000381287208,356.50970617309997,352.8453003620589,355.3478088378906,13207900
META,2023-12-28,357.2048130452383,359.38953370527474,355.32790921917086,355.8343811035156,11798800
META,2023-12-29,356.4997143601284,357.5027177940436,349.37946886869037,351.5046081542969,14987100
META,2024-01-02,348.8829233892459,350.710155792769,337.651382544702,343.8878173828125,19042200
META,2024-01-03,342.5869162104764,345.5363148044209,340.79938446227584,342.0804443359375,15451100
META,2024-01-04,342.1102764024705,345.7349510637001,341.0179008085137,344.71209716796875,12099900
META,2024-01-05,344.5829605689194,351.04781114531914,343.8580438907482,349.5085754394531,13920700
META,2024-01-08,352.2395060594666,356.4898150644595,349.60786450736515,356.1720275878906,13890200
META,2024-01-09,353.9277076707349,358.138316118868,352.8949134884514,354.9505615234375,13463900
META,2024-01-10,357.6715477088535,370.3529525023192,356.58908226779886,367.90008544921875,22117200
META,2024-01-11,369.54857861141966,370.19406356936474,360.41238591073494,367.10565185546875,17205400
META,2024-01-12,367.5922316147304,374.44436077359,366.97653735694337,371.8921813964844,19310000
META,2024-01-16,371.05801257675466,373.00440772159226,364.68256459513566,364.91094970703125,15306900
META,2024-01-17,363.75901875957754,365.9835008176881,356.1223607318254,365.8146667480469,12724800
META,2024-01-18,368.91304613290293,374.23588075452443,368.376813814001,373.5208740234375,16354300
META,2024-01-19,376.3709566896328,381.6937609498175,375.3481027952974,380.79010009765625,21670800
META,2024-01-22,385.25889688784116,387.64224260765957,378.5159889884605,379.1316833496094,17680500
META,2024-01-23,381.9519604782741,385.6858877821844,379.42957148217187,382.5279541015625,15506100
META,2024-01-24,387.29462029869575,393.4019524806912,385.1198096217787,387.9897766113281,15698500
META,2024-01-25,387.46341553776983,392.74648782201257,382.98469157703823,390.4525146484375,15091100
META,2024-01-26,391.6144490770692,394.0375255245111,388.8735851564818,391.4059143066406,13163700
META,2024-01-29,392.2500198714916,400.1349440276031,390.37314620072715,398.2381896972656,18742400
META,2024-01-30,400.7903320803033,403.54110595161325,396.79822933650826,397.2848205566406,18614700
META,2024-01-31,386.30157872571164,395.23914738517544,384.41476473655706,387.4336853027344,20180800
META,2024-02-01,391.20730397034777,397.7217958803975,390.32346321045657,392.0414733886719,29727100
META,2024-02-02,456.41184183690996,482.5889726143862,449.86755914254087,471.695068359375,84707600
META,2024-02-05,466.6204544785293,468.62643085932103,456.03439909871634,456.22308349609375,40832400
META,2024-02-06,460.7812985876426,463.879650746446,449.8576040090562,451.565673828125,21655200
META,2024-02-07,454.82289153063925,468.24909348841373,453.0155094480888,466.3324890136719,23066000
META,2024-02-08,465.07134622371103,467.32558868611034,461.8041599426537,466.73968505859375,18815100
META,2024-02-09,469.6692454531746,470.30479013249504,464.22724828942955,464.86279296875,18413100
META,2024-02-12,464.9422115222754,475.82617452622054,463.34336418491074,465.64727783203125,19382000
META,2024-02-13,453.70076734156714,464.64434291204145,451.93311610453003,456.92822265625,20916600
META,2024-02-14,464.68402390922387,470.8211467892726,462.8567913837344,469.9969177246094,16858400
META,2024-02-15,471.9830306082493,485.230488771925,468.9442599360806,480.6723327636719,24212300
META,2024-02-16,474.79343304710864,475.63754283013776,465.9551766088898,470.03668212890625,23324600
META,2024-02-20,466.46162208862637,472.8768015252767,463.32353891098256,468.4775390625,18015500
META,2024-02-21,463.7554309167721,466.2407226151471,459.073149851683,465.27642822265625,12921800
META,2024-02-22,477.4145965433216,487.1072344138698,473.25919599892245,483.26995849609375,21625800
META,2024-02-23,485.1786810525682,491.45155549063116,479.51223362447035,481.1823425292969,18374300
META,2024-02-26,480.62562513120974,483.27993019579174,477.7725149199475,478.9057922363281,12101400
META,2024-02-27,477.1561876658758,484.40327721976644,477.0965430855337,484.1845703125,10809600
META,2024-02-28,482.1466391666725,488.16103356126894,479.90987640765184,481.1723937988281,12715500
META,2024-02-29,485.566369771186,488.80719996404684,479.7706523445426,487.2464294433594,17732000
META,2024-03-01,489.2147961734658,501.28338849746706,488.95634643940537,499.3448486328125,16273600
META,2024-03-04,500.04073241207027,501.4523915660251,493.49945745211545,495.259033203125,12324100
META,2024-03-05,492.0878145767347,492.6643889703307,485.0196587114357,487.3359375,15325300
META,2024-03-06,494.7023350451915,500.0109149772021,491.3819886609617,493.17138671875,11757900
META,2024-03-07,500.31911226510823,516.791604925774,498.4302963735491,509.17669677734375,18586400
META,2024-03-08,511.1649010956574,520.4897211921858,496.41221196459594,502.973388671875,18597100
META,2024-03-11,494.0859633671915,494.3941371250027,473.1995612597205,480.7449035644531,20428300
META,2024-03-12,490.3580671035689,499.3548120932543,481.87825193306827,496.80987548828125,15448200
META,2024-03-13,492.4755157274268,498.0326247688167,488.1411508830756,492.6544494628906,12090700
META,2024-03-14,497.3168902547745,498.40047394838774,485.2880706609728,488.93646240234375,12620000
META,2024-03-15,486.13300864172606,488.93639462961033,478.4683471758849,481.25189208984375,29153600
META,2024-03-18,489.0160033565001,494.4935966845107,483.9460015609113,494.0561828613281,11755300
META,2024-03-19,485.29799633874035,493.7082157075301,478.4485172399462,493.32049560546875,10903100
META,2024-03-20,496.5613264063082,505.21015443688776,492.25681414275317,502.5458984375,11711100
META,2024-03-21,511.68185921058966,512.0098740545075,503.03303126628924,504.7727355957031,9712500
META,2024-03-22,504.0172232261066,506.9697513685857,501.37286886802445,506.58203125,8120600
META,2024-03-25,502.81436147156455,504.23594126166455,497.2969948454398,500.0606384277344,8380600
META,2024-03-26,502.158224751726,506.9995687205203,492.2965727329748,492.97259521484375,11205400
META,2024-03-27,496.3625268537015,496.9490824876934,485.19861413937207,490.95452880859375,9989700
META,2024-03-28,489.9405029909663,489.9902270320551,482.2957426384375,482.72320556640625,15212800
META,2024-04-01,484.3337109507277,494.5035062693651,478.9455846143477,488.45928955078125,9247000
META,2024-04-02,482.2460757075962,494.60294050567774,481.79871100314176,494.4438781738281,11081000
META,2024-04-03,495.99467839274877,504.2557864179736,495.8157446532508,503.75872802734375,12099200
META,2024-04-04,513.3817659558945,526.8818886970938,507.5761276530795,507.9141540527344,26476300
META,2024-04-05,513.8191641240741,527.5777665151929,511.38356597372723,524.237548828125,19263300
META,2024-04-08,526.1662118700644,528.363171344258,515.837322914807,516.1951904296875,13260600
META,2024-04-09,519.1575460910624,522.7761454501457,503.7586880786701,513.8589477539062,10863800
META,2024-04-10,506.29378924573456,519.4857091896904,502.82430073937064,516.7717895507812,11418500
META,2024-04-11,518.0442866746477,520.7781083790892,514.2467525168023,520.0822143554688,10369500
META,2024-04-12,514.703986717133,517.1296341998783,506.3335096925716,508.8883972167969,11984500
META,2024-04-15,513.6800255378373,515.4794352711156,494.3544220379405,497.2870788574219,13512900
META,2024-04-16,495.1795376367459,501.80035960588333,494.18542077059385,496.8198547363281,9847900
META,2024-04-17,500.1401818155544,500.1998263981414,484.27408574861244,491.2627258300781,12193700
META,2024-04-18,496.87947694788414,509.1965989271546,496.1040670407221,498.8478088378906,14808700
META,2024-04-19,499.8418833789234,499.8418833789234,472.93116635713545,478.23974609375,25215400
META,2024-04-22,486.8388881901566,489.1154241927228,470.61489447706913,478.8959045410156,17271100
META,2024-04-23,488.35989326844737,495.8257203780364,486.09330810710463,493.1813659667969,15079200
META,2024-04-24,505.071019015776,506.99960818769,481.72914377987206,490.5966796875,37772700
META,2024-04-25,418.92080020267707,443.1474209983465,412.06140056723507,438.78326416015625,82890700
META,2024-04-26,438.8627866508182,443.8134991532309,429.4186772096866,440.6820373535156,32691400
META,2024-04-29,436.97400250464045,437.1728380109233,426.03871709593966,430.0748291015625,21502600
META,2024-04-30,428.51401845869754,437.0336063968029,427.1918565129434,427.63922119140625,18429500
META,2024-05-01,426.0784473398745,447.3127666683678,424.5971927447846,436.60614013671875,20344900
META,2024-05-02,436.2582243057381,441.3480976010575,429.7368203538555,439.0815124511719,15221300
META,2024-05-03,443.30653234442315,451.498076053057,441.238782585899,449.3010559082031,16489100
META,2024-05-06,452.8997516499173,463.41752515549695,450.6729395625831,462.9403381347656,15094600
META,2024-05-07,463.5467503722718,468.7559129119254,458.59603758146096,465.4852600097656,13406800
META,2024-05-08,460.77314155474465,472.782059273929,460.2760831496155,469.8196105957031,11683900
META,2024-05-09,467.23485985196453,473.2790761796121,464.87880807232847,472.62298583984375,9437700
META,2024-05-10,474.2831551113348,474.69074661810515,466.83723038564307,473.3984069824219,10750000
META,2024-05-13,469.96875715647985,470.5652333547993,460.1270060673471,465.25665283203125,14668800
META,2024-05-14,460.6438839752648,469.7599481269555,457.3732312994019,469.0740051269531,10478600
META,2024-05-15,472.185627211796,479.6613749209952,468.4278667730867,478.70703125,13100500
META,2024-05-16,472.20549873568376,474.87967546082996,469.9687358469358,470.4459228515625,16608200
META,2024-05-17,468.0600342968643,470.0184457515808,465.6642393287146,469.1336975097656,10807300
META,2024-05-20,467.1852115197864,470.4160911835801,464.29232793410193,466.08172607421875,11745100
META,2024-05-21,464.37182544918653,467.93078051111434,459.55035299827114,461.896484375,11742200
META,2024-05-22,465.11745149618025,470.93304120806755,462.9105108484193,465.0279846191406,10078600
META,2024-05-23,470.0979074516569,471.56918074349574,458.8246277741351,463.0396728515625,11747900
META,2024-05-24,464.8688807910191,477.0269398531673,463.556639368811,475.4065246582031,12024300
META,2024-05-28,473.7761807408165,478.0309995170203,472.0464271821376,477.0965576171875,10175800
META,2024-05-29,471.86746709937256,477.02693553440264,470.91312350005967,471.5692138671875,9226200
META,2024-05-30,468.8950912608571,468.95473584268626,461.9760163883006,464.30224609375,10719600
META,2024-05-31,463.05958753361114,466.36006254960574,451.786306802676,464.0835266113281,16919800
META,2024-06-03,468.08984756825686,476.7784495068364,465.4852662634382,474.68084716796875,11279400
META,2024-06-04,474.1937277319372,476.0726231021899,470.4459182059382,474.18377685546875,7088700
META,2024-06-05,481.59989624411645,493.72810301008064,481.06306467707714,492.1474609375,15690500
META,2024-06-06,490.07972314692046,499.86182906109696,488.0020226239272,490.8551330566406,10667300
META,2024-06-07,492.99247117957646,495.97482161134235,487.28625039496967,490.059814453125,9380700
META,2024-06-10,490.95455565874187,499.7028025456966,490.50722125840014,499.6431579589844,11220900
META,2024-06-11,497.2174749867736,504.6137065941105,495.3385796246827,504.4844665527344,9673700
META,2024-06-12,510.9660698187759,510.98597157055474,501.5020890731281,505.84637451171875,11983200
META,2024-06-13,502.7347908052071,506.36331100254307,498.4103767232153,501.13427734375,9954600
META,2024-06-14,500.1889423120375,504.66690962077223,498.298251077537,501.6915588378906,10243300
META,2024-06-17,499.21370800140505,508.24923662384015,493.5814171731031,504.1494140625,11266600
META,2024-06-18,502.08961761755796,503.52256965234557,492.59631797913033,497.04443359375,13060400
META,2024-06-20,499.5421103029458,501.2039470199272,494.3377064682487,499.24359130859375,11801200
META,2024-06-21,500.9850156207208,500.9850156207208,489.97917012403093,492.3574523925781,22359200
META,2024-06-24,496.75584325197343,505.31371188112524,491.86987981067074,496.4672546386719,13525300
META,2024-06-25,494.6163313992583,508.2094529447459,493.07393265728075,508.1000061035156,12063200
META,2024-06-26,504.1693732339605,511.29432063782076,502.2090173814448,510.6076965332031,8882300
META,2024-06-27,511.7321146820941,520.3198650922028,511.3838526564667,517.01611328125,10121200
META,2024-06-28,514.6179667414566,519.3247883921233,501.37310690877666,501.7512512207031,15855100
META,2024-07-01,502.4776818397667,504.0996755435027,490.75536015325986,502.208984375,10328200
META,2024-07-02,498.30820385105653,508.00050544177236,497.0046202626273,507.0054016113281,7739500
META,2024-07-03,503.89071570148445,508.776679094368,503.542423291387,507.463134765625,6005600
META,2024-07-05,509.09512300088096,538.2218010293692,509.09512300088096,537.2664794921875,21354100
META,2024-07-08,539.6945655406254,540.1523351909394,524.0714831987113,526.7283935546875,14917500
META,2024-07-09,531.1366071880988,534.8483246045855,525.6038329693718,527.4049682617188,8753200
META,2024-07-10,528.1911531915238,536.241570100338,525.7730581128677,532.0720825195312,10983300
META,2024-07-11,528.2906682415571,532.8382998725252,505.88091134519624,510.1897277832031,16458300
META,2024-07-12,495.32290900460265,505.6023185565317,491.81019357981927,496.4274597167969,19750500
META,2024-07-15,496.18862053037293,504.19919410028524,490.95436474146356,493.730712890625,12539200
META,2024-07-16,499.0445951724543,501.482611822555,483.4115217410242,487.3919372558594,14075800
META,2024-07-17,476.8239032636759,476.8239032636759,456.87205376676457,459.7279968261719,28076600
META,2024-07-18,472.67429731168903,476.8935276372503,462.2655202360778,473.5201416015625,19267200
META,2024-07-19,473.7291296735296,484.3269794518845,473.38083725734424,474.45556640625,15149400
META,2024-07-22,484.197557461303,489.6507368103618,481.53068676493757,485.0135498046875,12023100
META,2024-07-23,487.4416350090635,492.7952982379557,485.3320198411337,486.2972717285156,9455500
META,2024-07-24,469.9974280045665,473.9678820656981,458.32485062416583,459.011474609375,17649700
META,2024-07-25,460.99181179623156,461.28037004297926,440.4827059887369,451.1900329589844,18240500
META,2024-07-26,461.9272355300325,467.4699410892697,457.1706401748114,463.4198913574219,14222400
META,2024-07-29,467.57940602342404,471.63941640526457,462.7431854783001,463.4298095703125,11339600
META,2024-07-30,464.7134620870864,470.4154176400919,454.46390537033,460.922119140625,11390400
META,2024-07-31,468.713844426233,474.1670249213505,464.46476155727254,472.50518798828125,24285800
META,2024-08-01,518.4490398005046,524.588812766639,489.6905482729176,495.30291748046875,43083100
META,2024-08-02,486.6057747203378,498.6962802271807,473.81868438258266,485.75,24044700
META,2024-08-05,449.1401205576873,481.11281153240685,448.5927952293006,473.4007568359375,21396200
META,2024-08-06,476.6547245669501,500.0993678802894,476.3064321601276,491.67083740234375,20955000
META,2024-08-07,500.6665697776355,507.6521873819174,484.47621183859076,486.5261535644531,20105300
META,2024-08-08,495.0641216149699,507.46310598690616,492.2977343712246,507.1347351074219,16156800
META,2024-08-09,505.22421179778416,515.8022018845128,503.22407353299633,515.2349853515625,13696600
META,2024-08-12,514.3293458773064,515.4837003209536,506.60736088372124,513.423828125,9767400
META,2024-08-13,517.4640045298117,528.8977389715159,515.6131257961117,525.9522094726562,13743800
META,2024-08-14,525.4745310471874,531.3854502831607,520.5686764069014,524.180908203125,11444200
META,2024-08-15,529.1861832222701,537.1271521759767,524.1211393205881,534.6990966796875,13482100
META,2024-08-16,529.2958145095787,531.0471464404519,522.0912109038183,524.8377075195312,14776700
META,2024-08-19,524.2903035676547,529.0568286256623,520.2004417656934,526.6885375976562,9879700
META,2024-08-20,525.7630642608573,528.4896996697129,523.3051870478047,524.1510009765625,7944400
META,2024-08-21,524.5690033025425,536.759025104398,524.3500488791344,532.5397338867188,13423300
META,2024-08-22,534.3707451204748,541.5653262197158,526.0019488156585,529.3255615234375,15708300
META,2024-08-23,534.2910415515177,537.2266095036387,522.4891266890336,525.4147338867188,11323900
META,2024-08-26,525.0167963537939,525.4148622106036,512.4287683884583,518.5685424804688,9584000
META,2024-08-27,516.4389420142859,521.444343197647,512.7869281357935,516.558349609375,6282700
META,2024-08-28,515.1353520558432,518.5386506823367,509.9409395253756,514.249755859375,9106100
META,2024-08-29,516.5086314086758,524.6187519270367,513.1551363566217,515.6826782226562,8317400
META,2024-08-30,518.797350646977,520.9766304354436,512.677498614824,518.757568359375,9157500
META,2024-09-03,517.0956943716162,522.9170266447167,506.12963230775506,509.2542724609375,12459100
META,2024-09-04,503.5921671144299,514.0606781053099,501.6019595944186,510.2294921875,8335200
META,2024-09-05,509.2145278610141,519.0760103589896,508.6473113953943,514.329345703125,8640900
META,2024-09-06,519.324796934376,522.0115894499307,495.8104883337226,497.8205871582031,14744500
META,2024-09-09,503.6817382618634,508.82640785276607,499.62169779030836,502.3184509277344,11047800
META,2024-09-10,505.6719458429353,511.6624597294251,497.5817471669727,502.3184509277344,9899000
META,2024-09-11,504.52759727884006,510.6076670397068,493.1734590533484,509.323974609375,10782500
META,2024-09-12,514.5184847109804,524.1312228711816,512.697427478041,523.026611328125,11970500
META,2024-09-13,517.7923180495212,524.9968595658981,514.5780915987693,522.0513305664062,10321400
META,2024-09-16,522.469676680895,531.9919419852342,515.3579036757625,531.1752319335938,9527600
META,2024-09-17,535.4781635235854,539.9604028191319,528.4759413037808,534.2032470703125,11690800
META,2024-09-18,534.9503115622812,542.0521759030291,531.7928398690025,535.8268432617188,10323500
META,2024-09-19,547.8292508952223,559.8516201147253,544.3630052709944,556.893310546875,15647000
META,2024-09-20,557.7897520081747,562.2719910868118,554.1043432735547,559.1343994140625,22066800
META,2024-09-23,567.2522491176607,571.7145476196829,560.1902057812791,562.1823120117188,12830700
META,2024-09-24,564.4433820957124,565.5091662433006,552.0026881920077,561.1066284179688,12993000
META,2024-09-25,561.8237594778809,574.6031382414297,561.495044920447,566.0669555664062,16543400
META,2024-09-26,573.4576286297669,575.12108106941,560.1304333621082,565.5988159179688,14400800
META,2024-09-27,567.8498422431941,568.5869725969067,562.2819395153491,565.1206665039062,9398400
META,2024-09-30,565.4593213582551,572.4117521035162,562.5707432327713,570.1806030273438,12792300
META,2024-10-01,575.6987520585425,580.7387783195545,567.8498487564399,574.1947021484375,15259300
META,2024-10-02,572.5910298520646,573.7265448961253,567.0928584702349,570.5491333007812,6524700
META,2024-10-03,567.8996641519551,581.0574858806771,566.4852250655888,580.4698486328125,11581000
META,2024-10-04,581.4260603106362,594.4942722022978,579.1351503249019,593.587890625,14169500
META,2024-10-07,595.8588182753385,600.5701904777713,581.7347935139903,582.471923828125,12014200
META,2024-10-08,587.3625447345094,591.2172653007906,583.6571956540708,590.5499267578125,7857400
META,2024-10-09,591.6456279911163,592.0440735871042,579.3144845647184,588.1793823242188,9529700
META,2024-10-10,585.2509860772241,587.9004608400106,580.2209295755789,581.5257568359375,7740400
META,2024-10-11,582.5217341395787,588.8765575917819,580.4101064940337,587.6215209960938,8587100
META,2024-10-14,591.8746503066451,597.731447461574,587.631515121897,588.0896606445312,8252000
META,2024-10-15,587.8306549386698,588.2788909804673,577.850244485156,583.9560546875,9564200
META,2024-10-16,579.1052785857133,579.7825873772659,571.7643723313396,574.513427734375,11268400
META,2024-10-17,581.0277187741455,582.6611997864444,572.9298015535481,574.6529541015625,8701200
META,2024-10-18,578.8064328711839,581.6651004084903,572.9795465460454,574.1947021484375,7694300
META,2024-10-21,573.7565147335716,574.9617001148115,566.8637832891501,572.889892578125,8171900
META,2024-10-22,572.0233288655415,581.2269108333847,569.8619106006562,579.712890625,8544500
META,2024-10-23,577.680923843806,582.6911004356343,560.279904265033,561.4652099609375,14248400
META,2024-10-24,564.8916646277681,566.634757753837,559.3038206828223,565.5391235351562,7184700
META,2024-10-25,571.6647355552979,578.9956716161158,569.463436367779,570.9874267578125,11337900
META,2024-10-28,579.7029225322412,581.4460155123639,571.8540189924909,575.8780517578125,10925100
META,2024-10-29,577.860233390468,591.3268300347977,573.128981140023,590.9384155273438,13019100
META,2024-10-30,598.6080558684588,598.8272191939645,587.0538626186211,589.4642944335938,26864900
META,2024-10-31,582.6910719821886,587.571756560939,560.7878737214265,565.33984375,26838400
META,2024-11-01,565.3697448899991,571.4058248782926,560.339688365465,564.9215087890625,15303200
META,2024-11-04,561.8735255720723,566.4454360194603,555.6880747714519,558.467041015625,12064600
META,2024-11-05,565.0608971597502,571.2164978665354,564.433378859103,570.170654296875,9775400
META,2024-11-06,560.5288934332871,570.7384379160791,552.9787937592303,569.7921752929688,18305400
META,2024-11-07,574.6131397370345,592.4524256318628,572.9397776720764,589.3646850585938,14653700
META,2024-11-08,589.205245296399,590.7590857439004,582.2129936797714,587.0139770507812,9415700
META,2024-11-11,584.0456366766098,584.6831252027152,574.2345387059856,580.8682250976562,10209100
META,2024-11-12,586.2171909734634,597.2932988754035,578.0894227439553,582.5119018554688,16287700
META,2024-11-13,580.3104995084991,583.3285696737983,572.899861789148,577.7108154296875,10757600
META,2024-11-14,574.7226772857438,578.4678469202681,570.7484348770021,574.8820190429688,11053700
META,2024-11-15,568.9654316430945,570.3101398260193,549.323293380173,551.8931274414062,17712900
META,2024-11-18,554.8414482862169,557.690206619492,547.9189272359731,552.2119140625,14327300
META,2024-11-19,549.6819364043778,559.2141733793588,548.426899572135,558.8755493164062,9522400
META,2024-11-20,560.7081596102355,564.1146441614266,552.012635573936,563.2879638671875,9797300
META,2024-11-21,567.2721059667119,567.7501919373418,546.882870092374,560.8674926757812,11154700
META,2024-11-22,561.325795612175,561.6047197027932,552.4011974206409,556.9332275390625,9164000
META,2024-11-25,559.8814479460827,570.3300964942197,554.1940234019514,562.8795776367188,13599800
META,2024-11-26,563.7660269968359,575.2206370859942,562.9691967147016,571.2762451171875,10356600
META,2024-11-27,572.6209746815437,572.7105854147321,561.8735229474948,566.9534301757812,7200200
META,2024-11-29,566.7542128784901,576.1768970734391,564.6625256899628,572.05322265625,7130500
META,2024-12-02,575.2206623708795,592.1535649861262,573.2982871928123,590.4901733398438,12522400
META,2024-12-03,592.6516713377565,611.7759054960799,588.9164717284849,611.2280883789062,14907200
META,2024-12-04,610.5407730504924,615.3417566258435,602.7117489296108,611.3575439453125,14697000
META,2024-12-05,614.6445303223205,617.4534076628545,604.654087469592,606.5266723632812,8081200
META,2024-12-06,607.6920745569537,627.3043658378344,606.1283244249738,621.3081665039062,16935500
META,2024-12-09,621.4575028893596,623.9277561947446,603.7775583797533,611.1483764648438,11426000
META,2024-12-10,615.1224863148362,623.1208210609369,610.3215035746161,616.8755493164062,10938900
META,2024-12-11,620.909669634273,635.880378199676,619.0769658169937,630.1829223632812,10837200
META,2024-12-12,629.007573636922,634.1471812183523,624.7345274454173,628.3003540039062,7474700
META,2024-12-13,624.7444306032417,628.5892419845969,614.455245285517,617.9015502929688,8453300
META,2024-12-16,627.9995951063884,629.1659609381505,616.635468295797,622.2776489257812,10885600
META,2024-12-17,624.2016843799404,630.3822075101276,614.6019503899752,617.4928588867188,12897800
META,2024-12-18,619.0479587782994,625.387952256149,594.4455447869857,595.3128051757812,17075500
META,2024-12-19,608.4712976770209,609.5977504710141,593.1296604292414,593.6978759765625,14958100
META,2024-12-20,588.7235406079465,601.2141211648265,578.1767815903994,583.4102783203125,48989400
META,2024-12-23,587.746636194458,599.2005698155671,584.4071908696653,597.9644165039062,10205800
META,2024-12-24,600.8253816986515,606.0788354588261,597.3962533987877,605.839599609375,4726100
META,2024-12-26,603.576678438532,604.3941081026211,597.0572585697707,601.453369140625,6081400
META,2024-12-27,597.5257935657311,599.9581261267912,587.9460161502445,597.924560546875,8084200
META,2024-12-30,586.8993065979166,595.0635643540043,583.7392883016993,589.3814697265625,7025900
META,2024-12-31,590.4083164544484,592.102924110321,582.0147395278991,583.6695556640625,6019500
META,2025-01-02,587.8662291946306,603.0084829766075,585.9722382113614,597.3563232421875,12682300
META,2025-01-03,602.8590273821567,607.5841180897974,594.5352379868413,602.7294311523438,11436800
META,2025-01-06,609.906744646259,629.0064888916852,603.7162437232414,628.218994140625,14560800
META,2025-01-07,629.7142790484268,630.112985152474,606.3180247667793,615.9476928710938,12071500
META,2025-01-08,611.4718611566152,614.5022833089956,600.895166417742,608.8002319335938,10085800
META,2025-01-10,608.112442272843,627.9298948978874,595.462329972656,613.924072265625,19256600
META,2025-01-13,605.1916106669787,607.0557276203978,596.5688376806378,606.4177856445312,10785000
META,2025-01-14,603.1680144738151,603.586677198732,586.6999244030517,592.3820190429688,13598000
META,2025-01-15,608.2918626953108,620.5033555415417,604.5935029582943,615.1801147460938,15524300
META,2025-01-16,609.5778014543201,614.3128702309481,607.7934500715568,609.37841796875,8355300
META,2025-01-17,622.0883213436317,623.0054123386464,601.7723798733631,610.8438110351562,17280600
META,2025-01-21,615.8879054164239,619.5463519549992,607.0956232572347,614.522216796875,11674000
META,2025-01-22,621.3406555902126,631.7079877162228,617.4828257324606,621.5400390625,12274000
META,2025-01-23,625.3878883324852,634.5988327915112,619.197448317166,634.4493408203125,9910200
META,2025-01-24,634.3995455880619,649.9504837452617,632.2064489650473,645.4546508789062,19065300
META,2025-01-27,624.6402872001196,661.7831731182577,623.1350240288891,657.8057250976562,28399200
META,2025-01-28,663.9064946462431,680.434394086623,657.3969918528114,672.2103271484375,20950100
META,2025-01-29,672.8782187611764,678.9091891458575,663.5775294568425,674.363525390625,21377800
META,2025-01-30,694.6295927845299,708.5556496697027,673.9746933017885,684.8404541015625,29322900
META,2025-01-31,688.8278359211887,703.0828715870788,683.4248907710689,687.0135498046875,19303900
META,2025-02-03,673.7853303532094,701.7870595426608,673.1274317559399,695.2676391601562,21415700
META,2025-02-04,700.291750368734,705.4853950757674,689.435967564897,701.9764404296875,13826300
META,2025-02-05,701.338438880343,715.8826032404849,696.8127318836921,702.654296875,17778200
META,2025-02-06,703.6611131134636,716.6402049884904,701.2885896343017,709.7518920898438,13080700
META,2025-02-07,714.546788192433,722.7310026615398,709.5126746052003,712.2739868164062,16427100
META,2025-02-10,716.3013465299549,718.9330628152472,709.0940920727812,715.14501953125,12904300
META,2025-02-11,711.077742352479,721.3852053088176,707.8080235680292,717.537353515625,12998000
META,2025-02-12,713.0515218383842,724.8144176821432,710.3599968194253,723.099853515625,12016500
META,2025-02-13,719.2519274744516,726.7083946880916,715.7828254514726,726.269775390625,12569100
META,2025-02-14,723.85738092295,738.5809097984375,723.3389960821124,734.354248046875,16901200
META,2025-02-18,733.6864641630071,734.6833207719243,704.2193852371487,714.1181640625,21938700
META,2025-02-19,701.886719169158,704.7776276936228,693.2041369812721,701.5578002929688,17535500
META,2025-02-20,695.0882163867516,703.4119448646127,691.4596436709155,692.6558837890625,12587400
META,2025-02-21,694.3903766528952,701.6574392501641,680.2150443830811,681.4013061523438,15660400
META,2025-02-24,684.122756243814,685.1096345134455,660.3676471383606,666.02978515625,15677000
META,2025-02-25,663.8765120828333,665.9001600374287,639.8423158192022,655.4331665039062,20579700
META,2025-02-26,657.5764529173535,680.8630075132187,655.9316152590968,671.582275390625,14488700
META,2025-02-27,680.3047560748793,686.485278775033,655.5029605584499,656.1708374023438,12500000
META,2025-02-28,655.9714518798419,667.5250458825946,640.579984557629,666.0995483398438,17534200
META,2025-03-03,671.5622863758869,679.1084974580099,648.7941177590432,652.9908447265625,10843800
META,2025-03-04,643.4808482225519,647.7075100421906,621.6895797629608,637.9881591796875,21495200
META,2025-03-05,638.9850308732081,657.4268765380355,635.6555033172657,654.4063720703125,13770000
META,2025-03-06,645.9630966353535,648.5150471759833,622.1481771276858,625.9561767578125,13446500
META,2025-03-07,623.4041708110899,632.7945424007281,598.7219930959255,623.6932373046875,21375700
META,2025-03-10,606.1585603987916,608.1921258261364,585.0251896930085,596.1102294921875,21999900
META,2025-03-11,593.1795048947525,612.9970188777876,591.4649407555324,603.8060302734375,17401500
META,2025-03-12,627.9199500067502,631.3391605894193,607.4344997247063,617.6124267578125,15747000
META,2025-03-13,618.300295022882,618.549509168397,584.666363679096,588.7833862304688,16480300
META,2025-03-14,601.4397861192037,607.4861094591693,593.4379244399495,606.2289428710938,12364500
META,2025-03-17,606.0893162562006,611.7165435724769,596.6506403898339,603.5350952148438,15473900
META,2025-03-18,598.6959836433429,598.8955445257114,573.3632611970426,581.0458984375,20297700
META,2025-03-19,582.9616006660708,590.9834364727485,573.473050249603,582.7420654296875,20537500
META,2025-03-20,581.4449942410755,608.8230774900193,578.20232796402,584.6776733398438,24336500
META,2025-03-21,582.1034155863823,596.1915469952162,579.6390187113977,594.9044799804688,25015900
META,2025-03-24,613.5822418688982,621.1351668672481,610.818534005287,617.4534912109375,15741300
META,2025-03-25,625.345664190717,632.4495923390001,619.7782389579731,624.8966674804688,15312500
META,2025-03-26,623.479902445872,625.3356905979604,605.2411234358802,609.6012573242188,12609800
META,2025-03-27,600.6415676163016,612.8639250968658,598.745830668508,601.2202758789062,10436500
META,2025-03-28,598.9554211422102,600.3921742735024,572.6249545466391,575.4385986328125,17602800
META,2025-03-31,562.2284810192266,577.3941949049992,552.0514847999954,575.0594482421875,21124700
META,2025-04-01,569.551909131586,588.5788235121404,568.7137778220323,584.6776733398438,12836600
META,2025-04-02,573.612639602056,591.3225852084037,572.0661494891557,582.6123046875,13470800
META,2025-04-03,544.9873786131755,551.3130986556911,529.1033205063213,530.4203491210938,34777500
META,2025-04-04,505.4767837476822,516.8311091249631,493.0848271014097,503.591064453125,38589800
META,2025-04-07,484.00537900420284,538.1529079067506,480.81258761769493,515.0850830078125,36606100
META,2025-04-08,542.0240972727826,546.1946573403337,501.7252270865814,509.2981262207031,28034200
META,2025-04-09,508.1207792653783,586.563392325636,500.9769327422793,584.4481811523438,39216600
META,2025-04-10,574.1913720884271,579.9882591353082,534.0920601322453,545.0572509765625,28173500
META,2025-04-11,534.3015744722139,546.1647580379857,527.3972072394978,542.3433837890625,17642300
META,2025-04-14,554.9149903570471,556.5114165099282,527.0879701726936,530.2807006835938,14130900
META,2025-04-15,530.9092077902969,536.7260686645161,516.332191830521,520.3431396484375,15558700
META,2025-04-16,507.36253528750194,512.2115538752881,494.5115946838527,501.176513671875,18735100
META,2025-04-17,504.1099012067369,506.1552631934533,496.8862480413959,500.3484191894531,14593500
META,2025-04-21,490.22127698998224,492.38639367876976,478.71729620364266,483.56634521484375,16166000
META,2025-04-22,490.7600664511802,505.7362053967078,485.26249029169,499.1510925292969,17399400
META,2025-04-23,527.3373790061787,534.1320095182137,515.3544703338583,519.0960083007812,18173900
META,2025-04-24,517.5594556288198,532.6952680588365,516.3322506362241,531.9469604492188,13910000
META,2025-04-25,545.5660631286188,548.6191554082354,535.0398827431792,546.0350341796875,17098900
META,2025-04-28,554.3861611423933,557.2297054926632,539.3701350502788,548.4994506835938,15179000
META,2025-04-29,544.7678861992229,555.3140410474371,542.8921237705526,553.1888427734375,11835000
META,2025-04-30,537.1851129255415,547.8609194224242,528.305171612182,547.7611694335938,29244000
META,2025-05-01,590.7439814787114,591.6120134415539,569.2126599544815,570.9188232421875,31159000
META,2025-05-02,582.1434519633877,602.976341384666,577.025022870384,595.6728515625,24739300
META,2025-05-05,589.8858412822701,601.8488361583287,586.7230116613694,597.917724609375,13887700
META,2025-05-06,591.1929324469492,594.685034384837,585.256346973055,585.9846801757812,10600700
META,2025-05-07,589.0277995025451,601.7191276587725,585.3461237925522,595.4632568359375,13139100
META,2025-05-08,604.9218677784463,609.9205723172726,595.2737054544873,596.6605834960938,14622800
META,2025-05-09,602.3576547482705,605.6003210056944,590.3748069015998,591.1530151367188,10427300
META,2025-05-12,629.4963146177121,638.944977269137,619.628677643235,637.9871215820312,21965100
META,2025-05-13,644.083302386897,659.4286019389394,641.3794565378789,654.5496826171875,18570800
META,2025-05-14,659.7179933381154,661.1746598556101,652.8335389149222,657.8721313476562,12348200
META,2025-05-15,652.8035572955781,655.8266880212221,637.1389743044876,642.427001953125,14341800
META,2025-05-16,636.5204462352993,638.9948305544648,624.7370982869602,638.8950805664062,18519000
META,2025-05-19,626.8323547421304,641.5490713874889,626.3833579870233,638.98486328125,9592400
META,2025-05-20,634.5748472134089,637.9072763695222,630.8333091235804,635.662353515625,6743500
META,2025-05-21,630.3643287848374,645.1508944069866,628.7479892254967,634.0659790039062,11464600
META,2025-05-22,632.6192119816805,641.7984637515493,629.2867830155565,635.133544921875,8228400
META,2025-05-23,622.5919269408028,631.0228714642786,621.2449976116812,625.64501953125,8454100
META,2025-05-27,633.9761638539012,641.6289002643415,631.3221929667607,640.87060546875,9508400
META,2025-05-28,641.1499165908115,649.4112615873161,641.1000415977985,642.1277465820312,9042900
META,2025-05-29,650.1796265711708,651.8458412941458,638.0570177467964,643.594482421875,8858800
META,2025-05-30,641.0502003303773,647.9445811375045,631.3521627172354,646.0289306640625,16241000
META,2025-06-02,642.9358610362322,671.7407070872802,642.8061495270997,669.3860473632812,15766300
META,2025-06-03,669.9348713872049,674.0555568287034,663.5293753010757,665.34521484375,11585000
META,2025-06-04,667.8096780088563,687.4452625248051,667.0613703936261,686.3976440429688,14031900
META,2025-06-05,690.0992264315821,692.8131203553888,680.7104871089064,683.0751342773438,13083100
META,2025-06-06,694.5989952947568,701.2240259866394,690.3087109186762,696.1355590820312,11728000
META,2025-06-09,696.883869686411,703.5986632099265,692.3740500791279,692.4937744140625,12773200
META,2025-06-10,699.7673231326536,701.6430856337115,689.9994369756769,700.8150024414062,10850100
META,2025-06-11,702.1220199077359,707.2703489833287,690.4284357601101,692.5736083984375,9582500
META,2025-06-12,691.7355479828731,693.8108714889893,685.4497761885773,691.79541015625,7322700
META,2025-06-13,686.3976556130428,693.00271273635,679.4733132608307,681.3291015625,9274400
META,2025-06-16,698.2888218186604,706.097186349852,692.4774795938313,701.0746459960938,13720300
META,2025-06-17,700.9548121157454,704.9188720421186,695.0236535754563,696.19189453125,10066100
META,2025-06-18,697.1404546983404,700.5454115912661,693.8653700649246,694.7340698242188,10068300
META,2025-06-20,699.7067372671455,700.7751515856344,677.6595924698036,681.3341064453125,22538600
META,2025-06-23,682.6721183845542,698.009235646563,677.7394706648903,697.4900512695312,11080100
META,2025-06-24,703.840534417847,712.1281647182683,701.0646441862544,711.1396484375,13823200
META,2025-06-25,712.2579843149763,715.5131404309827,704.329803307428,707.6248779296875,9320400
META,2025-06-26,713.296455236712,727.1358060173088,709.9913855606367,725.009033203125,13964800
META,2025-06-27,725.4383202717177,734.335027558332,724.7792688020234,732.5377197265625,18775700
META,2025-06-30,743.4414316060685,746.7864803769392,733.1567794055785,736.9910888671875,15402100
META,2025-07-01,735.7829112020786,736.6516110389775,714.3049263192432,718.149169921875,13431200
META,2025-07-02,714.2650188208597,719.227590127805,711.7387562844411,712.5076293945312,9336700
META,2025-07-03,725.5281745483136,727.9446154194361,713.3563211505465,717.9395141601562,8601700
META,2025-07-07,716.5315731843128,725.9176023238477,712.4476967305745,717.2804565429688,9457100
META,2025-07-08,720.4957303517299,721.8337012243448,713.7457849218606,719.5970458984375,7770700
META,2025-07-09,721.6439452565418,736.4319538163115,721.6439452565418,731.6890258789062,11418000
META,2025-07-10,730.4608071076664,734.704479422628,718.5285868802704,726.1572265625,9913600
META,2025-07-11,721.4242720797871,724.0802847988808,708.6433421473682,716.4417114257812,10873900
META,2025-07-14,716.5316151789124,726.9161560719408,715.4831906042045,719.8466796875,8939400
META,2025-07-15,722.82223154618,723.3913292594382,708.7631777682402,709.3323364257812,11529500
META,2025-07-16,712.3079132030501,712.9069955313189,698.2289299901618,701.8634643554688,13067600
META,2025-07-17,703.3412662167694,704.8490277671435,696.0720759709156,700.3656616210938,11803300
META,2025-07-18,701.1445302429636,703.6607977835126,690.6202449112741,703.2314453125,12779800
META,2025-07-21,705.7477111980942,715.9325377312456,704.7092814794039,711.9085083007812,9404400
META,2025-07-22,715.1237435600664,715.5331063393245,700.3657186718685,703.7606811523438,8921100
META,2025-07-23,705.3183514682154,713.5660637312985,703.8804929024444,712.5176391601562,8771600
META,2025-07-24,715.9823677348465,722.5425929354744,712.9369210871259,713.7357177734375,10920800
META,2025-07-25,715.8526352732038,719.5771235060619,710.8401504714777,711.6189575195312,8271700
META,2025-07-28,714.1352096135126,723.6609843506268,711.6189419324959,716.5615844726562,8715700
META,2025-07-29,718.9280482700893,723.3913639831756,698.8679318855118,698.9578247070312,13267000
META,2025-07-30,707.0358168226334,707.4451795959043,690.1709481616012,694.1749877929688,27077300
META,2025-07-31,774.0458414913344,783.5816106103192,764.3702661872821,772.2884521484375,38831100
META,2025-08-01,759.5973820600149,764.8595554226001,744.2003568990668,748.8933715820312,19028700
META,2025-08-04,758.8684286204626,775.6933161141383,757.280769171418,775.2140502929688,15801700
META,2025-08-05,775.2940146810766,781.9640620224704,761.8640271769766,762.3233642578125,11640300
META,2025-08-06,768.853609707056,772.488205034118,759.327834976083,770.8406372070312,9733900
META,2025-08-07,772.3383525306105,773.8461140652291,758.4191051508143,760.6957397460938,9019700
META,2025-08-08,761.6144268371896,768.7538063796192,757.4506521481833,768.1546630859375,7320800
META,2025-08-11,768.9334288760205,772.3084011990011,763.5314498091643,764.7296752929688,7612000
META,2025-08-12,771.849102319645,792.4883102810505,771.2799436630941,788.8237915039062,14563100
META,2025-08-13,789.9721665216805,794.2757473900336,777.0713578354987,778.9186401367188,8811800
META,2025-08-14,776.7218428333804,786.6370510429252,771.3598429397638,780.9655151367188,8116200
META,2025-08-15,782.9825648931883,795.0645257736991,779.6575056048304,784.0609130859375,13375400
META,2025-08-18,773.9360156125421,774.6549143701418,755.4335751910228,766.2274780273438,16513700
META,2025-08-19,765.977874147037,766.0277875160474,748.2443062415024,750.3611450195312,12286700
META,2025-08-20,746.4570103778062,749.083099657565,729.911672806752,746.6067504882812,11898200
META,2025-08-21,743.6012666698691,744.3900685450179,732.0185006665147,737.9995727539062,8876300
META,2025-08-22,738.1293678852983,755.7731035460037,733.2966081137474,753.6661987304688,10612700
META,2025-08-25,753.6961621486424,757.7501148109367,749.0131426125197,752.1784057617188,6861200
META,2025-08-26,749.6821592803592,753.7461069744401,746.8264320177999,752.9772338867188,7601800
META,2025-08-27,751.1799307743298,753.0272129802489,741.7340542390842,746.2672729492188,8315400
META,2025-08-28,742.8922995313089,751.9288132977724,739.6970516455432,749.99169921875,7468000
META,2025-08-29,744.1703787664815,746.0275947781304,734.2551099537487,737.6001586914062,9070500
META,2025-09-02,724.9589996576248,734.9041924629622,720.655419120511,734.0155029296875,9350900
META,2025-09-03,734.9042121918441,739.1478846127889,732.8971950134412,735.95263671875,7699300
META,2025-09-04,747.4555024338443,760.0267237435045,744.7095967582477,747.535400390625,11439100
META,2025-09-05,751.499502790698,756.8215846100361,743.9208368275713,751.3297729492188,9663400
META,2025-09-08,754.8744351124396,765.3687971294402,750.9003802075373,751.179931640625,13087800
META,2025-09-09,756.3621991005824,765.1590798691678,752.3082462809408,764.5599975585938,10999000
META,2025-09-10,763.990858904295,764.5600175863916,749.8818911499914,750.8604125976562,12478300
META,2025-09-11,753.5264602522736,755.9727638030715,747.2557810059183,749.7820434570312,7923300
META,2025-09-12,747.6152548910696,756.4421205211297,742.6526835890741,754.465087890625,8248600
META,2025-09-15,756.3421855933647,772.9175066813722,750.8703641812288,763.5614624023438,10533800
META,2025-09-16,765.8580156945753,780.1966205012909,763.960820221922,777.8401489257812,11782500
META,2025-09-17,778.828725718326,782.1238004242355,765.1691000860621,774.5650634765625,9400900
META,2025-09-18,779.5875734416616,787.6056471582369,772.2085614820411,779.0883178710938,10955000
META,2025-09-19,785.2490765825911,789.6225600448605,768.0447499547826,777.2210693359375,23696800
META,2025-09-22,781.2128396094075,785.0896826443245,763.8469978355404,764.5364379882812,11706900
META,2025-09-23,768.6231126086477,769.9719880546131,750.4579354131178,754.784423828125,10872600
META,2025-09-24,756.8827020619125,760.4897455830934,751.9167814613187,760.0401000976562,8828200
META,2025-09-25,752.8360219788784,756.1533238123261,743.9432502397539,748.2996826171875,10591100
META,2025-09-26,749.3888277967437,751.3172477286904,736.7491118404043,743.1439208984375,9696300
META,2025-09-29,748.1098002440084,750.1681799899285,738.5476529969768,742.794189453125,9246800
META,2025-09-30,741.6451369970716,742.3645209926972,725.7081225297242,733.7815551757812,16226800
META,2025-10-01,720.9020135039985,721.2617054862658,709.6212362201944,716.7554321289062,20419600
META,2025-10-02,721.9911913779041,727.176964520395,717.5548070653372,726.45751953125,11415300
META,2025-10-03,729.0354240673363,730.4043027655052,709.6012618171895,709.98095703125,16154300
META,2025-10-06,704.6153434967972,716.2958197616522,689.9473135389625,715.0767822265625,21654700
META,2025-10-07,717.135073707775,717.9144673294414,705.1748577839295,712.4989013671875,12062900
META,2025-10-08,712.8686286502683,719.063588526951,707.233209995552,717.2550659179688,10790600
META,2025-10-09,717.694662739213,732.9122314453125,711.8593952481671,732.9122314453125,12717200
META,2025-10-10,730.3243364156914,734.6708280741015,703.9358854737135,704.7252197265625,16980100
META,2025-10-13,712.4289500007787,719.353295154282,707.0633311027989,715.1167602539062,9251800
META,2025-10-14,707.2032236513401,714.966850016347,698.7600977854659,708.072509765625,8829800
META,2025-10-15,716.4756800447307,723.3101331023296,708.9318445822669,716.9652709960938,10246800
META,2025-10-16,716.9652609619593,724.898793146875,703.3064176322127,711.48974609375,9017000
META,2025-10-17,706.5038073054051,717.9544293541486,705.5445676686097,716.3357543945312,12232400
META,2025-10-20,720.602270855396,733.1720358988009,719.5930841941394,731.5733032226562,8900200
META,2025-10-21,735.4202444049121,737.898203963144,728.156149137632,732.6724853515625,7647300
META,2025-10-22,733.2320185457676,739.9964601984101,723.4400167690366,732.8123168945312,8734500
META,2025-10-23,734.1012972282697,741.8049752352916,732.5025644943078,733.40185546875,9856000
META,2025-10-24,736.1895728454068,740.6060149267306,730.5542151922721,737.75830078125,9151300
META,2025-10-27,749.1189913399045,755.1341048828856,747.4004223192904,750.2081298828125,11321100
META,2025-10-28,752.0166693998259,757.7819868095911,744.9124781386814,750.82763671875,12193800
META,2025-10-29,754.1349412128479,758.5413205942342,741.9049255575367,751.0574340820312,26818600
META,2025-10-30,668.6047496805471,680.405123547836,649.6401745693712,665.9268798828125,88440100
META,2025-10-31,673.9603724515775,674.3400676801817,645.0439523217459,647.8216552734375,56953200
META,2025-11-03,655.4654426520216,658.792746197499,635.6615861365713,637.1903686523438,33003600
META,2025-11-04,627.528160823027,641.2170082918374,625.4998468710925,626.8087768554688,27356600
META,2025-11-05,631.7947143740674,641.7066132741587,626.0293969573662,635.4317626953125,20219900
META,2025-11-06,635.3318005623231,635.4817027165644,617.4963715076051,618.4356079101562,23628800
META,2025-11-07,615.9875913853423,621.6230097922952,600.7100736857968,621.203369140625,29946800
META,2025-11-10,630.5757412925083,634.4825281361091,617.606277436272,631.2451782226562,19245000
META,2025-11-11,627.4882640088713,629.0469903781388,618.8852946435945,626.5690307617188,13302200
META,2025-11-12,627.6181473129036,628.4774318700306,607.2747531328254,608.5137329101562,24493300
META,2025-11-13,612.5704066192014,617.1466913787408,602.5086055074847,609.3930053710938,20973800
META,2025-11-14,601.2995852054279,613.1799107961393,594.7149894844074,608.96337890625,20724100
META,2025-11-17,608.54364845602,611.1915132655756,594.914810553651,601.5194091796875,16501300
META,2025-11-18,591.1178778321469,603.1680476389258,583.3043040560937,597.2029418945312,25500600
META,2025-11-19,593.236120814011,594.8448550993957,580.7763124672824,589.8389282226562,24744700
META,2025-11-20,603.0082035639184,606.225550290049,582.8745995478572,588.669921875,20603000
META,2025-11-21,588.0204327318114,597.6325885375659,581.38582901572,593.7657470703125,21052600
META,2025-11-24,598.2320754408486,616.1974650582393,597.1429978306941,612.5504150390625,23554900
META,2025-11-25,623.4914651316196,636.5308177101258,617.7960982049689,635.7014770507812,25213000
META,2025-11-26,637.1703200291516,637.8397569399452,631.1152610365342,633.0936279296875,15209500
META,2025-11-28,635.5616748244524,647.5218911860414,634.9821303911365,647.4219970703125,11033200
META,2025-12-01,639.028785702615,644.7941029489796,637.2402664201815,640.3477172851562,13029900
META,2025-12-02,641.8165621493692,647.3420238521164,637.5500224020741,646.5726318359375,11640900
META,2025-12-03,643.8848130159247,648.3211970895987,637.0304181904862,639.0787353515625,11134300
META,2025-12-04,675.4491463216154,675.5490404402168,659.512131337801,660.990966796875,29874600
META,2025-12-05,663.4589092143041,674.1402004180294,661.8502358329807,672.8712158203125,21207900
META,2025-12-08,668.7945609027437,676.1585499822719,664.528021142878,666.256591796875,13161000
META,2025-12-09,663.2291308887899,663.9385132978894,652.807637338328,656.4246826171875,12997100
META,2025-12-10,649.4203737252112,653.9766553823684,642.8757234590145,649.6002197265625,16910900
META,2025-12-11,642.7657334383907,654.7460135009795,640.2777724038347,652.1781005859375,13056700
META,2025-12-12,649.2704855848336,710.4206277669183,638.0896015354143,643.7050170898438,14016900
META,2025-12-15,645.7000122070312,653.0,638.7000122070312,647.510009765625,15549100
META,2025-12-16,643.5,662.5399780273438,643.2000122070312,657.1500244140625,14309100
META,2025-12-17,655.6099853515625,661.22998046875,649.2000122070312,649.5,15598500
META,2025-12-18,657.030029296875,670.5599975585938,656.4600219726562,664.4500122070312,20260300
META,2025-12-19,666.4199829101562,671.0,658.1799926757812,658.77001953125,49977100
META,2025-12-22,661.6500244140625,673.5800170898438,656.6500244140625,661.5,15659400
META,2025-12-23,660.0499877929688,666.0,658.25,664.9400024414062,8486800
META,2025-12-24,662.530029296875,668.1799926757812,662.2000122070312,667.5499877929688,5627500
META,2025-12-26,668.0599975585938,668.9500122070312,661.3200073242188,663.2899780273438,7133800
META,2025-12-29,658.010009765625,660.25,654.3900146484375,658.6900024414062,8506500
META,2025-12-30,658.6900024414062,672.219970703125,657.8400268554688,665.9500122070312,9187500
META,2025-12-31,664.75,665.0,659.4400024414062,660.0900268554688,7940400
META,2026-01-02,662.72998046875,664.3900146484375,643.5,650.4099731445312,13726500
META,2026-01-05,651.010009765625,664.5399780273438,647.75,658.7899780273438,12213700
META,2026-01-06,659.5700073242188,665.52001953125,651.9000244140625,660.6199951171875,11074400
META,2026-01-07,655.6400146484375,659.1500244140625,644.8099975585938,648.6900024414062,12846300
META,2026-01-08,645.8800048828125,647.0999755859375,635.719970703125,646.0599975585938,11921700
META,2026-01-09,645.4400024414062,654.9500122070312,642.8499755859375,653.0599975585938,11634900
META,2026-01-12,652.530029296875,653.969970703125,641.22998046875,641.969970703125,14797200
META,2026-01-13,642.27001953125,642.27001953125,624.0999755859375,631.0900268554688,18030400
META,2026-01-14,626.5,628.4500122070312,614.8200073242188,615.52001953125,15527900
META,2026-01-15,618.47998046875,624.1699829101562,614.22998046875,620.7999877929688,13076100
META,2026-01-16,624.1799926757812,629.0800170898438,620.0800170898438,620.25,17012500
META,2026-01-20,607.8800048828125,611.4000244140625,600.0,604.1199951171875,15169600
META,2026-01-21,606.739990234375,618.27001953125,600.0800170898438,612.9600219726562,14494700
META,2026-01-22,629.3499755859375,660.5700073242188,626.5499877929688,647.6300048828125,21394700
META,2026-01-23,644.77001953125,666.489990234375,644.4500122070312,658.760009765625,22797700
META,2026-01-26,665.1300048828125,675.280029296875,661.2899780273438,672.3599853515625,16327400
META,2026-01-27,674.5900268554688,676.8200073242188,664.6599731445312,672.969970703125,13297400
