ticker,date,open,high,low,close,volume
MMM,2020-01-02,119.12704316755287,120.68921545066735,118.76499360532567,120.68251037597656,4307633
MMM,2020-01-03,118.68457330897543,119.78412017228133,117.75262888191907,119.64332580566406,2950412
MMM,2020-01-06,118.77169068362838,119.81760885174805,118.23532145108982,119.75726318359375,2389608
MMM,2020-01-07,119.52928919484461,119.68350588467412,118.55042188131394,119.27452087402344,2598908
MMM,2020-01-08,119.34159644648425,121.68820135216662,119.10693106170078,121.10489654541016,3298927
MMM,2020-01-09,121.6949132732805,121.74854163969007,120.5216107544323,121.48706817626953,3284575
MMM,2020-01-10,121.7619446133204,122.14410940859922,120.77637202384388,120.99762725830078,2516145
MMM,2020-01-13,121.31273418455407,122.1776276115331,120.92386433725193,121.29932403564453,2500597
MMM,2020-01-14,121.2993245616843,122.39216605379026,120.82330097994307,121.60102844238281,3481795
MMM,2020-01-15,121.63460103810104,121.92959995884578,120.13277389048704,120.53504180908203,2968711
MMM,2020-01-16,121.13844016619298,121.48707964067972,120.47468659660089,121.35969543457031,2571280
MMM,2020-01-17,121.35296283542704,122.12398520862918,121.15182284029778,121.58761596679688,4413360
MMM,2020-01-21,121.9228551228777,121.96308557228075,119.76398006691026,120.27352905273438,4027769
MMM,2020-01-22,120.35396881042936,121.06464544735653,119.2611152068438,119.36167907714844,2894559
MMM,2020-01-23,118.71805133801595,119.63658534078283,118.26214299155599,119.16726684570312,2820646
MMM,2020-01-24,119.67009894044918,120.55509524907303,119.02646081216425,119.442138671875,3161148
MMM,2020-01-27,120.58864804801807,121.07808182921518,117.69226357635,117.75260925292969,5216234
MMM,2020-01-28,115.25177362349626,115.54677239327984,110.65914076427585,111.01447296142578,10669157
MMM,2020-01-29,111.53075292230851,111.61121382493226,108.29915137769562,108.61426544189453,6391304
MMM,2020-01-30,107.94381426121276,109.04336102366828,106.44198742914159,108.95620727539062,5211092
MMM,2020-01-31,108.6142440676093,109.05003716444504,106.08661474067485,106.37490844726562,6865399
MMM,2020-02-03,107.29345789200677,107.48118775276369,104.84627686283736,104.9870834350586,4694898
MMM,2020-02-04,107.11915150662976,107.24653570942418,105.26198012816927,105.42288970947266,5219224
MMM,2020-02-05,106.6833356200533,108.83551788330078,106.40174693920565,108.83551788330078,3729367
MMM,2020-02-06,110.28369893325902,110.62563327389225,108.92937172020487,109.2109603881836,4082905
MMM,2020-02-07,108.21869749832726,108.56063188559186,107.02527968072805,107.32699584960938,3272495
MMM,2020-02-10,107.41414707895602,108.11813106393983,106.51572814011068,107.37391662597656,3294741
MMM,2020-02-11,107.94380735076128,108.96290537537577,107.28675891851492,108.91596984863281,2721020
MMM,2020-02-12,110.1160818798207,110.65245114056835,109.66687858876912,109.82108306884766,3272734
MMM,2020-02-13,109.43546504638056,109.50987643001352,107.56824181318005,108.08240509033203,4083024
MMM,2020-02-14,108.14327979971551,109.01600540572863,107.4464648199063,108.92806243896484,2671266
MMM,2020-02-18,108.48833170402608,108.60335021280041,106.918790812394,107.48706817626953,2964764
MMM,2020-02-19,107.62237288334319,108.56274416165932,107.13526041301935,107.79827117919922,2746494
MMM,2020-02-20,107.56823141670124,109.18513247551655,107.22996646038246,107.27056121826172,3917020
MMM,2020-02-21,107.11496549329507,107.29085142658154,105.61982394331673,106.16781616210938,4228219
MMM,2020-02-24,104.49002856180942,104.66592685098946,102.98136768960087,103.20462036132812,4348178
MMM,2020-02-25,103.71879190017641,103.8067348733653,98.75305728758461,99.34840393066406,6295026
MMM,2020-02-26,101.18856911289771,102.71076167941497,100.18730565685131,100.77588653564453,6161912
MMM,2020-02-27,102.31160716884176,105.1530307259361,100.80294624255183,101.58772277832031,9856954
MMM,2020-02-28,104.2464529789798,106.0257203643551,98.7733226441948,100.96527862548828,13753641
MMM,2020-03-02,102.38601758971696,103.79996347575806,100.37672509273708,103.52259063720703,9599455
MMM,2020-03-03,103.13020702088882,104.185596799122,97.71797311656235,98.25919342041016,9922614
MMM,2020-03-04,99.46341153464616,104.18558969244663,98.76658419063958,104.17205810546875,6905465
MMM,2020-03-05,102.02070518334737,104.42238923281418,101.17504265510833,102.43338775634766,7040852
MMM,2020-03-06,101.20210555049742,104.68623660433111,100.03847532545177,103.94881439208984,8557500
MMM,2020-03-09,99.17249243429222,101.1141330163112,97.1158457191567,97.46087646484375,9800502
MMM,2020-03-10,100.81648599003417,103.76615014218369,98.01565079658074,103.7120361328125,6759433
MMM,2020-03-11,101.29681047551031,101.29681047551031,99.09132219785778,99.61225128173828,5678847
MMM,2020-03-12,94.68711091964062,95.87103832729626,88.17889307419752,90.370849609375,9826097
MMM,2020-03-13,95.3974764364881,95.85751957841164,88.62541643706183,95.85075378417969,7870039
MMM,2020-03-16,87.8541538373694,91.66977705330052,86.60257475296214,88.56450653076172,8899197
MMM,2020-03-17,89.26134980717696,92.52898759794613,87.68503707495348,90.95267486572266,7816338
MMM,2020-03-18,86.90701917317269,94.28795667757156,86.85965861844944,92.69811248779297,8205038
MMM,2020-03-19,93.16491173424699,94.83593910030864,89.9310973410939,93.02960205078125,7613377
MMM,2020-03-20,93.40845870599267,94.19999470976602,83.01696055559891,84.4917984008789,11468683
MMM,2020-03-23,86.70405817830977,86.86642487760696,77.15146140137016,79.74256896972656,9489423
MMM,2020-03-24,82.73282212195546,90.28289784182114,81.86010271318003,89.78903198242188,11136793
MMM,2020-03-25,90.0799505285084,91.12180875581382,85.78398604917605,88.99073791503906,9260030
MMM,2020-03-26,89.15985471199829,92.26512529097214,88.36155286988695,92.12982177734375,8033532
MMM,2020-03-27,89.86348095922675,92.73196836127448,88.56454082175999,90.14085388183594,5097711
MMM,2020-03-30,89.47105488263313,93.36786761356619,88.66598726205189,93.1852035522461,4627922
MMM,2020-03-31,91.79831373072133,94.33530066454144,91.79154793837769,92.35306549072266,4321985
MMM,2020-04-01,89.3019362038209,91.89981587458303,88.63217199095072,90.07318115234375,4518010
MMM,2020-04-02,89.54547938823093,93.5031781165303,89.36958111824707,93.30021667480469,4772399
MMM,2020-04-03,92.01481928310004,92.98225988017947,89.91081176545244,90.51292419433594,4291607
MMM,2020-04-06,93.26640956523283,95.55984723221064,92.61694267659139,95.18775939941406,6745081
MMM,2020-04-07,99.78814821547877,101.91245311172766,97.69090649407683,97.82621002197266,6573575
MMM,2020-04-08,98.59068494227458,101.2900389765512,97.3594031368658,100.79617309570312,3673036
MMM,2020-04-09,100.4376064742878,101.29680047082427,99.13867296294856,99.97756958007812,5721305
MMM,2020-04-13,99.7881345900472,100.51878465262406,98.29977129374186,99.04395294189453,3160191
MMM,2020-04-14,101.22239165169594,102.14247169265715,100.16024228896829,101.57418823242188,3968806
MMM,2020-04-15,100.25496725331492,100.49852352022332,98.02918743561094,98.20508575439453,3640504
MMM,2020-04-16,98.27949830986114,99.07780649846947,96.89937500925731,98.02918243408203,4987798
MMM,2020-04-17,99.74754580046636,100.46466427598622,97.9615061446877,99.08454132080078,6450148
MMM,2020-04-20,97.92768687657299,99.46341087127279,97.18350515627644,97.19703674316406,3460028
MMM,2020-04-21,96.23635810080621,96.58815465303073,95.05243072021857,95.81690979003906,2787996
MMM,2020-04-22,96.98730063116521,97.74501386911831,95.87103123929678,97.15643310546875,3288522
MMM,2020-04-23,97.81268718841692,99.84227102625022,97.3391124819478,97.6435546875,3092019
MMM,2020-04-24,98.21182733010582,99.67989332531998,97.6300123319016,99.44987487792969,2687532
MMM,2020-04-27,100.12642448043604,104.51710408883598,100.05200691439859,103.94881439208984,5555300
MMM,2020-04-28,108.26506426162628,110.32847072394124,104.99742066514821,106.62785339355469,9919744
MMM,2020-04-29,107.25702823651987,108.39359501798586,104.97711653435864,105.71453857421875,4768572
MMM,2020-04-30,104.39531925465882,104.82152721487888,102.66339954654632,102.77841186523438,4386689
MMM,2020-05-01,101.00591574938944,101.50654750000919,99.94376009805852,100.53234100341797,3499974
MMM,2020-05-04,100.49172572726822,100.5052573125845,98.81393261141767,100.39701080322266,2666841
MMM,2020-05-05,101.40505306858621,101.47947062437173,99.51753248027492,99.74079132080078,2713963
MMM,2020-05-06,99.98434952771758,100.24143118375929,98.76659301527376,98.9086685180664,2593646
MMM,2020-05-07,99.92344699005966,100.02492771773885,98.02916682378097,98.59745025634766,3349757
MMM,2020-05-08,99.50399503230786,100.92471282160028,99.030426551323,100.471435546875,2594961
MMM,2020-05-11,100.00464274877226,100.0993515158001,98.49597567259559,98.59069061279297,3629382
MMM,2020-05-12,99.14545553079265,99.59872670855695,95.69515354777776,95.74250793457031,3623880
MMM,2020-05-13,95.19451036568479,95.2080357794495,91.33152008865984,92.0892333984375,5747976
MMM,2020-05-14,91.33154031029665,92.10955117273392,88.70660940534368,92.00130462646484,7053649
MMM,2020-05-15,91.01356003471568,93.94969858190584,90.79030735130249,93.82792663574219,12095985
MMM,2020-05-18,96.85200602145378,101.29003934497537,96.41226031321929,100.98560333251953,7196452
MMM,2020-05-19,100.46469013591783,102.5957610790373,99.70021091420102,100.38350677490234,4855640
MMM,2020-05-20,101.39153060139535,102.44691423757351,100.68793739516335,101.26299285888672,4100845
MMM,2020-05-21,100.94185686240486,101.55677413790798,99.30207953919552,99.62320709228516,3335764
MMM,2020-05-22,99.57538572595904,100.19030305659092,98.796491271745,100.05365753173828,3183034
MMM,2020-05-26,102.77977110797589,104.52202936907418,101.93938067024517,103.90711212158203,5521095
MMM,2020-05-27,105.2121082486015,108.06121522336566,104.76800721043426,108.05438232421875,7243335
MMM,2020-05-28,108.43699377659256,109.22954769008676,105.30775057765628,107.14567565917969,8049917
MMM,2020-05-29,106.2437895304433,107.17982179793283,104.56984787696517,106.88603210449219,10324111
MMM,2020-06-01,106.55124659145956,107.64443553817188,105.82700922598247,106.29845428466797,2491746
MMM,2020-06-02,107.09784686383396,108.36184587261218,107.01585207743398,107.70592498779297,2791225
MMM,2020-06-03,108.87425637035443,110.45254368732712,108.3071756762747,110.14508819580078,4394463
MMM,2020-06-04,109.15441934742738,111.08116001618941,108.75813607977105,111.06066131591797,3445317
MMM,2020-06-05,112.73457588630217,115.02342242175355,112.73457588630217,114.38117980957031,5414531
MMM,2020-06-08,114.16935120570152,115.83646598445985,112.91903070762164,114.01220703125,3573170
MMM,2020-06-09,113.06255143805754,114.75698597285638,112.10600776918994,113.89610290527344,3781274
MMM,2020-06-10,114.03271386002957,114.33333643531732,111.92151046620353,111.98299407958984,3051355
MMM,2020-06-11,109.35938525096225,109.4891978736411,104.06426839698895,104.11209869384766,5999854
MMM,2020-06-12,106.77673093698044,107.55561910307392,103.66798623422925,105.8133544921875,3586565
MMM,2020-06-15,103.08721791547502,109.05872828436985,102.82075358956756,107.76741027832031,4896185
MMM,2020-06-16,111.26558730845099,111.62770595825512,107.19347942581098,109.09288787841797,4050493
MMM,2020-06-17,109.45502804461628,109.91279488586866,108.6146437847201,108.78545379638672,2050662
MMM,2020-06-18,107.99972971371145,109.20223266100919,107.67177549797515,108.77861785888672,2160096
MMM,2020-06-19,110.24074795690849,110.74634508739796,106.9065425490956,108.05438232421875,7660619
MMM,2020-06-22,107.26866929806081,107.55562614612906,106.23014336273435,107.0568618774414,2416996
MMM,2020-06-23,107.92458029043246,108.40967877104151,106.74940880350474,107.84259796142578,2752953
MMM,2020-06-24,106.78355201108552,107.08417460549451,103.65430895723036,104.00276184082031,3639189
MMM,2020-06-25,103.8866295477395,105.9363497448767,102.55430767896196,105.67671203613281,2464597
MMM,2020-06-26,105.62889943954804,105.75187916620344,103.53134884268296,104.20775604248047,3380374
MMM,2020-06-29,105.15059159610743,106.93385323682898,104.86363482563404,106.29161071777344,2565540
MMM,2020-06-30,105.84069472264773,107.07052939940468,105.2531152177407,106.57859802246094,3518154
MMM,2020-07-01,106.81771735647497,107.8152457260308,106.11397868522012,106.19596099853516,1944218
MMM,2020-07-02,107.69226072376381,108.55314364925619,106.8997067879112,107.29598999023438,2371429
MMM,2020-07-06,108.54631372376444,109.29104985606394,107.30282582860701,108.02021789550781,2511002
MMM,2020-07-07,106.64007291917406,107.33696621303136,105.69036238414644,105.77919006347656,1879753
MMM,2020-07-08,105.95000622019728,106.31211245062066,105.130108238457,105.61521911621094,1987752
MMM,2020-07-09,105.16427834858803,105.71087287600687,103.19655301243307,103.47667694091797,2619240
MMM,2020-07-10,103.6406596722526,104.70651718819713,103.1623941106246,104.43321990966797,2337582
MMM,2020-07-13,105.45807032249682,107.22082098141263,105.32824525080258,105.7655258178711,2652489
MMM,2020-07-14,105.76552945872331,108.79227916467242,105.16427177550474,108.32084655761719,3825884
MMM,2020-07-15,109.30470432493125,110.2612352941839,108.80594014497615,108.86060333251953,4152871
MMM,2020-07-16,108.80593845518243,109.94011229754422,107.97922010039176,109.65998840332031,2154594
MMM,2020-07-17,109.90596629333758,110.38424431978086,108.98359967547128,109.20223999023438,3051833
MMM,2020-07-20,108.53266082123633,108.54632662116241,106.83822631835938,106.83822631835938,2140960
MMM,2020-07-21,107.26865969406622,109.06557498663274,107.26182679501946,107.81525421142578,3297611
MMM,2020-07-22,107.56244773957066,109.2705477867094,107.28232382060564,108.43699645996094,2271922
MMM,2020-07-23,108.63513324960806,109.07923425467997,108.19785267438074,108.8332748413086,3223340
MMM,2020-07-24,109.35253907330483,110.41155109359387,108.44382588730355,109.20906066894531,3019541
MMM,2020-07-27,108.99725552845842,111.62772208989334,108.86061001999838,111.53207397460938,3825406
MMM,2020-07-28,106.2232802403238,107.59659293059192,105.08227360355473,106.12763214111328,9255605
MMM,2020-07-29,106.92702794517356,107.63076659458676,105.84750482701455,106.75621795654297,3973949
MMM,2020-07-30,105.43073941148603,105.71086331463418,103.41517772903065,103.93444061279297,3723148
MMM,2020-07-31,103.63380911918294,103.68163940783651,101.6660840115193,102.80709075927734,3906614
MMM,2020-08-03,103.23071302648636,103.45618623421319,102.01455046908728,102.76611328125,2708820
MMM,2020-08-04,102.41764960042272,103.33318943057631,102.25367250351152,103.31269073486328,2314858
MMM,2020-08-05,103.96177759302007,106.17546851065572,103.92078019956917,106.14130401611328,3162702
MMM,2020-08-06,106.53759603424768,106.92021346720819,105.68354594395797,106.5854263305664,3451417
MMM,2020-08-07,106.57857455996546,108.23884415025377,105.94999779482424,108.17736053466797,2612423
MMM,2020-08-10,108.32767284358465,110.41154473942163,108.32767284358465,110.30223083496094,2718269
MMM,2020-08-11,112.14016137394844,113.8550944423972,111.39543768028388,111.62773132324219,4502342
MMM,2020-08-12,112.73458579685149,113.38366136489695,111.60723220823037,112.22898864746094,2486723
MMM,2020-08-13,113.08984995711029,114.43583113109125,112.56375421032683,113.3221435546875,3449264
MMM,2020-08-14,112.46808755391363,113.62277245642134,112.4066039431944,113.48611450195312,1922331
MMM,2020-08-17,112.85074170730343,113.67062735764974,111.81221572726626,112.53645324707031,2473448
MMM,2020-08-18,112.34514625077897,113.03521928146796,111.88737935327092,112.31098175048828,1816844
MMM,2020-08-19,112.69359467523608,113.20602475256119,111.90104064440621,112.03085327148438,2407309
MMM,2020-08-20,111.38177497172003,111.81904314085179,110.94449433379336,111.34761047363281,2380399
MMM,2020-08-21,110.95460634329714,112.16805466647554,110.82361215521728,111.49238586425781,2398698
MMM,2020-08-24,111.38209488979594,113.03679169588379,111.10630370058873,112.74722290039062,3114862
MMM,2020-08-25,113.66418541632677,113.93308148870008,111.98190837414548,112.45073699951172,2318446
MMM,2020-08-26,112.29212944524373,113.60210878923529,111.47857153793964,113.00227355957031,2994066
MMM,2020-08-27,113.41596221008649,114.00888980924825,112.50587295249017,113.12638092041016,2781776
MMM,2020-08-28,113.51248727558091,114.56736094594977,113.01607835698715,114.21573638916016,3643375
MMM,2020-08-31,113.87102858714874,114.27781396192864,111.75438575117673,112.39559173583984,3445796
MMM,2020-09-01,111.80954182884746,114.13991989563509,111.44412703266555,113.6228256225586,3469716
MMM,2020-09-02,113.87100403891014,117.20798969754853,113.85721385410824,116.87015533447266,4716665
MMM,2020-09-03,117.20799513297129,117.49756386266901,113.75380532561697,114.66389465332031,4163635
MMM,2020-09-04,115.9531871366175,116.59438049023625,113.00230107609663,114.29159545898438,3907332
MMM,2020-09-08,114.16059227926227,114.19506774716314,111.609596388912,112.4990005493164,3425224
MMM,2020-09-09,113.07126164300209,115.37404687044318,113.07126164300209,114.24333953857422,3255153
MMM,2020-09-10,114.61564723554095,114.91211110511621,112.20943564527559,112.48521423339844,2456823
MMM,2020-09-11,112.68515308117878,114.93278997045618,112.42316469531636,114.56737518310547,2031406
MMM,2020-09-14,115.59464771814031,116.81499095912505,114.74661429064719,116.1462173461914,2707983
MMM,2020-09-15,117.11837997358946,117.15975053734792,114.56738394280782,114.8431625366211,2459335
MMM,2020-09-16,115.73943567442885,117.96638695022628,115.49123751256536,116.87015533447266,3506313
MMM,2020-09-17,115.82908318536307,119.41426735592759,115.27061839321281,118.84890747070312,3296296
MMM,2020-09-18,118.62827312393695,119.12469464417372,116.84258248234107,116.89774322509766,4885062
MMM,2020-09-21,114.43639031833857,114.91211405710095,110.06521528297058,111.25108337402344,4678393
MMM,2020-09-22,111.04426123111317,112.84374244786018,110.60300035813081,111.9267578125,2516145
MMM,2020-09-23,112.05085813474385,113.23672616427068,109.70668986794999,109.9755859375,2688847
MMM,2020-09-24,109.89972481277015,111.66474271850532,108.98275297873937,110.60297393798828,1877361
MMM,2020-09-25,109.83768652551556,110.98907898075734,109.52741992273543,110.49956512451172,2330884
MMM,2020-09-28,111.6923139215087,113.16775039545279,111.23036791377922,111.45789337158203,2509806
MMM,2020-09-29,111.46481321414764,111.65786325419731,109.47228213533221,110.18242645263672,2400013
MMM,2020-09-30,110.95460951499959,112.45073153663682,109.35506109274793,110.43751525878906,3656052
MMM,2020-10-01,110.77534863691672,111.62338220261373,108.74144709790592,109.47917175292969,2378964
MMM,2020-10-02,107.87961752455205,111.65095655132065,107.72793806220311,110.56160736083984,2115246
MMM,2020-10-05,111.8647049864698,112.72652879348864,111.52687055740994,112.20943450927734,1742572
MMM,2020-10-06,112.68515742754478,114.24333536281637,111.57513541810029,111.85091400146484,2418192
MMM,2020-10-07,113.82964696833167,115.65672084815829,113.35392328316973,114.78800201416016,2577858
MMM,2020-10-08,115.34645387680287,115.93248640541233,114.53977838998112,115.6291275024414,2275510
MMM,2020-10-09,116.4358062335127,117.53894568080545,115.79461287819598,116.72538757324219,2410538
MMM,2020-10-12,116.84258154153153,117.62855920805306,115.9118069264399,116.2772216796875,1834186
MMM,2020-10-13,116.03595738893782,116.82883041331591,114.45019875789129,114.88455200195312,1884059
MMM,2020-10-14,115.14653111529752,116.89086401918891,114.994851634388,116.10487365722656,1716619
MMM,2020-10-15,114.48465763960004,116.98738806167592,114.31229286951917,116.5737075805664,1959168
MMM,2020-10-16,117.16662579108174,118.63516731523985,116.67021685690354,117.87677001953125,2964406
MMM,2020-10-19,117.9112463795325,118.82821823414332,116.42890207623917,116.89774322509766,2284240
MMM,2020-10-20,117.55274490097436,119.40738675791923,117.20112027607914,117.86299896240234,2168348
MMM,2020-10-21,117.44240513824906,118.66274849477446,116.56679125910853,116.6357421875,1807276
MMM,2020-10-22,116.95978516866188,117.89055978082497,116.09796148417237,117.697509765625,1989187
MMM,2020-10-23,118.53175293062287,118.71101276006367,116.53232701802527,117.07010650634766,2556450
MMM,2020-10-26,115.60844150290896,115.89111512678164,113.34011967267024,114.56046295166016,3993205
MMM,2020-10-27,113.4159730064444,113.74691229847603,110.76155099505931,111.02355194091797,4657702
MMM,2020-10-28,110.18240514596751,112.27834964201278,109.01721003733576,109.29989624023438,3665860
MMM,2020-10-29,109.01032078845499,110.43750431723885,107.64519309389162,109.26542663574219,3206356
MMM,2020-10-30,109.16200802411772,110.28582000732422,108.24502364797314,110.28582000732422,2672462
MMM,2020-11-02,111.82333691763644,112.67137055607104,110.95461799749756,112.3404312133789,2531454
MMM,2020-11-03,113.66417930265688,115.02241203202314,112.89199176019258,114.11233520507812,2268692
MMM,2020-11-04,112.20941686099351,113.96753966725217,110.24445385712455,110.42371368408203,3756516
MMM,2020-11-05,111.80265202817387,113.35393492084371,111.70613329550343,112.51969146728516,2605486
MMM,2020-11-06,112.8368399977686,113.27810084198548,111.39587861589668,112.39559173583984,2015260
MMM,2020-11-09,120.05546179313183,120.95176098963492,112.48520314825156,112.67825317382812,5284048
MMM,2020-11-10,113.89172085123664,116.70471801314086,112.97473621943595,116.61508178710938,4186478
MMM,2020-11-11,117.71132415936074,117.71821925354614,115.5533106667989,116.66334533691406,3449742
MMM,2020-11-12,115.9325001304155,116.64953950035228,114.16058698535485,115.17410278320312,2651173
MMM,2020-11-13,115.77392282988374,117.38726137408916,115.33267461851185,117.06321716308594,2167272
MMM,2020-11-16,119.01438739749499,119.8900013820827,117.33211036501453,119.86931610107422,2911423
MMM,2020-11-17,119.30396823686854,120.31057641456525,117.80093848167571,119.71763610839844,3097520
MMM,2020-11-18,120.31056856304949,120.44845784456074,118.12497500929176,118.1732406616211,3128497
MMM,2020-11-19,118.61828776649409,119.5292951050024,117.73511207466186,119.3415298461914,3571256
MMM,2020-11-20,119.26505676211663,120.2734178921665,118.88952619300525,120.231689453125,3177652
MMM,2020-11-23,120.83671267789465,121.60167059790622,120.62112843588326,121.10096740722656,2468903
MMM,2020-11-24,121.69903616804254,123.24287416877355,121.62948877070428,123.1455078125,3690856
MMM,2020-11-25,122.97862741900178,123.32633908187103,122.01199458032383,123.17334747314453,2454431
MMM,2020-11-27,123.66012966617104,124.91884881358779,122.09542732999618,123.01338958740234,1515452
MMM,2020-11-30,122.23454196641904,122.3944883269984,120.09958865672287,120.12045288085938,7344995
MMM,2020-12-01,121.15662860386206,122.17889940097155,118.22889834370089,118.58356475830078,4616082
MMM,2020-12-02,118.40276119248514,120.01613431538593,118.37494222637751,119.50847625732422,2896473
MMM,2020-12-03,118.9451712670065,120.57940831646395,118.9451712670065,119.49454498291016,2843849
MMM,2020-12-04,119.70318446614571,120.41947200789511,119.29289283012132,119.93267822265625,3185666
MMM,2020-12-07,119.41805864180292,119.96049032270909,117.651681481421,118.32624053955078,3022053
MMM,2020-12-08,118.04112831726928,120.18997825138459,118.01330935391856,119.93267822265625,2070037
MMM,2020-12-09,120.07872369083191,122.14412957398122,119.56411090537856,121.90072631835938,3337916
MMM,2020-12-10,121.60863431233847,121.97721016555288,120.09261514886049,120.64895629882812,2665645
MMM,2020-12-11,119.82139316324994,121.45564291434744,119.73099423043845,121.01753234863281,2243337
MMM,2020-12-14,122.1649582487528,122.53353405003334,120.30122771554397,120.36380767822266,4425320
MMM,2020-12-15,121.27483431332107,121.7407638477628,119.99525091479494,121.47650909423828,2715638
MMM,2020-12-16,121.4278430268759,122.2901675042833,121.24703244171948,121.98418426513672,2332080
MMM,2020-12-17,122.3944765094524,123.40979250592747,121.97026270857023,122.84649658203125,2784049
MMM,2020-12-18,122.92298716696412,123.40978089728901,121.77553120498601,122.68653869628906,5599672
MMM,2020-12-21,120.73242241798782,122.48489037853732,120.32908548119318,122.15804290771484,2038702
MMM,2020-12-22,121.73380362589054,122.34578268150136,121.12879200151363,121.54605102539062,1651915
MMM,2020-12-23,121.90766077117405,122.26232713801062,120.97580173405454,120.99666595458984,2108070
MMM,2020-12-24,121.29568697747155,121.55299965719588,120.60026376671077,121.365234375,784815
MMM,2020-12-28,121.91460653608556,122.67262239520312,121.27482125129727,121.49736022949219,1677988
MMM,2020-12-29,122.08150891028295,122.14410156795417,120.412498283693,120.8992919921875,1457804
MMM,2020-12-30,120.92015469227528,121.64339685175503,120.57244309184314,121.0801010131836,1697244
MMM,2020-12-31,121.08708961653147,121.60865716304332,120.43339467077553,121.55303192138672,2202195
MMM,2021-01-04,121.69905089121734,122.53355630458044,118.6044070845,119.52236938476562,3583455
MMM,2021-01-05,119.61971982471997,120.48204408556016,118.67393868809005,119.3206787109375,2745179
MMM,2021-01-06,120.11348670769789,122.09543551842796,119.64060241234536,121.13575744628906,4002294
MMM,2021-01-07,119.3068002076983,120.6281122461776,115.55151902703935,118.02722930908203,7012626
MMM,2021-01-08,117.64471539681625,117.9020280771439,114.47358250244038,115.87138366699219,5750488
MMM,2021-01-11,115.5097870802572,116.2330294051209,114.74482899906187,114.8839111328125,3272974
MMM,2021-01-12,115.37069282714361,116.26083615722779,114.10501889158758,115.79490661621094,3527124
MMM,2021-01-13,116.32342488287111,116.65027229367969,115.47501002459805,115.63495635986328,2509208
MMM,2021-01-14,116.32343432412418,116.38601430057473,114.9047687212954,115.7253646850586,3462898
MMM,2021-01-15,115.18293694406879,115.62106024999312,113.61823442072955,115.12731170654297,4246637
MMM,2021-01-19,116.31649725795751,117.90901893270753,115.9966045128546,117.60997772216797,4668227
MMM,2021-01-20,117.55432778993664,118.62526897958729,117.1301140054339,118.37492370605469,3196071
MMM,2021-01-21,118.37491304285601,119.25810154336578,117.79770771182633,118.68785095214844,3215087
MMM,2021-01-22,118.36099231619377,118.36099231619377,116.30254182091926,117.55430603027344,2809763
MMM,2021-01-25,117.44303639507827,119.9535196852829,116.99101639979372,118.49312591552734,4010308
MMM,2021-01-26,120.850593335678,122.97857821577864,119.66836400202124,122.35965728759766,6158084
MMM,2021-01-27,123.30543344746916,130.23184541503218,123.2011250600932,129.80068969726562,9684012
MMM,2021-01-28,128.65329259231999,129.75205284018634,126.97035947857366,127.55451965332031,4967825
MMM,2021-01-29,126.76869389813932,127.24854568317456,121.60865639826257,122.15804290771484,5043771
MMM,2021-02-01,122.37357531018944,123.1663520556122,120.98272911805007,121.49038696289062,3073361
MMM,2021-02-02,122.56834428305393,123.45848772469418,121.59474394479089,121.71297454833984,3401902
MMM,2021-02-03,121.96328189246363,123.39585664283317,120.69066614416406,122.03282928466797,3437543
MMM,2021-02-04,122.24843147622077,123.29156647410778,122.05372411147903,123.15943908691406,2192268
MMM,2021-02-05,123.50713129139723,124.64067774320655,122.88125546773988,124.48768615722656,2179590
MMM,2021-02-08,124.68932252307097,125.7811403105603,124.59892361454735,125.70465087890625,2816700
MMM,2021-02-09,126.02456926807815,126.4974535050803,125.30132708729187,125.82984924316406,2323589
MMM,2021-02-10,126.48353375813485,126.8312453405852,125.6212095413032,125.92719268798828,2307084
MMM,2021-02-11,125.75192095722066,126.12353406638802,123.29087021214136,124.25145721435547,2617326
MMM,2021-02-12,124.29353417531665,125.39433664642502,124.25146186801325,125.29618072509766,1293474
MMM,2021-02-16,125.50652856275764,125.9903217061237,123.62742680720004,123.84478759765625,2193464
MMM,2021-02-17,123.43812055403771,124.31456301627883,122.80007504798338,123.85881805419922,1887408
MMM,2021-02-18,124.27949824995498,125.97628652596805,123.50822387228757,125.76593780517578,2496172
MMM,2021-02-19,125.90614663259744,126.74754138620291,123.5432651010217,123.78166198730469,3572213
MMM,2021-02-22,123.7256177509449,124.16733866666584,122.70894692339962,123.48722076416016,2716714
MMM,2021-02-23,124.4828522153243,124.4828522153243,122.4985949785317,123.52227783203125,2813351
MMM,2021-02-24,123.40306185968036,124.79134556984825,121.83247762213117,124.54593658447266,3280150
MMM,2021-02-25,124.46881886071424,126.73354499047088,124.40571040168547,125.33824920654297,3150623
MMM,2021-02-26,125.81504149351335,125.82205354514107,122.42846367589611,122.74398040771484,4022507
MMM,2021-03-01,123.1926888536141,124.45476819481385,123.1926888536141,123.69050598144531,2200640
MMM,2021-03-02,124.10420806055477,124.6581088634843,122.55466007187512,124.18132781982422,2717790
MMM,2021-03-03,124.40572936296203,126.22172289243899,123.96399567386095,124.84745025634766,2712289
MMM,2021-03-04,125.70984746192973,126.33388160384443,122.04982560824044,124.54593658447266,4228697
MMM,2021-03-05,125.12087374039707,127.30145500226205,124.06914298760108,126.7685775756836,2706309
MMM,2021-03-08,126.90184668279416,130.20428024420008,126.85977436839912,128.85104370117188,3079580
MMM,2021-03-09,128.6617379885767,129.11748298651398,126.92286423461972,127.0350570678711,3399152
MMM,2021-03-10,127.86936402949075,129.9798371123932,127.19625854583042,129.3698272705078,2835357
MMM,2021-03-11,128.40231325489736,129.7625490813057,127.68012302647237,129.41197204589844,2843251
MMM,2021-03-12,130.14112643387384,130.56182383982906,129.20157571828668,129.65733337402344,3219154
MMM,2021-03-15,130.43565302996637,132.95981276618468,130.21129294351024,132.85464477539062,3946800
MMM,2021-03-16,131.81691156882005,132.13945315221912,130.40059228284017,131.01058959960938,2707744
MMM,2021-03-17,131.34714958535076,133.21221469071259,131.15082492230496,132.0272674560547,3091780
MMM,2021-03-18,132.2375699052035,134.6845960904983,132.2375699052035,133.9203338623047,3648398
MMM,2021-03-19,133.63990305366403,133.92035950163785,132.3007036812331,132.31472778320312,7987964
MMM,2021-03-22,131.99918829273162,133.05091908659148,131.12274596451505,132.84759521484375,3115939
MMM,2021-03-23,132.35678345155287,134.4181856284652,131.74678621641613,132.04827880859375,3311365
MMM,2021-03-24,132.1183795922692,135.1403427051001,131.8729706472678,133.70298767089844,3383723
MMM,2021-03-25,134.36913933582755,135.5751228418709,133.3384443532623,135.392822265625,2656316
MMM,2021-03-26,135.3296898165533,136.689938242515,134.7687768773646,136.64085388183594,3202410
MMM,2021-03-29,135.7573655400397,137.93093462707023,135.68023299247827,137.24380493164062,3111753
MMM,2021-03-30,136.710933550004,137.8678450400545,135.9396720190155,136.47254943847656,2244533
MMM,2021-03-31,135.9817822152995,136.32534717387446,134.6565939495707,135.09832763671875,2902572
MMM,2021-04-01,135.49792902831027,135.96771076001903,133.80815303206907,135.1123046875,2274912
MMM,2021-04-05,135.9466986667707,137.3910787740507,135.82049454736864,136.70394897460938,2347748
MMM,2021-04-06,136.72498825832935,137.15269781795016,136.0168222238755,136.61280822753906,1761349
MMM,2021-04-07,136.13601251309657,136.97038259223902,135.96773608708705,136.68992614746094,1795794
MMM,2021-04-08,136.31834031815836,137.89593692606644,136.04488307385338,137.22984313964844,2860593
MMM,2021-04-09,137.46817960710433,139.501520522062,137.46817960710433,138.8284149169922,2582882
MMM,2021-04-12,138.9686921504812,139.73294180748078,138.16936943925427,138.70925903320312,2011792
MMM,2021-04-13,137.43316272376205,138.358689620632,136.98442977735826,137.7556915283203,2702601
MMM,2021-04-14,137.1106288675686,138.40075683398433,136.7390157120948,137.95201110839844,1883700
MMM,2021-04-15,138.3236541751135,138.6952674109453,137.36307964120076,138.46388244628906,1748074
MMM,2021-04-16,139.33329387703108,139.9994004658064,138.81444038819672,139.23513793945312,3312322
MMM,2021-04-19,138.90554315517443,139.3122164438309,137.8958847789008,139.24209594726562,2631798
MMM,2021-04-20,139.48753352050127,139.77500202400208,138.43580263041204,139.03878784179688,1977108
MMM,2021-04-21,139.0387819130779,141.2824718237862,138.91257779444848,140.84776306152344,3168204
MMM,2021-04-22,140.7005367588376,141.75226770849295,140.3569718271121,140.86180114746094,2650097
MMM,2021-04-23,140.93191791628962,142.4464187703007,140.9249058643464,141.77330017089844,2229464
MMM,2021-04-26,142.320171232453,142.3271832828884,139.9362532243854,139.9713134765625,3084364
MMM,2021-04-27,134.27793813253263,137.32796254816037,132.25862115347527,136.33934020996094,6249100
MMM,2021-04-28,136.72497757058045,138.34464621520473,136.59176139523396,137.37705993652344,3010212
MMM,2021-04-29,137.9940973995988,139.81710310251526,137.61547215393796,139.56468200683594,2256852
MMM,2021-04-30,138.59003436097555,139.5225602438401,137.517267477038,138.22543334960938,2998492
MMM,2021-05-03,138.8214429245681,139.8591498311035,137.88891679649478,139.25616455078125,2128641
MMM,2021-05-04,139.17200161697667,139.92223988843614,138.5059079572159,139.79603576660156,2247284
MMM,2021-05-05,140.23071580794584,141.4366987585382,138.74427646724763,141.24038696289062,2414126
MMM,2021-05-06,141.12823683087808,141.99065520621494,140.55329977779664,141.92054748535156,2201358
MMM,2021-05-07,141.85042325634686,142.9442265120503,141.10018493145503,142.38330078125,2204946
MMM,2021-05-10,143.7365160030251,146.50607144310752,143.07743438557316,145.37020874023438,3842389
MMM,2021-05-11,144.85836495456954,145.0757257382671,141.91352108322636,142.8390350341797,3052790
MMM,2021-05-12,142.7479065905255,142.82502636358052,139.36834078664748,139.43846130371094,2667798
MMM,2021-05-13,139.27716871568114,143.06339436492033,139.1018802542217,142.62167358398438,2014423
MMM,2021-05-14,143.0353584507903,143.82065696752917,142.34121659561126,143.3018035888672,1764578
MMM,2021-05-17,143.45608584821505,143.98195138750052,142.81804026700644,143.8136749267578,1833109
MMM,2021-05-18,143.7294840626453,143.86271301448375,142.20097230295812,142.355224609375,2119073
MMM,2021-05-19,141.56997876713908,142.12387969761667,139.7609972908561,142.05377197265625,2655359
MMM,2021-05-20,142.03256189280341,142.80951197646863,141.61583224576486,142.4281005859375,1689350
MMM,2021-05-21,142.4704460048641,143.91839116283248,142.0254747161999,142.57640075683594,1838491
MMM,2021-05-24,143.24035187646433,143.74889608577922,142.618802139482,143.1061553955078,1828923
MMM,2021-05-25,143.2757096483105,143.38165155410104,142.23036633698285,142.4705047607422,1817202
MMM,2021-05-26,142.1102538962914,142.52697062952493,141.47456398528647,142.37864685058594,2209371
MMM,2021-05-27,143.38161745926593,144.07380373352575,143.11322448714975,143.55113220214844,2939290
MMM,2021-05-28,144.00317435432103,144.36339477978365,143.24035159690035,143.4098663330078,2082475
MMM,2021-06-01,144.7800995949195,144.8577997504257,143.06376142201444,143.5228729248047,1874491
MMM,2021-06-02,143.89724648358805,144.06676125137912,142.92960344366136,143.5864715576172,2245370
MMM,2021-06-03,143.0284475651778,144.56115665191905,142.54109433528075,143.85484313964844,2274912
MMM,2021-06-04,144.16564331098635,145.58533423558256,143.9254920342826,145.535888671875,2234846
MMM,2021-06-07,145.7477799008908,146.07268209909083,143.60058446424236,143.89723205566406,1831196
MMM,2021-06-08,142.6752663934898,144.11614777432828,142.06784409521248,143.79830932617188,2034874
MMM,2021-06-09,143.7771329191991,143.78419656942236,142.63291181213577,143.1979522705078,2042290
MMM,2021-06-10,144.19392128157293,144.77308927648252,143.22626525589286,143.47348022460938,2335908
MMM,2021-06-11,143.91841658617875,144.72362128391498,142.33627468609814,143.24742126464844,2028775
MMM,2021-06-14,142.88013460854614,143.7983448219975,141.55933494332638,142.2232666015625,2088096
MMM,2021-06-15,142.5340525957091,142.5764345065302,140.9307196451915,141.69354248046875,2045040
MMM,2021-06-16,141.66525706877906,141.96190460027086,139.00951791626977,139.0801544189453,2654761
MMM,2021-06-17,139.00247774439808,139.49689467701882,136.31848353747503,137.8300018310547,3091540
MMM,2021-06-18,136.34673935905917,136.72108711006166,135.2802053182408,135.32965087890625,6045302
MMM,2021-06-21,136.73523643334616,138.88243216382077,136.73523643334616,137.8794708251953,3023966
MMM,2021-06-22,137.55453231396427,138.47274255447414,137.0954336386468,137.8300018310547,2120030
MMM,2021-06-23,137.58982631436274,138.02774684796836,135.80991535882418,135.86642456054688,3559894
MMM,2021-06-24,136.53039083851473,136.84116574726875,135.35791483373774,136.50213623046875,2621393
MMM,2021-06-25,136.6151011255983,137.9641550121163,136.53033733467777,137.5544891357422,7385898
MMM,2021-06-28,138.26793201432133,139.0872641573617,137.3002889462633,138.7906036376953,2512198
MMM,2021-06-29,138.57871551344218,139.7300006234982,138.23968597858664,138.45863342285156,2222168
MMM,2021-06-30,138.36676362509195,140.54220012413052,138.1124851304659,140.2949981689453,3100032
MMM,2021-07-01,140.87422792418067,141.02961537906023,139.6734844175983,140.6199493408203,2222048
MMM,2021-07-02,140.3656503424896,141.4675025603363,139.80767347243335,141.1849822998047,1929028
MMM,2021-07-06,138.72699535287646,139.69463808402583,137.56157041756092,139.06602478027344,3045494
MMM,2021-07-07,138.5292244556995,141.30503269449704,138.5292244556995,141.1637725830078,2027220
MMM,2021-07-08,140.20316148874156,140.94479308518555,139.36971534381536,140.04071044921875,2591852
MMM,2021-07-09,141.05078161753144,142.60466878390102,140.73293022156204,141.96897888183594,2925536
MMM,2021-07-12,139.92070218347928,142.29390885683182,139.77944202980672,141.24856567382812,2588144
MMM,2021-07-13,141.32628732132542,142.0608556998868,140.6623554752712,140.98019409179688,2019207
MMM,2021-07-14,141.67234532594804,143.50876581575042,141.2697429705154,143.2615509033203,2939409
MMM,2021-07-15,142.27270669240815,143.2191585846202,141.63701677373868,143.09202575683594,2557885
MMM,2021-07-16,143.46636357520686,143.52992353977425,140.4927858453314,140.81768798828125,2959024
MMM,2021-07-19,139.7017119396749,140.231447069915,137.8087953501149,139.5392608642578,3762975
MMM,2021-07-20,140.09020126498368,142.83069176505614,139.89949556741553,141.84185791015625,3328827
MMM,2021-07-21,142.0608276492044,143.29687649486726,141.2344319415601,141.80654907226562,2390924
MMM,2021-07-22,142.32917553370606,142.42806662834937,140.3303173704466,140.60577392578125,2033798
MMM,2021-07-23,141.62289195064682,141.997239679445,140.5139889563359,141.6087646484375,1878557
MMM,2021-07-26,141.5805011447141,143.1979611371432,141.21322997998038,142.4422149658203,2881403
MMM,2021-07-27,139.2920673666625,142.0113799420127,137.66755636307715,141.5946502685547,3587880
MMM,2021-07-28,140.78238923850256,141.52402108355514,139.92068820830212,140.04782104492188,2558364
MMM,2021-07-29,141.26268369431952,141.26268369431952,139.80768745027618,139.9701385498047,2535759
MMM,2021-07-30,139.8500319768504,140.7258601865162,139.28499149825814,139.8076629638672,2284719
MMM,2021-08-02,140.6058361996238,141.75713425793313,139.45455103119176,139.51104736328125,1593670
MMM,2021-08-03,140.23145314682768,142.8236197050409,139.4262613855142,141.99017333984375,2641007
MMM,2021-08-04,141.54522326848362,141.834807222059,139.28502218651175,139.51809692382812,2460172
MMM,2021-08-05,140.23853649713936,140.64113887928679,139.34858079916268,139.70880126953125,1883939
MMM,2021-08-06,139.9772127924883,140.7329591336065,139.53222848063822,139.94189453125,1334975
MMM,2021-08-09,139.60286670951845,139.95602354646564,138.98836762608963,139.44747924804688,1427187
MMM,2021-08-10,140.01959381277652,140.9024859699976,139.6381952283541,140.73297119140625,1911686
MMM,2021-08-11,141.26269646882582,142.51287270599127,140.77534312616854,142.37161254882812,2652010
MMM,2021-08-12,142.30801044275546,142.93663670331122,141.51694599122746,142.272705078125,1473233
MMM,2021-08-13,142.1314314004761,142.47046086239664,141.46749977837115,141.67233276367188,2285197
MMM,2021-08-16,142.03257194770953,143.21917522124033,141.53109133942644,142.90133666992188,1921972
MMM,2021-08-17,142.6753051789152,142.6753051789152,139.56753056786724,140.94483947753906,2736328
MMM,2021-08-18,140.25261611254527,140.42213081214666,138.65634732051907,138.797607421875,2530856
MMM,2021-08-19,137.73113399196583,138.59989881910266,137.24378062842607,137.98541259765625,2766109
MMM,2021-08-20,138.31276517461038,138.87501440502487,137.6224126348199,138.18466186523438,2867290
MMM,2021-08-23,138.7825001475999,139.66501423575824,137.8430584651637,138.5547637939453,2361263
MMM,2021-08-24,138.65436096071068,139.565345104508,138.3127435303202,138.6045379638672,1665310
MMM,2021-08-25,138.44086270344116,138.8180680319979,137.15980368663074,138.31275939941406,1928670
MMM,2021-08-26,138.20601792303304,139.06006165330575,137.8288125696062,139.01023864746094,1742931
MMM,2021-08-27,139.4942021654372,139.9639359837776,138.15620241345604,138.81808471679688,2567214
MMM,2021-08-30,138.91061610325997,140.41230706971857,138.6188086067116,139.61520385742188,1511624
MMM,2021-08-31,139.38742583336838,139.48705884380146,138.17752962415528,138.59742736816406,3365424
MMM,2021-09-01,138.46224215005466,138.60458062514985,137.31640378785244,137.67225646972656,2302778
MMM,2021-09-02,138.12059122134104,138.72554582957707,137.6935758992942,138.70419311523438,2505022
MMM,2021-09-03,138.3981964250648,139.21665239478574,137.80747681927448,138.34837341308594,1751542
MMM,2021-09-07,137.30213741016834,138.4764457979307,132.06398140963563,132.07821655273438,7035231
MMM,2021-09-08,132.1209529594228,134.08526029664506,131.67968939644027,133.7222900390625,4374131
MMM,2021-09-09,133.47319099639,134.16354366114481,131.70816268091386,132.19924926757812,3634046
MMM,2021-09-10,132.98919588164915,133.25253303102778,131.30957894042368,131.34515380859375,2668874
MMM,2021-09-13,131.87895735892997,133.7436315024332,130.66906093157422,131.8291473388672,6035614
MMM,2021-09-14,132.12803023360888,132.3771322319968,129.3025623401157,129.8292236328125,3975624
MMM,2021-09-15,130.11393147475104,131.7437387381853,129.76519638694464,131.08897399902344,3055182
MMM,2021-09-16,131.06053219210816,131.38079705855205,129.40225427730465,130.00009155273438,3054106
MMM,2021-09-17,128.88265328236264,130.0000340215522,127.68699224891417,129.16734313964844,12820283
MMM,2021-09-20,127.13896815061445,129.3452591694221,126.88986616878319,128.4840850830078,4965912
MMM,2021-09-21,128.79727287877364,128.87555318364548,126.46999564833513,126.982421875,3564200
MMM,2021-09-22,127.61585945967988,128.7830635894174,127.35253521551304,127.9930648803711,2656077
MMM,2021-09-23,128.21362360549026,130.13522449325922,128.10687305160633,129.19577026367188,2615054
MMM,2021-09-24,129.174456430497,129.58011900716443,128.54814915583623,128.84706115722656,2483972
MMM,2021-09-27,128.69760924091082,130.3558864195273,128.68337409865305,129.38084411621094,2454312
MMM,2021-09-28,129.40220583183688,130.13526375603655,127.94322054333098,128.14248657226562,2739318
MMM,2021-09-29,128.04995000433868,129.0961549308598,127.5161711854034,128.73318481445312,2003061
MMM,2021-09-30,129.33107469777366,129.57304621556312,124.81174031922126,124.84732818603516,3869778
MMM,2021-10-01,125.43801946336887,126.26359284552255,123.99325630339771,125.74404907226562,2893483
MMM,2021-10-04,123.94346435570873,126.04299269004561,123.68014011136084,125.28858184814453,3600080
MMM,2021-10-05,125.3881646346618,127.11760424929483,124.95401884438346,126.59806060791016,2258407
MMM,2021-10-06,125.70845853957707,127.07492838118475,124.91847303299862,126.96817779541016,2460890
MMM,2021-10-07,128.10693801502194,128.6620567626393,126.47001309969752,126.54117584228516,3442208
MMM,2021-10-08,126.37747642892455,126.7546818014002,125.81524014479379,125.93622589111328,2953522
MMM,2021-10-11,126.69774546604516,127.11052568488105,125.40243825594214,125.45936584472656,3218556
MMM,2021-10-12,125.47360690081602,125.89351769983863,124.64091586350894,124.92560577392578,2578456
MMM,2021-10-13,124.98252539186397,126.96818511255151,124.57684976365671,126.09278869628906,2428478
MMM,2021-10-14,126.68352399047089,128.39161160370622,126.64793612597188,128.3346710205078,2725923
MMM,2021-10-15,128.59800870644344,130.2420511579493,128.59089113351723,129.48764038085938,2584317
MMM,2021-10-18,128.66917461268537,129.47340842004277,127.63720444263085,129.33106994628906,2096947
MMM,2021-10-19,129.843489749399,130.13528425541082,129.27412289459443,129.75096130371094,1667344
MMM,2021-10-20,129.95020935234862,130.3701200676039,129.55876892128262,129.8292236328125,2139046
MMM,2021-10-21,130.13529707057853,130.2634004043364,128.47703234035401,129.61575317382812,1986556
MMM,2021-10-22,129.93603505499976,130.44846144555422,128.6620801588567,128.6763153076172,3146556
MMM,2021-10-25,128.46276770324275,130.20644291453874,127.71547461603882,129.81500244140625,3235300
MMM,2021-10-26,128.86841700363138,130.8256061786037,127.51618240532152,129.64418029785156,3750178
MMM,2021-10-27,129.7224982169211,129.7723082356454,126.74044318197429,126.85432434082031,3141892
MMM,2021-10-28,126.86143330093716,128.11403504531148,126.85431572899247,128.01438903808594,2326100
MMM,2021-10-29,127.90051550702104,128.7545591631873,126.76889954493235,127.1674575805664,3061162
MMM,2021-11-01,127.06069793497696,127.9218721776887,126.33477054598983,127.80799102783203,2404558
MMM,2021-11-02,128.09979686251123,129.6014876127849,127.82934212329926,129.50897216796875,2646748
MMM,2021-11-03,129.3808553343737,129.97157482448588,128.09267875449808,129.6940155029297,2372146
MMM,2021-11-04,129.86485439444613,130.21358951444773,128.27775242094162,128.54107666015625,2453474
MMM,2021-11-05,129.61574984443504,130.82564638129242,128.78305871398874,129.38800048828125,2169903
MMM,2021-11-08,130.00008876223865,130.54810300588403,128.29911842648897,129.20297241210938,2219656
MMM,2021-11-09,129.08195234464364,129.9359960726779,128.42718765119577,129.05348205566406,2131750
MMM,2021-11-10,129.05346034172783,130.1281356402633,128.1069013220441,129.8292236328125,2048270
MMM,2021-11-11,130.2492020076674,130.27054174362624,127.75823268289606,128.2564239501953,2376093
MMM,2021-11-12,128.78304223799907,132.5906577047506,128.31330843926074,130.71176147460938,5268021
MMM,2021-11-15,131.01780875542158,131.69392626691067,130.17088247273242,130.46267700195312,1750226
MMM,2021-11-16,130.4626809113912,131.09610599026578,130.0285478912066,130.50538635253906,2362100
MMM,2021-11-17,130.50539202814318,130.86124474330538,129.26702509890958,130.48403930664062,2692316
MMM,2021-11-18,130.6633848425004,130.97190497991227,128.20954854714086,128.26695251464844,3029229
MMM,2021-11-19,128.74767244395784,129.73063683120873,127.80057244270242,128.5970001220703,2969190
MMM,2021-11-22,128.6113484364676,130.78535345554178,128.2741132257765,128.905517578125,2836792
MMM,2021-11-23,129.58712514172177,130.09654601689996,128.18083284011172,128.7620086669922,2325263
MMM,2021-11-24,128.410456163949,128.79073128095544,127.38442566007497,127.44900512695312,1780246
MMM,2021-11-26,125.2176070506633,126.87501590718263,124.41400376776815,125.93510437011719,2287111
MMM,2021-11-29,126.61671786725971,126.87500955671021,125.5476474385425,126.44451904296875,2780102
MMM,2021-11-30,125.34672103162401,126.17901299674469,121.93143413562383,122.00318908691406,6387238
MMM,2021-12-01,123.80409587607613,125.31084512022603,122.47673401239109,122.49826049804688,3893698
MMM,2021-12-02,123.0794545728214,123.96915064195927,121.88122525751969,122.16105651855469,4027052
MMM,2021-12-03,121.90273757695846,124.0624045792192,121.38614118659982,123.83280181884766,3610604
MMM,2021-12-06,125.21762870610333,127.91540652359649,124.84452898794473,127.14051818847656,4088646
MMM,2021-12-07,127.07589673203117,127.95841724857368,126.40862799624864,126.6740951538086,2778069
MMM,2021-12-08,126.63825680328851,126.87502202622589,125.153033614076,126.30819702148438,2305888
MMM,2021-12-09,126.63106869012911,127.28398650344337,126.0211907623508,126.23644256591797,2103286
MMM,2021-12-10,127.67139731157597,127.67139731157597,126.35837350391058,127.06869506835938,1846146
MMM,2021-12-13,126.9969721623737,127.2624393048632,125.13864978906825,125.2606201171875,3025760
MMM,2021-12-14,125.45434470091237,126.70996473410744,125.02385426019872,125.36107635498047,2783690
MMM,2021-12-15,125.61937691292425,126.43733106805998,124.7583828764424,126.12163543701172,2559320
MMM,2021-12-16,126.78889442338368,128.38891203714832,125.43281746303724,127.93688201904297,2691000
MMM,2021-12-17,127.61402317740554,127.94406980654128,125.08843189275272,125.38261413574219,4799189
MMM,2021-12-20,124.27765227112091,124.75837116846625,122.66328369397922,123.8686752319336,2369754
MMM,2021-12-21,124.4426796535005,124.83730571522109,123.56733467864869,124.069580078125,2384944
MMM,2021-12-22,124.06957600392089,124.2920032615464,123.08661172359201,123.8686752319336,2418312
MMM,2021-12-23,124.11981525538998,126.00682662664258,123.96914293679968,125.54045867919922,2339017
MMM,2021-12-27,125.66961489852598,126.80326477053814,125.49741607819249,126.78173828125,1414868
MMM,2021-12-28,126.88216116148013,128.0732148080256,126.81759479826125,127.45616149902344,1936204
MMM,2021-12-29,127.34139814551635,128.35306466104828,127.16202381406917,128.0086669921875,1461392
MMM,2021-12-30,128.3386819440831,128.56110920265118,127.41310852756457,127.45616149902344,1276491
MMM,2021-12-31,127.37726325772655,127.96560158006434,126.64541500899281,127.44900512695312,1691862
MMM,2022-01-03,127.94406304945284,128.4965369321661,126.16467106932728,127.52792358398438,2309117
MMM,2022-01-04,128.0588485239784,130.05349192969663,127.7359643705671,129.31446838378906,3016551
MMM,2022-01-05,127.0902548138696,130.42661177288343,126.99698645692024,128.78355407714844,3531070
MMM,2022-01-06,129.780855471535,130.06784910158214,127.38441021295301,127.71446990966797,2996458
MMM,2022-01-07,127.80772281075514,129.50102168651063,127.15480517962072,129.1135711669922,3349039
MMM,2022-01-10,128.75484940157466,129.02749206447172,126.83913598330773,127.29115295410156,2772328
MMM,2022-01-11,127.7144716103002,128.826581762019,126.58082187797577,128.41761779785156,2707983
MMM,2022-01-12,128.43194705201952,129.15661960355675,128.13776487842551,128.73329162597656,2067286
MMM,2022-01-13,129.06337601500502,130.110919930602,128.4534980999934,129.88131713867188,2505261
MMM,2022-01-14,129.7665250528133,129.7665250528133,127.47771186312566,128.2454376220703,2734176
MMM,2022-01-18,127.84363288570736,128.10910006502144,126.40146285859613,127.91537475585938,2883078
MMM,2022-01-19,129.02748173693402,129.7736808930932,127.44899057258114,128.05886840820312,2354446
MMM,2022-01-20,128.13064249498052,128.58984813455797,124.34943038865102,124.53598022460938,3369491
MMM,2022-01-21,124.41399269266427,126.29384178739954,123.81129028414435,123.87586975097656,4161004
MMM,2022-01-24,123.30901535613675,124.27764165728473,121.13499761997991,123.98345947265625,5635193
MMM,2022-01-25,124.50726753986703,125.24627815122012,120.54668185162986,124.66511535644531,6041116
MMM,2022-01-26,125.04540259353091,125.74137339082148,120.68301489738917,121.4722671508789,5274360
MMM,2022-01-27,121.32873666606393,123.49557915382613,120.85519325056806,122.08928680419922,3328229
MMM,2022-01-28,120.81934380464958,121.07764860555706,115.18699760397253,117.0237808227539,7441034
MMM,2022-01-31,116.73675652358543,119.31257598440789,115.9403420263579,119.11885070800781,6088118
MMM,2022-02-01,118.8103166034954,120.51079110695095,118.21480288240258,120.1305160522461,3573528
MMM,2022-02-02,120.39600282106667,121.43637110969705,118.96100846599859,119.57804870605469,3816795
MMM,2022-02-03,119.29105924494027,119.62828135889953,117.74125690712025,117.94933319091797,3120005
MMM,2022-02-04,117.51886345124782,118.20048329516132,114.8712883552047,115.32331848144531,4839614
MMM,2022-02-07,115.33768572590678,116.45698485966201,114.80673815127538,115.63903045654297,2919556
MMM,2022-02-08,115.82554033201228,117.0309319324598,115.02912579195538,116.5286865234375,2839184
MMM,2022-02-09,117.34664273900003,117.85606365270085,116.18429099734158,117.41120910644531,2563746
MMM,2022-02-10,116.24169576655945,116.80134515411869,114.09637966123414,114.61297607421875,4345307
MMM,2022-02-11,114.91433154859327,115.9475244720274,113.9385425966738,114.46949005126953,4344709
MMM,2022-02-14,114.33314963971816,114.50536154525608,111.47034930765608,113.37171173095703,5542742
MMM,2022-02-15,113.88113878653323,114.1394435647436,112.10892210322307,112.89099884033203,3989617
MMM,2022-02-16,112.64703999960894,113.36453723647232,110.57346565244998,111.6640625,5346120
MMM,2022-02-17,109.28068219618198,109.72983035851807,107.56377637770522,107.6796875,7424409
MMM,2022-02-18,107.36092645282,108.45482065817617,106.66547298567446,106.94075775146484,6002485
MMM,2022-02-22,107.36091074467816,107.58548808324416,105.68022957488895,106.31048583984375,5392884
MMM,2022-02-23,106.31051865436646,106.7306874239382,104.41250441690276,104.59361267089844,4600534
MMM,2022-02-24,102.94189985551797,104.23863701962577,101.23223879667437,104.10099792480469,7304092
MMM,2022-02-25,104.61533835208246,109.93991924473524,104.57186920188887,109.03437805175781,8052309
MMM,2022-02-28,108.1505579924297,108.39686331543137,106.31049640170376,107.68692016601562,5041499
MMM,2022-03-01,107.636216692322,107.9549706211547,104.42698249110579,104.86164093017578,3963424
MMM,2022-03-02,105.48464951786671,107.48408489207021,104.98479397945178,106.65098571777344,4466582
MMM,2022-03-03,107.59275378568854,108.65766861033708,106.86832085295805,107.43338012695312,4549823
MMM,2022-03-04,105.88310422972154,106.99148832230702,105.57883998559825,106.29602813720703,3869299
MMM,2022-03-07,105.57881749369717,105.57881749369717,103.28236957009473,103.79671478271484,5446584
MMM,2022-03-08,105.21660079428527,108.2809507104957,103.78222480033752,105.33251190185547,5507939
MMM,2022-03-09,107.11462931230948,108.12883676966274,106.12215643003509,106.20184326171875,3991411
MMM,2022-03-10,105.28905431997066,105.73820247457313,103.83295020429703,104.26760864257812,4537624
MMM,2022-03-11,103.93436364985449,104.66604143241697,102.02186654622498,102.11604309082031,4962682
MMM,2022-03-14,102.4710183778785,105.25283905704659,102.4710183778785,103.94161224365234,4676480
MMM,2022-03-15,104.94857145794518,105.39047475030446,103.29686279746423,104.54289245605469,3991411
MMM,2022-03-16,104.8688838656847,105.96277810661411,103.47797027588963,105.4122085571289,4561305
MMM,2022-03-17,105.26732730370736,107.00596107248835,104.42698324194848,106.9914779663086,3332893
MMM,2022-03-18,106.5423120079617,107.54202962515315,105.20211253099852,107.4478530883789,9426992
MMM,2022-03-21,107.71590203850366,108.47655925410446,106.78138805994125,107.63621520996094,5399820
MMM,2022-03-22,108.26647309268208,109.27343566595655,107.5782644482731,108.62144470214844,5085392
MMM,2022-03-23,108.44034186178648,108.50554558860075,106.8973059787518,106.98423767089844,3154091
MMM,2022-03-24,107.30299090608484,108.10711075522899,106.78140072452207,107.9260025024414,2425608
MMM,2022-03-25,108.13607407526693,109.51973616095826,107.87527902335225,108.9981460571289,2688369
MMM,2022-03-28,108.61421902558217,108.75910298529904,106.62927308198793,108.28097534179688,3205160
MMM,2022-03-29,109.3893600152702,110.78027379891687,108.69390642858329,110.17174530029297,3221067
MMM,2022-03-30,109.6284094675074,111.02656796907816,109.2227304529792,109.70085144042969,2864540
MMM,2022-03-31,108.99090290991307,109.57045188566748,107.79559388911143,107.85354614257812,3819785
MMM,2022-04-01,108.39687559532229,108.56349411535406,106.38295041782469,108.44033813476562,2626894
MMM,2022-04-04,107.98393526779724,108.67214381790019,105.82511986385364,108.32441711425781,3147633
MMM,2022-04-05,107.686926136665,109.12130222995512,107.58550473680071,107.86803436279297,2569726
MMM,2022-04-06,106.73067705260331,108.94744503903135,106.52784085164568,108.88224792480469,3235778
MMM,2022-04-07,108.22300600818205,109.0053911657258,106.89729617199833,108.6286849975586,2630004
MMM,2022-04-08,109.38935377081853,109.86023653087132,108.21577260514141,108.52727508544922,3337438
MMM,2022-04-11,108.99090680412408,110.27315416634787,108.63593519212984,108.75184631347656,2964645
MMM,2022-04-12,109.63565061241886,109.77329630555407,107.28124360541975,107.63621520996094,3125028
MMM,2022-04-13,107.5927466936906,108.0636293909815,106.90453809706887,107.69416809082031,2382552
MMM,2022-04-14,107.68692229302744,108.36788602603275,106.64373551042308,106.76689147949219,2787996
MMM,2022-04-18,106.81761497919855,107.45511627295275,105.58608154389437,105.89759063720703,2123857
MMM,2022-04-19,106.38295846863323,109.09233736444098,106.38295846863323,108.73736572265625,2746016
MMM,2022-04-20,109.2516959262184,110.47598428195663,109.0488531397372,109.09231567382812,2367960
MMM,2022-04-21,110.09928761129065,110.91065882702419,109.61391517550831,109.94715881347656,2795291
MMM,2022-04-22,109.24445501468887,109.38209408959814,107.3899036603403,108.06362915039062,3776250
MMM,2022-04-25,107.73039789265323,107.9622201436875,105.68025497714078,107.65071105957031,4104911
MMM,2022-04-26,105.33976260282338,106.47711933870976,103.49970093544026,104.4776840209961,5789118
MMM,2022-04-27,104.88336653570062,105.82512530477338,104.12270937467092,104.4704360961914,3736663
MMM,2022-04-28,104.86163738703745,107.02044640336848,104.40524438886686,106.59303283691406,3035089
MMM,2022-04-29,106.70894156671024,107.6217275426348,104.22413382996632,104.4776840209961,4966151
MMM,2022-05-02,104.6877732016462,106.85382705903022,104.15893823857724,105.70198059082031,4445891
MMM,2022-05-03,105.91931272740005,107.8318165025708,105.70923166755102,107.27400207519531,3000405
MMM,2022-05-04,107.9404727683729,112.04075811317563,107.12910820651132,111.72925567626953,4418263
MMM,2022-05-05,110.9613560890227,111.30908282171107,107.38266075312126,108.27371215820312,3965816
MMM,2022-05-06,108.136064048073,108.498280466079,106.26702971085959,108.32441711425781,2954479
MMM,2022-05-09,107.53479929510195,111.39603121420774,107.17258281400143,110.38906860351562,4979068
MMM,2022-05-10,111.56264539694614,111.59162482959371,107.31746919686137,108.02741241455078,4189827
MMM,2022-05-11,108.6576766968634,108.75909810822631,105.89034559640217,106.064208984375,3286608
MMM,2022-05-12,106.1945981769699,108.38963160872396,105.77442944436842,108.3678970336914,3371524
MMM,2022-05-13,108.8170278893644,108.91844927977691,107.1942988633066,108.15779876708984,3292947
MMM,2022-05-16,108.09984682045246,109.2661829693542,105.99175188940642,109.0271224975586,3245585
MMM,2022-05-17,110.10651910589445,110.47598037883522,109.04160442989865,110.36006927490234,2519733
MMM,2022-05-18,109.81674953682433,109.9036812160737,107.5565192660692,107.88976287841797,3538605
MMM,2022-05-19,106.9824091898037,108.95814226526666,105.45303856388317,107.53853607177734,3285053
MMM,2022-05-20,107.96295786916349,108.25565412013155,103.24314068179382,105.2481460571289,5017698
MMM,2022-05-23,105.79695903790308,106.81409110817883,105.37985556544827,105.65060424804688,3391976
MMM,2022-05-24,105.62864987028631,106.99702942792919,103.17727558386608,106.65310668945312,3156005
MMM,2022-05-25,106.4189500632291,106.95312936276173,105.04325241041282,106.68238067626953,2244772
MMM,2022-05-26,107.3775399459909,108.89227425677632,107.3482676533538,107.5970687866211,2544251
MMM,2022-05-27,108.45320497167933,109.41180568223956,108.20441054210558,109.40448760986328,2124933
MMM,2022-05-31,108.49711739203752,109.6459679953691,106.7848152574711,109.2435073852539,4956224
MMM,2022-06-01,109.27278598383236,109.38986848299425,106.54334487505571,107.14338684082031,2882838
MMM,2022-06-02,107.94830735154068,108.51175891067686,105.73840955304112,108.43126678466797,2274074
MMM,2022-06-03,107.56778733933606,107.91171004025603,106.33844463223859,106.81407928466797,2244055
MMM,2022-06-06,107.12142658554835,107.78732449835785,106.57992923840735,106.98970794677734,1884418
MMM,2022-06-07,106.42625202965749,107.56046644105722,105.24081111184827,107.47265625,2159139
MMM,2022-06-08,106.51408270798959,107.28242035825663,105.58475411225767,106.41163635253906,2046834
MMM,2022-06-09,106.47747981948848,107.70682926327189,105.4749772811886,105.5042495727539,2593287
MMM,2022-06-10,103.90901899482839,104.25294169853122,100.67467128218502,100.72589111328125,7037144
MMM,2022-06-13,100.0526838399038,101.23081350496778,99.24043780509366,99.78925323486328,4922736
MMM,2022-06-14,100.01609172195298,101.23812304633304,98.34769135356036,98.96968078613281,3199539
MMM,2022-06-15,99.34289031269063,100.01610635202877,97.36715731385027,98.2964859008789,3912236
MMM,2022-06-16,96.99394931982324,96.99394931982324,95.36945736628033,95.81582641601562,4458927
MMM,2022-06-17,95.6914297777941,96.50367578784531,94.19133832172749,95.01090240478516,8588356
MMM,2022-06-21,95.37679039504975,95.91828779780975,94.5938099092517,95.13530731201172,4459166
MMM,2022-06-22,94.22791813600142,96.29146774336347,93.80350330444422,95.4206771850586,3468639
MMM,2022-06-23,95.28164799960987,95.91095551833679,94.03035103492627,95.23773956298828,2680236
MMM,2022-06-24,96.24757216520597,98.45747016776156,96.03536805961502,98.2964859008789,4376523
MMM,2022-06-27,98.35501813461697,98.54527468524795,96.80370011360034,97.17689514160156,2856766
MMM,2022-06-28,97.95256170301408,98.47210486442434,95.2377500416812,95.36946868896484,2880327
MMM,2022-06-29,95.12797333687134,95.37677445217474,94.25718946453014,94.95967102050781,3374036
MMM,2022-06-30,94.18403342525225,95.28166440489417,93.15225843480789,94.69625854492188,3995956
MMM,2022-07-01,94.69623473763166,95.00357373841118,92.64732809698765,94.02302551269531,4450077
MMM,2022-07-05,92.9180936612511,94.71820620651819,91.90827296284105,94.5499038696289,4670739
MMM,2022-07-06,94.76210795378745,95.85242070686218,93.63520483568044,95.01090240478516,3625794
MMM,2022-07-07,95.22311825661389,95.35483022362102,93.34982500832976,95.1645736694336,4125722
MMM,2022-07-08,94.99626551620199,95.24505996525491,93.76691606268817,94.19133758544922,2620795
MMM,2022-07-11,94.19866316664776,95.50118009932548,94.06694452013629,94.40354919433594,3221067
MMM,2022-07-12,94.51331155439914,96.61344503962525,94.44013749774747,95.27433776855469,3155168
MMM,2022-07-13,93.66447776856015,94.75479052909482,93.42299471184275,93.93522644042969,2978399
MMM,2022-07-14,92.91808899300479,94.05962160333604,92.11316103954091,93.89131927490234,3020498
MMM,2022-07-15,95.03286508211282,95.37678783573104,93.84742395151905,95.2231216430664,3155766
MMM,2022-07-18,95.26701461297418,95.72801982548297,94.04498322690827,94.33036804199219,3037601
MMM,2022-07-19,95.42068935907821,96.78906897350417,95.17189488656652,96.6866226196289,3363989
MMM,2022-07-20,96.67931216991389,97.66718541837189,96.4817441972973,97.33057403564453,2398339
MMM,2022-07-21,97.35251940479363,98.04768965260176,96.86224853933437,98.01841735839844,1996244
MMM,2022-07-22,98.53063817994642,98.75016702282099,97.67449038229867,98.14280700683594,2104960
MMM,2022-07-25,98.05499680510094,98.85993144425827,97.89401254809911,98.14280700683594,2815504
MMM,2022-07-26,105.01395703420167,106.61649458055669,101.36250626734629,102.99431610107422,15011235
MMM,2022-07-27,102.16745400171375,102.5991936163729,100.66736249153479,101.61132049560547,6016239
MMM,2022-07-28,102.3723553118234,102.90653464306139,101.20155029201652,102.71627807617188,3700663
MMM,2022-07-29,103.00896813791907,105.1676394149815,102.31380462213934,104.81639862060547,4781967
MMM,2022-08-01,104.01879285786868,105.41644469453162,103.60169606738503,104.90421295166016,3415656
MMM,2022-08-02,104.3407685636652,105.05057497934082,103.63828689882908,103.7260971069336,3226449
MMM,2022-08-03,103.83584190658031,105.23349357534174,103.57972940444876,104.99932861328125,3271658
MMM,2022-08-04,104.99934621952448,108.5410334401661,104.78714211609947,108.38736724853516,7062260
MMM,2022-08-05,107.57511783570371,108.6581125712937,107.121430671414,107.8678207397461,5008130
MMM,2022-08-08,108.32150838756401,109.87282644113178,107.99221511514357,108.65079498291016,3765606
MMM,2022-08-09,108.52640165003083,109.06789902304219,107.70683751706167,108.1824722290039,3628066
MMM,2022-08-10,109.67525655587629,110.20943587577412,108.91423030447413,109.30937957763672,3046212
MMM,2022-08-11,109.76306143130908,110.81678387245367,109.30205619403978,109.51426696777344,2748767
MMM,2022-08-12,110.03381157884716,111.446099602945,109.76306289158376,111.40219116210938,2806773
MMM,2022-08-15,110.78019788515677,111.29974102157888,110.11429996133923,110.80946350097656,2796487
MMM,2022-08-16,110.10698955850744,110.72166101258054,108.94350263688614,109.95332336425781,5253430
MMM,2022-08-17,108.62151153433928,108.87763072338882,107.61900902735019,107.8824462890625,5832772
MMM,2022-08-18,107.8604946045039,107.88976689584251,106.38235072508448,107.33363342285156,6762543
MMM,2022-08-19,106.90487034543303,107.6737065684927,105.8699068089727,107.34103393554688,15204987
MMM,2022-08-22,105.92163894682443,106.21734566811091,104.2582962283843,104.67228698730469,12179346
MMM,2022-08-23,104.23612550052721,105.28588208869924,104.0217436746252,104.79057312011719,18368646
MMM,2022-08-24,104.169589144844,104.67229126614032,103.28247569031748,104.26569366455078,18454878
MMM,2022-08-25,104.2878718216867,105.91424871555391,103.96998556971246,105.53722381591797,56637298
MMM,2022-08-26,106.1877805933912,106.46130781245296,95.12840103920054,95.46846008300781,45907384
MMM,2022-08-29,95.20972584378015,95.20972584378015,92.60752386702073,93.47245788574219,60436750
MMM,2022-08-30,93.80513476332335,94.43350744731946,90.95157145328362,92.30442810058594,41236286
MMM,2022-08-31,92.29702278782372,93.48723616691206,91.38033662323896,91.9273910522461,37843952
MMM,2022-09-01,91.89043996395537,93.43550572407281,91.42470363237514,92.87366485595703,37093222
MMM,2022-09-02,93.16934871196713,93.42070314576782,89.56174949474641,89.93138122558594,14735438
MMM,2022-09-06,89.7169997537488,89.82049745603527,85.73976174575688,86.19810485839844,36757386
MMM,2022-09-07,86.22766426026486,89.6356677529174,85.7693212183063,89.11817932128906,44932165
MMM,2022-09-08,87.52139147652949,88.5563550408199,86.61209839743559,88.17194366455078,30786714
MMM,2022-09-09,89.65045392571754,91.14376033683129,88.61548381007319,91.00330352783203,31359240
MMM,2022-09-12,91.90521532568854,93.53159233117545,91.64647444921526,91.85346984863281,22690392
MMM,2022-09-13,90.27144445666913,92.1122100221913,88.88162881426713,89.05905151367188,9287538
MMM,2022-09-14,89.14776290854277,89.14776290854277,85.98371352489293,86.8856201171875,6781918
MMM,2022-09-15,87.10000411266593,87.78012897472657,85.8062929617097,86.0650405883789,4847149
MMM,2022-09-16,84.7934950298761,86.72297183059108,84.35733148185774,86.20549011230469,8685113
MMM,2022-09-19,85.76193252222369,86.42727097157086,85.22227128688994,86.22766876220703,3815599
MMM,2022-09-20,85.23705521701724,86.64165718237446,84.8304643491488,86.13896179199219,4969619
MMM,2022-09-21,86.3681146849712,87.25523475407155,84.86741520817594,84.87480163574219,4468017
MMM,2022-09-22,84.39429532015093,85.05223384061898,83.85463409235314,84.37950897216797,4398888
MMM,2022-09-23,84.07641233314307,84.40169176458215,82.51656723564315,83.52935791015625,4405705
MMM,2022-09-26,83.35932048940751,84.135543004624,82.96750927221261,83.5367431640625,4303088
MMM,2022-09-27,84.37213294284881,84.37213294284881,82.36873078718793,83.10060119628906,3975863
MMM,2022-09-28,83.91377539658521,84.80088884769428,83.58110953881852,84.4830093383789,4398649
MMM,2022-09-29,83.50719624246075,83.83247574344965,82.50179852725593,83.019287109375,2769697
MMM,2022-09-30,82.79750164454641,83.64765612012623,81.60728807697392,81.68860626220703,3722909
MMM,2022-10-03,82.5683261624336,84.290807742768,81.9916989954968,83.69939422607422,3487536
MMM,2022-10-04,84.8230881773059,85.7397745393719,84.78612229754579,85.47364044189453,3352029
MMM,2022-10-05,84.5273676624804,85.82847198056925,83.8472495500231,85.14096069335938,3061880
MMM,2022-10-06,84.5347543866173,84.97091793574951,81.47420287730952,82.14693450927734,5176408
MMM,2022-10-07,81.59248758592985,81.8808011448451,79.16770181781972,79.48558807373047,5138614
MMM,2022-10-10,80.23224843796831,80.66841201094375,79.24163724413356,80.18049621582031,3088550
MMM,2022-10-11,80.21006284213279,81.65162384899915,79.8034652527106,80.46141052246094,3462898
MMM,2022-10-12,80.26182707903291,81.09718841387222,80.02525896574932,80.5427474975586,3290196
MMM,2022-10-13,79.47079484503176,84.88959311010309,79.15291536223845,84.46821594238281,5708149
MMM,2022-10-14,84.46821576159898,85.13355416579323,83.4258524865479,84.00247955322266,4137323
MMM,2022-10-17,85.24443745319482,85.54753733078368,83.75113107700726,84.1725082397461,3592186
MMM,2022-10-18,85.5623319055569,86.05024767690671,84.60867988555432,85.71757507324219,3066544
MMM,2022-10-19,85.089204751445,85.51797514036858,83.71417549152062,84.42386627197266,3084006
MMM,2022-10-20,84.26123916587342,85.49581173821633,83.45544377507125,83.61808013916016,3758908
MMM,2022-10-21,83.64764815973287,86.44945230546779,83.57372315706499,86.35334777832031,3997630
MMM,2022-10-24,86.88561968981784,88.07583310373887,86.63426524543907,87.51399230957031,4059344
MMM,2022-10-25,83.9137678666879,87.67661664041667,83.64763385523638,87.60269165039062,5997581
MMM,2022-10-26,88.40849490732377,91.14376700648998,88.40849490732377,90.70760345458984,5535088
MMM,2022-10-27,91.2916276034068,92.0013183952137,90.2123050666009,90.78153228759766,4444934
MMM,2022-10-28,90.91459540991063,93.64247423186262,90.5671432163541,93.59072875976562,4559870
MMM,2022-10-31,93.22111066491537,93.47985155439846,92.67405618580338,92.99193572998047,5174135
MMM,2022-11-01,93.71639236368271,93.96035359518181,92.09001563313757,92.62967681884766,2549633
MMM,2022-11-02,92.43748018705656,93.7459776184731,90.67063967048367,90.82588958740234,3063793
MMM,2022-11-03,90.17533017257537,91.87563198211136,89.53956444425184,90.81848907470703,2400252
MMM,2022-11-04,92.00870669405867,92.68143832307479,91.04766150974993,92.28962707519531,2775438
MMM,2022-11-07,92.13438944437387,92.51880079559521,91.1511646785269,92.17134857177734,2289503
MMM,2022-11-08,92.67406492866363,93.62032396662373,91.6982331877678,92.66667175292969,2182461
MMM,2022-11-09,92.62229120956458,92.91060475950239,91.4616505813914,91.54296875,2131750
MMM,2022-11-10,94.37434337756396,95.55716350387856,93.79032986107416,95.47584533691406,3779001
MMM,2022-11-11,95.80112428987789,98.68424622591237,95.47584487798687,98.3072280883789,4101443
MMM,2022-11-14,97.98936626480405,98.99476395511786,96.79915267379434,96.86568450927734,3127899
MMM,2022-11-15,97.96717253008816,98.67687007284329,95.93419791726558,97.00613403320312,3008060
MMM,2022-11-16,97.17616967977877,97.17616967977877,94.92880635307016,95.17276763916016,3837127
MMM,2022-11-17,94.35004174541007,95.15031962517362,93.24312171039398,95.09796142578125,2689804
MMM,2022-11-18,95.73370963733603,95.98800044706019,94.16307266803413,94.80628967285156,3798616
MMM,2022-11-21,94.71653026475575,95.64395013808986,94.40988127974889,95.45697021484375,2575586
MMM,2022-11-22,95.84588899160792,96.23480834933144,95.22511806267744,96.18245697021484,2101492
MMM,2022-11-23,96.17498966598387,96.57138881836289,95.16529924873775,95.73371887207031,2810241
MMM,2022-11-25,96.39186657833612,97.09491466457642,96.12261629783447,96.51153564453125,1055350
MMM,2022-11-28,95.81596747909657,96.16748808553942,92.83176854649429,93.22068786621094,3317106
MMM,2022-11-29,92.80186754816226,94.49216687299752,92.74951616402313,94.3351058959961,2228268
MMM,2022-11-30,94.16306538261402,94.42484274029962,90.76751454616789,94.21542358398438,6973398
MMM,2022-12-01,95.21015611444133,96.3843939006401,93.72179641249713,94.23038482666016,3156005
MMM,2022-12-02,93.31044215729045,95.17276167057221,92.92152282005227,94.97830200195312,2178992
MMM,2022-12-05,93.5423001047437,93.83398962759323,92.94396157203953,93.21321868896484,2563148
MMM,2022-12-06,93.60213065107291,94.03592847321306,92.22596022383833,93.17581939697266,2295722
MMM,2022-12-07,92.98882737120425,95.21762684147943,92.81680694323546,94.49962615966797,3230994
MMM,2022-12-08,94.98579671245368,96.81071779834105,93.82651826105611,94.23787689208984,4527219
MMM,2022-12-09,94.82123725647364,95.3821770512968,93.99104717908536,94.05836486816406,2792540
MMM,2022-12-12,94.29770448875864,94.90352279636157,92.8916150061592,94.87360382080078,4637849
MMM,2022-12-13,96.81818335180593,97.24449458411158,94.58938370573182,95.20267486572266,3895252
MMM,2022-12-14,94.6118324337182,96.0852327739028,93.37028367835728,94.30518341064453,3702457
MMM,2022-12-15,93.33286934705896,93.54976823253484,91.05919821917968,91.53038787841797,3990454
MMM,2022-12-16,90.73011062757321,91.0965907178159,89.75781915686956,91.01432037353516,9089361
MMM,2022-12-19,90.74506822725908,92.5699957225117,90.61792625445918,91.3434066772461,2918360
MMM,2022-12-20,91.23871135274169,91.49300216262749,90.27389266948587,90.35616302490234,3471988
MMM,2022-12-21,91.11903302568278,92.62235215058831,90.87970172737467,92.33814239501953,3083408
MMM,2022-12-22,91.41073441736214,91.62015359599309,89.1520155646889,90.93954467773438,2617326
MMM,2022-12-23,90.34119912782785,90.49826691194113,88.10491967971835,89.85505676269531,3120723
MMM,2022-12-27,89.85506297827834,90.37112435219369,89.12210268365924,89.9148941040039,2166195
MMM,2022-12-28,90.01212304088328,90.4982722593248,88.44149287902763,88.47140502929688,2345356
MMM,2022-12-29,88.90519781552668,90.39355753656513,88.62846778760957,90.1766586303711,2464717
MMM,2022-12-30,89.48857339419688,89.77278315444431,88.63594411345457,89.69050598144531,2506816
MMM,2023-01-03,90.88718105299861,91.72485083010575,90.02707204736416,91.59770202636719,3124909
MMM,2023-01-04,92.25587567321729,93.70683665500191,91.77720623320849,93.60212707519531,3312561
MMM,2023-01-05,92.89908728740545,93.16833757207198,91.59022775593625,91.96418762207031,3117494
MMM,2023-01-06,93.23564174442936,95.08300853720677,92.5550397506205,94.77635955810547,2890732
MMM,2023-01-09,94.98579552319501,96.8256760743871,94.3201460724553,94.82872772216797,3434075
MMM,2023-01-10,95.03813444567989,95.87580425118018,94.76140442487844,95.8309326171875,1971128
MMM,2023-01-11,96.4292570728451,96.62371672961426,95.44948587104595,96.57136535644531,2408146
MMM,2023-01-12,96.93035758412478,97.09489825697365,95.57661984262135,96.74337768554688,2200042
MMM,2023-01-13,96.04782181636966,96.93784979688338,95.88328112235298,96.86305236816406,2025306
MMM,2023-01-17,97.05004421847377,97.15475380696697,94.52956164918099,94.6866226196289,4199036
MMM,2023-01-18,94.87359063436233,95.12788141753374,91.44064117550808,91.80712127685547,5093166
MMM,2023-01-19,91.24618028389415,91.46307234989682,88.49383286478161,88.57610321044922,5955721
MMM,2023-01-20,88.66584409180254,90.28135234014857,87.32707264730594,90.23648071289062,5230706
MMM,2023-01-23,90.20658064405734,92.66723882968124,90.05699942241614,91.70989990234375,4080991
MMM,2023-01-24,86.7885731353033,89.7503326029686,85.63677475361916,86.01073455810547,12290694
MMM,2023-01-25,85.6367858672996,86.93816560983447,84.32792638173771,84.46255493164062,7167867
MMM,2023-01-26,84.89635055750213,85.33762129736601,83.58749100020101,84.92626953125,5532218
MMM,2023-01-27,85.06089190211951,86.5941301248659,84.85895247697322,86.1977310180664,4920942
MMM,2023-01-30,85.61435192655077,86.7586707853685,84.18582328890088,84.2007827758789,7059868
MMM,2023-01-31,84.62709827283228,86.0705795288086,84.05119898926058,86.0705795288086,6065155
MMM,2023-02-01,85.67419739834904,87.31213852378453,85.0010681973079,86.65396881103516,3708557
MMM,2023-02-02,86.82596451166869,90.3860623754609,86.39217359785883,89.96722412109375,5880971
MMM,2023-02-03,88.95006319658022,89.17444183028645,87.34952108791828,87.87306213378906,3208150
MMM,2023-02-06,87.34952065500558,87.70104126476474,86.66891183908047,87.13262176513672,2974811
MMM,2023-02-07,86.62404313368592,87.6636524191206,85.8387314803721,87.43180084228516,2610509
MMM,2023-02-08,86.88581964734571,87.27473218606865,86.01823082339936,86.1977310180664,3003993
MMM,2023-02-09,87.08026707818132,87.34952417798715,84.11102748312088,84.46255493164062,4307872
MMM,2023-02-10,84.68693124468693,85.42737124700487,84.29053214154364,85.17308044433594,2720302
MMM,2023-02-13,85.53956019092051,86.47445986891358,85.11324894057236,86.22016906738281,2688130
MMM,2023-02-14,85.85368150880362,86.07057357460894,84.47750438820809,85.41988372802734,2944911
MMM,2023-02-15,85.00105420070273,85.87611587583946,84.66448624331072,85.85368347167969,3022651
MMM,2023-02-16,85.25499455312544,85.89156339783298,83.93638420304583,84.87608337402344,3223340
MMM,2023-02-17,84.84578394070644,85.66423666432486,83.87577639836931,85.6263427734375,3381929
MMM,2023-02-21,84.87609552361128,85.17922589327294,82.73903921014166,82.79208374023438,4651364
MMM,2023-02-22,83.0042803977374,83.64842814795905,82.23130033149394,82.55716705322266,3175380
MMM,2023-02-23,83.13309117387952,83.58021135467972,81.85237467703445,82.53441619873047,3520785
MMM,2023-02-24,81.92816630587186,82.25403301312748,80.90510734625884,81.69324493408203,3424028
MMM,2023-02-27,82.49652888987679,83.88334145974801,81.99636414543838,82.0494155883789,4252976
MMM,2023-02-28,81.935731252754,82.54199189719317,81.27642608652394,81.64775848388672,4043078
MMM,2023-03-01,84.14858936702615,85.1261756608103,83.16341738032835,83.51959228515625,5877981
MMM,2023-03-02,83.17098559917697,83.54231801280218,81.63260450561967,83.28466033935547,9076803
MMM,2023-03-03,83.95156913181533,84.86853227146715,83.06491419421393,84.31532287597656,3636797
MMM,2023-03-06,84.4214008975172,84.58812017560643,83.11794795345816,83.30740356445312,3373677
MMM,2023-03-07,83.36045494355533,83.3680337218134,81.11730253781346,81.15518951416016,4033869
MMM,2023-03-08,81.42042864452362,81.670507569067,80.46557178362234,81.20823669433594,4107901
MMM,2023-03-09,81.58715704375658,82.26919872274357,79.88963508246775,79.96541595458984,4142585
MMM,2023-03-10,79.98054653301091,81.08696487163166,78.61646363516857,78.85897064208984,4417904
MMM,2023-03-13,78.56343313267242,79.32883434085004,77.85107645206716,78.43460083007812,5036476
MMM,2023-03-14,79.26061579640847,79.70015022553258,76.8204228210876,77.88895416259766,5707312
MMM,2023-03-15,76.78253585638846,77.9192692663102,75.98681970346665,77.88895416259766,5850473
MMM,2023-03-16,77.13113732419978,79.13936787288887,76.90378786021913,78.97264862060547,4356550
MMM,2023-03-17,79.07874789313341,79.16211444500388,77.27513024566974,78.07084655761719,13617297
MMM,2023-03-20,78.36640502999887,79.15454263386668,78.22242207580031,79.04844665527344,3255392
MMM,2023-03-21,79.75320793164732,79.93508475411821,78.33608032284515,79.03327941894531,3137826
MMM,2023-03-22,79.05602020211296,79.23031825721701,76.91895704532864,76.94927215576172,3355378
MMM,2023-03-23,77.04021144499185,78.00264706271582,76.35816985712152,76.54004669189453,3800051
MMM,2023-03-24,76.06260910042191,76.79770204351536,75.90346861792013,76.64613342285156,4249268
MMM,2023-03-27,77.46457853514323,77.51005119550484,76.236906599629,76.91136932373047,3345690
MMM,2023-03-28,76.98716224948923,77.92686147717079,76.77497031680171,77.100830078125,2945509
MMM,2023-03-29,77.91171892691096,78.2375787509882,77.22209847034107,78.19969177246094,3853034
MMM,2023-03-30,78.62404010809439,78.75287238393115,77.69949859427737,77.88895416259766,2810241
MMM,2023-03-31,78.43460784026851,79.7153314583466,78.06327536924469,79.65470123291016,4319354
MMM,2023-04-03,79.68500262365563,80.20789673833958,78.94991658637134,79.24546813964844,4804691
MMM,2023-04-04,79.49555069682246,79.49555069682246,77.35091578614451,77.48731994628906,4154067
MMM,2023-04-05,77.57068368858974,77.88139282639472,77.05536829973293,77.51763916015625,3171792
MMM,2023-04-06,77.56311449384704,77.90413878428629,76.93412427784352,76.96443939208984,2893363
MMM,2023-04-10,76.99474835042746,78.15421148337612,76.57794322264088,77.87381744384766,3444719
MMM,2023-04-11,78.53311428135142,79.4046114180987,78.29061415766287,79.2378921508789,3530592
MMM,2023-04-12,79.57134632570065,79.68502109021878,78.57860238944869,79.09391784667969,3258861
MMM,2023-04-13,79.4500972979493,80.66261896846213,78.88173727294497,80.4428482055664,4108499
MMM,2023-04-14,80.32915950850503,81.17792038175385,79.57891583103255,80.15486145019531,3341146
MMM,2023-04-17,80.45040795241886,81.16275769612687,80.28368868239477,80.92025756835938,2911184
MMM,2023-04-18,81.26128269777443,81.31433414375489,80.2306449545318,80.53377532958984,2286872
MMM,2023-04-19,80.10181986139234,80.58682016538727,79.91994301865837,80.38978576660156,2293928
MMM,2023-04-20,79.91993829540986,80.01844857403732,78.89687247181494,79.3667221069336,4419579
MMM,2023-04-21,79.55618021294983,79.66227618742758,78.85898797344363,79.1772689819336,7644593
MMM,2023-04-24,79.60921199554042,79.80624634020019,79.08631103011514,79.61679077148438,4229056
MMM,2023-04-25,80.08666869787565,81.31434094179468,78.93477732532071,79.09391784667969,6065394
MMM,2023-04-26,78.81351720041535,79.7229083256727,77.88139665610771,77.99507141113281,3795386
MMM,2023-04-27,78.1163108596978,79.86687687765895,78.1163108596978,79.8214111328125,2862148
MMM,2023-04-28,79.80626666000015,80.6398699916086,79.68501312896552,80.49588012695312,4764505
MMM,2023-05-01,80.5868247330762,80.95815721761726,79.99572841815902,80.21549224853516,2738003
MMM,2023-05-02,79.9578352707488,80.10182514779964,77.79804243453754,78.04054260253906,3602352
MMM,2023-05-03,78.43460122959871,79.2682045245992,77.8056110983137,77.92686462402344,2459096
MMM,2023-05-04,77.71467219576517,78.04053196820536,76.35816783366539,77.17662048339844,3543987
MMM,2023-05-05,77.90413226964412,78.41944767907523,77.33576541471832,78.32093048095703,2324785
MMM,2023-05-08,78.48007609930991,78.76047013136647,77.03263327250505,77.55553436279297,2504424
MMM,2023-05-09,76.89623232559164,77.10841736675788,76.08535839150929,76.38848876953125,3733194
MMM,2023-05-10,76.83561168685154,77.07054000648431,75.47911396700576,76.46427917480469,3281944
MMM,2023-05-11,76.16112960398836,76.54004079975361,75.63065669589405,76.37332153320312,3317704
MMM,2023-05-12,76.69919601074766,76.74466176309693,75.22901682577026,75.9868392944336,2937496
MMM,2023-05-15,75.83526822227955,76.41121378069131,75.2290075560748,76.15354919433594,2878772
MMM,2023-05-16,75.7822207149399,75.81253582430551,74.26657588574453,74.27415466308594,4476748
MMM,2023-05-17,74.58486449187228,76.0171496987477,74.26657658536344,75.91863250732422,4279288
MMM,2023-05-18,75.73399623875662,76.81107626027972,75.44164604748686,76.6572036743164,3485503
MMM,2023-05-19,77.12649201075014,77.29575253677037,75.91093453146549,76.18789672851562,3229080
MMM,2023-05-22,76.07249874671935,78.50362087518269,75.64167097588353,78.24974060058594,5008011
MMM,2023-05-23,78.24973780210502,79.1190943125813,77.44192610810292,77.47270202636719,4324975
MMM,2023-05-24,77.28036672346855,77.47270217287522,74.60305839093643,74.61844635009766,4942590
MMM,2023-05-25,74.27994087324011,74.78770848383486,73.3567334176634,74.66461181640625,3731042
MMM,2023-05-26,74.6646133390814,74.96465752327657,74.14145775688216,74.57998657226562,3333730
MMM,2023-05-30,74.5722965700165,74.78002001785315,73.24133613172174,73.90296936035156,3433477
MMM,2023-05-31,73.08744616816868,73.67984044680696,71.694941232457,71.78726196289062,7405273
MMM,2023-06-01,71.9103603689157,72.76432890132635,71.07177979529602,72.53352355957031,3982082
MMM,2023-06-02,73.93373584452728,80.43467162536149,73.88757196421088,78.88059997558594,16938828
MMM,2023-06-05,77.62657005935499,78.84982158876109,75.32623857686255,75.38009643554688,7070752
MMM,2023-06-06,75.44164380703766,76.64950741769543,74.84924946179001,75.61859130859375,5351024
MMM,2023-06-07,75.94941237162024,77.826603132419,75.08774977288306,77.70350646972656,3996075
MMM,2023-06-08,77.54962051708743,77.97276123505979,76.61102538346312,77.51884460449219,3768476
MMM,2023-06-09,77.47270742800883,78.15742251674872,75.54935280347703,76.85723114013672,5398266
MMM,2023-06-12,77.20343089808642,78.81136039225804,77.09572921852764,77.90353393554688,4185880
MMM,2023-06-13,77.90353521957647,79.34989817813984,77.58041613546492,79.04216003417969,3926827
MMM,2023-06-14,79.36527318827531,79.75763802929255,77.83428371844481,78.43437194824219,3888196
MMM,2023-06-15,78.39592658518886,80.08078913913654,78.1805091501539,79.86537170410156,3375590
MMM,2023-06-16,80.20386767958352,80.69624731137563,79.37298099971527,80.4269790649414,7412210
MMM,2023-06-20,79.07292672043341,79.18832938844857,77.76504853640569,78.70364379882812,3284455
MMM,2023-06-21,78.2189595407441,78.69595115927986,77.54963247892694,78.06509399414062,3011648
MMM,2023-06-22,77.9266249750928,77.94201293684229,76.65720939148264,77.2649917602539,3103500
MMM,2023-06-23,79.47299766043288,79.62686322784661,76.53411477843387,77.48809814453125,9342315
MMM,2023-06-26,76.9341711179386,77.6188862707304,76.52642523463682,77.24960327148438,4371858
MMM,2023-06-27,76.87262187249586,77.10342724378484,75.44934080302743,75.59551239013672,6493562
MMM,2023-06-28,75.59550032020005,76.37253605407126,75.21852342199172,75.83399963378906,4539538
MMM,2023-06-29,75.47242087545382,76.51872496061728,75.33393625209833,76.3494644165039,4182292
MMM,2023-06-30,76.94186612135394,77.24191031724294,76.31870280685801,77.00341796875,6084052
MMM,2023-07-03,77.08804025730224,78.04202363592476,76.87262284405065,77.81121826171875,1913002
MMM,2023-07-05,77.54193764801994,77.98815334431296,75.83400061525063,75.88015747070312,4716306
MMM,2023-07-06,75.39546764803056,75.45701947858589,73.52597119598607,74.09528350830078,6137035
MMM,2023-07-07,74.00297615092752,76.15712914827037,73.9875881905089,74.84925079345703,4770126
MMM,2023-07-10,74.71845811900268,75.78784411842487,74.53381663910795,74.7723159790039,4506408
MMM,2023-07-11,75.96478316339594,78.49591978031334,75.6878209743799,78.41129302978516,7477392
MMM,2023-07-12,79.61148212493413,80.21926450667826,78.10357416218798,78.14204406738281,4345307
MMM,2023-07-13,78.24205181709603,79.18064721951563,78.08817923010679,79.13448333740234,2980552
MMM,2023-07-14,79.04984478281958,79.12677755481168,78.12663747880636,78.70364379882812,2650097
MMM,2023-07-17,78.39590809019732,78.56516159777094,77.54963353227507,78.2420425415039,2753312
MMM,2023-07-18,78.18049199054025,79.6576307664952,77.97277560240748,79.2498779296875,2978877
MMM,2023-07-19,79.12678743336527,79.82689048801089,78.93445196934596,79.6114730834961,2498324
MMM,2023-07-20,79.37297944506325,80.57314907025454,78.86521186283954,80.2346420288086,3428095
MMM,2023-07-21,80.14232996186927,80.42698619391221,79.41145793961333,80.26542663574219,2992392
MMM,2023-07-24,80.4192829795951,81.24247565772588,79.99614216052163,80.21925354003906,3986746
MMM,2023-07-25,82.74270149148694,85.28152550031837,82.32725462710964,84.49679565429688,10499564
MMM,2023-07-26,84.5044930849936,86.98946635215076,84.5044930849936,86.65865325927734,6691620
MMM,2023-07-27,84.9737784465353,87.04331155125602,84.9737784465353,85.5430908203125,6713746
MMM,2023-07-28,86.06624248309676,86.48168928538243,85.43538532041676,86.07393646240234,3479762
MMM,2023-07-31,86.07395881089991,86.37400302156014,85.28922887841253,85.78160858154297,8661312
MMM,2023-08-01,85.7815962520436,86.10472236017034,84.88146374944012,85.05841827392578,3414819
MMM,2023-08-02,84.24291118897261,84.55064933179321,83.21199507957569,83.78900146484375,3810934
MMM,2023-08-03,83.47356285056368,83.73513709259501,82.26569933349042,82.46572875976562,3374514
MMM,2023-08-04,82.75040208964198,83.0735212143935,80.83474120412247,81.17324829101562,3487775
MMM,2023-08-07,81.55021908411837,81.97335993062494,80.69625043067447,80.95782470703125,3001242
MMM,2023-08-08,80.25002227557898,80.31926106920983,78.89598019983063,80.10384368896484,3483350
MMM,2023-08-09,79.93459320293903,80.54237547013297,79.55761628330224,79.78842163085938,2565540
MMM,2023-08-10,80.0653838336362,81.43480689959958,79.52684036270286,79.9345932006836,2633951
MMM,2023-08-11,79.8807450658344,80.61931097089374,79.5807009118904,80.4346694946289,1947925
MMM,2023-08-14,80.13463533547639,80.25003802754915,79.16526395415387,79.56532287597656,3653062
MMM,2023-08-15,78.8959922883987,79.14987258398116,77.64196473133045,77.81121826171875,4000859
MMM,2023-08-16,77.52655845089161,78.26512438203021,77.28806612731763,77.54194641113281,3412666
MMM,2023-08-17,77.8804485966655,79.02677434250324,77.78044090144768,78.31897735595703,4071304
MMM,2023-08-18,78.06910928941728,78.46733491668213,77.7567688978979,78.092529296875,3150742
MMM,2023-08-21,78.0847227123216,78.16280603140093,76.9368786842459,77.45223999023438,2754029
MMM,2023-08-22,77.82704200335506,77.86608722359962,76.60892375724724,76.92125701904297,3097879
MMM,2023-08-23,77.10867528415585,78.22529043155666,76.28878962001886,77.81143951416016,3904820
MMM,2023-08-24,77.51470582258756,78.60789367331122,76.90564310396486,76.9134521484375,2272400
MMM,2023-08-25,77.28826681287143,77.62403438930247,76.5386554562421,77.26484680175781,2617566
MMM,2023-08-28,82.2310387806437,82.49652495665241,80.10713512249077,81.30182647705078,9135646
MMM,2023-08-29,81.98114782537654,83.43352315641924,81.89525546507748,82.43404388427734,6270867
MMM,2023-08-30,82.37157047140576,82.65267468105115,80.90357707100861,81.55949401855469,3915584
MMM,2023-08-31,82.72297405101999,84.58919347678736,82.37158836883519,83.2929916381836,7781296
MMM,2023-09-01,83.78492241091165,84.56576994992395,82.85571013446548,83.51162719726562,4354038
MMM,2023-09-05,83.39448698897812,84.53452195662962,83.06652850340257,83.43352508544922,5817583
MMM,2023-09-06,83.1758519948287,83.40230004039455,82.25444884825112,83.05872344970703,3210423
MMM,2023-09-07,82.91036006134668,83.38667612820929,81.9577208025812,82.73076629638672,3476652
MMM,2023-09-08,82.83227676361906,83.07434290251278,82.31692255669073,82.95721435546875,3317824
MMM,2023-09-11,83.55065799418001,84.50329019847442,83.38668230533743,84.24561309814453,3398314
MMM,2023-09-12,83.98012186528103,84.95618114457423,83.60531624203891,83.67559051513672,3823134
MMM,2023-09-13,83.65999252445323,83.91766967107435,78.48297257839566,78.90463256835938,9059820
MMM,2023-09-14,79.33409276226854,80.87236067451845,79.02956137290758,79.89630126953125,5004184
MMM,2023-09-15,79.5605306647483,79.96657250174309,78.5922803419335,78.91242980957031,7178631
MMM,2023-09-18,78.91242289809314,79.56833274076918,78.17061356854154,78.89680480957031,5141006
MMM,2023-09-19,78.87337593720981,79.06077874526974,77.98320903640503,78.26432037353516,3192483
MMM,2023-09-20,78.12376799213796,78.7874868923638,77.28825723976193,77.29606628417969,2936300
MMM,2023-09-21,76.95250341452407,77.47567381007721,76.05452735500975,76.12480163574219,4252856
MMM,2023-09-22,76.20288354322999,76.36685922156884,75.42984516671781,75.7734146118164,4172724
MMM,2023-09-25,75.40641239533213,75.66408945988745,73.21222788715929,74.0165023803711,5315263
MMM,2023-09-26,73.68075915630106,74.26639481437697,73.1029325436695,73.30594635009766,4159927
MMM,2023-09-27,73.50115245011521,73.68855527594384,72.6890759132048,72.97798919677734,3669089
MMM,2023-09-28,72.65784741145049,73.27471926792681,72.15810411475395,72.82182312011719,4883866
MMM,2023-09-29,73.39964283523263,73.66512896159377,72.8920905899538,73.10292053222656,3640744
MMM,2023-10-02,72.34549137844355,72.48604704491441,69.73746306760074,70.44803619384766,9823466
MMM,2023-10-03,70.08103924041039,70.22939682499498,68.83948675606531,69.3314208984375,6428620
MMM,2023-10-04,69.18306778500057,69.38608869021401,68.1757723033678,68.73017883300781,7799475
MMM,2023-10-05,68.71456426409752,68.901967090042,67.58233113855525,68.58181762695312,5812799
MMM,2023-10-06,68.24605372028424,69.6593911602517,67.41055000373115,69.02690124511719,5331888
MMM,2023-10-09,68.76921735730794,69.55787384975733,68.6755159485536,69.5344467163086,2822082
MMM,2023-10-10,70.27625724214793,71.0492956585592,69.65938546792535,70.77599334716797,4435844
MMM,2023-10-11,70.90092947673946,71.04148515184907,70.08104393456185,70.58078002929688,2536955
MMM,2023-10-12,70.6901125333229,70.6901125333229,69.07376115988261,69.51103210449219,2796128
MMM,2023-10-13,69.65157863684264,70.15913092764693,68.91758542017256,69.24553680419922,2809284
MMM,2023-10-16,69.43295019678865,70.38558256447108,69.14403686806392,70.22941589355469,3186862
MMM,2023-10-17,69.6281492140914,71.0883336796253,69.55787493768665,70.70571899414062,2535759
MMM,2023-10-18,70.05762396791981,70.12008920489157,68.81607839844698,69.02690124511719,3214130
MMM,2023-10-19,68.71457602631598,69.34705889088367,67.94933937683886,67.98057556152344,3667295
MMM,2023-10-20,67.70726638436678,68.18358247755496,67.45739833344732,67.58232879638672,3056258
MMM,2023-10-23,67.15286315579985,67.80096394249327,66.6453109131892,66.84052276611328,4158014
MMM,2023-10-24,70.36214792578802,70.924356374276,69.04251204318203,70.36995697021484,7675928
MMM,2023-10-25,69.80774393627168,70.59640045174754,69.26115355675253,69.79994201660156,4618593
MMM,2023-10-26,70.08886220345983,70.7057341088831,68.94882694790591,69.22212219238281,4623975
MMM,2023-10-27,69.58911439683908,69.68281581147647,67.91029085329816,68.33975982666016,3962109
MMM,2023-10-30,68.76139347464886,70.06541099637059,68.5427545263891,69.90142822265625,3161626
MMM,2023-10-31,69.87021473052525,71.50218391289519,69.81555141877202,71.01805877685547,5555659
MMM,2023-11-01,71.1820308881911,71.33039560188884,69.94048549480178,70.7135238647461,4181934
MMM,2023-11-02,71.52561005629968,72.15028373526128,71.08833206849008,72.08000946044922,3144404
MMM,2023-11-03,73.02484330942623,74.03994798373614,72.67346475872596,73.29033660888672,3266396
MMM,2023-11-06,73.26689981001255,73.33717408587678,72.59537185442812,73.02483367919922,2578217
MMM,2023-11-07,72.5563375948945,72.97018851814873,72.28304236964723,72.73593139648438,2636223
MMM,2023-11-08,72.93112695509403,72.93112695509403,71.26792171390302,72.08781433105469,4142466
MMM,2023-11-09,72.29084481624356,72.78277902679872,71.56465350540839,71.60369873046875,2540543
MMM,2023-11-10,71.83795334736554,72.66564796466274,71.57246007621515,72.4704360961914,2864420
MMM,2023-11-13,72.38453328677964,72.72029366209021,71.7754706350035,72.37672424316406,2551307
MMM,2023-11-14,73.39964602894106,74.5631081591053,73.34498271743395,74.15706634521484,3972394
MMM,2023-11-15,74.52406894142577,75.89836113377073,74.52406894142577,75.60163879394531,4533079
MMM,2023-11-16,76.05372527113265,76.49788452580307,75.27645381262383,75.91096496582031,3661913
MMM,2023-11-17,76.3471724203592,76.41855979836957,75.35575343073636,75.61749267578125,9073693
MMM,2023-11-20,75.36369833609616,75.54611830364571,74.91954631560564,75.33197784423828,3986627
MMM,2023-11-21,75.04643645563402,75.15747626072363,74.34848437306594,74.54676818847656,3239605
MMM,2023-11-22,75.32404082939591,75.96647663859798,75.05436962523132,75.64129638671875,2863463
MMM,2023-11-24,75.58577136421042,76.12510652466919,75.44301107040567,76.10131072998047,1267640
MMM,2023-11-27,76.14095767515124,77.2989399912608,76.09337332635951,76.98961639404297,3939504
MMM,2023-11-28,76.87064615683867,78.59968411495485,76.56925448476937,78.13172912597656,5184182
MMM,2023-11-29,78.71866143235886,78.87729284396515,77.82241820128483,78.10002136230469,3087594
MMM,2023-11-30,78.23483065782719,79.37694904160234,77.93343901016625,78.57588195800781,7190950
MMM,2023-12-01,78.39348227013521,79.48007742091666,77.85414704243802,79.19454956054688,3329425
MMM,2023-12-04,79.5831899585168,82.3115722751881,79.49594593251261,82.04190826416016,6016119
MMM,2023-12-05,81.49463510890277,81.69291894544875,80.45563156872747,80.65391540527344,3675786
MMM,2023-12-06,80.63803320308152,82.15292339620848,80.60630548055646,81.5263442993164,4285029
MMM,2023-12-07,81.73258093864874,82.19259684717586,81.21704150149301,81.91500091552734,2831650
MMM,2023-12-08,81.98636627197266,83.20779683532888,81.69290652797761,81.98636627197266,4119024
MMM,2023-12-11,82.24810429124994,82.6526038292088,81.47083293977244,81.81980895996094,4169136
MMM,2023-12-12,82.16084920774463,82.27188900093043,81.16943747413787,81.34392547607422,5590463
MMM,2023-12-13,80.89977172173343,82.65260550072452,79.0834969669058,82.6367416381836,7142512
MMM,2023-12-14,83.2633165440221,85.36512642587732,83.24745268091044,84.89717864990234,6894342
MMM,2023-12-15,84.34990340353154,85.28580610216348,84.04058705141368,84.84957885742188,13255507
MMM,2023-12-18,84.86543547304711,85.10337890207435,83.80263644686124,83.96919250488281,3616704
MMM,2023-12-19,84.36577530661094,84.66716699383073,83.98507154110466,84.27059936523438,3151101
MMM,2023-12-20,83.91368240556021,84.2864541995903,82.19257647643728,82.22430419921875,3883890
MMM,2023-12-21,82.66052886461057,83.77885154694954,82.57328485920306,83.72333526611328,2624263
MMM,2023-12-22,83.97713744846982,85.19063609766549,83.87402957820161,84.33404541015625,2728913
MMM,2023-12-26,84.31024822348844,86.12652280853806,84.2864524319014,85.74581909179688,3332176
MMM,2023-12-27,85.65859434791507,86.53104176775392,85.40479422542477,86.24551391601562,2922785
MMM,2023-12-28,86.18206182577636,87.38762863710485,86.17412989382045,86.99899291992188,3360282
MMM,2023-12-29,86.84828815922782,87.21312805831744,86.25343672175715,86.70552062988281,2887622
MMM,2024-01-02,86.15033836219402,87.76833676666038,86.0155099865982,87.24486541748047,3321053
MMM,2024-01-03,86.6341385432373,86.81655848869602,84.70682398181475,85.49202728271484,3547575
MMM,2024-01-04,85.7220391257316,86.72139018525323,85.4285793534698,85.79342651367188,3319976
MMM,2024-01-05,85.6427218717399,86.84035668445237,85.30167776527485,86.12653350830078,1991579
MMM,2024-01-08,85.86480326843908,86.41999506303101,85.33340003172215,86.34068298339844,2535042
MMM,2024-01-09,85.81721317349566,86.68966777614594,85.1430496291274,86.53103637695312,2939768
MMM,2024-01-10,86.46758580370876,86.54689788256222,85.53168300917908,85.89653015136719,2391761
MMM,2024-01-11,85.89653915087013,86.45173099817647,85.03201641301489,86.3882827758789,3212217
MMM,2024-01-12,86.78484001212067,87.3717595185752,85.57134134181719,85.7537612915039,3490526
MMM,2024-01-16,85.39685792950914,85.7141134942843,84.61165456805999,85.37306213378906,3631534
MMM,2024-01-17,84.74647270639989,85.38891569030763,83.69953742989796,84.13575744628906,3156842
MMM,2024-01-18,84.33405916582318,84.6592466923507,83.54885573230817,84.42131042480469,2981748
MMM,2024-01-19,84.6592321091095,85.94411089145459,83.35848946422772,85.46823120117188,3910322
MMM,2024-01-22,86.05515751777442,86.7769126602968,85.18271014352804,85.67445373535156,5879656
MMM,2024-01-23,79.99559272717985,79.99559272717985,74.64193742891652,76.22027587890625,32544236
MMM,2024-01-24,76.64857375810867,76.96582932226808,73.54741997786455,73.95191955566406,11202454
MMM,2024-01-25,74.38020489289303,76.36304304781586,74.24537653014315,76.12510681152344,7322988
MMM,2024-01-26,76.3154532996191,76.85478118681374,75.97440197673394,76.13302612304688,4449359
MMM,2024-01-29,76.14095301773764,76.84684417274939,75.69680109514185,76.44234466552734,4544800
MMM,2024-01-30,76.27579211466428,76.5454560528532,75.17333333212673,75.94267272949219,3827798
MMM,2024-01-31,76.09336584064555,76.09336584064555,74.68158358315033,74.83228302001953,8260533
MMM,2024-02-01,74.86402088137638,76.15683172294248,74.50711288763118,76.06958770751953,3943571
MMM,2024-02-02,75.56991560584262,75.6650915576412,74.78471219421323,75.2447280883789,4440030
MMM,2024-02-05,74.75297568012309,74.75297568012309,73.42843733407669,73.54740905761719,5354372
MMM,2024-02-06,73.55534984016712,74.43572912085291,73.28567863777896,74.36434173583984,4453186
MMM,2024-02-07,75.0305787795415,75.1178227886415,74.15813145137773,74.42779541015625,4521956
MMM,2024-02-08,74.67366450636099,74.85608445831596,73.53155320516613,73.9201889038086,4741303
MMM,2024-02-09,73.92018681343674,73.99949888980511,73.27774379680925,73.68224334716797,4388244
MMM,2024-02-12,73.85674700728569,75.39542607034468,73.80122348149273,75.05437469482422,4893673
MMM,2024-02-13,73.99950504602376,74.54677216910511,72.48461458898902,73.49189758300781,5496338
MMM,2024-02-14,73.7615600509798,73.9519191782352,73.103260367511,73.30154418945312,6024132
MMM,2024-02-15,73.77726414045163,74.63194791665677,73.46280272474164,74.48681640625,4559391
MMM,2024-02-16,74.06753889502278,74.22073409365628,73.54343650453876,73.57569122314453,5345522
MMM,2024-02-20,73.45473757556044,74.57550802736785,72.98707362225626,74.0352783203125,5174614
MMM,2024-02-21,73.88209242103379,74.15624285451622,73.35799731130568,73.94660186767578,4061855
MMM,2024-02-22,73.82563790386244,74.51906280234765,73.48698545500488,74.3658676147461,5083837
MMM,2024-02-23,74.49489159149918,74.93836462893283,74.10786432258354,74.6480941772461,3774217
MMM,2024-02-26,74.32554869268853,74.58357170638146,73.72888058990925,74.0352783203125,3914388
MMM,2024-02-27,74.1804139583216,74.46262063940796,73.76113209733796,74.42230224609375,2736807
MMM,2024-02-28,74.18041962756205,74.68839463528792,73.71275565886012,73.74501037597656,3543030
MMM,2024-02-29,74.18041911001765,74.41424373536566,73.664380426613,74.27717590332031,6169446
MMM,2024-03-01,74.21266691252514,74.21266691252514,73.28541001270638,74.06753540039062,4064128
MMM,2024-03-04,73.45475401900859,74.05948593617568,72.95484259511205,73.72889709472656,6678703
MMM,2024-03-05,73.91432664290431,75.30117635781757,73.83369721433884,74.73676300048828,5251636
MMM,2024-03-06,75.38181867774458,75.54307754671399,74.12397301324572,74.59969329833984,3591349
MMM,2024-03-07,75.02704480146073,75.22862208230606,74.26911775702094,74.68033599853516,3751613
MMM,2024-03-08,75.38182851288879,76.38971496887638,75.13186914026508,75.71240997314453,4925846
MMM,2024-03-11,75.77692035965349,76.16394758639767,75.35763841155644,75.83335876464844,4206571
MMM,2024-03-12,80.7921676670494,81.31626278375653,78.33292155802758,79.59883117675781,16737302
MMM,2024-03-13,80.40513876928999,83.92870975900681,79.98585679858947,83.91258239746094,12935338
MMM,2024-03-14,83.3400895322264,84.29153755212235,82.43702359213955,83.14657592773438,8282539
MMM,2024-03-15,83.0498191625633,85.09784672795237,82.87243291792845,84.66243743896484,32098966
MMM,2024-03-18,84.28347029160979,85.7025749025128,84.19477717309985,84.50117492675781,6622491
MMM,2024-03-19,85.2994194414944,86.27505109207627,84.29959675229351,84.92045593261719,6987869
MMM,2024-03-20,84.65436754255028,87.96829697431829,84.2109019635283,87.17005157470703,8390299
MMM,2024-03-21,87.24262661694281,88.04087945888344,86.91204515668055,86.97654724121094,7886663
MMM,2024-03-22,86.75884178052078,87.17812371948976,86.07348046830107,86.09767150878906,5321243
MMM,2024-03-25,85.38811557990904,86.12185894237457,84.48504965586382,84.5334243774414,6680019
MMM,2024-03-26,83.90451307381502,84.39636078102048,82.56603780137428,82.7514877319336,7279693
MMM,2024-03-27,83.04981895015744,84.46892361835113,83.04175527020628,84.33185577392578,4641676
MMM,2024-03-28,84.34797591700516,85.67838746532513,84.33185591444818,85.52519226074219,5245776
MMM,2024-04-01,87.80366273572189,90.97635302914432,85.08420865752234,90.66776275634766,13004800
MMM,2024-04-02,89.78057046852507,91.05350631774036,88.62335873555581,89.52983856201172,8912000
MMM,2024-04-03,90.01200127909792,91.32351168708414,89.20195462806805,89.86735534667969,6060200
MMM,2024-04-04,91.12101367827917,92.25894178050345,87.01290671984277,87.31185150146484,5864200
MMM,2024-04-05,87.20575700988867,88.16045691983939,86.34749017088934,87.78436279296875,3514000
MMM,2024-04-08,87.94830725779136,89.57805351828264,87.94830725779136,88.65228271484375,3706700
MMM,2024-04-09,88.81621095472585,89.8769894362246,88.7197778850208,89.30802917480469,4236600
MMM,2024-04-10,88.50761656469271,89.40445804987819,87.34075955405291,89.32730865478516,3494900
MMM,2024-04-11,89.52981530104672,90.22414510338182,89.18265775725003,89.85769653320312,2993700
MMM,2024-04-12,89.45268766717048,89.50090052614479,87.9000908751801,88.05438232421875,3590800
MMM,2024-04-15,88.70050162805161,89.47197360754701,87.51435343515776,88.04474639892578,3674800
MMM,2024-04-16,87.69757894199786,88.07367308476042,86.95502881381498,87.80365753173828,3037000
MMM,2024-04-17,88.4594156924989,88.82586433276887,87.10933052498872,87.71686553955078,3421600
MMM,2024-04-18,88.1411733541041,89.13444796509867,87.63007145581537,88.21832275390625,3069400
MMM,2024-04-19,87.98688125815279,89.10552556839745,87.85187347689876,88.98015594482422,3588500
MMM,2024-04-22,89.24053095527658,89.40446791991906,88.43047693211427,89.31768035888672,2992900
MMM,2024-04-23,89.66484413565492,90.68704796921067,89.48161614383946,89.68412780761719,3729800
MMM,2024-04-24,89.28875137892018,89.9059393027165,88.1604688456807,88.73907470703125,3813400
MMM,2024-04-25,88.32440062704455,88.71978581274875,87.41792086197091,88.15082550048828,2954800
MMM,2024-04-26,88.2376113938936,88.90301212925581,87.83258805818274,88.55584716796875,4520900
MMM,2024-04-29,88.2954788686882,89.3176901855553,88.2954788686882,88.87409210205078,4905000
MMM,2024-04-30,92.31679668287383,94.35155889111304,90.43631856930732,93.06898498535156,16731900
MMM,2024-05-01,94.60228687406,96.14523811770137,93.81152390185805,94.93016815185547,11062600
MMM,2024-05-02,94.46728277518984,94.89159714271301,93.20399254490134,93.35828399658203,6317100
MMM,2024-05-03,94.10084136982627,94.68909274913626,93.38722035918524,93.68617248535156,4818500
MMM,2024-05-06,93.62829086152394,94.26476235371135,93.09790530873924,93.1461181640625,4329500
MMM,2024-05-07,93.14611843384289,93.71508604432846,92.1142691525817,92.13356018066406,4409000
MMM,2024-05-08,91.98891730669185,93.00148303179871,91.6224686627554,92.91468811035156,3489900
MMM,2024-05-09,92.66396266082964,93.90796933399594,92.48074200480946,93.85975646972656,2584200
MMM,2024-05-10,95.03625368358172,96.10667779649522,94.66979767824805,95.40270233154297,4157900
MMM,2024-05-13,95.47020848854591,98.11251320887165,95.47020848854591,96.07774353027344,5578700
MMM,2024-05-14,96.36704257065368,97.59175807343777,96.24168030891107,96.5116958618164,2973100
MMM,2024-05-15,96.61777462159978,98.0450017915754,96.57919992006367,97.63033294677734,4203300
MMM,2024-05-16,98.09323236034696,101.46844184856054,97.96786272778044,101.12127685546875,8384500
MMM,2024-05-17,101.45878356889381,101.95060180679661,100.94768165929979,101.50700378417969,5396500
MMM,2024-05-20,101.46843152550588,102.25919451657147,100.89946387240087,101.45878601074219,3962700
MMM,2024-05-21,101.15018992436093,101.29484320799031,98.99005825624299,99.46258544921875,4603000
MMM,2024-05-22,98.98041288415904,99.43365640674176,97.35066677717982,97.87141418457031,3807800
MMM,2024-05-23,97.51213957008744,97.60924239166773,96.04586992474319,96.62849426269531,3845500
MMM,2024-05-24,96.91979704747459,97.60923667130172,96.46340566347651,96.78385162353516,2602000
MMM,2024-05-28,96.67703251320391,97.2111090923627,94.98741987586378,95.82251739501953,4360900
MMM,2024-05-29,94.96799519698288,95.06509800182647,93.95810972797743,94.73493957519531,4826600
MMM,2024-05-30,94.86119581393719,95.38555993828317,94.08435842783861,95.3564224243164,4520300
MMM,2024-05-31,95.22046338653428,97.34704968553699,94.5989965298478,97.240234375,21754400
MMM,2024-06-03,97.46358312744819,97.87141938661149,96.1041215217674,96.87124633789062,4508100
MMM,2024-06-04,96.1332609413842,96.52167963900307,94.85148442517122,95.75455474853516,4988100
MMM,2024-06-05,95.95845721503369,96.76442458438831,95.0359694413661,96.1915054321289,3115400
MMM,2024-06-06,95.93904591947296,96.6673281281477,95.31757902741477,95.37583923339844,2510000
MMM,2024-06-07,96.62848559492483,99.00753784835288,95.55062733258778,97.93939208984375,5636700
MMM,2024-06-10,97.52184271622559,98.89100940859922,97.37618479359784,97.74518585205078,3506200
MMM,2024-06-11,97.20139668091112,98.53172817396188,96.3565940656737,98.38607025146484,2831500
MMM,2024-06-12,99.648432880477,100.67773606449506,97.84229235214383,98.27925872802734,3704600
MMM,2024-06-13,99.06580505523107,99.82322482947006,97.8228711823316,98.5997085571289,5034700
MMM,2024-06-14,97.58981468284139,98.48317240240284,96.43427122285169,97.97823333740234,2685000
MMM,2024-06-17,97.08488828225325,98.50261025913883,97.02662066096302,97.61895751953125,3490000
MMM,2024-06-18,97.17227025606739,98.53173190337914,97.16255775194139,97.85199737548828,3446200
MMM,2024-06-20,97.35675560576166,99.37651904918624,97.2887829044224,98.71621704101562,3476600
MMM,2024-06-21,98.97840810748568,99.47364208594517,98.02678275755076,99.42508697509766,7865800
MMM,2024-06-24,99.2211633141833,100.50293963933164,98.7356418666503,100.00770568847656,2948000
MMM,2024-06-25,99.90090023756323,100.19221609822367,98.35694543808519,99.09494018554688,5115700
MMM,2024-06-26,98.67738914849865,98.85217717920727,97.65779106795341,98.5123062133789,2356100
MMM,2024-06-27,99.007526546707,101.02729742111364,98.69679313591126,100.18248748779297,4338300
MMM,2024-06-28,100.02714334501263,100.95934375315001,98.71623675258412,99.23088836669922,6196500
MMM,2024-07-01,99.88147903601723,100.45439082392964,97.30821372120202,97.6966323852539,2705600
MMM,2024-07-02,97.64808044778395,98.97841200764678,97.55097763073243,98.6773910522461,2291300
MMM,2024-07-03,98.35694508835307,99.19204265024214,97.7646082733278,98.6773910522461,1230800
MMM,2024-07-05,98.46375546459255,98.71622870302278,97.72576075681864,98.38607025146484,3059600
MMM,2024-07-08,98.57057839627748,99.76495715439991,97.70635070675142,98.17244720458984,2338700
MMM,2024-07-09,97.92968205494701,98.52201885939805,96.58964542323005,96.80327606201172,2809300
MMM,2024-07-10,96.91978888463929,98.88129967936754,95.41467684393999,98.7259292602539,4519500
MMM,2024-07-11,99.41537598644811,101.25064659571534,98.85217669776989,100.24076843261719,4581100
MMM,2024-07-12,100.78455248572972,102.25082947012193,100.68744966874688,101.02731323242188,3381000
MMM,2024-07-15,101.86241860338623,101.95952142781384,99.59988649271703,99.74554443359375,3316600
MMM,2024-07-16,97.94910357341911,100.6874443552598,97.94910357341911,100.31844329833984,3609000
MMM,2024-07-17,99.88147670991653,101.76530237119111,99.71640118929155,101.60993194580078,3567900
MMM,2024-07-18,101.20209419341307,102.4644455429051,100.44468190202396,101.00788116455078,3023800
MMM,2024-07-19,101.71674159874581,101.71674159874581,100.14364946735353,100.91077423095703,2884900
MMM,2024-07-22,101.04672911588843,101.99835448648264,99.43480163763977,101.93038177490234,2686600
MMM,2024-07-23,101.959504984676,102.22168330919577,101.1535375958121,101.69732666015625,2172600
MMM,2024-07-24,101.53224914378913,102.05661322922698,100.09510971715486,100.26018524169922,3252000
MMM,2024-07-25,99.74552882230013,101.75558734808436,98.82303361344218,100.39612579345703,4598100
MMM,2024-07-26,109.42682910246157,124.32262394967123,109.42682910246157,123.47782135009766,32748900
MMM,2024-07-29,124.29349443571132,124.92466641036701,120.53555564783257,121.53573608398438,10816700
MMM,2024-07-30,122.20574892388291,123.9924717333491,120.51613633233697,123.0796890258789,6746500
MMM,2024-07-31,122.96316410582897,124.87612728026318,121.7008127362954,123.85652923583984,6889900
MMM,2024-08-01,123.80797332348173,124.23523458252403,120.82687183077668,122.80780029296875,5563700
MMM,2024-08-02,122.1669127715242,124.05073848994884,121.16673970525787,121.61341857910156,4021400
MMM,2024-08-05,116.10761314689798,121.69111048986537,115.85513988832255,121.00167083740234,6669700
MMM,2024-08-06,119.78786496697867,122.47765081487837,119.16639804020465,121.2735595703125,4334300
MMM,2024-08-07,121.75907622637365,122.90490721612086,119.13726319636947,119.27320861816406,3410100
MMM,2024-08-08,118.90420407191034,122.09893620752638,118.64202573997073,121.50659942626953,2932900
MMM,2024-08-09,121.03079322933762,121.03079322933762,119.7684344253799,120.57440185546875,3247700
MMM,2024-08-12,120.40933161036999,120.49672192402153,118.99160972397398,119.7878646850586,2585800
MMM,2024-08-13,119.85583696277723,121.76879284498803,119.18581492667069,121.7202377319336,3056600
MMM,2024-08-14,121.35123098910725,123.36128947242574,121.02107255453728,122.5164794921875,3252800
MMM,2024-08-15,123.63318436500275,124.23523364287516,122.51648352452355,123.47782135009766,3359900
MMM,2024-08-16,123.06998147424022,123.65260576285688,122.37082936451232,123.37100982666016,3812600
MMM,2024-08-19,123.40013122558594,124.1478309850176,122.86605467708529,123.40013122558594,2243600
MMM,2024-08-20,123.31274998690917,124.36148562609502,123.20593466293978,124.00218963623047,2792900
MMM,2024-08-21,124.13812023034849,126.22587134626883,123.9633396212529,125.48786926269531,3664600
MMM,2024-08-22,125.36165062482148,125.99282261480577,124.5848133023442,124.87612915039062,2300400
MMM,2024-08-23,125.48789223934742,126.866771625681,125.11890594693851,126.7696762084961,2618800
MMM,2024-08-26,126.52561903566513,128.79057596785745,126.52561903566513,128.7222442626953,3915800
MMM,2024-08-27,128.20477833481505,129.47392726521406,127.84354550213222,128.28286743164062,2878500
MMM,2024-08-28,128.2828749228962,129.47393482602325,128.03880551482615,128.48789978027344,3274000
MMM,2024-08-29,128.52694545791567,130.02064905665634,128.22430177274546,129.75706481933594,2992600
MMM,2024-08-30,129.91326238631154,131.7877135186069,129.4641681529845,131.4948272705078,6092800
MMM,2024-09-03,129.85467413145795,130.60641203093667,127.12110885483258,127.74592590332031,4024100
MMM,2024-09-04,128.07787270098183,129.70825465778208,127.74594186118628,129.0150909423828,3300700
MMM,2024-09-05,128.79053594188838,129.7961006526705,127.59947610831493,128.28286743164062,2726000
MMM,2024-09-06,127.40423805133645,128.96628830800998,124.98307356062622,125.54931640625,3562200
MMM,2024-09-09,126.3205591994891,127.87283702215638,125.14902904835934,125.41262817382812,3616300
MMM,2024-09-10,125.79338486805045,127.0723062437468,125.41263716920334,127.00395965576172,2732500
MMM,2024-09-11,126.42796171136997,127.28709085137027,124.10442347485807,127.14064025878906,3283800
MMM,2024-09-12,127.20899289443963,129.57158324492212,127.01374032519952,128.89794921875,3978800
MMM,2024-09-13,128.75149616417605,130.20614027126612,128.23407022185603,130.02064514160156,2670100
MMM,2024-09-16,130.80170348699843,132.07086768412245,130.65526776675327,131.41676330566406,3069300
MMM,2024-09-17,130.90906661656115,131.24099744258754,129.17129358993512,130.4014129638672,3969000
MMM,2024-09-18,130.0987468970462,131.09455421467288,128.63433050510676,130.19638061523438,2960900
MMM,2024-09-19,131.21170637068172,132.10989489165698,130.15733964865984,130.6649932861328,2691500
MMM,2024-09-20,129.854678892765,131.74865983016772,129.6203818014997,131.57293701171875,11579600
MMM,2024-09-23,131.50459885499905,132.8616242171796,131.4948414411758,132.42230224609375,2638400
MMM,2024-09-24,133.2326050336862,134.66773429495322,133.11545648886897,133.96481323242188,3145300
MMM,2024-09-25,133.9745570236713,134.61890374828,132.81278441631054,133.35951232910156,3579900
MMM,2024-09-26,134.296764696745,137.38180595716221,134.28700728211408,136.13217163085938,4111100
MMM,2024-09-27,135.70259198254564,135.98570594359427,133.79885356359227,134.0429229736328,2956100
MMM,2024-09-30,134.56035184456198,134.67750039693718,132.0220239664567,133.4571533203125,3814000
MMM,2024-10-01,132.77377224971065,134.08198084222929,131.69986078014097,133.80862426757812,3050500
MMM,2024-10-02,133.9648306263487,133.9648306263487,132.1587108762361,132.21728515625,2624900
MMM,2024-10-03,131.7974696312961,132.38324212171605,130.66498409478461,131.5826873779297,2504900
MMM,2024-10-04,132.6175361196681,132.70539752214606,130.87000589530612,132.06106567382812,2387300
MMM,2024-10-07,131.5241258917462,132.06108157735173,130.6552393811535,131.6510467529297,2254200
MMM,2024-10-08,131.28980242779443,131.83651547927892,130.13780205456837,131.4948272705078,2882100
MMM,2024-10-09,131.3972161175427,132.32467698176478,131.04575553883777,131.8072509765625,2671400
MMM,2024-10-10,131.24102796040387,131.29961714639836,129.7766111437237,130.29405212402344,3060100
MMM,2024-10-11,130.23545526322633,131.66082743539755,129.94258383460385,131.55343627929688,3103600
MMM,2024-10-14,131.21172092017787,132.67613751480852,130.8505029271501,132.53945922851562,2207900
MMM,2024-10-15,132.7737767814353,133.70123768400114,131.79749901098356,132.5101776123047,2465800
MMM,2024-10-16,132.38327019573006,133.79886996816364,132.11967102945928,133.115478515625,2021100
MMM,2024-10-17,133.36929548300841,133.41811234674566,131.9146363658043,132.4613494873047,2328500
MMM,2024-10-18,132.47111400106988,132.89090623150807,131.1043163809515,131.9341583251953,2791400
MMM,2024-10-21,132.07086100681036,132.61757419717526,130.5771571485573,131.64129638671875,5940600
MMM,2024-10-22,136.86435638926127,137.98706964807369,127.716640227259,128.60504150390625,13082300
MMM,2024-10-23,128.1071635127608,129.015094641199,122.9231312069921,124.87568664550781,8116200
MMM,2024-10-24,125.00258151070496,125.88124031804367,122.88406828420487,123.46983337402344,5084900
MMM,2024-10-25,123.59674627831549,124.02631081834544,121.54656474814864,121.79063415527344,3774600
MMM,2024-10-28,123.645561028416,127.69711460720715,123.06955336426246,127.19920349121094,5239200
MMM,2024-10-29,125.94957319618216,127.1211182837047,124.73899100599631,126.20341491699219,2820400
MMM,2024-10-30,125.93981588253841,126.37913784230062,124.39729541977019,124.53397369384766,2737200
MMM,2024-10-31,123.98726442826754,126.08625546576809,123.95797728983284,125.42239379882812,3408800
MMM,2024-11-01,125.42239637122971,125.47121323522713,123.84082382765018,124.2020492553711,3068700
MMM,2024-11-04,124.22157314406574,125.75432884353985,122.50332974549109,122.86454772949219,3642900
MMM,2024-11-05,122.52284630454056,124.86591417773518,121.86874206009428,123.51864624023438,3943800
MMM,2024-11-06,127.59950264816975,131.21172744862182,126.52560603009843,130.7431182861328,4803200
MMM,2024-11-07,130.19638299598927,131.6022251414484,129.33725393002774,129.91326904296875,3906400
MMM,2024-11-08,130.28425068591548,131.8170137618605,130.04018127103112,131.15313720703125,3465700
MMM,2024-11-11,131.65105997392195,132.12942653538002,129.63015788973527,129.84494018554688,3791300
MMM,2024-11-12,129.6496900425095,130.0401951893948,125.42240553664286,127.2578125,3144600
MMM,2024-11-13,128.8784086632998,129.9132754972646,127.71665076005648,128.33169555664062,2675500
MMM,2024-11-14,128.74173915498875,130.14758146604157,128.6441203203309,129.1810760498047,2283900
MMM,2024-11-15,127.69904152666885,128.81791654562346,127.30645958094631,127.38496398925781,1928800
MMM,2024-11-18,127.37515430336258,127.96404219623605,126.18758418665742,127.75792694091797,2433000
MMM,2024-11-19,126.61941845156879,126.86478591115127,125.62813930623041,125.81462097167969,2600500
MMM,2024-11-20,125.62814625998523,125.81462793575662,124.7448218589905,125.47110748291016,1700600
MMM,2024-11-21,125.36314536248075,126.19739322491412,123.97926930040397,124.96073913574219,2544800
MMM,2024-11-22,125.32389068191502,126.09924529337871,124.02835074698376,126.04035949707031,3052400
MMM,2024-11-25,126.81573442030812,128.17997700433955,125.1864907656972,127.90516662597656,5074700
MMM,2024-11-26,127.5812771721637,130.76123005053046,127.24756602573234,130.48641967773438,3080300
MMM,2024-11-27,131.42862557973757,133.0382354657695,129.9073443821733,130.02511596679688,2579600
MMM,2024-11-29,130.39808107924154,131.26177931446625,129.59326863713835,131.0556640625,1618300
MMM,2024-12-02,131.05567615540025,131.2912343256629,129.92699174698168,130.4275360107422,3001900
MMM,2024-12-03,130.42751990753857,130.76121604217917,128.3173658476188,128.71975708007812,2378400
MMM,2024-12-04,128.50384671967402,128.95532946278536,126.58017410373704,128.03274536132812,2503400
MMM,2024-12-05,128.3958761320627,133.06766661418922,128.03272215146612,130.85935974121094,4171800
MMM,2024-12-06,130.78085305124768,131.73287997135506,129.75030674869384,130.64344787597656,1912300
MMM,2024-12-09,130.63363374212435,131.3697360773143,128.83754224713607,129.053466796875,3442400
MMM,2024-12-10,127.70885428369452,128.17997060253808,125.23555351393252,127.36534881591797,3225700
MMM,2024-12-11,127.85608374934876,128.24866570567673,126.86478959915189,127.36534881591797,4089500
MMM,2024-12-12,127.24756540425179,128.2486688865722,126.38388208370039,127.34571838378906,2915300
MMM,2024-12-13,127.29663342361783,127.74811613298846,126.52127885061736,127.51255798339844,2382000
MMM,2024-12-16,127.49292480136468,127.78736874528371,126.47220276862528,127.0708999633789,3097800
MMM,2024-12-17,126.0305453164017,126.96293866599561,125.28462614391421,125.67721557617188,2693200
MMM,2024-12-18,125.8342578506514,126.97275151107944,123.04687954317035,123.20391082763672,3748900
MMM,2024-12-19,124.30316013182188,125.3729586924183,123.38057606083355,124.77426147460938,3038100
MMM,2024-12-20,124.02834144576492,127.93459454840168,123.41982747346886,126.88441467285156,8351300
MMM,2024-12-23,126.11887212843315,126.79608870178741,125.38276976192479,126.58997344970703,2067400
MMM,2024-12-24,126.35443584209335,127.94441223144531,125.71647144406377,127.94441223144531,803200
MMM,2024-12-26,127.91496616381421,128.96513110605375,126.8353433483892,128.74920654296875,1484900
MMM,2024-12-27,127.50275226458554,128.7492081958017,126.81572636233224,127.76773834228516,1842600
MMM,2024-12-30,126.72737359348034,127.51255241511849,125.54961284904331,126.73719787597656,2154000
MMM,2024-12-31,126.8058992922745,127.64015463984545,126.27591217248151,126.69793701171875,2220300
MMM,2025-01-02,127.87569445073974,129.18105109001263,126.5899714008808,127.296630859375,3248900
MMM,2025-01-03,127.29661478074757,128.43512320630074,126.90403289829972,127.46346282958984,2273700
MMM,2025-01-06,128.39589470982204,128.97495833493898,127.47331064212166,127.87570190429688,3067000
MMM,2025-01-07,127.67942143892037,130.33921157699857,127.60090204626403,130.3097686767578,3414500
MMM,2025-01-08,129.58346522724955,132.18435438208118,129.22032616911426,132.03713989257812,4676000
MMM,2025-01-10,131.3501020287919,131.41879712562826,128.20940173817962,128.77865600585938,4661700
MMM,2025-01-13,128.30755164695856,132.23343111885484,127.13960010790275,132.10585021972656,4207200
MMM,2025-01-14,132.12544728471872,135.1483757821652,131.9782328189499,134.66746520996094,4629000
MMM,2025-01-15,135.64895327118649,136.27709337018626,134.57913976304332,135.22691345214844,4114300
MMM,2025-01-16,135.4722981956433,136.9150602436056,133.91176454410635,136.60098266601562,4122700
MMM,2025-01-17,137.0622538727252,139.03501778839683,136.91503939067846,138.41668701171875,5724500
MMM,2025-01-21,142.80384846835062,147.2204623385058,142.31311359388891,144.1680908203125,11368500
MMM,2025-01-22,145.1397679618393,149.26193838637622,144.67847592868927,146.35678100585938,7077700
MMM,2025-01-23,146.68067321193175,147.67196739324783,145.65995110781097,146.8573455810547,4439100
MMM,2025-01-24,146.1408482016,147.31862395026616,145.650113298336,146.66102600097656,4858400
MMM,2025-01-27,146.2390176651294,149.1834274167763,146.1506889668302,148.7123260498047,4929600
MMM,2025-01-28,148.51603904046812,150.1256491487832,147.01437624893808,148.59454345703125,4286800
MMM,2025-01-29,148.6926661346799,149.94894620822967,147.84860155625995,148.73191833496094,3996100
MMM,2025-01-30,149.18340373393653,151.78429261125032,149.01655567162206,151.53892517089844,3962300
MMM,2025-01-31,152.11800881989024,152.1278181264593,149.31100460896684,149.37969970703125,4164200
MMM,2025-02-03,146.41567040641195,148.82028360796903,145.40475762190542,147.25973510742188,3556300
MMM,2025-02-04,146.69048971002556,149.92932821961048,146.55308453068585,148.8693389892578,3110400
MMM,2025-02-05,149.63490057715492,150.77339422635993,147.946771229663,149.6250762939453,2841400
MMM,2025-02-06,149.87044592491583,150.62618191695339,148.7613951572179,149.49749755859375,2760200
MMM,2025-02-07,149.67416624923132,150.06674823586135,146.76900862962344,147.0928955078125,3356600
MMM,2025-02-10,147.37752129134623,147.8093704362258,145.38513862604984,146.91622924804688,3531400
MMM,2025-02-11,146.5432427333651,147.593422531124,145.816964719103,147.28916931152344,2187700
MMM,2025-02-12,145.9445563499728,147.28918016046524,145.41456924712136,146.1114044189453,2102900
MMM,2025-02-13,146.3469755379788,146.945672768452,144.79625131845742,145.96420288085938,2047000
MMM,2025-02-14,145.8655531158832,147.5028332115441,145.71761246563642,146.58555603027344,2388300
MMM,2025-02-18,146.15159100790984,147.44367136264552,145.974062210262,146.9505157470703,2601400
MMM,2025-02-19,146.04310357874377,148.3017495579327,146.04310357874377,148.14393615722656,3216900
MMM,2025-02-20,147.93682293081739,148.0354450212852,146.01350404276212,147.03927612304688,2231500
MMM,2025-02-21,147.03927373713174,147.49296845573406,142.58114295266495,142.99539184570312,4278500
MMM,2025-02-24,142.99540028501718,144.39596044887543,141.9005941995478,143.48855590820312,3447500
MMM,2025-02-25,143.4392362809808,145.54008403627512,143.3504718814398,144.53404235839844,4358800
MMM,2025-02-26,142.4134855559016,147.21681668832497,139.8194820655378,145.411865234375,5783400
MMM,2025-02-27,146.73351963024888,150.4716324102337,146.18118777303982,148.45956420898438,6576000
MMM,2025-02-28,149.42615535753492,153.37140038347644,148.93299972929222,152.99659729003906,8323100
MMM,2025-03-03,153.37139919874946,154.20976978025215,149.82067268286374,151.3198699951172,5672700
MMM,2025-03-04,148.43984107886521,148.97244252456096,143.62663742923883,143.8633575439453,6787400
MMM,2025-03-05,144.7510306797501,146.99981907989155,144.00143956300798,145.5894012451172,3909700
MMM,2025-03-06,144.38609942541814,146.10228637250628,143.75486084429056,144.92857360839844,4492400
MMM,2025-03-07,142.709371116539,145.20473726918857,138.85289068065705,144.29733276367188,5891100
MMM,2025-03-10,141.50607285332342,147.1379015280244,141.160857904123,145.59925842285156,4966500
MMM,2025-03-11,143.73513426983118,147.44367420232675,143.63651217476576,145.52035522460938,5818300
MMM,2025-03-12,146.27980700442345,149.16970655432428,145.18500100530076,148.1833953857422,4196600
MMM,2025-03-13,148.22285627725182,149.1697217173009,143.9126808483949,144.10008239746094,3295000
MMM,2025-03-14,145.8951538628719,148.7258622484245,145.04692561163773,148.35107421875,4094400
MMM,2025-03-17,148.31161191644753,151.87219598857803,147.9466815845118,151.1127471923828,4562100
MMM,2025-03-18,150.481502663156,151.11274121093388,148.43983131414552,148.8540802001953,3038500
MMM,2025-03-19,149.1203943330686,151.8623382944417,148.85408609224035,151.1127471923828,2344100
MMM,2025-03-20,149.5740983520847,151.54672089573194,149.02176644784998,149.19931030273438,2579000
MMM,2025-03-21,147.84804802269466,148.69627628631025,146.04311170759345,148.3017578125,5538500
MMM,2025-03-24,149.62341008087293,151.92151704508086,148.63709885416984,151.05355834960938,3207800
MMM,2025-03-25,151.03384285570647,152.87824003238242,150.58999076406758,151.39877319335938,4118900
MMM,2025-03-26,151.34946022400888,152.31604104730403,149.9784881711,150.58999633789062,3836700
MMM,2025-03-27,150.58014308671542,150.58014308671542,146.09242369982906,146.40805053710938,2825300
MMM,2025-03-28,145.8359791946019,146.81243273110692,142.35430175371548,142.85731506347656,2581500
MMM,2025-03-31,142.01896194579808,145.717629123931,140.23372594589046,144.84967041015625,4508600
MMM,2025-04-01,143.70555559324285,146.6546318432213,142.2063581803857,145.64859008789062,3641300
MMM,2025-04-02,143.71540931676617,146.14172640270624,143.59704174068335,145.73733520507812,4411100
MMM,2025-04-03,140.8846888836863,142.51211140157858,136.94931680842285,137.82713317871094,6712300
MMM,2025-04-04,132.35310445683132,133.45776820255995,124.69932731519808,125.17276000976562,9609100
MMM,2025-04-07,123.02260506086945,132.53063734816135,120.31024913356895,126.79031372070312,7174700
MMM,2025-04-08,130.42979705798658,132.03747406219685,123.11136231626556,125.4193344116211,5496800
MMM,2025-04-09,123.28890207767508,137.32410647622146,121.75025898773207,136.42657470703125,6428100
MMM,2025-04-10,133.89173934013454,133.93118516438685,126.91851224777993,131.14979553222656,4757100
MMM,2025-04-11,131.3076147609097,134.6216209921032,129.85773609414287,134.08900451660156,3337600
MMM,2025-04-14,136.21943759742072,136.39696638576496,132.5898046310471,134.14817810058594,3815800
MMM,2025-04-15,134.14816532096134,135.5881861277538,133.29007949254796,133.40843200683594,2541700
MMM,2025-04-16,131.68240089270824,132.63912394616102,128.09222878126863,128.67416381835938,5635500
MMM,2025-04-17,128.55580727701312,131.13008029285254,128.29937176486814,128.42759704589844,4952000
MMM,2025-04-21,127.23415253271219,128.06265037908503,122.94370005694948,124.36398315429688,5971800
MMM,2025-04-22,131.465411710947,135.39094107764518,128.57552715221084,134.46380615234375,7943800
MMM,2025-04-23,137.47207042495415,140.20414182274192,133.34928146651455,134.197509765625,4655800
MMM,2025-04-24,133.78324355619912,137.84684067130726,133.2703575450966,136.97889709472656,2921100
MMM,2025-04-25,137.09725744060384,137.09725744060384,135.22327217181322,135.4402618408203,2141300
MMM,2025-04-28,135.44026523280493,136.51534086077322,134.1777730133664,136.04190063476562,2499900
MMM,2025-04-29,135.6177896214656,137.31424608472364,134.9668206193031,136.48574829101562,1917200
MMM,2025-04-30,135.74602195138056,137.40301762495434,133.00407788445585,137.0084991455078,3062800
MMM,2025-05-01,136.38711692957907,138.33015127446856,135.78546647177194,136.01231384277344,2236300
MMM,2025-05-02,138.08357215464343,141.08195167089596,137.38328455961087,140.13510131835938,2734200
MMM,2025-05-05,138.69507578738674,139.92796478435872,137.95534238920354,138.87261962890625,2623500
MMM,2025-05-06,137.22548230539007,137.79754460835287,135.74601550287352,136.13067626953125,2850000
MMM,2025-05-07,136.37725716307506,137.8764393876891,135.81505254140862,136.7421875,2555400
MMM,2025-05-08,138.08356868834096,140.411263733941,137.30438945841917,139.188232421875,2899500
MMM,2025-05-09,139.32631132237705,140.66769512391255,139.03043000946892,140.64797973632812,2634100
MMM,2025-05-12,144.09022075910624,148.75548425624996,143.281453282275,148.27218627929688,4974800
MMM,2025-05-13,148.74559340802423,149.67272836734708,148.1143548261322,148.6765594482422,3455700
MMM,2025-05-14,148.68642137039356,148.7061518094273,144.94830834397297,145.855712890625,3778700
MMM,2025-05-15,144.3269201052001,147.13789800310445,143.3701970345341,146.7039337158203,4472100
MMM,2025-05-16,147.38446630297435,151.18177020876388,146.91104117014612,151.01409912109375,4204500
MMM,2025-05-19,149.86999001298662,152.148366570996,149.041492182786,152.03001403808594,2613600
MMM,2025-05-20,151.16206998727634,152.61194885566815,151.15221229188307,152.03988647460938,2529700
MMM,2025-05-21,150.23491533928535,151.0732707519453,147.28583970555488,147.35487365722656,2661800
MMM,2025-05-22,147.67051428765612,148.50888482886901,145.65843100871095,147.7296905517578,2862800
MMM,2025-05-23,146.14387036246575,147.37289176492348,145.70776550599285,146.31236267089844,2369800
MMM,2025-05-27,148.67127890572775,148.67127890572775,145.36086872509676,148.16580200195312,3155300
MMM,2025-05-28,148.32437568528937,148.67128139131904,146.87731701564377,147.34315490722656,2297500
MMM,2025-05-29,148.54242980350895,149.02809477276944,146.86739759426618,148.3045654296875,2621400
MMM,2025-05-30,147.41252756095616,148.12615092436468,146.29254752074894,147.03590393066406,5339800
MMM,2025-06-02,146.56014444122368,146.98634331241152,142.6352310794405,145.10316467285156,2825700
MMM,2025-06-03,145.01397030105366,147.0458142394395,143.92372327521574,146.81785583496094,2343300
MMM,2025-06-04,147.59094073718308,147.6305797579228,145.41043162950237,145.50953674316406,2346900
MMM,2025-06-05,145.73749067667333,145.955543093125,143.6065417529063,144.9644012451172,3568300
MMM,2025-06-06,146.6889904323722,147.14492232729984,144.15166977440293,144.2111358642578,2297100
MMM,2025-06-09,144.2606917522953,144.73643558081523,141.40619853392843,142.95237731933594,3401900
MMM,2025-06-10,142.96229601746322,144.0228098594538,141.88193998160344,143.7750244140625,3129200
MMM,2025-06-11,143.75520825215108,146.73855492016145,143.14070514051085,145.87625122070312,2904400
MMM,2025-06-12,145.12298786637896,145.9654644883532,143.21009135516314,143.48760986328125,2069700
MMM,2025-06-13,141.86214871217888,143.17044819025267,140.47454094156208,141.059326171875,2450400
MMM,2025-06-16,142.40725617211731,144.10211541885482,142.23876386958486,143.7849578857422,1681300
MMM,2025-06-17,142.78390564121855,143.5966492924097,140.7124226136106,140.95030212402344,1739900
MMM,2025-06-18,140.8709960098911,142.3973478048196,140.31595899355347,141.24761962890625,2629100
MMM,2025-06-20,142.0405422765115,142.77399272189055,140.5637505349528,142.75416564941406,5566700
MMM,2025-06-23,143.1109695459289,146.41147368504116,142.08018868763634,146.29254150390625,2904700
MMM,2025-06-24,147.32333436554944,148.95871248389602,146.69891011646686,148.5424346923828,2700500
MMM,2025-06-25,148.37393146255502,148.53251778773566,145.81678368260867,146.4412078857422,2378000
MMM,2025-06-26,146.3817475623666,149.77145099763413,146.00510880612853,149.42454528808594,2740100
MMM,2025-06-27,149.8011759679062,151.5158471036172,149.22631189018753,150.6733856201172,3938200
MMM,2025-06-30,150.93107273359385,151.10948612263408,149.66241243410852,150.8914337158203,2302800
MMM,2025-07-01,150.65356070162852,154.70732722504854,150.0786966156953,152.44752502441406,3781900
MMM,2025-07-02,152.84398910416115,154.07299530104004,151.85284726867857,152.60610961914062,2864700
MMM,2025-07-03,152.88362898774787,153.6269853685635,148.1757052425822,151.58523559570312,3182900
MMM,2025-07-07,151.4464827203049,153.1016878497868,149.61286418762964,150.49497985839844,3877000
MMM,2025-07-08,150.38595370496225,153.25035314249652,150.18772835304506,152.37815856933594,3252200
MMM,2025-07-09,153.01247927854385,155.26236032486617,152.47725422557914,154.59829711914062,2855900
MMM,2025-07-10,154.72716427048385,158.05740169508303,154.5784990333423,155.92645263671875,4043400
MMM,2025-07-11,154.6676954020863,155.1632663485053,153.44859510851066,154.4595489501953,2401300
MMM,2025-07-14,154.21175882854985,156.70944055782837,153.54769559520042,156.51121520996094,2961300
MMM,2025-07-15,156.51121059806144,156.87792823699138,154.64785911104065,155.20289611816406,3058900
MMM,2025-07-16,156.22377273153072,156.28323882243643,153.4783207105547,156.164306640625,3194600
MMM,2025-07-17,155.8669637639982,158.05739393327787,155.40112587899696,157.63119506835938,5024200
MMM,2025-07-18,161.1001938498631,162.69593287496224,148.9190668497894,151.87266540527344,11701900
MMM,2025-07-21,150.9013504656716,152.2889430411934,148.01712397981052,151.46630859375,5194000
MMM,2025-07-22,151.62488816316733,152.6953232620239,148.9884621242551,149.86065673828125,4927800
MMM,2025-07-23,150.57427103034934,151.29780036061715,148.47305510614024,149.48402404785156,4976700
MMM,2025-07-24,148.67128961293471,149.94985604921067,146.50068636480574,147.9774932861328,4860900
MMM,2025-07-25,148.67128401289094,150.0588766142279,147.8783674734305,149.93003845214844,2818000
MMM,2025-07-28,149.26595719382837,152.51690100222245,148.8199312966896,150.70310974121094,3970300
MMM,2025-07-29,151.05001646327133,151.74382787817456,149.8110891132654,150.44541931152344,3918100
MMM,2025-07-30,151.1293045969586,151.14913166851358,145.20228058647368,145.3212127685547,3529500
MMM,2025-07-31,144.89503465629798,148.23517797076403,144.27061042889335,147.898193359375,4390400
MMM,2025-08-01,145.20228117886901,145.42033359599003,142.97221201400583,143.13079833984375,4074400
MMM,2025-08-04,144.10210742877112,146.86738642960785,143.71556272707085,146.5601348876953,3641300
MMM,2025-08-05,147.1449317898474,149.8804779644576,146.68899986559984,148.76048278808594,3743900
MMM,2025-08-06,148.9388929947903,150.04896704929706,147.32332690761555,149.48402404785156,2636900
MMM,2025-08-07,150.63373839505533,151.12930933409228,148.65145463890755,150.3958740234375,2293900
MMM,2025-08-08,151.05001038883447,152.3285918318527,150.07869562010598,151.94204711914062,2376400
MMM,2025-08-11,152.38805578992998,154.23158019174824,151.80328574209693,153.93423461914062,3354500
MMM,2025-08-12,154.4099867336245,157.05634886034886,154.2315884546767,156.45175170898438,2748200
MMM,2025-08-13,156.98695005744557,159.0485268288924,155.2326248260986,158.78091430664062,3132000
MMM,2025-08-14,158.18625562499963,158.65209353476752,155.2425629286473,155.2623748779297,6344900
MMM,2025-08-15,155.97598208588397,155.97598208588397,150.26701069432988,151.04010009765625,3921100
MMM,2025-08-18,151.01036477052844,154.05316222252367,150.84187247990155,151.5059356689453,2585500
MMM,2025-08-19,151.48611137418698,154.3406046409326,150.70311599473533,152.9728240966797,2146200
MMM,2025-08-20,152.75477198277855,153.9639662093,151.81319028143778,153.3791961669922,3258200
MMM,2025-08-21,153.00256059196013,153.83513122928744,151.79336634050478,153.01248168945312,2236900
MMM,2025-08-22,154.3703485304667,157.70058586775437,153.62699211699737,157.3140411376953,1958200
MMM,2025-08-25,156.91574265370673,157.24433256169812,155.13340790933347,155.18319702148438,1606300
MMM,2025-08-26,155.0935688233004,156.04946810809048,153.91862479578094,155.90011596679688,2960600
MMM,2025-08-27,155.37236629491866,156.5473254908267,155.083613763422,155.8602752685547,2155000
MMM,2025-08-28,157.08500550279908,157.79197439503,155.9100615219261,156.8858642578125,2982200
MMM,2025-08-29,156.9257137769634,157.56297492637879,154.65546998257696,154.86456298828125,3279100
MMM,2025-09-02,153.29131667194108,153.82901477201318,151.05094337314964,153.60995483398438,2745100
MMM,2025-09-03,152.84323727457146,153.43070926325777,149.78636523619858,151.3496551513672,3964400
MMM,2025-09-04,151.5487966022783,154.93425853558992,151.36957404013103,154.85459899902344,2741200
MMM,2025-09-05,155.13340454695287,156.88586882475323,153.61990369269137,154.6355438232422,2053300
MMM,2025-09-08,153.94850094918033,154.31691304040777,151.34966723949879,153.3411102294922,2715500
MMM,2025-09-09,153.49046293099929,153.49046293099929,150.90159615075518,152.425048828125,1669200
MMM,2025-09-10,152.5046991721591,154.54593115985247,151.80769720388665,152.91294860839844,2811600
MMM,2025-09-11,153.13199860218603,158.81757489647427,152.7436678355712,158.78770446777344,3663900
MMM,2025-09-12,158.42924969977116,161.40646247749117,157.13480870104488,157.19454956054688,2865100
MMM,2025-09-15,157.32399397284664,157.70237299748743,154.58575990053444,155.98973083496094,3219500
MMM,2025-09-16,156.2286963385765,156.8062166283443,152.97269799236577,155.83041381835938,2208600
MMM,2025-09-17,155.83040258577267,157.86166760206882,152.8830604907023,154.4961395263672,2757300
MMM,2025-09-18,154.4861770591027,156.24860828171174,153.64977468662855,154.735107421875,1795000
MMM,2025-09-19,155.24294241114956,156.73652465826046,154.028160968019,155.92999267578125,6507100
MMM,2025-09-22,154.9342667595208,155.04379672892568,152.9826459938074,153.2017059326172,2484800
MMM,2025-09-23,153.18179272384347,157.4633982351927,153.18179272384347,155.62130737304688,2254000
MMM,2025-09-24,155.33254150814864,155.83040221811066,153.799137206607,153.93853759765625,1739300
MMM,2025-09-25,153.34111046653427,153.34111046653427,151.17044489696798,152.37525939941406,2949300
MMM,2025-09-26,153.36101857773156,153.83896060893764,151.71806910561182,152.15618896484375,2104000
MMM,2025-09-29,152.84324085069332,153.73938406818203,151.8873415843358,153.42076110839844,2043400
MMM,2025-09-30,153.19175604564117,154.5558896137263,151.77781817126333,154.51605224609375,2177100
MMM,2025-10-01,153.78917872438578,155.87023296000925,153.59998921323745,155.33255004882812,2297900
MMM,2025-10-02,156.58715535499343,158.89723649445557,155.87023466988475,158.12057495117188,2167500
MMM,2025-10-03,158.2400527645047,159.70376452770685,157.0352383050141,157.98117065429688,3411600
MMM,2025-10-06,158.0209852098882,158.52881285437778,153.968406959459,155.26283264160156,2421400
MMM,2025-10-07,156.1590027640138,157.2642542232765,154.51605319294535,154.66542053222656,1696700
MMM,2025-10-08,155.04379750631497,155.42216133510766,152.12632568490403,155.33255004882812,2084200
MMM,2025-10-09,155.43213078785598,155.92999153324502,150.72235719715277,152.2259063720703,2512200
MMM,2025-10-10,152.58436611255146,153.59003934459525,147.8248186209513,148.1135711669922,3504400
MMM,2025-10-13,149.92579055951487,151.77781792683552,149.7764232213895,150.45352172851562,2724800
MMM,2025-10-14,148.63134908541008,153.05235487304424,148.63134908541008,151.8773956298828,2604800
MMM,2025-10-15,153.03242968202215,154.9940021232464,152.05662693050303,152.81336975097656,2381500
MMM,2025-10-16,153.80909704684092,153.80909704684092,149.96561155589333,150.76219177246094,4279200
MMM,2025-10-17,150.80201224807882,152.41509134667743,150.62278967795882,151.98692321777344,4494000
MMM,2025-10-20,152.57439602256318,155.40225653383644,152.37525476800968,154.11776733398438,4230400
MMM,2025-10-21,157.32398473058907,166.1062549685579,152.1462363730931,165.92701721191406,7302200
MMM,2025-10-22,166.44480324788566,168.45614966196638,164.82177240277258,166.51449584960938,5275800
MMM,2025-10-23,166.5045492094387,170.8956846382823,165.99673671787,170.86581420898438,4779100
MMM,2025-10-24,171.2640931443574,172.11046247276303,167.0322768893369,167.77906799316406,3612300
MMM,2025-10-27,169.2527308784209,169.8999589487307,166.68376766773065,167.6794891357422,2922300
MMM,2025-10-28,167.59984136418504,167.7790639318834,165.63826889680084,166.1162109375,2448100
MMM,2025-10-29,166.43483579954352,167.28120511712092,162.90998851971725,163.92562866210938,3163400
MMM,2025-10-30,164.3039973705176,168.53581369722968,163.89576310723913,165.7378387451172,2143700
MMM,2025-10-31,164.7819549380508,166.62403057943527,164.50315413618173,165.78762817382812,2096600
MMM,2025-11-03,165.29971124314838,165.5685602868749,160.79906126118962,161.49606323242188,3141200
MMM,2025-11-04,161.1276566810766,161.53589093953303,158.6682234177107,159.9029083251953,3520900
MMM,2025-11-05,160.00248483395234,164.1247710962625,159.4548349888439,163.61695861816406,2656200
MMM,2025-11-06,163.49746496161282,164.78195418690817,158.88728481304062,163.1489715576172,5193100
MMM,2025-11-07,163.20870619483642,164.5728397167314,161.96405438478521,164.1347198486328,2506400
MMM,2025-11-10,164.2940468880834,168.44620370439804,163.26845496238354,166.95262145996094,2754900
MMM,2025-11-11,166.95261229858232,169.45186764746776,165.28975931424375,167.94833374023438,2365800
MMM,2025-11-12,167.9383784462851,171.0450244166629,167.9383784462851,170.3480224609375,2694300
MMM,2025-11-13,169.69084288519383,171.82168612017173,168.52585064487212,169.88998413085938,3878900
MMM,2025-11-14,168.91000366210938,169.33999633789062,166.99000549316406,167.5800018310547,2748800
MMM,2025-11-17,166.91000366210938,167.82000732421875,164.97000122070312,165.38999938964844,2908400
MMM,2025-11-18,163.99000549316406,166.58999633789062,163.30999755859375,165.7899932861328,2325700
MMM,2025-11-19,165.58999633789062,167.30999755859375,164.55999755859375,166.5800018310547,2219100
MMM,2025-11-20,168.72999572753906,169.75,163.9600067138672,164.61000061035156,3303500
MMM,2025-11-21,165.36000061035156,169.3800048828125,165.1699981689453,168.08999633789062,3183500
MMM,2025-11-24,168.24000549316406,170.75999450683594,166.63999938964844,169.55999755859375,7138100
MMM,2025-11-25,170.2899932861328,172.16000366210938,170.22000122070312,171.5399932861328,2605800
MMM,2025-11-26,171.11000061035156,172.3699951171875,170.67999267578125,170.8000030517578,2031600
MMM,2025-11-28,170.66000366210938,172.24000549316406,170.00999450683594,172.0500030517578,1596300
MMM,2025-12-01,170.67999267578125,171.97999572753906,169.61000061035156,170.47999572753906,2244600
MMM,2025-12-02,170.8800048828125,171.92999267578125,169.64999389648438,171.55999755859375,1928500
MMM,2025-12-03,172.0500030517578,174.69000244140625,171.16000366210938,173.08999633789062,2883300
MMM,2025-12-04,171.89999389648438,172.00999450683594,168.74000549316406,169.27000427246094,2860400
MMM,2025-12-05,169.1999969482422,169.33999633789062,165.66000366210938,167.47999572753906,3021400
MMM,2025-12-08,165.77000427246094,165.82000732421875,162.2899932861328,163.9600067138672,3254000
MMM,2025-12-09,163.39999389648438,165.74000549316406,163.39999389648438,165.08999633789062,2335000
MMM,2025-12-10,164.5800018310547,166.72999572753906,163.41000366210938,165.66000366210938,3382000
MMM,2025-12-11,166.55999755859375,170.0,166.22000122070312,168.60000610351562,2525200
MMM,2025-12-12,168.47000122070312,169.83999633789062,167.8000030517578,168.89999389648438,2423500
MMM,2025-12-15,169.55999755859375,170.36000061035156,165.19000244140625,165.6999969482422,2576400
MMM,2025-12-16,166.0,167.0,162.83999633789062,163.1999969482422,2786500
MMM,2025-12-17,162.19000244140625,164.22999572753906,161.00999450683594,162.1699981689453,2638500
MMM,2025-12-18,163.3699951171875,164.22999572753906,161.42999267578125,161.75999450683594,2606000
MMM,2025-12-19,161.67999267578125,163.94000244140625,161.67999267578125,161.9600067138672,3715700
MMM,2025-12-22,162.17999267578125,162.63999938964844,159.07000732421875,160.0,2334600
MMM,2025-12-23,159.97999572753906,160.49000549316406,158.4499969482422,160.14999389648438,1828900
MMM,2025-12-24,160.11000061035156,160.67999267578125,159.07000732421875,160.33999633789062,854400
MMM,2025-12-26,160.32000732421875,162.17999267578125,160.0,162.0800018310547,1245700
MMM,2025-12-29,161.8699951171875,162.6999969482422,160.82000732421875,161.72000122070312,2185100
MMM,2025-12-30,161.47999572753906,161.67999267578125,160.63999938964844,161.1699981689453,1293600
MMM,2025-12-31,161.1699981689453,161.33999633789062,160.0399932861328,160.10000610351562,1201700
MMM,2026-01-02,160.10000610351562,161.88999938964844,159.05999755859375,161.82000732421875,1961200
MMM,2026-01-05,160.97999572753906,164.39999389648438,160.8000030517578,163.5500030517578,2894500
MMM,2026-01-06,162.8800048828125,166.52999877929688,161.82000732421875,166.2100067138672,2854800
MMM,2026-01-07,165.85000610351562,165.8699951171875,161.77000427246094,162.91000366210938,2734400
MMM,2026-01-08,161.77000427246094,165.7899932861328,161.0500030517578,165.24000549316406,2526900
MMM,2026-01-09,165.49000549316406,166.25,163.9499969482422,165.24000549316406,2306800
MMM,2026-01-12,164.3000030517578,168.27000427246094,163.11000061035156,167.94000244140625,3247700
MMM,2026-01-13,168.0,170.39999389648438,167.7899932861328,169.4199981689453,2827900
MMM,2026-01-14,169.39999389648438,170.85000610351562,168.1300048828125,169.99000549316406,3121900
MMM,2026-01-15,170.5,173.05999755859375,169.92999267578125,171.10000610351562,2909200
MMM,2026-01-16,168.80999755859375,171.42999267578125,167.0,167.8000030517578,7328100
MMM,2026-01-20,159.4499969482422,163.72999572753906,153.07000732421875,156.1199951171875,11902100
MMM,2026-01-21,157.1199951171875,158.63999938964844,154.33999633789062,155.8800048828125,6969100
MMM,2026-01-22,156.55999755859375,162.5,156.1999969482422,160.6300048828125,5559600
MMM,2026-01-23,159.8800048828125,164.27000427246094,159.8800048828125,162.67999267578125,4461300
MMM,2026-01-26,162.0,162.86000061035156,159.49000549316406,159.52000427246094,3891000
MMM,2026-01-27,159.64999389648438,160.9199981689453,157.9199981689453,158.0500030517578,4661100
