ticker,date,open,high,low,close,volume
NVDA,2020-01-02,5.94220660064208,5.9710774421691895,5.8916825092904785,5.9710774421691895,237536000
NVDA,2020-01-03,5.851362305182769,5.9193089700123815,5.826473387405685,5.875504493713379,205384000
NVDA,2020-01-06,5.782171792016009,5.9053712073821005,5.756038640237342,5.900144577026367,262636000
NVDA,2020-01-07,5.928517986580422,6.017371178391975,5.883469274492818,5.971575736999512,314856000
NVDA,2020-01-08,5.967343597334713,6.0240902679221096,5.927272770783473,5.98277473449707,277108000
NVDA,2020-01-09,6.069139710447324,6.120908509266958,5.99472218082326,6.0484819412231445,255112000
NVDA,2020-01-10,6.155751792284249,6.186116088078672,6.0666498661842505,6.080836296081543,316296000
NVDA,2020-01-13,6.16396722157428,6.296624433254378,6.1413180125117846,6.271486759185791,319840000
NVDA,2020-01-14,6.228678825777258,6.2540657304820675,6.141319067777657,6.154510498046875,359088000
NVDA,2020-01-15,6.167201711413345,6.189601691642836,6.086064089642818,6.111948490142822,263104000
NVDA,2020-01-16,6.165459211777373,6.201548119865506,6.142063751814368,6.195574760437012,284192000
NVDA,2020-01-17,6.214738881645233,6.222205699382475,6.156747973897517,6.204285621643066,253792000
NVDA,2020-01-21,6.167699008739332,6.2045346437613595,6.136836732767271,6.170934677124023,217916000
NVDA,2020-01-22,6.216233063669337,6.31155712176519,6.197317502973292,6.224944114685059,239240000
NVDA,2020-01-23,6.265015500027849,6.301850666278991,6.176162303873604,6.293388366699219,244516000
NVDA,2020-01-24,6.408872747111983,6.458650589403411,6.179895527061451,6.2341532707214355,373512000
NVDA,2020-01-27,5.929512498753077,6.029316912870455,5.779930728037973,5.978294849395752,470536000
NVDA,2020-01-28,6.044249910391118,6.204036184462177,5.990987660795241,6.171680927276611,310976000
NVDA,2020-01-29,6.1572454719838525,6.193334376160934,6.071378736202756,6.111201286315918,258848000
NVDA,2020-01-30,6.013389215433764,6.131362485087373,5.95838521630714,6.117922306060791,290504000
NVDA,2020-01-31,6.0721273910587135,6.084074112409697,5.842652644415782,5.88446569442749,370420000
NVDA,2020-02-03,5.866296515119098,6.000945161876539,5.86007440324119,5.981532096862793,255564000
NVDA,2020-02-04,6.123397097246553,6.169939263210009,6.07337051135927,6.1507744789123535,271544000
NVDA,2020-02-05,6.271735301395451,6.2819398115033085,6.1577444293662715,6.241122245788574,208220000
NVDA,2020-02-06,6.275468324748292,6.327983379364014,6.194330704477738,6.327983379364014,218284000
NVDA,2020-02-07,6.287912459501199,6.310063687484115,6.2363924116993505,6.261779308319092,189752000
NVDA,2020-02-10,6.284428169326887,6.545760635986493,6.279450290508295,6.545014381408691,529608000
NVDA,2020-02-11,6.653280208935729,6.782204223899052,6.5913069033457505,6.667466640472412,638556000
NVDA,2020-02-12,6.720231000027536,6.789671124211894,6.681404401745411,6.783199787139893,374644000
NVDA,2020-02-13,6.725208710247476,6.806595076336598,6.697830853566547,6.7393951416015625,528016000
NVDA,2020-02-14,7.149562784000862,7.341455573951124,7.118203005797297,7.212531566619873,1041924000
NVDA,2020-02-18,7.109243562917757,7.3996965714360154,7.089830500246091,7.3812785148620605,620164000
NVDA,2020-02-19,7.50373169839315,7.850184182869734,7.50373169839315,7.832512855529785,694332000
NVDA,2020-02-20,7.784477262238204,7.872832469799487,7.375802739932594,7.68317985534668,810052000
NVDA,2020-02-21,7.570931672861622,7.596069343806653,7.234185718205437,7.319056510925293,768180000
NVDA,2020-02-24,6.724709737855913,7.015411434312729,6.670203258779613,6.801616191864014,856916000
NVDA,2020-02-25,6.876782232264527,6.9387555440768045,6.420321266694582,6.522116661071777,1055496000
NVDA,2020-02-26,6.522365244375088,6.8556267817629495,6.520872260486998,6.66149377822876,747732000
NVDA,2020-02-27,6.347955488412159,6.649290620071094,6.198284236261924,6.290677070617676,906416000
NVDA,2020-02-28,6.038154250442662,6.785265631071536,6.021468903542134,6.725745677947998,1133252000
NVDA,2020-03-02,6.89583734921365,6.913020969707429,6.499868326967326,6.884132385253906,890744000
NVDA,2020-03-03,6.939917727935371,6.999686581117535,6.536228474879406,6.62164831161499,652792000
NVDA,2020-03-04,6.728981858935505,7.094817286738061,6.654270451674621,7.085353851318359,597408000
NVDA,2020-03-05,6.885874636047277,7.052729485781537,6.7613561056485905,6.805933952331543,540328000
NVDA,2020-03-06,6.626378976418261,6.683906769581396,6.42515686299559,6.625382900238037,515412000
NVDA,2020-03-09,5.974399445452702,6.460021937653119,5.931565322628148,6.112366199493408,614160000
NVDA,2020-03-10,6.388796719236526,6.501859664916992,6.126063013801358,6.501859664916992,580648000
NVDA,2020-03-11,6.361901569855591,6.39029187874802,6.040892861634512,6.138017177581787,499964000
NVDA,2020-03-12,5.614791089429549,5.8802646697201535,5.374221317468399,5.386922359466553,816540000
NVDA,2020-03-13,5.740304950543586,6.002291990483821,5.469103849526931,5.997809410095215,634836000
NVDA,2020-03-16,5.289796840505628,5.6307289757681565,4.831319638794608,4.891088485717773,726972000
NVDA,2020-03-17,5.00340532018319,5.500234647239916,4.75660969644265,5.410830020904541,833632000
NVDA,2020-03-18,4.983232149697851,5.228284456212011,4.499602269107652,5.050970077514648,874268000
NVDA,2020-03-19,5.029552628734446,5.397380690382684,4.816128239884334,5.3037428855896,765512000
NVDA,2020-03-20,5.453912435431713,5.7358224271216045,5.108498191771292,5.12393856048584,804636000
NVDA,2020-03-23,5.122941742356388,5.391155078470453,4.943884109658483,5.296769618988037,643876000
NVDA,2020-03-24,5.702949978590255,6.292172088354584,5.679291623084315,6.205506801605225,1101644000
NVDA,2020-03-25,6.320561003595748,6.5202887570171155,6.068037414793704,6.116848945617676,793432000
NVDA,2020-03-26,6.324049164664414,6.530252179522313,6.2259287517373485,6.406231880187988,696108000
NVDA,2020-03-27,6.225927016464721,6.552663734688867,6.193054129417796,6.293914318084717,638828000
NVDA,2020-03-30,6.359412061057762,6.6233917643524505,6.315332477064277,6.614177227020264,602252000
NVDA,2020-03-31,6.65427114369263,6.85848196477575,6.418931160097484,6.564618110656738,949960000
NVDA,2020-04-01,6.366633735921976,6.513067390574506,6.00876734687262,6.0533447265625,656912000
NVDA,2020-04-02,6.082481291487029,6.375349031455613,6.0344174147960805,6.362150192260742,675764000
NVDA,2020-04-03,6.324546124267488,6.366135274074595,5.93679555989796,6.074264049530029,663212000
NVDA,2020-04-06,6.356423567850926,6.721014090642787,6.298895768250316,6.68415641784668,727884000
NVDA,2020-04-07,6.905798241334143,6.929457068369353,6.407724072179128,6.450807571411133,784520000
NVDA,2020-04-08,6.559886380587937,6.672949345722739,6.489906918852568,6.648045539855957,542444000
NVDA,2020-04-09,6.773808691907886,6.796719867417018,6.485423520821996,6.5484299659729,525564000
NVDA,2020-04-13,6.488661301151191,6.728982125267941,6.400253250310459,6.720265865325928,398408000
NVDA,2020-04-14,6.848521348063882,7.105527573871084,6.820878210331676,7.071409702301025,530948000
NVDA,2020-04-15,6.903308880606586,7.076887880789214,6.857984321807403,6.993958473205566,366148000
NVDA,2020-04-16,7.149357193306703,7.4462092792659,7.136158352257488,7.339123249053955,745620000
NVDA,2020-04-17,7.421305181719066,7.442722481918117,7.145870407649511,7.279852390289307,539120000
NVDA,2020-04-20,7.15334111656417,7.3092381874601005,7.104280687783636,7.148609161376953,449388000
NVDA,2020-04-21,7.030567313176255,7.091830043239888,6.6520307684707305,6.711799621582031,735160000
NVDA,2020-04-22,6.904055247287236,7.169030984977875,6.858481793507247,7.126196384429932,483356000
NVDA,2020-04-23,7.168284222501299,7.300273585870351,7.047749973310746,7.072902679443359,424160000
NVDA,2020-04-24,7.062692909541992,7.213858054516523,6.987981488178347,7.2118659019470215,352328000
NVDA,2020-04-27,7.346345445854458,7.558275973158622,7.321690541502693,7.3983941078186035,479388000
NVDA,2020-04-28,7.545824789354154,7.5757094537182095,7.2504670253091525,7.255945682525635,442904000
NVDA,2020-04-29,7.39067376810219,7.485557029064431,7.315464555147975,7.432761192321777,379160000
NVDA,2020-04-30,7.378719919459996,7.432761207771486,7.264910261127515,7.27885627746582,375916000
NVDA,2020-05-01,7.0813708186054525,7.194682696316542,6.993958825799791,7.042272090911865,342096000
NVDA,2020-05-04,6.994954166898053,7.267899006058061,6.994954166898053,7.254201889038086,317556000
NVDA,2020-05-05,7.358301006186507,7.47783872605027,7.254203183262924,7.3152174949646,368896000
NVDA,2020-05-06,7.394659831392394,7.520921650968237,7.356806080552942,7.41607666015625,323464000
NVDA,2020-05-07,7.555286356755522,7.655648264110869,7.50398487687924,7.592392921447754,373732000
NVDA,2020-05-08,7.664116006837052,7.7886345462657625,7.630247043912532,7.782408714294434,339216000
NVDA,2020-05-11,7.777427686453684,8.0812532199306,7.748788480019479,8.03443431854248,469060000
NVDA,2020-05-12,8.09221131809432,8.141022376410879,7.762735249455846,7.77244758605957,493060000
NVDA,2020-05-13,7.887005024962632,8.047384694158001,7.565498035666604,7.750034809112549,625852000
NVDA,2020-05-14,7.811547553370342,8.005049503643653,7.657891504633286,7.999570846557617,602312000
NVDA,2020-05-15,7.859361447082682,8.467758774357401,7.843672178972516,8.458046913146973,987660000
NVDA,2020-05-18,8.726758578966196,8.882157876251767,8.647066777794294,8.716547966003418,774460000
NVDA,2020-05-19,8.756394946991293,9.052499909442956,8.729000708833206,8.771586418151855,717320000
NVDA,2020-05-20,8.956369577080315,9.008169334494243,8.854513314184649,8.935450553894043,587536000
NVDA,2020-05-21,9.016635164411149,9.017630765345775,8.703844520777375,8.741449356079102,761068000
NVDA,2020-05-22,8.79125766258948,9.057977113329207,8.679689536790752,8.991483688354492,1038764000
NVDA,2020-05-26,9.121481923174644,9.14638620409018,8.638599173736333,8.684172630310059,770780000
NVDA,2020-05-27,8.591779842948718,8.599499552152,7.96594949684625,8.492414474487305,1175892000
NVDA,2020-05-28,8.379850276661402,8.726759399702443,8.346977381836325,8.454313278198242,734896000
NVDA,2020-05-29,8.521551519120809,8.841315269470215,8.452319232440864,8.841315269470215,745256000
NVDA,2020-06-01,8.799227669489188,8.806698478293196,8.656031150738611,8.772331237792969,389876000
NVDA,2020-06-02,8.762371175601668,8.803212676992109,8.624653302312682,8.791258811950684,391320000
NVDA,2020-06-03,8.788271870132402,8.832102079332936,8.666492155647125,8.735724449157715,365440000
NVDA,2020-06-04,8.698350089058458,8.912868885632555,8.64802172457108,8.736720085144043,424280000
NVDA,2020-06-05,8.764626517663563,8.9664380418545,8.678420180221178,8.889699935913086,481748000
NVDA,2020-06-08,8.847095164462296,8.859552513936833,8.6562459473122,8.775091171264648,387736000
NVDA,2020-06-09,8.770105629826103,9.078802979895228,8.721521314930497,9.01526927947998,468488000
NVDA,2020-06-10,9.136606093088256,9.467727031102099,9.12240374979745,9.334929466247559,632180000
NVDA,2020-06-11,9.11891543812887,9.229787426005165,8.756152642128624,8.76636791229248,583652000
NVDA,2020-06-12,9.13137603070364,9.156041713433337,8.67368562111554,8.902156829833984,570908000
NVDA,2020-06-15,8.785305919887975,9.151058886983924,8.714048022300092,9.142587661743164,400004000
NVDA,2020-06-16,9.193661221979534,9.235269343312108,8.80872289575929,9.037692070007324,535716000
NVDA,2020-06-17,9.08279175254697,9.267411803522828,9.039438621471167,9.204626083374023,408304000
NVDA,2020-06-18,9.195657676798437,9.250969183096228,9.083539630190096,9.186688423156738,254408000
NVDA,2020-06-19,9.211104186655707,9.412915700228654,9.195905784531032,9.229789733886719,524160000
NVDA,2020-06-22,9.268411258045115,9.498875590481266,9.241751556025452,9.494390487670898,398468000
NVDA,2020-06-23,9.518553950151457,9.609743396922207,9.375542057342088,9.41789722442627,375108000
NVDA,2020-06-24,9.44405786596491,9.524035985710388,9.113434939664412,9.204126358032227,449372000
NVDA,2020-06-25,9.32396813027202,9.472711150928301,9.15105745767166,9.457761764526367,376072000
NVDA,2020-06-26,9.467727733110355,9.467727733110355,9.094001638382315,9.123899459838867,592084000
NVDA,2020-06-29,9.138600111994467,9.173232049293702,8.869765873209746,9.168746948242188,342248000
NVDA,2020-06-30,9.282360571198074,9.49388931691423,9.23502227034489,9.465486526489258,367892000
NVDA,2020-07-01,9.48840899138642,9.543222465918335,9.38102506839929,9.497627258300781,326648000
NVDA,2020-07-02,9.60625621550432,9.704421861503496,9.545712575907153,9.579597473144531,364056000
NVDA,2020-07-06,9.70865754167774,9.875090068802235,9.679506757953977,9.805826187133789,315892000
NVDA,2020-07-07,9.912464758969064,10.035794141571895,9.81728915886992,9.838217735290527,357800000
NVDA,2020-07-08,9.95980133623924,10.190266551563438,9.931647558636042,10.181296348571777,365480000
NVDA,2020-07-09,10.344986563450181,10.534091670213655,10.198734648692174,10.473299026489258,494548000
NVDA,2020-07-10,10.55277915164797,10.619052957502204,10.343492498515767,10.44365119934082,497676000
NVDA,2020-07-13,10.559011304257547,10.755590702486899,9.990946826745457,10.018104553222656,457076000
NVDA,2020-07-14,10.040774113605373,10.367410922178168,9.752257335870901,10.341748237609863,542676000
NVDA,2020-07-15,10.378872771488924,10.397558316682144,10.02159013052711,10.19250774383545,403984000
NVDA,2020-07-16,9.980979490097369,10.17207769152356,9.861885270696039,10.100322723388672,344964000
NVDA,2020-07-17,10.190765872480604,10.213687509797916,10.053484112073008,10.166847229003906,266284000
NVDA,2020-07-20,10.239347866244826,10.495474793400428,10.12224671574614,10.475044250488281,284852000
NVDA,2020-07-21,10.477288085807832,10.524129314223586,10.251806935143245,10.293415069580078,277036000
NVDA,2020-07-22,10.332280922279889,10.566482262810977,10.256538888598485,10.403288841247559,367292000
NVDA,2020-07-23,10.414502437665947,10.511173062182083,9.997175070301086,10.095340728759766,411660000
NVDA,2020-07-24,9.841452720223975,10.329538853765017,9.743786070921725,10.159867286682129,473292000
NVDA,2020-07-27,10.197493615327108,10.406281353366168,10.183042252607084,10.386100769042969,292132000
NVDA,2020-07-28,10.339011737028404,10.346734971259014,10.17457223783948,10.180800437927246,271636000
NVDA,2020-07-29,10.355452784080558,10.480526189636478,10.311851591947988,10.429948806762695,284508000
NVDA,2020-07-30,10.339757247035065,10.586914962321845,10.260278088332438,10.577945709228516,308880000
NVDA,2020-07-31,10.527368007376973,10.729928483345562,10.397560467511157,10.578693389892578,386080000
NVDA,2020-08-03,10.696042378108977,11.061048285507654,10.678850914559442,10.972848892211914,412720000
NVDA,2020-08-04,11.012463703459618,11.18960952758789,10.86895281349992,11.18960952758789,310336000
NVDA,2020-08-05,11.205806034151632,11.333121529035113,11.128319935451577,11.24841022491455,249924000
NVDA,2020-08-06,11.31119465090716,11.31941686149948,11.14077600653465,11.296993255615234,244316000
NVDA,2020-08-07,11.27407313407633,11.46567034057355,11.000007648007522,11.161457061767578,342516000
NVDA,2020-08-10,11.29574884493329,11.369496879369624,10.819620950570867,11.127073287963867,427796000
NVDA,2020-08-11,11.036132831528473,11.09891950188312,10.759077298686691,10.813143730163574,354512000
NVDA,2020-08-12,10.95341685672957,11.428048823322621,10.921026986830807,11.401390075683594,464412000
NVDA,2020-08-13,11.506776910592965,11.681930604747086,11.317173759001438,11.40412712097168,374460000
NVDA,2020-08-14,11.490831482358997,11.664988170804342,11.401636045031081,11.5247163772583,366436000
NVDA,2020-08-17,11.810990587312567,12.367593632314799,11.777106641549244,12.295090675354004,621300000
NVDA,2020-08-18,12.407707107828923,12.453551324655562,12.045193262326693,12.219099998474121,503448000
NVDA,2020-08-19,12.254726571440044,12.273163099809095,12.056900283971265,12.09726333618164,622624000
NVDA,2020-08-20,11.934322617469864,12.332963481130468,11.8383990359287,12.09975814819336,921388000
NVDA,2020-08-21,12.160301181206735,12.765239587965969,12.153823018009948,12.64041519165039,999868000
NVDA,2020-08-24,12.83998356587323,12.868636319650925,12.465011429685445,12.67703914642334,490564000
NVDA,2020-08-25,12.587843670733813,12.717900209018433,12.531037137240192,12.70668888092041,289076000
NVDA,2020-08-26,12.755772114597788,12.824786987002051,12.634684820494062,12.72961139678955,321244000
NVDA,2020-08-27,12.738080129802974,12.806347947098887,12.523810349181772,12.58535099029541,317604000
NVDA,2020-08-28,12.63194271103962,13.103335485435085,12.599552848710347,13.103086471557617,537160000
NVDA,2020-08-31,13.137968078427848,13.528885669906302,12.993461136211971,13.32906723022461,500840000
NVDA,2020-09-01,13.438227675991252,13.95038574188467,13.394862527172423,13.77817153930664,511316000
NVDA,2020-09-02,14.658188096874104,14.681117543199818,13.856928587081113,14.302045822143555,874012000
NVDA,2020-09-03,13.785896742009523,13.841473875875945,12.838840818617765,12.975167274475098,945128000
NVDA,2020-09-04,12.744133979096368,13.134172141716105,11.668478174710607,12.58338451385498,1463684000
NVDA,2020-09-08,11.698136345800078,12.51110948315677,11.667980489453653,11.876083374023438,795728000
NVDA,2020-09-09,12.3615756131912,12.769557724636103,12.193846887519623,12.675600051879883,736200000
NVDA,2020-09-10,12.949001013205102,13.024765728591726,12.129298514979132,12.273600578308105,698684000
NVDA,2020-09-11,12.446811679539705,12.613294016291684,11.858888841112012,12.126806259155273,636928000
NVDA,2020-09-14,13.040466040853438,13.273740196264075,12.592109741002641,12.832362174987793,1201744000
NVDA,2020-09-15,13.23884963092498,13.25754172133773,12.788001467995608,12.950745582580566,727556000
NVDA,2020-09-16,12.91709841286544,13.052178487115969,12.47497314034895,12.475720405578613,556384000
NVDA,2020-09-17,12.094654408006981,12.55073716303664,11.99745669318927,12.424878120422363,792512000
NVDA,2020-09-18,12.554725337708717,12.59335495759462,11.951600527210127,12.15147876739502,698460000
NVDA,2020-09-21,11.888044858192208,12.483693065755082,11.86760820473636,12.478459358215332,721044000
NVDA,2020-09-22,12.536032575534035,12.608806318519358,12.11783311712791,12.598587989807129,646452000
NVDA,2020-09-23,12.536531596615704,12.687562840432774,12.04182013447022,12.086181640625,647012000
NVDA,2020-09-24,12.034841522187119,12.530550274972123,11.97677159825077,12.309736251831055,731240000
NVDA,2020-09-25,12.4089288617746,12.843577688833532,12.207804227081587,12.833857536315918,588016000
NVDA,2020-09-28,12.999840680216156,13.01130540147052,12.710490282252483,12.994606971740723,573808000
NVDA,2020-09-29,12.897410012500536,13.401094349784989,12.893173608080435,13.18476676940918,621460000
NVDA,2020-09-30,13.116727827913346,13.580287038831065,13.109500461527388,13.488572120666504,689184000
NVDA,2020-10-01,13.715365122828189,13.720099703122544,13.419035538099738,13.572309494018555,525004000
NVDA,2020-10-02,13.184019258253107,13.477606072110225,13.010557705011829,13.021773338317871,552496000
NVDA,2020-10-05,13.194985220785789,13.601970018218562,13.18177592914348,13.600225448608398,479820000
NVDA,2020-10-06,13.787141968202581,14.098175381402928,13.622653326744505,13.693931579589844,784420000
NVDA,2020-10-07,13.956366378512186,14.075496220253884,13.820538108612384,13.920726776123047,418084000
NVDA,2020-10-08,14.031382869002927,14.040853931484282,13.715365781402312,13.795865058898926,378900000
NVDA,2020-10-09,13.72433966527739,13.781412284485725,13.618419097926854,13.720102310180664,346892000
NVDA,2020-10-12,13.946148379332305,14.302540608740335,13.8693873271099,14.181915283203125,434744000
NVDA,2020-10-13,14.252196515380486,14.304035417247032,13.97530722481421,14.204095840454102,344604000
NVDA,2020-10-14,14.246216365246953,14.298304361964878,13.916740866696482,14.0515718460083,276100000
NVDA,2020-10-15,13.767953352964803,13.962348784110764,13.725086380494536,13.92671012878418,267224000
NVDA,2020-10-16,13.993251870414806,14.077739416679783,13.749758471159122,13.768699645996094,242392000
NVDA,2020-10-19,13.859916877432626,13.940167071941861,13.36520451854094,13.455923080444336,298068000
NVDA,2020-10-20,13.541405172016518,13.756985440017054,13.465142303378865,13.6032133102417,229212000
NVDA,2020-10-21,13.582779175429115,13.748763320474952,13.435736206877356,13.482839584350586,219596000
NVDA,2020-10-22,13.480597733471686,13.56957078572013,13.190748181393985,13.319598197937012,290480000
NVDA,2020-10-23,13.408319223122215,13.551125765582382,13.25006159631915,13.548134803771973,233484000
NVDA,2020-10-26,13.385393648162431,13.650320097165912,12.998097284565896,13.100528717041016,336896000
NVDA,2020-10-27,13.264766581144487,13.400345770075305,13.150621352779737,13.355236053466797,250520000
NVDA,2020-10-28,13.157101249805214,13.218909394525857,12.569926727116144,12.587870597839355,376520000
NVDA,2020-10-29,12.798715363998193,13.15186754873431,12.710489589909798,12.983640670776367,320080000
NVDA,2020-10-30,12.810179890792627,12.896411055077888,12.261884079576626,12.495159149169922,416820000
NVDA,2020-11-02,12.61852818964224,12.796973432380417,12.356592687031494,12.541767120361328,299652000
NVDA,2020-11-03,12.669121244314516,13.064392281021293,12.563698838485902,12.979157447814941,272900000
NVDA,2020-11-04,13.347759223710232,13.784651715579656,13.295671227164691,13.751503944396973,410228000
NVDA,2020-11-05,14.118615031439523,14.29456747948615,13.947646253256467,14.116122245788574,319028000
NVDA,2020-11-06,14.066025304842766,14.543541030292754,13.851941452053909,14.516874313354492,383348000
NVDA,2020-11-09,14.507403229682708,14.645972423648024,13.56857203173021,13.588509559631348,582976000
NVDA,2020-11-10,13.564336776684897,13.564336776684897,12.5891185599537,12.730429649353027,644068000
NVDA,2020-11-11,13.013298590022384,13.393367538571804,12.908125296795578,13.376420021057129,404744000
NVDA,2020-11-12,13.437230778580004,13.723341113846628,13.27473578360391,13.41504955291748,365812000
NVDA,2020-11-13,13.585020917023794,13.626392406024213,13.018781223457097,13.255794525146484,346312000
NVDA,2020-11-16,13.13168208255799,13.607204240267464,13.115233690207111,13.473370552062988,413776000
NVDA,2020-11-17,13.510503557144846,13.554117795380119,13.262524644847927,13.380657196044922,312028000
NVDA,2020-11-18,13.423524285055443,13.563588976140519,13.144143118815265,13.387137413024902,510924000
NVDA,2020-11-19,13.17180655068119,13.445704907564874,13.059405888959795,13.398601531982422,565936000
NVDA,2020-11-20,13.412309593696861,13.452683781596887,13.024514126113623,13.047194480895996,341088000
NVDA,2020-11-23,13.130434471634414,13.341029190796476,12.975166845400635,13.099281311035156,361356000
NVDA,2020-11-24,13.101773917836427,13.121213270629385,12.845072163597615,12.917596817016602,346500000
NVDA,2020-11-25,12.992114247965226,13.228379329098729,12.979653173979193,13.193737030029297,259916000
NVDA,2020-11-27,13.33355368493512,13.365953240464343,13.129687189722432,13.220155715942383,167276000
NVDA,2020-11-30,13.223893683304208,13.370936636357785,12.93205052330156,13.359970092773438,286952000
NVDA,2020-12-01,13.450440170378451,13.486827040045208,13.1872573732238,13.348506927490234,296948000
NVDA,2020-12-02,13.3091310010847,13.631130077502323,13.19324118615636,13.502530097961426,283360000
NVDA,2020-12-03,13.549395446698242,13.621692359204236,13.29162122454906,13.35843276977539,199520000
NVDA,2020-12-04,13.410786363398698,13.521974424507142,13.351204314555789,13.52022933959961,202244000
NVDA,2020-12-07,13.563107654973566,13.692743209564702,13.462141895080437,13.568592071533203,223244000
NVDA,2020-12-08,13.546904559527674,13.560616077431042,13.244255468660604,13.3125638961792,271920000
NVDA,2020-12-09,13.263198528822178,13.37637985934221,12.832160755518315,12.894485473632812,401300000
NVDA,2020-12-10,12.832911123321507,13.032100899132319,12.813465077975872,12.935871124267578,207764000
NVDA,2020-12-11,12.930887469523446,12.983490135259263,12.78704205504218,12.97675895690918,209264000
NVDA,2020-12-14,13.05129824509495,13.351204645640843,13.040827735390105,13.271429061889648,270156000
NVDA,2020-12-15,13.40206047490147,13.426242500782983,13.149770658003526,13.323033332824707,193016000
NVDA,2020-12-16,13.38485880478983,13.399567920519228,13.175447671879173,13.205364227294922,223116000
NVDA,2020-12-17,13.329264657179316,13.341979525513967,13.141542987766448,13.303836822509766,231384000
NVDA,2020-12-18,13.341478678361133,13.367405784909927,13.033844519906944,13.234779357910156,342064000
NVDA,2020-12-21,13.038084209341594,13.332506174025465,12.931134759264241,13.294861793518066,302332000
NVDA,2020-12-22,13.281899872364148,13.299849046264637,13.017393488830592,13.24101448059082,185580000
NVDA,2020-12-23,13.218823803267174,13.237770572010604,12.968528267498415,12.972765922546387,179144000
NVDA,2020-12-24,13.000687677493834,13.095670686086326,12.90246461252926,12.95730972290039,97884000
NVDA,2020-12-28,13.025869534762169,13.025869534762169,12.727459055388337,12.863824844360352,212564000
NVDA,2020-12-29,12.888753571154453,13.035839963058338,12.806235314111813,12.906951904296875,170372000
NVDA,2020-12-30,12.953821418799093,13.176694914698261,12.860584432443018,13.108885765075684,225396000
NVDA,2020-12-31,13.099662161368183,13.114121164807875,12.87878290992759,13.018390655517578,192424000
NVDA,2021-01-04,13.067503164125954,13.61421596546019,12.926150323127079,13.076726913452148,560640000
NVDA,2021-01-05,13.063014829846537,13.405800875139692,13.050300910946934,13.367159843444824,322760000
NVDA,2021-01-06,13.185420201840708,13.207857143489328,12.55070572206963,12.57912540435791,580424000
NVDA,2021-01-07,12.931136197590789,13.340236434139047,12.85036396210047,13.306580543518066,461480000
NVDA,2021-01-08,13.325029238416239,13.383364531567597,13.00542760762959,13.239519119262695,292528000
NVDA,2021-01-11,13.381118966632627,13.92184894045649,13.32502709160105,13.583300590515137,518344000
NVDA,2021-01-12,13.7139336394329,13.71592883730901,13.307577070665623,13.446934700012207,291476000
NVDA,2021-01-13,13.452169197546132,13.586790839609762,13.347464109941011,13.493802070617676,210028000
NVDA,2021-01-14,13.536932045657988,13.561612396886156,13.143538544960627,13.163232803344727,283120000
NVDA,2021-01-15,13.19090209083894,13.287879340414982,12.812466952148759,12.82343578338623,277780000
NVDA,2021-01-19,12.979747264530975,13.057279430107188,12.807980522839523,12.988722801208496,226188000
NVDA,2021-01-20,13.074980630078048,13.392837146187576,13.020135512164993,13.328269004821777,258572000
NVDA,2021-01-21,13.380871079540578,13.959992973771397,13.215835495319384,13.828612327575684,337780000
NVDA,2021-01-22,13.701470507641192,13.802935556370324,13.589036624292714,13.674047470092773,246820000
NVDA,2021-01-25,13.74310221612875,13.789721185785888,13.19938129579068,13.614962577819824,251112000
NVDA,2021-01-26,13.542415511367036,13.606485325863583,13.34995690590269,13.397573471069336,163980000
NVDA,2021-01-27,13.192897604485092,13.195640288057769,12.757871281264219,12.881524085998535,371272000
NVDA,2021-01-28,12.959802629002251,13.302339432353476,12.92415250060407,13.014398574829102,228316000
NVDA,2021-01-29,13.03833420279187,13.297356163278318,12.875292865521274,12.953323364257812,271552000
NVDA,2021-02-01,13.016643847976683,13.233533625868915,12.866565612653634,13.199878692626953,217204000
NVDA,2021-02-02,13.361175169955763,13.533938558603332,13.248242035181995,13.518732070922852,220440000
NVDA,2021-02-03,13.597759985933012,13.89268122482267,13.478595893291107,13.49255657196045,245408000
NVDA,2021-02-04,13.493054232332696,13.635154533800035,13.30034647317784,13.625930786132812,201340000
NVDA,2021-02-05,13.686511005543283,13.698726599293336,13.507762965833473,13.552886009216309,169152000
NVDA,2021-02-08,13.68875246708094,14.433158947018137,13.68875246708094,14.3982572555542,434624000
NVDA,2021-02-09,14.300537233182455,14.542357549829243,14.182618921312462,14.223255157470703,287560000
NVDA,2021-02-10,14.422691425140114,14.863202216590143,14.301282965701423,14.722846984863281,485352000
NVDA,2021-02-11,14.938241392149193,15.229422356874197,14.883146161796272,15.207982063293457,450828000
NVDA,2021-02-12,15.007792482886183,15.24836593558468,14.73356314946317,14.919291496276855,374756000
NVDA,2021-02-16,15.022005252212074,15.329391251477393,14.908075461379754,15.287259101867676,321960000
NVDA,2021-02-17,15.128455897288585,15.180809395697596,14.738552573585007,14.8641996383667,274756000
NVDA,2021-02-18,14.687693659586431,14.831539037044887,14.534125260124792,14.787413597106934,233868000
NVDA,2021-02-19,14.98236639799842,15.134438891463464,14.805115230939935,14.884641647338867,271724000
NVDA,2021-02-22,14.733315349118197,15.09081044863144,14.284826684273357,14.31549072265625,325884000
NVDA,2021-02-23,14.03578021297403,14.198822514035365,13.351953168163426,14.102343559265137,391780000
NVDA,2021-02-24,14.083148289876181,14.466071329933001,13.717425988483937,14.458342552185059,448320000
NVDA,2021-02-25,14.006113004928865,14.334440047309721,13.17918902800684,13.270182609558105,824436000
NVDA,2021-02-26,13.713932284643422,13.815646473279205,13.323530680452917,13.676039695739746,500932000
NVDA,2021-03-01,13.836091261293221,13.885951239822205,13.515243835324203,13.802934646606445,353184000
NVDA,2021-03-02,13.861019225401146,13.881461918922543,13.358432904337935,13.368654251098633,264116000
NVDA,2021-03-03,13.388598869860433,13.413777543276217,12.762858052083374,12.768841743469238,377592000
NVDA,2021-03-04,12.764851636975537,12.938613575131294,12.049862368433251,12.335558891296387,573344000
NVDA,2021-03-05,12.514806524253467,12.514806524253467,11.646497921681421,12.426554679870605,542840000
NVDA,2021-03-08,12.415085459306246,12.43627563829937,11.534063017322843,11.560738563537598,543112000
NVDA,2021-03-09,12.100407665853615,12.585710586701868,12.029582238014875,12.489448547363281,521824000
NVDA,2021-03-10,12.808912065236347,12.948068558380744,12.426854829102174,12.437578201293945,384376000
NVDA,2021-03-11,12.918142518050555,13.014156273626458,12.703172774674462,12.961535453796387,299916000
NVDA,2021-03-12,12.617133067544048,12.857041851117744,12.559026896264074,12.824372291564941,243964000
NVDA,2021-03-15,12.833100567176805,13.174259200116992,12.735840584975177,13.158797264099121,221988000
NVDA,2021-03-16,13.32364243314881,13.479258807224893,13.084482313956556,13.258553504943848,272128000
NVDA,2021-03-17,13.007671116067991,13.420153700648893,12.957544682409727,13.308429718017578,243864000
NVDA,2021-03-18,13.104185207444301,13.151568017279345,12.685716806925916,12.691203117370605,293896000
NVDA,2021-03-19,12.718634595532432,12.889712905578849,12.581473040159986,12.814148902893066,299208000
NVDA,2021-03-22,12.880983842945088,13.36154823506086,12.874998085903743,13.153810501098633,297804000
NVDA,2021-03-23,13.221640212354417,13.311668185976108,12.989213658903179,13.038592338562012,222048000
NVDA,2021-03-24,13.118895409337917,13.126876100797682,12.605661508156414,12.611895561218262,245840000
NVDA,2021-03-25,12.468750209276983,12.683470687202513,12.241809920894694,12.504411697387695,295144000
NVDA,2021-03-26,12.523614443030619,12.82462229390924,12.343059962632033,12.807663917541504,363968000
NVDA,2021-03-29,12.788708883498062,13.030363335870426,12.668754976475395,12.916394233703613,273520000
NVDA,2021-03-30,12.810405490366506,12.943327898120906,12.673742460758223,12.840082168579102,200204000
NVDA,2021-03-31,12.98347986602582,13.437360417469511,12.950561058891067,13.315411567687988,314776000
NVDA,2021-04-01,13.538862038226707,13.835879080768066,13.47801127894021,13.777772903442383,308276000
NVDA,2021-04-05,13.833385984222154,13.979525226057607,13.699216354541514,13.95309066772461,255672000
NVDA,2021-04-06,13.965306606978233,14.019672147921428,13.73961355339076,13.827396392822266,191744000
NVDA,2021-04-07,13.846603166850237,14.208460857964388,13.677769984773475,14.108707427978516,251284000
NVDA,2021-04-08,14.217688306990038,14.435900177020958,14.213946732959487,14.281780242919922,244416000
NVDA,2021-04-09,14.179033078443032,14.372556078838363,14.14012946049153,14.364575386047363,195172000
NVDA,2021-04-12,14.25459244697287,15.314727583018188,14.104462431417547,15.17158031463623,869324000
NVDA,2021-04-13,15.194028535206293,15.661376111521582,15.088538607928012,15.640926361083984,676212000
NVDA,2021-04-14,15.586558575153054,15.681823613553766,15.190036486948038,15.239415168762207,385500000
NVDA,2021-04-15,15.623968769706602,16.174361581809492,15.593044896398382,16.097551345825195,598480000
NVDA,2021-04-16,16.01350646843604,16.12598008943115,15.826218501412095,15.873353004455566,335208000
NVDA,2021-04-19,15.498278823834138,15.768612048726274,15.195525285421995,15.323958396911621,404420000
NVDA,2021-04-20,15.28555384611717,15.458876336209281,14.926190558835732,15.133928298950195,334132000
NVDA,2021-04-21,15.081554081407855,15.324704972178079,15.065095154602076,15.322710037231445,216776000
NVDA,2021-04-22,15.337177673145806,15.400521867224105,14.747132474891446,14.813718795776367,277788000
NVDA,2021-04-23,14.897508513089308,15.297272744454006,14.863592715745595,15.227694511413574,227500000
NVDA,2021-04-26,15.147642935688191,15.440919322295558,15.087790126519275,15.439921379089355,197796000
NVDA,2021-04-27,15.54017685609075,15.631950544714641,15.316727916455548,15.343911170959473,164572000
NVDA,2021-04-28,15.32669985478842,15.494037509046763,15.178066261499001,15.239165306091309,209416000
NVDA,2021-04-29,15.362113842578646,15.39852402553531,15.034422195968673,15.287049293518066,173196000
NVDA,2021-04-30,15.137172118355222,15.327202807389392,14.960108034536171,14.972577095031738,201912000
NVDA,2021-05-03,15.087791869623961,15.20924223777968,14.7511225142215,14.800251007080078,203912000
NVDA,2021-05-04,14.60123939851099,14.601488646469987,13.975782087903074,14.315942764282227,405324000
NVDA,2021-05-05,14.672814191288305,14.777057880701475,14.35210528482162,14.422930717468262,292024000
NVDA,2021-05-06,14.459588610408613,14.53540184870253,14.18302136153679,14.48727035522461,193380000
NVDA,2021-05-07,14.771821324795141,14.933920995149085,14.635656764528989,14.775811195373535,229328000
NVDA,2021-05-10,14.750873384517554,14.769577450358023,14.214945436853133,14.230656623840332,268904000
NVDA,2021-05-11,13.790988399639572,14.319435012067427,13.71617310026738,14.2710542678833,285584000
NVDA,2021-05-12,13.97503424774267,14.225167908494997,13.675523802229213,13.724652290344238,303408000
NVDA,2021-05-13,13.999225058319066,14.046110316134385,13.42588905794775,13.631631851196289,285404000
NVDA,2021-05-14,13.855830733479957,14.292752972906976,13.714678353750243,14.207962036132812,258616000
NVDA,2021-05-17,14.122171332609264,14.134391142572785,13.819418762550056,14.130650520324707,216980000
NVDA,2021-05-18,14.231902003595811,14.368814302100715,13.96954852184947,13.981269836425781,186256000
NVDA,2021-05-19,13.533124795954503,14.044863252937322,13.509932366145637,14.031147003173828,344000000
NVDA,2021-05-20,14.267313661284234,14.647626114558799,14.23539279664413,14.57655143737793,321592000
NVDA,2021-05-21,15.126445108164015,15.184552232588912,14.832919461611446,14.95486831665039,672992000
NVDA,2021-05-24,15.17507511104745,15.706265365867367,15.13866492809838,15.573593139648438,554816000
NVDA,2021-05-25,15.727214784284769,15.779585403800763,15.444412487570158,15.60925579071045,435408000
NVDA,2021-05-26,15.69554199926276,15.75489536364087,15.54790633225724,15.661375999450684,370440000
NVDA,2021-05-27,15.66112686872143,15.71125330157703,15.421966770902706,15.449897766113281,581476000
NVDA,2021-05-28,15.462866702379829,16.23745619906393,15.462866702379829,16.20453643798828,644536000
NVDA,2021-06-01,16.22997265762719,16.347931629920918,15.864124228355527,16.224485397338867,472804000
NVDA,2021-06-02,16.21226777374694,16.877128178251017,16.195558646312733,16.73697280883789,594168000
NVDA,2021-06-03,16.659664080908772,17.216541131071583,16.5422035955669,16.928001403808594,580008000
NVDA,2021-06-04,17.070401602049834,17.617552324507795,17.053445127711075,17.53500747680664,617120000
NVDA,2021-06-07,17.528021981905518,17.768677543429288,17.150453185888143,17.575653076171875,575756000
NVDA,2021-06-08,17.484131607589486,17.57814946975256,17.208560371373252,17.41405487060547,323848000
NVDA,2021-06-09,17.476663064864983,17.535780721881775,17.21724304760244,17.31951332092285,381656000
NVDA,2021-06-10,17.311282630136223,17.452965945027934,17.137671136572692,17.3861141204834,287772000
NVDA,2021-06-11,17.440493617838474,17.899218794058417,17.404823958700685,17.785472869873047,416308000
NVDA,2021-06-14,17.866046711104186,17.99924798169743,17.62333957825231,17.978544235229492,321376000
NVDA,2021-06-15,17.87502480453141,17.9760485675202,17.688441808318867,17.74880599975586,243032000
NVDA,2021-06-16,17.751048686283887,17.914682262565314,17.545257811678535,17.770503997802734,307124000
NVDA,2021-06-17,17.73483614068346,18.7929688306479,17.716627352704926,18.615615844726562,809656000
NVDA,2021-06-18,18.742080787588076,19.331761477324207,18.542526359488548,18.59715461730957,968856000
NVDA,2021-06-21,18.394110948679845,18.495136607237573,17.782978507688828,18.38612937927246,672384000
NVDA,2021-06-22,18.430280361670633,18.92143232381055,18.344970443440133,18.844602584838867,580144000
NVDA,2021-06-23,18.965331868127812,19.11000874290461,18.86555464748546,19.014720916748047,332356000
NVDA,2021-06-24,19.184842999806214,19.37666328306946,19.045652733544433,19.162641525268555,320924000
NVDA,2021-06-25,19.23747460979559,19.30233009055786,18.852336315853158,18.9885311126709,278364000
NVDA,2021-06-28,19.31804607968373,20.033945692644743,19.275890678564842,19.940404891967773,495436000
NVDA,2021-06-29,19.838128621240415,20.053895490873828,19.61313175506694,19.982057571411133,367632000
NVDA,2021-06-30,19.954619984922232,20.117505644957735,19.819422413072925,19.957862854003906,326568000
NVDA,2021-07-01,20.08009486539896,20.410355677231596,19.974330486109007,20.166900634765625,480136000
NVDA,2021-07-02,20.39464128513215,20.459496781014884,20.242481411960746,20.441286087036133,342764000
NVDA,2021-07-06,20.691218122883416,20.795484721302476,20.30483337664297,20.652305603027344,446708000
NVDA,2021-07-07,20.806965588248794,20.828417245407213,20.286629685691395,20.326290130615234,418428000
NVDA,2021-07-08,19.812196926089005,20.08807879827033,19.656794160465697,19.85834312438965,503300000
NVDA,2021-07-09,19.91795284925319,20.035440254937832,19.71016751816278,20.00550651550293,296624000
NVDA,2021-07-12,20.19483717208179,20.48693334951167,20.142703851662763,20.46673011779785,321984000
NVDA,2021-07-13,20.3549784361798,20.41559384007116,20.06911869589807,20.204814910888672,290708000
NVDA,2021-07-14,20.31231679757764,20.372182360498936,19.708667455133725,19.797218322753906,380100000
NVDA,2021-07-15,19.76753757883624,19.80270862400988,18.816414013293638,18.92392349243164,550564000
NVDA,2021-07-16,18.988032725090143,19.114249610724638,18.032668986212673,18.120471954345703,688224000
NVDA,2021-07-19,17.875271703441314,18.999506326648362,17.825631445000248,18.737842559814453,749060000
NVDA,2021-07-20,18.688203709705867,18.795962510715192,18.123466749051826,18.570466995239258,434687000
NVDA,2021-07-21,18.839869802881065,19.483431113478787,18.700182784677363,19.36669158935547,371017000
NVDA,2021-07-22,19.59816711341448,19.84261930571644,19.232982752333722,19.550273895263672,323826000
NVDA,2021-07-23,19.612135581591964,19.656038014900673,19.207041478833922,19.514354705810547,195672000
NVDA,2021-07-26,19.267910216356587,19.398616517231275,18.87179481933325,19.250947952270508,203943000
NVDA,2021-07-27,19.22201408557832,19.57821787441653,18.699183100563786,19.165142059326172,248863000
NVDA,2021-07-28,19.275885189194327,19.60215507409645,18.952608867881935,19.459474563598633,202191000
NVDA,2021-07-29,19.475443459730137,19.808699693651445,19.284869681606036,19.618125915527344,190781000
NVDA,2021-07-30,19.37467147777708,19.58619833114908,19.22001855051348,19.45549201965332,183497000
NVDA,2021-08-02,19.656037331339196,19.916454551964733,19.31779315905893,19.70592498779297,217444000
NVDA,2021-08-03,19.695952875592035,20.176877713912567,19.17711272208886,19.77078628540039,301811000
NVDA,2021-08-04,19.945389340104725,20.272658383096573,19.78375021069901,20.228755950927734,231309000
NVDA,2021-08-05,20.454256579946396,20.686736469006593,20.29660819505483,20.59095001220703,211435000
NVDA,2021-08-06,20.478203117578488,20.524100001668085,20.164902693105358,20.320554733276367,178497000
NVDA,2021-08-09,20.400376028225207,20.462237955728927,20.098052643578864,20.249713897705078,146443000
NVDA,2021-08-10,20.276652149351023,20.38441095043881,19.79073746939865,19.89151382446289,179238000
NVDA,2021-08-11,19.998278783857486,20.00426591413598,19.38664756137036,19.655046463012695,185925000
NVDA,2021-08-12,19.82566441499477,19.98430812711342,19.57622224617703,19.860586166381836,151652000
NVDA,2021-08-13,19.86058065307714,20.16889110337351,19.806700306984172,20.142948150634766,183063000
NVDA,2021-08-16,20.09006796888295,20.24172919957382,19.409588774585117,19.905481338500977,210876000
NVDA,2021-08-17,19.64107405193435,19.725885371220297,19.224007514423867,19.414581298828125,204585000
NVDA,2021-08-18,19.456483452348944,19.590185192021558,18.957599261263073,18.99751091003418,285913000
NVDA,2021-08-19,19.45049795314663,20.449265542336242,18.720131086069024,19.753820419311523,766555000
NVDA,2021-08-20,19.946392332251655,20.818442681603692,19.888523090251827,20.76955223083496,675741000
NVDA,2021-08-23,20.924203397298,21.947912925807106,20.903250350633197,21.909000396728516,575807000
NVDA,2021-08-24,21.70445975402652,21.90999945326239,21.486945796783075,21.744369506835938,297299000
NVDA,2021-08-25,21.688487926822237,22.419851854928744,21.67352201208665,22.16342544555664,347701000
NVDA,2021-08-26,22.150458445376195,22.290145407367774,21.74137356832189,22.018753051757812,237940000
NVDA,2021-08-27,22.134496340275508,22.671295897934026,22.1175340779144,22.585487365722656,304722000
NVDA,2021-08-30,22.77905822428135,22.991582292262514,22.500681440564495,22.637374877929688,262580000
NVDA,2021-08-31,22.648351539197673,22.648351539197673,22.07453455787261,22.3389892578125,259850000
NVDA,2021-09-01,22.438782848035817,22.650346976918826,22.311045692279038,22.394872665405273,201767000
NVDA,2021-09-02,22.47171310768264,22.546559703912333,22.2491719184046,22.349964141845703,187834000
NVDA,2021-09-03,22.279110432537877,22.938751008342507,22.154367377268184,22.796045303344727,280532000
NVDA,2021-09-07,22.786065507103327,22.851929824701582,22.475703964992363,22.61541748046875,198107000
NVDA,2021-09-08,22.466725323109348,22.563526062752924,21.93182586082569,22.29308319091797,254434000
NVDA,2021-09-09,22.266131387562186,22.491666610507135,22.085503730002547,22.13140869140625,196856000
NVDA,2021-09-10,22.302065073465506,22.57949354520945,22.22422627932548,22.431798934936523,248376000
NVDA,2021-09-13,22.637372339454643,22.916797475878276,21.81306999526155,22.10646629333496,297500000
NVDA,2021-09-14,22.229212641217604,22.363935372792017,22.040601959070237,22.19628143310547,199755000
NVDA,2021-09-15,22.26314446387039,22.321025809840197,21.92084908003349,22.29507827758789,166538000
NVDA,2021-09-16,22.13740269427345,22.231209337206835,21.881928392765175,22.19628143310547,156033000
NVDA,2021-09-17,22.25416170484627,22.275118448091163,21.78512847263095,21.854984283447266,294503000
NVDA,2021-09-20,21.10253035461788,21.388941027272594,20.619526053194374,21.069599151611328,349440000
NVDA,2021-09-21,21.37297767708859,21.380960654634446,20.90693852871404,21.202329635620117,204688000
NVDA,2021-09-22,21.322083722570767,21.91486268280497,21.152433063036703,21.895902633666992,268726000
NVDA,2021-09-23,22.094487365537624,22.488675841781284,21.845001277296493,22.4357852935791,248555000
NVDA,2021-09-24,22.024635036486504,22.103473124845767,21.816064999304178,22.035612106323242,217655000
NVDA,2021-09-27,21.66537306934412,21.754190825746935,21.28116613158087,21.615476608276367,245215000
NVDA,2021-09-28,21.170389015607775,21.374967501015178,20.608544800178443,20.65644645690918,343069000
NVDA,2021-09-29,20.8969576569864,20.973799045887088,20.424928447373038,20.47482681274414,218394000
NVDA,2021-09-30,20.725315029448115,21.022702882900305,20.64547953016276,20.67342185974121,221009000
NVDA,2021-10-01,20.707346685202516,20.816121880682246,20.161470205057466,20.699363708496094,240978000
NVDA,2021-10-04,20.461857035551912,20.499779039253983,19.514808146330243,19.691444396972656,345635000
NVDA,2021-10-05,19.90899448692086,20.60555973549591,19.81319114034007,20.408964157104492,279282000
NVDA,2021-10-06,20.0786401958577,20.67740525437845,20.038721510128212,20.657447814941406,297202000
NVDA,2021-10-07,21.048644411788743,21.278173092978495,20.928892137925292,21.031681060791016,256919000
NVDA,2021-10-08,21.057626777399292,21.16241049332735,20.732296656436677,20.78818130493164,151258000
NVDA,2021-10-11,20.532707830127908,21.019703686500428,20.46883830414969,20.6524600982666,163388000
NVDA,2021-10-12,20.78519215653204,21.013721593301668,20.48580949597543,20.628515243530273,162134000
NVDA,2021-10-13,20.87500120476158,20.946853707427614,20.67042266932905,20.895957946777344,180652000
NVDA,2021-10-14,21.244244674187563,21.710283856593495,21.078585505731365,21.701303482055664,243589000
NVDA,2021-10-15,21.765167314945042,21.88591887935075,21.61747272820035,21.817060470581055,226994000
NVDA,2021-10-18,21.70429374523038,22.245179438302365,21.599508134493956,22.176321029663086,189494000
NVDA,2021-10-19,22.23020952192543,22.332998439284385,21.99170238328711,22.244182586669922,161473000
NVDA,2021-10-20,22.259153972227175,22.38689113624754,21.93681792130958,22.05756950378418,146276000
NVDA,2021-10-21,22.051573381466657,22.664311447607304,22.03760222340385,22.645349502563477,187590000
NVDA,2021-10-22,22.776083865908273,23.082451989687545,22.514623314038865,22.679283142089844,249384000
NVDA,2021-10-25,22.92577932097551,23.306994101972588,22.72319746404904,23.118383407592773,230235000
NVDA,2021-10-26,23.939690683779567,25.207080642552555,23.874823758987613,24.66619300842285,485898000
NVDA,2021-10-27,24.42369310756561,25.038426104852544,24.23208643543216,24.400739669799805,245990000
NVDA,2021-10-28,24.82686594002739,24.89871845350775,24.472596064958047,24.88973617553711,234204000
NVDA,2021-10-29,24.949607826287217,25.65615265639552,24.948610430057254,25.51444435119629,292503000
NVDA,2021-11-01,25.59627502178263,25.84077032372531,25.175141619253885,25.773908615112305,265740000
NVDA,2021-11-02,25.768924631119912,26.623164159534607,25.74696858717895,26.34673309326172,294112000
NVDA,2021-11-03,26.615177925392462,26.72894390976585,26.18107263291449,26.543325424194336,239910000
NVDA,2021-11-04,27.173030468903853,31.300528538400503,27.062258570177605,29.739744186401367,1153631000
NVDA,2021-11-05,30.124948877614052,31.335454820246646,29.34954562668809,29.69084358215332,851260000
NVDA,2021-11-08,30.08702828256524,31.03607369583626,29.8455251398631,30.74068260192871,503101000
NVDA,2021-11-09,32.215644336725056,32.243586659600666,29.9024083019337,30.593982696533203,646746000
NVDA,2021-11-10,29.29565811512244,30.786586602763936,28.718845203917095,29.39844512939453,636206000
NVDA,2021-11-11,30.405372503422235,30.527121469817228,29.715792890325954,30.327531814575195,332172000
NVDA,2021-11-12,29.948313753728954,30.61693662433334,29.56909378945469,30.327531814575195,413054000
NVDA,2021-11-15,30.48919878124828,30.581008726244367,29.186880973756832,29.963281631469727,384909000
NVDA,2021-11-16,29.69782548858273,30.327526962300034,29.644933039246503,30.140911102294922,264484000
NVDA,2021-11-17,30.355476692185867,30.446291154053746,28.740802374447846,29.200855255126953,428508000
NVDA,2021-11-18,32.300470838936384,32.69266078141231,31.25661944023778,31.609891891479492,781711000
NVDA,2021-11-19,32.176719094226264,33.01998327209769,31.839414565134348,32.91719436645508,533867000
NVDA,2021-11-22,33.44810439942293,34.57578276040281,31.834429453313092,31.89031410217285,754335000
NVDA,2021-11-23,31.470177454770493,32.29348237107467,30.81652316774115,31.680744171142578,532163000
NVDA,2021-11-24,31.396324862137504,32.787458264671194,30.864419626497114,32.60683059692383,435162000
NVDA,2021-11-26,32.53298515826952,32.64275964880542,31.28555659079967,31.438241958618164,283069000
NVDA,2021-11-29,32.299473639315565,33.34332123751521,31.970150118608004,33.307395935058594,454964000
NVDA,2021-11-30,33.100816111812016,33.284439797778,31.798500284928068,32.608829498291016,622066000
NVDA,2021-12-01,33.15477887681169,33.22464323996772,31.31933164435788,31.374225616455078,484368000
NVDA,2021-12-02,31.15365672304559,32.415213053889744,30.965021023061166,32.06389236450195,472890000
NVDA,2021-12-03,31.938133623399295,32.06688583887325,30.07174810217101,30.6336612701416,544325000
NVDA,2021-12-06,29.82222966105633,30.182531770501555,27.983791897824226,29.978927612304688,658938000
NVDA,2021-12-07,30.89715192628836,32.3862680389149,30.591741852503894,32.36430740356445,593053000
NVDA,2021-12-08,31.937133093041922,32.22757083379196,31.360249588511806,31.764467239379883,475551000
NVDA,2021-12-09,31.6726436363354,32.142735562331445,30.369168945749347,30.431049346923828,488507000
NVDA,2021-12-10,31.089775108201945,31.24447612099294,29.80326766525303,30.139616012573242,488825000
NVDA,2021-12-13,30.190516381869546,30.235429453900565,28.06163905199242,28.106552124023438,598344000
NVDA,2021-12-14,27.645444366863174,28.622551596281006,27.197313086463264,28.282211303710938,667035000
NVDA,2021-12-15,28.345091097360005,30.441031340908875,27.784177393279027,30.400110244750977,698297000
NVDA,2021-12-16,31.091772658065082,31.099756612539498,28.038686765312615,28.332117080688477,707366000
NVDA,2021-12-17,27.930891949372505,28.866080545306644,27.706326603425225,27.74724769592285,713758000
NVDA,2021-12-20,27.25220994036055,28.08958664914624,27.092519430074276,27.665409088134766,461847000
NVDA,2021-12-21,28.319138756011817,29.06369663693049,27.348018597014974,29.018783569335938,524385000
NVDA,2021-12-22,28.8351458054204,29.497861653248666,28.393998983391853,29.34316062927246,395184000
NVDA,2021-12-23,29.697472444063603,30.00088555963705,29.374099442198006,29.58269500732422,343022000
NVDA,2021-12-27,29.60265640931932,31.02689755121152,29.582694619627713,30.88517189025879,403686000
NVDA,2021-12-28,31.251463920554766,31.269428770384458,29.95397610422819,30.263378143310547,420591000
NVDA,2021-12-29,30.214472371231356,30.488940318885827,29.309224428409372,29.942996978759766,343139000
NVDA,2021-12-30,29.76933233244258,30.39811536049081,29.482888465222835,29.528799057006836,308864000
NVDA,2021-12-31,29.616625587041796,29.971938165319294,29.27428836081142,29.35413360595703,266530000
NVDA,2022-01-03,29.75735697767053,30.651624582903967,29.727414293582168,30.06276512145996,391547000
NVDA,2022-01-04,30.2184669283259,30.409097659269086,28.294194767957748,29.233375549316406,527154000
NVDA,2022-01-05,28.893029463658266,29.359127526177748,27.479768693565187,27.550630569458008,498064000
NVDA,2022-01-06,27.586565577715643,28.383023214393035,27.012678313347315,28.123525619506836,454186000
NVDA,2022-01-07,28.086597173535353,28.367054067504238,27.004691277778065,27.194324493408203,409939000
NVDA,2022-01-10,26.52960811483407,27.415891757825346,25.594419420833177,27.34702491760254,594681000
NVDA,2022-01-11,27.27017541907624,28.010741462593767,26.787111899859354,27.763219833374023,404089000
NVDA,2022-01-12,28.01273741876915,28.539716512904818,27.55462517038909,27.944869995117188,383413000
NVDA,2022-01-13,28.324133734411912,28.424938300544927,26.44676981062193,26.523622512817383,540171000
NVDA,2022-01-14,26.24915451358075,27.144421643836736,26.15932835464321,26.88991355895996,395832000
NVDA,2022-01-18,26.209230679570027,26.586500135365398,25.720178245364497,25.852920532226562,424270000
NVDA,2022-01-19,26.02857809333129,26.49167977055228,25.003563317549837,25.01853370666504,488315000
NVDA,2022-01-20,25.255075801849063,25.52954371114921,24.031444525420937,24.10330581665039,435181000
NVDA,2022-01-21,23.46155010178448,24.775005651877514,23.21802238406454,23.328807830810547,718958000
NVDA,2022-01-24,22.286827510617645,23.334796698374127,20.847616010504623,23.326812744140625,913982000
NVDA,2022-01-25,22.50240891802153,22.898642619197854,21.957465030730408,22.280838012695312,664616000
NVDA,2022-01-26,23.195069558309832,24.010489477432596,22.256886340278513,22.72797393798828,755959000
NVDA,2022-01-27,23.52243589687238,23.948610407504805,21.633094151119476,21.901575088500977,573353000
NVDA,2022-01-28,21.96944289295478,22.81380797435671,21.25482754600818,22.79584312438965,543774000
NVDA,2022-01-31,23.137178118250812,24.461614007193518,23.007430303531233,24.438657760620117,564680000
NVDA,2022-02-01,25.055472795497206,25.096393905936065,23.84381881806941,24.590373992919922,518925000
NVDA,2022-02-02,25.74413394762899,25.76708829461429,24.505532004420324,25.193201065063477,543419000
NVDA,2022-02-03,24.41071716026495,25.02851997099475,23.734028395076432,23.901702880859375,410178000
NVDA,2022-02-04,23.925651076488982,24.587369295180423,23.586308302613325,24.27198028564453,354829000
NVDA,2022-02-07,24.324880318773864,25.133313778359717,24.155208910844877,24.680192947387695,376868000
NVDA,2022-02-08,24.31190899495466,25.181225487134643,23.933641958398347,25.05946159362793,410359000
NVDA,2022-02-09,25.5724671951491,26.673335511065854,25.30398812548044,26.65337371826172,524282000
NVDA,2022-02-10,25.944743476270883,26.87294386426825,25.55050669154954,25.774072647094727,513200000
NVDA,2022-02-11,25.865898715581448,26.101442533660926,23.7270419828092,23.902700424194336,605472000
NVDA,2022-02-14,23.887726864389506,24.826907552973196,23.709072083831487,24.220083236694336,440424000
NVDA,2022-02-15,24.900764591183574,26.49367965605607,24.73608458162661,26.443777084350586,699869000
NVDA,2022-02-16,26.2082299220689,26.53060536722061,25.502596150742473,26.459741592407227,732676000
NVDA,2022-02-17,25.580445575519956,25.73514658054274,24.118279789032503,24.459617614746094,810595000
NVDA,2022-02-18,24.62031394424329,24.93770001534314,23.055346132242754,23.596298217773438,761255000
NVDA,2022-02-22,22.990468617991528,24.017478686544916,22.955536432235384,23.34478187561035,633422000
NVDA,2022-02-23,23.755982820677037,24.10830099326957,22.257885303841995,22.343717575073242,566511000
NVDA,2022-02-24,20.97436959630377,23.753985005383658,20.84961126769638,23.702085494995117,735801000
NVDA,2022-02-25,23.675142133426366,24.170181628932145,23.33579928489238,24.11029815673828,528866000
NVDA,2022-02-28,23.945614559981106,24.617313720025166,23.661165729918974,24.337854385375977,477319000
NVDA,2022-03-01,24.2440354711342,24.32986963799387,23.08727591797761,23.431608200073242,412056000
NVDA,2022-03-02,23.714111250736686,24.365959685395882,23.373712936549165,24.177291870117188,389642000
NVDA,2022-03-03,24.219218042700607,24.283106273216287,23.427617067609017,23.67218589782715,365095000
NVDA,2022-03-04,23.342769336842796,23.63824694769257,22.442359346497184,22.895559310913086,431415000
NVDA,2022-03-07,22.776767102643568,22.99238774615269,21.29238955966222,21.314350128173828,450821000
NVDA,2022-03-08,21.271426231053603,22.333549276082426,20.613587838111286,21.476064682006836,557467000
NVDA,2022-03-09,22.34752768648399,23.179059172525935,22.207775135547767,22.97342300415039,492742000
NVDA,2022-03-10,22.49127464148192,22.7478214818907,21.843418757214106,22.618051528930664,428066000
NVDA,2022-03-11,22.981408527703135,23.104192759122018,22.007129512410348,22.06103515625,367209000
NVDA,2022-03-14,21.83043806016922,22.22274473627401,21.12169091105155,21.292388916015625,385354000
NVDA,2022-03-15,21.48005697889036,22.997377221162406,21.284403438506185,22.932491302490234,491996000
NVDA,2022-03-16,23.458564260775105,24.553630127058703,23.131143481350605,24.452808380126953,671422000
NVDA,2022-03-17,24.07747301172827,24.798198215899934,23.863849630911034,24.722333908081055,471941000
NVDA,2022-03-18,24.755272049910502,26.522151490123896,24.580581386606394,26.406354904174805,730719000
NVDA,2022-03-21,26.46026011637226,27.10412324336721,25.92121138568289,26.686859130859375,591727000
NVDA,2022-03-22,26.679867392282006,27.18996785031838,26.026023674593535,26.47722625732422,547007000
NVDA,2022-03-23,26.079929619211555,26.56507268180156,25.529902546610163,25.58879852294922,502120000
NVDA,2022-03-24,26.119865453340214,28.270066930927037,25.861321335623835,28.100366592407227,877379000
NVDA,2022-03-25,27.83682564076314,28.307993440069914,27.222910357307455,27.64316749572754,579016000
NVDA,2022-03-28,27.70706177223805,28.20019024482992,27.158030377292455,28.16924476623535,425494000
NVDA,2022-03-29,28.644403356385414,28.894960233335265,27.93066392483216,28.605472564697266,488984000
NVDA,2022-03-30,28.254090010683303,28.445750877229376,27.454501887834226,27.641172409057617,463487000
NVDA,2022-03-31,27.73301213113302,28.19819004641193,27.221915798943442,27.237886428833008,523440000
NVDA,2022-04-01,27.32672893992416,27.44751586683608,26.220682903584812,26.664897918701172,517235000
NVDA,2022-04-04,26.680870583661918,27.509406950687776,26.566073594108467,27.311756134033203,397120000
NVDA,2022-04-05,27.205941957892414,27.270827874661148,25.774470555611817,25.88527488708496,436615000
NVDA,2022-04-06,24.89003332893193,25.25538717602562,23.960675226004746,24.363962173461914,703833000
NVDA,2022-04-07,24.397904594724462,24.6784092608977,23.436603251438946,24.165315628051758,557992000
NVDA,2022-04-08,23.874826939519217,23.88081687759532,23.021335019105305,23.07823371887207,524781000
NVDA,2022-04-11,22.17483029611759,22.280642378826183,21.621806322763018,21.878353118896484,575207000
NVDA,2022-04-12,22.497261070505825,22.684929295161435,21.24447295091747,21.466081619262695,662258000
NVDA,2022-04-13,21.689687961003017,22.46032606445315,21.41716862218913,22.163848876953125,516943000
NVDA,2022-04-14,22.46531313186641,22.736834742690494,21.125680601582754,21.22051239013672,569097000
NVDA,2022-04-18,21.162616730014566,22.049049416277743,21.041829811732452,21.74458885192871,525701000
NVDA,2022-04-19,21.681701448367473,22.33354992197156,21.276417192204843,22.158859252929688,512781000
NVDA,2022-04-20,22.477293204743273,22.630023279185664,21.16261619627235,21.44411849975586,468974000
NVDA,2022-04-21,21.670715478053655,22.352511560597314,19.964729691481665,20.14740753173828,656209000
NVDA,2022-04-22,20.267197567812772,20.44987543262351,19.465614065609277,19.480587005615234,624713000
NVDA,2022-04-25,19.1681425122934,19.90983247795217,19.062330417825684,19.86690902709961,641566000
NVDA,2022-04-26,19.683231811083985,19.753108075976066,18.63707940645143,18.754871368408203,653143000
NVDA,2022-04-27,18.565204266444386,19.133201147980134,18.257748727324,18.38252830505371,499460000
NVDA,2022-04-28,18.933556381034744,20.001671352987184,18.457398144847,19.747119903564453,570327000
NVDA,2022-04-29,19.367789431189383,20.092509128467537,18.484349698064364,18.514297485351562,500435000
NVDA,2022-05-02,18.508306677557925,19.53948420995558,18.35857155612756,19.498558044433594,572049000
NVDA,2022-05-03,19.365792728207555,19.790044492832212,19.099263315754698,19.56743621826172,475751000
NVDA,2022-05-04,19.887872567785628,20.364030816650885,18.717938127306436,20.298147201538086,648855000
NVDA,2022-05-05,19.831972807880156,19.889869206905697,18.467382404880805,18.810775756835938,626331000
NVDA,2022-05-06,18.702960208114586,19.47759084783284,17.95827544658024,18.642066955566406,633297000
NVDA,2022-05-09,18.00220284256642,18.222811941526615,16.79733029414801,16.920114517211914,644455000
NVDA,2022-05-10,17.657812330043136,18.165915707053408,16.994983446576878,17.56397819519043,761474000
NVDA,2022-05-11,17.316412260690328,17.72169650040984,16.538786536925784,16.600675582885742,670167000
NVDA,2022-05-12,16.190399781878746,16.75839666865511,15.539550023935458,16.14647674560547,708728000
NVDA,2022-05-13,16.758399254402644,17.896388580108713,16.5637433859514,17.674779891967773,670437000
NVDA,2022-05-16,17.478125554261457,17.75663289781755,17.07583632290922,17.233556747436523,521446000
NVDA,2022-05-17,18.042128040603696,18.338605199613887,17.602905299530796,18.144947052001953,585830000
NVDA,2022-05-18,17.673776294585583,18.0860480556068,16.83425983504842,16.90812873840332,545161000
NVDA,2022-05-19,16.90713855438355,17.65581622517278,16.70449544428689,17.093809127807617,621310000
NVDA,2022-05-20,17.30143569024576,17.37929725353171,15.727216118212382,16.664560317993164,739105000
NVDA,2022-05-23,16.24530020697764,16.88517051984291,16.15046842935792,16.868200302124023,639889000
NVDA,2022-05-24,16.48088814806781,16.56773463435827,15.752174861917103,16.12551498413086,588550000
NVDA,2022-05-25,15.991750587212342,17.08082630804417,15.971785398507762,16.945066452026367,781132000
NVDA,2022-05-26,16.007721031792844,18.060095188303276,15.99374578065661,17.819520950317383,996575000
NVDA,2022-05-27,18.15393222834226,18.847706383566344,18.068083436188743,18.777830123901367,738379000
NVDA,2022-05-31,18.94652985213168,19.16614311852199,18.31764164379846,18.639074325561523,664100000
NVDA,2022-06-01,18.690985716581736,19.019404173433802,18.090046008838897,18.287696838378906,544514000
NVDA,2022-06-02,18.259747943212208,19.584407883815693,18.165913818116607,19.55745506286621,648656000
NVDA,2022-06-03,19.04835384760268,19.297913027935877,18.489339912786797,18.68699073791504,598779000
NVDA,2022-06-06,19.105254520476123,19.302905366003518,18.53126758487554,18.75287628173828,422406000
NVDA,2022-06-07,18.439433382744927,18.96650237965065,18.155933687988448,18.89263343811035,388914000
NVDA,2022-06-08,18.76981563316662,19.150224674884743,18.50622553593558,18.619050979614258,363252000
NVDA,2022-06-09,18.452309729129784,18.903607678210435,18.012992282026815,18.019981384277344,395574000
NVDA,2022-06-10,17.572682529347194,17.669532092614485,16.842816252604898,16.947654724121094,465248000
NVDA,2022-06-13,15.975161925630958,16.28667785741259,15.581773509889441,15.622710227966309,604153000
NVDA,2022-06-14,15.706580080249356,16.041060084311727,15.388075033067116,15.811417579650879,469680000
NVDA,2022-06-15,16.070014185322673,16.841814932140252,15.901276860613777,16.501344680786133,563936000
NVDA,2022-06-16,15.835380002777606,15.917253444550337,15.37709287922616,15.5767822265625,545749000
NVDA,2022-06-17,15.623708384885509,15.970169836744422,15.30420544580371,15.855348587036133,630334000
NVDA,2022-06-21,16.44942676298862,16.98159844424935,16.381531524997932,16.540285110473633,483089000
NVDA,2022-06-22,16.200811500397187,16.63613550115512,16.154883380504458,16.334604263305664,437135000
NVDA,2022-06-23,16.493356178297404,16.559253709347978,15.828390615966093,16.199813842773438,463680000
NVDA,2022-06-24,16.47438711137464,17.113393032351116,16.2846815144393,17.099414825439453,472153000
NVDA,2022-06-27,17.285128566242904,17.30310027621306,16.600192553602746,16.842815399169922,427968000
NVDA,2022-06-28,16.873765723191674,17.175296973833603,15.920248247332506,15.957191467285156,461149000
NVDA,2022-06-29,15.789453787872143,15.795444040528261,15.146453345274413,15.517875671386719,482352000
NVDA,2022-06-30,15.337155541620188,15.542836100215856,14.838930531324044,15.135469436645508,686070000
NVDA,2022-07-01,14.875871620652088,15.039616592506377,14.369658695440403,14.500454902648926,577610000
NVDA,2022-07-05,14.152997214317173,14.94776116044216,14.033183597161376,14.94077205657959,651397000
NVDA,2022-07-06,14.986699419920392,15.29521975828279,14.766041819442789,15.106513023376465,529066000
NVDA,2022-07-07,15.432007177555999,15.92024744525078,15.365110796634003,15.833382606506348,492903000
NVDA,2022-07-08,15.406050717209292,16.012108915989483,15.365113989485575,15.813417434692383,467972000
NVDA,2022-07-11,15.501898015957396,15.502896867323374,15.014655653490305,15.12847900390625,437321000
NVDA,2022-07-12,15.244298205682169,15.407045277525851,14.853905384408769,15.058587074279785,458483000
NVDA,2022-07-13,14.567351646375842,15.351132914368169,14.442545687722442,15.140460014343262,521918000
NVDA,2022-07-14,15.08454678517,15.448979946164094,14.705136566748275,15.348136901855469,456235000
NVDA,2022-07-15,15.634691868193833,15.757500119489807,15.42102337409571,15.737531661987305,385935000
NVDA,2022-07-18,16.276696063894367,16.870771818679195,15.977162485969991,16.076007843017578,670517000
NVDA,2022-07-19,16.460410653190557,17.083442634965255,16.146898863611145,16.965625762939453,702366000
NVDA,2022-07-20,16.92069597381479,17.905165600723322,16.774922681217973,17.779359817504883,760538000
NVDA,2022-07-21,17.85723740485581,18.11583423265357,17.517765033329383,18.02198028564453,557049000
NVDA,2022-07-22,17.86522652815311,17.939111072810018,17.11039945674806,17.292118072509766,536671000
NVDA,2022-07-25,16.992578640781748,17.097417085099938,16.623154098820503,16.99757194519043,480748000
NVDA,2022-07-26,16.86278201471348,16.89273612928647,16.45242073831852,16.507335662841797,397865000
NVDA,2022-07-27,17.005561604819313,17.908159601580824,16.886746840994853,17.762386322021484,569776000
NVDA,2022-07-28,17.947092676340457,18.11183550963354,17.412923461343865,17.956077575683594,474646000
NVDA,2022-07-29,17.785346732896347,18.21567740251665,17.66453428445213,18.134803771972656,435460000
NVDA,2022-08-01,18.153773877924205,18.816744561755613,17.962072498125625,18.412372589111328,476469000
NVDA,2022-08-02,18.093869755691863,18.90860309946713,18.06391563779565,18.497241973876953,489527000
NVDA,2022-08-03,18.155771359130984,18.938554681641246,18.10884343781565,18.863670349121094,418146000
NVDA,2022-08-04,18.819741947233144,19.24408146520657,18.73087939960465,19.18517303466797,409652000
NVDA,2022-08-05,18.78080304823543,19.199153311398565,18.63702746035856,18.95952606201172,386068000
NVDA,2022-08-08,17.474830337887887,18.210685716204278,17.215233738780228,17.765377044677734,981859000
NVDA,2022-08-09,17.22522145250511,17.41991845975433,16.698041160487055,17.059478759765625,668263000
NVDA,2022-08-10,17.670526014260716,18.089874092763363,17.290116951299066,18.068906784057617,597422000
NVDA,2022-08-11,18.10285795787067,18.67796411597319,17.848252697095948,17.91415023803711,509327000
NVDA,2022-08-12,18.13181260063338,18.688947058394234,17.925133166712452,18.679960250854492,478094000
NVDA,2022-08-15,18.67197109315223,19.134251734089823,18.584108348581022,19.002456665039062,457666000
NVDA,2022-08-16,18.890633841490313,19.112289391272842,18.472283557883394,18.84969711303711,451240000
NVDA,2022-08-17,18.494243571736153,18.65898641729057,18.116830161551775,18.306533813476562,446799000
NVDA,2022-08-18,18.27259278693306,18.835716492772463,18.15477592247858,18.743860244750977,415447000
NVDA,2022-08-19,18.377425454253068,18.491248793105402,17.74241314234734,17.821290969848633,441588000
NVDA,2022-08-22,17.462850357349936,17.530745594391743,16.93966358559003,17.007558822631836,409593000
NVDA,2022-08-23,16.962627909583983,17.437888836392574,16.94365639819852,17.154329299926758,369986000
NVDA,2022-08-24,16.985589828451506,17.378979191278322,16.868772783841155,17.19526481628418,522661000
NVDA,2022-08-25,16.817850295362327,17.91913857635644,16.806867692314558,17.885190963745117,770691000
NVDA,2022-08-26,17.82928142778485,17.89617686185633,16.21179527063193,16.234760284423828,769127000
NVDA,2022-08-29,15.99513489157726,16.312640193283425,15.742527328464707,15.776473999023438,496132000
NVDA,2022-08-30,15.935225659002597,16.014102549024937,15.158433454249854,15.443989753723145,530181000
NVDA,2022-08-31,15.360120769453241,15.51587876326227,14.9357802643057,15.070570945739746,573710000
NVDA,2022-09-01,14.186943313242518,14.357678353574007,13.249401725179203,13.915366172790527,1178865000
NVDA,2022-09-02,14.07811421619894,14.149003156104582,13.569903514231424,13.62581729888916,743157000
NVDA,2022-09-06,13.709685355906469,13.757611180820414,13.330275114521564,13.444098472595215,535751000
NVDA,2022-09-07,13.545969780215222,13.820625056780996,13.329242241678006,13.69678020477295,512657000
NVDA,2022-09-08,13.44210246086047,13.990413955002312,13.352216251921549,13.97243595123291,624873000
NVDA,2022-09-09,14.139223880637113,14.455826240046429,14.108263619948604,14.368935585021973,486612000
NVDA,2022-09-12,14.350959820887779,14.52873583484315,14.180174035313506,14.486788749694824,484159000
NVDA,2022-09-13,13.784671426649664,13.904520650543393,13.082553985169255,13.114513397216797,714956000
NVDA,2022-09-14,13.23735723747835,13.273312285293565,12.896785812619402,13.111515998840332,588507000
NVDA,2022-09-15,12.99865891833725,13.216384660038566,12.77394104372565,12.912766456604004,523625000
NVDA,2022-09-16,12.726002043403634,13.195412225015103,12.601158980925465,13.181429862976074,670751000
NVDA,2022-09-19,12.995662804943986,13.446096763090381,12.99366546083005,13.365198135375977,569685000
NVDA,2022-09-20,13.198409709348152,13.466072904902665,13.040608074137973,13.15945816040039,524818000
NVDA,2022-09-21,13.19641226499832,14.013385161039185,13.09354093450114,13.244351387023926,807679000
NVDA,2022-09-22,13.053586733041543,13.132487999348257,12.41239369411393,12.545226097106934,759162000
NVDA,2022-09-23,12.404404072029587,12.595164214857899,12.241608647210441,12.500283241271973,663309000
NVDA,2022-09-26,12.475317729313494,12.643107026349453,12.198665076002735,12.212647438049316,547343000
NVDA,2022-09-27,12.491297003764968,12.720009577879809,12.242610035621365,12.397415161132812,553854000
NVDA,2022-09-28,12.394418888771625,12.806900467165594,12.338489441525518,12.720009803771973,542414000
NVDA,2022-09-29,12.432370007378605,12.48430476090285,11.93100047295723,12.204656600952148,532763000
NVDA,2022-09-30,12.071822611480606,12.617137495774331,12.05983759570121,12.123757362365723,565638000
NVDA,2022-10-03,12.331499298694604,12.662084078238937,12.089802534217203,12.496292114257812,547478000
NVDA,2022-10-04,12.862829366915662,13.203401777565151,12.862829366915662,13.150467872619629,584182000
NVDA,2022-10-05,12.894789072692479,13.304274120258059,12.605153237647787,13.192414283752441,507131000
NVDA,2022-10-06,13.203402054182803,13.638854510072967,13.086548373024156,13.11351490020752,644157000
NVDA,2022-10-07,12.489300974925913,12.654093791045442,12.006907545237569,12.060839653015137,672478000
NVDA,2022-10-10,12.02188568072584,12.10877633421103,11.393675761746923,11.655346870422363,698699000
NVDA,2022-10-11,11.546483912922639,11.831125915365966,11.268833090820673,11.571453094482422,667482000
NVDA,2022-10-12,11.564461695947893,11.720265004547636,11.330755304332975,11.485560417175293,492590000
NVDA,2022-10-13,10.957224041163421,12.062834393103017,10.79942244062999,11.944982528686523,850103000
NVDA,2022-10-14,12.041862803140544,12.09579490800835,11.189934042434883,11.212904930114746,713432000
NVDA,2022-10-17,11.503538245021701,11.93299866407715,11.502540049196641,11.87307357788086,580774000
NVDA,2022-10-18,12.328501382530158,12.47631532526222,11.603413077767147,11.951974868774414,659362000
NVDA,2022-10-19,11.864084673089435,12.334493965352559,11.819141098000895,12.035868644714355,523131000
NVDA,2022-10-20,12.097790381957378,12.752966821066378,12.089800053684597,12.178689002990723,652398000
NVDA,2022-10-21,12.08280991281554,12.48230826375368,11.872075344682253,12.450347900390625,609494000
NVDA,2022-10-24,12.492295085152598,12.694041114749616,12.048852336359209,12.58318042755127,517457000
NVDA,2022-10-25,12.678063781227348,13.283302935676588,12.648100758424672,13.244351387023926,505482000
NVDA,2022-10-26,12.852843803009538,13.371191315429634,12.692045682074102,12.879809379577637,532953000
NVDA,2022-10-27,13.612888669821526,13.820627724270784,13.105526052414842,13.15945816040039,583113000
NVDA,2022-10-28,13.087546468385248,13.832610066638065,13.044600239000303,13.816629409790039,521040000
NVDA,2022-10-31,13.760700262393152,13.820625345662009,13.280304257896672,13.480052947998047,486341000
NVDA,2022-11-01,13.793657423224907,13.907514593667278,13.502024269962124,13.525994300842285,432817000
NVDA,2022-11-02,13.832610350772429,14.19215799265486,13.194412738756908,13.202402114868164,672628000
NVDA,2022-11-03,13.02662341252142,13.7636966949046,12.939732756516582,13.40414810180664,500065000
NVDA,2022-11-04,13.968437992700602,14.211132890719782,13.67980037633338,14.138224601745605,612576000
NVDA,2022-11-07,14.210135563074418,14.39390455505636,13.93648037167957,14.28304386138916,410061000
NVDA,2022-11-08,14.782416354106235,14.872303507657966,14.198150808496923,14.583666801452637,595292000
NVDA,2022-11-09,14.144215318925728,14.19315452473236,13.74172152096648,13.758700370788574,454414000
NVDA,2022-11-10,14.781417601209665,15.753195494812513,14.528735003966306,15.730224609375,700819000
NVDA,2022-11-11,15.78715104196188,16.368419993714063,15.462559340470623,16.30649757385254,655487000
NVDA,2022-11-14,16.19763886291601,16.519235097810885,15.902010008121769,16.2745418548584,527852000
NVDA,2022-11-15,16.70100428796189,16.976656817848582,16.361431033277864,16.64507484436035,545876000
NVDA,2022-11-16,16.14170762768842,16.341455364463524,15.853069985925872,15.890023231506348,649547000
NVDA,2022-11-17,15.695270514228033,16.24557934715907,15.515496193200601,15.657318115234375,710894000
NVDA,2022-11-18,15.945951080569174,15.981907079261498,15.101013685603117,15.38965129852295,492072000
NVDA,2022-11-21,15.127981966089996,15.45756754683471,15.06106570167587,15.297768592834473,404739000
NVDA,2022-11-22,15.308755601738653,16.037839574271395,15.103013909275052,16.017864227294922,472866000
NVDA,2022-11-23,16.07778951044673,16.506251780380016,16.027853044396444,16.498260498046875,427241000
NVDA,2022-11-25,16.297510910083282,16.466297423181434,16.151694328082346,16.249570846557617,167934000
NVDA,2022-11-28,16.00587750224232,16.336463192763517,15.70525673572653,15.807127952575684,303741000
NVDA,2022-11-29,15.807127459770173,15.911996118227389,15.500513718012343,15.619363784790039,298384000
NVDA,2022-11-30,15.681301711729667,16.91306940041339,15.581402288704355,16.906076431274414,565298000
NVDA,2022-12-01,16.98200093379881,17.247733765667537,16.618364626853012,17.11786460876465,470977000
NVDA,2022-12-02,16.64234306074741,16.916069255801844,16.428556338164015,16.8591251373291,371389000
NVDA,2022-12-05,16.662322665713035,16.978006665855066,16.455528923945028,16.59339141845703,352255000
NVDA,2022-12-06,16.513470276741486,16.55642654398754,15.803180852280665,15.971013069152832,352694000
NVDA,2022-12-07,15.75622742232806,16.169813909620327,15.651331932839504,16.103879928588867,372388000
NVDA,2022-12-08,16.256726814348887,17.161820901316364,15.943039749464951,17.151830673217773,515456000
NVDA,2022-12-09,17.14283680576932,17.565414066145607,16.958022372086035,16.98399543762207,465338000
NVDA,2022-12-12,17.019962525032387,17.52046094302297,16.78020276960981,17.51746368408203,457328000
NVDA,2022-12-13,18.512470961945905,18.771212764869844,17.693291186070848,18.053930282592773,656589000
NVDA,2022-12-14,17.969011087419783,18.233747362128558,17.402578696343596,17.65632438659668,496888000
NVDA,2022-12-15,17.128851458484657,17.302677220211773,16.68329837585279,16.93504524230957,478542000
NVDA,2022-12-16,16.847132391381294,17.023955395876953,16.39358602459837,16.554424285888672,478232000
NVDA,2022-12-19,16.555424180046458,16.59238592042544,16.12885124570356,16.237741470336914,354039000
NVDA,2022-12-20,16.047931694768067,16.293685931071373,15.836144800146958,16.068910598754883,403260000
NVDA,2022-12-21,16.097886834196,16.610374338355122,16.08589779725307,16.484498977661133,325025000
NVDA,2022-12-22,16.0779039686439,16.121860588450037,14.867116217993509,15.32365894317627,565045000
NVDA,2022-12-23,15.180801856563045,15.323658484858957,14.86811517713691,15.190792083740234,349326000
NVDA,2022-12-27,15.058924263104824,15.084898282356406,14.041941802476122,14.106877326965332,464902000
NVDA,2022-12-28,13.913071922510106,14.247736933600988,13.87011470494691,14.021963119506836,351066000
NVDA,2022-12-29,14.387598760713285,14.66831695169907,14.21277356611197,14.588397026062012,354923000
NVDA,2022-12-30,14.319665531261037,14.61437060536108,14.218766699664881,14.599386215209961,310490000
NVDA,2023-01-03,14.836149193445959,14.981004654277776,14.081904060760499,14.300684928894043,401277000
NVDA,2023-01-04,14.552433809742093,14.83814711680598,14.226759586910239,14.734251022338867,431324000
NVDA,2023-01-05,14.476508145483907,14.549435094565505,14.13385075828424,14.250734329223633,389168000
NVDA,2023-01-06,14.459522996087983,14.994987137212298,14.019963505906823,14.844138145446777,405044000
NVDA,2023-01-09,15.268714667138873,16.03994193956856,15.125857081198152,15.612370491027832,504231000
NVDA,2023-01-10,15.491491850303234,15.9460367412462,15.456527005264633,15.89309024810791,384101000
NVDA,2023-01-11,15.824159457593446,16.011971174963055,15.547436042925577,15.984997749328613,353285000
NVDA,2023-01-12,16.083897626620722,16.620359284778843,15.476504976085742,16.49448585510254,551409000
NVDA,2023-01-13,16.26171809881235,16.905074955368576,16.14883216160721,16.882097244262695,447287000
NVDA,2023-01-17,16.882102890181493,17.71027444723034,16.882102890181493,17.68429946899414,511102000
NVDA,2023-01-18,17.64933001108455,17.855123353381586,17.264714843579952,17.359621047973633,439624000
NVDA,2023-01-19,17.01896463226559,17.179804849106613,16.714271208962963,16.74823570251465,452932000
NVDA,2023-01-20,16.993986450014212,17.838142558730407,16.808173556686363,17.82115936279297,564967000
NVDA,2023-01-23,18.045936361649353,19.225757100654896,17.80018396132877,19.173809051513672,655163000
NVDA,2023-01-24,18.80816783319561,19.475500835522777,18.801174865479027,19.245729446411133,496204000
NVDA,2023-01-25,18.894084898187952,19.350628576512324,18.561417754150824,19.303674697875977,449537000
NVDA,2023-01-26,19.681299120426033,20.14583427066666,19.258721787064815,19.782197952270508,489535000
NVDA,2023-01-27,19.44253447559157,20.607368636676057,19.38559227826472,20.34463119506836,542142000
NVDA,2023-01-30,19.93004958460622,20.11985820147362,19.13084848856238,19.142837524414062,488611000
NVDA,2023-01-31,19.150828232771158,19.667311381220713,18.931048939885837,19.5174617767334,498017000
NVDA,2023-02-01,19.671307485536968,21.17080582248784,19.591387567845597,20.922056198120117,660477000
NVDA,2023-02-02,20.978997726890935,21.927048029670438,20.679298521540353,21.687288284301758,564276000
NVDA,2023-02-03,20.979000905493407,21.723256776011066,20.768211454332956,21.078901290893555,429366000
NVDA,2023-02-06,20.78519132864185,21.54842717853091,20.76521087366942,21.067909240722656,452197000
NVDA,2023-02-07,21.360616200100747,22.236739935433913,21.12884786869814,22.15082550048828,664150000
NVDA,2023-02-08,22.364611775367127,22.855121895585874,21.985991071016887,22.18279457092285,559651000
NVDA,2023-02-09,22.583394939904977,22.996980498584975,22.097880878059367,22.31466293334961,523876000
NVDA,2023-02-10,21.66830661145846,22.055917123650822,20.79018606002947,21.243730545043945,550737000
NVDA,2023-02-13,21.516462459286352,22.02595269628812,20.94103823644768,21.766212463378906,474919000
NVDA,2023-02-14,21.556420076698707,23.025949676572004,21.34463219361314,22.948028564453125,675474000
NVDA,2023-02-15,22.526448693208266,22.832142420903672,22.08389284711268,22.741233825683594,420575000
NVDA,2023-02-16,22.110867159447228,22.52744999044247,21.905073777556623,21.979999542236328,412026000
NVDA,2023-02-17,21.609370428776998,21.718260686432036,20.954026263972718,21.366613388061523,465888000
NVDA,2023-02-21,20.97899838851901,21.472503832330847,20.597380448319672,20.63434410095215,410015000
NVDA,2023-02-22,20.686293870610594,21.082896233045748,20.400578664452947,20.733245849609375,513184000
NVDA,2023-02-23,23.416558173795323,23.86411008296413,23.001972300962063,23.64033317565918,1117995000
NVDA,2023-02-24,23.201776465429027,23.450528025821583,22.92405457439787,23.262714385986328,589716000
NVDA,2023-02-27,23.646326795039013,23.856115851316737,23.43054322131306,23.477495193481445,452994000
NVDA,2023-02-28,23.348629411403607,23.801177465098963,23.18279503369379,23.192785263061523,455963000
NVDA,2023-03-01,23.16880605034979,23.2327431288166,22.48549007597283,22.67530059814453,460026000
NVDA,2023-03-02,22.46551148905175,23.356617727044704,22.409565830943126,23.29068374633789,389415000
NVDA,2023-03-03,23.296676418290033,23.876096260572954,23.106865911464638,23.866106033325195,412393000
NVDA,2023-03-06,23.867111836342136,24.223753312723673,23.46351456628389,23.53044891357422,437429000
NVDA,2023-03-07,23.580404618172988,24.104968314326598,23.221701547557327,23.26866340637207,515154000
NVDA,2023-03-08,23.467493409570896,24.179902508727604,23.404546005900805,24.160917282104492,513573000
NVDA,2023-03-09,24.154924912871536,24.43369447307599,23.36358275312628,23.416540145874023,501257000
NVDA,2023-03-10,23.389563980500274,23.60738338746073,22.70713050905303,22.945932388305664,474866000
NVDA,2023-03-13,22.733108829622278,23.278654989366956,22.27848671220757,22.946929931640625,421890000
NVDA,2023-03-14,23.476489729466003,24.198888939320003,23.440518418628685,24.043018341064453,474910000
NVDA,2023-03-15,23.74126688899198,24.26583051123997,23.340600837359847,24.2078800201416,524486000
NVDA,2023-03-16,24.007051552436884,25.566754419975947,23.874160651808026,25.519794464111328,583253000
NVDA,2023-03-17,25.960426557252433,26.37708012413153,25.646686200323746,25.70363998413086,848547000
NVDA,2023-03-20,25.593727284385547,26.00238801858856,25.109129452450585,25.878490447998047,432747000
NVDA,2023-03-21,26.158260863210074,26.370084715171625,25.359924553123577,26.177244186401367,547408000
NVDA,2023-03-22,26.40305656588551,27.566091472465203,26.215212950904103,26.446022033691406,797295000
NVDA,2023-03-23,27.09248178596672,27.476163665994406,26.667835494751287,27.168418884277344,564889000
NVDA,2023-03-24,27.008551168176222,27.144437901398717,26.333111984663837,26.756759643554688,454920000
NVDA,2023-03-27,26.814715931188335,26.977580691716717,26.343107731941966,26.508970260620117,361026000
NVDA,2023-03-28,26.42503717383145,26.490982347841836,25.828532839951382,26.3880672454834,356104000
NVDA,2023-03-29,26.802723367547372,27.055511611707683,26.57491207468501,26.961589813232422,393694000
NVDA,2023-03-30,27.206388565387414,27.47616480917353,27.079493220776026,27.360260009765625,364516000
NVDA,2023-03-31,27.117462777878853,27.81088673556325,27.082491993767807,27.753934860229492,433933000
NVDA,2023-04-03,27.486155591511658,27.97674705699484,27.31329892606636,27.941776275634766,398716000
NVDA,2023-04-04,27.942776983152683,27.976749146372356,27.284323812201485,27.43020248413086,368592000
NVDA,2023-04-05,26.80672004860662,26.97557842011288,26.37308045320567,26.85867691040039,515015000
NVDA,2023-04-06,26.561922527602437,27.057510906173512,26.405053322399837,27.01454734802246,397654000
NVDA,2023-04-10,26.800728055248833,27.59806578859015,26.646856596653627,27.556100845336914,395279000
NVDA,2023-04-11,27.700978013397847,27.76692318959248,27.103473133288535,27.146438598632812,314378000
NVDA,2023-04-12,27.347274949110663,27.445193150748228,26.426039620920893,26.47300148010254,446259000
NVDA,2023-04-13,26.71179772670093,26.86467054430278,26.307135282820585,26.441022872924805,353615000
NVDA,2023-04-14,26.48199191641149,26.86067692126086,26.198227341528817,26.735780715942383,395660000
NVDA,2023-04-17,26.542942510363897,26.983576314494652,26.41105214594061,26.97957992553711,321471000
NVDA,2023-04-18,27.510138201217032,28.086658738816173,27.334283752804854,27.644025802612305,604812000
NVDA,2023-04-19,27.338280018329133,27.97674934416324,27.209387427098346,27.907806396484375,358660000
NVDA,2023-04-20,27.64801809164862,28.006721092158084,26.977575846030575,27.08148956298828,427713000
NVDA,2023-04-21,26.929620174009735,27.160429263560324,26.699811611017537,27.096481323242188,345103000
NVDA,2023-04-24,26.990567448071825,27.343273032566316,26.648850502655943,27.019542694091797,339282000
NVDA,2023-04-25,27.055514550596037,27.22437484436602,26.20322411553106,26.219209671020508,378527000
NVDA,2023-04-26,26.97958178612592,27.3073085724239,26.682827492826057,26.933618545532227,406337000
NVDA,2023-04-27,27.340279304100545,27.47216966404172,26.60289125219407,27.203392028808594,377161000
NVDA,2023-04-28,27.202394701984563,27.734951176667415,27.048521337557332,27.72595977783203,292216000
NVDA,2023-05-01,27.81688091763852,29.033869862760206,27.756931277189757,28.8859920501709,570329000
NVDA,2023-05-02,28.656185891505462,28.812056494254247,28.05968148797479,28.186574935913086,402730000
NVDA,2023-05-03,27.81688204976608,28.34344486027376,27.449187603389927,27.778913497924805,383387000
NVDA,2023-05-04,27.628036978765422,27.83586443324702,27.217378984903736,27.539112091064453,321850000
NVDA,2023-05-05,27.802892348359304,28.731119816226787,27.707971926376775,28.65618324279785,361494000
NVDA,2023-05-08,28.498317367315533,29.195737767876224,28.32646120146538,29.126794815063477,344979000
NVDA,2023-05-09,28.87500228440972,28.94894023981755,28.426375730996305,28.547273635864258,314869000
NVDA,2023-05-10,28.980912694288506,29.088824715990746,28.437365725975784,28.861013412475586,369350000
NVDA,2023-05-11,28.87200267964506,28.92595868810787,28.222542865572727,28.55426597595215,322149000
NVDA,2023-05-12,28.505309520725387,28.756102453152394,28.022710790728325,28.31646728515625,274222000
NVDA,2023-05-15,28.48432305555233,28.944940629571672,28.12861972567892,28.928953170776367,293926000
NVDA,2023-05-16,28.817050841568992,29.845197623603145,28.808059443130762,29.18874168395996,449405000
NVDA,2023-05-17,29.55943412398546,30.173923220986072,29.405562670982768,30.15294075012207,432535000
NVDA,2023-05-18,30.38474850266172,31.80157031583205,30.29482308288843,31.651695251464844,748725000
NVDA,2023-05-19,31.50981251370551,31.553776602186183,30.89032841498642,31.238039016723633,473908000
NVDA,2023-05-22,30.875338986536004,31.49382635847514,30.654523739106693,31.15011215209961,372000000
NVDA,2023-05-23,30.97426067554003,31.26202165563563,30.605567574899254,30.662519454956055,356253000
NVDA,2023-05-24,30.184911363622657,30.58158294267241,29.781247533939762,30.51263999938965,721419000
NVDA,2023-05-25,38.49101183651756,39.447217938255974,36.60457902009647,37.948463439941406,1543911000
NVDA,2023-05-26,37.85853900635431,39.13747499196258,37.51882115873588,38.91366195678711,714397000
NVDA,2023-05-30,40.56128934835457,41.903172568037185,39.915825906609996,40.07769012451172,923401000
NVDA,2023-05-31,39.45521159457621,40.26154073982168,37.79059452881708,37.80258560180664,1002580000
NVDA,2023-06-01,38.457038285135596,40.01674290011226,38.30816374839411,39.736976623535156,635873000
NVDA,2023-06-02,40.063703080946816,40.46636830283073,39.025564415674026,39.294342041015625,482731000
NVDA,2023-06-05,38.876693830155325,39.53214737766458,38.674861888368824,39.13847732543945,396094000
NVDA,2023-06-06,38.79775882224138,39.12748282035394,38.116322111286685,38.62190246582031,388729000
NVDA,2023-06-07,38.886701533947004,39.47027647730588,37.32883333327853,37.44774627685547,511998000
NVDA,2023-06-08,37.69657436729438,38.835744998272645,37.47773561947334,38.48200225830078,417772000
NVDA,2023-06-09,39.00861783598584,39.68212760699857,38.53896213031096,38.74181365966797,427717000
NVDA,2023-06-12,39.17150019392895,39.50125828347373,38.58992260823452,39.45329284667969,388701000
NVDA,2023-06-13,40.156792771911256,41.071128645039984,39.71111778820096,40.992183685302734,613208000
NVDA,2023-06-14,40.79432339392405,42.96874019088657,40.52251795887016,42.96574401855469,740465000
NVDA,2023-06-15,42.571032403423146,43.25753327513272,42.116361328067455,42.62199401855469,568622000
NVDA,2023-06-16,43.41840945055139,43.689212322344694,42.6299816471878,42.66096115112305,655709000
NVDA,2023-06-20,42.96673732432782,43.95801662220809,42.64297159288135,43.776145935058594,451153000
NVDA,2023-06-21,43.469375994641815,43.583295347445485,42.04941138244555,43.01370620727539,551603000
NVDA,2023-06-22,42.22227910485018,43.39442663272672,42.20329572401854,42.99372100830078,417737000
NVDA,2023-06-23,42.4331298944521,42.77787649157712,41.98445500064074,42.178314208984375,358140000
NVDA,2023-06-26,42.43012378131747,42.732904863087526,40.07084047914839,40.602455139160156,594322000
NVDA,2023-06-27,40.76934141492228,41.90951081905212,40.418598644089215,41.845558166503906,462175000
NVDA,2023-06-28,40.63044011815251,41.81457999808646,40.488545059577945,41.08710861206055,582639000
NVDA,2023-06-29,41.527785226902004,41.56975450915622,40.57048152757147,40.792320251464844,380514000
NVDA,2023-06-30,41.649698416136715,42.51906484775984,41.470827697536826,42.271244049072266,501148000
NVDA,2023-07-03,42.48608466102656,42.86680815864475,42.171315066266786,42.38216018676758,198209000
NVDA,2023-07-05,42.10437270548026,43.14561514993879,42.05440981011897,42.2862434387207,323618000
NVDA,2023-07-06,41.81358093287342,42.14833647102733,41.31594188398918,42.072391510009766,303582000
NVDA,2023-07-07,42.29123113247118,43.18258476591584,42.14933607210184,42.47209930419922,355881000
NVDA,2023-07-10,42.62599220515189,42.77987958473674,41.618721733111734,42.14933776855469,353908000
NVDA,2023-07-11,42.45011717550455,42.72691623562603,42.03642048343686,42.37417221069336,298244000
NVDA,2023-07-12,43.001715152832105,43.903059808967086,42.74590075117866,43.87008285522461,481277000
NVDA,2023-07-13,44.485637843052004,46.12144500110187,44.459655768689124,45.94357681274414,478204000
NVDA,2023-07-14,46.54913599395856,48.053042979669556,45.027244350268305,45.43594741821289,772075000
NVDA,2023-07-17,46.25534736982459,46.46219379188679,45.22909361606182,46.42721939086914,510488000
NVDA,2023-07-18,46.66704987722195,47.86118084029625,45.70075380485252,47.45947265625,569164000
NVDA,2023-07-19,47.42949388429487,47.7832366141332,46.70801866375325,47.04277420043945,427502000
NVDA,2023-07-20,46.473189933800484,47.052770110424305,45.029240736563175,45.486907958984375,537865000
NVDA,2023-07-21,45.754711707343915,45.83265793125683,44.067939106833165,44.27678680419922,963769000
NVDA,2023-07-24,44.69847610025229,45.07620343021659,44.00798043185595,44.57956314086914,382516000
NVDA,2023-07-25,44.90832769720461,46.14942147302996,44.8903392287754,45.645790100097656,348081000
NVDA,2023-07-26,45.98753948381612,46.019517711894565,44.59755199508339,45.41895294189453,364237000
NVDA,2023-07-27,46.48518000024853,47.360542567448725,45.716738084889066,45.86663055419922,455976000
NVDA,2023-07-28,46.63407374046653,46.992813922510294,46.34728362681164,46.71601486206055,331194000
NVDA,2023-07-31,46.72000974655935,47.095735831876695,46.47218895380473,46.69502639770508,251055000
NVDA,2023-08-01,46.42622359131387,46.86590615971662,45.99353971547932,46.47319030761719,237858000
NVDA,2023-08-02,45.79768896870756,45.806681298718125,43.35546514879733,44.23682403564453,530142000
NVDA,2023-08-03,43.76815517445485,45.08519773730657,43.76815517445485,44.482635498046875,324176000
NVDA,2023-08-04,44.95229672936695,45.6088167758493,44.36072805590183,44.647518157958984,362666000
NVDA,2023-08-07,45.078202515862756,45.50689146915822,44.53060059886417,45.38397979736328,322154000
NVDA,2023-08-08,44.82039253545294,45.209109671688076,44.02397106962369,44.63153076171875,353843000
NVDA,2023-08-09,44.2418106099287,44.279784996235016,42.10336702177276,42.52306365966797,586449000
NVDA,2023-08-10,42.129350474246436,43.54232399177734,41.80458597956359,42.35718536376953,492705000
NVDA,2023-08-11,41.72064683355446,41.98745483103536,40.609455735906536,40.82529830932617,533085000
NVDA,2023-08-14,40.456564582325726,43.76815430441539,40.28169257903262,43.721187591552734,690286000
NVDA,2023-08-15,44.527610226384226,45.2350957564997,43.67822581342224,43.908058166503906,676512000
NVDA,2023-08-16,44.487636389026356,44.6425224910749,43.37444399152848,43.45438766479492,527451000
NVDA,2023-08-17,43.938036744094546,44.02996891832421,42.969739400582895,43.31249237060547,452395000
NVDA,2023-08-18,42.60400217656772,43.546317397362685,41.62971253779868,43.267520904541016,583768000
NVDA,2023-08-21,44.46165201493228,47.030782025071126,44.18985040134457,46.93285369873047,692573000
NVDA,2023-08-22,48.10000155373569,48.15196569860594,45.30004062070193,45.634796142578125,755293000
NVDA,2023-08-23,45.832657681466124,47.165687530536545,45.175135085824124,47.081748962402344,779046000
NVDA,2023-08-24,50.179489575369686,50.22945246000163,47.124712989648934,47.12870788574219,1156044000
NVDA,2023-08-25,46.97783130329617,47.77025419518987,44.99127346632216,45.984554290771484,925341000
NVDA,2023-08-28,46.44820509438741,46.945844136189635,44.85536600768865,46.80094909667969,685192000
NVDA,2023-08-29,46.632074880156104,49.04532012604733,46.357273276283756,48.74853515625,701397000
NVDA,2023-08-30,49.00834626983168,49.890703795125454,48.3897967692124,49.228187561035156,735206000
NVDA,2023-08-31,49.34410184954682,49.70783563609758,48.922407758819745,49.31911849975586,528570000
NVDA,2023-09-01,49.72582712049024,49.763797697596935,48.107002016363225,48.47373580932617,463830000
NVDA,2023-09-05,48.187938474576626,48.81548404497399,47.825203434833014,48.51270294189453,382653000
NVDA,2023-09-06,48.40977397493204,48.51770224742843,46.54997362392489,47.030662536621094,468670000
NVDA,2023-09-07,45.49565127611613,46.31412350573911,45.122890653596215,46.21118927001953,433330000
NVDA,2023-09-08,45.9123819993529,46.575951562479766,45.24181316746759,45.54261779785156,473069000
NVDA,2023-09-11,46.1182482612765,46.133237981165,44.28343335195331,45.14887619018555,473966000
NVDA,2023-09-12,44.709153407474325,45.643551923371255,44.502286142152805,44.841068267822266,349256000
NVDA,2023-09-13,44.57125292635342,45.90039754591766,44.47431532270772,45.455684661865234,398355000
NVDA,2023-09-14,45.92037826774396,45.9573531646138,45.10190600685458,45.55161666870117,370097000
NVDA,2023-09-15,45.31176544872774,45.56959852066616,43.779752923471165,43.87169647216797,506831000
NVDA,2023-09-18,42.720443095064276,44.213479451862526,41.972924204170205,43.93765640258789,500271000
NVDA,2023-09-19,43.80474129556245,43.93765497175379,42.97427575565499,43.491943359375,373064000
NVDA,2023-09-20,43.57189573593531,43.874701837692996,42.19578439055347,42.21177291870117,367108000
NVDA,2023-09-21,41.5561956700247,42.07286070255986,40.95358372498065,40.99055862426758,450736000
NVDA,2023-09-22,41.54519433277662,42.087847304445255,41.20441459488325,41.58317184448242,479236000
NVDA,2023-09-25,41.56418850458507,42.508579017607495,41.15045392041829,42.19478225708008,419091000
NVDA,2023-09-26,41.973929573748535,42.792401967692534,41.62815190171222,41.88398742675781,402282000
NVDA,2023-09-27,42.302708909565496,42.84435926371942,41.60216067664093,42.440616607666016,444935000
NVDA,2023-09-28,42.43262220486007,43.41798652388978,42.08784724239294,43.06121826171875,424663000
NVDA,2023-09-29,43.7987463785024,44.11554336483788,43.27908114153103,43.4709587097168,397830000
NVDA,2023-10-02,44.00161019361143,45.14587240598545,43.83272043820974,44.75312805175781,433298000
NVDA,2023-10-03,44.77910920077743,45.10090400420974,43.2181160083425,43.48894119262695,470850000
NVDA,2023-10-04,43.713800550252934,44.11454300550294,43.26408989829739,44.01260757446289,361821000
NVDA,2023-10-05,44.021601937102886,44.87105626291606,43.859707622537925,44.6591911315918,393483000
NVDA,2023-10-06,44.16450577901021,45.759477372005065,43.99761364120761,45.73249435424805,434436000
NVDA,2023-10-09,44.81309065878453,45.575599261777526,44.339397209393,45.243812561035156,409675000
NVDA,2023-10-10,45.28079400115597,46.229179763507624,45.05893698303584,45.76847839355469,368582000
NVDA,2023-10-11,46.16621437205222,46.82878891705578,46.020308596739376,46.775821685791016,378137000
NVDA,2023-10-12,46.746842929581085,47.57830726462998,46.30013251687724,46.91473388671875,481325000
NVDA,2023-10-13,46.92972437247631,47.0856258439627,45.25080714920821,45.43169021606445,474115000
NVDA,2023-10-16,45.03395227290401,46.195202001343034,44.88304863104429,46.06528854370117,375099000
NVDA,2023-10-17,43.971635905037324,44.72515146398081,42.452615298122,43.90967559814453,812333000
NVDA,2023-10-18,42.563538500675094,43.19113575483381,41.79803354808787,42.168792724609375,627294000
NVDA,2023-10-19,42.783401532452814,43.26908828015481,41.85499958396407,42.07386016845703,501233000
NVDA,2023-10-20,41.862987418638,42.442615246520695,41.051510746944686,41.360313415527344,477266000
NVDA,2023-10-23,41.20242325687503,43.22012278548461,40.91860593108143,42.947296142578125,478530000
NVDA,2023-10-24,43.049232558078,43.668831843368594,42.66348359708828,43.63485336303711,401463000
NVDA,2023-10-25,43.37002340053755,43.62186366950043,41.52821293771827,41.75206756591797,398379000
NVDA,2023-10-26,41.82601906009142,42.22875913409801,39.85429143072344,40.30000305175781,541001000
NVDA,2023-10-27,41.103483284155644,41.17943449809006,39.98920048176121,40.4738883972168,416784000
NVDA,2023-10-30,41.06051827775502,41.73907765520457,40.454906082459445,41.13446807861328,388028000
NVDA,2023-10-31,40.42392261933526,40.8526468966784,39.204707934267006,40.75370788574219,517969000
NVDA,2023-11-01,40.857645026484356,42.353681706486846,40.84265530544935,42.2977180480957,437593000
NVDA,2023-11-02,43.300064408208144,43.855705696322225,42.86634611035468,43.47795104980469,409172000
NVDA,2023-11-03,43.99161716605405,45.27978369407566,43.69480778178644,44.975982666015625,424610000
NVDA,2023-11-06,45.25580880956027,45.905391339762694,44.870056042056,45.72150802612305,400733000
NVDA,2023-11-07,45.68952896873558,46.18820402459903,45.128889794516326,45.925376892089844,343165000
NVDA,2023-11-08,46.070282349544186,46.836790044608954,45.93836746742981,46.54397964477539,346719000
NVDA,2023-11-09,47.43639611181253,48.198904678121394,46.719859321767146,46.91973114013672,540496000
NVDA,2023-11-10,47.46938357142801,48.4407571846076,47.2525243856,48.3038444519043,421245000
NVDA,2023-11-13,48.28884773723465,49.08433598855006,48.06798954522677,48.588653564453125,384136000
NVDA,2023-11-14,49.64797189172138,49.801871937843956,49.00838510603704,49.623985290527344,416954000
NVDA,2023-11-15,49.902809365822506,49.927790961524366,48.168927272564574,48.856483459472656,475497000
NVDA,2023-11-16,48.647622492403215,49.49307783387502,48.29884843286255,49.44810485839844,339756000
NVDA,2023-11-17,49.49207232670018,49.684948701072095,48.97540732164273,49.26622009277344,325205000
NVDA,2023-11-20,49.28021007685078,50.515413319946866,49.14929401076898,50.376502990722656,414120000
NVDA,2023-11-21,50.09368225266799,50.48442900851123,49.1902657498463,49.911800384521484,565747000
NVDA,2023-11-22,49.81985852243295,50.302544998111564,47.65924993569592,48.68458938598633,899420000
NVDA,2023-11-24,48.43875395222816,48.88946341849403,47.71421905232239,47.745201110839844,294645000
NVDA,2023-11-27,47.769182964937485,48.49871188238506,47.62127956875629,48.210899353027344,395662000
NVDA,2023-11-28,48.204898277235316,48.29184398043461,47.442389759187826,47.790164947509766,401491000
NVDA,2023-11-29,48.34781498680007,48.730567513457544,47.82914854414182,48.10896682739258,382005000
NVDA,2023-11-30,47.99303847449865,48.078985380939635,46.39207386383031,46.73984909057617,526247000
NVDA,2023-12-01,46.495008690555146,47.169572782203616,46.15722533542331,46.7348518371582,369317000
NVDA,2023-12-04,46.0472875756037,46.0472875756037,44.980974273257665,45.48065185546875,437543000
NVDA,2023-12-05,45.44068360016381,46.57405104711008,45.24579248346221,46.54007339477539,371718000
NVDA,2023-12-06,47.18870568926755,47.360610785418956,45.386708393351064,45.477657318115234,380590000
NVDA,2023-12-07,45.67455588233509,46.6030394870367,45.578608662273986,46.5700569152832,350823000
NVDA,2023-12-08,46.56905734985708,47.71441917110969,46.52408042310089,47.479549407958984,359224000
NVDA,2023-12-11,47.46456109151934,47.50453592444969,45.8044865345936,46.60103988647461,509728000
NVDA,2023-12-12,46.02036339199116,47.63946032153252,46.02036339199116,47.63046646118164,372387000
NVDA,2023-12-13,47.60248182794816,48.5669446692335,47.58149361223289,48.06122589111328,447792000
NVDA,2023-12-14,48.36304916362336,48.642892000980076,47.39558977406675,48.32307052612305,391232000
NVDA,2023-12-15,48.16716233251439,49.37648760181643,48.09320222955156,48.86277389526367,479948000
NVDA,2023-12-18,49.37249683921415,50.40491882356695,49.12263603296827,50.04911804199219,412587000
NVDA,2023-12-19,49.396473996646186,49.67232125952952,48.86776928450163,49.57637405395508,464444000
NVDA,2023-12-20,49.62734838444094,49.97115859701397,48.07121619318162,48.08420944213867,397894000
NVDA,2023-12-21,48.783821596134075,49.06766385409553,48.39203776733346,48.96272277832031,300425000
NVDA,2023-12-22,49.16761296876515,49.35550803515768,48.44001760392499,48.802818298339844,252507000
NVDA,2023-12-26,48.940732556066926,49.57238062064836,48.93273759007069,49.25156021118164,244200000
NVDA,2023-12-27,49.483433835302336,49.65233845498923,49.05766853127738,49.38948440551758,233648000
NVDA,2023-12-28,49.615361553511725,49.85622468658464,49.38448736257904,49.49442672729492,246587000
NVDA,2023-12-29,49.78526507165566,49.96916454651592,48.72385609264306,49.49442672729492,389293000
NVDA,2024-01-02,49.21657920112469,49.267549491534815,47.56849914375037,48.141178131103516,411254000
NVDA,2024-01-03,47.458561936508566,48.15717024660548,47.2936528901048,47.54251480102539,320896000
NVDA,2024-01-04,47.740404942993884,48.47299856752152,47.481550264732384,47.97127914428711,306535000
NVDA,2024-01-05,48.43501546755193,49.5194103643003,48.27910029347317,49.06966018676758,415039000
NVDA,2024-01-08,49.48442892614956,52.2458907620678,49.4514463575837,52.223899841308594,642510000
NVDA,2024-01-09,52.37182563719699,54.29475419696261,51.66121915258384,53.11041259765625,773100000
NVDA,2024-01-10,53.58614782430592,54.569597281107285,53.45921582315341,54.31973648071289,533796000
NVDA,2024-01-11,54.9683767860804,55.315183696465496,53.530178853161665,54.791473388671875,596759000
NVDA,2024-01-12,54.58958487431233,54.93939227133335,54.29974925258684,54.679534912109375,352994000
NVDA,2024-01-16,54.98736610755934,56.80335188433168,54.86943178251625,56.35060501098633,449580000
NVDA,2024-01-17,56.31562456246964,56.439556064869315,54.709520939803106,56.02178955078125,474394000
NVDA,2024-01-18,57.22811763397988,57.567928484455464,56.0757597125632,57.07520294189453,491650000
NVDA,2024-01-19,57.956711672124605,59.46687197330924,57.19313710812396,59.45787811279297,543501000
NVDA,2024-01-22,60.01556528618006,60.29740976678535,59.037110289114665,59.620784759521484,452955000
NVDA,2024-01-23,59.536835558716284,59.876646424559254,58.552383323292965,59.83966827392578,294654000
NVDA,2024-01-24,60.27042548611156,62.814006680232,59.90462813486255,61.32783508300781,560271000
NVDA,2024-01-25,62.31528094129938,62.68407876992676,60.81611616664833,61.58269119262695,482777000
NVDA,2024-01-26,60.92606110295733,61.74860477846685,60.53927933125107,60.99702072143555,390309000
NVDA,2024-01-29,61.19790260674366,62.4542026404575,60.87308662667512,62.43021774291992,348733000
NVDA,2024-01-30,62.86497729318725,63.457645602005435,62.225330458008614,62.739044189453125,410735000
NVDA,2024-01-31,61.40579108468123,62.23433190687522,60.666205224632265,61.49274444580078,453795000
NVDA,2024-02-01,62.06541944015991,63.15581535659614,61.615673062934434,62.991905212402344,369146000
NVDA,2024-02-02,63.938381369175765,66.56291878931643,63.654539090246594,66.1231689453125,476578000
NVDA,2024-02-05,68.18701012748092,69.45830503749701,67.16758142852466,69.29339599609375,680078000
NVDA,2024-02-06,69.59122707783612,69.71515858330277,66.26308702618283,68.18501281738281,683111000
NVDA,2024-02-07,68.28095938687078,70.18090186277372,67.56235796585537,70.05996704101562,495575000
NVDA,2024-02-08,70.0349761659854,70.75457644757603,69.41632519274872,69.60221862792969,414422000
NVDA,2024-02-09,70.49374174629027,72.14482274694846,70.17292125397418,72.09285736083984,436637000
NVDA,2024-02-12,72.55957267433736,74.56945447682682,71.21032591879988,72.20777130126953,613710000
NVDA,2024-02-13,70.36081744123659,73.40911526024477,69.58125280309775,72.08785247802734,602580000
NVDA,2024-02-14,73.16125433620005,74.19467532641171,71.89795802434332,73.8588638305664,504917000
NVDA,2024-02-15,73.82787028335872,73.93380643951798,72.35968650824275,72.61753845214844,420122000
NVDA,2024-02-16,74.05872683634956,74.36056058278803,72.46061841088577,72.57255554199219,495327000
NVDA,2024-02-20,71.90694379478387,71.91594146829705,67.69629184561839,69.41333770751953,704833000
NVDA,2024-02-21,67.96813224619191,68.84964494727922,66.21111545956025,67.43443298339844,673755000
NVDA,2024-02-22,74.98323324060954,78.53125229218321,74.17868109913526,78.49427795410156,865100000
NVDA,2024-02-23,80.74501027740159,82.34811331480627,77.52680222303147,78.77310943603516,829388000
NVDA,2024-02-26,79.65562156391138,80.60110162092384,78.46128722131758,79.04796600341797,503973000
NVDA,2024-02-27,79.33678712059191,79.4357386337423,77.11902880227755,78.65716552734375,391705000
NVDA,2024-02-28,77.57678328073024,78.88904810428491,77.08205615581203,77.61975860595703,393110000
NVDA,2024-02-29,79.04995966772168,79.94545684182245,78.30637065695909,79.06794738769531,507289000
NVDA,2024-03-01,79.95544705800646,82.2541692109824,79.39075927311268,82.2331771850586,479135000
NVDA,2024-03-04,84.08315873170044,87.64617639419636,83.67239206586414,85.18954467773438,615616000
NVDA,2024-03-05,85.22652719248794,86.05310907669562,83.37447499815761,85.92017364501953,520639000
NVDA,2024-03-06,87.9771142527572,89.67824212896674,86.98561575454009,88.6547622680664,582520000
NVDA,2024-03-07,90.11202114454544,92.71969184649807,89.55630492024456,92.62174224853516,608119000
NVDA,2024-03-08,95.08949635927887,97.35034416273697,86.46189342253078,87.4833755493164,1142269000
NVDA,2024-03-11,86.38492752767289,88.75171621511622,84.1230810265849,85.73026275634766,678364000
NVDA,2024-03-12,88.00411383105026,91.91311538288066,86.10607991861596,91.86614227294922,668075000
NVDA,2024-03-13,91.00855892799535,91.45732742042443,88.38989247854538,90.84164428710938,635713000
NVDA,2024-03-14,89.53131740403234,90.59977243652932,86.55583073162953,87.8991470336914,602318000
NVDA,2024-03-15,86.88567820084742,89.500341723681,86.21302481365912,87.7922134399414,642086000
NVDA,2024-03-18,90.3419098330075,92.35787961611925,87.04059269589636,88.40989685058594,668976000
NVDA,2024-03-19,86.65578707702176,90.49782872213696,84.96665402343716,89.3524169921875,672171000
NVDA,2024-03-20,89.75120872764549,90.36390274155225,88.17801382637771,90.32592010498047,479063000
NVDA,2024-03-21,92.25293104894116,92.60075314567852,90.35889320815413,91.38836669921875,480372000
NVDA,2024-03-22,91.09451627074266,94.72966241146648,90.78767363601877,94.24091339111328,586719000
NVDA,2024-03-25,93.89309629655145,96.71665262612369,93.46231633076846,94.95355224609375,552136000
NVDA,2024-03-26,95.8021249691622,96.32585986372577,92.4548335490284,92.51380157470703,513648000
NVDA,2024-03-27,93.06452747722804,93.19246057085654,89.07756280706721,90.20398712158203,586067000
NVDA,2024-03-28,89.95410001839039,91.25344006885744,89.14751238127785,90.30992126464844,435212000
NVDA,2024-04-01,90.25295469319977,92.17796738530402,89.15851187965868,90.3169174194336,452441000
NVDA,2024-04-02,88.40289389067334,90.04805823236576,87.57532082751612,89.40638732910156,433064000
NVDA,2024-04-03,88.43888912667452,90.32792493292138,88.35493231864154,88.91864013671875,370067000
NVDA,2024-04-04,90.35988689456467,90.58777505707383,85.83619439258581,85.8611831665039,434965000
NVDA,2024-04-05,86.82170353525082,88.43588552210704,85.88218803532831,87.96312713623047,399678000
NVDA,2024-04-08,88.65476426391245,88.78470285055779,86.68777315554529,87.08856964111328,283220000
NVDA,2024-04-09,87.39739525078261,87.59029759028141,82.97965182031417,85.31045532226562,501700000
NVDA,2024-04-10,83.8832095968993,87.35543726810234,83.66631737551937,86.99462127685547,431929000
NVDA,2024-04-11,87.37542414329695,90.69273208355851,86.8816803570947,90.56979370117188,431637000
NVDA,2024-04-12,89.65326609988566,90.1290289713359,87.4853732060557,88.14103698730469,426805000
NVDA,2024-04-15,89.05255868186178,90.56678540632922,85.88517618535235,85.95713806152344,443077000
NVDA,2024-04-16,86.38892089132743,88.0730591608871,86.02011339953525,87.37042236328125,370453000
NVDA,2024-04-17,88.29494666403578,88.72973001771733,83.90718598900048,83.99214935302734,495400000
NVDA,2024-04-18,84.92666635523963,86.14604537295341,82.35997524716916,84.62781524658203,447260000
NVDA,2024-04-19,83.10760101811651,84.28099833646611,75.56744919546927,76.16114044189453,875198000
NVDA,2024-04-22,78.0641671154843,80.03216479233348,76.36104131725212,79.47744750976562,596341000
NVDA,2024-04-23,80.7278102893302,82.72679042021001,80.2230705514645,82.38096618652344,438559000
NVDA,2024-04-24,83.90719166390734,84.03912814064545,79.14262401880819,79.6363754272461,512208000
NVDA,2024-04-25,78.82777847791279,83.28050853708768,78.18311074273281,82.5898666381836,424641000
NVDA,2024-04-26,83.77526671112514,88.28596627439501,83.34448669778978,87.69026947021484,551011000
NVDA,2024-04-29,87.55033742522801,87.94713054569272,85.22252257935692,87.7122573852539,388971000
NVDA,2024-04-30,87.19551848613133,88.77371581096726,86.25600293117195,86.35794830322266,363709000
NVDA,2024-05-01,85.03361435183398,85.95614014617317,81.21355734292688,82.99864959716797,559863000
NVDA,2024-05-02,84.40593290133356,86.19302312746696,83.15756927733226,85.77323913574219,377898000
NVDA,2024-05-03,87.7442309865165,89.23546686580507,86.99561241116382,88.74372100830078,398341000
NVDA,2024-05-06,89.34441239026923,92.17297098055205,89.00958414820802,92.09300994873047,376203000
NVDA,2024-05-07,91.05153374398775,91.73418402804691,88.96560026111723,90.5078125,437342000
NVDA,2024-05-08,89.43737100980039,91.14749704338682,89.37439959760155,90.36589813232422,325721000
NVDA,2024-05-09,90.48284079234612,91.02556319779642,88.18601596391863,88.70175170898438,378013000
NVDA,2024-05-10,90.25895279926722,91.3543946079418,89.18149955504683,89.83216857910156,335325000
NVDA,2024-05-13,90.43186737899792,90.95160653164567,88.48386356145281,90.35291290283203,289680000
NVDA,2024-05-14,89.55331737042562,91.60427311943869,88.8886555026712,91.3094253540039,296507000
NVDA,2024-05-15,92.42483720214041,94.8136176352431,91.5522813548362,94.58173370361328,417735000
NVDA,2024-05-16,94.86161943368941,95.77015261780095,94.05502400225703,94.31089782714844,323952000
NVDA,2024-05-17,94.32089003310901,94.69169545244071,91.75919321941595,92.43184661865234,359691000
NVDA,2024-05-20,93.70220811729594,95.1514658859747,93.39236858928308,94.73168182373047,318764000
NVDA,2024-05-21,93.55126534071833,95.35134936664903,93.1324803037148,95.33735656738281,328946000
NVDA,2024-05-22,95.4103162792502,95.9710271843739,93.20144427728806,94.90157318115234,548648000
NVDA,2024-05-23,101.97598526792865,106.26579699236947,101.46824101677741,103.74608612060547,835065000
NVDA,2024-05-24,104.39573676851408,106.42070464479184,102.94747814509458,106.41471099853516,429494000
NVDA,2024-05-28,110.18778556165118,114.88039109228285,109.8269695886833,113.8429183959961,652728000
NVDA,2024-05-29,112.99234510462112,115.4330933483792,110.84443906697294,114.76643371582031,557442000
NVDA,2024-05-30,114.59154239421389,115.75994504924772,109.60708571421941,110.44365692138672,484553000
NVDA,2024-05-31,112.46261619518734,112.6595219559155,106.88546755499186,109.57709503173828,613263000
NVDA,2024-06-03,113.56306583418551,114.94136047363281,111.94588702357191,114.94136047363281,438392000
NVDA,2024-06-04,115.65699910856021,116.5405434101387,113.98684591549986,116.37762451171875,403324000
NVDA,2024-06-05,118.31063824188061,122.3865539456356,117.408098853795,122.3775634765625,528402000
NVDA,2024-06-06,123.98473454180629,125.52295114690725,118.25965887862115,120.93629455566406,664696000
NVDA,2024-06-07,119.70892124903274,121.62994584355768,117.9618191498612,120.82635498046875,412386000
NVDA,2024-06-10,120.30862356189567,123.0372272074531,116.95033628620642,121.72789764404297,313434100
NVDA,2024-06-11,121.71790142895497,122.81743693170633,118.6891989331394,120.8582763671875,222551200
NVDA,2024-06-12,123.00735466296415,126.82572022932071,122.51756641163499,125.14643859863281,299595000
NVDA,2024-06-13,129.33464307228707,129.74447132445016,127.10560139337456,129.55455017089844,260704500
NVDA,2024-06-14,129.90441625095465,132.78317395786428,128.26511837192902,131.82359313964844,309320400
NVDA,2024-06-17,132.9331153831068,133.67278906643185,129.52457044327446,130.92396545410156,288504400
NVDA,2024-06-18,131.08388532556722,136.27166699428068,130.63408092847425,135.52198791503906,294335100
NVDA,2024-06-20,139.74020619139688,140.69978702792184,129.46460449105635,130.72406005859375,517768400
NVDA,2024-06-21,127.0656139833598,130.57411435219748,124.24682083583242,126.5158462524414,649445800
NVDA,2024-06-24,123.18725776161229,124.40673688729653,117.9894861328688,118.05945587158203,476060900
NVDA,2024-06-25,121.14814167969276,126.44587713171062,119.26894878077069,126.03604888916016,414192600
NVDA,2024-06-26,126.07603561970313,128.0651821115694,122.54754706402704,126.3459243774414,362975900
NVDA,2024-06-27,124.04689659574252,126.35591334202208,122.86740120783881,123.93694305419922,252571700
NVDA,2024-06-28,124.52670042256338,127.65535851030685,122.69748155565787,123.48714447021484,315516700
NVDA,2024-07-01,123.41717942454187,124.78658844306486,118.77916507660012,124.246826171875,284885500
NVDA,2024-07-02,121.07816598219777,123.35719678093928,120.97821029721358,122.61750793457031,218374000
NVDA,2024-07-03,121.60795022813568,128.22511291503906,121.30807553564613,128.22511291503906,215749000
NVDA,2024-07-05,127.32550112143423,128.7948810674807,125.62623147151251,125.77616882324219,214176700
NVDA,2024-07-08,127.43544631776729,130.7140492483546,126.98564191819271,128.1451416015625,237677300
NVDA,2024-07-09,130.29424856790877,133.76276548705792,128.59496354527897,131.3238067626953,285366600
NVDA,2024-07-10,133.97265130832633,135.04220080806905,132.36333956960132,134.85227966308594,248978600
NVDA,2024-07-11,135.69192330087128,136.09174607157163,126.99564839391957,127.34549713134766,374782700
NVDA,2024-07-12,128.20511597204649,131.86355363035963,127.16556766728102,129.18470764160156,252680500
NVDA,2024-07-15,130.50412821022553,131.3337748661706,127.12557732818904,128.38504028320312,208326200
NVDA,2024-07-16,128.38505064333017,128.9847847878456,124.52670149646414,126.30593872070312,214769500
NVDA,2024-07-17,121.29808499297587,121.79787109317448,116.67006845054381,117.93952178955078,390086200
NVDA,2024-07-18,121.79786974825338,122.34763750285344,116.51013195140489,121.03819274902344,320979500
NVDA,2024-07-19,120.29850217085433,121.54796731102965,117.31978154730916,117.8795394897461,217223800
NVDA,2024-07-22,120.2985068676328,124.01691649015211,119.80871864887781,123.48714447021484,258068900
NVDA,2024-07-23,122.72747303753543,124.63665959294896,122.04776363902835,122.53755187988281,173911000
NVDA,2024-07-24,119.11901958919532,119.8986847003661,113.39147504105252,114.20112609863281,327776900
NVDA,2024-07-25,112.99164110995024,116.5801016063377,106.25452669437287,112.23196411132812,460067000
NVDA,2024-07-26,116.14028513217615,116.1502753623964,111.53225712550028,113.0116195678711,293399100
NVDA,2024-07-29,113.64135918454429,116.23024736996389,111.2523823769322,111.54225158691406,248152100
NVDA,2024-07-30,111.47227535621278,111.94207545546908,102.49612232025332,103.68561553955078,486833300
NVDA,2024-07-31,112.85168535455355,118.28935209111981,110.83254555393661,116.96991729736328,473174200
NVDA,2024-08-01,117.47971689042026,120.10859659996095,106.76430191931924,109.16327667236328,523462300
NVDA,2024-08-02,103.71560554704351,108.67348235860572,101.32662878479363,107.2240982055664,482027500
NVDA,2024-08-05,92.020610744235,103.36576087778293,90.65120176374947,100.40702056884766,552842400
NVDA,2024-08-06,103.79557790935745,107.66392522983698,100.50699194542041,104.20540618896484,409012100
NVDA,2024-08-07,107.76386930019544,108.75345120343057,98.64777632103673,98.86768341064453,411440400
NVDA,2024-08-08,101.95636396303468,105.45486664804078,97.4782771707294,104.92509460449219,391910000
NVDA,2024-08-09,105.59480355882924,106.55439192807604,103.38574997554278,104.70518493652344,290844200
NVDA,2024-08-12,106.27451625816647,111.02248421974713,106.214544366382,108.97335815429688,325559900
NVDA,2024-08-13,112.3918952304853,116.18027460234957,111.53226256952769,116.0903091430664,312646700
NVDA,2024-08-14,118.47929970941885,118.54926946313572,114.02120830914065,118.02949523925781,339246400
NVDA,2024-08-15,118.7091971963176,123.18727640390337,117.41974813678404,122.80744171142578,318086700
NVDA,2024-08-16,121.88783295977665,124.94652136236562,121.12815597457694,124.52670288085938,302589900
NVDA,2024-08-19,124.22682769827617,129.9443817138672,123.36719502454015,129.9443817138672,318333600
NVDA,2024-08-20,128.345066215563,129.82444407435935,125.83614544847738,127.19556427001953,300087400
NVDA,2024-08-21,127.26552712895132,129.29466502006431,126.60581346882094,128.4450225830078,257883600
NVDA,2024-08-22,129.96436907728457,130.69405244169917,123.04732433001813,123.68704986572266,376189100
NVDA,2024-08-23,125.80614369005178,129.54454879248973,125.16641816339359,129.31463623046875,323230300
NVDA,2024-08-26,129.51456899800732,131.2038330961495,124.31678931451107,126.40589141845703,331964700
NVDA,2024-08-27,124.99650751528328,129.14472607274774,123.8270022374259,128.2451171875,303134600
NVDA,2024-08-28,128.06518755846798,128.27510443502842,122.58753608006307,125.55626678466797,448101100
NVDA,2024-08-29,121.30807947152184,124.37676573622443,116.66006734390899,117.53968811035156,453023300
NVDA,2024-08-30,119.47885915972935,121.69791057687668,117.169849908653,119.31893157958984,333751600
NVDA,2024-09-03,115.96037175405029,116.16028314135124,107.24410104783063,107.95379638671875,477155100
NVDA,2024-09-04,105.36491282865293,113.22154357052297,104.07546373187543,106.16456604003906,372470300
NVDA,2024-09-05,104.94508720389065,109.60309749669094,104.71518985962717,107.16413879394531,306850700
NVDA,2024-09-06,107.99376493617882,108.10371847150348,100.90679515321645,102.78599548339844,413638100
NVDA,2024-09-09,104.83512996607128,106.50442134190934,103.64564422957986,106.42445373535156,273912000
NVDA,2024-09-10,107.76386463370491,109.35318822314704,104.90508784485718,108.05374145507812,268283700
NVDA,2024-09-11,109.34319840779227,117.13986433729632,107.37404002456883,116.8599853515625,441422400
NVDA,2024-09-12,116.7999969846395,120.74864930591372,115.34049772061324,119.09921264648438,366052700
NVDA,2024-09-13,119.03923719212747,119.91893319621943,117.5597404845181,119.0592269897461,238358300
NVDA,2024-09-16,116.75001183404176,118.13953528569532,114.32084356482326,116.7400131225586,248772300
NVDA,2024-09-17,118.12954900355818,118.75933823796504,114.79069593440207,115.55043029785156,231925900
NVDA,2024-09-18,115.850318172966,117.659695980885,113.18123422247302,113.33118438720703,310318900
NVDA,2024-09-19,117.30982462581498,119.6190390017094,117.20986038538442,117.82965087890625,293506400
NVDA,2024-09-20,117.01993908275097,118.57941042970523,115.35051239494953,115.9603042602539,382462400
NVDA,2024-09-23,116.51010886475667,116.94995306986277,114.82068489843978,116.22020721435547,206228500
NVDA,2024-09-24,116.48011145817397,121.75831050299728,115.34050229413268,120.82862854003906,354966800
NVDA,2024-09-25,121.9782246233193,124.8972307941946,121.56836894761845,123.46772003173828,284692900
NVDA,2024-09-26,126.75659295249227,127.62629022604027,121.75830470715397,123.9975357055664,302582900
NVDA,2024-09-27,123.9275641535197,123.9875411739155,119.21917738287792,121.35844421386719,271009200
NVDA,2024-09-30,118.26948904999118,121.45839925706385,118.10954779878932,121.39842224121094,226553700
NVDA,2024-10-01,121.72830933905863,122.39808576451375,115.7503608309228,116.95994567871094,302094500
NVDA,2024-10-02,116.40014740227824,119.33913591399957,115.1005893150636,118.80931854248047,221845900
NVDA,2024-10-03,120.87860561160097,124.31743049345978,120.2988023230489,122.80794525146484,277118000
NVDA,2024-10-04,124.89723283717322,124.99719707970252,121.78829684578011,124.87723541259766,243678100
NVDA,2024-10-07,124.94720840149982,130.59527568838965,124.90722118000957,127.67627716064453,346250200
NVDA,2024-10-08,130.2153933149511,133.43429200303964,129.3756845929013,132.84449768066406,285722500
NVDA,2024-10-09,134.06410607581472,134.47396942827422,131.33504459540586,132.60459899902344,246191600
NVDA,2024-10-10,131.86483875930813,134.95377710780917,130.9551466749852,134.7638397216797,242311300
NVDA,2024-10-11,133.9641223517835,135.73352074472976,133.61425131031754,134.7538604736328,170209500
NVDA,2024-10-14,136.42329237635488,139.5522259694365,136.25335239175735,138.0227508544922,232347700
NVDA,2024-10-15,137.82280508502743,138.52257769243778,128.6959404665834,131.55496215820312,377831000
NVDA,2024-10-16,133.9341283963689,136.57322399642072,131.53495612489098,135.6735382080078,264879700
NVDA,2024-10-17,139.2923118529861,140.8417844676902,136.8231559081479,136.8831329345703,306435900
NVDA,2024-10-18,138.62252759913224,138.85244459278235,137.23300404466042,137.9527587890625,176090200
NVDA,2024-10-21,138.0827206747143,143.6608123779297,137.95276029474488,143.6608123779297,264554500
NVDA,2024-10-22,142.86108785315807,144.37056551302095,141.73146975294682,143.5408477783203,226311600
NVDA,2024-10-23,141.9813779606296,142.38123492807873,137.41295033058282,139.51222229003906,285930000
NVDA,2024-10-24,140.7718017861216,141.30161913611144,138.41260905173522,140.3619384765625,172354900
NVDA,2024-10-25,140.8817548130095,144.08067171203157,140.75180968215267,141.49154663085938,205122100
NVDA,2024-10-28,142.95105547012693,143.09100694226274,140.00206821568727,140.47190856933594,173586700
NVDA,2024-10-29,140.2419668294209,142.21129364579818,138.8524432880062,141.20164489746094,157593600
NVDA,2024-10-30,139.49222584841445,140.28196395700422,136.76316465511044,139.29229736328125,179418100
NVDA,2024-10-31,137.55290880572403,137.56289989167158,132.06478241439225,132.7145538330078,270039600
NVDA,2024-11-01,134.65389558133728,137.26300291330367,134.52395044654537,135.35365295410156,207127800
NVDA,2024-11-04,137.16303982117785,138.91244079735898,135.52360180221356,136.00343322753906,187528200
NVDA,2024-11-05,137.40294177771256,140.3219403030432,137.28298774012364,139.8621063232422,160537400
NVDA,2024-11-06,142.9110784725191,146.43986910531262,141.91142072377156,145.56016540527344,242043900
NVDA,2024-11-07,146.33990241230273,148.87902647248674,146.11997647950326,148.8290557861328,207323300
NVDA,2024-11-08,148.719046162124,149.7187036326565,146.2098961488073,147.57943725585938,175665800
NVDA,2024-11-11,148.62909347800425,148.79904870323992,143.52085748188875,145.21026611328125,182325600
NVDA,2024-11-12,146.7297346202135,149.59874692031187,145.95999403229789,148.2392120361328,198634700
NVDA,2024-11-13,149.01896932454213,149.27887481548683,145.85004123347073,146.2199249267578,191903300
NVDA,2024-11-14,147.58945090415918,148.94898588208457,145.5001701321721,146.70974731445312,194463300
NVDA,2024-11-15,144.8203910682193,145.1902747512061,140.03203789439084,141.93138122558594,250132900
NVDA,2024-11-18,139.45223367342163,141.50153478170088,137.10303223771245,140.1020050048828,221205300
NVDA,2024-11-19,141.27163159656618,147.0796403153284,140.94174272954967,146.9596710205078,227834900
NVDA,2024-11-20,147.35954130772643,147.50948385732136,142.68113546401185,145.84005737304688,309871700
NVDA,2024-11-21,149.29888738883682,152.83766902515802,140.65183891204953,146.6197967529297,400946600
NVDA,2024-11-22,145.88001511983566,147.1096048566197,141.0516827032354,141.90138244628906,236406200
NVDA,2024-11-25,141.9413916908634,142.00136870780395,135.7735059739188,135.9734344482422,344941900
NVDA,2024-11-26,137.6528702588759,139.25232877348597,135.6235662299349,136.87313842773438,190287700
NVDA,2024-11-27,134.96376655836661,137.17301655731904,131.7548742168772,135.2936553955078,226370900
NVDA,2024-11-29,136.7331843976686,139.30231211006736,136.0034385187834,138.2026824951172,141863200
NVDA,2024-12-02,138.78246325473978,140.401903648449,137.77281459318448,138.58253479003906,171682800
NVDA,2024-12-03,138.21267485883047,140.49189330582607,137.90278339727084,140.2119903564453,164414000
NVDA,2024-12-04,141.95140715914127,145.740103497805,140.24198561488052,145.09033203125,231224300
NVDA,2024-12-05,145.07032934736787,146.49993108099994,143.9106428157812,145.0203399658203,172621200
NVDA,2024-12-06,144.5604751692698,145.66016529709515,141.27136605108353,142.40106201171875,188505600
NVDA,2024-12-09,138.93199359328304,139.91172129670065,137.0925004855475,138.77203369140625,189308600
NVDA,2024-12-10,138.97197539548316,141.7812196768295,133.7534018405272,135.03306579589844,210020900
NVDA,2024-12-11,137.32243273699547,140.13166176303284,135.173026862483,139.2718963623047,184905200
NVDA,2024-12-12,137.0425058096826,138.40213441382414,135.76285715338648,137.30242919921875,159211400
NVDA,2024-12-13,138.9020072444441,139.56183041879834,132.50374826625531,134.21328735351562,231514900
NVDA,2024-12-16,134.14327863720246,134.36321966164874,130.3843129319086,131.96388244628906,237951100
NVDA,2024-12-17,129.0546920799943,131.5540083659402,126.82530622422306,130.35433959960938,259410300
NVDA,2024-12-18,133.82339933223892,136.6626191312432,128.2449232385065,128.874755859375,277444500
NVDA,2024-12-19,131.72394769790225,133.99333094415113,129.51456085077075,130.6442413330078,209719200
NVDA,2024-12-20,129.7745000485284,135.24300545668208,128.1849385069714,134.6631622314453,306528600
NVDA,2024-12-23,136.24273302531586,139.75176772445488,135.08304656610844,139.63180541992188,176053500
NVDA,2024-12-24,139.9617148258363,141.86118913948326,138.61207790245493,140.18165588378906,105157000
NVDA,2024-12-26,139.66180603983884,140.8115008078877,137.69234337416663,139.89173889160156,116205600
NVDA,2024-12-27,138.5121216661011,138.9819943823141,134.67317523350815,136.9725341796875,170582600
NVDA,2024-12-30,134.79311660884966,140.2316308377207,133.98334063995796,137.452392578125,167734700
NVDA,2024-12-31,137.99226367763055,138.0322612848829,133.79341493856927,134.25328063964844,155659200
NVDA,2025-01-02,135.96280522543205,138.84202245285945,134.5931847895647,138.2721710205078,198247200
NVDA,2025-01-03,139.9717090810043,144.86037131104774,139.69178686675932,144.4304962158203,229322500
NVDA,2025-01-06,148.54936300568127,152.11839407781596,147.77958455274808,149.38912963867188,265377400
NVDA,2025-01-07,152.98814312185272,153.08812187242287,139.97169998670535,140.10166931152344,351782200
NVDA,2025-01-08,142.5410270870028,143.9106477112154,137.5223950503333,140.0717010498047,227349900
NVDA,2025-01-10,137.41242079266553,139.88174676307978,134.18330808313058,135.8728485107422,207602500
NVDA,2025-01-13,129.95446851982027,133.4535116815908,129.4745887600242,133.19357299804688,204808900
NVDA,2025-01-14,136.0128040706775,136.3427156721725,130.0144445990235,131.72396850585938,195590500
NVDA,2025-01-15,133.61345527658474,136.4126928345012,131.25409986764885,136.2027587890625,185217300
NVDA,2025-01-16,138.60208327625168,138.7120538029648,133.4534978315376,133.53347778320312,209235600
NVDA,2025-01-17,136.65262268416788,138.46212527408701,135.4229633158422,137.67234802246094,201188800
NVDA,2025-01-21,139.12194717769367,141.7912151745994,137.05250594430132,140.79148864746094,197749000
NVDA,2025-01-22,144.62047062339892,147.74960487622204,143.63073568135124,147.02981567382812,237651400
NVDA,2025-01-23,145.01034368405638,147.1897403093082,143.6807055002306,147.17974853515625,155915500
NVDA,2025-01-24,148.32942123311412,148.92926325643236,141.84120577881646,142.58099365234375,234657600
NVDA,2025-01-27,124.7658794397831,128.3648859520762,116.668088091544,118.38761901855469,818830900
NVDA,2025-01-28,121.77668294561497,128.96471894622445,116.21820602712087,128.95472717285156,579666400
NVDA,2025-01-29,126.46541333864903,126.8553060976507,120.01717989918284,123.66617584228516,467120600
NVDA,2025-01-30,123.06634175444341,124.96582380169083,118.06770880237578,124.61592102050781,392925500
NVDA,2025-01-31,123.74615511454752,127.81504199868698,119.15741376372098,120.03717041015625,388161100
NVDA,2025-02-03,114.71862375628316,118.53757894355685,112.97910166242248,116.62810516357422,371235700
NVDA,2025-02-04,116.92801344303115,121.16685177317855,116.66808241089754,118.6175537109375,256550000
NVDA,2025-02-05,121.7267002537778,124.96581196424484,120.72697375806385,124.79586029052734,262230800
NVDA,2025-02-06,127.38515593926263,128.7347928917548,125.17576116570511,128.64480590820312,251483600
NVDA,2025-02-07,129.18464838201572,130.3343276557766,124.96580169637689,129.80447387695312,228186300
NVDA,2025-02-10,130.05441853152416,134.96307937585763,129.92446445785666,133.53347778320312,216989100
NVDA,2025-02-11,132.54376130884148,134.4432358451655,130.9841901729766,132.76370239257812,178902400
NVDA,2025-02-12,129.98445236307722,132.203846559633,129.04470695043977,131.10414123535156,160278600
NVDA,2025-02-13,131.52401516963508,136.46266649297655,131.13412244698262,135.25299072265625,197430000
NVDA,2025-02-14,136.44266486168982,139.21191146517995,135.46293718873886,138.81202697753906,195479600
NVDA,2025-02-18,141.23137649622348,143.40078131766987,137.89227816645598,139.36187744140625,219176600
NVDA,2025-02-19,139.4718625554808,141.32136300101118,137.18249518803503,139.1919403076172,167536000
NVDA,2025-02-20,139.99172108753137,140.62155375629743,136.75260126124348,140.0717010498047,143903600
NVDA,2025-02-21,140.0017008694862,141.42132600995674,133.99334973043614,134.3932342529297,228217600
NVDA,2025-02-24,136.52266681200447,138.55211066034528,130.04444248958205,130.244384765625,251381100
NVDA,2025-02-25,129.94445760453814,130.16439867421266,124.40597902043103,126.59537506103516,271428700
NVDA,2025-02-26,129.95446947322534,133.69343728770713,128.4548795357506,131.24411010742188,322553800
NVDA,2025-02-27,134.96308744670299,134.9730792207777,119.97718824289691,120.11714935302734,443175800
NVDA,2025-02-28,117.98772650698133,125.05579305607802,116.36817434407594,124.8858413696289,389091100
NVDA,2025-03-03,123.47622912906817,123.66617198823369,112.2492965435478,114.02880859375,411381400
NVDA,2025-03-04,110.61975353757568,119.27738221868555,110.07990024013375,115.95829010009766,398163300
NVDA,2025-03-05,117.54785129486386,118.24765683915241,114.47869104666965,117.26792907714844,284337900
NVDA,2025-03-06,113.49895407905146,115.31845609620828,110.18986163701831,110.53976440429688,321181900
NVDA,2025-03-07,111.21958617661252,113.44897988924723,107.53059251797079,112.65919494628906,341755500
NVDA,2025-03-10,109.8699441866197,111.81940781621753,105.43115607331026,106.95074462890625,366487400
NVDA,2025-03-11,106.96074247458567,112.20930691241836,104.74134829193281,108.73026275634766,354865700
NVDA,2025-03-12,114.09930053195751,116.73882100614277,112.85951998498375,115.71900177001953,323857500
NVDA,2025-03-13,117.00876245655117,117.73863334670654,113.76935252443205,115.55902862548828,299033100
NVDA,2025-03-14,118.58847644066721,121.85787967708788,118.12856083227834,121.64791870117188,277593500
NVDA,2025-03-17,122.71772499646224,122.86769930249316,118.00858060635532,119.50830841064453,255501500
NVDA,2025-03-18,117.97859103200136,118.99840261510599,114.51921970184797,115.4090576171875,299686900
NVDA,2025-03-19,117.24871784817985,120.42814113812437,115.65901001721268,117.49867248535156,273426200
NVDA,2025-03-20,116.5288475567653,120.17817892707569,116.44886024718888,118.50848388671875,248829700
NVDA,2025-03-21,116.91877807414131,117.96858292451893,115.39904967929496,117.67863464355469,266498500
NVDA,2025-03-24,119.85824123014483,122.19782052957932,119.31833831489072,121.38796997070312,228452500
NVDA,2025-03-25,120.52812446850508,121.26798803028822,118.89841541478116,120.66809844970703,167447200
NVDA,2025-03-26,118.70845626054094,118.81842927999459,112.68954449720724,113.7393569946289,293463300
NVDA,2025-03-27,111.32978747025457,114.42922326739314,110.63991789836862,111.40977478027344,236902100
NVDA,2025-03-28,111.46976244373079,112.84951685583745,109.0502035041368,109.65009307861328,229872500
NVDA,2025-03-31,105.11091847763528,110.93986229194257,103.63119133667838,108.3603286743164,299212700
NVDA,2025-04-01,108.50030342775528,110.17999886185885,106.45068001979016,110.13001251220703,222614000
NVDA,2025-04-02,107.2705266243207,111.95967777974947,106.77061737970816,110.39995574951172,220601200
NVDA,2025-04-03,103.49122110695384,105.61083156865355,101.58156399912866,101.78153228759766,338769400
NVDA,2025-04-04,98.89205625014841,100.11182847125419,92.09328707213024,94.29288482666016,532273800
NVDA,2025-04-07,87.444123819458,101.73153089146867,86.60427995314998,97.62227630615234,611041300
NVDA,2025-04-08,103.79115551332612,105.83078615825814,94.44285411172834,96.28252410888672,476243400
NVDA,2025-04-09,98.87205653888144,115.07911444025873,97.51230269046886,114.30925750732422,612918300
NVDA,2025-04-10,109.35015243101728,110.83987986480561,99.13200610877084,107.55047607421875,437812400
NVDA,2025-04-11,108.4803070767672,111.52975654810143,107.46049556472005,110.90986633300781,313417300
NVDA,2025-04-14,114.08928762467488,114.26925525660798,109.05020155855789,110.68990325927734,264705000
NVDA,2025-04-15,110.94986159507806,113.59938217981927,110.4799456735416,112.17963409423828,228966900
NVDA,2025-04-16,104.53103311878802,106.77062454919468,100.4317709352981,104.47103881835938,397016900
NVDA,2025-04-17,104.43103458781992,104.45103522860795,100.0318394876262,101.47157287597656,292517500
NVDA,2025-04-21,98.75207336541831,99.42195758129023,95.02275450080649,96.89241790771484,288501100
NVDA,2025-04-22,98.76206678289148,99.7918785816798,97.26233908492571,98.8720474243164,241004800
NVDA,2025-04-23,104.5010295750129,104.78098517141211,102.00148324580945,102.69136047363281,247526000
NVDA,2025-04-24,103.46121375263034,106.52065568558213,103.09127819009328,106.41067504882812,220815000
NVDA,2025-04-25,106.83061166162848,111.89969145813895,105.71081975581805,110.98986053466797,251064700
NVDA,2025-04-28,109.67009093365705,110.3499678015911,106.00075133412535,108.71026611328125,207708500
NVDA,2025-04-29,107.65046012276234,110.1799998026459,107.42050613077843,109.00021362304688,170444300
NVDA,2025-04-30,104.45104108413872,108.90023040771484,104.06111247501677,108.90023040771484,235044600
NVDA,2025-05-01,113.05947899879722,114.9191420385801,111.27980327057723,111.5897445678711,236121500
NVDA,2025-05-02,114.15928352450368,115.37906338859757,113.34943293159324,114.4792251586914,190194800
NVDA,2025-05-05,112.88951601094917,114.64919116473993,112.63956137373921,113.79934692382812,133163200
NVDA,2025-05-06,111.45977773347964,114.71918078517231,110.79989381468877,113.51940155029297,158525600
NVDA,2025-05-07,113.02949042053457,117.65864757290291,112.25962586336117,117.03875732421875,206758800
NVDA,2025-05-08,118.22854670795566,118.658469001105,115.82898059800607,117.34870910644531,198428100
NVDA,2025-05-09,117.32869985728382,118.20854502226882,115.18908887008638,116.62882995605469,132972200
NVDA,2025-05-12,121.94787211512306,122.9776840209961,120.25817629208265,122.9776840209961,225023300
NVDA,2025-05-13,124.95732666651305,131.19619232916256,124.44741706637032,129.9064178466797,330430100
NVDA,2025-05-14,133.17581874633882,135.4154176381041,131.65609038206884,135.3154296875,281180800
NVDA,2025-05-15,134.2656162138544,136.2752611112406,132.6359224746836,134.80552673339844,226632600
NVDA,2025-05-16,136.19528579014883,136.32526708518697,133.43579205010155,135.37542724609375,226542500
NVDA,2025-05-19,132.36596428610483,135.84532822832756,132.36596428610483,135.54539489746094,193154600
NVDA,2025-05-20,134.26562607401144,134.55558199625042,132.59593092987555,134.35562133789062,161514200
NVDA,2025-05-21,133.0358430493297,137.3750515435132,130.56629021032253,131.7760772705078,270608700
NVDA,2025-05-22,132.20599574301846,134.22563338103308,131.52612648714359,132.80589294433594,187344000
NVDA,2025-05-23,129.97641506418768,132.65592152877483,129.13657112060253,131.26617431640625,198821300
NVDA,2025-05-27,134.1256417936587,135.63537744884945,133.2857979393918,135.47540283203125,192953600
NVDA,2025-05-28,136.00531758419635,137.22509744866613,134.76553707682788,134.78553771972656,304021100
NVDA,2025-05-29,142.22419152756274,143.46397204605128,137.88498259688382,139.1647491455078,369241900
NVDA,2025-05-30,138.6948289010735,139.59465948344436,132.8958783257386,135.10548400878906,333170900
NVDA,2025-06-02,135.46541564458173,138.09492795630163,135.37542038395227,137.35507202148438,197663100
NVDA,2025-06-03,138.75480693174418,141.97422364617418,137.9249557656252,141.19436645507812,225578800
NVDA,2025-06-04,142.1641966028205,142.36415725393297,139.5146683935161,141.8942413330078,167120800
NVDA,2025-06-05,142.14419665233672,143.97386636815438,138.80480646885346,139.964599609375,231397900
NVDA,2025-06-06,142.4841247816278,143.24399658328852,141.4843063108272,141.69427490234375,153986200
NVDA,2025-06-09,143.16402192873528,144.97369107987248,141.91424872977086,142.6041259765625,185114500
NVDA,2025-06-10,142.66410985007164,144.26381035974757,141.50431668274294,143.9338836669922,155881900
NVDA,2025-06-11,144.59379466225064,144.97375695921582,141.85409623212945,142.81399536132812,167694000
NVDA,2025-06-12,141.9540901919345,144.98374938964844,141.83410852298076,144.98374938964844,162365000
NVDA,2025-06-13,142.4640236398758,143.5639064320885,140.83421673860605,141.95408630371094,180820600
NVDA,2025-06-16,143.33393622751285,146.16360555156524,143.18394388862185,144.6737823486328,183133700
NVDA,2025-06-17,144.4738049491523,145.20371882793046,143.7638778428329,144.1038360595703,139108000
NVDA,2025-06-18,143.9938476821936,145.63366319028128,143.10394808189747,145.46368408203125,161494100
NVDA,2025-06-20,145.43368901636921,146.1836049259659,142.63399990245927,143.83387756347656,242956200
NVDA,2025-06-23,142.48402812138661,144.76377135076248,142.01407957999888,144.15383911132812,154308900
NVDA,2025-06-24,145.54367367470394,147.94341367999496,145.4836828445603,147.88340759277344,187566100
NVDA,2025-06-25,149.25328072295656,154.43269305532343,149.24327207878133,154.29270935058594,269146500
NVDA,2025-06-26,155.9625083392563,156.70243086817015,153.98273459501658,155.00262451171875,198145700
NVDA,2025-06-27,156.02250005395288,158.69221415352254,155.24258871826237,157.73231506347656,263234500
NVDA,2025-06-30,158.38224776867892,158.6422284044636,155.94253394670602,157.97230529785156,194580300
NVDA,2025-07-01,156.27249233706732,157.18239409932116,151.47304203431221,153.2828369140625,213143600
NVDA,2025-07-02,152.962850389823,157.58234297497486,152.95285700312823,157.2323760986328,171224100
NVDA,2025-07-03,158.35225101493015,160.96195919540767,157.7523273944205,159.3221435546875,143716100
NVDA,2025-07-07,158.18227071828886,159.29214695363126,157.3223664705724,158.22227478027344,140139000
NVDA,2025-07-08,159.31214783171163,160.20204749093682,158.3722507239072,159.98207092285156,138133000
NVDA,2025-07-09,161.20193770023792,164.40157611225678,161.14194686393122,162.86175537109375,183656400
NVDA,2025-07-10,164.30159583301895,164.48156834124046,161.5918927660757,164.0816192626953,167704100
NVDA,2025-07-11,163.70165728031435,167.87118822352508,163.4516852914618,164.90151977539062,193633300
NVDA,2025-07-14,165.35146259057728,165.4714595173457,162.00184716942397,164.05162048339844,136975800
NVDA,2025-07-15,171.17081299302788,172.38066881478494,169.18103056842588,170.6808624267578,230627400
NVDA,2025-07-16,171.04083672550954,171.73076187811773,168.88107501049606,171.35079956054688,158831500
NVDA,2025-07-17,172.00073538495315,174.1404950617398,170.81086624213197,172.98062133789062,160841100
NVDA,2025-07-18,173.62054394819432,174.23047621121117,171.24080573231237,172.39068603515625,146456400
NVDA,2025-07-21,172.73065099594356,173.36058531454748,170.9808470061149,171.36080932617188,123126100
NVDA,2025-07-22,171.32080634495316,171.37080379639445,164.5615689540832,167.01129150390625,193114300
NVDA,2025-07-23,169.511004310231,171.24080620570157,167.95118153678195,170.7608642578125,154082200
NVDA,2025-07-24,172.42067791171223,173.81052153075,171.28080627636527,173.7205352783203,128984600
NVDA,2025-07-25,173.59054858813744,174.70042482917586,172.9406275198062,173.48056030273438,122316800
NVDA,2025-07-28,174.00050427681666,176.98016607778243,173.9505068282037,176.73019409179688,140023500
NVDA,2025-07-29,177.94006357342778,179.35990260986108,175.00039060425894,175.49032592773438,154077500
NVDA,2025-07-30,176.49022309733303,179.869849375745,176.0202745228646,179.2499237060547,174312200
NVDA,2025-07-31,182.87950237318685,183.2794667127293,175.9102820488597,177.85006713867188,221685400
NVDA,2025-08-01,174.07048465468185,176.52020701181988,170.8708463561498,173.70053100585938,204529000
NVDA,2025-08-04,175.14037394842856,180.17980241597786,174.500446281802,179.97982788085938,148174600
NVDA,2025-08-05,179.59986897635343,180.23979665506658,175.8802845759961,178.24002075195312,156407600
NVDA,2025-08-06,176.31023710297544,179.87982901005608,176.23024423927978,179.39988708496094,137192300
NVDA,2025-08-07,181.54966930117607,183.85940811228025,178.7799753024853,180.749755859375,151878400
NVDA,2025-08-08,181.52965464990967,183.27945850723472,180.3797743894202,182.6795196533203,123396700
NVDA,2025-08-11,182.02960317073044,183.8193958765311,180.22980182096376,182.0395965576172,138323200
NVDA,2025-08-12,182.9395060522284,184.4593247511904,179.43989822709233,183.1394805908203,145485700
NVDA,2025-08-13,182.59953978080497,183.9493946696141,179.329917039869,181.5696563720703,179871700
NVDA,2025-08-14,179.7298534235828,182.99949119039164,179.43989264021437,181.99960327148438,129554000
NVDA,2025-08-15,181.85962676701382,181.87961354108583,178.02004541114613,180.42977905273438,156602200
NVDA,2025-08-18,180.57976314427117,182.91949719839158,180.56975450061333,181.98959350585938,132008000
NVDA,2025-08-19,182.4095478886331,182.47954736718557,175.47033846497254,175.6203155517578,185229200
NVDA,2025-08-20,175.1503706193276,175.9802794498554,168.7810892510499,175.38034057617188,215142700
NVDA,2025-08-21,174.83041312567687,176.88017120538285,173.79052111986658,174.96038818359375,140040900
NVDA,2025-08-22,172.59066018618677,178.56998587344157,171.18081451068767,177.97006225585938,172789400
NVDA,2025-08-25,178.33002804439553,181.88962682620624,176.5502286534902,179.78985595703125,163012800
NVDA,2025-08-26,180.0398187111229,182.36955942503778,178.78995879531527,181.7496337890625,168688200
NVDA,2025-08-27,181.95959791056248,182.46955051009175,179.07993109949993,181.57965087890625,235518900
NVDA,2025-08-28,180.79974711518173,184.44933204343067,176.39023757757423,180.14981079101562,281787800
NVDA,2025-08-29,178.09004428153852,178.130033086625,173.13059331145078,174.1604766845703,243257900
NVDA,2025-09-02,169.980952871088,172.36069109354864,167.20126556823303,170.7608642578125,231164900
NVDA,2025-09-03,171.0408442884315,172.3906992342715,168.86109570238054,170.60089111328125,164424900
NVDA,2025-09-04,170.55090333056648,171.8407521362954,169.39102958990665,171.64077758789062,141670100
NVDA,2025-09-05,168.01117837826322,169.0110663720669,164.05163046676552,167.0012969970703,224441400
NVDA,2025-09-08,167.53122834914853,170.940849905597,167.33125381142952,168.2911376953125,163769100
NVDA,2025-09-09,169.0710489481518,170.96083655380463,166.7213214317911,170.74085998535156,157548400
NVDA,2025-09-10,176.62020974984335,179.26990675759993,175.45034266016896,177.3101348876953,226852000
NVDA,2025-09-11,179.66999584989978,180.26996857097555,176.4701769393558,177.16014099121094,151159300
NVDA,2025-09-12,177.76010410307373,178.59005971058946,176.44017029123495,177.8101043701172,124911000
NVDA,2025-09-15,175.66021109761542,178.84004186496986,174.50027206258352,177.74009704589844,147061600
NVDA,2025-09-16,176.99014687805604,177.49011904437822,174.37029760906842,174.87026977539062,140737800
NVDA,2025-09-17,172.63039291663662,173.1903593144249,168.40063256525568,170.280517578125,211843800
NVDA,2025-09-18,173.9703101424577,177.09014682532762,172.95037791227023,176.23019409179688,191763300
NVDA,2025-09-19,175.7602124903078,178.07008136373162,175.17023376194967,176.66015625,237182100
NVDA,2025-09-22,175.29024236301854,184.53972732383275,174.70027887607205,183.5997772216797,269637000
NVDA,2025-09-23,181.9598706713119,182.409842567533,176.20019683221489,178.42005920410156,192559600
NVDA,2025-09-24,179.75999113536878,179.76998508551358,175.39022416770254,176.96014404296875,143564100
NVDA,2025-09-25,174.47028665549124,180.24996380236055,173.12037093203185,177.68011474609375,191586700
NVDA,2025-09-26,178.16008106951017,179.75999811527313,174.920255917913,178.18008422851562,148573700
NVDA,2025-09-29,180.4199550960203,183.98976381560166,180.30997586310093,181.8398895263672,193063500
NVDA,2025-09-30,182.06986121505474,187.3395719841704,181.4698885277926,186.56961059570312,236981000
NVDA,2025-10-01,185.22969505995906,188.12952754318238,183.88975804814035,187.22958374023438,173844900
NVDA,2025-10-02,189.5894532800495,191.0393695238543,188.04953044946197,188.87948608398438,136805800
NVDA,2025-10-03,189.1794627061203,190.34939569471342,185.36967740169,187.6095428466797,137596900
NVDA,2025-10-06,185.48967202648717,187.21957143407985,183.31979467524326,185.5296630859375,157678100
NVDA,2025-10-07,186.21962980709273,189.0494741147918,183.9897582054133,185.02969360351562,140088000
NVDA,2025-10-08,186.55962017208088,189.58945025835604,186.52960780500513,189.09947204589844,130168900
NVDA,2025-10-09,192.21928773885006,195.28912405123697,191.04935474353755,192.5592803955078,182997200
NVDA,2025-10-10,193.49922565779727,195.6091088464203,182.0398719523004,183.14981079101562,268774400
NVDA,2025-10-13,187.9595379156231,190.09941818271824,185.94965529464977,188.3095245361328,153482800
NVDA,2025-10-14,184.75971529942103,184.78971240822688,179.68999030007896,180.0199737548828,205641400
NVDA,2025-10-15,184.7897166440438,184.85970481354866,177.2801249034248,179.8199920654297,214450500
NVDA,2025-10-16,182.21985578014733,183.26980040587233,179.76000120804414,181.7998809814453,179723300
NVDA,2025-10-17,180.16996892604442,184.08976427610557,179.74000017155936,183.20980834960938,173135200
NVDA,2025-10-20,183.1198152646831,185.18969215276272,181.71988400794234,182.6298370361328,128544700
NVDA,2025-10-21,182.77981647710283,182.77981647710283,179.78999271004406,181.14991760253906,124240200
NVDA,2025-10-22,181.1299112106735,183.42978616900905,176.7501502622395,180.26995849609375,162249600
NVDA,2025-10-23,180.40994799999942,183.01980322210497,179.7799782111653,182.1498565673828,111363700
NVDA,2025-10-24,183.8297551720498,187.45955783835475,183.48977777431884,186.24961853027344,131296700
NVDA,2025-10-27,189.979423148828,191.98930570001696,188.41949722334647,191.47933959960938,153452700
NVDA,2025-10-28,193.03926234185508,203.1386912540773,191.89932637827522,201.01881408691406,297986200
NVDA,2025-10-29,207.96842303697136,212.1781954922272,204.76860414707738,207.02847290039062,308829600
NVDA,2025-10-30,205.1385766163601,206.1485301715792,201.39879452489242,202.8787078857422,178864400
NVDA,2025-10-31,206.43850017947892,207.95841980607935,202.05875446792163,202.47872924804688,179802200
NVDA,2025-11-03,208.06841462190084,211.32822759164594,205.5485506791992,206.8684844970703,180267300
NVDA,2025-11-04,202.98869740675082,203.9586446199207,197.9189723693821,198.67893981933594,188919300
NVDA,2025-11-05,198.75894188581304,202.90870481768462,194.63916080574026,195.1991424560547,171350300
NVDA,2025-11-06,196.40906647995496,197.60899664277025,186.3696319662745,188.0695343017578,223029800
NVDA,2025-11-07,184.8897071775586,188.3095303364016,178.90005019006267,188.1395263671875,264942300
NVDA,2025-11-10,195.09914200543773,199.9288750287355,193.7792081445882,199.03892517089844,198897100
NVDA,2025-11-11,195.14913483203398,195.40911485928362,191.28934919242405,193.1492462158203,176483300
NVDA,2025-11-12,195.70910637927892,195.87909508520013,191.1193655455878,193.78921508789062,154935300
NVDA,2025-11-13,191.03936321053533,191.42934088057365,183.8397672401686,186.84959411621094,207423100
NVDA,2025-11-14,182.8498180673128,190.99935813210442,180.56994624954729,190.15940856933594,186591900
NVDA,2025-11-17,185.95964506857126,188.98947511566342,184.30974305565786,186.58961486816406,173628900
NVDA,2025-11-18,183.36979105504545,184.7897101334883,179.63998782140993,181.3498992919922,213598900
NVDA,2025-11-19,184.7796984316032,187.8495347223247,182.8198161698128,186.50961303710938,247246400
NVDA,2025-11-20,195.9390891568929,195.9890894251709,179.83999453744622,180.62994384765625,343504800
NVDA,2025-11-21,181.22991004695137,184.54971718190046,172.92036011460985,178.8700408935547,346926200
NVDA,2025-11-24,179.48001348627363,183.4897847612219,176.47017128450955,182.5398406982422,256618300
NVDA,2025-11-25,174.90026276869568,178.15008177330986,169.54056066153746,177.8101043701172,320600300
NVDA,2025-11-26,181.61988829154,182.8998157763143,178.2300777211247,180.2499542236328,183852000
NVDA,2025-11-28,179.0000253919654,179.28000857805475,176.49017066740046,176.99014282226562,121332800
NVDA,2025-12-01,174.75027181562072,180.28997214473748,173.67033006996684,179.9099884033203,188131000
NVDA,2025-12-02,181.74987648908228,185.6496685428864,179.98997995570696,181.4499053955078,182632200
NVDA,2025-12-03,181.06992440272873,182.43984327721986,179.1000328161426,179.5800018310547,165138000
NVDA,2025-12-04,181.6199951171875,184.52000427246094,179.9600067138672,183.3800048828125,167364900
NVDA,2025-12-05,183.88999938964844,184.66000366210938,180.91000366210938,182.41000366210938,143971100
NVDA,2025-12-08,182.63999938964844,188.0,182.39999389648438,185.5500030517578,204378100
NVDA,2025-12-09,185.55999755859375,185.72000122070312,183.32000732421875,184.97000122070312,144719700
NVDA,2025-12-10,184.97000122070312,185.47999572753906,182.0399932861328,183.77999877929688,162785400
NVDA,2025-12-11,180.27999877929688,181.32000732421875,176.6199951171875,180.92999267578125,182136600
NVDA,2025-12-12,181.11000061035156,182.82000732421875,174.6199951171875,175.02000427246094,204274900
NVDA,2025-12-15,177.94000244140625,178.4199981689453,175.02999877929688,176.2899932861328,164775600
NVDA,2025-12-16,176.25999450683594,178.49000549316406,174.89999389648438,177.72000122070312,148588100
NVDA,2025-12-17,176.10000610351562,176.1300048828125,170.30999755859375,170.94000244140625,222775500
NVDA,2025-12-18,174.52999877929688,176.14999389648438,171.82000732421875,174.13999938964844,176096000
NVDA,2025-12-19,176.6699981689453,181.4499969482422,176.33999633789062,180.99000549316406,324925900
NVDA,2025-12-22,183.9199981689453,184.16000366210938,182.35000610351562,183.69000244140625,129064400
NVDA,2025-12-23,182.97000122070312,189.3300018310547,182.89999389648438,189.2100067138672,174873600
NVDA,2025-12-24,187.94000244140625,188.91000366210938,186.58999633789062,188.61000061035156,65528500
NVDA,2025-12-26,189.9199981689453,192.69000244140625,188.0,190.52999877929688,139740300
NVDA,2025-12-29,187.7100067138672,188.75999450683594,185.91000366210938,188.22000122070312,120006100
NVDA,2025-12-30,188.24000549316406,188.99000549316406,186.92999267578125,187.5399932861328,97687300
NVDA,2025-12-31,189.57000732421875,190.55999755859375,186.49000549316406,186.5,120100500
NVDA,2026-01-02,189.83999633789062,192.92999267578125,188.25999450683594,188.85000610351562,148240500
NVDA,2026-01-05,191.75999450683594,193.6300048828125,186.14999389648438,188.1199951171875,183529700
NVDA,2026-01-06,190.52000427246094,192.1699981689453,186.82000732421875,187.24000549316406,176862600
NVDA,2026-01-07,188.57000732421875,191.3699951171875,186.55999755859375,189.11000061035156,153543200
NVDA,2026-01-08,189.11000061035156,189.5500030517578,183.7100067138672,185.0399932861328,172457000
NVDA,2026-01-09,185.0800018310547,186.33999633789062,183.6699981689453,184.86000061035156,131327500
NVDA,2026-01-12,183.22000122070312,187.1199951171875,183.02000427246094,184.94000244140625,137968500
NVDA,2026-01-13,185.0,188.11000061035156,183.39999389648438,185.80999755859375,160128900
NVDA,2026-01-14,184.32000732421875,184.4600067138672,180.8000030517578,183.13999938964844,159586100
NVDA,2026-01-15,186.5,189.6999969482422,186.3300018310547,187.0500030517578,206188600
NVDA,2026-01-16,189.0800018310547,190.44000244140625,186.0800018310547,186.22999572753906,187967200
NVDA,2026-01-20,181.89999389648438,182.3800048828125,177.61000061035156,178.07000732421875,223345300
NVDA,2026-01-21,179.0500030517578,185.3800048828125,178.39999389648438,183.32000732421875,200381000
NVDA,2026-01-22,184.75,186.1699981689453,183.92999267578125,184.83999633789062,139636600
NVDA,2026-01-23,187.5,189.60000610351562,186.82000732421875,187.6699981689453,142748100
NVDA,2026-01-26,187.16000366210938,189.1199951171875,185.99000549316406,186.47000122070312,124799600
NVDA,2026-01-27,187.24000549316406,190.0,185.6999969482422,188.52000427246094,143711600
