ticker,date,open,high,low,close,volume
PFE,2020-01-02,27.607240799439584,27.642362610954212,27.312200636124913,27.494842529296875,16514072
PFE,2020-01-03,27.199804294539398,27.565090893283916,27.164679659749694,27.34732437133789,14922848
PFE,2020-01-06,27.270053452558958,27.396500455721924,27.18575827488247,27.31220245361328,15771951
PFE,2020-01-07,27.480794131533596,27.487818493920066,27.17170523993693,27.22087860107422,20108107
PFE,2020-01-08,27.227909816212282,27.55104751390956,27.220885452057914,27.43865203857422,16403507
PFE,2020-01-09,27.586167129992813,27.586167129992813,27.248980765457866,27.31922721862793,21971895
PFE,2020-01-10,27.382445173972677,27.839054111707267,27.37542081215962,27.740707397460938,21557357
PFE,2020-01-13,27.832033181599822,27.93740427065152,27.544017365161377,27.684513092041016,15392405
PFE,2020-01-14,27.698551672230078,28.15516049902236,27.60723216641649,28.148136138916016,20919160
PFE,2020-01-15,28.232439557726348,28.7101215570271,28.218388010370717,28.569625854492188,23925800
PFE,2020-01-16,28.653933824816427,28.66095818872593,28.323768950041302,28.52748680114746,16216422
PFE,2020-01-17,28.499382426612073,28.667975592808112,28.394011344685556,28.457233428955078,23083970
PFE,2020-01-21,28.365907962094216,28.56260137997825,28.232439445981207,28.337810516357422,23115696
PFE,2020-01-22,28.323764303458606,28.386986392705044,28.077897484797845,28.232444763183594,18097812
PFE,2020-01-23,28.232443034304072,28.682024818687246,28.190294035910156,28.597726821899414,27148510
PFE,2020-01-24,28.759302335383175,28.780375425208813,27.846084269823056,27.9725284576416,34143698
PFE,2020-01-27,27.68451124336546,28.40103573084285,27.572115799139972,28.211366653442383,31964026
PFE,2020-01-28,27.621295692343626,27.740715527025742,26.65890417771731,26.792375564575195,70202408
PFE,2020-01-29,26.778325035413896,26.960966957086267,26.37791372620912,26.39898681640625,34165726
PFE,2020-01-30,26.328023384179264,26.377699061505123,26.037065437944364,26.306732177734375,32316589
PFE,2020-01-31,26.214477056250573,26.57639614188911,26.18608973505021,26.427371978759766,33894005
PFE,2020-02-03,26.5834941021214,26.995091697543028,26.469947674917968,26.618974685668945,20875735
PFE,2020-02-04,27.023476459416965,27.137020034576278,26.704134084299973,26.746713638305664,31150865
PFE,2020-02-05,26.860252292530003,27.371201140422276,26.838963946069185,27.087339401245117,29443490
PFE,2020-02-06,27.27895135627313,27.321530910943927,26.987993443759215,27.151212692260742,21047748
PFE,2020-02-07,27.22218068220424,27.250565150957527,26.91703052340271,27.00218963623047,21903596
PFE,2020-02-10,27.11573476348093,27.12283088107375,26.76800502844399,26.831872940063477,19998385
PFE,2020-02-11,26.88863915527254,27.058954483942767,26.79638394892829,27.030567169189453,16027335
PFE,2020-02-12,27.030575386118144,27.101542267932793,26.76800477128576,26.78219985961914,22944315
PFE,2020-02-13,26.66865265429007,26.66865265429007,26.17899487958015,26.207382202148438,22099745
PFE,2020-02-14,26.235766981018664,26.285442656136343,25.84546055076607,25.90932846069336,21006747
PFE,2020-02-18,25.937709595623637,26.02286870010088,25.739009773982854,25.774490356445312,17988513
PFE,2020-02-19,25.831260559678288,25.902227426824307,25.69642864801115,25.710620880126953,17750941
PFE,2020-02-20,25.34160667677761,25.589985042511806,25.128711749943704,25.44095802307129,42953135
PFE,2020-02-21,25.377083068899235,25.419662613099195,25.21386386053533,25.348695755004883,32425256
PFE,2020-02-24,24.866139614529263,25.121614081611707,24.553893360682252,24.60356903076172,37969296
PFE,2020-02-25,24.61066556160961,24.65324511572053,23.922305138881782,24.078428268432617,41878898
PFE,2020-02-26,24.298417877747738,24.98677826011292,24.142294757351323,24.63905143737793,47920005
PFE,2020-02-27,24.440352234681587,25.341607649767717,24.19906997680664,24.19906997680664,55444827
PFE,2020-02-28,23.76618453857653,24.085525502656264,23.084920201046774,23.716508865356445,66057447
PFE,2020-03-02,24.06423734853129,24.802273482465207,23.73779741135776,24.75259780883789,42034469
PFE,2020-03-03,24.965494096914508,25.391283977881752,24.02875521747292,24.341001510620117,46174475
PFE,2020-03-04,24.908720761925515,25.8738440519688,24.802273298269508,25.83126449584961,38712155
PFE,2020-03-05,25.299026033169394,25.675143050805325,24.951299189373938,25.164194107055664,35096303
PFE,2020-03-06,24.624861560236532,24.958399074031778,24.21326674965699,24.851951599121094,40931036
PFE,2020-03-09,23.74489544150254,24.617763526527547,23.53200050824922,23.95779037475586,43183856
PFE,2020-03-10,24.532606471839166,24.596474379092943,23.425552284066008,24.546798706054688,40548329
PFE,2020-03-11,23.95778681235405,24.042945914306255,22.467521074533785,22.829442977905273,65350213
PFE,2020-03-12,21.630130281082682,22.708798277740648,21.28949820705166,21.303691864013672,62731445
PFE,2020-03-13,22.190759577404588,23.333295711571548,21.45272206807655,23.212656021118164,60553038
PFE,2020-03-16,21.246922889335018,22.90750393407442,21.041124109436208,21.417238235473633,50995050
PFE,2020-03-17,22.45332630558577,23.170073960621846,21.708194186824237,22.822345733642578,54220606
PFE,2020-03-18,21.83593338647755,23.141690168316764,21.509494904338673,22.964277267456055,43884976
PFE,2020-03-19,22.864922282862743,22.886212055833916,21.29659659806366,21.587553024291992,59820929
PFE,2020-03-20,21.488209615862875,21.764973913140157,20.51598865632724,20.58695411682129,52488989
PFE,2020-03-23,20.409534955691786,20.991447845038213,19.78504251770373,20.21792984008789,52853041
PFE,2020-03-24,20.941773407412644,21.32498366107145,20.508887486308844,21.07660675048828,44466784
PFE,2020-03-25,20.934675794865704,21.800449001836768,20.579850031802007,21.11208724975586,44601275
PFE,2020-03-26,21.21144034411486,22.70170457826817,21.204342801557818,22.531389236450195,43269967
PFE,2020-03-27,21.857222879222807,22.52429349463588,21.75787154189865,21.92818832397461,38290344
PFE,2020-03-30,22.03463306259557,23.312002350875026,22.03463306259557,23.18426513671875,29943508
PFE,2020-03-31,22.99265856106259,23.418448296642005,22.879115012012495,23.162975311279297,29466151
PFE,2020-04-01,22.6520289135775,22.907503352946183,22.375266126462858,22.531389236450195,26709625
PFE,2020-04-02,22.63783634432182,23.418450455981457,22.53138890061179,23.326196670532227,27186876
PFE,2020-04-03,23.155885174495122,24.050045902453444,23.155885174495122,23.87263298034668,32837370
PFE,2020-04-06,24.071329096870276,24.766785548146135,23.97197776764752,24.532602310180664,40503217
PFE,2020-04-07,24.837753714925267,24.958393398179933,23.837145681016697,23.85133934020996,24226295
PFE,2020-04-08,24.12100621315675,24.695823022092092,23.73069841532153,24.553892135620117,25523980
PFE,2020-04-09,24.859038976598843,25.384180048623737,24.73130033964825,25.114513397216797,30648107
PFE,2020-04-13,25.51901426545211,25.5332093508136,24.639050224080307,24.937101364135742,18270141
PFE,2020-04-14,25.497729621993383,25.99448634973386,25.079035888590937,25.859651565551758,21845309
PFE,2020-04-15,25.58998332057622,25.710623010121942,25.249349748592657,25.52611541748047,21312196
PFE,2020-04-16,25.632560322144187,25.731911651862653,25.249347235149116,25.462242126464844,20657451
PFE,2020-04-17,25.902225085734077,26.25704797626064,25.62545946478948,26.193180084228516,24404843
PFE,2020-04-20,25.817068557041733,26.19318268443819,25.60417366027832,25.60417366027832,22530620
PFE,2020-04-21,25.39128023490072,25.49772768945089,25.100325190662634,25.27773666381836,23975233
PFE,2020-04-22,26.228668185793,26.257052652514307,25.632562998524353,25.724815368652344,20182624
PFE,2020-04-23,25.74610852623574,26.540916454018426,25.74610852623574,26.037063598632812,20185365
PFE,2020-04-24,26.143508830974568,26.562202537410645,26.100932131296638,26.526721954345703,17353794
PFE,2020-04-27,26.67574188115892,27.349907019819224,26.661546798417753,27.20088005065918,23394057
PFE,2020-04-28,27.711828072389476,27.832467725991116,26.526714173401892,26.902828216552734,35666728
PFE,2020-04-29,27.293145939805893,27.35701385066872,26.760908593808843,27.05186653137207,26518535
PFE,2020-04-30,26.966708718452292,27.32863070188486,26.51253149637757,27.222183227539062,29450973
PFE,2020-05-01,26.860258249817402,26.924126156648263,26.53381974531841,26.711231231689453,22679867
PFE,2020-05-04,26.682837844288354,26.909927805027703,26.548005944217515,26.697032928466797,19893512
PFE,2020-05-05,27.541515783060614,27.57699635960783,27.158305583368307,27.32862091064453,24123952
PFE,2020-05-06,27.655059334578098,27.683446649099064,27.328620910644535,27.32862091064453,24047432
PFE,2020-05-07,27.529306773215758,27.586647224338503,26.43989007283151,26.490060806274414,33546080
PFE,2020-05-08,26.697906431917367,26.791081048379965,26.547394254951378,26.676403045654297,19893618
PFE,2020-05-11,26.69790483754659,27.38595840421637,26.633400446047265,27.307117462158203,25620421
PFE,2020-05-12,27.321455996919575,27.407460897925155,26.762411172648186,26.776744842529297,19335314
PFE,2020-05-13,26.740912772334642,26.819750844604215,26.22487179881311,26.554563522338867,24596882
PFE,2020-05-14,26.37538695225712,27.20678318996504,26.36105327963788,27.178115844726562,22362507
PFE,2020-05-15,27.206784727959068,27.357296944127913,26.79825486318035,27.06344223022461,25460002
PFE,2020-05-18,27.479135811628318,27.565140715140448,26.97026169882896,27.285619735717773,22635177
PFE,2020-05-19,27.127935918306108,27.24977785773038,26.74090671666999,27.006093978881836,19476234
PFE,2020-05-20,27.199614709738466,27.37879713352723,26.912926866083453,26.970264434814453,17504200
PFE,2020-05-21,26.927259649367944,26.98459721620709,26.55456402405392,26.705076217651367,17652181
PFE,2020-05-22,26.597561889523153,26.89858620847105,26.490053615858695,26.87708282470703,15781226
PFE,2020-05-26,26.984601604965697,27.14228065984796,26.84125622369464,26.86992645263672,23260094
PFE,2020-05-27,26.812585830688477,26.905760462016445,26.497227756747147,26.812585830688477,25904158
PFE,2020-05-28,27.120776050019696,27.550809247112,27.034768257913544,27.364459991455078,22521767
PFE,2020-05-29,27.428971105164443,27.543646256167165,26.934430554100718,27.371633529663086,48333067
PFE,2020-06-01,25.44364537146726,25.60849124533551,25.02077899189064,25.41497802734375,76884979
PFE,2020-06-02,25.46514758679796,25.916681289672848,25.264464660311692,25.91668128967285,42690900
PFE,2020-06-03,26.00985591721565,26.095863709058115,25.472314422498297,25.91668128967285,38751996
PFE,2020-06-04,25.5941588726135,26.00985843726308,25.586992036218785,25.809175491333008,27013388
PFE,2020-06-05,25.974017479825918,26.15319988971075,25.715996999698255,25.794837951660156,36705655
PFE,2020-06-08,25.658662734443276,26.23204133270177,25.572657817822137,26.22487449645996,30194149
PFE,2020-06-09,26.160366303604004,26.27504143032027,25.923846333247553,25.952516555786133,21675088
PFE,2020-06-10,26.060028956981355,26.124533365716765,25.723167477195137,25.744670867919922,29557217
PFE,2020-06-11,25.5153145482977,25.572652107147448,23.852518137357887,23.866851806640625,63166642
PFE,2020-06-12,24.42589774071651,24.440231411509732,23.6876733507982,24.189380645751953,37902472
PFE,2020-06-15,23.866858616473404,24.167883047613767,23.47982926337838,23.909862518310547,36247482
PFE,2020-06-16,24.074707061990186,24.33989585402107,23.45115916535355,23.93852996826172,55616945
PFE,2020-06-17,24.074707440167135,24.20371769963638,23.88119277139315,24.053205490112305,27509822
PFE,2020-06-18,23.84535066857692,23.988694561889236,23.637500942629543,23.823848724365234,32278855
PFE,2020-06-19,24.14637642499611,24.182213483213452,23.73784375916321,23.952861785888672,43986266
PFE,2020-06-22,23.88835951098167,23.90986146094936,23.587336534013197,23.730680465698242,23332503
PFE,2020-06-23,23.79517972157068,23.831016777375748,23.465488029664435,23.486989974975586,37690408
PFE,2020-06-24,23.443989938957372,23.458323610067616,22.935115797352026,23.071292877197266,30817695
PFE,2020-06-25,23.01395467028563,23.20747075176275,22.81327319431247,23.164466857910156,27418651
PFE,2020-06-26,23.114295447347946,23.135797393640413,22.65559350349976,22.963783264160156,42153992
PFE,2020-06-29,23.264805767697364,23.415316497974096,23.07845798284953,23.393815994262695,23956261
PFE,2020-06-30,23.314973327241002,23.565825470897657,23.099956792432668,23.43681526184082,25451676
PFE,2020-07-01,24.755592360401298,24.755592360401298,24.167881530954396,24.18221664428711,73503009
PFE,2020-07-02,24.812923141754048,24.977768975240398,24.39722658175987,24.734085083007812,45270881
PFE,2020-07-06,25.049443081430045,25.078110418530986,24.64091047399246,24.734085083007812,27150935
PFE,2020-07-07,24.404397910692314,24.61941450542444,24.33989350861651,24.390064239501953,25148018
PFE,2020-07-08,24.375727011221134,24.633747494094624,24.060370404315208,24.189380645751953,24256545
PFE,2020-07-09,24.175047227797286,24.282555523309043,23.72351065761644,23.981531143188477,20363702
PFE,2020-07-10,24.124879744061815,24.39723539435164,24.003037753934642,24.246723175048828,24459019
PFE,2020-07-13,24.8917686684737,25.60132285479823,24.741256475806267,25.235794067382812,56569129
PFE,2020-07-14,25.350467327970517,25.3863014992289,24.999272277607893,25.250125885009766,32854129
PFE,2020-07-15,25.79483249158976,25.801999325393076,25.42213696178807,25.601316452026367,26294454
PFE,2020-07-16,25.515321731567383,25.543989078203516,25.271634876562242,25.515321731567383,18421812
PFE,2020-07-17,25.701668683462152,26.03853018572976,25.60849404144858,25.981189727783203,23347365
PFE,2020-07-20,26.86992411749307,26.963098751307854,26.031358176598847,26.160369873046875,36815693
PFE,2020-07-21,26.475727456758584,26.576068924866295,26.17470305243546,26.296545028686523,23588520
PFE,2020-07-22,27.400291338985095,27.75865322241873,26.891417291606214,27.636808395385742,90705554
PFE,2020-07-23,28.117019585351972,28.25319522081746,27.364458645730526,27.52930450439453,59639536
PFE,2020-07-24,27.256945617780307,27.342953390719025,26.75524129355403,26.991758346557617,33870501
PFE,2020-07-27,26.776746223313307,27.056270090722535,26.683574482562626,26.905757904052734,27640307
PFE,2020-07-28,27.622480577511993,28.19585913610659,27.278455171386778,27.966508865356445,56393954
PFE,2020-07-29,28.167195237364414,28.274703550139403,27.55797954382642,28.138525009155273,37033660
PFE,2020-07-30,27.70428499866485,28.18194538587122,27.646387034447482,28.037199020385742,32273796
PFE,2020-07-31,27.704286079765957,28.044436996552175,27.40031957335004,27.849029541015625,28472124
PFE,2020-08-03,27.94311148874986,27.97929880468027,27.660858572167506,27.75494384765625,31036400
PFE,2020-08-04,27.72599181428781,27.993770953011722,27.566771707211863,27.783889770507812,29448549
PFE,2020-08-05,27.841790046969958,27.885214245224716,27.595724439999575,27.827316284179688,24292697
PFE,2020-08-06,28.058905872526697,28.297737488784716,27.610195983031367,27.697044372558594,20922111
PFE,2020-08-07,27.718757243484767,27.95034908766488,27.617435084184976,27.827316284179688,23097251
PFE,2020-08-10,27.899685682947823,27.97929719142765,27.689804500443913,27.783889770507812,19964552
PFE,2020-08-11,27.906931886755483,27.92140856305957,27.262817272360632,27.34966278076172,21326847
PFE,2020-08-12,27.378607435587046,27.89968910548981,27.36413076234336,27.740468978881836,19957595
PFE,2020-08-13,27.55230211462898,27.631910725270853,27.414792629122275,27.62467384338379,15340021
PFE,2020-08-14,27.508879512073623,27.783895589185164,27.450981543728265,27.545066833496094,12901276
PFE,2020-08-17,27.53058889063223,27.79836513491209,27.46545113998071,27.75494384765625,17494187
PFE,2020-08-18,27.82732281549155,27.834559698585238,27.624678449329593,27.762187957763672,10846398
PFE,2020-08-19,27.84902610010652,27.943111375212982,27.588486738094574,27.68980598449707,15690055
PFE,2020-08-20,27.63190927120234,28.073385232039012,27.595724863671137,28.022724151611328,21957455
PFE,2020-08-21,28.160235657480637,28.225373422225747,27.914170003588467,28.138525009155273,25467170
PFE,2020-08-24,28.23984597828405,28.25431974321439,27.892455250765142,28.109573364257812,25011947
PFE,2020-08-25,27.87073926985265,27.906923675254035,27.465450650286524,27.798364639282227,26221201
PFE,2020-08-26,27.63915444070278,27.697052413902664,27.25557636716225,27.537832260131836,24083689
PFE,2020-08-27,27.472697522151957,27.501647966885077,27.270056048559653,27.400325775146484,22156556
PFE,2020-08-28,27.407557739174447,27.54506723467513,27.0674068064558,27.436508178710938,32830519
PFE,2020-08-31,27.385850106694903,27.516119824238878,27.139781528141672,27.34966278076172,30032465
PFE,2020-09-01,27.349661824307752,27.371375383062187,26.423291337822885,26.691070556640625,36145560
PFE,2020-09-02,26.611453649354438,26.99502873777253,26.343674484622863,26.922657012939453,29068688
PFE,2020-09-03,27.04568901880515,27.132537413945293,26.126555628088234,26.343673706054688,35956788
PFE,2020-09-04,26.40881497952118,26.510137150736814,25.960102091297028,26.314729690551758,26872257
PFE,2020-09-08,26.437759029632247,26.495656989867648,25.822592110924674,26.003522872924805,26736818
PFE,2020-09-09,26.26406638679997,26.52460867508106,26.15550734250652,26.184457778930664,27490533
PFE,2020-09-10,26.198932211293403,26.285777703015675,25.750219349505862,25.800880432128906,21650741
PFE,2020-09-11,25.866017194526346,26.13379639111813,25.65613887655083,26.104848861694336,24109301
PFE,2020-09-14,26.314732661918626,27.168731421551556,26.256834687526958,26.78515625,29565543
PFE,2020-09-15,26.91542132108452,27.031217249889124,26.640405262702547,26.748964309692383,22003726
PFE,2020-09-16,26.980557784501705,27.002271341131646,26.575272009392975,26.618696212768555,22208412
PFE,2020-09-17,26.618698418924026,26.756205012811552,26.45223847387406,26.647645950317383,17894390
PFE,2020-09-18,26.618696613112927,26.828574931130255,26.466713353954717,26.5101375579834,31694623
PFE,2020-09-21,26.32196616015204,26.401577683380967,25.605477000512966,26.068660736083984,26608968
PFE,2020-09-22,25.916676695134854,26.29301783369164,25.866015611858685,26.235116958618164,22727297
PFE,2020-09-23,26.300253414291568,26.329203853598965,26.032477127590912,26.054187774658203,23102521
PFE,2020-09-24,26.018001662330754,26.08313651644449,25.72127492253062,25.880495071411133,20859925
PFE,2020-09-25,25.72126887846477,26.162741898022396,25.70679511648158,26.090370178222656,14365598
PFE,2020-09-28,26.16998022369469,26.473946701424513,26.16998022369469,26.336437225341797,15044269
PFE,2020-09-29,26.365386120885887,26.444994721422272,26.07589342284645,26.177215576171875,13512491
PFE,2020-09-30,26.24959623512757,26.74896732560749,26.235119559981673,26.5607967376709,22629275
PFE,2020-10-01,26.712770433117765,26.84304300345592,26.16997533141731,26.321958541870117,22520396
PFE,2020-10-02,26.09761078762518,26.53184698822796,26.075897231664513,26.32920265197754,21461759
PFE,2020-10-05,26.437762815016995,26.69106824599283,26.300253321091734,26.596982955932617,19400029
PFE,2020-10-06,26.777908705272218,26.799622258061255,26.119317618540745,26.177215576171875,25233392
PFE,2020-10-07,26.242356362740292,26.481185101882506,26.075896441660422,26.394336700439453,22160034
PFE,2020-10-08,26.488422010526328,26.908184434786172,26.423287164320104,26.69830322265625,17857395
PFE,2020-10-09,26.65487640319451,26.86475759470475,26.481182527081017,26.62592887878418,23667465
PFE,2020-10-12,26.56079753636823,26.9081882822803,26.394340501202805,26.647645950317383,19413837
PFE,2020-10-13,26.539082694504824,26.87199671223346,26.51013516768533,26.70553970336914,21543233
PFE,2020-10-14,26.785147087054625,26.99502535374917,26.466706881893504,26.67658805847168,22120298
PFE,2020-10-15,26.510140876109304,26.5897495018891,26.35092071466501,26.452239990234375,16089205
PFE,2020-10-16,26.828571704742338,27.588487909146316,26.792387297306902,27.465452194213867,42993503
PFE,2020-10-19,27.8056063869364,28.116809754590758,27.24109761422803,27.35689353942871,31931352
PFE,2020-10-20,27.40755581091373,27.42203248460565,27.03121758272287,27.132539749145508,22384852
PFE,2020-10-21,27.03121614565915,27.1035878707346,26.821334942067942,26.835811614990234,18984859
PFE,2020-10-22,26.835812640437027,27.19043730773001,26.799625321574513,27.089115142822266,19243616
PFE,2020-10-23,27.450979549894427,27.70428496168487,27.248335220462074,27.63191032409668,30557884
PFE,2020-10-26,27.407555433170387,27.51611448000069,27.12530249338842,27.443742752075195,33783124
PFE,2020-10-27,26.806862203370194,27.588489085565303,26.683829393075413,27.089115142822266,36851529
PFE,2020-10-28,26.633174848653503,26.87200364607616,25.562057882268014,25.656143188476562,33857537
PFE,2020-10-29,25.677846487833047,25.793642411606825,25.040965997193275,25.533100128173828,27545341
PFE,2020-10-30,25.50415491450933,25.7140361365847,25.214662168943995,25.67784881591797,25631067
PFE,2020-11-02,26.003524002062225,26.23511585306011,25.721271069923045,26.22064208984375,21430666
PFE,2020-11-03,26.365391075059126,26.502897659064736,26.112085644148358,26.191694259643555,21636617
PFE,2020-11-04,26.8213352634048,27.58848836188518,26.74896353746229,27.016742706298828,40870536
PFE,2020-11-05,27.236092175185686,27.272648707253843,26.607284545898438,26.607284545898438,33926995
PFE,2020-11-06,26.60728792056433,26.848575761865174,26.387936941096264,26.614599227905273,23870676
PFE,2020-11-09,30.606792279534638,30.701845159858685,28.062319012695458,28.66187858581543,230153864
PFE,2020-11-10,29.57583564163793,29.641640336950314,28.12080633955112,28.28166389465332,80091668
PFE,2020-11-11,28.42790312160297,29.393045657856963,27.711356791728825,28.15005874633789,58980997
PFE,2020-11-12,27.989208847879027,28.03307964334108,27.228791525905923,27.455453872680664,46767877
PFE,2020-11-13,27.689423092258217,28.267048770369918,27.572436282977172,28.23780059814453,40175634
PFE,2020-11-16,27.682107943395053,27.747912647009276,26.94362477003034,27.294588088989258,75530167
PFE,2020-11-17,28.121149623739626,28.12885486580289,27.60481021120039,27.774354934692383,46984500
PFE,2020-11-18,28.460238182180273,28.837856806507386,27.974725582520893,27.99013900756836,63442700
PFE,2020-11-19,28.20591955278753,28.22904115901306,27.63563755593236,27.889951705932617,43261800
PFE,2020-11-20,28.28299331665039,28.753092576243542,28.082621694621785,28.28299331665039,60633800
PFE,2020-11-23,28.537300053390535,28.5835403247831,27.905364376742053,28.144268035888672,43673100
PFE,2020-11-24,27.84370655832529,28.31380557556604,27.758934218847877,28.20591163635254,42485300
PFE,2020-11-25,28.151975631713867,28.175097239248384,27.928488317488636,28.151975631713867,26955800
PFE,2020-11-27,28.344628826134183,28.714542075534872,28.32151016673701,28.691423416137695,25277000
PFE,2020-11-30,29.246306888724508,29.90136132164483,28.976576344725835,29.52374267578125,65425900
PFE,2020-12-01,30.363748997427834,31.211466669312404,30.063191663764602,30.3714542388916,72499700
PFE,2020-12-02,31.188347166596305,31.912760376915802,31.057334546756245,31.44266128540039,84347500
PFE,2020-12-03,31.581383305189174,31.61991539616562,30.4562297857404,30.8955020904541,68570100
PFE,2020-12-04,30.741374359191187,31.17294147178602,30.741374359191187,31.08816909790039,35368100
PFE,2020-12-07,31.334775392328577,31.905060352282383,31.111285141818964,31.789461135864258,48253700
PFE,2020-12-08,31.90506078549665,32.96085541319796,31.866525752960577,32.79901885986328,87039300
PFE,2020-12-09,33.19204448090785,33.19975266184628,31.69697781810584,32.25184631347656,86118500
PFE,2020-12-10,32.22872935543045,32.53699193346452,31.943588381625325,32.15937042236328,57749200
PFE,2020-12-11,32.34433307647534,32.42139726184678,31.35789445282153,31.68927574157715,60737000
PFE,2020-12-14,32.07460016203941,32.10542700981888,30.109434183153144,30.21732521057129,94809700
PFE,2020-12-15,30.101721638598946,30.194199219692795,29.44666451134349,29.83199119567871,65712800
PFE,2020-12-16,29.423553781930828,29.647044024639687,29.084467266648836,29.161531448364258,56515300
PFE,2020-12-17,29.15381883435513,29.37730608074347,28.753078723182867,29.307947158813477,52036400
PFE,2020-12-18,29.27712690295162,29.354191074775652,28.899505405470528,29.038223266601562,60259200
PFE,2020-12-21,28.729962607370048,28.8224431474713,28.444821624915953,28.807029724121094,40891800
PFE,2020-12-22,28.67602321458976,28.768503774425,28.205923991430822,28.313817977905273,33634400
PFE,2020-12-23,28.52188075377817,29.01510139426016,28.421697929448,28.853261947631836,36182000
PFE,2020-12-24,28.822435740867526,28.95344539596342,28.652891067393632,28.72224998474121,14790100
PFE,2020-12-28,28.791611302452168,28.96115599006104,28.267566758760555,28.375457763671875,26993700
PFE,2020-12-29,28.437113326481345,28.668308772263796,28.35234097707221,28.552709579467773,23152100
PFE,2020-12-30,28.537305314647433,28.69914482445384,28.282991124626857,28.313817977905273,24889800
PFE,2020-12-31,28.252158590596327,28.452527216996184,27.96701760463155,28.36775779724121,30796500
PFE,2021-01-04,28.413995128051205,28.467940640536163,27.95160418109157,28.36775779724121,33565700
PFE,2021-01-05,28.298391774387266,28.799314684844642,28.205911256307484,28.66059684753418,29909400
PFE,2021-01-06,28.383175645419975,28.884098759413238,28.33693536759166,28.413999557495117,34962500
PFE,2021-01-07,28.54500184759592,28.62977418960755,28.259857980864208,28.560415267944336,27809500
PFE,2021-01-08,28.637481378866156,28.92262232519445,28.437112780318863,28.614362716674805,33462400
PFE,2021-01-11,28.6837232691608,29.15382235909879,28.62977776111641,29.107582092285156,47286900
PFE,2021-01-12,29.05363898113518,29.12299791717282,28.375463044301593,28.65289878845215,47831100
PFE,2021-01-13,28.5141791653368,28.64518884769047,28.23674343822342,28.406288146972656,31027900
PFE,2021-01-14,28.344628974459557,28.483346811186863,28.213619317444433,28.321510314941406,30272000
PFE,2021-01-15,28.26757988881659,28.344644088174817,28.051797778764957,28.28299331665039,34287800
PFE,2021-01-19,28.329221416987625,28.51417955083367,28.22133039716485,28.306102752685547,33451300
PFE,2021-01-20,28.352339220535463,28.367752641273984,28.098022188063972,28.128849029541016,35400100
PFE,2021-01-21,28.044082529412997,28.1982138291078,27.859127321627252,28.113441467285156,33829700
PFE,2021-01-22,27.99013514743249,28.383170082413624,27.93618963711113,28.16738510131836,26271200
PFE,2021-01-25,28.167388435860175,28.737673392239262,27.99013846099091,28.729965209960938,31728500
PFE,2021-01-26,28.722253525463096,28.97656762721523,28.637481178275877,28.753080368041992,27718700
PFE,2021-01-27,28.50647408448406,28.54500617128686,27.874535513717035,27.928483963012695,50561200
PFE,2021-01-28,28.006387039460385,28.30242199810258,27.92069247471204,27.9362735748291,39466700
PFE,2021-01-29,28.73089975112918,28.73089975112918,27.749310976351623,27.967443466186523,60251900
PFE,2021-02-01,27.990805846413938,28.193354203681306,27.82720875341441,27.889530181884766,40395800
PFE,2021-02-02,27.858368516119302,27.873949616483504,26.69760477100114,27.258512496948242,84062400
PFE,2021-02-03,27.258507900696394,27.492218423169742,27.094907860353572,27.141651153564453,38524200
PFE,2021-02-04,27.118291121652277,27.328631561978504,27.03259653798696,27.180612564086914,34284900
PFE,2021-02-05,27.203973770141598,27.328622557523868,27.094909052972774,27.2039737701416,31749600
PFE,2021-02-08,27.235140479869838,27.27409174648572,27.063754312401723,27.126075744628906,31633900
PFE,2021-02-09,27.110491600839136,27.313042919373927,27.079329402327502,27.242929458618164,30170200
PFE,2021-02-10,27.26630341028868,27.328627815971988,27.032592832558738,27.06375503540039,29039900
PFE,2021-02-11,27.110497146627427,27.118289183744704,26.705397398480486,26.822254180908203,30885200
PFE,2021-02-12,26.83004334852364,27.22735403285948,26.76772191030497,27.048175811767578,25578600
PFE,2021-02-16,27.149445179815892,27.157237216004123,26.923526650805385,27.024799346923828,28730300
PFE,2021-02-17,26.931320850765083,27.266307147752226,26.84562626709977,27.180612564086914,26389400
PFE,2021-02-18,27.09491100800303,27.17281650573821,26.89236265747331,26.923524856567383,24052500
PFE,2021-02-19,27.001432951298504,27.017014054058993,26.798884558995116,26.83004379272461,28145300
PFE,2021-02-22,26.744352775349654,26.775512009766683,26.51843123802478,26.689817428588867,34322500
PFE,2021-02-23,26.487263962090168,26.635279955562975,26.237972303719655,26.417150497436523,37624200
PFE,2021-02-24,26.385990809472883,26.526217752131547,26.230182765208667,26.29250717163086,30686100
PFE,2021-02-25,26.34703826904297,26.572959773726655,26.128908800681412,26.34703826904297,37506100
PFE,2021-02-26,26.36261617866658,26.40935947556763,25.988678718830478,26.089954376220703,41462800
PFE,2021-03-01,26.16786314439888,26.43273594647028,26.105538733656683,26.245765686035156,30407800
PFE,2021-03-02,26.237973377765226,26.401570478056875,26.09774644271778,26.10553550720215,27670400
PFE,2021-03-03,26.105536413323776,26.837833315498653,26.051004044667078,26.79109001159668,46020200
PFE,2021-03-04,26.689814367805674,27.33641669941948,26.36262015551282,26.64307403564453,45449600
PFE,2021-03-05,26.7131874768846,26.915735850210734,26.45610376311056,26.79109001159668,30589900
PFE,2021-03-08,26.86120150740061,27.16502553095599,26.74434771392061,26.759925842285156,24352300
PFE,2021-03-09,26.907944962399437,27.14944458671963,26.830039461174373,26.837831497192383,25167100
PFE,2021-03-10,26.98584949868529,27.375368118404865,26.892365862054138,27.21177101135254,33501800
PFE,2021-03-11,27.32083241804442,27.359783680908645,27.00142730769242,27.04037857055664,24557900
PFE,2021-03-12,26.923526719317767,27.250720917070396,26.884572481859625,27.219558715820312,16342400
PFE,2021-03-15,27.274092532672242,27.601289719617778,27.235141264933574,27.585708618164062,21896100
PFE,2021-03-16,27.632447091134136,27.93627108688142,27.507801273089335,27.912900924682617,25022400
PFE,2021-03-17,27.91291231698887,28.01418504237735,27.359793487612727,27.881750106811523,42540100
PFE,2021-03-18,27.679198686731663,28.021977054780105,27.67140962009053,27.866168975830078,24729800
PFE,2021-03-19,27.850580729432846,27.905113097313617,27.63245125790976,27.67919158935547,48348900
PFE,2021-03-22,27.640243637779957,28.053132464625985,27.546759991884755,28.04534339904785,25427500
PFE,2021-03-23,27.90511122240112,27.99080578668209,27.51559263697197,27.546754837036133,27970500
PFE,2021-03-24,27.64023854134145,27.990805863548587,27.554543976825155,27.741514205932617,22883400
PFE,2021-03-25,27.772677562595717,27.88174229587052,27.461061491703916,27.78825569152832,24875300
PFE,2021-03-26,27.796046102506203,28.27125924552373,27.764883902880907,28.240097045898438,27944500
PFE,2021-03-29,28.068711105314314,28.62182981016943,27.96743840272488,28.528343200683594,27004800
PFE,2021-03-30,28.504970432160647,28.536132632477983,28.060919478907078,28.131032943725586,26303300
PFE,2021-03-31,28.16219639066324,28.38032585895827,28.076501821892727,28.224517822265625,26582700
PFE,2021-04-01,28.279052734375,28.395909515359048,28.060923246448926,28.279052734375,21319900
PFE,2021-04-05,28.388113617959906,28.489389282921277,28.123240859300846,28.26346778869629,22096900
PFE,2021-04-06,28.24789239960019,28.356960122573803,28.045344000518078,28.08429527282715,20722900
PFE,2021-04-07,28.06870907955613,28.232309148453464,27.858368681080453,27.9752254486084,21933800
PFE,2021-04-08,28.014177322387695,28.162196294043888,27.944063854706105,28.014177322387695,18129400
PFE,2021-04-09,27.967436503017268,28.676360231945452,27.967436503017268,28.512760162353516,31686700
PFE,2021-04-12,28.41928054459871,28.847750468213757,28.302426731862685,28.801010131835938,29944900
PFE,2021-04-13,29.14377583295233,29.330746031971252,28.738676211570066,28.949016571044922,33967400
PFE,2021-04-14,28.956809997558594,29.120410060775182,28.79321290613295,28.956809997558594,23842900
PFE,2021-04-15,29.026926760204688,29.400867257091715,29.026926760204688,29.291799545288086,24945800
PFE,2021-04-16,29.502141485382886,30.148743865724793,29.455401149699377,30.047468185424805,52829500
PFE,2021-04-19,30.07082395195157,30.351277718905337,29.860486598526254,30.32790756225586,30905100
PFE,2021-04-20,30.187695169711517,30.569424751703846,30.187695169711517,30.405824661254883,26459400
PFE,2021-04-21,30.491519328708318,30.90440814513984,30.483730263326652,30.79534339904785,29365000
PFE,2021-04-22,30.75639070080256,30.771971802634038,30.008515643639342,30.101999282836914,33373600
PFE,2021-04-23,30.09421405868137,30.25002212509034,29.9384059922724,30.117584228515625,24375000
PFE,2021-04-26,30.17211472337236,30.179906760692045,29.985147432780945,30.133163452148438,19773400
PFE,2021-04-27,30.000721730315707,30.07862723460021,29.87607589525163,29.953981399536133,19061500
PFE,2021-04-28,30.024089943723464,30.335702994385397,30.008508845421773,30.23443031311035,21963300
PFE,2021-04-29,30.374662121691955,30.382451186202893,29.84491658121487,30.07083511352539,23569400
PFE,2021-04-30,29.992930226278162,30.304546274488313,29.985141162378802,30.109786987304688,28413200
PFE,2021-05-03,30.413610770928177,31.0368398908671,30.351286373038853,31.029050827026367,46638600
PFE,2021-05-04,31.161490789392143,31.293925698787216,30.717439783386613,31.122539520263672,52802200
PFE,2021-05-05,31.301712012702666,32.01063567967506,30.32791560357625,31.13811492919922,76627500
PFE,2021-05-06,30.27273112965799,30.862766176886165,29.86363980345098,30.831296920776367,54944900
PFE,2021-05-07,30.721151061462866,31.366255670610727,30.721151061462866,31.138111114501953,33807800
PFE,2021-05-10,31.33480180629005,31.68882049919431,31.29546372834602,31.358402252197266,30831900
PFE,2021-05-11,31.216779650530388,31.52359731476585,30.862758114461517,30.957162857055664,30568600
PFE,2021-05-12,31.027982478642365,31.405604636473253,30.92571187413497,31.224660873413086,26208600
PFE,2021-05-13,31.075181906842616,31.68881744997592,31.075181906842616,31.547208786010742,25415000
PFE,2021-05-14,31.657346083408616,31.720281589973673,31.405595053928714,31.484268188476562,18041100
PFE,2021-05-17,31.5235997194371,31.783216532715816,31.476395844002912,31.555068969726562,18095000
PFE,2021-05-18,31.610147125459335,31.74388697340871,31.334798614343747,31.50787353515625,15805500
PFE,2021-05-19,31.389868515438227,31.389868515438227,31.0201122258201,31.33479881286621,20209500
PFE,2021-05-20,31.25612096455244,31.66521226575433,31.2482551515425,31.562938690185547,18621100
PFE,2021-05-21,31.633745290901143,31.940563038641645,31.397731869644872,31.429201126098633,21144800
PFE,2021-05-24,31.531476175980316,31.57867706178342,31.295459742670342,31.319063186645508,16922300
PFE,2021-05-25,31.326928481624932,31.358397739021424,30.87063625367007,30.94144058227539,25916300
PFE,2021-05-26,30.909975019076754,30.917840833829175,30.50874944200303,30.61888885498047,28036500
PFE,2021-05-27,30.658221199833417,30.82343028841063,30.367135090161156,30.40647315979004,38471200
PFE,2021-05-28,30.485148387588612,30.697561394547126,30.43007868220017,30.46941375732422,16154100
PFE,2021-06-01,30.634618310918675,30.681822194681537,30.272730871956973,30.28846549987793,23642400
PFE,2021-06-02,30.398608598040404,30.626756229081796,30.31993844992382,30.516616821289062,19629000
PFE,2021-06-03,30.49301010345418,30.71329189647256,30.390739522093156,30.658222198486328,17376300
PFE,2021-06-04,30.72116205320864,31.07518373393662,30.697561608184735,30.799835205078125,19375300
PFE,2021-06-07,30.744764064897858,31.15385243123748,30.658225102415873,30.673959732055664,24110700
PFE,2021-06-08,30.73689974286821,30.768369006748184,30.272738604398242,30.56382179260254,18880300
PFE,2021-06-09,30.681824218641076,31.342663629547058,30.66608958968217,31.319063186645508,29824000
PFE,2021-06-10,31.38986264852509,32.03496733043018,31.381993834729116,32.00349807739258,42613700
PFE,2021-06-11,31.98776268503546,31.995628497569964,31.429196961820157,31.58654022216797,21386900
PFE,2021-06-14,31.49213563873512,31.52360489419041,30.98077374241684,31.177452087402344,23408300
PFE,2021-06-15,31.240389420460257,31.342663006122052,30.988641364272414,31.145984649658203,20206900
PFE,2021-06-16,31.16959096864134,31.342668915304273,30.902108233377774,30.917842864990234,19177500
PFE,2021-06-17,30.894237232250962,31.145985293644042,30.736893943611886,31.059446334838867,19580100
PFE,2021-06-18,30.91783845593424,31.027977860440842,30.445811579170606,30.532350540161133,37775900
PFE,2021-06-21,30.587420281671,31.05944715904045,30.587420281671,31.012243270874023,19488100
PFE,2021-06-22,31.004369394584295,31.22464814660066,30.886361205391008,31.161712646484375,15975900
PFE,2021-06-23,31.17745227764041,31.201052718839193,30.666087377128513,30.72115707397461,22025400
PFE,2021-06-24,30.791961851175845,30.95717094414211,30.744760968084595,30.831296920776367,13436500
PFE,2021-06-25,30.77622941475074,31.004377036183392,30.59528568084426,30.66609001159668,22774300
PFE,2021-06-28,30.68968709325234,30.847030366698096,30.60315114387683,30.776226043701172,19225700
PFE,2021-06-29,30.784091949616414,30.902097142747117,30.666083755412664,30.760488510131836,14516600
PFE,2021-06-30,30.791960761295975,30.89423433949612,30.540212723475104,30.807695388793945,21248100
PFE,2021-07-01,30.815558594341763,31.177448994024655,30.7683577169154,31.122379302978516,20035900
PFE,2021-07-02,31.043711508310015,31.334797640815644,30.980775993899066,31.25612449645996,16592700
PFE,2021-07-06,31.059447624353716,31.193190475625386,30.713294775835188,30.90997314453125,18931900
PFE,2021-07-07,30.854892303025615,30.965031669564226,30.65821400532876,30.957162857055664,17665200
PFE,2021-07-08,30.681817850489523,30.933565859433344,30.626748161100124,30.878496170043945,23021200
PFE,2021-07-09,31.098774145295177,31.54720046251301,31.04370445729109,31.161712646484375,21578700
PFE,2021-07-12,31.201057784972424,31.665218877379452,31.153853893836935,31.279727935791016,24513000
PFE,2021-07-13,31.287592481937434,31.31119292374766,31.098779944235183,31.193187713623047,12222000
PFE,2021-07-14,31.248257403099707,31.492136637932685,31.201053518419062,31.429201126098633,15888600
PFE,2021-07-15,31.429199674125307,31.61800920197827,31.35839535091211,31.539339065551758,20250800
PFE,2021-07-16,31.578674046252726,31.74388313293457,31.413464959570884,31.74388313293457,24270400
PFE,2021-07-19,31.52360171759961,31.743880481442698,31.216784010511574,31.58654022216797,29818400
PFE,2021-07-20,31.66521602849398,32.81381693312081,31.625880956623615,32.294586181640625,48804100
PFE,2021-07-21,32.444070231648155,32.444070231648155,31.877635478480773,32.270992279052734,27530200
PFE,2021-07-22,32.349656122115,32.6879431446386,32.17658120438857,32.62500762939453,18913300
PFE,2021-07-23,32.61714422048169,32.90823040508704,32.58567495710693,32.79022216796875,21609200
PFE,2021-07-26,32.74300911358644,32.99475714801388,32.562065401408795,32.892486572265625,23720000
PFE,2021-07-27,32.90035717440825,33.199309134209315,32.71154762164085,33.120635986328125,32544100
PFE,2021-07-28,33.31731076901935,34.41084489883562,33.23864063067788,34.18269729614258,53822400
PFE,2021-07-29,34.3176527152635,34.37322119184433,33.833410537983546,33.96836471557617,29015000
PFE,2021-07-30,34.039806140636465,34.28589421283216,33.88897484141512,33.98423767089844,24763300
PFE,2021-08-02,34.37321847477793,35.04004316929287,34.3335271415369,34.897151947021484,43066900
PFE,2021-08-03,35.06385965471413,36.40544921500656,34.984476983045084,36.26255798339844,45643300
PFE,2021-08-04,36.000587386627615,36.35781544253363,35.73068208086025,35.873573303222656,43391200
PFE,2021-08-05,35.72275050331398,35.83388746480348,35.48459943894291,35.770381927490234,23505400
PFE,2021-08-06,35.7941974544816,35.96884298802398,35.42903227367044,35.7783203125,20413000
PFE,2021-08-09,35.81007059016168,36.54040087007728,35.81007059016168,36.500709533691406,32374300
PFE,2021-08-10,36.675355024600684,38.55675222805103,36.429263893955465,38.25509262084961,81189400
PFE,2021-08-11,37.92960935441387,38.167763369671746,36.72297425490677,36.76266860961914,50878200
PFE,2021-08-12,36.91351151349724,37.627967786350915,36.786497401462725,37.500953674316406,29676400
PFE,2021-08-13,37.63589475704855,38.50117910971669,37.56444914891065,38.48530197143555,35379200
PFE,2021-08-16,38.286838181477584,38.8742801218962,37.715273377638304,38.8266487121582,38045800
PFE,2021-08-17,38.72346096796517,40.080927802286155,38.66789248665874,40.02535629272461,68817000
PFE,2021-08-18,39.87452585949989,41.168484058462674,39.03305557171187,39.144195556640625,88598000
PFE,2021-08-19,38.50118685552233,39.66019092892796,38.31066418607307,38.73933792114258,57741600
PFE,2021-08-20,38.882227615502664,39.477606769936514,38.62819941853795,38.67583084106445,35157500
PFE,2021-08-23,39.92216175009501,40.77156918918168,39.374410933385924,39.63637924194336,88652400
PFE,2021-08-24,39.48554318698519,39.73163127654415,38.2947849887176,38.405921936035156,52624100
PFE,2021-08-25,38.136022947253096,38.32654259474644,37.254861249894546,37.71528625488281,51036800
PFE,2021-08-26,37.86611161044041,38.231276734019936,37.548574877085784,37.612083435058594,29029300
PFE,2021-08-27,37.60415344104441,37.70735336131324,36.93732854468254,36.992897033691406,32924500
PFE,2021-08-30,36.6753595123046,37.437444165401864,36.643605228028406,37.11990737915039,25774400
PFE,2021-08-31,37.08815145441976,37.42156231258386,36.46101804605792,36.5721549987793,34547800
PFE,2021-09-01,36.66741002216394,36.72297849126672,36.05615383377885,36.548336029052734,32900100
PFE,2021-09-02,36.897628183314836,37.20722484021436,36.619785806162646,37.18341064453125,26106300
PFE,2021-09-03,37.231042064152255,37.3342389309489,36.786491232453955,37.18341064453125,20817200
PFE,2021-09-07,37.30248399616286,37.70734042407357,36.94525595491548,37.111961364746094,26236900
PFE,2021-09-08,36.92144012451172,37.143717040915654,36.71504337526657,36.92144012451172,15839600
PFE,2021-09-09,36.88970019469882,37.088159949517284,36.39751782240503,36.540409088134766,21695300
PFE,2021-09-10,36.73092316702153,36.794428698970265,36.12760395810698,36.19111251831055,20801500
PFE,2021-09-13,36.310184617589535,36.38163022397691,35.08767225418533,35.38933181762695,37086200
PFE,2021-09-14,35.460776545045015,35.92914154236007,35.36551674017294,35.492530822753906,24100200
PFE,2021-09-15,35.37345951921688,36.01646703641939,35.30201390305495,35.540164947509766,28674600
PFE,2021-09-16,35.62748719323416,35.71480994820915,34.952722377316846,35.3020133972168,22424200
PFE,2021-09-17,35.06386097831804,35.294074974405206,34.38116210273098,34.84158706665039,56370500
PFE,2021-09-20,34.444666457460016,35.44490508222707,34.444666457460016,35.087677001953125,41873000
PFE,2021-09-21,35.127366662775536,35.508408920811696,34.80982993361807,34.86539840698242,23645600
PFE,2021-09-22,34.9209716568654,35.238505373665014,34.79395756449458,34.889217376708984,22616700
PFE,2021-09-23,35.1511804139922,35.50047141730857,35.04798355233476,35.079734802246094,19719200
PFE,2021-09-24,34.98447889310727,35.254384231074894,34.778082118546145,34.88127899169922,16150700
PFE,2021-09-27,34.86540113489843,35.03210959628967,34.539927324761116,34.58755874633789,19955900
PFE,2021-09-28,34.19063853693724,34.357343966265475,33.682582164743685,34.16682434082031,28512200
PFE,2021-09-29,34.309713305981354,34.68281547625366,34.1985763604426,34.55580139160156,18037200
PFE,2021-09-30,34.76220169277497,34.96859844783226,34.11125412064588,34.14300537109375,21103300
PFE,2021-10-01,33.75402829802837,34.214453256781034,33.103080682659346,34.07950210571289,38483000
PFE,2021-10-04,34.07950400246216,34.41291488477871,33.507939029056566,33.674644470214844,28906500
PFE,2021-10-05,33.76195455458093,33.96835428558163,33.56349490537083,33.59524917602539,19342600
PFE,2021-10-06,33.38886716915247,33.50000413710565,33.09514457869877,33.357112884521484,30483800
PFE,2021-10-07,33.75403107464776,34.103319107546305,33.5079399204945,33.92867660522461,19778300
PFE,2021-10-08,33.920729693269166,34.063620911663364,33.611133062833254,33.698455810546875,12778600
PFE,2021-10-11,33.69845927210142,33.83341042097246,33.34916824536724,33.38886260986328,11984200
PFE,2021-10-12,33.46824767213343,33.50793901120878,33.07132822486987,33.2221565246582,16222300
PFE,2021-10-13,33.142766571093546,33.269780645205884,32.499756117506735,32.88079833984375,28205700
PFE,2021-10-14,32.991942054364635,33.30947576160999,32.960187775163675,33.079261779785156,17590300
PFE,2021-10-15,33.26184461380199,33.36504147026842,32.849048103172784,32.936370849609375,23550300
PFE,2021-10-18,32.90462202094801,33.10308173997875,32.57914820286779,32.801422119140625,21733000
PFE,2021-10-19,33.02370293132846,33.50000817341593,32.97607452689864,33.41268539428711,17159800
PFE,2021-10-20,33.436488671519726,34.22239039863925,33.42061153247892,33.97629928588867,22788300
PFE,2021-10-21,34.182701785432805,34.20651598176184,33.68258246473894,34.02393341064453,22142300
PFE,2021-10-22,33.99217962831743,34.285899157615624,33.8413513355978,34.2620849609375,17183000
PFE,2021-10-25,34.29384173072058,34.325596014099105,33.79372236640188,34.254150390625,22846200
PFE,2021-10-26,34.39704158923818,34.73838953618461,34.07156472744842,34.57962417602539,29729100
PFE,2021-10-27,34.50023497835811,34.57962067866383,33.88104165724759,34.11125564575195,22317500
PFE,2021-10-28,34.09536777600236,34.66692949706105,34.08742769434309,34.277950286865234,18023400
PFE,2021-10-29,34.206507331596704,34.79394926128414,34.02392480665098,34.722503662109375,30307500
PFE,2021-11-01,35.04005073067529,35.159127784348925,34.484362860623754,34.643131256103516,32681500
PFE,2021-11-02,35.786259395077984,36.548344019313944,34.174764354026074,36.079978942871094,69248000
PFE,2021-11-03,36.13554854526436,36.50865381231746,35.309955329266316,35.57986068725586,44593100
PFE,2021-11-04,35.46774015740146,35.611885651198214,34.68294972163913,35.11538314819336,38172500
PFE,2021-11-05,38.510803258390915,39.08738519368557,37.27755992115995,38.927223205566406,173959100
PFE,2021-11-08,38.92723174403257,39.07137725947373,38.11841490129756,38.703006744384766,57423300
PFE,2021-11-09,38.703003290359646,38.743043028889645,37.75805079783774,37.878170013427734,29920400
PFE,2021-11-10,37.95824788996907,39.40770640890667,37.95824788996907,39.25555419921875,42696200
PFE,2021-11-11,39.42372304323905,40.44074816566885,39.023319596054215,40.18449020385742,42370400
PFE,2021-11-12,40.37669059969874,40.432749904488304,39.69600581893368,39.824134826660156,27780600
PFE,2021-11-15,39.824137596378996,40.12043537457177,39.53584654523502,39.760074615478516,27763200
PFE,2021-11-16,39.615917598568515,40.16847324975756,39.15144813871199,39.72002029418945,31297200
PFE,2021-11-17,39.99230213232815,40.91323144230596,39.79210037405788,40.73705291748047,36889800
PFE,2021-11-18,40.92123573428286,41.40972848417784,40.52884202212331,41.16948699951172,32872600
PFE,2021-11-19,41.60992805890567,42.31463902467198,40.58489614858091,40.680992126464844,47966200
PFE,2021-11-22,40.801121927055746,41.217541981258634,40.344662129241094,41.00132369995117,27287900
PFE,2021-11-23,40.504820338407804,41.2015215870219,40.28059229662356,40.90522384643555,24946200
PFE,2021-11-24,40.985301775632934,41.10542404543156,40.60892151477769,40.75306701660156,18556800
PFE,2021-11-26,43.275612879043805,43.996337377216996,42.642974588606094,43.24357986450195,66561300
PFE,2021-11-29,44.16450313168536,44.60494632942827,41.730049346745155,41.962284088134766,72660800
PFE,2021-11-30,41.890214554525585,43.61194774222769,41.56989053806015,43.02735900878906,64598400
PFE,2021-12-01,42.018348786685046,44.18052547536142,41.529855975373096,43.78813171386719,59810400
PFE,2021-12-02,43.099436276505664,44.108454895730006,42.25858946370974,42.47480773925781,46361700
PFE,2021-12-03,43.01134765441443,43.5719132229558,42.52285484546889,43.459800720214844,37574800
PFE,2021-12-06,43.06739946407696,43.15548872281318,41.041358732489016,41.22554397583008,53724000
PFE,2021-12-07,41.04136337291807,42.04237223567217,40.36067856817993,41.41774368286133,41575400
PFE,2021-12-08,42.24257597963872,42.50684379806047,40.865186742660086,41.1614875793457,37429200
PFE,2021-12-09,41.249565206515726,42.32264665617689,41.249565206515726,41.70602798461914,38325700
PFE,2021-12-10,41.00132041819424,42.3226501806425,40.92924766352714,42.26659393310547,26079400
PFE,2021-12-13,42.79512582359712,44.6289746228964,42.79512582359712,44.20454788208008,54923200
PFE,2021-12-14,43.860200137478735,44.80515265007196,43.499836373381946,44.47682189941406,48685700
PFE,2021-12-15,44.93328944165051,47.18355556635503,44.75711089201873,47.087459564208984,75202900
PFE,2021-12-16,46.73509900698971,49.19357635771799,46.2466062273298,49.04943084716797,75183600
PFE,2021-12-17,47.99236373026858,49.00137920563354,47.00737148734393,47.63199996948242,104192100
PFE,2021-12-20,48.52890148621925,49.41779771766714,47.91228280343089,48.86524200439453,55712200
PFE,2021-12-21,48.05642639609136,48.08045268321515,45.77412768368784,47.20757293701172,63877900
PFE,2021-12-22,47.447819248687196,48.52090085262312,46.62298893802987,47.68806076049805,62594900
PFE,2021-12-23,47.9042693940921,48.11248090262712,46.69505229699452,47.01537322998047,39203200
PFE,2021-12-27,47.12748779872905,47.55191755963614,46.63098834494447,47.407772064208984,27362600
PFE,2021-12-28,47.287654963222266,47.60797900022332,45.7100671763086,46.45481491088867,36901700
PFE,2021-12-29,45.89425155547748,46.47083053434179,45.70205652596514,46.110469818115234,26170200
PFE,2021-12-30,46.246606013634924,47.03940631799668,46.070427489368676,46.76713180541992,24559000
PFE,2021-12-31,46.87123485130403,47.88826015385983,46.79916209585247,47.287654876708984,28579600
PFE,2022-01-03,46.84720666527591,46.887246401885854,45.1174637721361,45.36571502685547,57219200
PFE,2022-01-04,45.02137274915103,45.18954149432605,43.195530621359666,43.668006896972656,66993100
PFE,2022-01-05,44.71706553591873,45.197548541208995,44.34068524704494,44.54889678955078,52956400
PFE,2022-01-06,44.17251394624169,44.54889421334993,43.635974723189435,43.916255950927734,37000400
PFE,2022-01-07,44.3326768507412,44.661007604783414,43.74808809621903,44.620967864990234,27703400
PFE,2022-01-10,44.612954274100765,45.05339748388376,43.8361736129753,45.037384033203125,34044700
PFE,2022-01-11,45.4457927400704,45.990341690417594,44.69303533451327,45.397743225097656,33576600
PFE,2022-01-12,45.1174637721361,45.77412522801461,44.76510981319809,45.36571502685547,27608500
PFE,2022-01-13,45.269619125590694,45.4457976446683,44.220563901575524,44.47682189941406,28117900
PFE,2022-01-14,44.02836817246281,44.34869219206224,43.651987907658935,44.00434494018555,27072500
PFE,2022-01-18,43.64398310648187,43.68402284698843,42.787119829328674,43.331668853759766,35598000
PFE,2022-01-19,42.963295249304245,43.635973227657814,42.80313324401317,42.875205993652344,27300400
PFE,2022-01-20,43.21154998117569,43.66000305274839,42.49883215757447,43.28362274169922,35105300
PFE,2022-01-21,43.57991808612975,43.94028186869946,42.010337005200014,42.27460479736328,41059000
PFE,2022-01-24,41.441762641013895,41.690013913097275,39.89620487204425,41.27359390258789,59036400
PFE,2022-01-25,41.12944559191218,42.314639515687084,41.03334961291316,42.074398040771484,43983200
PFE,2022-01-26,42.09842118763511,42.939267875576455,42.010331934213774,42.450775146484375,39644800
PFE,2022-01-27,42.78161359393759,44.04037208850444,42.76547530935895,43.06402587890625,36957200
PFE,2022-01-28,43.38677189772624,44.112976009146806,42.84615030598647,43.8386344909668,28590400
PFE,2022-01-31,43.57236960182132,43.68533451200264,42.27326697861028,42.51533508300781,38644600
PFE,2022-02-01,42.55567505921569,42.89456973184137,42.27325975396519,42.82194900512695,27883300
PFE,2022-02-02,42.63636250264364,43.67725853792635,42.32167371943314,43.45939636230469,32039300
PFE,2022-02-03,43.03174217139178,43.483601720062985,42.83808588048817,43.072086334228516,22635800
PFE,2022-02-04,42.78160306332108,43.112430120593174,42.46691428665522,42.765464782714844,24932200
PFE,2022-02-07,43.007542003826295,43.23347490241459,42.152234495801494,42.93492126464844,32358500
PFE,2022-02-08,40.86120017201984,41.79719911625182,40.094648596073824,41.71651077270508,67922000
PFE,2022-02-09,41.668092725160705,41.732645857499385,41.07099164134174,41.530921936035156,38522200
PFE,2022-02-10,41.183954511237026,41.45022847382875,40.65947111010355,40.82891845703125,34200600
PFE,2022-02-11,40.61105866848255,41.34533357106681,40.40933476032135,40.974159240722656,34997800
PFE,2022-02-14,40.19953748137965,40.748226721096835,39.11829728288547,40.18339920043945,42973100
PFE,2022-02-15,40.18340253252782,40.37705884180617,39.707333978533775,40.17533493041992,29150000
PFE,2022-02-16,40.01395382569006,40.974158503150285,39.884850649913375,40.08657455444336,27672600
PFE,2022-02-17,40.19147014017259,40.312502630914175,39.33615971317846,39.45719528198242,21231700
PFE,2022-02-18,39.360365711745224,39.95746979990934,38.892367872319205,39.15864181518555,26955300
PFE,2022-02-22,38.35982010041489,38.98113012288493,38.20650795631263,38.351749420166016,34814800
PFE,2022-02-23,38.40015672023339,38.86008690601938,37.74657026135022,37.819190979003906,25793000
PFE,2022-02-24,37.00423826433498,37.73044256653039,36.63306697134202,37.08492660522461,44227300
PFE,2022-02-25,36.96389516887819,38.755201628838826,36.907412713000234,38.50506591796875,31199200
PFE,2022-02-28,37.778852404282965,38.061264637980756,37.391542878899216,37.87567901611328,35296100
PFE,2022-03-01,37.67395469877561,38.03705833672897,36.6653351922732,36.91547393798828,29854500
PFE,2022-03-02,37.20596532098188,38.674515410626114,37.117206291707255,38.488929748535156,36516200
PFE,2022-03-03,38.4727944995231,39.20706960229156,38.31141471338492,38.59383010864258,30553300
PFE,2022-03-04,38.32753542493217,39.352293057239905,38.25491470837298,39.25546646118164,33217300
PFE,2022-03-07,38.93271740176976,39.40878598638541,38.34368391200171,38.7148551940918,33171300
PFE,2022-03-08,38.39209700636975,39.069886406290365,37.496442330670845,38.27912902832031,32913300
PFE,2022-03-09,38.83588436452421,39.71540065257308,38.73098707932692,39.336158752441406,24718900
PFE,2022-03-10,38.98112418209704,39.7718814325291,38.77132962047623,39.69926071166992,24542300
PFE,2022-03-11,39.65085573516062,41.07099394566189,39.48947597332234,40.56264877319336,33701900
PFE,2022-03-14,40.92575544959968,42.69285612141643,40.659478361456564,42.16030502319336,42314500
PFE,2022-03-15,42.458844489684324,42.700912547683835,41.296915964449255,42.12801742553711,30172100
PFE,2022-03-16,42.39430194701094,42.983335454347646,42.10381899477631,42.70092010498047,29891400
PFE,2022-03-17,42.70091290909349,43.77408551532627,42.59601869917873,43.76601791381836,30598600
PFE,2022-03-18,43.878988680089314,44.37926314826674,43.338366964781414,43.983882904052734,51815000
PFE,2022-03-21,43.7660209200352,44.621328329493075,43.49167627898619,43.72567367553711,34592500
PFE,2022-03-22,43.73374745234108,43.83057407425484,42.36202414996766,42.79774856567383,32253600
PFE,2022-03-23,42.7816099728444,43.168919535760324,42.08767918501316,42.11188507080078,29183700
PFE,2022-03-24,42.39430624658787,42.64444197566499,42.19258229575111,42.43465042114258,25177500
PFE,2022-03-25,42.555678173303384,42.96719360275687,42.37008946407053,42.58795166015625,17429600
PFE,2022-03-28,42.38622237872398,43.217326890702466,42.36201649713411,42.99139404296875,21863700
PFE,2022-03-29,43.57236261321944,43.636915739005296,42.45884581791301,42.5556755065918,39970000
PFE,2022-03-30,42.92684867244831,43.34643477470218,41.93436740441153,42.31360626220703,27599600
PFE,2022-03-31,41.95857299228255,42.668642012471004,41.748781481668665,41.772987365722656,26055200
PFE,2022-04-01,42.0554062810724,42.08768285030863,41.232372233926846,41.61161422729492,19073100
PFE,2022-04-04,41.78106021080841,41.85368095014609,40.643337346560095,41.103267669677734,20462800
PFE,2022-04-05,40.998367735041434,42.07960799357228,40.94995288953258,41.345333099365234,21176700
PFE,2022-04-06,41.28078123252439,42.83809007955905,41.28078123252439,42.66057205200195,31717500
PFE,2022-04-07,42.362034135454806,44.71010104726891,42.362034135454806,44.50837707519531,36305700
PFE,2022-04-08,44.2582273414046,44.84726390348215,43.94353851496437,44.51643371582031,24612200
PFE,2022-04-11,44.750429885623355,45.44436060416724,43.39484501173822,43.5158805847168,22054300
PFE,2022-04-12,43.00753804060847,43.5158831680086,42.48305770871167,42.85422897338867,22810700
PFE,2022-04-13,42.87036603615615,43.42712291733022,42.523400666159056,42.84615707397461,15777800
PFE,2022-04-14,43.08822993841683,43.49974537509298,42.79774700520415,42.86229705810547,17240100
PFE,2022-04-18,42.62829576694028,42.8542255485901,41.66002043720014,41.8294677734375,17065000
PFE,2022-04-19,41.68422584987237,41.861743863773334,39.836434219186984,40.490020751953125,33441500
PFE,2022-04-20,40.344778856440406,40.47388202565852,39.707330611773685,40.1430549621582,24751800
PFE,2022-04-21,40.28829441400714,40.35284445638337,39.47332819781405,39.62664031982422,19105600
PFE,2022-04-22,39.49753432630459,39.61856680135921,38.65029468867436,38.835880279541016,22156800
PFE,2022-04-25,38.609959987448605,39.69120040384224,38.02092646570578,39.4975471496582,27390600
PFE,2022-04-26,39.529822153045544,40.54650939241822,39.473336621576586,39.562095642089844,25366500
PFE,2022-04-27,39.62664557449488,40.272161474166495,38.90043826357519,40.13499069213867,25819200
PFE,2022-04-28,40.6998194251499,40.966096492944715,39.93327094575667,40.75630187988281,28225400
PFE,2022-04-29,40.239883863852,40.619125791705144,39.53788553358263,39.59436798095703,28343300
PFE,2022-05-02,38.472785743072244,39.34423146497488,38.29526771091722,39.00533676147461,36228400
PFE,2022-05-03,39.432983382955605,40.37705274631509,38.48891709765827,39.771881103515625,33716900
PFE,2022-05-04,39.4491321124865,40.23988956584092,38.658374659132086,40.07044219970703,28613700
PFE,2022-05-05,39.90905654289996,39.9816772716704,38.367886035049494,39.094093322753906,28333000
PFE,2022-05-06,38.80361223764868,39.71540519119711,38.763268070443026,39.57016372680664,19891400
PFE,2022-05-09,39.037606891463355,39.67505202554222,38.54540012203955,39.247398376464844,25012300
PFE,2022-05-10,39.57016960055485,40.26410046052384,39.2877542320686,39.93327331542969,27335900
PFE,2022-05-11,39.59436833111054,40.538437819119125,39.562091767164716,39.9009895324707,29699500
PFE,2022-05-12,39.860315989267065,41.02358668373758,39.63254374805518,40.99104690551758,33468400
PFE,2022-05-13,40.982920176115016,41.31644519918899,40.41348637733482,40.60871887207031,22423700
PFE,2022-05-16,40.56804237805313,41.52794419100224,40.56804237805313,41.21882247924805,19435600
PFE,2022-05-17,41.44659607392089,41.91027707018932,40.82021928350327,41.763851165771484,19918200
PFE,2022-05-18,41.666233596593266,41.82892628236963,40.80394808742383,40.999183654785156,22276000
PFE,2022-05-19,40.67379602057421,41.39778909323413,40.34027101733208,41.20255661010742,19865500
PFE,2022-05-20,41.70690712698917,42.87017783865348,41.59302100469992,42.68307876586914,31250400
PFE,2022-05-23,42.77255944092242,43.68365147628855,42.69120999828727,43.0166015625,24035800
PFE,2022-05-24,42.87831630950858,43.610445901160276,42.87831630950858,43.447750091552734,26729800
PFE,2022-05-25,43.27691639629198,43.96836963640433,43.154893775959614,43.69178771972656,24003900
PFE,2022-05-26,43.97651017536685,44.67609687300166,43.83008425877331,43.9195671081543,23516300
PFE,2022-05-27,43.86261795151162,44.26122249802601,43.53722946147373,43.85448455810547,21407500
PFE,2022-05-31,43.37453510882596,43.52096102032506,42.25193748838764,43.14676284790039,66058200
PFE,2022-06-01,43.31759385834456,43.34199714356199,42.17059290565864,42.60173416137695,17430600
PFE,2022-06-02,42.60172990516304,42.90271820754124,41.51980862536777,42.85390853881836,21903400
PFE,2022-06-03,42.67494300028804,43.54536192487518,42.67494300028804,43.27691650390625,18125000
PFE,2022-06-06,43.268782490033246,43.69992683202935,43.114223184435744,43.32572555541992,16544400
PFE,2022-06-07,43.34199679140891,43.90329717216483,43.12235791674326,43.89516067504883,15091200
PFE,2022-06-08,43.9765100678014,44.38324803441869,43.44774946993314,43.496559143066406,12789800
PFE,2022-06-09,43.33385690690173,43.642978584556516,42.056700129451826,42.12177658081055,17572700
PFE,2022-06-10,41.7394489899168,41.78825555724126,40.6331212841535,40.649391174316406,23826000
PFE,2022-06-13,39.713888031835964,40.0880861524769,38.81092940360301,38.97362518310547,26989000
PFE,2022-06-14,38.84347632610886,39.42917999880313,38.41233506880028,38.98176574707031,23290300
PFE,2022-06-15,38.94922433536933,39.84404652378481,38.37979062312126,39.46171188354492,25748000
PFE,2022-06-16,38.794669548264274,39.04684822686876,38.2821818995652,38.62384033203125,20424500
PFE,2022-06-17,38.542492511476894,39.0712500326023,37.64766707830652,37.851036071777344,45047700
PFE,2022-06-21,38.49367538180229,39.40476742723722,38.19269019863578,39.136322021484375,19622100
PFE,2022-06-22,39.071236130343664,40.33212592374685,38.859733817782804,39.91725158691406,20382900
PFE,2022-06-23,40.047426982540806,40.81209337938934,39.84405796286317,40.74701690673828,20061700
PFE,2022-06-24,41.20255035965198,42.007889660916774,40.917831968801316,41.96721649169922,24343200
PFE,2022-06-27,41.877741012180344,42.48784796708361,41.6987753123961,42.20313262939453,16154300
PFE,2022-06-28,42.162457974598375,42.276344105680565,41.00732056684116,41.210689544677734,16417900
PFE,2022-06-29,41.2676321091618,41.845199254445625,41.21068904431209,41.43846130371094,13925700
PFE,2022-06-30,42.04857342079342,43.02474524369989,41.56048906092252,42.65054702758789,33495700
PFE,2022-07-01,42.33329383623433,42.60173931559759,41.690647020332094,42.55293273925781,16143300
PFE,2022-07-05,42.09737544909861,42.211261572164794,40.99918428734429,42.00789260864258,18406800
PFE,2022-07-06,42.007891846734644,43.08167970640324,41.95908528239956,42.910850524902344,21305500
PFE,2022-07-07,43.07354388395716,43.55349472622085,42.943387881131265,43.455875396728516,17847600
PFE,2022-07-08,43.15488622412108,43.86260922997487,42.91897752111528,43.25250244140625,11322700
PFE,2022-07-11,43.11421733143423,43.71619078786902,42.91084838175765,43.02473449707031,12921400
PFE,2022-07-12,42.862039892468516,42.93525284048699,42.06483396024741,42.333282470703125,14633500
PFE,2022-07-13,42.186860208899176,42.55292498052657,41.90214178511598,42.12991714477539,12927300
PFE,2022-07-14,41.28389565292267,41.96721542923553,41.18627942863907,41.80451965332031,14023800
PFE,2022-07-15,41.51981063351622,42.227533796824936,41.02358983857456,42.09737777709961,19885700
PFE,2022-07-18,42.268206291902565,42.27634278853456,41.096802133198864,41.28390121459961,15742900
PFE,2022-07-19,41.51980836579249,41.9021399073236,41.170013500042415,41.78825378417969,13402100
PFE,2022-07-20,41.80452419536422,41.861467257646815,41.08866456545771,41.340843200683594,12774400
PFE,2022-07-21,41.13747354603723,41.60115453295803,40.820218460582375,41.58488464355469,15103800
PFE,2022-07-22,41.69877309589807,41.918411960368076,41.446597553967685,41.67436981201172,10932100
PFE,2022-07-25,41.76385257779775,42.20313030590315,41.76385257779775,42.1136474609375,12995800
PFE,2022-07-26,42.17059019653361,42.992199478771184,42.06483746211111,42.5447883605957,16632500
PFE,2022-07-27,42.25193811851593,42.50411677056179,41.641831179225576,42.260074615478516,19203500
PFE,2022-07-28,41.68622107374547,42.899510139199776,40.25159198686003,41.57965087890625,38984900
PFE,2022-07-29,41.448477859211984,41.57144416937765,40.39914720779063,41.40748596191406,25037900
PFE,2022-08-01,41.25173216354629,42.055124033218526,41.11236970376578,41.489471435546875,19709900
PFE,2022-08-02,41.727209662423896,42.194488563414794,40.686078546827844,40.73526382446289,17802000
PFE,2022-08-03,40.81724506483388,41.04678470295931,40.44833984124442,40.874629974365234,16500100
PFE,2022-08-04,40.90742224473831,41.030388567772775,40.341766526153464,40.874629974365234,17026300
PFE,2022-08-05,40.6942698894379,40.96480139109115,40.21879454489328,40.39094924926758,16376600
PFE,2022-08-08,40.489332123852684,40.83364473811737,40.120426868298836,40.63689422607422,16071800
PFE,2022-08-09,40.78445505845116,41.0795792537054,40.59590418420388,40.80904769897461,12095600
PFE,2022-08-10,40.932021525727166,41.03039522556595,40.4811386802856,40.94841766357422,17355100
PFE,2022-08-11,39.530177652243076,40.276184593783135,39.19406470335674,39.587562561035156,44048800
PFE,2022-08-12,39.80070425995217,41.309114209740905,39.80070425995217,41.07957458496094,25835500
PFE,2022-08-15,40.96481254393815,41.04679010341344,40.48933394269985,40.78445816040039,15797800
PFE,2022-08-16,40.48113211161749,41.13696188286373,40.46473597643096,40.874629974365234,12874800
PFE,2022-08-17,40.702469519499104,40.8746242238734,40.37455311638775,40.39094924926758,13607200
PFE,2022-08-18,40.489324517332626,40.59589782163643,39.66134010129941,39.82529830932617,18916300
PFE,2022-08-19,40.03844804706159,40.538519252424656,39.94827086219374,40.29258346557617,15350200
PFE,2022-08-22,40.34177116146425,40.497532900012,39.95647288566012,40.08763885498047,13601200
PFE,2022-08-23,39.69414143430765,39.77612212712512,39.153081370687076,39.358028411865234,16248900
PFE,2022-08-24,39.267839130687776,39.35801316699361,38.8415490748865,38.882537841796875,15551500
PFE,2022-08-25,38.95632863290507,39.308837745685196,38.751381619765155,39.26784896850586,14460000
PFE,2022-08-26,39.03830275081126,39.31703078923549,38.28409930992392,38.38247299194336,16546700
PFE,2022-08-29,38.021773177559105,38.27590548862004,37.80862651904745,37.8988037109375,13400500
PFE,2022-08-30,37.988973932387346,37.99717043594457,37.546287686468375,37.587276458740234,16303000
PFE,2022-08-31,37.71845139526853,37.947994203731845,36.997040075079866,37.079017639160156,26416800
PFE,2022-09-01,37.005229599180744,38.24311122306211,37.005229599180744,38.226715087890625,19947600
PFE,2022-09-02,38.316897708293496,38.3660829935487,37.32495171665285,37.464317321777344,14667700
PFE,2022-09-06,37.6774584509144,38.07095634406769,37.32494933527313,37.51350021362305,17153500
PFE,2022-09-07,37.4643091758198,37.88239964579992,37.2019772873533,37.81681823730469,15378900
PFE,2022-09-08,37.72663909719974,38.628404525879475,37.60366966272404,38.59561538696289,18271000
PFE,2022-09-09,38.69399462224423,39.341627899423855,38.61201394505772,39.218658447265625,17501700
PFE,2022-09-12,39.415411226813916,39.636751249921986,39.09569125814428,39.153076171875,13744800
PFE,2022-09-13,38.636611524026726,38.79237012712211,37.726646291655875,37.86600875854492,16603200
PFE,2022-09-14,37.87420639558513,38.04636112582014,37.52989380787204,37.83321762084961,17162500
PFE,2022-09-15,37.80043357978052,37.94799570274891,37.46432055018445,37.661067962646484,15802000
PFE,2022-09-16,37.78403261822278,38.21851929859323,37.41512735788781,37.73484420776367,30629500
PFE,2022-09-19,37.4479178023459,37.61187603529089,36.71010731771505,37.25116729736328,16256200
PFE,2022-09-20,36.890458971044005,37.11180210013942,36.43137657804132,36.701908111572266,15369000
PFE,2022-09-21,36.73469499633897,36.87405743094636,35.988688171591946,36.00508117675781,17505200
PFE,2022-09-22,35.80014194164094,36.89046152787485,35.677175612893926,36.5379524230957,18508100
PFE,2022-09-23,36.43138207574788,36.529758899464554,35.72636693590558,36.136260986328125,18871700
PFE,2022-09-26,35.914920237344475,36.3412104537002,35.80014726862884,35.93131637573242,18680200
PFE,2022-09-27,36.251024451372245,36.54614861618691,35.857526607366985,36.14445114135742,21562700
PFE,2022-09-28,36.619930822605326,36.73470377689765,36.251028700588485,36.42318344116211,16532600
PFE,2022-09-29,36.406782619175516,36.57893733759233,36.029680913907406,36.20183563232422,13559900
PFE,2022-09-30,36.21003338562138,36.57074209636515,35.84932780212055,35.87392044067383,22962300
PFE,2022-10-03,36.128058965088734,36.30021370434401,35.652583524206065,36.18544387817383,22834300
PFE,2022-10-04,36.27562205049506,36.75929713625806,36.144456084554754,36.447776794433594,28198800
PFE,2022-10-05,36.169044494628906,36.37399148788739,35.80833891230144,36.169044494628906,15673400
PFE,2022-10-06,35.87392540289548,35.890321539946626,35.28368010527117,35.324668884277344,22068200
PFE,2022-10-07,35.2918729065194,35.2918729065194,34.36551158742738,34.69342803955078,20095000
PFE,2022-10-10,34.71802208353738,34.93936522858926,34.22615051269531,34.22615051269531,17888000
PFE,2022-10-11,34.1523731263101,34.89838019418181,33.98021837078052,34.365516662597656,20981200
PFE,2022-10-12,34.504880702280765,35.36565756806637,34.36551510134295,34.455692291259766,18803600
PFE,2022-10-13,34.23435074187546,35.38205536837171,34.18516545578565,35.234493255615234,23135200
PFE,2022-10-14,35.16070866840735,35.56240618551573,34.72622200627961,35.13611602783203,16980500
PFE,2022-10-17,35.40663998311674,35.91491075724912,35.40663998311674,35.78374481201172,16678400
PFE,2022-10-18,36.111658872546265,36.36579426496842,35.759149800933514,36.14445114135742,18442800
PFE,2022-10-19,35.99689428840964,36.128060255466565,35.03774374066398,35.341064453125,23054700
PFE,2022-10-20,35.47222914704779,35.58699897319798,35.10332390067702,35.17710494995117,17715000
PFE,2022-10-21,35.50502019632324,37.02162677919312,35.24268828066189,36.84947204589844,36575700
PFE,2022-10-24,36.95605097587337,37.603681231934196,36.88226991793687,37.333152770996094,24972000
PFE,2022-10-25,37.11180973663168,37.562692591385066,36.800289365591105,37.374141693115234,23127000
PFE,2022-10-26,37.644664610639595,38.24311262092263,37.39872882856394,37.759437561035156,21407900
PFE,2022-10-27,37.55449337535887,37.80042917590594,37.447920048465896,37.497108459472656,20377700
PFE,2022-10-28,37.693844837941356,38.956318873132524,37.65285607103098,38.882537841796875,27854000
PFE,2022-10-31,38.595618744098545,38.84975101083082,38.152932494171296,38.161128997802734,29961700
PFE,2022-11-01,39.349831906205324,39.69414143430765,38.85796025827522,39.358028411865234,30614500
PFE,2022-11-02,39.161265907376006,39.48917917050808,38.48904012162642,38.5874137878418,25813100
PFE,2022-11-03,38.3311038278163,38.69490091199306,38.16574036990119,38.50473403930664,20124600
PFE,2022-11-04,39.24887888405131,39.30675563723071,38.53781802607986,39.04217529296875,24528500
PFE,2022-11-07,38.99255768059706,39.39769802777741,38.653563983587325,38.9346809387207,20304400
PFE,2022-11-08,38.89334398354283,39.480381357755135,38.653567088482774,39.149654388427734,18054500
PFE,2022-11-09,38.992562262753054,39.273679250921504,38.61222844171523,38.62876510620117,15348100
PFE,2022-11-10,39.29848161398665,39.48038176439486,38.73624765276686,39.174461364746094,20480600
PFE,2022-11-11,38.91814325306588,39.439037070305254,38.28976586319368,39.356353759765625,20909800
PFE,2022-11-14,39.67881590169569,41.191884287856965,39.629205912918984,40.71233367919922,26143000
PFE,2022-11-15,40.79501449666139,40.9521080659149,39.83591010985648,40.15836715698242,25440500
PFE,2022-11-16,40.3485386338584,40.5635121257148,39.72842788696289,39.72842788696289,15822200
PFE,2022-11-17,39.52171299144039,40.10048348701046,39.2984728079757,39.95992660522461,13231100
PFE,2022-11-18,40.21624438578983,40.373341110982565,39.579597038438415,39.87725067138672,20666500
PFE,2022-11-21,39.76976795157363,39.91859478307352,39.4555807775595,39.835914611816406,14736000
PFE,2022-11-22,39.96819987669868,40.72060069743358,39.88551971558116,40.58004379272461,16358600
PFE,2022-11-23,40.480827397041786,40.69580088144583,40.117030240264654,40.38987731933594,10710800
PFE,2022-11-25,40.456019732318644,40.69579661128432,40.38160632691709,40.68752670288086,6760200
PFE,2022-11-28,40.66273043509828,41.12574761167648,40.563513595133834,40.98518753051758,20704000
PFE,2022-11-29,40.92730743506748,41.067864350700276,40.59658045680198,40.91904067993164,17160900
PFE,2022-11-30,41.043052291050905,41.44819259643555,40.54696508213289,41.44819259643555,35572700
PFE,2022-12-01,41.59702199217113,42.299812774444845,41.57221542234148,42.23366928100586,23592600
PFE,2022-12-02,41.80373301086781,42.440380413563545,41.73758635155309,42.093116760253906,16881600
PFE,2022-12-05,42.093113163129146,42.192329989576194,41.63009604963283,41.94428634643555,17959800
PFE,2022-12-06,41.89467783737973,42.04350465933511,40.66272633280544,41.10093688964844,21787100
PFE,2022-12-07,41.134006081192155,42.29154721243197,41.134006081192155,41.539146423339844,15929900
PFE,2022-12-08,41.48953378806629,42.88684854889135,41.35724365185827,42.812435150146484,26116800
PFE,2022-12-09,42.78763605900773,43.68886368863466,42.6884192353371,42.76283264160156,19933500
PFE,2022-12-12,43.09355936228024,43.482163082920835,42.78763896201326,43.12663269042969,18532200
PFE,2022-12-13,43.90383173644048,44.681039084938924,43.72193476142565,43.8790283203125,29461800
PFE,2022-12-14,43.9369142216736,45.41691267078089,43.738480543183925,45.04484558105469,36260300
PFE,2022-12-15,44.705845725984986,45.003499357175556,44.15188169886056,44.32551193237305,21627100
PFE,2022-12-16,43.829417201164894,43.93690392501761,42.49824905395508,42.49824905395508,65689500
PFE,2022-12-19,42.59746576768413,42.83724263030082,41.91947841094057,42.46517562866211,16081900
PFE,2022-12-20,42.341152141626615,42.58919575744078,42.03523178725734,42.43210220336914,12433800
PFE,2022-12-21,42.67187861244226,43.12662576228198,42.332884938484035,42.713218688964844,12925000
PFE,2022-12-22,42.5065188990131,42.74629577964296,42.12618511500804,42.696685791015625,14822300
PFE,2022-12-23,42.630546230137384,42.95300330087644,42.36596590778502,42.85378646850586,10666500
PFE,2022-12-27,42.878590855783834,42.9364676054767,42.20887012556394,42.27501678466797,12033800
PFE,2022-12-28,42.20886649419685,42.48998346311093,41.96082285198937,42.00216293334961,10053900
PFE,2022-12-29,42.18406652457575,42.72149393428358,42.159263104541225,42.44038009643555,8971300
PFE,2022-12-30,42.40729924488726,42.49824930760966,41.960818839184086,42.36595916748047,11396200
PFE,2023-01-03,42.1757885273239,42.44037195782134,42.018694973819954,42.38249206542969,15603800
PFE,2023-01-04,41.580482729083386,41.86159965521575,40.943835480076416,41.44819259643555,21808400
PFE,2023-01-05,41.11746994257819,41.332443401654594,40.447749302596,41.059593200683594,20057400
PFE,2023-01-06,41.32417140366143,42.66360946184672,40.976910969854245,42.101375579833984,29635900
PFE,2023-01-09,41.382052069719,41.55568230309983,39.943397058783596,40.00954055786133,30839100
PFE,2023-01-10,39.976464446920055,40.075684419694966,39.17445683495388,39.37289047241211,29212000
PFE,2023-01-11,39.43904152026317,39.47211484821072,38.74451740359521,39.232337951660156,23022200
PFE,2023-01-12,39.0835066682186,39.45557368003854,38.51300601945854,39.447303771972656,23345300
PFE,2023-01-13,39.273669459859576,39.819366635666334,39.26540270670066,39.563053131103516,18737500
PFE,2023-01-17,38.47993553955815,38.64529901859506,37.793678205471075,38.09960174560547,29391400
PFE,2023-01-18,37.66138936858042,37.90943301877705,37.18183873207308,37.206642150878906,33835000
PFE,2023-01-19,36.975131273233366,37.4298784430764,36.908984624651055,37.17356491088867,26614900
PFE,2023-01-20,37.438145245739875,37.562168634969844,36.98339807530635,37.29758834838867,25197600
PFE,2023-01-23,37.23971161003925,37.471218572300074,37.05781148023671,37.190101623535156,19398600
PFE,2023-01-24,37.14049194800292,37.16529851848557,36.50384779645511,36.966861724853516,18853100
PFE,2023-01-25,37.231441598851205,37.2975882473402,36.867644494299164,37.2645149230957,20828000
PFE,2023-01-26,36.88068564760724,36.96412483823261,36.38838678371493,36.92240524291992,38465500
PFE,2023-01-27,36.89738382094048,36.99751151261007,36.53024364648214,36.53858947753906,23798600
PFE,2023-01-30,36.53859170845096,36.83063215323562,36.21317430340458,36.33833312988281,24402200
PFE,2023-01-31,35.879403563096574,36.94744060408875,35.62908277948921,36.847312927246094,49722500
PFE,2023-02-01,36.63871630213033,36.86400599030671,36.22151388321151,36.68878173828125,24482300
PFE,2023-02-02,36.40508986513959,37.09764433760467,36.296616327403235,36.99751663208008,35279200
PFE,2023-02-03,37.014198680459415,37.03922980673958,36.613684744967735,36.763877868652344,23742000
PFE,2023-02-06,36.87235179975692,36.9641368490694,36.48852630536122,36.51355743408203,18071200
PFE,2023-02-07,36.56362065179108,36.63037456832471,36.08801013699568,36.371707916259766,22999500
PFE,2023-02-08,36.33832636796111,36.79724834565492,36.32163789093568,36.697120666503906,19362300
PFE,2023-02-09,36.813943635104536,36.98917108479659,36.07966960811757,36.163108825683594,20809200
PFE,2023-02-10,36.29661087454715,36.697124819478475,36.096352310580535,36.613685607910156,18619600
PFE,2023-02-13,36.446808175231354,36.72216015133838,36.30495767971989,36.705474853515625,17878000
PFE,2023-02-14,36.78891156439642,36.88069661117002,36.36336647290306,36.48018264770508,17506900
PFE,2023-02-15,36.229854917315684,36.388393866564364,35.97119146622862,36.14641571044922,18994700
PFE,2023-02-16,36.00457005032606,36.02960117691758,35.68749532049208,35.83768844604492,17832000
PFE,2023-02-17,35.78762857377444,36.1881425765161,35.52896507077594,36.05463790893555,18293400
PFE,2023-02-21,35.72086292885912,35.82099059202101,35.562324013935005,35.62907791137695,17356600
PFE,2023-02-22,35.64576971559471,35.787616986408004,35.30366391674941,35.3620719909668,17394200
PFE,2023-02-23,35.28697977073014,35.67080521497082,35.22857168934576,35.29532241821289,21104300
PFE,2023-02-24,35.070031394945,35.08671987227207,34.63614053344584,34.83639907836914,16806100
PFE,2023-02-27,34.57773417735651,34.819712336154794,33.98530752623112,34.02702713012695,26370300
PFE,2023-02-28,33.793402360204084,33.96862664555862,33.4512964389394,33.851810455322266,31086900
PFE,2023-03-01,33.84346098703051,34.010339406315204,33.493009303928666,33.52638626098633,21104400
PFE,2023-03-02,33.42626325240328,34.02703264853828,33.21766201609198,33.89352798461914,19110600
PFE,2023-03-03,34.13550345256227,34.360793151720465,33.99365615105638,34.33576202392578,20922000
PFE,2023-03-06,34.28569494411996,34.4275422388358,34.060405255746105,34.30238342285156,19434800
PFE,2023-03-07,34.26066556893046,34.31907365597597,33.45963446387407,33.65989303588867,23205800
PFE,2023-03-08,33.64320378308199,33.85180499859366,33.30109791696293,33.476322174072266,16756100
PFE,2023-03-09,33.71829471166318,33.85179933995404,32.80045079003866,32.92560958862305,18585100
PFE,2023-03-10,32.78376736158233,33.317785956972514,32.73370192463878,32.86720657348633,26328100
PFE,2023-03-13,32.75872796843697,33.80173387040327,32.75872796843697,33.25937271118164,35299400
PFE,2023-03-14,33.417910116887455,33.50135250297676,32.97567661111965,33.29275131225586,24583600
PFE,2023-03-15,33.17593424587533,33.81842633929744,32.92561343645157,33.609825134277344,25498400
PFE,2023-03-16,33.4262578108524,33.78505213353892,33.14256004833287,33.68492126464844,21095900
PFE,2023-03-17,33.901869604005604,34.035374251335845,33.36785101468463,33.459632873535156,57457800
PFE,2023-03-20,33.49301008503381,34.093782594075385,33.32612847885538,34.05206298828125,20825400
PFE,2023-03-21,34.09378055248411,34.13550015578001,33.63485855022586,33.92689895629883,19982000
PFE,2023-03-22,33.96027424794223,34.08543305169662,33.36784763436745,33.3845329284668,15444200
PFE,2023-03-23,33.518040430221006,33.793395551444014,33.376193137228654,33.52638626098633,16958100
PFE,2023-03-24,33.4512897528545,33.7600186486294,33.26771967174422,33.70161056518555,17218100
PFE,2023-03-27,33.82677416559841,33.89352489998189,33.35116364473397,33.55976486206055,20262800
PFE,2023-03-28,33.54306784194779,33.62650703443227,33.25937013129894,33.36784362792969,13537500
PFE,2023-03-29,33.509700337911866,33.60148538531908,33.367853034102225,33.58479690551758,14429500
PFE,2023-03-30,33.726645414756646,33.7850566876506,33.58479810587721,33.69327163696289,12634500
PFE,2023-03-31,33.83511522314406,34.0687507400077,33.609825537062235,34.04371643066406,23393600
PFE,2023-04-03,33.951928935098024,34.60276681994125,33.918555163389385,34.50263595581055,20817200
PFE,2023-04-04,34.57773144664918,34.652828000931784,34.01033596606987,34.12715530395508,19514500
PFE,2023-04-05,34.452569886832784,35.228566491298714,34.35243903380404,34.66951370239258,29697600
PFE,2023-04-06,34.98659046037272,35.12843773613266,34.51932266733717,34.6277961730957,25931800
PFE,2023-04-10,34.33576044047234,34.82805942341065,34.31072613083015,34.8197135925293,15137300
PFE,2023-04-11,34.87812032700001,35.03665927759204,34.79468111942654,34.86977767944336,15304100
PFE,2023-04-12,34.73626844546426,34.869773069733824,34.43588224510741,34.51932144165039,17035100
PFE,2023-04-13,34.65282637481018,34.79467682979927,34.46091367464958,34.60276412963867,22880900
PFE,2023-04-14,34.636146124635104,34.80302774184336,34.15219293603347,34.369136810302734,20627500
PFE,2023-04-17,34.310724818318214,34.444229460296036,34.177220176340384,34.36079025268555,17608600
PFE,2023-04-18,34.444236405567445,34.48595920078734,33.81843267329768,33.835121154785156,18541500
PFE,2023-04-19,33.73498611305364,33.84345962763306,33.54307339218339,33.57645034790039,17214300
PFE,2023-04-20,33.44293819965147,33.53472003276447,33.200960099533006,33.25102233886719,20131600
PFE,2023-04-21,33.451290613535086,33.62651486837505,33.30109748567172,33.55141830444336,19227100
PFE,2023-04-24,33.53473021235512,33.54307604344488,33.134216261099304,33.30109786987305,17633700
PFE,2023-04-25,33.16758712116362,33.309434393589584,32.77541589010138,32.817138671875,24492400
PFE,2023-04-26,32.67530019737847,32.70033132921963,32.04115378771646,32.23306655883789,22401400
PFE,2023-04-27,32.224717292349126,32.39994474557252,31.96605380288034,32.32484817504883,22434000
PFE,2023-04-28,32.29146500365875,32.466689240179775,32.22471109469746,32.45000076293945,21015300
PFE,2023-05-01,32.541786259034,32.975677124447984,32.42497009969209,32.717010498046875,23917800
PFE,2023-05-02,32.78376682610509,33.47632118600173,32.23305976072876,32.591854095458984,38834100
PFE,2023-05-03,32.70867418652193,32.86720997876575,32.00777391170353,32.08287048339844,27721900
PFE,2023-05-04,31.849228467574218,32.06617548974093,31.72406966217181,31.899293899536133,23675100
PFE,2023-05-05,32.02446022358632,32.12458791806439,31.782482044179112,32.11624526977539,19225100
PFE,2023-05-08,32.14962134809454,32.3165029728427,31.99942820412143,32.26643753051758,20101700
PFE,2023-05-09,32.1078987121582,32.26643449007903,32.032802147247935,32.1078987121582,15987900
PFE,2023-05-10,32.2664276644545,32.3081504451357,31.774131955629535,31.957698822021484,15858200
PFE,2023-05-11,31.713101497081393,31.755275750270545,31.384162913846257,31.69623565673828,28566400
PFE,2023-05-12,31.7215433372464,31.81432156303112,31.40103761656583,31.502248764038086,16541300
PFE,2023-05-15,31.46007543898542,31.510682617773313,31.215478901010155,31.341995239257812,16650400
PFE,2023-05-16,31.223915035613718,31.409471473701906,31.06366379563837,31.215478897094727,25451700
PFE,2023-05-17,31.190182324930497,31.24922243502469,30.79376739934546,30.996192932128906,23206400
PFE,2023-05-18,30.962448674447035,31.021488772847324,30.506993728978465,30.76845932006836,27772400
PFE,2023-05-19,30.91184656505792,31.75528026978044,30.802199282559606,31.013057708740234,33068300
PFE,2023-05-22,31.088966699345637,32.78426702080948,30.996188477546937,32.68305587768555,85718600
PFE,2023-05-23,32.514369125977936,33.855428863844374,32.050481225414735,33.433712005615234,75379500
PFE,2023-05-24,33.82168966567258,33.85542778544288,32.55653913128417,32.581844329833984,39326400
PFE,2023-05-25,32.480628790836555,32.480628790836555,31.75527854678482,31.90709686279297,30266600
PFE,2023-05-26,32.084222905669876,32.42159449921448,31.679375062949568,31.713109970092773,20234600
PFE,2023-05-30,31.510682613820855,31.510682613820855,31.139569737644482,31.215478897094727,24371100
PFE,2023-05-31,31.29138783170389,32.23603585750686,31.097398473934735,32.06734848022461,46166300
PFE,2023-06-01,32.151690560143685,32.22759971904849,31.797449963550648,32.06734848022461,20256100
PFE,2023-06-02,32.26133631846317,32.60714397775417,32.18542716313374,32.3541145324707,22736400
PFE,2023-06-05,32.45532372498362,32.91077862970602,32.446890804871174,32.59870910644531,18392200
PFE,2023-06-06,32.733661699923154,32.77583273968819,32.29507580798976,32.362548828125,19508200
PFE,2023-06-07,32.345681047511135,32.94452141864846,32.16012782172034,32.8011360168457,25295100
PFE,2023-06-08,32.9276547001977,33.05416783349132,32.666189076813104,32.969825744628906,17347600
PFE,2023-06-09,33.13007275451134,33.39153834438663,32.78426508658287,32.86861038208008,19775100
PFE,2023-06-12,32.902348776197044,33.79638969872683,32.88548293275093,33.65300750732422,28334600
PFE,2023-06-13,33.45901563502351,34.04941990910423,33.27346239612831,33.9735107421875,26533800
PFE,2023-06-14,34.00724732614497,34.02411638663488,33.163813606315095,33.19755172729492,22056400
PFE,2023-06-15,33.23972545589618,33.593969319922174,33.130078162573305,33.526493072509766,19905900
PFE,2023-06-16,33.619261257719906,34.04097802569443,33.610825120592,33.78794860839844,60338600
PFE,2023-06-20,33.4927527158517,33.62770198423492,33.17225021434428,33.18068313598633,26881200
PFE,2023-06-21,33.062607452556605,33.09634557863016,32.6914945006371,32.80957794189453,17982900
PFE,2023-06-22,32.84331142912776,32.88548569361688,32.39629253905606,32.66619110107422,18039800
PFE,2023-06-23,32.64931643284543,32.784265690683576,32.28663969913464,32.30350875854492,23492200
PFE,2023-06-26,31.22391845458458,31.249220438023812,30.49856489984472,31.11427116394043,56135500
PFE,2023-06-27,31.1733085124225,31.207046632319727,30.599773343946495,30.717853546142578,32414900
PFE,2023-06-28,30.785333750788116,30.81907187503048,30.388918834551852,30.608213424682617,30062000
PFE,2023-06-29,30.355182511357615,30.5491718905326,30.161189914738166,30.464826583862305,26284900
PFE,2023-06-30,30.54073793644466,30.996192972720337,30.481697826273148,30.937152862548828,30867900
PFE,2023-07-03,30.785333618941213,30.98775914608385,30.65881726229649,30.911849975585938,14115800
PFE,2023-07-05,30.852812739872082,31.223922487169265,30.692558244208037,30.751598358154297,26829400
PFE,2023-07-06,30.532299212115518,30.591339311068165,30.04310614371464,30.051542282104492,30177300
PFE,2023-07-07,29.958762590333436,30.169620995487154,29.815377201758064,29.967195510864258,22903300
PFE,2023-07-10,30.00093744286804,30.372047124849985,29.97563546061419,30.09371566772461,17777500
PFE,2023-07-11,30.059976018784464,30.397350779764103,30.043106958991064,30.380481719970703,17731300
PFE,2023-07-12,30.532308721775205,30.574479774526917,30.29614503496448,30.355188369750977,17229700
PFE,2023-07-13,30.372052264496702,30.667256049672332,30.29614308744524,30.414226531982422,16664400
PFE,2023-07-14,30.61664153013242,30.776895986348663,30.372044994024343,30.63351058959961,17915100
PFE,2023-07-17,30.464826256951262,30.464826256951262,30.178058652238423,30.245534896850586,20557300
PFE,2023-07-18,30.296140173728702,30.768464254117244,30.2624052674074,30.566041946411133,22808300
PFE,2023-07-19,30.650383860667343,30.954020537910562,30.54073656778628,30.734725952148438,18589700
PFE,2023-07-20,30.700988138877292,31.26608717666814,30.667250018501772,31.013057708740234,22358400
PFE,2023-07-21,31.038358114698756,31.56972222258468,31.038358114698756,31.54442024230957,24149700
PFE,2023-07-24,31.552855409289993,31.881794046057717,31.51911728822553,31.637197494506836,19414700
PFE,2023-07-25,31.544417928073933,31.814316422687806,31.249214237597364,31.25765037536621,21771000
PFE,2023-07-26,31.097397245363453,31.50224500437999,31.004619030651416,31.384164810180664,20983700
PFE,2023-07-27,31.42680883835955,31.563261615211584,30.855413851945034,30.87247085571289,25346300
PFE,2023-07-28,31.00039395134733,31.08567897141721,30.71896151834389,30.7616024017334,24054100
PFE,2023-07-31,30.855413413859406,30.86394028897686,30.633675621316325,30.753074645996094,40265200
PFE,2023-08-01,30.59956551481639,31.486506943877522,30.16462004893822,30.369300842285156,40931600
PFE,2023-08-02,30.386360664946377,30.60809522945804,30.0878679491797,30.147565841674805,34301600
PFE,2023-08-03,30.002583190691908,30.08786495626139,29.780845394945935,29.84907341003418,25676500
PFE,2023-08-04,29.806432941470995,30.139036386421335,29.559111263275298,29.866130828857422,25746500
PFE,2023-08-07,29.85759882784033,30.57397668484434,29.763790191609292,30.428997039794922,31069100
PFE,2023-08-08,31.017450099010066,31.017450099010066,30.18167644514505,30.39488410949707,25225500
PFE,2023-08-09,30.36076988060442,30.753074452647063,30.28401499186681,30.56545066833496,17210500
PFE,2023-08-10,30.548393641176585,30.77865830721047,30.36076985701029,30.463111877441406,18955200
PFE,2023-08-11,30.377826664554878,30.940694760133926,30.352242786257424,30.73601722717285,16609400
PFE,2023-08-14,30.548394731494994,31.136846730168273,30.548394731494994,30.7616024017334,20295500
PFE,2023-08-15,30.599565324009927,30.6251492030347,30.156092985599255,30.181676864624023,20484300
PFE,2023-08-16,29.968469824556266,30.40341529682581,29.84054717346414,30.258432388305664,22215600
PFE,2023-08-17,30.360765178077585,31.315937701820747,30.352238304334453,31.1368408203125,31113600
PFE,2023-08-18,31.085678754202124,31.426809072225357,30.974809855531422,31.264772415161133,24145100
PFE,2023-08-21,31.307412486894883,31.716770809888406,31.24771460145567,31.563261032104492,28496500
PFE,2023-08-22,31.56326120538387,31.68266023020855,30.46311212961377,31.41828155517578,18524100
PFE,2023-08-23,31.63148986567197,31.665603873461546,31.179490648978035,31.264772415161133,19370900
PFE,2023-08-24,31.111263488652174,31.247716270270743,30.75307615688753,30.83835792541504,19380800
PFE,2023-08-25,30.821297313264495,31.29035349184227,30.667787545251322,31.025978088378906,16421300
PFE,2023-08-28,31.07714544150954,31.14537345009819,30.72748503071897,30.88099479675293,15101900
PFE,2023-08-29,30.92363498475877,31.50356003164695,30.701900468379378,30.82982635498047,21076500
PFE,2023-08-30,30.855414475801094,30.915112363550197,30.54839490835378,30.616622924804688,16833000
PFE,2023-08-31,30.6507321876303,30.6933763224816,30.17314910888672,30.17314910888672,27919500
PFE,2023-09-01,30.394882646103067,30.753073196680194,30.360768640659412,30.514278411865234,17522500
PFE,2023-09-05,30.667789190912675,30.94922486513577,30.147561977317793,30.17314910888672,25856100
PFE,2023-09-06,30.07080340421671,30.087860405408865,29.217972864351015,29.311784744262695,35370200
PFE,2023-09-07,29.397072937527383,29.542052583444246,29.030355505361488,29.23503303527832,26777700
PFE,2023-09-08,29.19239467090309,29.3288474537077,29.03888488358654,29.20945167541504,19467700
PFE,2023-09-11,29.20092013287264,29.252087884939815,28.60393808352888,28.945068359375,27574400
PFE,2023-09-12,28.970660513934593,29.175338064287434,28.783036715035312,29.124170303344727,17987200
PFE,2023-09-13,29.175335933945647,29.52499637245013,28.99624227714132,29.064470291137695,23853300
PFE,2023-09-14,29.200925198049795,29.320320977970788,28.979187389661373,29.124170303344727,23759900
PFE,2023-09-15,29.04741184602215,29.35442813389637,28.83420419280109,29.055938720703125,58063800
PFE,2023-09-18,29.098580654428986,29.098580654428986,28.518655556403765,28.68922233581543,25421900
PFE,2023-09-19,28.61246720527223,29.004768517291048,28.586883327229046,28.987714767456055,30323300
PFE,2023-09-20,29.064469479940463,29.072996354806637,28.61246703305693,28.672164916992188,24651400
PFE,2023-09-21,28.54423922623237,28.646577980151875,27.998428200941227,28.01548194885254,26980600
PFE,2023-09-22,28.211640743715037,28.220167619154022,27.71699738269047,27.8790340423584,28570800
PFE,2023-09-25,27.87903065967697,28.126352310180664,27.64023913686816,28.126352310180664,19443700
PFE,2023-09-26,27.90461941004396,28.109296940540958,27.59759986100777,27.6317138671875,26015500
PFE,2023-09-27,27.657295866159597,27.716993746272948,27.20529507485886,27.3758602142334,26430100
PFE,2023-09-28,27.34175048863435,27.56348501546899,27.094428831298742,27.367334365844727,28197600
PFE,2023-09-29,27.589070240189493,28.339562123491895,27.546429358325994,28.28839111328125,42421400
PFE,2023-10-02,28.100767917362194,28.962125361160872,27.93872802704163,28.945068359375,44620600
PFE,2023-10-03,28.859788235523492,29.090052892716706,28.748919344291807,28.910959243774414,31059900
PFE,2023-10-04,28.94507018060041,29.06446920061411,28.151937440750828,28.40778923034668,23722300
PFE,2023-10-05,28.527180136887726,28.80861250288856,28.186046644406012,28.54423713684082,21279400
PFE,2023-10-06,28.586883520302653,28.62099752678444,28.203109080609348,28.25428009033203,23760400
PFE,2023-10-09,28.194582424866514,28.544242860796878,27.947260755886543,28.31397819519043,17468100
PFE,2023-10-10,28.211639477901404,28.484545025776686,28.15193833934361,28.28839111328125,19212100
PFE,2023-10-11,28.34809347913505,28.424848371128654,27.9899028987346,28.237224578857422,24221200
PFE,2023-10-12,28.237223776507562,28.33103566997755,27.94726122091433,28.075183868408203,21809900
PFE,2023-10-13,28.092239509002844,28.134883642722468,27.307636898579545,27.38439178466797,32388100
PFE,2023-10-16,27.99843386492183,28.928016218784805,27.76816918205349,28.37367820739746,63317400
PFE,2023-10-17,28.143410136681474,28.30544678143533,27.46114629917762,27.93020248413086,40015800
PFE,2023-10-18,27.75110831092444,27.87050407356387,26.770351826459642,26.78740882873535,30307600
PFE,2023-10-19,26.761825319529382,26.864165714164457,26.360995496053235,26.599788665771484,26880300
PFE,2023-10-20,26.48891784511096,26.531560350880113,25.9942761647057,26.139257431030273,39407900
PFE,2023-10-23,26.241600254505588,26.770354361970522,26.036921087747025,26.301298141479492,29412100
PFE,2023-10-24,26.335408153879623,26.46333404491218,25.857823474399304,25.951635360717773,26923800
PFE,2023-10-25,25.977218644994686,26.437747938257267,25.772539501315283,26.207483291625977,28857900
PFE,2023-10-26,26.105145400672647,26.753296857187006,26.0113335133766,26.574201583862305,27162700
PFE,2023-10-27,26.48892007645326,26.548617962913564,25.60197702813017,25.67873191833496,33877100
PFE,2023-10-30,25.789599009347622,26.164844955879758,25.67873173907322,26.05397605895996,33063500
PFE,2023-10-31,25.83223888843021,26.28423805196787,25.32906871922603,26.062501907348633,42648200
PFE,2023-11-01,26.062505920653784,26.50597827818154,25.985751026979926,26.019865036010742,23568300
PFE,2023-11-02,26.019861966827893,26.139257731061424,25.7640118092121,26.011333465576172,29640900
PFE,2023-11-03,26.352467210846935,26.770354041304056,26.301297826431576,26.659486770629883,28071000
PFE,2023-11-06,26.71065476900764,26.787409654970503,26.403635225156187,26.591259002685547,27381200
PFE,2023-11-07,26.50597393884044,26.770350958965718,26.343935675762594,26.650955200195312,18086400
PFE,2023-11-08,26.369526027658022,26.693600986765336,26.05397794433506,26.284242630004883,29398300
PFE,2023-11-09,26.35338615761064,26.370673130084622,25.610062826993758,25.65328025817871,28737700
PFE,2023-11-10,25.713782615953278,25.77428537010094,25.091466453693343,25.48041343688965,33844100
PFE,2023-11-13,25.359409118381063,25.376696091398994,25.005034414395915,25.048250198364258,35519900
PFE,2023-11-14,25.14332625258217,25.679209213698083,25.056893038299346,25.29026222229004,40084300
PFE,2023-11-15,25.24704594756889,26.232381997814535,25.24704594756889,26.09408950805664,43614600
PFE,2023-11-16,26.163233978140816,26.318813430708776,25.4717699276806,25.731069564819336,32407200
PFE,2023-11-17,25.8607177734375,25.938507497358184,25.705138325596135,25.8607177734375,27009200
PFE,2023-11-20,25.84343424281782,26.05087298470127,25.722428722196618,25.912580490112305,26335700
PFE,2023-11-21,25.947152187754064,26.241024125413414,25.722426491392415,26.189163208007812,25988700
PFE,2023-11-22,26.26695417393155,26.431177122972272,26.050871953616674,26.206451416015625,19226800
PFE,2023-11-24,26.25830794166863,26.534894539555488,26.25830794166863,26.362028121948242,11129700
PFE,2023-11-27,26.57811201908108,26.57811201908108,25.955795843341335,26.050870895385742,26066700
PFE,2023-11-28,26.02494254999311,26.02494254999311,25.618706929957277,25.661924362182617,29497700
PFE,2023-11-29,25.731070508919228,26.120017506033587,25.69649656326828,25.999011993408203,26185200
PFE,2023-11-30,26.197807139686976,26.370673570158726,25.895291710649648,26.33609962463379,45356600
PFE,2023-12-01,25.039604551036238,25.41126619596638,24.460504193521526,24.98774528503418,103624000
PFE,2023-12-04,25.082824721622675,25.61870770889873,25.082824721622675,25.30755043029785,47410400
PFE,2023-12-05,25.24704625731534,25.584135647740283,25.126040739436743,25.143327713012695,39853000
PFE,2023-12-06,25.143325467252183,25.41126693944122,24.82352307896742,24.8840274810791,33410500
PFE,2023-12-07,24.90995619764627,24.97910243693963,24.633371240472833,24.7457332611084,35782900
PFE,2023-12-08,24.763019710235664,25.039604661569356,24.711160444004683,24.875383377075195,31890700
PFE,2023-12-11,24.87538452332905,24.90131333335116,24.58151258685134,24.754377365112305,37833900
PFE,2023-12-12,24.73709049842779,24.944529208548772,24.503721331325565,24.702516555786133,48587500
PFE,2023-12-13,22.7145626609447,23.10350965240598,22.265111265473656,23.043006896972656,158100700
PFE,2023-12-14,23.129441379699223,23.613465098286404,22.481194709803763,22.58491325378418,101889800
PFE,2023-12-15,22.58491393993173,23.328237338205767,22.541698153389717,23.017078399658203,138388400
PFE,2023-12-18,23.267733118610906,23.596177362034197,23.094866686129286,23.38873863220215,63329400
PFE,2023-12-19,23.578893607890897,24.408648582476893,23.570250120833556,24.339502334594727,70094700
PFE,2023-12-20,24.365432155082004,24.425934914315917,23.86412145897403,23.881406784057617,56184300
PFE,2023-12-21,24.080201652779103,24.5123660663691,24.01105541254776,24.469148635864258,51056600
PFE,2023-12-22,24.58151379635273,24.88402923391483,24.35678808983736,24.546939849853516,35162300
PFE,2023-12-26,24.572869018850266,24.65930223198123,24.417289564929813,24.55558204650879,30119100
PFE,2023-12-27,24.607437912020615,24.832163575653485,24.469145449565957,24.728445053100586,35000700
PFE,2023-12-28,24.728448029944698,25.091466199732846,24.70251757189683,24.8840274810791,30472900
PFE,2023-12-29,24.875383995063146,24.95317372063035,24.6679452764094,24.8840274810791,30363100
PFE,2024-01-02,24.961815239923816,26.171876889512625,24.91859945897123,25.696495056152344,57948700
PFE,2024-01-03,25.929864229879588,25.964438173502753,25.419910101472514,25.696495056152344,43426500
PFE,2024-01-04,25.748358599558767,25.886651091013317,25.091468440861373,25.143327713012695,45558200
PFE,2024-01-05,25.08282235912461,25.48905630467327,24.84945318572211,25.471769332885742,33612800
PFE,2024-01-08,25.376695097513746,25.653280060662166,25.212472157428213,25.56684684753418,32972100
PFE,2024-01-09,25.584132745903677,25.808858431172332,25.34212008901981,25.411266326904297,39856900
PFE,2024-01-10,25.376696716775054,25.402625528364446,24.961817597002987,25.056894302368164,37413300
PFE,2024-01-11,24.91860153183754,24.996391262884266,24.434577820884083,24.546939849853516,46884700
PFE,2024-01-12,24.59879591230653,25.01367497329686,24.581510589888165,24.806236267089844,30373500
PFE,2024-01-16,24.719805411075292,24.823523949752314,24.391359525253012,24.477792739868164,38826000
PFE,2024-01-17,24.339501717428995,24.659304136135297,24.1407064658806,24.33085823059082,33312600
PFE,2024-01-18,24.235781638385898,24.313569717852356,23.85547648446244,24.27899742126465,50321100
PFE,2024-01-19,24.22713792899303,24.529651703511373,24.140704715455037,24.443220138549805,35549300
PFE,2024-01-22,24.477792121965226,24.737091759265066,24.140704406909478,24.469148635864258,41663900
PFE,2024-01-23,24.581513741121984,24.76302201410552,24.330857575295383,24.5728702545166,33466700
PFE,2024-01-24,24.667946764000224,24.875385495163478,24.48643684387207,24.48643684387207,42720700
PFE,2024-01-25,24.40747828326498,24.495212185702606,24.08286501964626,24.10041046142578,47605500
PFE,2024-01-26,24.240784035971984,24.486438628120343,24.003904674790892,24.10041046142578,47073800
PFE,2024-01-29,24.144276585699004,24.240782365684254,23.960035235936456,24.109182357788086,67082700
PFE,2024-01-30,24.468887435810938,24.890009762664764,23.64419324111347,23.70560646057129,86072400
PFE,2024-01-31,23.837207711346444,24.13550194161398,23.495047371550957,23.75824737548828,81192100
PFE,2024-02-01,23.775795389409282,23.97758217829833,23.451180477095914,23.942489624023438,53883000
PFE,2024-02-02,23.84598184897253,23.863528962565198,23.416087606261303,23.62664794921875,51718500
PFE,2024-02-05,23.63542117783164,23.63542117783164,23.266940164426337,23.310806274414062,42633400
PFE,2024-02-06,23.3897660487686,24.328514836369273,23.31080571398118,24.126728057861328,56958700
PFE,2024-02-07,24.17059541586135,24.258329311646182,23.951261513091698,24.17936897277832,36843000
PFE,2024-02-08,24.17936921948277,24.293423787182228,24.047769211155227,24.188142776489258,29048400
PFE,2024-02-09,24.17936897277832,24.205689643529233,24.021448295042592,24.17936897277832,29062700
PFE,2024-02-12,24.161823857539503,24.582944554913006,24.144276743469383,24.26710319519043,30323700
PFE,2024-02-13,24.16182396972484,24.416250431383315,23.56523547564992,23.661741256713867,37927500
PFE,2024-02-14,23.696836791758656,23.83721036594237,23.609102889547586,23.784570693969727,25270200
PFE,2024-02-15,23.907394411336817,24.398701864636728,23.88107374167645,24.135501861572266,36111600
PFE,2024-02-16,24.170594990357674,24.468889226743958,23.872300753971388,24.232009887695312,35935300
PFE,2024-02-20,24.22323749828179,24.688224315409723,24.144277156998758,24.205690383911133,34232000
PFE,2024-02-21,24.214463772416803,24.28465055602558,24.003903421590472,24.275876998901367,27348300
PFE,2024-02-22,24.205687486258952,24.30219493035978,23.854753607780577,24.17059326171875,31957500
PFE,2024-02-23,24.34606195378871,24.64435618006627,24.293422288382313,24.354835510253906,33182600
PFE,2024-02-26,24.2758758360853,24.2758758360853,23.749474147541694,23.84598159790039,45685500
PFE,2024-02-27,23.7933431091361,23.863529892858065,23.521367858001668,23.591554641723633,38598400
PFE,2024-02-28,23.65296561756519,23.89862017390882,23.530139176085754,23.723154067993164,31010200
PFE,2024-02-29,23.74947381605064,23.8547548216438,23.293258914121626,23.302032470703125,54643200
PFE,2024-03-01,23.538916150893424,23.600329380552047,23.258169001948286,23.32835578918457,46392100
PFE,2024-03-04,23.073923664083374,23.21429721437039,22.468563355989886,22.714216232299805,86777700
PFE,2024-03-05,22.6966712127776,23.1792050916289,22.53875054744161,22.880910873413086,73646100
PFE,2024-03-06,23.600327274716555,23.95126117958447,23.503821496743413,23.854755401611328,84919500
PFE,2024-03-07,23.863529801024097,23.968809139509442,23.477501655346362,23.503822326660156,46423800
PFE,2024-03-08,23.58277877805713,23.951259774904184,23.556459782601113,23.881072998046875,45906600
PFE,2024-03-11,23.960032089495826,24.907554364658097,23.960032089495826,24.8900089263916,52600100
PFE,2024-03-12,24.837367228974728,24.86368789606737,24.35483337930219,24.574167251586914,48758200
PFE,2024-03-13,24.81982248437205,25.170756355154957,24.73208859833015,24.758407592773438,39273000
PFE,2024-03-14,24.784730087106777,24.81105075687445,24.363609411132895,24.6794490814209,36428000
PFE,2024-03-15,24.530301787321957,24.81105057597574,24.442569568839005,24.51275634765625,75727900
PFE,2024-03-18,24.574170329702905,24.59171744329592,24.22323642476693,24.31974220275879,36226500
PFE,2024-03-19,24.27587792123646,24.37238537988457,23.968810103762017,24.24078369140625,29026600
PFE,2024-03-20,24.10918160199604,24.33728905611147,23.87230059117792,24.302196502685547,34468000
PFE,2024-03-21,24.346063535121072,24.60049166898313,24.240782524085247,24.26710319519043,29633700
PFE,2024-03-22,24.100410127950912,24.425025060462975,23.986357227729638,24.003904342651367,28830100
PFE,2024-03-25,23.898622911836544,24.109183267088877,23.77579645628559,24.065317153930664,31110600
PFE,2024-03-26,24.082863930086386,24.24078293926752,23.960035802876707,24.205690383911133,38220300
PFE,2024-03-27,24.310968221173347,24.512756677197405,24.161822778393347,24.37238311767578,34247600
PFE,2024-03-28,24.407476839950824,24.670678531699515,24.31974294270126,24.3460636138916,40466700
PFE,2024-04-01,24.354836429944815,24.451343881321527,24.19691575437741,24.31974220275879,26596600
PFE,2024-04-02,24.18814037398885,24.3460610376503,24.047766822597502,24.17059326171875,32451500
PFE,2024-04-03,24.135501110020087,24.34606144059201,23.863527558871116,23.881072998046875,36828600
PFE,2024-04-04,23.960032284171515,24.038992613858646,23.372217426158798,23.380990982055664,41922700
PFE,2024-04-05,23.30203279944732,23.424860919936336,23.117793128791057,23.389766693115234,39880500
PFE,2024-04-08,23.33713100922759,23.53014426953079,23.266944216991416,23.319583892822266,24431400
PFE,2024-04-09,23.48627496593671,24.05654278467067,23.38099395517149,23.49504852294922,45127800
PFE,2024-04-10,23.266940414337682,23.32835363833407,22.95109906420215,23.091472625732422,44541600
PFE,2024-04-11,23.11779379011055,23.205527686288224,22.92477888384269,23.109020233154297,32814500
PFE,2024-04-12,23.03005897660496,23.091472199467667,22.661577966043886,22.687898635864258,43034100
PFE,2024-04-15,22.731765747070312,22.959873208742756,22.591392181946485,22.731765747070312,35660200
PFE,2024-04-16,22.652802574705294,22.801949678171123,22.52997613892803,22.53874969482422,28885300
PFE,2024-04-17,22.538753280142483,22.538753280142483,22.161498683518612,22.30187225341797,43828900
PFE,2024-04-18,22.240456383323583,22.336962155297737,22.135175381715253,22.275548934936523,35788400
PFE,2024-04-19,22.275552763613703,22.810728073120117,22.24046020596912,22.810728073120117,38372800
PFE,2024-04-22,22.810726155799877,23.249393966488334,22.749312930045075,23.038833618164062,35678700
PFE,2024-04-23,23.10024618250117,23.22307263049394,22.977419734508395,23.091472625732422,24297800
PFE,2024-04-24,23.030062213543758,23.10902256071814,22.845822519060235,23.047609329223633,24547800
PFE,2024-04-25,23.04760625927175,23.187979819242816,22.15272355941757,22.161497116088867,47661400
PFE,2024-04-26,22.222909517604272,22.40715085411861,22.108856631864743,22.28432273864746,46526500
PFE,2024-04-29,22.442244822947206,22.67912583911268,22.407152268729106,22.494884490966797,39995300
PFE,2024-04-30,22.503655878324906,22.661576540543667,22.451016215380225,22.477336883544922,38017700
PFE,2024-05-01,23.10024601191235,24.08286260875274,22.828272447629008,23.84598159790039,97388900
PFE,2024-05-02,23.87230059117792,24.512756843395596,23.793341927623384,24.302196502685547,69649000
PFE,2024-05-03,24.44256849481002,24.48643460212398,24.144274279597848,24.398700714111328,60568900
PFE,2024-05-06,24.547851711135205,24.854919531139643,24.530304596075528,24.705772399902344,59899700
PFE,2024-05-07,24.819824214476128,24.99529032540637,24.038994414997443,24.363609313964844,65606400
PFE,2024-05-08,24.30219748020233,24.863691744681,24.14427679997148,24.802278518676758,39087800
PFE,2024-05-09,24.72212857746583,25.158505999822935,24.33027880486357,25.096166610717773,47831100
PFE,2024-05-10,25.149596878473698,25.185220352568464,24.86461588019853,24.944766998291016,25849800
PFE,2024-05-13,25.105069485887004,25.514729250354847,25.087257748661248,25.32771110534668,39609800
PFE,2024-05-14,25.425673107605938,25.541447704799165,25.1050703199942,25.274276733398438,23530900
PFE,2024-05-15,25.372241259754457,25.817524542723724,25.36333539026056,25.666128158569336,38376300
PFE,2024-05-16,25.710656526431986,25.85314703566342,25.532542540582263,25.755184173583984,40077800
PFE,2024-05-17,25.737370621211966,25.74627648973882,25.39005024176835,25.505823135375977,26106400
PFE,2024-05-20,25.523636518015213,25.568164164899574,25.345522533236064,25.40786361694336,22423300
PFE,2024-05-21,25.354426823596757,25.53254079728531,25.220842192640717,25.43457794189453,28119900
PFE,2024-05-22,25.354428155308636,26.387485180272574,25.309900508858107,26.360769271850586,46987500
PFE,2024-05-23,26.209373026664164,26.209373026664164,25.532542265788805,25.55035400390625,42031300
PFE,2024-05-24,25.532540573842653,25.81752157035379,25.42567185084061,25.719558715820312,22589100
PFE,2024-05-28,25.648312853628724,25.719558101053554,25.051633269463007,25.20302963256836,32371200
PFE,2024-05-29,25.078353132505143,25.087259001562792,24.65978747852052,24.77556037902832,24241700
PFE,2024-05-30,24.855712316972777,25.113977432250977,24.74884528201834,25.113977432250977,23298600
PFE,2024-05-31,25.2386548548073,25.603786985493368,25.149597864698816,25.523635864257812,78290100
PFE,2024-06-03,25.523636820757552,26.29843045552977,25.5058250823442,26.10250473022461,38177200
PFE,2024-06-04,26.093599722795872,26.476543618225904,25.977826816527244,26.262807846069336,46309500
PFE,2024-06-05,26.325148087807243,26.378583306545245,25.977827659115135,26.316242218017578,27346700
PFE,2024-06-06,26.14703391037216,26.307336157833593,25.63941125915818,25.6483154296875,35360400
PFE,2024-06-07,25.60378704472479,25.870956317047508,25.425673064095772,25.452390670776367,27526200
PFE,2024-06-10,25.247562527987856,25.247562527987856,24.60635351227964,24.99820327758789,36977900
PFE,2024-06-11,24.891334474773284,25.229748999016035,24.837899261508007,24.96257972717285,29573500
PFE,2024-06-12,25.087257181989795,25.14069069383935,24.544011099220395,24.633068084716797,32507900
PFE,2024-06-13,24.490579939534634,24.686503967547395,24.223410656006244,24.624164581298828,33945200
PFE,2024-06-14,24.713219851750587,25.13178548638487,24.428238849563776,24.517295837402344,29461900
PFE,2024-06-17,24.446050315051384,24.472766222071378,23.929521829675636,24.027482986450195,32194600
PFE,2024-06-18,24.02748511255563,24.454956648908404,24.00076920317164,24.410429000854492,29817800
PFE,2024-06-20,24.2234120158239,24.90024113190676,24.178882666988862,24.704317092895508,29693400
PFE,2024-06-21,24.73103470219653,24.837901742158678,24.544014834331314,24.704317092895508,52487000
PFE,2024-06-24,24.891335670793996,25.300995467120334,24.69540994331541,25.256467819213867,35414100
PFE,2024-06-25,25.29208830653599,25.336617650789915,24.873522662273906,24.926956176757812,24721600
PFE,2024-06-26,24.855711809114137,24.873523547449576,24.107635785234386,24.419334411621094,30745800
PFE,2024-06-27,24.374805487717218,24.784465256250243,24.107634522541936,24.757747650146484,28399600
PFE,2024-06-28,24.739940375278618,25.042733150465757,24.615259898152704,24.918052673339844,33189200
PFE,2024-07-01,24.891334679249752,25.496918480310413,24.882428810299047,25.131786346435547,26209000
PFE,2024-07-02,25.131786183516844,25.185221396874685,24.65978702253491,24.784465789794922,21989800
PFE,2024-07-03,24.86461756743426,24.980390468856758,24.597448288077196,24.66869354248047,15180100
PFE,2024-07-05,24.722125250022245,25.016012115263365,24.6419741323546,24.980388641357422,17268700
PFE,2024-07-08,24.98039074563676,25.042731830223605,24.748844940226263,24.873523712158203,25694400
PFE,2024-07-09,24.828996795691182,24.88243201628029,24.31246822034374,24.686506271362305,36867800
PFE,2024-07-10,24.784467387877502,25.300995926629646,24.757749779475855,25.247562408447266,29873600
PFE,2024-07-11,25.630504592112157,26.031258499669136,25.30990010716993,25.523635864257812,47322600
PFE,2024-07-12,25.737372435274843,25.951108199121993,25.639411271816268,25.755184173583984,28397000
PFE,2024-07-15,25.85314599911834,26.06688175439606,25.675032020409848,25.915485382080078,30534400
PFE,2024-07-16,26.004542083008623,26.32514486305889,25.93329683203959,26.271711349487305,26912100
PFE,2024-07-17,26.20046912326233,26.984166974396615,26.102506254887683,26.743715286254883,45395000
PFE,2024-07-18,26.63684276226344,27.331485214641507,26.38748354121525,26.458728790283203,47279700
PFE,2024-07-19,26.663561192020854,26.716994705818674,26.316239105783083,26.690277099609375,30021200
PFE,2024-07-22,26.81495839985348,26.921825430783084,26.16484355077826,26.360769271850586,46483200
PFE,2024-07-23,26.37858007525124,26.39639011402792,26.120314978850516,26.271711349487305,25528300
PFE,2024-07-24,26.28061875611488,26.708090286944504,26.10250476895877,26.69918441772461,29579400
PFE,2024-07-25,26.690278499072907,27.545223257769617,26.690278499072907,26.87729835510254,42296200
PFE,2024-07-26,27.22952234970636,27.88881054546417,27.103083989586633,27.789466857910156,35657100
PFE,2024-07-29,27.717213616805942,27.933965809973376,27.49142986693237,27.744306564331055,41713700
PFE,2024-07-30,28.00621476854963,28.484876908121244,26.895359202898753,28.34940528869629,89857500
PFE,2024-07-31,28.177812192035482,28.231999808753592,27.51852234449316,27.581743240356445,40978700
PFE,2024-08-01,27.744306668483482,27.82558895655057,27.01276779847303,27.681087493896484,39753100
PFE,2024-08-02,27.888806777483765,28.28618664179131,27.10308032776358,27.482397079467773,42364700
PFE,2024-08-05,26.272194603353803,27.103078787359028,26.055442432212413,26.85923194885254,37838000
PFE,2024-08-06,26.850200798849936,27.13920369807281,26.41669645001563,26.479915618896484,29031800
PFE,2024-08-07,26.759888904751794,26.922453478013857,25.956099317615237,26.055444717407227,32866100
PFE,2024-08-08,26.12769799441672,26.19994873151036,25.77547586640941,25.974164962768555,32094400
PFE,2024-08-09,25.87481778260255,25.96513162843752,25.69419181352594,25.784503936767578,25795600
PFE,2024-08-12,25.81159776896078,25.83869243860926,25.576782466453757,25.694190979003906,21141600
PFE,2024-08-13,25.784503187772692,26.145758560618738,25.567750997621037,26.055444717407227,34620700
PFE,2024-08-14,26.010285970016273,26.353478216975432,25.892879184010173,26.082536697387695,23677700
PFE,2024-08-15,26.127695468936775,26.199946199046725,25.75741026179913,25.929004669189453,28676800
PFE,2024-08-16,25.874817227352327,25.874817227352327,25.15230992136358,25.558719635009766,50332900
PFE,2024-08-19,25.60387663004186,26.091568615922387,25.5406574580382,26.010286331176758,26382500
PFE,2024-08-20,26.01028545088041,26.36250924705516,26.01028545088041,26.10059928894043,21301300
PFE,2024-08-21,26.172852164694632,26.344448298844164,26.127696103252116,26.21800994873047,16729700
PFE,2024-08-22,26.208977837983536,26.308321515576054,25.775473455961773,25.992225646972656,20241500
PFE,2024-08-23,26.02834856301105,26.13672551320171,25.865783999021655,26.10059928894043,21885300
PFE,2024-08-26,26.118663787841797,26.236070577738307,25.983193884855588,26.118663787841797,16506000
PFE,2024-08-27,26.172854212460596,26.22704355754338,25.79353740984841,26.028352737426758,16184600
PFE,2024-08-28,25.99222643030896,26.26316624658964,25.865786356463744,25.965131759643555,19874100
PFE,2024-08-29,26.073507589828907,26.09156898022982,25.766441559300908,25.93803596496582,19229800
PFE,2024-08-30,25.938037372331014,26.2360718625329,25.89288130998872,26.199947357177734,37137600
PFE,2024-09-03,25.874817227352327,26.118664089096015,25.414218173812014,25.558719635009766,44499600
PFE,2024-09-04,25.549691078526166,25.775474838261776,25.46840878721388,25.640003204345703,23510500
PFE,2024-09-05,25.676128023416208,26.010287004831024,25.603877293170303,25.74837875366211,25927200
PFE,2024-09-06,25.793533325195312,25.98319255776378,25.54065664522827,25.793533325195312,31214500
PFE,2024-09-09,25.775472733175196,26.72376375758033,25.694190448501242,26.561199188232422,36558400
PFE,2024-09-10,26.570229053997355,26.877295060429272,26.36250843864433,26.85923194885254,32378800
PFE,2024-09-11,26.805048511729012,26.82311162611916,26.31735475875542,26.786985397338867,31943100
PFE,2024-09-12,26.714733567503547,26.832140361040945,25.97416313379279,26.335416793823242,32511800
PFE,2024-09-13,26.335415649200282,26.47991710693196,26.18188263503622,26.43476104736328,19987700
PFE,2024-09-16,26.705701034981615,27.220487697041364,26.588294245733692,27.157268524169922,29224600
PFE,2024-09-17,27.139206508681315,27.220488797829706,26.732796785532713,26.94051742553711,27055300
PFE,2024-09-18,27.094050816127233,27.220489168705953,26.85020394535968,26.868267059326172,25812800
PFE,2024-09-19,26.994706045045366,27.410149063051765,26.66054704179463,26.786985397338867,22653200
PFE,2024-09-20,26.6786074367089,26.687637270390123,26.398634359980782,26.57023048400879,56877400
PFE,2024-09-23,26.579259357532685,26.61538385639105,26.353475641240482,26.470882415771484,23126200
PFE,2024-09-24,26.416697114200915,26.723763132993955,26.32638327527475,26.642480850219727,21446200
PFE,2024-09-25,26.732795585337733,26.832139261153035,26.109631970708744,26.127695083618164,30712700
PFE,2024-09-26,25.721286199590487,26.199948403463477,25.567753169864694,26.163822174072266,32310400
PFE,2024-09-27,26.208978547955457,26.398636074255105,26.11866470193943,26.272197723388672,25013000
PFE,2024-09-30,26.290261310959647,26.362512044556027,25.9922268195504,26.136728286743164,27464700
PFE,2024-10-01,26.236070014453684,26.263164683506517,25.766441142357237,25.892879486083984,30725100
PFE,2024-10-02,25.829662061812407,25.983195084979776,25.630971253835018,25.838693618774414,24957200
PFE,2024-10-03,25.739344355304727,25.757407466520267,25.52259218849754,25.5948429107666,25678900
PFE,2024-10-04,25.549691461969907,25.820631288681486,25.50453367578904,25.811599731445312,28769000
PFE,2024-10-07,26.525076910139667,26.9495497592445,26.290261592785914,26.371543884277344,51426600
PFE,2024-10-08,26.380574242030185,26.633452678640538,26.190916706517484,26.35348129272461,29126600
PFE,2024-10-09,26.389603933242636,27.48239817291946,26.281228698497035,27.26564598083496,44244800
PFE,2024-10-10,26.994701718411047,27.166297832427713,26.44379059855721,26.49797821044922,34347700
PFE,2024-10-11,26.516044485135133,26.588295217141223,26.14575926827975,26.335416793823242,29617600
PFE,2024-10-14,26.335415248028905,26.344446804323713,26.055443893262783,26.263164520263672,23594200
PFE,2024-10-15,26.272197387195693,26.859234794897805,26.254134273704963,26.588294982910156,29009900
PFE,2024-10-16,26.642479874643417,26.93148277055007,26.57926070648798,26.79601287841797,28414800
PFE,2024-10-17,26.62441856466364,26.669576346825572,26.389603265201348,26.43476104736328,23779200
PFE,2024-10-18,26.461855300915467,26.525076199064408,26.26316621737024,26.389604568481445,24244900
PFE,2024-10-21,26.38960333043175,26.38960333043175,26.08253730134461,26.127695083618164,23395700
PFE,2024-10-22,26.100601039063037,26.181883326507954,25.82966122930885,26.04641342163086,29036400
PFE,2024-10-23,26.0735075696737,26.290259757656514,25.89287988505806,26.064476013183594,22217600
PFE,2024-10-24,26.064478321294214,26.172853563586035,25.739349149231916,25.865787506103516,31473600
PFE,2024-10-25,25.901911611862445,25.94706767201664,25.68515942245441,25.694190979003906,26091100
PFE,2024-10-28,25.829660712220566,26.136726742511197,25.793534486260132,26.064476013183594,37922500
PFE,2024-10-29,26.199947577693074,26.344449045516665,25.31487565662523,25.703222274780273,102267000
PFE,2024-10-30,25.567748914538456,25.829658866253908,25.45937368958893,25.757408142089844,47104000
PFE,2024-10-31,25.69419126215179,25.865785670703307,25.549689800954038,25.558719635009766,37909600
PFE,2024-11-01,25.721282590532887,25.77547192701618,25.332934292035226,25.369060516357422,46894600
PFE,2024-11-04,25.37809379292045,25.414218297098483,25.043933085658804,25.071027755737305,41347800
PFE,2024-11-05,25.052963816495634,25.287779114988865,24.9084623593603,25.27874755859375,44175800
PFE,2024-11-06,25.2245626360146,25.27875025757759,24.456897486399612,24.709775924682617,65749500
PFE,2024-11-07,24.86330787386544,24.917495493073044,24.691711736682453,24.800086975097656,48484800
PFE,2024-11-08,24.864288448805855,24.90097405760816,24.497421864685677,24.506593704223633,55951300
PFE,2024-11-11,24.506592532258455,24.60748101300172,24.04801107338824,24.066354751586914,54329300
PFE,2024-11-12,24.05718197402502,24.249787088898756,23.800377486659198,24.020496368408203,53035200
PFE,2024-11-13,24.05718406296089,24.534109222837504,23.827893322560538,24.506593704223633,47983100
PFE,2024-11-14,24.52493880256993,24.6258272939764,23.699492439229584,23.864582061767578,45262200
PFE,2024-11-15,23.57108980814815,23.57108980814815,22.45214982816526,22.745641708374023,131074400
PFE,2024-11-18,22.901557354858795,23.158363600791787,22.653924697345996,22.800670623779297,64221700
PFE,2024-11-19,22.653927151617783,23.029963847510704,22.571382340387668,23.02079200744629,52381200
PFE,2024-11-20,22.99327674917996,23.020792269686645,22.60806820883454,22.874046325683594,46170800
PFE,2024-11-21,22.809844669958807,23.130850321749158,22.72729985968426,23.04830551147461,45048400
PFE,2024-11-22,23.094162558607213,23.616945142049882,23.02078959513016,23.52522850036621,41897000
PFE,2024-11-25,23.616946781620683,24.258961568627864,23.60777494188063,24.002155303955078,57707600
PFE,2024-11-26,23.992985080431836,24.066358053945248,23.48854610619583,23.635292053222656,33001000
PFE,2024-11-27,23.626116032135762,23.80037746940004,23.57108674907576,23.690317153930664,28242100
PFE,2024-11-29,23.69031819964668,24.05718301848946,23.635288914157623,24.03883934020996,22023000
PFE,2024-12-02,23.910439280494916,24.048013381490307,23.59860371858558,23.681148529052734,43866400
PFE,2024-12-03,23.69031858635112,23.7545197120279,23.4059985657756,23.442684173583984,49064300
PFE,2024-12-04,23.34179925922667,23.38765670989839,23.09416482716031,23.14002227783203,42541500
PFE,2024-12-05,23.14002107975958,23.65363359730859,23.057476273344545,23.571088790893555,43647900
PFE,2024-12-06,23.607776042438136,23.937955291074218,23.47020193862298,23.598604202270508,31830700
PFE,2024-12-09,23.626118398157082,24.249789499792136,23.461028783094918,23.93795394897461,37464800
PFE,2024-12-10,23.937953611846368,23.9471254513706,23.396827325363304,23.45185661315918,43280500
PFE,2024-12-11,23.277596379196805,23.396828549902658,23.084992987156046,23.14002227783203,39569400
PFE,2024-12-12,23.094163536152678,23.369311723500918,22.98410321160367,23.26842498779297,38705100
PFE,2024-12-13,23.240908257118214,23.534400108141583,23.16753529436237,23.461027145385742,29043600
PFE,2024-12-16,23.47020080284415,23.616946739725545,23.130849730462444,23.15836524963379,40194000
PFE,2024-12-17,23.754520744698496,24.26813152179021,23.717835135295292,24.240617752075195,71440300
PFE,2024-12-18,24.02049983797467,24.323163562765547,23.717836113183793,23.745349884033203,47575100
PFE,2024-12-19,23.571090920067128,23.928783947276308,23.46103058512217,23.635292053222656,50324700
PFE,2024-12-20,23.571088978142086,24.29564681322499,23.571088978142086,24.176416397094727,116340100
PFE,2024-12-23,24.176417517785644,24.534110532106727,24.020499736018834,24.49742317199707,35350400
PFE,2024-12-24,24.387364482271828,24.552454103334306,24.19475934124907,24.524938583374023,19716400
PFE,2024-12-26,24.433222903268195,24.506595876726823,24.286476956350945,24.35984992980957,31406000
PFE,2024-12-27,24.240615498688918,24.625823983036447,24.231443659853333,24.41487693786621,35218300
PFE,2024-12-30,24.286474599917245,24.378191245178993,24.066355700898754,24.2314453125,32859100
PFE,2024-12-31,24.213102351253454,24.44239309652924,24.176416741671098,24.332334518432617,27085500
PFE,2025-01-02,24.5341105748968,24.6349990660247,24.35984911277123,24.40570831298828,32899200
PFE,2025-01-03,24.488253835244542,24.61665610088226,24.323164208367665,24.387365341186523,33417000
PFE,2025-01-06,24.49742221024858,24.992691056187414,24.35984811393764,24.662511825561523,43951000
PFE,2025-01-07,24.77257272203938,25.28618350977743,24.708371592240823,24.882631301879883,35030000
PFE,2025-01-08,24.809258029042873,24.891802837589374,24.057184661707684,24.634998321533203,35430700
PFE,2025-01-10,24.64416954794346,24.809257411578116,24.479079934959284,24.506593704223633,32836900
PFE,2025-01-13,24.442391503103703,24.58913743056572,24.17641516558484,24.579965591430664,28359600
PFE,2025-01-14,24.589139631769992,24.644170671506675,24.093872519587045,24.222274780273438,25856900
PFE,2025-01-15,24.323161712799322,24.442392125894152,24.038839940416402,24.048011779785156,35949700
PFE,2025-01-16,23.91043815324416,24.369019634508835,23.809549667574085,24.29564666748047,29981100
PFE,2025-01-17,24.213100307229872,24.359846231870403,24.048010704671924,24.121383666992188,35380300
PFE,2025-01-21,24.258960212397877,24.43321990966797,24.203929177034148,24.43321990966797,39745600
PFE,2025-01-22,24.313989173992574,24.396533976587317,23.818720358424113,23.85540771484375,41890400
PFE,2025-01-23,23.85540794572097,24.286473891727006,23.708662017321068,24.249788284301758,40987000
PFE,2025-01-24,24.25911454705701,24.426933453472962,24.203173726071622,24.324377059936523,31300200
PFE,2025-01-27,24.464224176014614,25.144821455185117,24.408285136454438,25.042266845703125,50648600
PFE,2025-01-28,24.96768102615897,25.04226700547173,24.697305739731455,24.93971061706543,40589600
PFE,2025-01-29,24.986323341482496,25.238051659843872,24.771888897664944,24.818506240844727,34418200
PFE,2025-01-30,24.855799150226176,25.182113450080102,24.78121317696841,25.08888053894043,32289600
PFE,2025-01-31,25.135498957349693,25.182116307343858,24.63204402530323,24.725276947021484,37307000
PFE,2025-02-03,24.520164433046947,24.678659868228713,24.380315938067763,24.42693328857422,49626200
PFE,2025-02-04,24.333699068750363,25.098205793604134,23.867536258154647,24.119264602661133,68748300
PFE,2025-02-05,24.19384886284261,24.883769560129828,23.9607674740995,24.65068817138672,50426800
PFE,2025-02-06,24.632040511057102,24.67865607613056,24.035352742421654,24.081968307495117,45182000
PFE,2025-02-07,24.109940078528766,24.203171213954136,23.802272708123244,23.99806022644043,36512800
PFE,2025-02-10,24.035355154492304,24.35234600795899,23.783626809985815,24.119264602661133,39632700
PFE,2025-02-11,24.08197169024846,24.156557671804855,23.737010414131333,23.802274703979492,36593300
PFE,2025-02-12,23.75565372978633,23.886180511298647,23.466633317633704,23.74633026123047,31671600
PFE,2025-02-13,23.76498053384194,23.99806194564298,23.615808572550876,23.904829025268555,30612500
PFE,2025-02-14,23.98873876873545,24.08197169024846,23.746333884109642,23.802274703979492,33214600
PFE,2025-02-18,23.876859504568234,23.998061051751378,23.69971714028211,23.830242156982422,40499700
PFE,2025-02-19,23.839566915297382,24.16588125295911,23.774304403419052,24.137910842895508,37292400
PFE,2025-02-20,24.109939957335357,24.315050943818033,24.00738357495906,24.147232055664062,37139000
PFE,2025-02-21,24.13790735083109,24.77188899439314,24.100615254411462,24.520160675048828,54611500
PFE,2025-02-24,24.6133961026894,24.93038695691451,24.128586351725108,24.846477508544922,43823300
PFE,2025-02-25,24.911738651369063,25.200760859132803,24.743921542103873,24.93038558959961,43560100
PFE,2025-02-26,24.87444679570316,24.967679709495002,24.566779424979032,24.632041931152344,30103300
PFE,2025-02-27,24.51084063285207,24.706628153327735,24.24978882728124,24.333698272705078,28268300
PFE,2025-02-28,24.296405689254826,24.697305999122747,24.15655719885835,24.641366958618164,51531700
PFE,2025-03-03,24.58542875223516,25.07956022028534,24.21249706083188,24.473548889160156,54048600
PFE,2025-03-04,24.47354612998592,24.529485166081745,23.932797372339884,24.007383346557617,51315000
PFE,2025-03-05,23.960766624267976,24.40828244799765,23.923472749822263,24.184524536132812,37062400
PFE,2025-03-06,24.175203419698466,24.669334856293023,24.147233011142742,24.464223861694336,46998300
PFE,2025-03-07,24.613395097449427,25.070234420875998,24.40828410885074,24.921062469482422,54337700
PFE,2025-03-10,24.8371524810791,25.39654817569987,24.74392134720055,24.8371524810791,53013500
PFE,2025-03-11,24.77189081900533,24.81850816580081,24.119263968298124,24.231142044067383,44841400
PFE,2025-03-12,24.1845271104376,24.212495740979175,23.774303339217848,23.970090866088867,37331000
PFE,2025-03-13,24.016706584450816,24.305727009478886,23.802272132922564,23.867534637451172,36717900
PFE,2025-03-14,23.886182848066266,24.016707864077947,23.774302992720557,23.979413986206055,30298300
PFE,2025-03-17,23.998064100794547,24.380317508215008,23.858215596808805,24.287084579467773,32676900
PFE,2025-03-18,24.436252788136105,24.613395147628342,24.333698182762653,24.52948570251465,32958700
PFE,2025-03-19,24.54813244601351,24.70662786571683,24.315051051053917,24.43625259399414,42522700
PFE,2025-03-20,24.473545388160005,24.520160953781897,24.259110941067554,24.417606353759766,35378900
PFE,2025-03-21,24.361667982093564,24.725276187802734,24.249789902083066,24.50151824951172,349996500
PFE,2025-03-24,24.333698653662704,24.445576730466044,24.137909351851906,24.370990753173828,37944400
PFE,2025-03-25,24.38963823786411,24.426932116479776,23.783626936519575,23.820919036865234,47607600
PFE,2025-03-26,23.7929513744065,23.91415292829959,23.429343156187056,23.503929138183594,49487400
PFE,2025-03-27,23.494609122570576,23.522577756395812,23.149647819807594,23.317466735839844,51302000
PFE,2025-03-28,23.336112012393947,23.51325260821692,23.130999228200906,23.503929138183594,32352500
PFE,2025-03-31,23.1216749132734,23.709041056019377,22.944534323923353,23.625131607055664,53498100
PFE,2025-04-01,23.57851670321647,23.634455744683166,22.860625521025245,22.8792724609375,54444200
PFE,2025-04-02,22.84197844865997,23.065736391499332,22.664836077060865,23.028444290161133,41965000
PFE,2025-04-03,23.065736114239982,23.186939443239844,22.636867173520557,22.646190643310547,53501800
PFE,2025-04-04,22.319876740297538,22.469048703248177,21.39687455268919,21.41551971435547,80002600
PFE,2025-04-07,20.64168670381333,21.59265917297916,20.27808031547868,21.098526000976562,86106100
PFE,2025-04-08,21.350254551358418,21.43416399238119,19.989060113913183,20.361989974975586,72406000
PFE,2025-04-09,19.681395577051106,21.01462157741737,19.50425320080668,20.96800422668457,95954400
PFE,2025-04-10,20.753568294606755,20.762891764100328,19.662747259638543,20.128910064697266,72960700
PFE,2025-04-11,20.128909816114554,20.511163169280458,19.83988937846301,20.42725372314453,55078100
PFE,2025-04-14,20.58574727882309,20.725595750274795,20.38995977444466,20.6230411529541,61900900
PFE,2025-04-15,20.669658382891004,21.378226044047842,20.632364505754882,20.92138671875,51814700
PFE,2025-04-16,20.96800162697396,21.145143981255455,20.464546749371152,20.5484561920166,37641200
PFE,2025-04-17,20.651014678629988,21.023944617048794,20.60439910317897,20.641691207885742,54073700
PFE,2025-04-21,20.632363856392168,20.669657732354537,20.389960775716297,20.5484561920166,32021000
PFE,2025-04-22,20.678982386854777,21.023941867933534,20.651011978279477,21.00529670715332,36052600
PFE,2025-04-23,21.2383773969995,21.499427421852765,20.734920729176906,20.87476921081543,50781000
PFE,2025-04-24,20.884093788995195,21.31296450416608,20.725598360516607,21.238378524780273,35009600
PFE,2025-04-25,21.22905372611094,21.54604456322413,20.958678456344433,21.3689022064209,35847700
PFE,2025-04-28,21.471459514512123,21.71386438736293,21.350256188951732,21.49010467529297,55888900
PFE,2025-04-29,21.284993502090703,22.48769438673588,20.940032245622483,22.18002700805664,98540200
PFE,2025-04-30,22.56228055943897,22.786038493300765,22.357167786363174,22.758068084716797,53941700
PFE,2025-05-01,22.655512084107855,22.683482493168288,22.189349269387364,22.3105525970459,46891700
PFE,2025-05-02,22.636864719522844,22.655509878811525,22.347842522175263,22.562278747558594,41685800
PFE,2025-05-05,22.562279333622175,22.608894900459497,22.235965030951256,22.25461196899414,40811800
PFE,2025-05-06,22.217317803119073,22.2732568382482,21.303639190173882,21.331607818603516,60872600
PFE,2025-05-07,21.434165701159056,21.527398618424847,21.182437358022415,21.24770164489746,48270500
PFE,2025-05-08,21.275671221373006,21.527399575703484,20.986650765439904,21.41551971435547,55669800
PFE,2025-05-09,21.387016640607754,21.472526846804232,21.149488692771854,21.16849136352539,39059800
PFE,2025-05-12,21.12098317211825,21.995086029962806,21.073478310835274,21.938079833984375,77480900
PFE,2025-05-13,21.7575595057464,21.833568376029575,21.36801381902082,21.72905731201172,41193200
PFE,2025-05-14,21.719555117858686,21.757558645400316,20.873954430676715,20.92146110534668,59394000
PFE,2025-05-15,21.092482201442397,21.47252655029297,20.987969325935588,21.47252655029297,51800100
PFE,2025-05-16,21.520031075813115,21.710054153346512,21.330009810474092,21.691051483154297,37786800
PFE,2025-05-19,21.60554220097512,21.881075493930794,21.510530658156114,21.852571487426758,31513700
PFE,2025-05-20,22.014088723163525,22.51764858940147,22.004587388457796,22.346628189086914,57047500
PFE,2025-05-21,22.29912387876152,22.30862521447418,21.89057731628418,21.89057731628418,42984700
PFE,2025-05-22,21.89057731628418,22.004589720447093,21.67205021928203,21.89057731628418,38602800
PFE,2025-05-23,21.805066326384544,22.223114209607303,21.738556978777154,22.156606674194336,35405400
PFE,2025-05-27,22.37513233712357,22.479645215829198,22.204113734052253,22.432140350341797,36155400
PFE,2025-05-28,22.43214036255335,22.460642556983526,21.95708445864291,22.023591995239258,36737200
PFE,2025-05-29,22.16610854194427,22.280122756958008,22.00458946112158,22.280122756958008,26091400
PFE,2025-05-30,22.308623436162897,22.441640313342297,22.004587966371716,22.318124771118164,56618600
PFE,2025-06-02,22.365632034792956,22.38463289300945,22.061594744801972,22.289621353149414,30443900
PFE,2025-06-03,22.21361228533049,22.36563183506563,21.909576810248968,22.185110092163086,37887100
PFE,2025-06-04,22.2421166842493,22.365632230808167,22.18511048471143,22.223114013671875,24500100
PFE,2025-06-05,22.27062063906603,22.27062063906603,21.92857981823402,21.966585159301758,33173600
PFE,2025-06-06,22.109101223392706,22.403635363353633,22.090098553151517,22.185110092163086,30426200
PFE,2025-06-09,22.27062135856303,22.93569853898543,22.251618687415245,22.774179458618164,42542600
PFE,2025-06-10,22.774178339176718,23.201729358013793,22.764677004069853,23.08771514892578,40439200
PFE,2025-06-11,23.116219253909602,23.45826007045394,23.106717918761774,23.25873565673828,38558700
PFE,2025-06-12,23.306242529073597,23.638780201080788,23.306242529073597,23.60077667236328,42465400
PFE,2025-06-13,23.553272349598284,23.70529009235001,23.239733716454115,23.315744400024414,46368400
PFE,2025-06-16,23.277741272375096,23.363251487330817,23.068717309258115,23.182729721069336,35102100
PFE,2025-06-17,23.059213493875177,23.106718358323633,22.71717267082416,22.802682876586914,40408800
PFE,2025-06-18,22.764678076954713,22.87869229141614,22.5841581379996,22.688669204711914,37076200
PFE,2025-06-20,22.802683465339847,22.888193673310425,22.584158183723677,22.774179458618164,63098100
PFE,2025-06-23,22.67916855760252,22.8881924928645,22.584157018958212,22.831186294555664,31959100
PFE,2025-06-24,22.935698479863536,23.18272776756461,22.90719628540979,23.097217559814453,34404200
PFE,2025-06-25,23.002206456110713,23.154226015611936,22.869191380265946,23.049713134765625,25603300
PFE,2025-06-26,23.10671909318841,23.211231972932147,22.95470134748542,23.030710220336914,31835300
PFE,2025-06-27,23.13522354390739,23.201731082404024,22.878692913539375,22.983205795288086,39528800
PFE,2025-06-30,23.002206213444676,23.163725294778413,22.91669781715691,23.030710220336914,44730900
PFE,2025-07-01,23.068713067187673,24.085332311167132,23.049710397981972,23.79079818725586,59259900
PFE,2025-07-02,23.876307710855816,24.09483479273519,23.781297984693197,24.05682945251465,36772100
PFE,2025-07-03,24.085334094727237,24.246853170547915,23.961818547937913,24.11383628845215,27104600
PFE,2025-07-07,24.09483390642175,24.256352972028935,23.885808167286392,23.980819702148438,34905900
PFE,2025-07-08,23.980823913459076,24.66490382264842,23.952319904336537,24.341867446899414,51275800
PFE,2025-07-09,24.408372343545725,24.550888749320922,24.07583285527399,24.28485679626465,38362200
PFE,2025-07-10,24.303858153359908,24.75041001723846,24.265854626231295,24.493881225585938,39499200
PFE,2025-07-11,24.370365142822266,24.43687267296351,24.151839883159806,24.370365142822266,34864400
PFE,2025-07-14,24.303858134840794,24.351362996763942,24.075831535659905,24.0853328704834,25918000
PFE,2025-07-15,24.075830947577906,24.170842481297747,23.3062409676163,23.38224983215332,54458000
PFE,2025-07-16,23.448757362098927,23.714787481881356,23.3062409676163,23.38224983215332,44218200
PFE,2025-07-17,23.26823811327604,23.543771409259005,23.23023458304756,23.353748321533203,47393900
PFE,2025-07-18,23.477261768319345,23.543771116733144,23.173226281491207,23.249235153198242,36309400
PFE,2025-07-21,23.363249965110068,23.42025616730147,23.049713134765625,23.049713134765625,33663400
PFE,2025-07-22,23.154224270500276,23.88580894470215,23.125720265455648,23.88580894470215,48091600
PFE,2025-07-23,24.11383613967331,24.256354356196198,23.99032240584046,24.09483528137207,42073300
PFE,2025-07-24,24.123336397583053,24.26585460774114,23.999822669266273,24.0853328704834,25672400
PFE,2025-07-25,24.13365774399768,24.13365774399768,23.795382068481644,23.959688186645508,35643400
PFE,2025-07-28,23.853371862089528,23.90169643176856,23.42810864375021,23.495763778686523,31096600
PFE,2025-07-29,23.49576452610016,23.515095091972356,23.12849299184957,23.486099243164062,38499800
PFE,2025-07-30,23.50542864421141,23.58274906040431,23.002845017225486,23.012510299682617,35649500
PFE,2025-07-31,22.8095460544817,23.041507314816386,22.36495225624204,22.509929656982422,62768300
PFE,2025-08-01,22.519593214151087,22.732225753167256,22.335958367591605,22.703229904174805,51332700
PFE,2025-08-04,22.654904254240826,22.88686550474599,22.616243124091223,22.74188995361328,57010700
PFE,2025-08-05,23.457103739347076,24.05633649539151,23.457103739347076,23.9210262298584,113955100
PFE,2025-08-06,23.853373931554728,23.882367938491935,23.060839121889394,23.128494262695312,65689200
PFE,2025-08-07,23.36045382671275,23.65040493566105,23.138157853621436,23.41844367980957,45494400
PFE,2025-08-08,23.47643566692496,23.785717345221403,23.350788832951896,23.75672149658203,36377000
PFE,2025-08-11,23.776052062341613,24.085333740638053,23.708396925647293,23.75672149658203,38115700
PFE,2025-08-12,23.834042342989406,23.94035861310686,23.650405651913147,23.824377059936523,34402700
PFE,2025-08-13,23.9210276924887,24.355956206101457,23.91136240957906,24.31729507446289,40176500
PFE,2025-08-14,24.249639923693724,24.336625626366537,23.988682815675283,24.268970489501953,32514000
PFE,2025-08-15,24.375284514569362,24.452604933069388,24.13365797632376,24.297964096069336,31844800
PFE,2025-08-18,24.29796366727541,24.3849493669859,24.172318680729237,24.230308532714844,35623300
PFE,2025-08-19,24.297963871334773,24.578251537970072,24.25930458417442,24.471935272216797,29170500
PFE,2025-08-20,24.539591583168075,24.829544546352697,24.4912670110361,24.529926300048828,38111000
PFE,2025-08-21,24.558921689241814,25.0228442094875,24.520262400953452,24.87786865234375,37068100
PFE,2025-08-22,25.032510345587855,25.23547760727805,24.897200066770587,25.013179779052734,34560500
PFE,2025-08-25,25.01317842806062,25.022843710806146,24.268970091296946,24.297964096069336,32684200
PFE,2025-08-26,24.297963555764227,24.394614537606113,24.03700830129453,24.0853328704834,43938700
PFE,2025-08-27,24.172318680729237,24.326959515000294,24.01767784645818,24.230308532714844,31840300
PFE,2025-08-28,24.230309717424102,24.230309717424102,23.689066771012044,23.776052474975586,44306800
PFE,2025-08-29,23.85337415508047,24.046674295842433,23.689068021527415,23.930694580078125,37030000
PFE,2025-09-02,23.901697353672247,24.230309601864114,23.882366787669373,24.14332389831543,44725000
PFE,2025-09-03,24.046672043589506,24.27863514032075,23.892031208078127,23.959688186645508,30957600
PFE,2025-09-04,23.95002462442199,23.95002462442199,23.53442665783198,23.718063354492188,41695500
PFE,2025-09-05,23.74705642298772,24.056338104009892,23.689066568662117,24.046672821044922,34613200
PFE,2025-09-08,24.066003514373858,24.13365865202258,23.495764720671442,23.727725982666016,49242900
PFE,2025-09-09,23.72772534325743,23.95968844246536,23.689066055698902,23.882366180419922,32751300
PFE,2025-09-10,23.814710187100452,23.824375469508116,23.63107535174723,23.747055053710938,32975900
PFE,2025-09-11,23.776051926949066,24.02734375,23.71806207346476,24.02734375,36784100
PFE,2025-09-12,23.97901771311217,24.008013562042585,23.041507385932867,23.07050323486328,81378200
PFE,2025-09-15,23.186482970761364,23.31212980614248,22.886866571987085,23.167152404785156,50760200
PFE,2025-09-16,23.15748669482585,23.408778517490596,23.07050283646517,23.099496841430664,57010800
PFE,2025-09-17,23.176817367145556,23.573084746854683,23.09949694777461,23.24447250366211,46351600
PFE,2025-09-18,23.244472595471137,23.428109283501527,23.157486892902227,23.341123580932617,34419000
PFE,2025-09-19,23.437774121827903,23.437774121827903,23.02217618265153,23.225143432617188,86577600
PFE,2025-09-22,23.466771141699777,23.969352963425884,23.225144592296434,23.23480987548828,67863300
PFE,2025-09-23,23.292798597838534,23.544090418206842,23.244472184230673,23.321792602539062,38955200
PFE,2025-09-24,23.360454882561115,23.370120165758134,23.176818188746257,23.28313446044922,39669400
PFE,2025-09-25,23.28313330942388,23.341123162274947,22.790214951529357,22.809545516967773,56738300
PFE,2025-09-26,22.93519177231098,23.012512194871583,22.81921206020222,22.964187622070312,33374500
PFE,2025-09-29,22.993182403110705,23.060837539273596,22.848205004516846,23.051172256469727,39184300
PFE,2025-09-30,23.05117309243915,24.771552937706648,23.01251195982159,24.626577377319336,164867300
PFE,2025-10-01,25.10016425367027,26.530594768204395,24.723227442048053,26.29863166809082,150879900
PFE,2025-10-02,26.02801142758762,26.25997268694496,25.72839503135076,26.17298698425293,69684100
PFE,2025-10-03,26.288967656212126,26.762555441989992,26.13432682181381,26.45327377319336,70524000
PFE,2025-10-06,26.356623156607963,26.443608857597233,25.50609671214938,25.544757843017578,62945600
PFE,2025-10-07,25.5350932027385,25.68973404317355,25.17748510706731,25.390117645263672,47744200
PFE,2025-10-08,25.535091936935917,25.612412353320583,24.771551212106214,24.81987762451172,48693300
PFE,2025-10-09,24.91652938280884,25.032509089270263,24.36561932499239,24.394615173339844,47278700
PFE,2025-10-10,24.413946172129425,24.56858701246488,23.79538281078759,23.950023651123047,64963900
PFE,2025-10-13,24.008013427498287,24.114329696183102,23.785717450670248,23.901697158813477,45356600
PFE,2025-10-14,23.824377370495426,23.959689491535364,23.660071243383143,23.698732376098633,42277000
PFE,2025-10-15,23.669734859079067,23.75672055809669,23.39911247952824,23.573083877563477,47729800
PFE,2025-10-16,23.621410930844736,23.785717050839224,23.399113114289232,23.41844367980957,44390000
PFE,2025-10-17,23.389451426431958,23.708398407544014,23.350790292496274,23.689067840576172,40101900
PFE,2025-10-20,23.747057459545612,23.901698306806765,23.68906760268876,23.863039016723633,35856800
PFE,2025-10-21,23.89203237731051,24.12399364192934,23.776052666733225,24.01767921447754,40726900
PFE,2025-10-22,23.959689605865965,24.094999884087304,23.795383477969647,23.892032623291016,48662900
PFE,2025-10-23,23.93069374384586,23.950024310285876,23.68906719373853,23.843708038330078,34219900
PFE,2025-10-24,23.87270472219597,23.99834972151803,23.85337415508047,23.930694580078125,27429200
PFE,2025-10-27,23.911363265833337,23.969353121903552,23.805046993484368,23.940359115600586,34974900
PFE,2025-10-28,23.95002379161169,23.95002379161169,23.563419845041032,23.679401397705078,50152400
PFE,2025-10-29,23.70839788308002,23.805047028852545,23.418444915369573,23.476436614990234,65438400
PFE,2025-10-30,23.495765338066168,23.87270401174332,23.34112449267298,23.476436614990234,157478000
PFE,2025-10-31,23.466770804301134,23.901697480895333,23.3507892511308,23.824377059936523,132697400
PFE,2025-11-03,23.766386459674994,23.921027296742455,23.59241505710805,23.834041595458984,140871300
PFE,2025-11-04,23.57308494612472,24.35595627277062,23.389450100731537,23.486099243164062,166162000
PFE,2025-11-05,23.563419194319565,23.843706863496514,23.35078850434905,23.785717010498047,107240900
PFE,2025-11-06,23.92102822668696,24.288299768134042,23.718062811444586,24.01767921447754,124137200
PFE,2025-11-07,23.92916063926545,24.224217357629197,23.712785837527026,24.02751350402832,117794500
PFE,2025-11-10,24.2537247134321,24.47993499794679,23.51608101320381,23.98817253112793,148958600
PFE,2025-11-11,24.086525781262136,25.0897216796875,24.037350284171172,25.0897216796875,139673800
PFE,2025-11-12,24.98153252407111,25.522472354137502,24.834004161662058,25.443790435791016,96008000
PFE,2025-11-13,25.512636852239606,26.043739331522325,25.247084674635797,25.365108489990234,123083100
PFE,2025-11-14,25.24708560211941,25.34543847254041,24.558617385097385,24.64713478088379,96507600
PFE,2025-11-17,24.69631169068415,25.148732259837097,24.538947851333134,24.666805267333984,88042200
PFE,2025-11-18,24.637298747573915,25.08972119088139,24.568452302617867,25.030710220336914,66511800
PFE,2025-11-19,24.932356395465117,25.079884754127956,24.312734662786387,24.4700984954834,62000200
PFE,2025-11-20,24.479933789255156,24.58812212690951,23.879984884987458,23.99800682067871,51983200
PFE,2025-11-21,24.1848773408969,25.09955579425616,24.1848773408969,24.627464294433594,73079400
PFE,2025-11-24,24.696312203139712,25.05037991106404,24.637299355214843,24.80449867248535,63074900
PFE,2025-11-25,24.95202860476886,25.54214206924833,24.94219313023754,25.296260833740234,39130300
PFE,2025-11-26,25.276591038515374,25.38477750341936,25.158567223436144,25.28642463684082,33461000
PFE,2025-11-28,25.42411966213299,25.43395513648458,25.237249401302638,25.31593132019043,22627600
PFE,2025-12-01,25.335602840842977,25.512637631318288,24.81433394399066,24.853675842285156,53198600
PFE,2025-12-02,24.902850325329663,24.902850325329663,24.62746455218013,24.73565101623535,43827000
PFE,2025-12-03,24.902850008265155,25.463458897524582,24.883179060169244,25.148731231689453,56121200
PFE,2025-12-04,25.207742029420388,25.315930367290704,24.932356261641175,25.27659034729004,35454000
PFE,2025-12-05,25.345437623236815,25.68967172021284,25.217578333196478,25.601154327392578,47443700
PFE,2025-12-08,25.61099018598538,25.758518550924478,25.335602529087442,25.34543800354004,45209300
PFE,2025-12-09,25.571647145772864,25.699504556094794,24.71597966587276,24.91268539428711,43483800
PFE,2025-12-10,25.07004917506932,25.36510776708379,24.804497005033756,25.35527229309082,43635400
PFE,2025-12-11,25.374942779541016,25.61099041667973,25.18807439103322,25.374942779541016,35570200
PFE,2025-12-12,25.414284474878123,25.610990212282186,25.296260657250695,25.42411994934082,51599700
PFE,2025-12-15,25.394613252115963,26.210938864467778,25.384777777759325,25.994564056396484,60360000
PFE,2025-12-16,26.00439970335835,26.07324614838687,24.509441357874977,25.109392166137695,111695500
PFE,2025-12-17,24.981531981338083,25.07004937204542,24.61762882036335,24.627464294433594,61255300
PFE,2025-12-18,24.59795787222286,24.81433267399365,24.568451450012127,24.627464294433594,47062500
PFE,2025-12-19,24.597959106188682,25.099557053384828,24.568452682497746,24.774993896484375,87590000
PFE,2025-12-22,24.784828877143212,24.98153273672138,24.715980556569686,24.794662475585938,38758900
PFE,2025-12-23,24.84383900508244,24.922520921430948,24.420923001237405,24.4700984954834,43692900
PFE,2025-12-24,24.509441660829314,24.725816473011353,24.49960618628582,24.617630004882812,19328500
PFE,2025-12-26,24.607793114965116,24.696310504840337,24.509440251112107,24.676639556884766,21617800
PFE,2025-12-29,24.637298817806297,24.784829058475445,24.558616898214385,24.588123321533203,33067700
PFE,2025-12-30,24.597958072934787,24.637298093611903,24.509440681505172,24.57828712463379,28821700
PFE,2025-12-31,24.55861733566085,24.60779470873484,24.47009994005263,24.489770889282227,29409200
PFE,2026-01-02,24.568451965899374,24.883179639056387,24.42092360359764,24.76515769958496,35976700
PFE,2026-01-05,24.784827924654547,24.98153177667332,24.538946702687436,24.755321502685547,52620900
PFE,2026-01-06,24.774993971420155,25.581484128828816,24.774993971420155,25.01103973388672,50977300
PFE,2026-01-07,25.16840232538694,25.38477712791912,24.725815370292846,24.863510131835938,51395800
PFE,2026-01-08,24.76515798636298,25.13889663358356,24.706147015943927,24.87334632873535,42977300
PFE,2026-01-09,24.922522105169257,25.129061441922207,24.81433376157965,25.06021499633789,34190200
PFE,2026-01-12,25.158568050367663,25.3454383154166,24.676641051809842,24.853675842285156,50256300
PFE,2026-01-13,24.902850325329663,24.971696768617043,24.55861623296786,24.73565101623535,47656100
PFE,2026-01-14,24.814333330719403,25.28642484303614,24.784828783652678,25.158567428588867,53738100
PFE,2026-01-15,25.129060399420208,25.463459014892578,24.834003680320997,25.463459014892578,55263200
PFE,2026-01-16,25.463458927141126,25.463458927141126,25.12906031282115,25.227413177490234,59470600
PFE,2026-01-20,25.011038577913844,25.227413381193095,24.67663996089371,25.09955596923828,55425400
PFE,2026-01-21,25.05037848259876,25.492965437172447,24.96186109168402,25.463459014892578,47264100
PFE,2026-01-22,25.47329434737144,25.8765394033302,25.325765988641994,25.670000076293945,49883900
PFE,2026-01-23,25.579999923706055,25.690000534057617,25.510000228881836,25.649999618530273,45402300
PFE,2026-01-26,25.6299991607666,25.920000076293945,25.600000381469727,25.8799991607666,41441900
PFE,2026-01-27,25.940000534057617,26.829999923706055,25.899999618530273,26.5,75575400
