ticker,date,open,high,low,close,volume
PG,2020-01-02,106.45603126462852,106.65269989560596,105.1221264544245,105.52400970458984,8130800
PG,2020-01-03,104.45519613486807,105.6266360855859,104.19867291390372,104.81432342529297,7970500
PG,2020-01-06,104.80575841101827,105.33590329340574,104.64329328887494,104.95967102050781,6674400
PG,2020-01-07,105.07082496893217,105.35299916656554,104.20721039846237,104.309814453125,7583400
PG,2020-01-08,104.480833876518,105.54111710937798,104.31836875564024,104.75445556640625,5385100
PG,2020-01-09,104.7544568645405,105.9258966809276,104.7544568645405,105.9002456665039,5944000
PG,2020-01-10,105.94299885362582,106.30212609319898,105.4299590079991,106.00285339355469,3927100
PG,2020-01-13,106.02850966971404,106.79807273817703,105.86604454313411,106.78096771240234,8409200
PG,2020-01-14,106.58431148486059,107.05459534121694,106.43895137600443,106.61851501464844,7829700
PG,2020-01-15,106.93487423125825,107.84125135963536,106.8921247165699,107.70443725585938,4843700
PG,2020-01-16,107.83268832485248,108.4055826502861,107.38804905462423,107.7984848022461,6233700
PG,2020-01-17,108.03790959075137,108.59370545093999,107.63602632994335,108.08921813964844,11315200
PG,2020-01-21,108.08924104866658,108.26880469872577,106.74677688286164,107.81561279296875,8553100
PG,2020-01-22,108.02082054081734,108.32009325366947,107.59328622998405,108.00371551513672,7396700
PG,2020-01-23,106.91649630924434,108.85183107022283,106.35739828803433,107.50999450683594,11096500
PG,2020-01-24,107.70780577065108,109.05823877290017,107.32073497388139,107.63899230957031,9508600
PG,2020-01-27,107.3035491949954,108.71419252314693,107.3035491949954,108.11209106445312,9338400
PG,2020-01-28,108.31851983365227,109.22167854175679,108.13788940451406,108.40453338623047,6200200
PG,2020-01-29,108.30132972941301,108.43895011373887,107.5443946471718,107.57019805908203,5271000
PG,2020-01-30,107.33795481825122,108.43034075696973,107.01969744343049,108.33572387695312,5894400
PG,2020-01-31,108.37012613027876,109.19586804339274,107.05409975117796,107.19172668457031,6612900
PG,2020-02-03,107.22615586786151,108.33574207918788,107.07992557991255,107.61322021484375,6052300
PG,2020-02-04,108.129276684705,109.53991982413325,107.82822599563424,108.08627319335938,6512200
PG,2020-02-05,108.30132613067487,109.29049188723913,107.86264845553586,109.07545471191406,6125400
PG,2020-02-06,109.15287248276853,110.1764449840201,108.89482524510728,109.35930633544922,9102700
PG,2020-02-07,109.40231347911008,109.47112038655995,108.42174450200224,108.44754791259766,5915100
PG,2020-02-10,108.77439965045225,109.09265701973781,108.17229820846718,108.52495574951172,5216100
PG,2020-02-11,108.61098177202315,108.61098177202315,106.6842503740731,106.79607391357422,6105700
PG,2020-02-12,106.38320851907763,106.63265246952349,105.669283408741,106.18537139892578,6031700
PG,2020-02-13,106.42620500463137,107.75943159560464,106.24556799682412,107.48418426513672,7159000
PG,2020-02-14,107.76802807730296,108.5077564614168,107.33795374060485,108.49915313720703,5889100
PG,2020-02-18,108.23253381416562,108.5335846059798,107.3723849447451,107.40679168701172,6767600
PG,2020-02-19,107.38955783332682,108.78300101130394,107.21753072798252,107.89704895019531,4734000
PG,2020-02-20,107.92285892542228,109.03245154091314,107.63040495364893,108.87762451171875,6094600
PG,2020-02-21,108.49055807167059,110.15925528747215,108.36154101077081,108.98084259033203,8723900
PG,2020-02-24,107.74222608375293,108.88621884697756,105.91870850970723,106.05633544921875,7533900
PG,2020-02-25,105.81549405075872,106.62403595825785,103.97477629053161,104.44786071777344,8903200
PG,2020-02-26,104.43925907347341,105.27360440635375,103.08882580592493,103.35547637939453,6894200
PG,2020-02-27,102.46093087121105,103.14904599695052,97.56668193431136,97.62689208984375,13298900
PG,2020-02-28,94.1518886091345,97.3946533203125,91.75207262507448,97.3946533203125,22784300
PG,2020-03-02,97.36022079163178,103.03720016087861,96.80972622021469,102.83936309814453,12399800
PG,2020-03-03,102.98562017889758,104.80052813533669,100.7578313426984,101.64378356933594,12510900
PG,2020-03-04,103.114612071831,107.25193131095673,102.87377151319511,107.0885009765625,9459300
PG,2020-03-05,104.33604421046712,105.71228087438004,103.45868882556297,104.61988830566406,9363500
PG,2020-03-06,101.52334702874346,105.46282953399961,101.11047933982326,104.64569091796875,9817400
PG,2020-03-09,99.14934672931935,103.24365674911411,99.02032966258113,99.82886505126953,13116500
PG,2020-03-10,102.3232857897761,103.92316285338481,98.4354166586668,103.69092559814453,11419100
PG,2020-03-11,101.15348118934072,101.87600947680876,95.20125403206981,95.9839859008789,16456000
PG,2020-03-12,88.59530975013283,95.97538664216192,86.87501247343121,87.5975341796875,20988000
PG,2020-03-13,91.60583903843545,98.59884579692867,90.66828007992565,98.1171646118164,17378700
PG,2020-03-16,87.52013717159149,99.73424705607637,86.87502559538811,93.32614135742188,17367400
PG,2020-03-17,95.86356908673089,102.95979579486453,95.27866771374575,101.7039794921875,19451400
PG,2020-03-18,97.21400826568004,104.50807251023522,96.41406967038908,101.02446746826172,23139200
PG,2020-03-19,100.30193463808544,101.49754073702854,94.43572110544186,95.33027648925781,16428100
PG,2020-03-20,93.91965733967905,94.35832853902126,87.38252066908788,88.10504913330078,19922900
PG,2020-03-23,86.17828116386629,89.24040775405767,81.14640713937028,84.03650665283203,17776800
PG,2020-03-24,87.07284775483393,89.45545654654451,82.63447772237397,88.82754516601562,14625500
PG,2020-03-25,86.45355579125182,90.05757472017726,84.81066847004912,86.80621337890625,13789100
PG,2020-03-26,89.35224208566859,93.16270098221644,88.1910426857429,92.36276245117188,15796000
PG,2020-03-27,91.59723338748843,98.30639588431724,91.59723338748843,94.76258087158203,16073100
PG,2020-03-30,97.97094431228116,99.59662493100724,94.78838998765745,98.91710662841797,14571600
PG,2020-03-31,97.6268763108687,98.30639456342958,93.71319714656883,94.6163558959961,21691000
PG,2020-04-01,92.85306003990566,96.4914923398035,92.03592130746871,94.04006958007812,11095800
PG,2020-04-02,92.62941185027171,98.90849316843865,92.46598150392036,98.40100860595703,9168800
PG,2020-04-03,97.83332852312475,99.69125319215283,97.20542353653994,98.98593139648438,7768700
PG,2020-04-06,100.6374033195541,102.35770081219604,98.55584492843673,101.33412170410156,16848400
PG,2020-04-07,100.38796604612334,103.26946322470893,96.76674037170314,96.99897766113281,14438400
PG,2020-04-08,98.39241559359112,100.8954516214683,96.21624029267244,99.00312042236328,12564500
PG,2020-04-09,99.14075994216061,102.06526739342486,98.2289976835101,98.62467193603516,12747300
PG,2020-04-13,97.72149289250582,100.42235924572758,97.33442860817298,99.73423767089844,7926700
PG,2020-04-14,102.1512472207174,104.48224908553995,99.99227244696748,104.04357147216797,10474200
PG,2020-04-15,103.95757311375327,106.1595517007511,102.86518058237486,104.26722717285156,14192900
PG,2020-04-16,105.239204698626,105.36822833151484,103.13184275696152,104.5080795288086,12020200
PG,2020-04-17,105.3252076468707,107.50998617295134,103.6823270118028,107.25194549560547,15899800
PG,2020-04-20,104.48225654639245,105.99611999310235,103.68231804719831,103.73392486572266,10832000
PG,2020-04-21,102.7877617894959,103.4758833218386,101.8674030133752,102.94258880615234,9465400
PG,2020-04-22,103.20924393745938,103.45868785583272,102.16846476505513,102.7017593383789,10259400
PG,2020-04-23,102.73725920697203,103.62045902291217,102.21772951487908,103.38667297363281,17277000
PG,2020-04-24,103.12691359386454,103.69840092808795,102.71129244731935,102.8498306274414,12751100
PG,2020-04-27,103.20484889598373,103.20484889598373,101.2219711913302,101.69820404052734,10635700
PG,2020-04-28,101.3951376794278,102.09650905967827,100.58986432149477,101.21330261230469,9958000
PG,2020-04-29,101.75882312054163,102.2177478136608,99.64606778031938,101.37783813476562,8707900
PG,2020-04-30,100.37338705594325,102.41687617306559,100.14826171364444,102.0618667602539,10026400
PG,2020-05-01,101.82808400703098,102.49481921756909,100.71975216248744,101.15269470214844,7366400
PG,2020-05-04,101.38647536481261,101.48172324695739,99.57677881641904,100.2435073852539,5636000
PG,2020-05-05,100.26949701440397,101.53368846503918,99.75862137125097,100.45133209228516,5425200
PG,2020-05-06,100.04435642020921,100.56388611313727,97.74975978641692,97.93159484863281,7892200
PG,2020-05-07,98.76285753984928,98.83212993694293,96.82327666448244,97.12633514404297,8762800
PG,2020-05-08,98.29525989385313,100.70242568428296,98.18269722482502,100.39936065673828,9279900
PG,2020-05-11,100.22619110790112,100.45132306292744,99.50750495551065,99.84519958496094,6947500
PG,2020-05-12,99.74995377906755,100.3560772696417,98.8321177523604,99.1871337890625,6734400
PG,2020-05-13,98.95334360078095,99.87984035074288,98.47711078148353,98.6416244506836,9312600
PG,2020-05-14,98.31260824647453,99.10056035805412,96.32973030850614,98.54639434814453,9310000
PG,2020-05-15,98.65028784468997,99.39494954512477,97.02242626564912,99.23908996582031,10694800
PG,2020-05-18,100.46861404080956,101.29986267057878,99.32564634910479,100.62447357177734,10020800
PG,2020-05-19,99.65470509969406,100.13094450946812,97.27352126318077,97.36011505126953,8047600
PG,2020-05-20,97.84501660713386,98.51174522950794,97.09169418954474,98.08746337890625,6593800
PG,2020-05-21,97.6718300068163,98.01817871961961,96.4855651863124,96.65008544921875,6552700
PG,2020-05-22,97.2302349697598,98.36454229359445,96.77131694122147,97.4986572265625,5571900
PG,2020-05-26,98.84078280537675,98.84078280537675,96.70204560939708,97.0051040649414,10432400
PG,2020-05-27,97.41205915276139,98.68491111601263,96.82325710874646,98.61563873291016,8279700
PG,2020-05-28,100.03571083140413,101.29990236409368,99.49020556235368,100.49462890625,6586700
PG,2020-05-29,100.55524054612394,101.06611622214812,99.2477587201589,100.37340545654297,7868000
PG,2020-06-01,100.44266052896789,101.74148803580799,99.80190747532336,101.52501678466797,5105600
PG,2020-06-02,101.36917023844244,102.29566704806456,101.15269895950102,102.22639465332031,6327900
PG,2020-06-03,102.26103095201093,103.20484916434383,102.13114686328156,102.63336181640625,6171000
PG,2020-06-04,102.17443510596935,102.89312127736709,100.07033418657386,100.4859619140625,6895800
PG,2020-06-05,100.65913215880333,102.89311706445571,100.48595779971114,102.46017456054688,7337800
PG,2020-06-08,101.68955775318615,103.14424512126398,101.17002135973148,103.08363342285156,6926700
PG,2020-06-09,103.38669196649164,103.69841116024809,102.30433548988721,102.4688491821289,5563200
PG,2020-06-10,103.04031497886928,103.81095210021697,102.26967785752157,103.23947143554688,6678200
PG,2020-06-11,102.87579608926313,103.53387054764944,100.44266132123444,100.66779327392578,8937500
PG,2020-06-12,100.9535197675327,102.21771756561789,99.80189784330791,100.11361694335938,7998500
PG,2020-06-15,99.18712212078766,101.5509842980265,98.50307222819586,101.04011535644531,8786000
PG,2020-06-16,102.63335791820664,103.01434946902761,101.24794310546527,102.28700256347656,8165200
PG,2020-06-17,102.51214458060959,103.1355829589815,101.68955631292306,102.11383819580078,6320800
PG,2020-06-18,101.70685771448129,103.8715703508516,101.62893123053773,103.28276824951172,6274400
PG,2020-06-19,104.33050114435163,105.48212999335973,102.89313521306008,102.97106170654297,17506200
PG,2020-06-22,102.8498225578892,103.10959070873291,101.60294600372498,101.95796203613281,5695600
PG,2020-06-23,102.7545707131864,103.20483460979216,101.87137092550319,101.94064331054688,5340400
PG,2020-06-24,101.49905381016994,102.13980694284342,100.68511969151773,100.80634307861328,6547800
PG,2020-06-25,101.29990278121971,102.2004241382504,100.46865382230972,102.0792007446289,5489300
PG,2020-06-26,101.81941485184471,102.58139788633065,99.61141204662438,99.77593231201172,23201700
PG,2020-06-29,100.88426629856816,102.21773003226924,100.74572152334693,101.88003540039062,6866900
PG,2020-06-30,102.1484748162933,103.89755995733044,102.00127592250979,103.53388977050781,7818000
PG,2020-07-01,103.60314947017288,104.24390256929541,102.95373567066011,103.8888931274414,6501200
PG,2020-07-02,104.77207568324202,106.13151474810805,104.36510871244265,104.66816711425781,6150900
PG,2020-07-06,105.43881981426239,105.99299232490586,104.66818264692294,105.31759643554688,6023300
PG,2020-07-07,105.03186326088823,106.72033653107876,104.6768472057216,105.82847595214844,6866300
PG,2020-07-08,105.76786959737015,106.71168121495086,105.63798550706822,106.40862274169922,6494100
PG,2020-07-09,106.34800952340365,107.3524394274235,105.47346370782486,106.0536117553711,5341000
PG,2020-07-10,106.13153753571109,107.80269606016809,106.04495034605522,107.27450561523438,6752600
PG,2020-07-13,107.36973564102473,108.74648956416597,106.79824839326028,107.41303253173828,7681500
PG,2020-07-14,107.36108822787274,108.807121318813,106.93680639232154,108.31356048583984,6272100
PG,2020-07-15,109.08420909793878,109.88082181389984,107.59488565129384,107.80269622802734,8145000
PG,2020-07-16,108.30489971417143,108.68588463016184,107.29181582787167,108.02781677246094,3959300
PG,2020-07-17,108.31356443978491,109.16213474804287,108.08843906929488,108.78114318847656,4868600
PG,2020-07-20,108.64260741269355,108.96298068016891,108.05380526495328,108.44345092773438,4242100
PG,2020-07-21,108.65991954682667,109.6556887348729,108.16636530317649,108.29624938964844,5162300
PG,2020-07-22,108.66857426732348,109.44787213708983,107.5515817550215,109.22274017333984,5929200
PG,2020-07-23,109.89455807777172,110.81818605690555,109.44145279331124,109.92941284179688,6664800
PG,2020-07-24,110.65263080608287,111.33228210466247,109.19747926703508,109.75514221191406,6014200
PG,2020-07-27,109.5373012527766,110.3476562311802,109.38917349221819,110.0688247680664,6464600
PG,2020-07-28,110.1123910846409,111.93351420889738,110.04268155930168,111.4281234741211,7644400
PG,2020-07-29,111.14931395640487,112.61318768596522,110.97504675653069,111.80282592773438,6702000
PG,2020-07-30,113.85048996400224,115.04423411652378,112.97041876040575,114.51271057128906,10400700
PG,2020-07-31,113.8504686259534,114.32971325654643,112.63929399358075,114.25128173828125,8487000
PG,2020-08-03,113.68491473568068,114.94836823369255,113.68491473568068,114.3994140625,7769400
PG,2020-08-04,113.94630970425237,116.69976237307979,113.88530889377311,116.57777404785156,7773700
PG,2020-08-05,116.40352419640035,117.3271521239572,115.99398905180708,116.2728271484375,5680000
PG,2020-08-06,115.75875288923055,116.21184492516058,115.12265836540392,115.63676452636719,3974100
PG,2020-08-07,115.79358163363449,116.44709346013835,115.41018590143507,116.3686752319336,4934900
PG,2020-08-10,116.49936804384346,117.14417114235033,116.05498480443906,116.84791564941406,5812700
PG,2020-08-11,116.99606969121544,117.40560490997329,115.70646320435749,116.08985900878906,5329900
PG,2020-08-12,116.56036929334175,118.47733459603424,116.4993684762411,118.03295135498047,5920400
PG,2020-08-13,117.7018259299413,118.39018579809203,117.57111560093216,118.311767578125,4989500
PG,2020-08-14,118.16362142085066,118.18976082343137,117.23999374105595,117.71923828125,5845200
PG,2020-08-17,117.57985666094561,118.24207722979196,117.33587996212154,118.06781005859375,5603800
PG,2020-08-18,118.33791141734869,119.82792413118723,117.99808582236534,118.9478530883789,8670700
PG,2020-08-19,118.10265782053047,118.78232238891214,118.06780970468844,118.3030776977539,6827700
PG,2020-08-20,117.84126037345484,119.35739934068239,117.79769025808719,119.24413299560547,4352200
PG,2020-08-21,119.02629442171475,120.3333180941535,118.42506140507575,119.75822448730469,5706600
PG,2020-08-24,119.80179287568437,120.92582736766052,119.54909419037784,120.69055938720703,7420500
PG,2020-08-25,121.1175743704131,121.24827147050341,120.0719576824779,121.16985321044922,4718300
PG,2020-08-26,120.74287884046146,121.39639081523147,120.46404068260671,120.58602905273438,4746200
PG,2020-08-27,120.9780942817802,121.71874626423158,120.40300073981071,120.42915344238281,6156100
PG,2020-08-28,120.52501743981769,121.03911023296666,119.3312600965993,120.91712188720703,4166300
PG,2020-08-31,120.41174120401327,120.88226389504005,120.08934627304552,120.53372955322266,5596800
PG,2020-09-01,120.12419794355516,120.43788417876634,119.43583794458986,120.40302276611328,5671800
PG,2020-09-02,120.34202552123305,123.2436196387303,119.9063509683788,122.43325805664062,8384800
PG,2020-09-03,122.63366477922105,123.47015238543112,119.45323290684465,120.47270965576172,7277900
PG,2020-09-04,120.08061625786377,121.28308225962485,118.60803416486233,120.2113265991211,7437700
PG,2020-09-08,120.69932360556707,120.80388127979306,117.66701809564547,118.45124053955078,6847500
PG,2020-09-09,118.86946162867483,121.60549770822115,118.73876456107479,120.37689208984375,6002900
PG,2020-09-10,120.35072498936611,120.87353973096006,118.94785250501124,119.11341094970703,5242500
PG,2020-09-11,119.97609004507177,120.82129994946139,119.51427596894987,120.36819458007812,4398000
PG,2020-09-14,120.62957703417732,121.62291452166194,120.53372809697562,120.79513549804688,4767400
PG,2020-09-15,120.93454125564986,121.7884729855315,120.58600691804332,120.79513549804688,4046500
PG,2020-09-16,121.61421909767672,122.13702066117936,119.89766004125467,119.98478698730469,6049900
PG,2020-09-17,119.42712302903465,120.1416357777476,118.6690534555211,119.82794952392578,4648500
PG,2020-09-18,119.29640671414876,120.1851732101257,118.73002183005515,119.69721984863281,10192800
PG,2020-09-21,119.37481671539932,119.78435182180407,117.3707112938778,119.12213134765625,7092600
PG,2020-09-22,118.93044237004482,121.14366321390982,118.71260509701459,120.2113265991211,4722800
PG,2020-09-23,120.61212941741113,120.61212941741113,118.58188461097086,118.7735824584961,6373700
PG,2020-09-24,119.08728509099555,119.50552895441643,118.2507973641538,119.30512237548828,5708200
PG,2020-09-25,118.407639225467,120.23747781692481,118.407639225467,119.91506958007812,4969900
PG,2020-09-28,120.73415044930177,121.93661667388291,120.05449909516489,120.2549057006836,5810800
PG,2020-09-29,120.58598511083474,120.61212451664144,119.07855509448316,119.60135650634766,4492100
PG,2020-09-30,120.38560427844595,121.85818650013084,120.08062675126,121.10882568359375,8727800
PG,2020-10-01,121.62290802757566,121.98016434677284,120.42916402449418,121.32665252685547,5713400
PG,2020-10-02,120.18518768097351,121.2220953468603,119.33126919554525,120.35074615478516,6077900
PG,2020-10-05,120.87354178472414,121.6838900226591,120.50757677768273,121.45734405517578,6333900
PG,2020-10-06,121.4834817769571,122.65980830133768,120.95195832978435,121.64904022216797,6042900
PG,2020-10-07,122.0585761339148,123.20004125849199,121.43991246024731,122.59880828857422,4640900
PG,2020-10-08,122.47686809831833,123.67061250766331,122.30260087951227,123.4266357421875,4569800
PG,2020-10-09,123.5921521386305,125.16058316490388,123.47016379746101,124.53321075439453,6551700
PG,2020-10-12,124.89049203527476,126.63319056928421,124.89049203527476,125.90126037597656,5791500
PG,2020-10-13,125.31746190466394,126.2062286120376,125.00377562684528,125.65728759765625,4509400
PG,2020-10-14,125.63109019366726,126.43274295958877,124.67261428822866,125.50910186767578,3860700
PG,2020-10-15,124.65517606887865,125.81407174378,124.50704834594487,125.32611846923828,4997100
PG,2020-10-16,125.84022632151265,127.10367976595076,125.40455180303529,125.8140869140625,6806100
PG,2020-10-19,125.88384284246096,126.6854826565144,122.97353917705776,123.65319061279297,6427600
PG,2020-10-20,126.87714541022324,126.94685493504477,123.64443433725337,124.14981842041016,7582100
PG,2020-10-21,124.15851931645166,125.77050693084797,124.14108861427604,124.82073974609375,5649700
PG,2020-10-22,123.97174626323724,125.07573745152004,123.61250626046208,123.93669128417969,4502900
PG,2020-10-23,124.20827317941085,125.18961178080563,124.20827317941085,124.75151824951172,4278100
PG,2020-10-26,123.98050975909148,124.4624154744695,122.67498579735064,123.8052749633789,5315500
PG,2020-10-27,124.3659965601741,125.59265312717193,124.11189481943991,124.73399353027344,6806700
PG,2020-10-28,123.06050053191956,123.48983711121747,120.30927301354193,120.6159439086914,8192200
PG,2020-10-29,120.34432422211287,121.86888148169625,118.98623130972216,120.5370864868164,5476900
PG,2020-10-30,120.19538077297585,120.9051037953879,118.0049122792019,120.12529754638672,6422000
PG,2020-11-02,121.36069339995159,122.66621723932481,120.42317997750621,121.35193634033203,6682800
PG,2020-11-03,122.07043303030646,124.99689569074211,122.07043303030646,123.73518371582031,6244200
PG,2020-11-04,123.06928243871943,125.29479244998065,122.90280470123001,123.22698974609375,5820600
PG,2020-11-05,124.80408733413843,125.75912802366629,124.22580066413761,124.75151824951172,5673100
PG,2020-11-06,125.00563700843395,126.23230721603677,124.75154858110899,125.49629974365234,4702300
PG,2020-11-09,128.05476853869416,128.72943650312547,120.56337781983618,120.90509033203125,12664700
PG,2020-11-10,121.00145073901149,123.20943273049747,120.16906225103136,122.89400482177734,7854000
PG,2020-11-11,124.28718765420216,125.29479781326862,123.23575208180051,124.47994995117188,5554300
PG,2020-11-12,124.67268399674364,124.90050124936413,123.60374779963303,124.55001831054688,5631700
PG,2020-11-13,124.60258970071577,126.59152505225393,124.31344631548181,126.41629028320312,6466800
PG,2020-11-16,126.85439459750907,126.85439459750907,123.77021159758816,124.79534912109375,7976600
PG,2020-11-17,124.32224888360263,125.70662679410995,124.19958316340885,124.31349182128906,6396800
PG,2020-11-18,124.40985029568023,124.50623144179498,122.36833210583742,122.40337371826172,6097100
PG,2020-11-19,122.55232555173914,122.77137239850757,121.30814106644151,122.25442504882812,5284100
PG,2020-11-20,122.25442157149837,122.97290162585088,121.46585829338485,122.05290222167969,4726900
PG,2020-11-23,122.0704262001512,122.62241513112541,120.79118680561042,121.57975006103516,4770600
PG,2020-11-24,121.6410687735792,122.52601301939485,120.97517132451,121.1854476928711,7101800
PG,2020-11-25,121.05402820194864,122.13173472730409,120.94887664539885,121.50963592529297,8411300
PG,2020-11-27,121.43078336421075,121.69364220358749,120.50202705202807,121.44831085205078,4252200
PG,2020-11-30,120.91386107260489,121.96528327758537,119.8098697628092,121.67613983154297,11640400
PG,2020-12-01,121.93024305536393,122.26318517951185,121.05405564629042,122.1142349243164,7169700
PG,2020-12-02,122.11422294778396,122.61365613936145,120.4669998715796,121.22927856445312,6963000
PG,2020-12-03,120.99271949363806,121.2205367828854,118.7584388641107,120.33557891845703,8742500
PG,2020-12-04,120.22166663256465,120.79118303598051,119.04756547683958,120.44947052001953,6617200
PG,2020-12-07,119.69594754007854,120.68604346694224,119.65213550118456,120.63346099853516,6918000
PG,2020-12-08,120.05519260262612,121.59727750197844,119.5382319131759,120.9576644897461,6493500
PG,2020-12-09,120.76489817826169,120.94889002585593,119.38052062828044,119.52071380615234,6773400
PG,2020-12-10,119.61708965583293,119.96755921545927,118.32032287219064,118.73213195800781,6800500
PG,2020-12-11,117.81214889471993,119.86242394460386,117.58433164280589,119.60832214355469,6548000
PG,2020-12-14,120.05518974007545,120.85251003649472,118.95995559545607,119.0300521850586,6485300
PG,2020-12-15,119.5031836670049,120.51079370031016,119.3717609216371,119.73098754882812,5397000
PG,2020-12-16,119.78358341880548,121.15043360179207,119.78358341880548,120.27424621582031,5382500
PG,2020-12-17,120.92261427063258,121.89518278732113,120.87004516749671,121.13290405273438,7405300
PG,2020-12-18,121.14164064836427,122.72755075254472,120.43193113680803,121.82506561279297,19988800
PG,2020-12-21,120.8788183534033,121.29061412720816,119.3542474799158,120.49329376220703,6732400
PG,2020-12-22,120.29174926082462,120.97518765894445,119.49442897387314,119.64337921142578,5023100
PG,2020-12-23,120.37935743827663,120.51955059729887,119.27536639247643,119.45935821533203,6004200
PG,2020-12-24,119.33673223997424,121.02778103049931,119.33673223997424,120.66854095458984,2588200
PG,2020-12-28,121.04525777332859,122.13173472730409,120.8700230051534,121.50963592529297,3714700
PG,2020-12-29,121.98275156939921,122.61360726013766,121.08903711259438,121.28179931640625,5139300
PG,2020-12-30,121.43956310101406,121.71993608016494,120.51956377745728,120.71232604980469,3261400
PG,2020-12-31,121.18546738008513,122.04412721934943,120.37937664145123,121.91270446777344,4076400
PG,2021-01-04,122.36830764421563,122.5435424104241,119.46813014936502,120.7561264038086,8330900
PG,2021-01-05,120.90507522624733,121.71992289599949,119.39803218907136,121.52716064453125,6856400
PG,2021-01-06,121.58851951872951,123.57745513160329,121.43956927698727,122.8064193725586,10578000
PG,2021-01-07,122.44719371265388,122.78014921531934,120.94890732021858,121.65863037109375,7355400
PG,2021-01-08,121.32566794431408,121.84261529138016,120.03767142226236,121.60604095458984,7448500
PG,2021-01-11,121.57099582992866,122.1755672456176,120.56338571681914,120.78243255615234,7239900
PG,2021-01-12,120.78241915682045,121.13288871305005,119.37175713322799,120.08146667480469,6333500
PG,2021-01-13,120.12529259515026,120.97519540526858,120.12529259515026,120.26547241210938,6078800
PG,2021-01-14,120.4144050416937,120.60716730256283,118.53060783812982,118.9862289428711,6172800
PG,2021-01-15,118.504307794617,119.336682883404,117.98736060331876,118.09249877929688,7757600
PG,2021-01-19,118.89860950730733,119.47689631246081,117.02356928993184,117.05862426757812,9184900
PG,2021-01-20,116.12111574015577,117.23387748822248,115.00835399208906,115.59539794921875,12506600
PG,2021-01-21,115.16435125595612,116.34553436668283,115.04094567127721,115.48168182373047,8761600
PG,2021-01-22,115.49050566753587,115.88716551646446,114.58259026546818,114.59140014648438,7202800
PG,2021-01-25,114.54733858954013,117.23583216763528,114.50326227838413,116.56591796875,9640000
PG,2021-01-26,116.57469871944946,117.65009588195099,115.85188505768355,117.31513214111328,5996700
PG,2021-01-27,116.69811295193534,117.32396417992457,112.56400586548367,113.16341400146484,10826700
PG,2021-01-28,112.68742307332366,116.04583060690031,112.33483951003298,114.90873718261719,8242000
PG,2021-01-29,114.75891511897969,114.84705430514965,112.89019758964815,113.01360321044922,8344100
PG,2021-02-01,113.70993766340463,114.29171266554475,113.00475706537429,113.6834945678711,6534200
PG,2021-02-02,114.23880696972344,115.22605156828635,113.43666400829163,113.5248031616211,6825600
PG,2021-02-03,113.66586303710938,113.88623113661916,112.60809884950267,113.66586303710938,7309400
PG,2021-02-04,114.04488694750154,114.11540634334241,113.3397064392923,113.73636627197266,6613700
PG,2021-02-05,113.81569853289066,114.67955106694326,113.73636925431434,114.21237182617188,5063700
PG,2021-02-08,114.52969348726073,114.67955561967634,112.92542083927371,113.85977935791016,7011200
PG,2021-02-09,114.1154151760832,114.5385181336779,113.03119451258355,113.4190444946289,5917800
PG,2021-02-10,113.48954092549518,113.85094774017918,112.79317711008609,113.0223617553711,8594100
PG,2021-02-11,113.30443299354823,114.00080357794042,113.01355899775758,113.11933135986328,6139200
PG,2021-02-12,112.82845681599584,112.94305252151364,111.57676773721741,112.49349975585938,8407300
PG,2021-02-16,112.80201087518375,112.97830264446888,111.93816506544677,112.7579345703125,8246000
PG,2021-02-17,112.11445895829362,114.14184784736172,112.04393956343395,113.23393249511719,8845200
PG,2021-02-18,112.66097529516416,114.45918636371538,112.4670503083557,114.17710876464844,6936400
PG,2021-02-19,114.01845114545117,114.0977804270195,111.96461227959087,112.05276489257812,8277900
PG,2021-02-22,111.76186006234491,112.1585198588176,111.40045323547497,111.57675170898438,6975500
PG,2021-02-23,112.63451148780602,114.52967125103743,112.11444614164269,112.40532684326172,10145300
PG,2021-02-24,112.2554865955648,113.04000306351308,111.86764338933236,112.52874755859375,7263000
PG,2021-02-25,112.37888790688001,113.7011029203536,111.32112396622009,111.57675170898438,7790800
PG,2021-02-26,111.54150872569735,111.88528239417178,107.38095827891956,108.88827514648438,17718800
PG,2021-03-01,109.44360803928703,110.615961130522,109.30256923802857,109.55819702148438,7740200
PG,2021-03-02,109.18798103915016,110.06063677162167,108.80013105800717,109.21442413330078,10206500
PG,2021-03-03,109.09982571533695,109.47885908064848,108.23598661073859,108.5621337890625,7537000
PG,2021-03-04,108.5092328018136,109.98128984762083,107.13413824166788,107.67183685302734,10228100
PG,2021-03-05,108.20952536079609,111.35638073545158,108.02441701229858,111.04786682128906,10490900
PG,2021-03-08,110.85393707578145,113.6217523039698,110.4660871861162,112.22021484375,9224700
PG,2021-03-09,112.51993984973001,113.6394067058132,111.11839540303066,111.22417449951172,8859700
PG,2021-03-10,111.19774129110267,113.19868062042633,110.59833980796203,112.24668884277344,9070900
PG,2021-03-11,112.06156350748749,112.69622459662807,111.70016338595435,111.86764526367188,6941500
PG,2021-03-12,112.51994658235235,113.55127434072729,112.51994658235235,112.95186614990234,6521900
PG,2021-03-15,113.17221859629551,113.74517016330921,112.11445461477857,113.32206726074219,7172600
PG,2021-03-16,113.27799576016164,114.57376106374964,113.27799576016164,113.65703582763672,6485200
PG,2021-03-17,113.80689513378022,114.45036618032503,113.13698099287058,113.19867706298828,6192900
PG,2021-03-18,113.01356753532035,113.74517769541875,111.98223985118338,113.44548034667969,6871300
PG,2021-03-19,113.79807235568882,114.36221405520517,112.74030162527099,112.8372573852539,20262100
PG,2021-03-22,112.83726019799866,115.37590463420374,112.83726019799866,114.75005340576172,8077600
PG,2021-03-23,114.9527831215212,117.49141369698208,114.58256644281225,116.88320922851562,9503800
PG,2021-03-24,115.41996558664972,117.35920162851917,115.13788804227721,116.84794616699219,8318000
PG,2021-03-25,117.31513901775382,117.78231823620234,116.39841379198667,117.6589126586914,7517300
PG,2021-03-26,117.42971435271714,119.53643213576703,116.77742015600914,119.39539337158203,10821200
PG,2021-03-29,118.99876222688466,121.29059562022321,118.99876222688466,121.26415252685547,11176000
PG,2021-03-30,120.41790423662803,120.76167781795594,119.12213917234662,119.39539337158203,8090600
PG,2021-03-31,119.59815279956638,120.54133459766955,119.22793605504538,119.3777847290039,9202600
PG,2021-04-01,119.04281967581738,119.42184625418281,117.52668646195973,118.36408233642578,9117800
PG,2021-04-05,118.96349339408219,120.98205880320322,118.7607451050233,120.2768783569336,8279100
PG,2021-04-06,119.88021727621336,120.77932267184045,119.56288675129781,120.32095336914062,6180600
PG,2021-04-07,120.86748972950828,121.05260484936937,120.10061305480075,120.53253936767578,10244500
PG,2021-04-08,120.67355991738995,121.31704442014042,120.40030563960312,120.99089050292969,6190300
PG,2021-04-09,120.32975015907945,120.99967755557888,119.49235436365184,120.20634460449219,5855400
PG,2021-04-12,120.32096824774335,120.79695736887729,119.62461105289562,120.6911849975586,6440900
PG,2021-04-13,119.8978767353674,120.22401721147249,118.85773233423602,119.09573364257812,9161200
PG,2021-04-14,119.45712952795449,119.69511736414495,118.62854341623992,119.52764892578125,7584000
PG,2021-04-15,119.85377030752056,121.43159955104564,119.76561771170896,120.9732437133789,7945300
PG,2021-04-16,121.29940913235836,121.5550301926319,120.6559380908142,120.9820785522461,7708500
PG,2021-04-19,120.70881807402706,120.8322236571603,119.34253332849498,120.41793060302734,9149400
PG,2021-04-20,118.85770330340104,122.1632239166681,117.70297692119806,121.42279052734375,10040500
PG,2021-04-21,121.54621901828403,122.14562719665305,120.4091256309286,120.6294937133789,8465900
PG,2021-04-22,120.08832359509907,120.46090893779625,118.9262092684419,119.43186950683594,7338300
PG,2021-04-23,119.6980029364123,119.83107784401682,118.20766143226642,118.81977081298828,6708300
PG,2021-04-26,118.42059137740462,118.6601018826766,116.36248494225309,116.44232177734375,9910600
PG,2021-04-27,116.42457597752355,117.00119332451165,115.58180880480467,116.371337890625,8296800
PG,2021-04-28,116.84149856635335,116.96569367417409,116.10519416418346,116.56648254394531,6262800
PG,2021-04-29,116.48665410206615,117.97700903924977,116.48665410206615,117.55118560791016,6786800
PG,2021-04-30,117.76410375828029,118.58024507523022,117.32941405779742,118.35846710205078,9188600
PG,2021-05-03,118.89962445341776,120.36335389032891,118.89962445341776,119.76012420654297,8070300
PG,2021-05-04,119.74235929101772,120.49640981308305,119.05929288085615,119.3520278930664,9624000
PG,2021-05-05,119.20123594229287,119.73350856051843,118.3141239360869,118.39397430419922,8295900
PG,2021-05-06,118.88185946497721,120.08833217641255,118.80202264360543,119.8843002319336,9771100
PG,2021-05-07,119.83105954452574,120.67381301897645,119.5471772806574,119.89315032958984,6299100
PG,2021-05-10,120.54964960256453,122.79404188830316,120.37222990913259,122.12870788574219,8852700
PG,2021-05-11,122.85611166151263,123.1222343586619,121.06414212861775,121.52544403076172,10973700
PG,2021-05-12,121.08188747380831,121.53430959267226,120.1947757249567,120.23912048339844,8853700
PG,2021-05-13,120.54964860833655,122.89162373658566,120.10609261028745,122.17306518554688,8753600
PG,2021-05-14,122.12870591216036,123.39728309539582,122.12870591216036,122.4303207397461,5989500
PG,2021-05-17,122.39480407910901,123.37063237753925,122.07544332110005,122.18189239501953,7690700
PG,2021-05-18,121.05531697241257,122.270656156072,120.78030086492785,120.93112182617188,9239100
PG,2021-05-19,120.70044873586419,121.38352872176925,120.28350503997119,121.17949676513672,9806800
PG,2021-05-20,121.34805147525469,123.0513185247276,121.28596067055048,122.42146301269531,8768200
PG,2021-05-21,122.5988827156075,123.25535050626385,122.2262972786152,122.42146301269531,10161000
PG,2021-05-24,122.42145722313279,123.13114953747443,122.18193319058831,122.38597869873047,6981300
PG,2021-05-25,122.4658012728164,122.84725289481493,121.3125530883094,122.80289459228516,8142400
PG,2021-05-26,123.12225642364187,123.18436075494063,122.3061150882025,122.52789306640625,8122900
PG,2021-05-27,122.527901665754,122.66984283046708,119.4585018122971,119.74237060546875,33095700
PG,2021-05-28,119.89315212499287,120.76253141892015,119.44072998846045,119.62702941894531,10477100
PG,2021-06-01,120.46092579587837,120.64722526142502,117.52458740568404,117.87944030761719,9993900
PG,2021-06-02,117.98589682539229,118.54478172090364,117.56008685256482,118.39397430419922,8254100
PG,2021-06-03,118.18993267780233,120.56739997135841,118.16332039964266,120.51417541503906,11249800
PG,2021-06-04,120.38108913853966,121.19723050975385,120.1149528457786,120.60286712646484,6894400
PG,2021-06-07,120.96658135906489,121.3923912884244,120.36333821757312,121.01980590820312,8418000
PG,2021-06-08,121.25045442577064,121.3125587594663,119.53833486536075,119.61817169189453,6911500
PG,2021-06-09,120.24802814071809,121.03755723877943,119.52946962336783,119.57381439208984,6200700
PG,2021-06-10,119.77784821949015,120.95770862839849,119.42299535050294,120.4609146118164,6515500
PG,2021-06-11,120.42544675462214,120.53189585661607,118.78428423886047,119.63591766357422,10641400
PG,2021-06-14,119.7423886603275,119.78674697302054,118.83754405542103,119.6802978515625,6302000
PG,2021-06-15,119.93752208474146,120.32785347323775,119.3609047838965,119.4496078491211,5543400
PG,2021-06-16,119.91980454551083,120.27465749946722,117.67541206472903,117.79074096679688,8936400
PG,2021-06-17,117.82620881625003,119.01493551113647,117.6753878816532,118.86412811279297,7875600
PG,2021-06-18,118.28751128719378,118.29639107043113,117.0455598969091,117.12539672851562,13997600
PG,2021-06-21,117.71087442507806,118.21652114451882,117.4536044063472,118.04798126220703,8014800
PG,2021-06-22,118.02135273197644,118.89073207755327,117.87942512573639,118.09232330322266,6550900
PG,2021-06-23,117.94152074683988,118.30523986328167,117.38264947179218,117.92377471923828,5796000
PG,2021-06-24,117.94151200912965,118.26087280103401,117.7197340574253,118.00361633300781,6056700
PG,2021-06-25,118.21652372750917,120.23913772197106,117.94152121173849,119.68913269042969,24504900
PG,2021-06-28,119.67139217187669,120.78916185034095,119.54719704496439,120.04399108886719,6065400
PG,2021-06-29,120.21251599652321,120.49639827193508,118.71330841435451,119.22782135009766,5792300
PG,2021-06-30,119.38750940471594,120.0173512115753,119.1302393986732,119.69799041748047,5776600
PG,2021-07-01,120.14157763765454,120.77143314493159,119.68915536820577,119.97303771972656,5922300
PG,2021-07-02,120.29237184282816,121.21496220756627,120.13268467154985,120.5584945678711,5572000
PG,2021-07-06,120.22142974748692,120.91337606900443,120.07948856967417,120.6294937133789,6534400
PG,2021-07-07,120.673832635504,122.05772505619693,120.673832635504,121.53433227539062,5532700
PG,2021-07-08,121.52545082615748,121.88915637801603,120.54962242787384,121.51657104492188,7585200
PG,2021-07-09,121.74725070113178,122.11095631848605,121.39239779410352,121.56095123291016,5948700
PG,2021-07-12,121.44564229795299,121.95130269744597,121.02869852385557,121.65855407714844,6807300
PG,2021-07-13,120.99317921436919,122.039978188933,120.99317921436919,121.50770568847656,5603800
PG,2021-07-14,121.54320969264505,122.62548741060967,120.9754585566845,122.4037094116211,5903600
PG,2021-07-15,122.43035146999131,123.53924173467362,122.1553488501514,123.4505386352539,7357100
PG,2021-07-16,123.57471899812415,124.88764112405627,123.40616553228531,124.64811706542969,9346300
PG,2021-07-19,124.47955706066476,125.85456977337353,123.14000933424559,124.58600616455078,9544100
PG,2021-07-20,124.58599584294468,125.9521421958996,123.8763036245739,123.92066192626953,8136300
PG,2021-07-21,124.15128810466753,124.37306604466738,123.29966839536878,123.48595428466797,6954700
PG,2021-07-22,122.55758948225832,123.48599611449501,122.0398404859363,123.01287078857422,6013800
PG,2021-07-23,122.72717697969382,124.95890488181925,122.3701059639082,124.78929138183594,7906000
PG,2021-07-26,124.63757361946342,125.70881423705961,124.2805024945249,125.22675323486328,5925800
PG,2021-07-27,125.11067042747942,126.4229276252016,124.97677219154335,125.73556518554688,7075400
PG,2021-07-28,125.57487074901465,125.57487074901465,123.82520360716248,123.86982727050781,8520000
PG,2021-07-29,124.76251806078993,125.13744673278538,123.84304720821822,124.51256561279297,5430500
PG,2021-07-30,126.7621607123987,129.02959055144927,126.36045236399612,126.96747589111328,14394300
PG,2021-08-02,126.55685559240996,127.14602152691292,125.69094389943251,126.6550521850586,7009500
PG,2021-08-03,126.63717777799971,128.73500760620976,126.33366603050165,128.50289916992188,8455700
PG,2021-08-04,127.69056889753912,128.62789757005174,127.07462328780915,127.14602661132812,6628000
PG,2021-08-05,127.96730441267096,128.14583994994072,126.2890403952809,127.20851135253906,5363300
PG,2021-08-06,127.68160595661027,127.76194488585699,126.06583725751798,126.2354507446289,6030100
PG,2021-08-09,126.71753636282197,127.28885829077896,126.49436352187956,126.9228515625,4743800
PG,2021-08-10,126.68180446900732,127.2174109866128,126.4586316813252,127.003173828125,5253500
PG,2021-08-11,127.42276790544695,127.8691135794057,127.1817374275203,127.31563568115234,4205000
PG,2021-08-12,127.78874976299662,127.78874976299662,127.07460764460393,127.61021423339844,4956100
PG,2021-08-13,127.61023702376285,128.53864373770125,127.37814215597336,128.2261962890625,4888800
PG,2021-08-16,128.25298464992952,129.16353378312405,127.99411011141078,129.118896484375,6040800
PG,2021-08-17,128.9046282183477,129.97586875812038,128.44936052391682,129.3331298828125,7577000
PG,2021-08-18,129.17243855627206,129.3331300860462,127.81554385944659,127.92267608642578,7162000
PG,2021-08-19,127.79767836396755,129.69017939211062,127.79767836396755,129.43130493164062,5787200
PG,2021-08-20,129.66341799092152,130.3150788594343,129.2438519686408,129.5205841064453,5273800
PG,2021-08-23,128.80644294033343,129.74377168429712,128.75288363291673,128.86001586914062,4522200
PG,2021-08-24,128.5564412337749,128.68141744372295,127.63697048457456,127.81550598144531,4560400
PG,2021-08-25,127.71729112992358,127.77085040346606,126.98527806782467,127.3602066040039,3861500
PG,2021-08-26,127.26206882676766,127.39598069384108,126.28903858441971,127.13709259033203,4749400
PG,2021-08-27,127.19065053728067,127.44953863803919,126.44079312663372,127.03889465332031,4741200
PG,2021-08-30,127.2977776951297,127.64592673776482,126.80679478336542,127.59235382080078,3845800
PG,2021-08-31,127.69056497506811,128.12798864117417,126.8068092544266,127.11032104492188,9642400
PG,2021-09-01,127.05676504843657,128.7171715509244,126.9674904623737,128.40472412109375,6214200
PG,2021-09-02,128.52075680841796,129.19919723601137,128.17260777537322,128.50289916992188,5392500
PG,2021-09-03,128.33329025211964,128.8778324639552,128.11905306804508,128.59217834472656,5466400
PG,2021-09-07,128.8332294155851,128.99390732935456,127.91374474169726,128.11013793945312,6520600
PG,2021-09-08,127.72628098267242,129.38668745139907,127.66378604942125,129.0831756591797,6897800
PG,2021-09-09,129.0563672425031,129.33309932204452,128.2350793903731,128.53860473632812,6354700
PG,2021-09-10,128.60106405132223,128.95814862629254,127.94048142504872,128.66355895996094,5750000
PG,2021-09-13,129.3063195374618,131.4309152285375,129.3063195374618,130.0472412109375,9952500
PG,2021-09-14,130.44900685493667,130.65432207587577,129.39562385348472,129.82411193847656,5831800
PG,2021-09-15,129.75267681447735,130.12760549964727,129.20813461476658,129.54734802246094,6237100
PG,2021-09-16,129.29738215733153,129.60982950659883,127.49415585204324,128.64572143554688,6142100
PG,2021-09-17,128.8778691331679,130.58291318895937,128.7528928664361,128.85108947753906,18737400
PG,2021-09-20,128.7439446158529,129.30634451221962,126.73538912470177,127.5566635131836,10238700
PG,2021-09-21,127.63698990816766,129.02066405690547,127.54772895684134,127.75304412841797,6651300
PG,2021-09-22,128.3868839207261,128.86000927387892,127.52989418174957,128.19049072265625,6332500
PG,2021-09-23,128.6011088559659,129.16350874411947,128.09228188876045,128.7171630859375,5171200
PG,2021-09-24,128.36901633898648,128.94926025656144,127.73519949949446,128.14584350585938,5009400
PG,2021-09-27,127.78875766699062,127.80661530747129,126.33368007044763,126.45865631103516,5749700
PG,2021-09-28,125.91409241847848,126.19974651013354,124.58397766972901,125.50344848632812,7015300
PG,2021-09-29,125.21781189953502,127.36918757056486,125.13745933064281,126.78002166748047,5460000
PG,2021-09-30,127.3334883509921,127.42276293085415,124.55721782249883,124.79824829101562,6934900
PG,2021-10-01,124.91426325139908,125.18207331460924,123.4770436089887,124.6018295288086,5587200
PG,2021-10-04,124.43223427966291,125.33384754923807,122.83432291647767,123.89661407470703,5816000
PG,2021-10-05,123.90555208064976,125.44098216814868,123.83413514386051,124.37867736816406,6902700
PG,2021-10-06,124.07513723281285,126.10153616264215,123.74483227301403,126.03905487060547,5332900
PG,2021-10-07,126.53897291211273,127.68161651607029,126.53897291211273,127.04781341552734,5334600
PG,2021-10-08,127.02101538999717,127.3156050986131,125.90515147314245,126.52111053466797,6131800
PG,2021-10-11,127.0924370767648,127.44952171636791,126.55683054943944,127.04781341552734,5995600
PG,2021-10-12,127.29779048141332,127.69056322888888,126.49436010290277,126.86036682128906,6734800
PG,2021-10-13,127.11923009512445,127.44059949388252,125.8962474266171,127.15494537353516,5689800
PG,2021-10-14,127.50309392105548,128.82427316793655,127.48523628192007,128.59217834472656,6777800
PG,2021-10-15,129.01177520601004,129.32420904803305,128.26190401809498,128.92250061035156,6923700
PG,2021-10-18,128.14585166140472,128.27974992124712,126.8514518711662,127.06568908691406,9119000
PG,2021-10-19,124.1555400064176,125.70882817706587,123.90558746696502,125.56599426269531,9555300
PG,2021-10-20,125.11068157079849,126.7264642828684,124.84288507507434,126.05694580078125,7352700
PG,2021-10-21,126.52401041623311,126.79348073485468,125.01498485545011,125.14972686767578,6545500
PG,2021-10-22,125.20361613957057,126.65873664813257,125.14074749955876,126.49706268310547,5265000
PG,2021-10-25,126.11982382178113,126.57791381305418,124.8982368058886,126.51504516601562,5382100
PG,2021-10-26,127.20665077662557,128.6078799214523,126.86533451431463,128.3114776611328,6234900
PG,2021-10-27,128.57195172359212,129.05698729025255,127.26952795369073,127.39527893066406,9643500
PG,2021-10-28,127.44920615618038,128.338454269062,127.28753215701958,128.15879821777344,4538500
PG,2021-10-29,127.6916967865555,128.87734691484422,127.56594580770928,128.43722534179688,6239500
PG,2021-11-01,128.7695717841748,129.16479308525354,127.98812020620605,128.1228485107422,5038900
PG,2021-11-02,128.1947121115625,129.86541166826038,127.79949079834773,129.39833068847656,9954300
PG,2021-11-03,129.46120160484182,130.3414584573825,128.91328368823582,130.28756713867188,7620100
PG,2021-11-04,128.3024820072697,130.59295896788728,127.85336941522031,130.53009033203125,6402500
PG,2021-11-05,130.63787668656576,131.473219552756,130.06301310061352,131.1768035888672,6062700
PG,2021-11-08,130.69178056018654,131.23072122008645,129.3624109598185,130.19775390625,5854400
PG,2021-11-09,130.26957971345766,130.98816250459845,129.86538117651182,130.5929412841797,4873100
PG,2021-11-10,130.90732617181175,132.3175323996824,130.7725841882933,131.87741088867188,7334900
PG,2021-11-11,131.91338809543498,132.01219344164045,131.32954704429608,131.5001983642578,4096300
PG,2021-11-12,131.80559333033966,132.11098666118497,131.1229332898252,131.64390563964844,5687400
PG,2021-11-15,132.06608321963012,132.71280662248037,131.56307917426489,132.39842224121094,5510200
PG,2021-11-16,132.38945070139297,133.4673185179274,132.04812063892112,132.20980834960938,7603900
PG,2021-11-17,132.0121783471585,132.7397386742845,131.51815167261898,132.1289520263672,4900200
PG,2021-11-18,132.07502144604334,133.00918328735497,131.59896320788906,132.14688110351562,5509300
PG,2021-11-19,132.89239589421132,133.14389781645357,131.85045152730672,131.87741088867188,6274300
PG,2021-11-22,132.01219219761944,133.78169738654893,131.88644118598228,132.75772094726562,6625400
PG,2021-11-23,132.78458554557392,134.28461944923777,132.64086627549472,134.23072814941406,7912800
PG,2021-11-24,133.62897194998683,133.7277772739971,132.6498960281289,133.53016662597656,5665200
PG,2021-11-26,133.45830372753917,134.48227992162958,132.31755386995007,132.46127319335938,6299800
PG,2021-11-29,132.74870395568854,134.4283944968063,131.85047870373472,133.85353088378906,7113300
PG,2021-11-30,132.7666970053419,133.42239772365735,129.4522430159022,129.8654327392578,11696400
PG,2021-12-01,130.10795990295236,132.820590851807,130.10795990295236,131.5001983642578,8313500
PG,2021-12-02,132.04810296562468,133.35054067986167,131.98523431853957,132.2726593017578,9468800
PG,2021-12-03,132.95529246981408,134.73377445498798,132.63193086288896,134.62599182128906,11200800
PG,2021-12-06,134.90447912382947,136.88057232279198,134.90447912382947,136.6649932861328,11935100
PG,2021-12-07,136.48530634810544,137.051192568299,135.8745198358814,136.3056640625,7913400
PG,2021-12-08,136.23382710729294,137.12307507207996,134.98529451142863,136.91647338867188,8329300
PG,2021-12-09,136.80866520887372,138.49733281261913,136.17093305185247,137.71588134765625,8334300
PG,2021-12-10,138.19193385711083,139.94347001962316,137.81466726288323,139.63807678222656,7172300
PG,2021-12-13,139.49437955748385,142.21600088055033,139.14407226953955,141.6231689453125,8944000
PG,2021-12-14,141.82975022662518,142.4854644752368,140.7159597768285,142.14413452148438,8677500
PG,2021-12-15,141.59622648710206,143.3926769696615,141.59622648710206,142.6920623779297,9152600
PG,2021-12-16,142.5752781696219,144.9016917889671,142.29683055834448,144.7130584716797,10852900
PG,2021-12-17,144.30887313608156,145.26098971594527,141.2998130416098,141.43455505371094,24349400
PG,2021-12-20,140.6620947571707,142.33279445004763,140.63514909323973,141.79385375976562,9202600
PG,2021-12-21,141.60518943622876,142.05430201129553,140.83271525888074,141.70399475097656,6946000
PG,2021-12-22,141.71301834190984,143.33880404434822,141.26390566363045,143.1052703857422,6626300
PG,2021-12-23,143.2669066137365,144.54238463920336,143.2130152994788,143.80584716796875,5640900
PG,2021-12-27,144.31785431975626,145.50351827001847,144.26396299580438,145.4855499267578,4548600
PG,2021-12-28,145.476569380872,146.75204760748287,145.45860103800996,146.26699829101562,5929400
PG,2021-12-29,146.59937246881395,148.1892215467317,146.48259878182054,147.47962951660156,5346100
PG,2021-12-30,147.6682607838571,147.83892581493257,146.06044323403137,146.20416259765625,5911500
PG,2021-12-31,146.28496313211198,147.06641470503308,145.92567851844996,146.9316864013672,5327000
PG,2022-01-03,145.23404742264552,146.3568290203766,143.6082618620637,146.32089233398438,9317300
PG,2022-01-04,145.77294250100985,147.65922065520158,145.67413719377453,146.83285522460938,9253800
PG,2022-01-05,146.80593657466002,148.49460442502405,146.76999988951252,147.49757385253906,9330200
PG,2022-01-06,147.61437218213672,148.38684664363234,146.0604459384401,146.258056640625,7556000
PG,2022-01-07,146.52749236490496,146.886776989798,145.46757942155963,146.17718505859375,6098500
PG,2022-01-10,145.97059564828615,146.5185136560927,143.86875163374873,144.18313598632812,8055000
PG,2022-01-11,143.9136806611343,143.9136806611343,140.94055665659496,142.512451171875,11957900
PG,2022-01-12,142.15314370911966,143.14119710948304,141.76691337450683,142.82681274414062,7127500
PG,2022-01-13,143.09626256350452,143.22201355042858,141.7219790257524,142.18006896972656,6551000
PG,2022-01-14,141.98250661030852,144.15621060283416,141.52440284891216,143.54541015625,10708000
PG,2022-01-18,142.39563186290846,142.39563186290846,140.1590463064118,140.77882385253906,10988400
PG,2022-01-19,141.56930331953077,147.4796279909112,140.99443962200786,145.51251220703125,14088300
PG,2022-01-20,144.6004014139604,148.40235419527994,144.6004014139604,146.29818725585938,10799100
PG,2022-01-21,147.2012356785817,149.3234675944695,146.38847363155298,146.85806274414062,10900400
PG,2022-01-24,147.5895716679488,148.21269575374018,143.33609524031576,145.66603088378906,14838100
PG,2022-01-25,144.89838544470643,145.66600473021686,142.5865155784684,144.0765838623047,9369600
PG,2022-01-26,142.0898309639564,144.1036983306154,141.22288659663886,142.82131958007812,10707100
PG,2022-01-27,143.34512151820192,145.7111878940114,143.20966575119334,143.70635986328125,9083000
PG,2022-01-28,143.23674630211968,145.34993879003682,142.07178545257548,144.9435577392578,9494200
PG,2022-01-31,143.9050477263328,145.07903453665833,143.47156168145722,144.89842224121094,8950100
PG,2022-02-01,145.20546593006068,145.6660431347296,142.4420578213872,144.2572479248047,6284100
PG,2022-02-02,144.61841080997897,147.0567102313278,144.01335229363227,146.83998107910156,7558800
PG,2022-02-03,146.2800979239245,148.98932316992295,145.9549903432114,148.23074340820312,10474500
PG,2022-02-04,147.31865932834074,148.54684213104858,145.76536890786215,145.8737335205078,8959900
PG,2022-02-07,146.1807458265884,146.53294452536176,144.19398358274304,144.78099060058594,6430500
PG,2022-02-08,145.5034587649855,145.63892830073632,144.17593723765745,144.45590209960938,5048700
PG,2022-02-09,144.81713048780816,145.06999042547048,143.83278188906323,144.13079833984375,8077400
PG,2022-02-10,143.67025866402778,144.04052287638808,141.46675253562765,141.9363555908203,7033000
PG,2022-02-11,142.69492269303066,143.20968222655077,140.5004563360292,141.14163208007812,9341400
PG,2022-02-14,141.00616874815134,141.83699632318266,138.49562065973387,141.5480194091797,9472200
PG,2022-02-15,142.47817317057726,143.8779424375026,140.97906508393893,141.62025451660156,6659200
PG,2022-02-16,141.62927844238362,143.39027224152863,141.12355855953513,142.6949005126953,9315700
PG,2022-02-17,143.02903743658368,144.83518762002902,142.0988711944959,144.3294677734375,7925500
PG,2022-02-18,144.0404326911791,145.4492271948595,143.4263484325812,144.4016571044922,8063200
PG,2022-02-22,144.59134564640974,145.28671728768256,141.47573950487748,142.6226348876953,8179500
PG,2022-02-23,142.95678982023958,143.2277151038073,140.51848982779455,140.84359741210938,6273000
PG,2022-02-24,140.55457899505086,140.86162115850166,135.96695678059416,137.05064392089844,13145100
PG,2022-02-25,137.56545558952124,143.53478359109585,137.49320791536155,142.9026336669922,8888800
PG,2022-02-28,141.14160478597148,141.9543806638538,138.9110219115764,140.78038024902344,8669200
PG,2022-03-01,139.35352989889918,140.33787854555285,137.5744706781518,138.45045471191406,8311900
PG,2022-03-02,138.13438611563518,140.04890109489145,137.80927849841868,138.88392639160156,6111300
PG,2022-03-03,138.86587060570955,140.7532943747151,138.86587060570955,139.398681640625,7451200
PG,2022-03-04,138.2788575251645,140.29272495784056,137.76411187391432,140.1030731201172,8639100
PG,2022-03-07,139.51606780071515,139.54315894951122,136.49076090672597,138.02598571777344,8374500
PG,2022-03-08,137.42996762172456,138.125339334998,132.37275512656845,132.56239318847656,9517200
PG,2022-03-09,134.40469195412098,135.8857348222173,133.4835513349895,134.3505096435547,7044100
PG,2022-03-10,133.47450373440714,133.9079759279461,129.9886332659149,130.89170837402344,9221000
PG,2022-03-11,131.30713739543532,131.99348341266997,129.1668534370976,129.33843994140625,7086100
PG,2022-03-14,130.449207726637,131.88509396372987,129.45583329096604,130.99105834960938,7964600
PG,2022-03-15,132.76105986347272,135.9489137289759,132.6526952656119,135.70509338378906,9868400
PG,2022-03-16,136.03020680247428,137.07776344641712,133.6912318194273,135.24452209472656,6908900
PG,2022-03-17,135.4522618477382,135.8857341098309,134.10667476311193,135.6689910888672,6003800
PG,2022-03-18,136.24690999692666,136.24690999692666,133.8718323062378,135.59669494628906,15570300
PG,2022-03-21,135.85859032539247,136.7435998701126,134.77490320004526,136.1114501953125,6937500
PG,2022-03-22,138.55881306995937,138.71234797106968,135.93087486713722,137.1590576171875,7292100
PG,2022-03-23,137.44803179230976,138.17952044157136,136.0843933091081,136.20179748535156,5531900
PG,2022-03-24,136.2650132426185,136.87007195912165,135.605772220135,136.4365997314453,4203100
PG,2022-03-25,136.93329555947923,139.00133168281508,136.8249171663208,138.01698303222656,5047700
PG,2022-03-28,138.7484821968958,138.98327680341964,137.83638114634002,138.96522521972656,4234000
PG,2022-03-29,140.31075684557734,141.3041448469261,139.0916138764647,140.3920440673828,5643400
PG,2022-03-30,137.71893950872015,139.46186766982305,137.21321970611686,139.42575073242188,5779300
PG,2022-03-31,139.1638992432579,139.38062848059155,137.62866031969364,137.98989868164062,7538600
PG,2022-04-01,138.64010153664424,140.39206954063516,137.3216057483332,140.05792236328125,5742600
PG,2022-04-04,138.90194838895638,139.38961655244987,136.59910463426473,139.14578247070312,5992000
PG,2022-04-05,138.72136773064426,142.11692517205762,138.6581458588377,139.6334686279297,7653000
PG,2022-04-06,139.45287314291505,142.04469460220594,139.0194008977696,141.62928771972656,8884700
PG,2022-04-07,142.5684446929413,143.9411225402455,141.7556827114155,143.46249389648438,6889700
PG,2022-04-08,144.22108287871825,144.97063682457602,143.5166854413737,144.5823211669922,6045400
PG,2022-04-11,144.4468704839604,145.58475401566596,143.25481842673733,144.03146362304688,6158400
PG,2022-04-12,143.86890198939298,145.06096781867944,143.31802558885911,143.5979766845703,7221500
PG,2022-04-13,143.66120628258324,144.86229796732107,143.32707286391334,144.00437927246094,5247700
PG,2022-04-14,144.4739787421817,144.76296944471468,143.09227467280445,143.20065307617188,7806500
PG,2022-04-18,143.11934010503043,143.5708776617044,141.35834638996846,141.83697509765625,6034500
PG,2022-04-19,141.57509540725675,144.51911544141012,141.15064898352045,143.95921325683594,7897000
PG,2022-04-20,144.94355739682533,148.5377925318638,144.49201983484144,147.78823852539062,10196100
PG,2022-04-21,148.77173933425883,149.75251990824339,147.50940941298813,147.67288208007812,9365700
PG,2022-04-22,148.24505794626884,148.49933651687013,146.12908609601013,146.43785095214844,9394600
PG,2022-04-25,146.8464975401777,148.29043939378008,145.12103400083234,147.61842346191406,6986800
PG,2022-04-26,147.736498185232,148.6083203915663,145.07564942006763,145.11196899414062,7769500
PG,2022-04-27,145.4934074148802,146.61949440570473,144.4944458677186,144.7214813232422,6754900
PG,2022-04-28,145.793053381039,148.67187458582478,144.63972347069327,148.39942932128906,9306800
PG,2022-04-29,147.5458004053652,147.98170459246927,145.48431462468332,145.8021697998047,10637000
PG,2022-05-02,146.75568364658136,147.1189347326947,141.84263441405352,143.8314666748047,10351600
PG,2022-05-03,143.68615354856584,144.38542640454025,140.77101314898218,141.8607940673828,10344000
PG,2022-05-04,141.51572615909942,143.07773102903604,140.8981825826128,142.90518188476562,7771000
PG,2022-05-05,141.94255336395383,142.8416047966402,139.072822207962,140.27157592773438,8217100
PG,2022-05-06,140.55306429424002,141.88803341217303,139.7357286272857,141.67007446289062,7304800
PG,2022-05-09,139.81748983938843,142.3602752883485,138.71863238261955,141.31591796875,8540800
PG,2022-05-10,141.2614244915893,142.23312876926136,139.79931600435955,140.57122802734375,7447400
PG,2022-05-11,139.88105112296034,141.5792714999,138.35537986911663,138.59149169921875,7692200
PG,2022-05-12,139.41786705327036,139.49959645088717,136.11223301954968,138.02841186523438,9600800
PG,2022-05-13,138.56426672597027,139.60862417185717,136.60267726487567,139.50872802734375,5675500
PG,2022-05-16,139.37249774931615,141.57927526962865,138.0647715785495,140.8709259033203,5971000
PG,2022-05-17,140.88001882300458,142.35120386406064,139.00924923816982,140.47134399414062,6509100
PG,2022-05-18,140.46228264551218,140.54401207720224,131.2628022944759,131.7168731689453,9670700
PG,2022-05-19,130.23661381770975,130.24569024678618,127.684737675725,128.68368530273438,9694100
PG,2022-05-20,129.0922970654518,129.36474226236305,126.39511594459319,128.76536560058594,7786900
PG,2022-05-23,129.7189529584084,132.2526759804684,129.02877027702766,131.7259521484375,7134500
PG,2022-05-24,131.58064139079386,134.35047615844343,131.51707868184016,134.06895446777344,7207400
PG,2022-05-25,133.59670981546964,133.62395295458944,130.31831812235674,131.87124633789062,8217800
PG,2022-05-26,133.0245819091797,133.84191768940033,131.71685574653992,133.0245819091797,5702600
PG,2022-05-27,133.46955971998855,135.05880737304688,133.1607949302508,135.05880737304688,6028800
PG,2022-05-31,133.76019108978352,135.30404313698756,132.7340003441215,134.29600524902344,12416700
PG,2022-06-01,134.40496411450044,134.5139366781457,131.41718418504348,132.26174926757812,7036000
PG,2022-06-02,132.5614299493501,133.73292651169015,129.52824034276142,133.68753051757812,6479800
PG,2022-06-03,132.91559716624664,133.6875230228508,131.78949666114954,132.48876953125,4720700
PG,2022-06-06,133.832855795759,134.0780579675564,131.30822264064375,131.97117614746094,4751100
PG,2022-06-07,130.4726950243224,133.6602668811058,130.25473606341998,133.44232177734375,4918600
PG,2022-06-08,132.8611167292716,132.9791657125301,131.67145346941638,131.78042602539062,4369600
PG,2022-06-09,132.0528641531193,133.39690974719034,129.2648629845327,129.40109252929688,4625700
PG,2022-06-10,127.9480624813374,130.00045739666714,126.64033643162132,128.9106903076172,6630800
PG,2022-06-13,126.68573622362682,127.58480127571946,124.98751609347997,125.4597396850586,8549500
PG,2022-06-14,124.87857111179055,124.94214768778528,120.36510535905643,121.54569244384766,9980200
PG,2022-06-15,122.09055769535436,122.50829506716126,117.60433601925341,120.33783721923828,12178100
PG,2022-06-16,118.99379609844782,122.66269602601446,118.60330185085247,121.07344818115234,9683300
PG,2022-06-17,120.38325519768227,121.92709323498354,119.35705069641774,120.20162963867188,17113300
PG,2022-06-21,122.25399890503735,124.4153800140179,121.17330835054707,123.84324645996094,9017000
PG,2022-06-22,123.21665978020508,126.85831688278915,123.20758335173402,125.77762603759766,8374500
PG,2022-06-23,126.2771009969589,129.39202024926007,126.14087143323943,129.2285614013672,6418300
PG,2022-06-24,130.9540414153164,131.89851662298832,129.97324663372345,131.09027099609375,19440600
PG,2022-06-27,130.8813567966951,131.46256683904997,129.60088773239826,130.09127807617188,5618500
PG,2022-06-28,130.35464558352794,130.85412625954294,127.66655407520642,127.9753189086914,6077300
PG,2022-06-29,128.59286440796126,129.7371179092915,128.18418957585433,129.1377410888672,5174600
PG,2022-06-30,128.67459116843756,131.17198067804344,128.2568399169611,130.58168029785156,7410100
PG,2022-07-01,130.99036284168864,132.81572265681092,130.22751328782118,132.68858337402344,5937200
PG,2022-07-05,131.2991085016944,132.6794875538824,129.44649195796887,131.4080810546875,5760900
PG,2022-07-06,132.14365956965693,133.9417896473076,131.65326927574978,132.63406372070312,5485200
PG,2022-07-07,131.9438973979144,132.76123321681501,131.3172912843755,132.58868408203125,6623400
PG,2022-07-08,132.5795984200317,133.324267333325,131.29003899875497,131.69869995117188,4294200
PG,2022-07-11,131.8167393228443,133.11538893405464,131.38991168938932,132.62498474121094,5482900
PG,2022-07-12,132.46152889989767,133.42415673929122,131.10839298279998,131.4534912109375,5204400
PG,2022-07-13,131.14474174744004,133.46050577484382,130.96311618506647,132.3162384033203,5075600
PG,2022-07-14,130.554462975272,132.1618778756954,130.29110794477566,131.92576599121094,4867000
PG,2022-07-15,131.9893136523409,132.31624522432375,130.86322679328893,131.74412536621094,6264600
PG,2022-07-18,131.6260887140677,131.7623044557033,130.0186736770395,130.14581298828125,6047500
PG,2022-07-19,131.29004363842088,131.6896143203024,130.44546470691412,130.8087158203125,5943600
PG,2022-07-20,130.77239913110603,130.9721914050166,127.72104259709454,128.54745483398438,8635300
PG,2022-07-21,128.51363695482064,129.2083002115723,127.00546719416771,128.6690216064453,8310200
PG,2022-07-22,128.65986824638662,130.86270119424697,128.57760824761186,130.72560119628906,5292700
PG,2022-07-25,130.52452183662507,132.0052577156847,130.27772787441458,131.6122283935547,5262100
PG,2022-07-26,130.42395328368573,132.0692228184547,129.52820084973894,131.86813354492188,5375700
PG,2022-07-27,131.51167614388487,133.6413844829268,131.19175754663837,133.12037658691406,5500000
PG,2022-07-28,133.57738679440791,135.83505964111993,132.60850965962783,135.33233642578125,7115700
PG,2022-07-29,129.27225837321282,130.25028474980135,126.34734248754937,126.9688949584961,18694700
PG,2022-08-01,126.44791327798514,131.56652759689837,126.38393792122726,130.6159210205078,12590000
PG,2022-08-02,130.8078603199888,131.36542355312181,129.58305385609017,129.74757385253906,7495000
PG,2022-08-03,129.4825042572704,132.78217888182795,128.79697640408335,132.4257049560547,6811000
PG,2022-08-04,132.3982879496794,133.86988833232732,131.63048613696296,132.21546936035156,6124700
PG,2022-08-05,131.39283236524935,132.38912945118466,130.49707991761665,132.27944946289062,4580300
PG,2022-08-08,132.56280684901085,133.87902257754251,132.2885929143834,132.7821807861328,4486800
PG,2022-08-09,133.0564022279617,133.39459152972657,132.0692403758661,132.47140502929688,3977300
PG,2022-08-10,133.34888946379635,133.90645272586318,132.89187085381047,133.72364807128906,4641300
PG,2022-08-11,134.18983208674805,134.6285661454086,132.47143726526332,132.7730712890625,5954300
PG,2022-08-12,133.36716539248326,134.11666861135737,132.49883287971073,134.06182861328125,5038700
PG,2022-08-15,134.24464253671027,135.98132162941837,134.13496253297546,135.78936767578125,6008000
PG,2022-08-16,135.60656425765768,137.65401267769406,135.60656425765768,137.04159545898438,7093000
PG,2022-08-17,136.2829392925727,136.8770578379041,136.08185001170065,136.41090393066406,4834600
PG,2022-08-18,136.0727133770975,137.09644452419445,135.75280872564915,136.89535522460938,3829000
PG,2022-08-19,136.38347542067723,137.6814063680509,135.9355922417622,136.8587646484375,6502500
PG,2022-08-22,136.17327593944606,137.22442722502092,136.0453112726138,136.49319458007812,6380700
PG,2022-08-23,135.67050715411185,135.67965645038515,133.2940192884107,133.8607177734375,5268200
PG,2022-08-24,134.00701070703977,134.60112938027535,132.6450900928611,133.28492736816406,5903200
PG,2022-08-25,132.745633286461,133.24835659130807,132.06925461003252,133.17523193359375,5097600
PG,2022-08-26,133.44943382479812,133.93387243455842,129.8115696024337,130.058349609375,6086600
PG,2022-08-29,129.1534595205394,130.42397067430616,128.89753021957208,129.5099334716797,5272100
PG,2022-08-30,130.16804325788937,130.16804325788937,127.88295021824003,128.12973022460938,5203700
PG,2022-08-31,128.33081429842576,128.76956218607236,126.00916600147296,126.08229064941406,8406900
PG,2022-09-01,125.98176413373102,127.74584944774078,125.00373751724499,127.63616943359375,7446500
PG,2022-09-02,128.34911070227557,129.01635399858563,124.81179096014347,125.36935424804688,7077800
PG,2022-09-06,124.19935734328455,126.08227141240555,123.66006489038905,123.9708480834961,8217200
PG,2022-09-07,124.3364792085056,125.91775965942259,124.32734385746129,125.84463500976562,6609400
PG,2022-09-08,125.23221815892231,126.58500311000994,124.36388570258724,126.0091552734375,7380500
PG,2022-09-09,126.09141120398806,128.9614870501585,125.49729268644693,127.92863464355469,6434300
PG,2022-09-12,127.42594729099315,129.61049594783836,127.151733303071,128.97067260742188,5818700
PG,2022-09-13,128.67812215908788,129.27224060446167,126.00913590858428,126.30162048339844,6350200
PG,2022-09-14,126.74039305289229,127.65443019197774,125.83549126424174,126.60327911376953,6137800
PG,2022-09-15,126.85007345179234,126.95061809529697,124.894034525784,125.6252670288086,5320700
PG,2022-09-16,125.6252860673055,127.1060219986882,125.32365209107901,126.39307403564453,9321500
PG,2022-09-19,126.3199383538312,126.55759695216999,125.43332115333844,126.12799835205078,6056000
PG,2022-09-20,125.59784712116318,126.10970568952065,124.79348997254432,125.68010711669922,5589800
PG,2022-09-21,126.21025645710216,126.31993645647212,124.04399278694162,124.06226348876953,6413900
PG,2022-09-22,124.07140089818148,125.28707191408115,123.61438234846428,124.5009994506836,5061600
PG,2022-09-23,124.016566254343,124.76608348711608,122.43528573145295,123.9251708984375,6523600
PG,2022-09-26,123.92515417102345,125.05856521865537,123.38587561853794,124.04398345947266,7396400
PG,2022-09-27,124.27249861109327,125.16825112415235,120.38784067481738,120.6346206665039,7722200
PG,2022-09-28,121.58522712481579,121.58522712481579,119.91253744566144,120.6346206665039,10455100
PG,2022-09-29,120.53406976945669,120.53406976945669,117.2343952297768,117.6365737915039,7128500
PG,2022-09-30,117.91079615224707,117.94735150270184,115.36063158468639,115.3971939086914,9431900
PG,2022-10-03,116.31121657293829,118.00219072277926,115.79021572459872,117.46289825439453,8477700
PG,2022-10-04,118.00219974217161,119.62003542968728,117.63657651980378,118.9162368774414,7211600
PG,2022-10-05,118.0936050415039,118.90709760257901,117.07902317795171,118.0936050415039,5071100
PG,2022-10-06,117.81024778167617,117.96563242362448,115.48859258235126,115.607421875,5530800
PG,2022-10-07,115.62568511528846,115.69880975185902,113.12122558791471,113.5873794555664,6095400
PG,2022-10-10,112.76477238615712,113.56912261532878,111.67706588168544,113.12124633789062,6923300
PG,2022-10-11,113.05726896586006,114.89447880573294,112.97500198763623,113.55084991455078,5516200
PG,2022-10-12,114.10838652793848,114.99500361758486,113.71535727536282,113.73363494873047,6823500
PG,2022-10-13,112.89272661594863,115.85420493142423,112.35344108903575,115.4520263671875,6910500
PG,2022-10-14,115.85419902764869,116.10098596904997,114.04440255435799,114.3277587890625,5516800
PG,2022-10-17,115.1778370264569,117.2526985372364,115.04073004281665,116.39350128173828,6664600
PG,2022-10-18,118.21241980193082,118.88881227680234,116.68597951877283,117.3349380493164,7114200
PG,2022-10-19,120.32385218043034,121.56694328620335,118.37694855044386,118.42265319824219,9993700
PG,2022-10-20,118.3977981614894,119.45640924078445,116.6119862900333,116.89734649658203,8168000
PG,2022-10-21,116.48312239365035,118.70158185955738,116.4278931941053,118.36099243164062,6394600
PG,2022-10-24,119.19866824177869,120.07316330904627,118.14927135184105,119.08819580078125,6946000
PG,2022-10-25,119.29992258478138,120.75433822428165,118.25972591278216,120.45977783203125,6776000
PG,2022-10-26,120.26645166830517,122.0338700601657,120.03632067464513,121.30664825439453,6612800
PG,2022-10-27,121.50917054577127,122.54015295262558,121.0489085361282,121.39871215820312,6676700
PG,2022-10-28,122.5861744102831,124.74019711164391,122.35604341963992,124.47325134277344,6996400
PG,2022-10-31,124.45485663418596,124.88750408877794,123.58956172500201,123.96697998046875,8346300
PG,2022-11-01,123.99458431995929,125.44901397626936,123.20293309047612,124.16028594970703,6428300
PG,2022-11-02,124.01298984912424,125.68833616363224,122.25478570263735,122.37445831298828,7318100
PG,2022-11-03,121.26062891679807,122.09830917158382,120.55183551297837,121.53678894042969,5204000
PG,2022-11-04,122.7242666363836,124.27074021696446,121.98784462588158,123.7552490234375,5555400
PG,2022-11-07,124.59293797650058,126.28669888722018,124.32597813150085,125.65153503417969,6746800
PG,2022-11-08,125.9460962482298,126.59046021765909,125.00715786644365,125.93688201904297,5266200
PG,2022-11-09,125.9921291425327,127.00471127153077,125.50425249294722,125.63312530517578,5690700
PG,2022-11-10,128.37629101404644,130.37382652978778,127.21642171413819,129.95957946777344,8068700
PG,2022-11-11,129.97801301783934,130.37384572410946,128.05412082885326,129.76629638671875,7175200
PG,2022-11-14,129.342834732073,132.15043601367887,129.112703709746,129.77548217773438,8516200
PG,2022-11-15,130.7972624656217,131.81904475087072,128.59721048787975,129.32443237304688,7732400
PG,2022-11-16,130.2541515714216,131.55209383799865,129.77547513804413,130.47508239746094,6193700
PG,2022-11-17,129.89515569305135,130.42906135403382,128.7445005735417,129.67422485351562,5186300
PG,2022-11-18,130.64075623433476,131.41399297497696,130.04242129014082,131.23910522460938,5671400
PG,2022-11-21,131.69015976972088,133.6508803632815,131.4784431849113,132.90525817871094,6377200
PG,2022-11-22,133.87180533711643,134.20319455569165,133.32869952075438,134.0467071533203,5372900
PG,2022-11-23,134.30443899758018,134.9764315958145,134.00067845392783,134.81072998046875,4296000
PG,2022-11-25,135.12372503665563,135.50114328474353,134.76472120327716,135.05929565429688,2411100
PG,2022-11-28,134.75550580406914,135.63000078191223,134.52537480747458,134.94882202148438,6628200
PG,2022-11-29,134.166407415134,134.45176768095894,133.04336672337539,133.91786193847656,5634200
PG,2022-11-30,134.07434055842955,137.30538940429688,133.5956781002956,137.30538940429688,12396800
PG,2022-12-01,137.64595972098272,138.4099963660597,136.76226450104758,137.38821411132812,6927400
PG,2022-12-02,136.670185601949,138.78739339735753,136.31118184004652,138.64010620117188,4938300
PG,2022-12-05,136.89111622880577,137.77481131267874,136.4860834628306,137.24090576171875,5402500
PG,2022-12-06,137.82086535910045,138.1522545872859,136.49530844635856,137.41583251953125,6866700
PG,2022-12-07,137.16730567029524,138.47444834576217,137.16730567029524,138.299560546875,6175500
PG,2022-12-08,137.5815259362322,139.34893036559222,137.16727889118943,139.293701171875,5187100
PG,2022-12-09,138.7229749133758,139.8736300039746,138.281127291489,138.9254913330078,5868200
PG,2022-12-12,139.20165505951746,140.4351539783267,139.0359534181092,140.35231018066406,6142400
PG,2022-12-13,141.21759062123124,141.97241299946126,138.80580818289067,140.1405792236328,7680600
PG,2022-12-14,140.6468725966082,142.16574580586598,140.07615214311434,140.69290161132812,7385600
PG,2022-12-15,139.66192311715443,139.91966875169453,137.83928925973973,139.10040283203125,7117200
PG,2022-12-16,138.41001421807394,139.06359255647757,137.17651520619086,138.48365783691406,19966400
PG,2022-12-19,138.2811202788041,139.34893151978747,137.3790106664267,138.44680786132812,5881800
PG,2022-12-20,137.45266304201874,138.9070787350008,137.40663402857638,138.50205993652344,5646100
PG,2022-12-21,138.76900153411933,140.49959125529452,138.7413869361076,139.77236938476562,5024700
PG,2022-12-22,139.11879030863417,140.2970598515379,138.8886593190658,140.09454345703125,5904900
PG,2022-12-23,140.20501150473345,140.76653171984168,139.6158766926594,140.49037170410156,3401800
PG,2022-12-27,140.5640208309548,142.05527935607654,140.52720604891536,141.7146759033203,4215100
PG,2022-12-28,142.01843605144546,142.35902542340165,139.82758452223743,139.88282775878906,4197500
PG,2022-12-29,140.66530026045186,141.06113296902524,140.04855073414873,140.46278381347656,3809100
PG,2022-12-30,140.31545397445257,140.54558495378174,138.4836203684839,139.5146026611328,4532000
PG,2023-01-03,138.95308458114755,139.65269175822883,137.26852410181618,139.52381896972656,6447300
PG,2023-01-04,139.91047661663447,141.19920486348173,139.21086924313076,140.1313934326172,7313400
PG,2023-01-05,140.11296042968718,140.36149178978476,138.1982688759571,138.39157104492188,5373800
PG,2023-01-06,139.78156499690223,142.18413302649526,139.68950698506964,141.68704223632812,7882200
PG,2023-01-09,141.24519333902566,142.49710643922035,139.91963663928067,139.95645141601562,5727000
PG,2023-01-10,140.01173667275702,140.56404276603058,138.94392522790963,139.81842041015625,4716400
PG,2023-01-11,140.21424595285217,140.43516276043422,137.48028809035327,138.68617248535156,8691300
PG,2023-01-12,139.64350707696317,139.67112167705096,137.6367712248059,137.90371704101562,7801600
PG,2023-01-13,137.71960240940265,139.04515927652372,137.5447005941461,138.888671875,5535800
PG,2023-01-17,138.80583286749507,140.03934592546224,138.44682900445196,138.48365783691406,9611800
PG,2023-01-18,137.76561326299816,138.01414460826496,134.43330712066515,134.77391052246094,10461200
PG,2023-01-19,132.7481282293499,135.4436661950639,131.75699400057445,131.92372131347656,12683700
PG,2023-01-20,131.83106172097544,132.59987850993656,129.820977689183,132.4331512451172,8603300
PG,2023-01-23,132.794414565678,133.10935328256164,130.32119440505448,130.6546630859375,7473100
PG,2023-01-24,130.3212262977579,131.88667648461103,129.5060772929528,131.36795043945312,6822500
PG,2023-01-25,130.04331779485608,131.30308695463987,128.50565567710674,131.27529907226562,6902600
PG,2023-01-26,131.2845091718968,131.29378121879313,130.3674811191002,130.74725341796875,5398600
PG,2023-01-27,130.67323331094752,130.94185426770662,129.0244052282993,130.2100830078125,6870800
PG,2023-01-30,130.5713110333191,131.64580875885076,129.9414194094478,130.61761474609375,6369300
PG,2023-01-31,130.8214188917618,131.9700366284801,130.38605651526026,131.8866729736328,9373400
PG,2023-02-01,131.60878397251068,133.47991504297602,130.9325885279133,132.63697814941406,7207900
PG,2023-02-02,131.692138671875,132.1923488505186,130.80289811863443,131.692138671875,6444300
PG,2023-02-03,132.2571550230289,132.8129408538587,130.76581098233044,132.0996856689453,5993100
PG,2023-02-06,131.54389504322572,132.12746873090316,130.61759478175438,130.97885131835938,6108100
PG,2023-02-07,129.6542589386616,130.4138178630859,128.55195927923353,129.70057678222656,6278300
PG,2023-02-08,128.81131522703188,129.25593540575446,128.20922569614132,128.35743713378906,7123800
PG,2023-02-09,128.64460191972714,129.06143426589935,126.90315267395103,126.94947052001953,6547400
PG,2023-02-10,126.85683077895688,128.1073419117827,125.81937890440145,128.07028198242188,8108900
PG,2023-02-13,128.70016336604294,130.098871702712,128.5149061365972,129.74688720703125,5081600
PG,2023-02-14,129.81172503409846,129.90436071889823,128.4037446036238,129.01510620117188,5253500
PG,2023-02-15,128.85765889918085,129.05218821686688,127.89431262979718,128.71871948242188,5530300
PG,2023-02-16,127.26441201519899,128.0147130814056,126.48632306759379,127.0328369140625,7595700
PG,2023-02-17,126.52333923414976,129.71907205457842,126.52333923414976,129.6912841796875,8034700
PG,2023-02-21,128.635318360041,130.50644892685193,128.635318360041,129.5986785888672,6899500
PG,2023-02-22,129.66352248432452,131.14560873743505,129.5709009273939,130.14520263671875,6126300
PG,2023-02-23,129.89509031078993,130.7380269967648,128.8483805572792,129.72836303710938,5835400
PG,2023-02-24,128.69090121874632,129.15405139510554,127.90355439946865,128.99658203125,5260700
PG,2023-02-27,129.32079933019,130.11741823907113,128.3203932026958,128.88543701171875,5820900
PG,2023-02-28,128.2462740745922,128.3759555515939,127.16250441660208,127.42186737060547,6709900
PG,2023-03-01,127.87576003286976,128.13512298773648,126.44924964688182,127.5145034790039,7101800
PG,2023-03-02,127.82944984609266,130.08035293939085,127.62566263589012,129.61720275878906,5924600
PG,2023-03-03,130.7843594269198,130.8306772750709,129.65427177630207,130.56204223632812,5259400
PG,2023-03-06,130.3582253152,130.73801179560883,129.62645436431774,130.00624084472656,4943100
PG,2023-03-07,130.08034471625083,130.25634403522903,127.21808017328553,127.42186737060547,5606800
PG,2023-03-08,127.08841574353846,127.54230804103861,126.53264396793345,127.44041442871094,5518800
PG,2023-03-09,127.96837133446837,128.34815782161522,126.06946716717381,126.50482940673828,4467200
PG,2023-03-10,126.8568225503935,127.82018277218239,126.30105085402681,127.07913970947266,5928000
PG,2023-03-13,126.94017816110822,130.90475617587998,126.94017816110822,127.95911407470703,8337100
PG,2023-03-14,128.0980958768015,129.7839696495471,127.27368895887223,129.5431365966797,9219700
PG,2023-03-15,128.57975095668945,131.67359077280898,128.57975095668945,131.37718200683594,8823500
PG,2023-03-16,131.47908722961952,132.57211496867006,131.1734063871165,132.35906982421875,7063400
PG,2023-03-17,131.99781575008595,132.82222259536667,131.0993031717861,132.3961181640625,16018800
PG,2023-03-20,132.92413129097784,134.6840967136144,132.67402618044318,134.4340057373047,8379200
PG,2023-03-21,134.23018043567865,134.5265891831435,132.31273202210366,133.4613494873047,7753200
PG,2023-03-22,133.4242944321672,135.0082742287975,133.2297792764012,133.37799072265625,5729100
PG,2023-03-23,133.60958026913838,134.4247150433293,132.63696198236684,133.19273376464844,5788400
PG,2023-03-24,133.66515398682242,135.94384511430178,133.66515398682242,135.90679931640625,6144800
PG,2023-03-27,136.06425177329285,136.55518980614352,135.11942150088058,135.1935272216797,5917200
PG,2023-03-28,135.74930252912245,135.9994075506386,135.05457735152635,135.57330322265625,4213800
PG,2023-03-29,136.24026314409625,136.4347783109557,135.4806900393857,135.9901580810547,4987700
PG,2023-03-30,136.09205446741453,136.6663561983524,135.51775273647667,136.58299255371094,4117700
PG,2023-03-31,136.85163057777342,137.7316131591797,136.69416120082474,137.7316131591797,7685900
PG,2023-04-03,137.49075905147916,139.00990524831118,136.2495199305879,138.4911651611328,5721700
PG,2023-04-04,139.01915691597262,140.529030995216,139.01915691597262,139.15809631347656,6714300
PG,2023-04-05,140.17703042461642,141.12186071738032,140.01028901567156,140.1121826171875,6094800
PG,2023-04-06,140.67722356396683,141.6869016439266,140.26039125128963,141.00143432617188,5399700
PG,2023-04-10,140.47344016806076,140.49197013234527,138.49115801626152,139.8343048095703,4891800
PG,2023-04-11,140.11221410226455,140.2789555486784,139.42676075096452,139.5564422607422,6311800
PG,2023-04-12,139.23222086125998,141.17745749464294,138.8802221610306,139.93621826171875,6137900
PG,2023-04-13,139.77871905864183,140.6772315410758,138.77832710517774,140.58460998535156,5489500
PG,2023-04-14,140.19556392629676,140.41786696487077,139.41746088862266,139.87135314941406,4478800
PG,2023-04-17,140.0288303585223,140.30672330653096,139.2599993271947,139.9176788330078,4296400
PG,2023-04-18,139.85282818595715,140.41787198624166,139.0376934583336,140.06588745117188,4158400
PG,2023-04-19,140.02882589542313,140.7050212111215,139.6027356383833,140.0936737060547,3837600
PG,2023-04-20,140.159820694385,141.08260447382312,140.159820694385,140.60723876953125,5370900
PG,2023-04-21,144.41954676066806,147.3743014500799,144.0094205688506,145.4728240966797,14876900
PG,2023-04-24,144.68053309226738,146.57269456150817,144.68053309226738,145.7338104248047,8109800
PG,2023-04-25,145.88295034209122,147.21586059593835,145.21183727575288,145.77110290527344,8341800
PG,2023-04-26,144.75509734824962,145.4075643437107,143.86027530967885,144.083984375,4843700
PG,2023-04-27,144.75511743027585,145.97616602461756,144.4848004943389,145.84567260742188,4805600
PG,2023-04-28,145.66856411062844,146.68454953849243,145.18386820397086,145.76177978515625,5754700
PG,2023-05-01,145.43553143161196,146.71250361315194,145.22115245882893,145.93887329101562,3844600
PG,2023-05-02,145.95747370080323,146.27438415298153,145.09994377112068,145.80833435058594,5262900
PG,2023-05-03,146.0040972760402,146.87095739781995,144.87625037458136,145.62193298339844,5775000
PG,2023-05-04,145.50080119491116,145.96685114848523,144.55937118615338,144.9508514404297,4892600
PG,2023-05-05,144.84831938424446,145.69653371028784,144.1865364171631,145.435546875,3989200
PG,2023-05-08,144.80170426836747,145.1558925078338,144.35428614054624,144.75509643554688,4950700
PG,2023-05-09,145.26774888737935,145.3889121810661,143.1518785138735,143.27305603027344,4472100
PG,2023-05-10,143.03071523389772,143.84165175270923,142.0892995312713,143.5713348388672,4754900
PG,2023-05-11,144.29838638773444,144.37295608808526,142.97480620761854,143.9069061279297,3495300
PG,2023-05-12,144.1958150968615,145.45415533165354,143.90686647681457,145.37026977539062,5252900
PG,2023-05-15,145.97616626522085,146.10665968263166,144.13992831990896,145.41690063476562,5414900
PG,2023-05-16,145.28638546567853,146.26509306108926,144.4102094130768,145.16522216796875,5591500
PG,2023-05-17,145.6499044674648,145.9295372421003,143.4501484484933,144.55003356933594,4286900
PG,2023-05-18,142.9002086553931,143.21711915307978,141.3063260670367,142.1731719970703,6997600
PG,2023-05-19,142.11726257615607,142.90955312273908,141.53003513050712,142.7697296142578,4754100
PG,2023-05-22,142.14523853365864,142.23845421522617,138.72443351632867,139.0320281982422,7876200
PG,2023-05-23,138.68715170030302,138.77105150893797,137.0839527972448,137.53135681152344,6116000
PG,2023-05-24,137.56862105360375,138.13720256244667,136.17047120130627,136.39418029785156,5755400
PG,2023-05-25,135.61120578191262,136.28231877948951,134.5486125728682,135.5179901123047,6510300
PG,2023-05-26,135.4620583869377,136.09587939009472,134.90279284779984,135.5272979736328,4716400
PG,2023-05-30,134.091888901167,134.25966005215744,132.68442320679074,133.4580535888672,5561000
PG,2023-05-31,133.43943867763798,134.2037532776104,132.2649835815751,132.82424926757812,19854800
PG,2023-06-01,133.5233072003441,134.33422954097256,132.77762445520574,134.1851043701172,6091100
PG,2023-06-02,134.69774400542593,136.72039897022844,134.58589657485905,136.57127380371094,6124400
PG,2023-06-05,136.13318646002907,137.81096904101764,135.83490767997995,136.03065490722656,4753700
PG,2023-06-06,136.1518425091091,136.3755373879751,133.80294672200318,134.6791229248047,4635900
PG,2023-06-07,134.23168132056625,135.26631262309903,133.72835370814846,134.96804809570312,6194400
PG,2023-06-08,135.47135829069873,136.69240654370412,135.0798781485474,136.49667358398438,4863700
PG,2023-06-09,135.78828344324563,136.81359884744055,134.90279153383003,136.60853576660156,5569500
PG,2023-06-12,137.0186562066154,137.02797208345967,134.73501478104768,135.53662109375,5354000
PG,2023-06-13,134.69776087567413,135.7883161284329,134.48338186599935,135.21041870117188,5321200
PG,2023-06-14,135.44341131936142,136.916130619371,134.99600742528045,136.47804260253906,5693300
PG,2023-06-15,137.17712216617196,138.8549046055453,136.58989475671282,138.37020874023438,5863000
PG,2023-06-16,138.80830261766263,139.89885769350158,138.78965663901943,139.38619995117188,11244900
PG,2023-06-20,139.58193444797192,140.07594616663184,138.05329146098947,138.0998992919922,5340700
PG,2023-06-21,138.1931140850261,139.44213865211307,137.8295957244188,139.29299926757812,4649700
PG,2023-06-22,140.14120476128593,140.84027958206514,139.3302682977368,139.7683563232422,6666800
PG,2023-06-23,140.04799955804398,140.30898637281416,137.91349720380603,138.37954711914062,13843300
PG,2023-06-26,138.04396717298957,138.85488933671826,136.757665073796,138.5193328857422,4353100
PG,2023-06-27,138.3608685541483,139.97339689907173,138.31426072904873,139.83358764648438,5445400
PG,2023-06-28,139.19044435401693,140.09458216475878,137.91347236723627,139.80563354492188,6733300
PG,2023-06-29,138.398177433175,139.5353403525584,137.11188935170173,139.23707580566406,7343000
PG,2023-06-30,139.6565145838299,141.74442325366138,139.61922262715183,141.43682861328125,7058300
PG,2023-07-03,141.19447212787955,142.17317975137505,140.2530564606831,142.1452178955078,3996100
PG,2023-07-05,141.33429636417276,142.10794090018496,141.15719512761748,141.9028778076172,8279800
PG,2023-07-06,140.93347881665036,141.8562626857993,140.52335265258418,141.6698455810547,7958300
PG,2023-07-07,141.40887081542752,141.604603814105,138.6498490733516,138.6964569091797,9169500
PG,2023-07-10,138.82696533072993,140.11326778058935,138.64054818997022,138.7523956298828,5529200
PG,2023-07-11,138.63120405043185,138.92948282361672,136.98139758791518,138.0253448486328,5150300
PG,2023-07-12,137.978713433552,139.25568543408286,137.61519513005064,138.7430419921875,6764600
PG,2023-07-13,138.8828352398027,139.36753099615294,138.13715274296632,138.8362274169922,5561400
PG,2023-07-14,139.13453558839083,140.40219183482466,138.6311937517126,139.861572265625,6128900
PG,2023-07-17,139.48872545646861,139.96410544363113,138.8549044372037,138.87355041503906,4625300
PG,2023-07-18,138.5473245307918,140.26238488337515,138.30498368402957,139.13455200195312,5351200
PG,2023-07-19,139.39555176348819,140.57932269420766,138.75240051591052,140.08529663085938,6203600
PG,2023-07-20,140.2738439707957,141.39940853948983,138.95129880422337,141.22119140625,6445400
PG,2023-07-21,141.77456263281113,144.13825775677947,141.35247779589855,143.44415283203125,9938400
PG,2023-07-24,143.35975216184514,144.40090249037368,142.8532531725497,143.90377807617188,5549500
PG,2023-07-25,143.9600299194911,144.31646408565015,142.99391929131616,144.24142456054688,5883800
PG,2023-07-26,143.6223655776153,145.23567965801814,143.40663587858663,144.39151000976562,7013800
PG,2023-07-27,144.59786507783772,145.0105753278701,142.49680121963956,142.67501831054688,7191600
PG,2023-07-28,145.06687585642268,147.71195169494092,145.01059977871597,146.7083282470703,9397300
PG,2023-07-31,146.6989217374427,147.89952562539665,145.44204177854203,146.60513305664062,7955200
PG,2023-08-01,146.21116701353787,147.42114531670063,146.20177812806367,146.55821228027344,5718800
PG,2023-08-02,146.29559775790324,147.94642449646207,146.29559775790324,146.87713623046875,5636000
PG,2023-08-03,147.03661537761087,147.91831212598018,146.5207417720297,147.26173400878906,5792700
PG,2023-08-04,147.66502719310918,147.94642185014297,145.52645069937526,145.6483917236328,4785900
PG,2023-08-07,146.01421013717632,147.4024057413703,145.84538191919077,147.18667602539062,4107400
PG,2023-08-08,147.52433219967952,147.85262834087808,146.82085273624807,147.3461151123047,4625500
PG,2023-08-09,147.5524856415401,148.28410321492257,147.0459866724014,147.15853881835938,4293200
PG,2023-08-10,147.42115911559145,148.55611231514678,146.1361411699821,146.42691040039062,4307800
PG,2023-08-11,146.72705705227972,147.69318206415082,146.12675511943362,147.2804718017578,3862300
PG,2023-08-14,147.3836336155434,147.75881691635138,145.85473375571618,146.12673950195312,4297600
PG,2023-08-15,146.12675439824446,146.29559691944786,144.87926335534112,145.18878173828125,6921100
PG,2023-08-16,145.16064859018806,146.0704832459674,143.38788077567185,143.70680236816406,6356800
PG,2023-08-17,143.70679393562781,144.03507577100694,142.37486019695004,142.67501831054688,6419500
PG,2023-08-18,142.21542068804666,143.4066500621411,141.79333582217433,143.07835388183594,5448200
PG,2023-08-21,142.65626870835666,143.30347218038509,141.87774962695497,142.3561248779297,4504700
PG,2023-08-22,142.027811825608,142.71252782797342,141.56820009123874,142.41238403320312,4195600
PG,2023-08-23,143.0126757692564,143.96002289182758,143.0126757692564,143.74429321289062,4522500
PG,2023-08-24,143.08774276902227,145.08561495077205,143.02207780803002,143.07835388183594,4088900
PG,2023-08-25,143.88502653924937,144.522855506691,143.00334410053495,144.01634216308594,3541500
PG,2023-08-28,144.17577392128524,144.79482495681677,143.55670857342773,144.24142456054688,3614700
PG,2023-08-29,144.40087570545575,144.48528980262563,142.59997007086983,144.32583618164062,4034600
PG,2023-08-30,144.54159616946552,145.26382483047104,144.17578739560318,144.4853057861328,3712200
PG,2023-08-31,144.5603379904566,145.5358375461927,144.2883322236095,144.76669311523438,5451400
PG,2023-09-01,145.2919409207582,145.64837506639213,144.0350611503888,144.92613220214844,4126300
PG,2023-09-05,144.26020152701113,145.24507570675732,142.94703118324048,142.98455810546875,5097000
PG,2023-09-06,142.84386096113974,142.9939400331158,142.14038141262097,142.7031707763672,3877400
PG,2023-09-07,143.0314558262823,144.62600648303479,142.91888937489637,144.06321716308594,4824800
PG,2023-09-08,143.90376459045837,143.94129151197288,142.9001412810141,143.44415283203125,3384700
PG,2023-09-11,143.81935611540248,145.47957180539726,143.58486293990208,145.15127563476562,4288500
PG,2023-09-12,145.37639638104807,145.5264611382139,142.16853141034204,142.59999084472656,4537800
PG,2023-09-13,142.55308800397546,144.06322463475516,142.25294418014255,143.59423828125,4040600
PG,2023-09-14,144.30709558003966,145.31071885680416,143.8568584104882,145.17002868652344,4606800
PG,2023-09-15,144.47593074575346,145.68592351777582,143.7255497393382,143.95066833496094,10262400
PG,2023-09-18,144.86985797896625,144.89799601057618,143.98816148898808,144.4946746826172,3536500
PG,2023-09-19,144.21330676125262,144.5040760166199,142.32798673261675,144.07261657714844,4704200
PG,2023-09-20,144.2320630014076,145.17941025570642,143.84749076767474,143.95066833496094,5446400
PG,2023-09-21,143.93191276447416,144.1757948345173,142.6375201275827,142.7031707763672,5096400
PG,2023-09-22,142.98454396308557,143.82871356947115,141.9902953072856,142.17788696289062,6327000
PG,2023-09-25,141.8027074281531,141.89651042408437,140.7146699619201,141.31497192382812,5527000
PG,2023-09-26,140.6771413136021,141.033575518977,139.5609515124145,140.05809020996094,6366500
PG,2023-09-27,140.15186671890606,140.41449790668793,137.53492941482037,138.2008819580078,5403700
PG,2023-09-28,138.65110329641453,138.80116802064595,136.64382838520748,137.2628936767578,6237100
PG,2023-09-29,137.45052825919208,137.6662723087669,135.83722820531625,136.81271362304688,6683300
PG,2023-10-02,135.79969287630942,136.56883739712808,134.9742722807632,136.18426513671875,5153800
PG,2023-10-03,136.16552478413814,137.4036558875909,136.01544568450797,136.46568298339844,4670600
PG,2023-10-04,136.5594440844036,137.2347855839055,135.94037865780552,136.91587829589844,4727800
PG,2023-10-05,136.64384140084783,137.02841360153243,134.77728508806476,134.88046264648438,5205700
PG,2023-10-06,134.69285320841016,135.59329876999988,132.6762037986655,135.15245056152344,7406700
PG,2023-10-09,134.46774291992188,135.0399067376153,132.81691641407573,134.46774291992188,5062200
PG,2023-10-10,135.04930161540904,136.212392883782,134.8054338725701,135.7996826171875,5988900
PG,2023-10-11,136.13737293321256,136.53131979553459,133.7174013683807,134.13011169433594,5469100
PG,2023-10-12,133.93308298011658,135.00237102570887,132.87318381913175,134.4302215576172,5965600
PG,2023-10-13,134.30831195912378,136.03417827618168,134.30831195912378,135.71527099609375,7078900
PG,2023-10-16,136.81269351515465,137.93825785090118,136.43751017401482,137.00967407226562,6509800
PG,2023-10-17,137.04717604700895,137.71314288503126,136.2311444715715,137.1878662109375,6160100
PG,2023-10-18,140.75219809801123,141.91528953914167,139.54221946607123,140.72406005859375,10508500
PG,2023-10-19,141.21580848704497,141.8482149620564,138.92214139453552,139.93211364746094,8146000
PG,2023-10-20,140.68724007095716,141.47067290875708,139.62063648172818,139.74334716796875,7284200
PG,2023-10-23,139.56400018348748,141.11198391250818,139.28082944226105,139.8377227783203,5981800
PG,2023-10-24,139.80940434971697,141.6500069295646,139.7622212293409,141.48953247070312,6322000
PG,2023-10-25,141.24410992264927,142.70714655934995,140.75328166202848,142.15025329589844,6172900
PG,2023-10-26,142.57503835110498,142.88652476466325,141.33854084443257,141.39517211914062,7582100
PG,2023-10-27,140.6211520247636,141.53672923668782,138.07264422362545,138.9032745361328,8131800
PG,2023-10-30,139.60172708171726,141.15915870634623,139.26192512749458,140.8854217529297,5412800
PG,2023-10-31,141.074247416074,141.8293502580749,140.30024827956055,141.6122589111328,6762100
PG,2023-11-01,142.22576287941982,142.22576287941982,140.838253687638,141.21580505371094,5896900
PG,2023-11-02,141.14974056683778,143.14135519916644,140.55509782253486,142.94314575195312,5859200
PG,2023-11-03,143.27349163252623,143.74543806499773,141.2252458439194,141.65000915527344,6587700
PG,2023-11-06,141.92373181600487,142.76379589009466,141.6783248559621,142.47119140625,6480800
PG,2023-11-07,142.45227915418795,142.76376546169618,141.69716214228848,142.1407928466797,6003800
PG,2023-11-08,142.49007830604978,142.7166033840037,141.12142208098595,141.59336853027344,4832600
PG,2023-11-09,141.3385009881057,141.91427612304688,140.75327770826817,141.91427612304688,6581500
PG,2023-11-10,142.37678437938277,142.94312581203036,141.50840474460782,142.91481018066406,5387200
PG,2023-11-13,142.9525581258473,144.32119977129236,142.9525581258473,143.90589904785156,6297500
PG,2023-11-14,143.99085761248244,144.8875529423424,143.16966103652354,143.58497619628906,7982600
PG,2023-11-15,143.52834622639412,143.83983259903272,141.94261313222893,142.92425537109375,7672600
PG,2023-11-16,143.46227569533932,144.31177347700347,142.82042108478248,144.25514221191406,7590500
PG,2023-11-17,144.1513046347356,144.26456715800768,142.42397914153275,142.59388732910156,8495600
PG,2023-11-20,141.7821443709734,142.55612898056913,141.26300044844268,141.83877563476562,6856500
PG,2023-11-21,141.44234451495154,141.59335641978387,140.47956980800572,141.21580505371094,7310400
PG,2023-11-22,141.67834259554084,142.98090511906167,141.67834259554084,142.54672241210938,4372700
PG,2023-11-24,142.69769979502593,143.2262918360881,142.55612164283275,142.88648986816406,2132500
PG,2023-11-27,143.01863758018635,143.13190010455622,142.2824023664607,142.7543487548828,6021300
PG,2023-11-28,142.66938519089126,144.19850125887953,142.66938519089126,143.74542236328125,6110400
PG,2023-11-29,143.74543269047464,143.89645899985769,142.5183835340568,142.65052795410156,5342700
PG,2023-11-30,142.43340906777098,145.0102466244506,141.65942450838264,144.9064178466797,9771300
PG,2023-12-01,144.72710257046157,144.8781288936939,143.68881460156783,144.09469604492188,5685400
PG,2023-12-04,143.25462822861354,143.97198164146,143.1507994344037,143.52835083007812,6578300
PG,2023-12-05,143.6038434411349,144.0474741890366,137.97823627352682,138.52569580078125,11895800
PG,2023-12-06,138.76167698813498,138.90326955141032,137.4685484456558,138.421875,7610000
PG,2023-12-07,138.34639863461993,138.84666075328295,137.82725462393276,138.2803192138672,6119600
PG,2023-12-08,137.73285935309386,138.03491201435796,136.4114149667225,137.0060577392578,6385300
PG,2023-12-11,136.67569869258017,137.68565663495568,136.5341061119505,137.6384735107422,8471200
PG,2023-12-12,137.67619583674374,138.02543154221055,136.9399606506644,137.751708984375,6069200
PG,2023-12-13,137.67621676823046,140.30967157994164,137.28921722878076,140.2436065673828,9055500
PG,2023-12-14,140.13034443758414,140.21529134083357,136.27925972765556,136.54354858398438,10565200
PG,2023-12-15,135.1465628727319,136.15653507215967,134.50472268826866,135.8828125,14550000
PG,2023-12-18,136.0810254052257,139.21475646418787,136.06214351618118,137.96881103515625,8421800
PG,2023-12-19,137.4968646276736,138.129271085381,137.23257579169623,137.96881103515625,5233600
PG,2023-12-20,137.4024825788441,137.87442898148737,135.76953765578224,135.8356170654297,7663800
PG,2023-12-21,136.41139119380531,136.66623187933828,135.0993807807485,136.1659698486328,6104700
PG,2023-12-22,136.39251838291284,137.4591219244477,136.19429454497745,137.12875366210938,4413800
PG,2023-12-26,136.9493943931207,137.9688002821522,136.83613187300395,137.751708984375,3634900
PG,2023-12-27,137.47799070118597,138.1009634517836,137.20426810616337,137.864990234375,4569400
PG,2023-12-28,137.80835240987415,137.81778615316324,136.9022089609669,137.55349731445312,5023000
PG,2023-12-29,137.808327983802,138.7144712720983,137.5534729335532,138.31802368164062,5300900
PG,2024-01-02,138.14812325988453,141.02699860683816,138.10092574875577,140.39459228515625,7238400
PG,2024-01-03,140.01703605953927,140.8287843367641,138.92211709906684,139.5450897216797,7697500
PG,2024-01-04,139.743350012301,140.89490052959852,139.47906114629794,140.30967712402344,7067400
PG,2024-01-05,140.37574522105987,140.51732338690695,138.32749947338817,139.148681640625,5294200
PG,2024-01-08,139.61119211207975,140.56451868658337,139.36577075827725,140.34742736816406,8255300
PG,2024-01-09,140.23417996511273,141.01759842513692,139.74335160722094,140.9232177734375,9786800
PG,2024-01-10,140.97040464192415,141.58392924090325,140.88544333835642,141.5272979736328,8591100
PG,2024-01-11,141.63114018398997,142.3390598972695,140.91377232349544,142.06532287597656,6659400
PG,2024-01-12,142.48060711537258,142.81097533750705,141.4800831091281,142.15025329589844,5684700
PG,2024-01-16,141.7254983958072,142.99975943900137,140.5267649077197,141.3856964111328,8120100
PG,2024-01-17,140.79106269379307,142.1502707189317,140.64947012295494,141.5272979736328,6541400
PG,2024-01-18,140.7968481238372,140.95832155744856,139.5525417579452,140.71136474609375,6526200
PG,2024-01-19,140.81586144168202,141.167302798552,139.92299632502835,140.1699676513672,7848100
PG,2024-01-22,139.60001945951018,140.77784343404807,138.94461799358265,140.4453887939453,11084100
PG,2024-01-23,145.4321308922646,148.55714383927122,145.22316187522972,146.2584991455078,19101600
PG,2024-01-24,146.2109933704667,146.49595241872748,144.46326579844208,144.49176025390625,11592700
PG,2024-01-25,144.75772306086284,147.85425593309242,144.43477622560567,147.81625366210938,10352500
PG,2024-01-26,147.99674237853276,148.3291970601615,147.55030986028672,148.31019592285156,8356600
PG,2024-01-29,148.82312203278607,149.4405358466727,147.60731003739426,148.32920837402344,8987400
PG,2024-01-30,148.50017322467707,150.000944307592,148.00625957229147,149.59251403808594,7794700
PG,2024-01-31,150.0674218903337,150.5518421584399,148.8421022509765,149.26004028320312,8870000
PG,2024-02-01,148.90857168078267,151.31170043189542,148.76608492667128,151.1977081298828,7601100
PG,2024-02-02,150.99827536038907,151.5966879542296,149.63048342796517,150.1623992919922,7937700
PG,2024-02-05,150.2383801762514,151.02676060290972,149.65896875394202,150.27638244628906,6931900
PG,2024-02-06,150.37137104877144,151.09326930049232,149.95343300695842,150.98878479003906,6185400
PG,2024-02-07,151.12174517095488,151.81513438579418,150.77979722367738,151.14073181152344,7209300
PG,2024-02-08,150.8368250962229,151.12178420816687,149.8584765903259,150.68484497070312,6121600
PG,2024-02-09,150.32389012379028,150.3998801836828,149.08909150799693,149.52601623535156,5978000
PG,2024-02-12,149.46901560748134,149.70647909093924,147.69279338917497,149.23155212402344,5482000
PG,2024-02-13,149.83943432632796,150.9982571015266,147.68326217986902,148.43365478515625,6046800
PG,2024-02-14,148.32919658141427,148.32919658141427,147.14187914174545,147.82577514648438,5727300
PG,2024-02-15,148.46216277208214,149.525994468469,148.31967599541755,149.1365509033203,6249200
PG,2024-02-16,149.16506343920406,150.50436103663097,148.8136221026847,149.6114959716797,6617600
PG,2024-02-20,150.7418148966383,151.7771521957178,150.20040569643788,150.56134033203125,6622100
PG,2024-02-21,151.20725222275576,152.3565673828125,151.20725222275576,152.3565673828125,7121000
PG,2024-02-22,151.4637294476545,153.01198165523513,150.6753488664,152.50856018066406,6619500
PG,2024-02-23,152.54657153229027,153.62940460720114,152.12863341677675,152.9550018310547,5486500
PG,2024-02-26,152.954971989537,153.08795095547228,152.04312036415806,152.1855926513672,4531900
PG,2024-02-27,151.4162215747412,151.7866640353172,150.98879019617212,151.31173706054688,3868200
PG,2024-02-28,151.09328651920924,152.09062164927775,150.68484175230142,152.02413940429688,3802900
PG,2024-02-29,151.91013372268193,152.08111496862716,150.2478893270755,150.96978759765625,8348100
PG,2024-03-01,150.12443697393823,151.05528989385553,149.70649886885866,150.8843231201172,4819800
PG,2024-03-04,149.82997383371364,151.74866846109504,149.76347709737166,151.55870056152344,3841600
PG,2024-03-05,151.46372849485152,151.96714996625576,150.8178202241908,151.33074951171875,4481600
PG,2024-03-06,151.6726768111992,151.9671437201106,150.94129968084104,151.56820678710938,5405700
PG,2024-03-07,151.9291360930595,152.84100226038788,151.47321025620582,152.56553649902344,4783900
PG,2024-03-08,151.83415507074548,153.1639447627099,150.35237077933002,152.30908203125,5080200
PG,2024-03-11,153.24943786095685,154.46524979750322,152.75552422609968,153.44891357421875,5170900
PG,2024-03-12,153.70537494885394,154.37026982292875,153.14495009662832,153.80984497070312,4229100
PG,2024-03-13,154.23729071524008,154.56973090518048,153.23994115817646,154.1613006591797,5410500
PG,2024-03-14,154.10432543345487,154.46526011478605,153.0499868640682,153.40142822265625,5848100
PG,2024-03-15,152.64152160913315,153.40140764168606,152.261585839667,153.2874298095703,10956900
PG,2024-03-18,153.38239614986864,154.56022014548859,152.9264703585659,153.12594604492188,6086300
PG,2024-03-19,153.68633403924042,154.0377752759552,153.08792156062444,153.71482849121094,6148100
PG,2024-03-20,153.88582319020668,154.25626562681325,153.3729084678361,153.86683654785156,4870300
PG,2024-03-21,153.96180949870424,154.31326528441414,153.04045009016872,153.74334716796875,5211500
PG,2024-03-22,154.066320560035,154.26579628326047,153.37293117728194,153.55340576171875,6393200
PG,2024-03-25,153.08795729226534,153.55339093911468,151.72016530395945,152.1571044921875,7145600
PG,2024-03-26,152.3185793863279,153.05946430484482,152.10961035868254,152.49905395507812,5842700
PG,2024-03-27,153.26844723014466,154.57925043266474,153.2494460912846,154.4557647705078,6599700
PG,2024-03-28,154.655223745537,154.95916946626946,153.5913774889215,154.11380004882812,7191500
PG,2024-04-01,153.6673792766676,153.94284505366255,151.78667241101232,152.52755737304688,5971900
PG,2024-04-02,151.6346794636948,152.65103011673943,151.6346794636948,152.51805114746094,6771200
PG,2024-04-03,152.57502727842555,152.81249073892556,147.8732391656298,148.31967163085938,9601800
PG,2024-04-04,149.01309916264987,149.20306706265666,147.61681263248641,147.65480041503906,6801700
PG,2024-04-05,147.5028076943229,149.1840531776547,146.93290404299754,148.27220153808594,5121200
PG,2024-04-08,148.14869721454863,148.84208642504217,147.82575040348246,148.21517944335938,5476800
PG,2024-04-09,148.4336804649474,148.88960630162845,147.89225675782154,148.8041229248047,4608100
PG,2024-04-10,147.84474759174702,149.67797307922365,147.84474759174702,149.3550262451172,7784900
PG,2024-04-11,149.64951011639434,149.69700571813942,147.95877104835353,148.02525329589844,8209800
PG,2024-04-12,147.43633274545775,148.14872321504592,146.98040690313525,147.5408172607422,6770500
PG,2024-04-15,148.57615994837474,148.95611024201003,147.54082257375936,147.65480041503906,5754000
PG,2024-04-16,148.0347535196134,149.07009091388815,147.86377226082544,148.12973022460938,6103300
PG,2024-04-17,148.46218892625893,149.2410617001484,147.9302729843593,149.08909606933594,6621900
PG,2024-04-18,149.4590634418801,150.6922953305348,149.09579815689548,150.36724853515625,7819300
PG,2024-04-19,148.15890158424992,151.21805790115945,146.76316835241366,151.17982482910156,12034200
PG,2024-04-22,151.45704850795218,154.19117254506708,150.32899058838535,153.47418212890625,8926300
PG,2024-04-23,154.56402323076117,154.96555074277526,153.35948445634548,154.39195251464844,7707300
PG,2024-04-24,154.10513636639396,155.6920786465493,152.40348028817684,155.4435272216797,7217600
PG,2024-04-25,155.79721900869188,157.0878074298557,154.94639107233516,155.3957061767578,7094600
PG,2024-04-26,155.34792836079123,156.13184490884083,153.4263992367695,154.19117736816406,5659800
PG,2024-04-29,154.07646759934224,154.66917504285138,153.34992252061463,154.54490661621094,4621000
PG,2024-04-30,154.71696195221762,156.16051193208736,154.48753436447114,156.01710510253906,8106100
PG,2024-05-01,156.09359918459185,157.01135337573103,155.0802550194475,156.20831298828125,7543000
PG,2024-05-02,156.34213769485996,157.2503371896686,155.48175506391226,156.62893676757812,5647500
PG,2024-05-03,156.34214335063618,157.4606612334208,155.0228909079387,157.22166442871094,5581500
PG,2024-05-06,157.52757732893218,157.71877186081204,156.0744726296713,157.20254516601562,5472400
PG,2024-05-07,157.71877810657853,158.73212229415785,157.3459436491256,158.46444702148438,6433000
PG,2024-05-08,158.6747774968455,159.04761198274318,157.67098785413356,157.80484008789062,4579400
PG,2024-05-09,157.785698656771,159.00936117077796,157.785698656771,158.73211669921875,4671100
PG,2024-05-10,158.77992530998557,159.9940332512879,158.40709085080874,159.50648498535156,4879400
PG,2024-05-13,159.50647331426006,160.27125141964254,158.08204710665163,158.56959533691406,5725500
PG,2024-05-14,158.2445740304758,158.76081533292344,156.7341123705565,158.46444702148438,6009800
PG,2024-05-15,158.03426040240734,159.34395835351216,157.85262047895597,159.1814422607422,5102700
PG,2024-05-16,159.58293968064467,160.93088516217907,159.25790752667686,160.47201538085938,6793600
PG,2024-05-17,160.290381942,160.60585948788759,159.53515842587487,160.26170349121094,4700800
PG,2024-05-20,160.17565494317307,160.49113246307084,159.4490953504849,159.9462127685547,3804600
PG,2024-05-21,160.37641663838187,161.1220855302633,159.92710146158052,160.94046020507812,5147100
PG,2024-05-22,160.615404117162,161.01691699043857,160.25213890069676,160.42420959472656,4536700
PG,2024-05-23,159.92709466167517,160.71101117925966,158.0438132697372,158.20632934570312,4729800
PG,2024-05-24,158.55047739634134,158.99022332408856,157.88127471003696,158.05335998535156,3820100
PG,2024-05-28,157.25037385718804,157.50847995433324,155.11851143640217,155.9311065673828,6466200
PG,2024-05-29,155.4912959376294,155.57734586288208,154.31543588936825,154.53530883789062,4360400
PG,2024-05-30,154.53533223626445,155.5391217604162,154.3728161551668,155.42440795898438,4748200
PG,2024-05-31,155.29057693301132,157.51802905786568,154.8412617420162,157.2981414794922,10341400
PG,2024-06-03,156.71497783017148,158.92332055961663,156.42819333419823,157.40328979492188,5828400
PG,2024-06-04,157.53711593069895,159.7645677392578,157.1642815259225,159.65940856933594,6277000
PG,2024-06-05,159.65942354060263,159.65942354060263,157.71877061232894,158.74168395996094,5243300
PG,2024-06-06,158.53135496421194,161.16031969518826,157.81436458303656,161.05516052246094,6302000
PG,2024-06-07,160.98824904407496,161.53316878513314,159.49691124969584,159.7072296142578,4558200
PG,2024-06-10,159.43956204416173,160.33819244753872,158.77037384607524,159.98448181152344,4110600
PG,2024-06-11,159.62120111661213,160.12787322012298,158.71301609638746,160.10874938964844,3947700
PG,2024-06-12,160.12785518024734,160.2616928040739,156.99221834727638,157.9099578857422,5474500
PG,2024-06-13,157.23122829965394,159.64987493863384,157.23122829965394,159.08584594726562,4902200
PG,2024-06-14,158.68433378459977,159.58294957412582,157.9768979463347,159.44911193847656,3695000
PG,2024-06-17,158.55048037411282,161.28460430509702,158.1202744713498,160.1278533935547,6759400
PG,2024-06-18,159.67856066226028,161.2272554505192,159.59252530451454,161.14122009277344,5112600
PG,2024-06-20,160.95956288961628,161.35152114910505,159.51602744485444,160.29037475585938,8483600
PG,2024-06-21,160.10871659947657,161.44710730162947,159.8219175499291,160.85438537597656,14682000
PG,2024-06-24,161.33237967156333,161.95378004630865,160.10871733592433,161.03602600097656,7565200
PG,2024-06-25,161.20814119259026,161.47581646650139,158.59828539114406,159.50648498535156,7968200
PG,2024-06-26,158.7416865446467,160.42421886135716,158.36885209883897,160.08006286621094,5164000
PG,2024-06-27,160.11830940114083,160.70146220584442,158.21588952643722,159.28659057617188,5007000
PG,2024-06-28,158.69387539845914,159.87930477933614,157.33637532322632,157.66140747070312,9253100
PG,2024-07-01,158.30192147237764,158.8946434726223,155.0611253552227,155.55824279785156,7638600
PG,2024-07-02,155.42442932241843,156.8201627223782,154.59272497330252,156.6863250732422,5449200
PG,2024-07-03,156.02667736938304,156.98266456962207,155.80678981053902,156.619384765625,2980500
PG,2024-07-05,156.79144815259195,158.34015726410286,156.30389995458663,157.9386444091797,6509200
PG,2024-07-08,158.64608975779907,159.3344017818181,158.3306121978563,159.19100952148438,5144500
PG,2024-07-09,159.2961595038077,159.4204279265137,157.87173325556066,158.3688507080078,4393100
PG,2024-07-10,158.59828190580518,159.5733930034573,158.25412590588135,159.45867919921875,5037100
PG,2024-07-11,158.98066417590516,159.29614168232473,157.52755963981656,158.2541046142578,5831500
PG,2024-07-12,158.90418890182622,160.2616889356442,158.7129943848615,159.2770233154297,4684600
PG,2024-07-15,159.1432107194347,159.2866029829044,157.22168145289612,157.33639526367188,5752500
PG,2024-07-16,157.65185849810337,159.71679442759356,157.36505941002846,159.60206604003906,6378300
PG,2024-07-17,160.36686211436526,162.68034952227148,159.96534921750958,161.98248291015625,7982300
PG,2024-07-18,161.37064523961823,163.3973334729146,160.87352780207502,161.0264892578125,5926300
PG,2024-07-19,161.54295254037726,162.57200341963025,160.73509704499236,161.53334045410156,6597100
PG,2024-07-22,161.50446250519948,162.24500399018964,161.28326713823247,161.81222534179688,6383000
PG,2024-07-23,161.677591659864,161.9757277523743,159.95608905717194,160.24459838867188,4863400
PG,2024-07-24,159.95608172048483,161.8410777495481,159.24439116056672,161.57179260253906,5907000
PG,2024-07-25,161.87956483346022,163.58182860975216,160.4850345645464,160.51388549804688,7338300
PG,2024-07-26,160.85049677910615,162.84129920922257,160.63891348677666,162.6393280029297,5581600
PG,2024-07-29,162.38930019876793,164.0146234206211,161.67760952755478,163.42796325683594,6797800
PG,2024-07-30,155.59940069612418,156.16683659857063,151.9928874578269,155.51284790039062,15746300
PG,2024-07-31,154.65690020219986,156.62846367588497,153.11813005013175,154.6088104248047,9660900
PG,2024-08-01,154.72425188670292,159.94647670651509,154.53189274845164,159.35020446777344,12532700
PG,2024-08-02,161.0332349243924,163.83189293035656,158.83084912281362,163.5722198486328,11899000
PG,2024-08-05,164.3416064493889,164.3416064493889,160.292687636482,161.62950134277344,10338800
PG,2024-08-06,161.475608108161,163.81263623923002,161.4275330065467,161.65834045410156,7454900
PG,2024-08-07,162.1199804160293,165.14944548466664,161.58139547777154,163.51449584960938,8385500
PG,2024-08-08,162.93745472283632,164.99557098671465,162.53352700842353,164.33197021484375,6386900
PG,2024-08-09,163.61067492857808,164.70705439549533,163.15865741656532,164.0146026611328,5377300
PG,2024-08-12,162.9182173194321,163.15865153311188,159.84066231931908,160.4273223876953,7208100
PG,2024-08-13,160.93705157265222,161.3794570098074,160.09073306778686,160.8889617919922,3770000
PG,2024-08-14,160.1291887883699,162.9855484650766,159.47521476101326,162.3411865234375,5476600
PG,2024-08-15,162.97594082564274,163.18750944178186,160.3696273809486,161.49485778808594,9491400
PG,2024-08-16,161.3986742152343,161.90839353701307,160.4176985860829,161.4659881591797,5640800
PG,2024-08-19,161.7448858958088,162.76433921762103,161.7352738109107,161.9757080078125,3885300
PG,2024-08-20,162.3123394853581,164.0338420662685,161.67758961420842,163.88958740234375,4513600
PG,2024-08-21,163.6780055961325,165.31295539351316,163.11058434629612,163.64915466308594,4082000
PG,2024-08-22,164.34160486457642,164.6878307328281,162.6681773888699,163.6395263671875,4097300
PG,2024-08-23,163.54335461007685,163.60105647320384,161.8122253415684,162.697021484375,4771300
PG,2024-08-26,162.24501916181563,164.42816612888893,162.24501916181563,163.83189392089844,6472400
PG,2024-08-27,164.29351763211693,164.55319070606666,162.61047804437197,162.7739715576172,4456400
PG,2024-08-28,162.93745815873655,164.64934860708297,162.12960271287554,162.5912322998047,5644800
PG,2024-08-29,163.25482375349162,164.07230591324912,162.47581928416037,163.52410888671875,4413200
PG,2024-08-30,163.64916187351358,165.30335059078945,163.1971443359474,164.97634887695312,7301600
PG,2024-09-03,164.48586380793282,168.30396054398298,164.44740078821098,167.8423309326172,10101400
PG,2024-09-04,166.98637775456226,169.26568944485592,166.98637775456226,169.1695098876953,7517500
PG,2024-09-05,169.25607345733775,169.79464374516556,167.98657377179524,168.75596618652344,6061900
PG,2024-09-06,169.03486191019877,170.2658838928221,168.63093419792608,168.87136840820312,5785700
PG,2024-09-09,168.82327226908865,170.0735330504014,167.9769538597657,169.32337951660156,6450200
PG,2024-09-10,169.1791575710495,171.13148248834855,169.1791575710495,170.98721313476562,6396300
PG,2024-09-11,169.84273648084258,170.22742535743706,166.98637681356155,167.26527404785156,6828200
PG,2024-09-12,167.24605939967543,167.92889913060887,165.84193158950217,166.83251953125,4838900
PG,2024-09-13,166.73631928926977,167.861549685298,166.18813689502332,167.41915893554688,3918000
PG,2024-09-16,168.02505879132994,170.5255659045692,167.64998199059704,170.458251953125,6892300
PG,2024-09-17,169.87158645924708,170.1985734700108,168.65017653675915,169.15028381347656,4757100
PG,2024-09-18,168.35204140289397,169.16950893439224,165.96693808314018,167.26527404785156,5102900
PG,2024-09-19,166.26508753455727,166.53437270481695,163.86074517513777,164.97634887695312,8692000
PG,2024-09-20,164.94750407750237,167.86156595150575,164.937891990686,167.55381774902344,28647500
PG,2024-09-23,167.3518249093674,168.4866820296009,165.98616033582118,167.1210174560547,10265000
PG,2024-09-24,166.2650717535298,167.82308075857424,166.01501077992233,166.61129760742188,5422400
PG,2024-09-25,167.4095334173792,167.9961787830355,165.47643303897277,165.6687774658203,8916500
PG,2024-09-26,164.9378667965292,167.92886893301485,164.80322422695818,166.5824432373047,4957200
PG,2024-09-27,166.39009295179372,167.77499641219427,165.97655313580924,166.90943908691406,4599500
PG,2024-09-30,167.08256489497057,167.34223799394493,166.1016037209643,166.57284545898438,6296600
PG,2024-10-01,166.61130443082664,167.34221918567056,165.61108984531347,166.4189453125,7130600
PG,2024-10-02,165.42836493596872,165.851531535435,164.5339566302304,165.34181213378906,6212700
PG,2024-10-03,164.81285845818596,164.81285845818596,163.27408812417278,163.61068725585938,4794300
PG,2024-10-04,162.38930091900235,163.58184542612602,161.82186492696468,162.41815185546875,6002800
PG,2024-10-07,162.6873998896776,163.09132758289653,160.48501440946296,160.72544860839844,6325300
PG,2024-10-08,160.46578938373267,162.1392020074382,159.90798028418453,161.7256622314453,7473000
PG,2024-10-09,161.9372676170705,163.31254437151412,161.5718028907413,162.793212890625,8758800
PG,2024-10-10,162.34118845305576,163.29329857331493,161.92763396324344,162.48544311523438,6932300
PG,2024-10-11,162.97594266383626,164.85132669688417,162.50468629658195,164.54356384277344,7036500
PG,2024-10-14,164.47624689099914,166.22660039827872,164.20696173603304,165.9092254638672,5909000
PG,2024-10-15,166.2746764993431,168.2173889645896,166.20736255360922,166.9286651611328,7172200
PG,2024-10-16,165.3033569734162,165.98618201188924,164.3512320793442,165.7842254638672,6117000
PG,2024-10-17,165.5918544964222,167.03445986470302,165.18792675429646,165.6880340576172,7045600
PG,2024-10-18,164.7467542858292,166.59447535669105,162.96675769667377,165.69479370117188,8372500
PG,2024-10-21,165.40458165785932,165.88827737019702,162.95708253432826,164.01153564453125,5522500
PG,2024-10-22,163.07317853528338,165.1627327811423,163.07317853528338,164.16632080078125,7511400
PG,2024-10-23,164.02121137310172,164.6209893048984,163.22794335639682,164.05023193359375,4837800
PG,2024-10-24,163.89545289056355,164.41785252455767,163.421425779898,164.08892822265625,5861200
PG,2024-10-25,163.41175967632802,163.87610343268912,162.5604504886478,162.73458862304688,4877900
PG,2024-10-28,163.76002120707113,164.12763467657086,162.8893748186182,163.7793731689453,5753800
PG,2024-10-29,163.35372019985965,163.35372019985965,161.38991674492237,161.7188262939453,5681000
PG,2024-10-30,161.6414271799633,161.8639378323782,160.5482849241197,160.74176025390625,5518100
PG,2024-10-31,160.35477463163602,161.5930342997398,159.70662423983325,159.79368591308594,6056500
PG,2024-11-01,159.9194677774672,160.92556308594345,159.60991020955063,159.71632385253906,5454800
PG,2024-11-04,160.31612093780356,160.84818921629903,159.2132952156597,159.69699096679688,5130200
PG,2024-11-05,158.9714195831664,160.89653365060147,158.9714195831664,160.3547821044922,4397400
PG,2024-11-06,160.2096722863099,160.6256434560372,154.59879984649885,155.79837036132812,11473700
PG,2024-11-07,156.6787064211128,158.6038057220986,156.2143479542804,158.0814208984375,9056700
PG,2024-11-08,158.67153446925275,162.2799000968334,158.58445802861647,162.2412109375,7506200
PG,2024-11-11,161.5543835267204,163.02482276741145,160.37416469371118,160.6160125732422,6364400
PG,2024-11-12,160.72241032035842,161.61240865758256,160.17100488544878,160.43218994140625,6507500
PG,2024-11-13,160.64500838521755,161.3608833123655,160.277394941382,161.14805603027344,5412300
PG,2024-11-14,161.2738295430331,162.56044713713007,161.08033945075178,161.6317596435547,7444300
PG,2024-11-15,162.4637182217836,165.00796239227088,161.43828567342314,164.01153564453125,9939400
PG,2024-11-18,163.5955618091574,165.85925416411536,163.32469339546438,165.1820831298828,6681000
PG,2024-11-19,165.12403222455822,165.58837594034802,164.12762031295694,165.19174194335938,5683700
PG,2024-11-20,164.46619578321128,165.4916429991947,163.98250011502338,165.3175048828125,7081100
PG,2024-11-21,166.06241396498933,167.85207922733625,164.66936796455875,167.1168670654297,6240400
PG,2024-11-22,168.4712051498066,171.61522717637254,168.2100201018327,170.53175354003906,10609800
PG,2024-11-25,171.69263725279853,172.98895306597032,171.13154841809907,171.60557556152344,19357000
PG,2024-11-26,171.42175519113778,173.6080692286358,171.42175519113778,173.46295166015625,6276700
PG,2024-11-27,174.13046724001123,174.54643849303108,172.90187592134217,173.51133728027344,5522900
PG,2024-11-29,172.87284446335033,173.77252616322872,172.46654183674198,173.41458129882812,3823700
PG,2024-12-02,173.27915166660225,174.2852470401097,172.20534656748256,173.84024047851562,5728200
PG,2024-12-03,172.94058124713314,173.7628551590234,169.4869865335259,169.69981384277344,8127300
PG,2024-12-04,168.49055209977718,169.4385915033736,167.8037124976076,169.39990234375,6823500
PG,2024-12-05,169.15805560149138,170.70588769846324,168.76142159697446,170.28990173339844,5022200
PG,2024-12-06,169.65142237605963,170.97675861045406,168.08425305676144,168.1519775390625,5741200
PG,2024-12-09,167.9778354453285,168.0939176851351,164.87250267951575,165.22076416015625,7164300
PG,2024-12-10,164.8628522067883,167.29099947745144,164.3888250734237,166.66220092773438,6219900
PG,2024-12-11,167.36837568672524,167.7359891310852,164.84348361941383,165.0659942626953,5237500
PG,2024-12-12,165.83991317594442,166.2172100212902,164.47590241717384,165.27883911132812,4072800
PG,2024-12-13,165.20144234405493,166.18817099673353,164.57262904370106,165.4819793701172,3884500
PG,2024-12-16,165.85926093555847,167.14589333373962,165.52068278522998,165.5593719482422,5943600
PG,2024-12-17,165.10469690363004,166.34295677800836,164.47589836598647,164.77578735351562,6069200
PG,2024-12-18,164.22436266138297,164.99827875206003,163.50850245551456,163.56654357910156,7517100
PG,2024-12-19,163.4988354833741,164.55330345871798,161.89297677868194,163.6729736328125,8585200
PG,2024-12-20,163.3633881734362,164.33077961594836,162.03806662078557,162.57980346679688,21999300
PG,2024-12-23,162.5798013043984,163.1795792671875,160.93523882624567,162.628173828125,6983900
PG,2024-12-24,162.15414282548312,163.663271057749,161.9606674964375,163.4311065673828,2460800
PG,2024-12-26,162.82164808747615,164.74676233380785,162.58948359307507,164.611328125,3629400
PG,2024-12-27,163.89546317754133,165.1917642212693,163.7406769976633,164.0018768310547,4367900
PG,2024-12-30,163.16991397701347,163.4698029644916,161.27383500272873,161.6414337158203,4354500
PG,2024-12-31,161.90261425318633,162.5991371945833,161.15771879284395,162.1831512451172,3957600
PG,2025-01-02,162.60883893315025,163.20863172011295,160.49993248056768,160.56764221191406,5401700
PG,2025-01-03,160.82881971010798,161.0706675592961,158.89403691660291,159.74534606933594,5256600
PG,2025-01-06,157.50099439433433,158.16849683451397,155.20828145738824,155.36306762695312,8731700
PG,2025-01-07,156.19502359509215,157.30751781239954,155.49850059880913,156.0402374267578,8447400
PG,2025-01-08,155.74034293144325,157.10435355303298,155.33404032488238,156.81414794921875,4974800
PG,2025-01-10,154.9277362797121,155.95318362584655,152.33513425455453,153.38958740234375,8501500
PG,2025-01-13,154.15382522731875,154.86968541489642,153.24447495109936,153.6604461669922,6772200
PG,2025-01-14,153.6701348868162,154.85035361482403,153.14773524722094,154.53111267089844,5982200
PG,2025-01-15,155.35338103748995,155.89511785848862,154.14414179018172,154.44403076171875,8059200
PG,2025-01-16,154.41501770920564,155.34371999123445,153.95067394880223,155.26632690429688,5774400
PG,2025-01-17,154.53111989406688,156.475571449351,154.39568567769717,155.87579345703125,7262700
PG,2025-01-21,155.71132107753493,157.05599448851385,155.71132107753493,156.446533203125,13914700
PG,2025-01-22,161.6511169182424,162.65719752955425,159.07785212302616,159.36807250976562,14356700
PG,2025-01-23,158.53610313144182,161.05131184769203,157.99436632367167,160.73207092285156,7614300
PG,2025-01-24,161.4786024286445,161.4786024286445,158.8409790963062,159.7364044189453,6199800
PG,2025-01-27,162.2669724093719,165.40096860306372,161.67326468693383,165.12844848632812,9170800
PG,2025-01-28,164.39846463937212,165.0602949006992,161.67324888711053,161.75111389160156,6716300
PG,2025-01-29,162.26695664607377,162.82172438295282,161.44939637528825,161.7900390625,4850300
PG,2025-01-30,163.0066601980689,163.1234651364263,161.49805721735893,162.93853759765625,4136500
PG,2025-01-31,161.56620033551133,162.16963560846648,160.7973074829147,161.5564727783203,5464700
PG,2025-02-03,161.0503382883588,164.85590671675047,160.81674328273854,164.25245666503906,8668600
PG,2025-02-04,164.7683029091175,164.7683029091175,161.838704549344,163.63929748535156,6410900
PG,2025-02-05,163.60037845436588,164.62233633638348,162.15991283230997,164.4958038330078,7536800
PG,2025-02-06,164.84618071760318,165.39122093373763,163.5419752216769,164.36927795410156,4957900
PG,2025-02-07,164.57364662381184,164.60284414353552,163.3862313176136,163.4835662841797,4535600
PG,2025-02-10,163.2110583867829,163.97995121563977,161.95550553998595,163.05532836914062,7062900
PG,2025-02-11,163.21105588381843,165.04084643497416,162.05283802861803,164.90457153320312,5438100
PG,2025-02-12,163.85342473971986,165.53721276743195,163.483569680562,165.05056762695312,6037400
PG,2025-02-13,165.0992298081064,166.80248774507214,164.62231223931298,166.4521026611328,6328300
PG,2025-02-14,165.25494227886742,165.4593397625272,157.9650079317647,158.53924560546875,13179500
PG,2025-02-18,158.9869827391631,161.33260116808108,157.86768993911588,161.01141357421875,7075300
PG,2025-02-19,161.66352345922962,162.4129462912644,160.82649321396957,162.04310607910156,7910700
PG,2025-02-20,158.7922951561677,163.29863367550922,158.4516524862511,162.74386596679688,6162600
PG,2025-02-21,162.96772372701975,165.99465703368878,161.48831837151045,165.68319702148438,9813700
PG,2025-02-24,165.67347913725064,168.35975506879842,165.2549565778217,165.98492431640625,8564100
PG,2025-02-25,166.70515604416124,169.3038392795879,166.23798087350377,168.03855895996094,7314900
PG,2025-02-26,167.67844493096266,168.03855757504,166.09197705357423,166.72462463378906,5519000
PG,2025-02-27,166.28664392361694,168.4668045627112,166.07251888210155,167.37672424316406,5467000
PG,2025-02-28,168.94374245540595,169.98515541786935,167.2599542911059,169.19679260253906,10240100
PG,2025-03-03,168.94374660659494,171.581355230072,168.87560915113548,170.90005493164062,7615300
PG,2025-03-04,172.02908203462982,175.1825483473663,168.29165037961616,168.55442810058594,12117600
PG,2025-03-05,168.74906990797345,171.17255314881612,168.39868482058006,169.9462127685547,6989100
PG,2025-03-06,170.2187256386794,171.1433483755698,168.2234777214547,169.994873046875,6702500
PG,2025-03-07,169.44010667362792,174.11190313656212,169.40118159573075,171.25042724609375,9566700
PG,2025-03-10,172.0387997239484,175.1825382985814,171.133646812285,171.55215454101562,11047000
PG,2025-03-11,171.13364078926176,171.28937080661512,167.7173970717516,168.4960174560547,11032300
PG,2025-03-12,165.16735687763173,167.24046991803968,163.28891377342117,163.8728790283203,10158800
PG,2025-03-13,163.22079303370472,164.76832116676303,162.812012858061,164.08702087402344,6609000
PG,2025-03-14,163.30836631460693,164.0870014934431,162.16961849169172,163.4835662841797,6790500
PG,2025-03-17,163.87288087922113,166.5202316481119,163.63930071511564,165.2257537841797,9931700
PG,2025-03-18,165.5274801127288,165.7123927853812,163.103982041346,163.2305145263672,6099900
PG,2025-03-19,163.38625077333813,164.24275105717143,162.6465554335392,164.06756591796875,7569200
PG,2025-03-20,164.37900406846467,164.69046410422635,161.59539311658017,163.07479858398438,8789200
PG,2025-03-21,162.67574011583915,163.64903041564702,159.7363992520746,162.23776245117188,16027300
PG,2025-03-24,161.984690113626,162.41294020229407,160.94327726275654,161.22552490234375,6102100
PG,2025-03-25,160.8848940242768,160.95301662452667,157.86768807006663,158.50033569335938,8366700
PG,2025-03-26,158.98696818108115,162.36428653462096,158.6365830972455,162.1306915283203,7756000
PG,2025-03-27,163.38623651355272,164.51525681620825,162.16962364894061,164.2038116455078,6211700
PG,2025-03-28,164.8559402279581,165.17712785676414,163.14293954099247,163.5419921875,5479100
PG,2025-03-31,163.61010773887554,166.56890375916458,163.61010773887554,165.86813354492188,11520100
PG,2025-04-01,166.01413693923408,166.48131213428726,164.54445905188103,166.00439453125,7021100
PG,2025-04-02,165.52748461309986,166.31584736163066,163.8144842200146,164.9727020263672,6274500
PG,2025-04-03,169.5763731365697,170.13115576339968,166.1698569193155,167.7855224609375,9393300
PG,2025-04-04,167.18208986940928,168.96321301647097,159.10377688343345,159.3762969970703,13454200
PG,2025-04-07,159.2886956080601,160.30091099534098,154.93808673674255,155.95030212402344,15708000
PG,2025-04-08,157.97475064653926,158.91884345211088,152.52433372444412,154.15945434570312,11541100
PG,2025-04-09,153.15697038969506,160.28144804392346,152.50486763598195,157.9844970703125,10670200
PG,2025-04-10,158.54900050297746,160.66105374383858,156.45643207972932,159.19137573242188,10581600
PG,2025-04-11,159.00643302756598,163.5322418751159,158.27646529582228,162.45188903808594,8602800
PG,2025-04-14,162.57840657309407,165.56641494833536,161.35206613101,164.6125946044922,9877300
PG,2025-04-15,164.6223022304616,165.61506238313606,163.78527207256542,163.97019958496094,8765000
PG,2025-04-16,164.76830615554547,165.1478887734351,161.36179015096573,161.94577026367188,5897500
PG,2025-04-17,163.05533420120216,167.06528576590873,162.88014906351262,166.07254028320312,7227100
PG,2025-04-21,166.38298338341917,166.44174242062215,160.88878924788156,162.3284454345703,8062400
PG,2025-04-22,162.4361840391489,165.28611704694788,161.14342537605484,164.41448974609375,7907400
PG,2025-04-23,162.96502063398037,163.17069220678061,159.74294224800502,162.30885314941406,9309200
PG,2025-04-24,157.1868399184387,157.6373508324203,153.34776126010487,156.2368621826172,20077700
PG,2025-04-25,156.5796241575896,158.45998807112008,154.51317999664968,157.6960906982422,12892800
PG,2025-04-28,157.7156650838813,159.20429210049804,157.07908892914716,158.5089569091797,8127000
PG,2025-04-29,157.96049910793448,159.0377978888009,155.9136463680916,158.9104766845703,8266200
PG,2025-04-30,159.09656305174838,159.7919131905109,156.64817022256233,159.21409606933594,12475500
PG,2025-05-01,157.34353721999278,158.01929610426134,155.7667714713013,156.6775665283203,6792800
PG,2025-05-02,157.6079306927535,158.46976972147343,156.59919407677606,157.20640563964844,5750200
PG,2025-05-05,157.5687734143294,157.5883647418617,154.75802313751979,155.55130004882812,7576200
PG,2025-05-06,154.77758731730165,156.4131268016918,154.3956386514616,155.96261596679688,7703800
PG,2025-05-07,155.73738485481104,156.74612156705825,155.26728264311546,156.00180053710938,6430000
PG,2025-05-08,155.1105995718503,156.69715346870328,154.74822724266645,155.37501525878906,7230800
PG,2025-05-09,154.75802572542426,155.84511279267832,154.1606172480359,154.40545654296875,6453200
PG,2025-05-12,154.18019682532656,157.725480051168,153.45548206135066,157.5785675048828,7378400
PG,2025-05-13,156.71673295474005,157.40227996060077,154.1116393886654,155.45335388183594,7780800
PG,2025-05-14,154.85593760654442,155.87447734418694,154.31730316446004,154.7580108642578,5988900
PG,2025-05-15,156.29560913733053,159.54708215560498,155.42398184283243,159.05740356445312,8727300
PG,2025-05-16,159.29242408184484,160.05632141352353,158.5089503679818,159.909423828125,7100800
PG,2025-05-19,160.09553070751306,161.7408437129911,160.03677166357537,161.3686981201172,8119900
PG,2025-05-20,161.21198171071705,162.57328755696597,161.20219351894698,162.22071838378906,5576600
PG,2025-05-21,161.41765165420128,162.93564327242476,161.22176827034943,162.01504516601562,6424200
PG,2025-05-22,161.04550435737053,162.76916769239506,160.63417611641486,161.62332153320312,6245600
PG,2025-05-23,161.42743584747694,162.78874164622644,160.10529775824523,162.43617248535156,5349800
PG,2025-05-27,161.85836153682155,164.51241106400983,161.85836153682155,164.2969512939453,11423800
PG,2025-05-28,164.1892193991501,165.3546567928324,163.61140227005177,163.90521240234375,5385900
PG,2025-05-29,163.29802203408278,165.50157569530506,163.0042118904922,165.0804443359375,4842500
PG,2025-05-30,165.26652898518768,167.460294512672,165.11963138138955,166.38299560546875,12587500
PG,2025-06-02,165.5309518407433,165.55052822446015,162.7985369880005,164.31654357910156,7574400
PG,2025-06-03,163.3371842864329,163.95418407296884,162.4753452123895,163.40574645996094,6223000
PG,2025-06-04,163.24905220932388,164.58097858398477,162.4949429896029,162.52432250976562,4939000
PG,2025-06-05,162.0150454449576,162.02484858044951,159.1553243726848,159.43934631347656,10351800
PG,2025-06-06,159.91921383291447,161.8289721275736,159.9094256417113,160.6341552734375,5697700
PG,2025-06-09,160.0171681750079,160.63416797708066,158.72442447519416,159.2042999267578,6544200
PG,2025-06-10,159.33161802918758,160.1346831259692,158.5775088351406,159.478515625,7680000
PG,2025-06-11,159.27286550704676,159.40997491668253,158.35226735214738,158.7635955810547,5960100
PG,2025-06-12,158.6264639886688,159.93879886077713,158.34244207312426,159.8114776611328,6509900
PG,2025-06-13,159.40016074568058,159.66459135445947,156.6090018976502,156.9713592529297,7104500
PG,2025-06-16,157.55899047851562,158.60689490748382,156.70693955618657,157.55899047851562,6332000
PG,2025-06-17,156.75589932283287,157.05949764112884,155.0420243509522,155.24769592285156,6809700
PG,2025-06-18,155.27706892416677,155.37499566645337,154.40544171565895,154.7580108642578,7211200
PG,2025-06-20,154.7678145464667,156.05077006612038,154.59153742642482,155.796142578125,16173400
PG,2025-06-23,155.7863551202297,157.8625875774658,155.71779294402052,157.7058868408203,6588200
PG,2025-06-24,157.85277822679834,158.40123078346465,156.35436298315554,157.04971313476562,7470100
PG,2025-06-25,156.52087512619093,157.03013011146206,155.4337880347082,155.68841552734375,5933700
PG,2025-06-26,156.25642972060388,156.26621791192403,153.92555501930258,155.3554229736328,7410400
PG,2025-06-27,155.40437891652542,156.82445867992374,155.02243024168538,156.56002807617188,19257000
PG,2025-06-30,155.97241498280195,156.59920296367622,154.86575156045154,156.03118896484375,11238200
PG,2025-07-01,156.57963272197503,159.17492330462878,156.08995412571548,157.8919677734375,10664900
PG,2025-07-02,157.81360119498524,158.01927275956285,156.56002531282596,157.8723602294922,8848700
PG,2025-07-03,158.45018424639824,158.675447146916,156.49146997701604,157.510009765625,6999600
PG,2025-07-07,157.5687773187015,157.85278432783772,156.00179984098492,157.18682861328125,7225700
PG,2025-07-08,156.22706379559676,156.48169128630687,154.18999903850136,154.63070678710938,12034800
PG,2025-07-09,154.83636999959958,154.93429674743612,152.73074317975951,154.26834106445312,18770900
PG,2025-07-10,154.5033660740597,156.31518263214363,153.79822778774184,155.2183074951172,7200500
PG,2025-07-11,154.78741694614672,154.78741694614672,153.21065116983462,153.8080596923828,8053800
PG,2025-07-14,152.3683899774199,152.58384974986546,149.70453728518766,150.58595275878906,11491700
PG,2025-07-15,150.39008310138811,150.86997348956658,148.76434662924484,149.5282440185547,9142600
PG,2025-07-16,149.58702551674656,150.5859591106161,149.12672643290657,150.55657958984375,8479000
PG,2025-07-17,150.86016098706182,152.53486820198472,150.70347520847878,152.4075469970703,8320000
PG,2025-07-18,151.6354886034296,153.40053491938838,151.48758641874053,152.9370880126953,7337300
PG,2025-07-21,152.90749260157486,153.76535528076218,152.7299949513298,152.8680419921875,6328400
PG,2025-07-22,152.75958771071316,156.1614733139002,152.73986240442795,156.1121826171875,8187000
PG,2025-07-23,156.01356251908243,156.664362176565,155.48108460077873,156.07272338867188,4804800
PG,2025-07-24,156.65448252128286,156.80239973230485,155.84592560915672,156.59532165527344,7027400
PG,2025-07-25,155.14583392536835,156.23050005111574,154.83030426351445,156.0924530029297,5799900
PG,2025-07-28,155.43178946368448,155.88536614823732,154.05130401339557,154.91903686523438,7885000
PG,2025-07-29,156.43755487767257,156.43755487767257,152.68068929250776,154.42601013183594,11466100
PG,2025-07-30,154.81057174145815,154.81057174145815,149.92960449511517,150.74803161621094,8162900
PG,2025-07-31,149.68309754473427,149.88030546377612,147.81945487468914,148.37164306640625,11845400
PG,2025-08-01,149.66337991723177,151.34954006044447,148.42095642212806,148.54913330078125,8594200
PG,2025-08-04,148.15471032135258,149.34784306131854,147.92792196602016,148.6575927734375,7679400
PG,2025-08-05,148.6082947332765,149.95918471462116,148.22373404280617,148.41107177734375,6670100
PG,2025-08-06,148.7561928641785,151.3396510199437,148.11526341280123,150.72830200195312,7376200
PG,2025-08-07,150.98466740862887,151.86225535354168,150.57052630444514,151.34951782226562,6719000
PG,2025-08-08,150.63956142270496,151.64532625466424,150.44235351718345,151.36923217773438,5811000
PG,2025-08-11,151.39881978410202,153.22302685009873,151.17203143430766,152.81874084472656,7331700
PG,2025-08-12,152.89761988383367,153.37092186661874,152.15807895310752,152.9272003173828,6938000
PG,2025-08-13,153.04554416043388,154.82043043928633,152.7891603298445,153.2427520751953,5812400
PG,2025-08-14,152.48348193526363,152.54264280359072,151.13259195513186,151.59603881835938,6343700
PG,2025-08-15,152.31584880538793,153.43009527084823,152.05948003682118,152.20738220214844,7121700
PG,2025-08-18,152.26655734149293,154.73169396801498,152.02004367884072,153.54843139648438,8274500
PG,2025-08-19,153.55829110769994,156.4868747110597,153.4991302342584,156.19105529785156,7868100
PG,2025-08-20,156.36854465568507,158.78437548418793,156.20091717450728,157.2855682373047,7840400
PG,2025-08-21,155.72758707061635,156.84183352119186,154.98804616186234,156.5164337158203,6417500
PG,2025-08-22,157.1573960762527,158.43925509378818,156.10231037098885,156.45729064941406,5797300
PG,2025-08-25,156.1811797200184,156.48685422344707,153.71604334269253,153.972412109375,4692500
PG,2025-08-26,153.74564664849663,154.5147681089657,153.17373311835286,153.79495239257812,6338000
PG,2025-08-27,153.97241657479537,154.93876089585135,153.61743632432558,154.77113342285156,4551200
PG,2025-08-28,154.81056504283342,154.8204201718181,152.86803636696004,153.47938537597656,5857400
PG,2025-08-29,153.9132572527589,155.36275870289782,153.4793908260508,154.85000610351562,5318200
PG,2025-09-02,155.16555446090146,156.6446363799952,154.7908488933446,155.78677368164062,6432800
PG,2025-09-03,155.4514960708208,156.42769550620892,154.31753934007594,155.96424865722656,6592500
PG,2025-09-04,156.3093921666515,157.52223521079347,155.60928672325224,156.9700469970703,6934900
PG,2025-09-05,156.33895076687193,158.32091498129913,156.20090373272276,157.7884521484375,6436200
PG,2025-09-08,157.3841803010765,158.03497996876382,156.0431454006903,156.79254150390625,7178400
PG,2025-09-09,156.39812987112623,157.64055332335948,155.99384385039951,157.2362823486328,4984900
PG,2025-09-10,156.38826896024764,156.72352392045764,153.7160543162222,155.15570068359375,6205500
PG,2025-09-11,155.5205485500764,157.12782252644146,155.19514869342575,156.41786193847656,5819500
PG,2025-09-12,155.72759373960113,156.9108712810797,155.57969156991578,155.69801330566406,5957000
PG,2025-09-15,155.6783046725424,156.30937901312078,154.02172512477475,154.6429443359375,5995000
PG,2025-09-16,154.94863388379494,156.18120225026462,154.70212021050102,155.845947265625,6559600
PG,2025-09-17,156.22061875372222,159.4154409862989,156.22061875372222,158.09413146972656,6764200
PG,2025-09-18,155.94454129257304,156.80241909363224,154.96835679088545,155.12612915039062,7651500
PG,2025-09-19,155.41206557549546,155.42192070490202,153.7949366388747,153.86395263671875,17224800
PG,2025-09-22,153.90339784339855,153.90339784339855,150.91565372420058,150.9353790283203,8712900
PG,2025-09-23,151.06357205003408,151.15231335906802,148.86467435441483,150.3733367919922,8853400
PG,2025-09-24,149.92961344456202,151.48758160646395,149.67322960457818,150.29444885253906,6483300
PG,2025-09-25,151.09315436059404,151.73409893001218,149.66337808420033,150.02821350097656,7511400
PG,2025-09-26,150.10709781889025,150.55081941006003,149.41686256084836,150.3733367919922,5721100
PG,2025-09-29,150.2944405822893,151.57631457367094,149.6732213685122,151.3889617919922,8139700
PG,2025-09-30,151.31995595291505,152.2271244418435,150.7085918275501,151.50729370117188,7762600
PG,2025-10-01,151.55659111296848,151.74394389692702,149.29853266788766,151.04383850097656,7566000
PG,2025-10-02,150.59026601014926,150.6691521869665,149.51547006226403,149.9296112060547,6892100
PG,2025-10-03,149.88030644241147,151.2903573664674,149.88030644241147,150.14654541015625,5212600
PG,2025-10-06,149.38726533817172,150.19583729673482,148.30259930741596,148.31246948242188,6737000
PG,2025-10-07,148.65758947847775,151.0339847298535,147.95749912222976,150.4127655029297,6844400
PG,2025-10-08,150.65928300309508,150.65928300309508,148.5294163990053,148.5885772705078,5254700
PG,2025-10-09,148.63787488510934,148.76605175102324,147.49404794526822,148.4801025390625,6134500
PG,2025-10-10,148.8350921232075,149.39713545297792,147.3658652698076,147.60252380371094,7374000
PG,2025-10-13,146.92214945212064,147.34614574859344,144.9204596263523,145.43321228027344,7511100
PG,2025-10-14,145.51208704837748,147.16865158280777,145.0289148695023,147.0799102783203,8585300
PG,2025-10-15,146.45868745957375,147.32642031592587,145.21626408925061,145.36416625976562,10003100
PG,2025-10-16,145.94594038964985,148.30261035383137,145.85719908397766,147.51377868652344,8809700
PG,2025-10-17,148.47025366463515,149.90988500646603,148.3321915715284,149.28866577148438,8612900
PG,2025-10-20,149.47601564961582,150.26486235172766,149.19006643117496,149.8408660888672,5601300
PG,2025-10-21,149.84085469575183,150.1563843250057,148.76604381092272,149.50558471679688,6013400
PG,2025-10-22,149.19005631370504,151.3199377511672,148.68715886413855,150.07749938964844,6394400
PG,2025-10-23,150.2254341361336,151.1621830580911,148.48011316730748,150.08738708496094,8205400
PG,2025-10-24,155.29737040651787,156.2903203839284,150.46170886491726,151.41494750976562,11968500
PG,2025-10-27,150.54115395787872,150.69009040120363,149.07159216261778,150.6702423095703,7775300
PG,2025-10-28,150.05460367903365,152.09015427069286,149.5581286640541,150.30284118652344,5819300
PG,2025-10-29,149.59785104655907,149.9056631232089,147.42328811640107,147.72117614746094,7405500
PG,2025-10-30,148.416241809881,149.73686716448933,148.2871534579282,148.5254669189453,6760700
PG,2025-10-31,147.66160521678216,150.0347551758273,147.4828663332479,149.3098907470703,7930300
PG,2025-11-03,149.04180887368227,149.16095803153974,146.7282334342523,146.97647094726562,8946400
PG,2025-11-04,147.5523726347273,148.4460215534934,145.2189341284175,146.1324462890625,9295400
PG,2025-11-05,145.8345643516724,146.3806898920266,144.6231641171467,144.76217651367188,11199900
PG,2025-11-06,144.85155497339957,145.64590287504893,143.4415677513924,145.09979248046875,10024500
PG,2025-11-07,145.91399933321878,146.89702528673618,144.9706998643444,145.94378662109375,8500100
PG,2025-11-10,145.34802877123363,145.5863270792483,143.07416474082768,144.47422790527344,10208100
PG,2025-11-11,144.93098499081427,147.60200769605188,144.6430210134374,147.49278259277344,7332500
PG,2025-11-12,147.48286045271195,148.09848459666281,146.47004722297473,146.96652221679688,7851100
PG,2025-11-13,147.13532043196676,147.9495466863132,146.59913411051036,146.91688537597656,7566800
PG,2025-11-14,148.0488478566933,148.32687263857966,146.5693469342726,146.62892150878906,9150800
PG,2025-11-17,146.70836316481208,146.93673742350688,143.98767469804596,144.79197692871094,9902300
PG,2025-11-18,145.29838467307673,146.35090931664843,144.48415834807034,145.9537353515625,10735200
PG,2025-11-19,145.92394806174184,146.49984576575173,144.8316969309322,145.9537353515625,6367000
PG,2025-11-20,145.60618813381166,147.61195138634352,145.09978908567578,147.145263671875,9021300
PG,2025-11-21,147.3339316339033,150.431930907167,147.25449381263817,149.85601806640625,12018000
PG,2025-11-24,149.04180092102072,149.34961299653835,145.50688619730823,145.94378662109375,13846900
PG,2025-11-25,146.28141124965123,147.6020215066541,146.1821101823926,147.4431610107422,10477700
PG,2025-11-26,146.87715867405495,147.91975917939794,146.56934660560063,147.204833984375,9238500
PG,2025-11-28,146.75801590258018,147.66160405655665,146.142376587705,147.115478515625,4707200
PG,2025-12-01,147.05590914399514,147.84033302057966,146.31119660305905,146.4005584716797,8240700
PG,2025-12-02,144.26570675298743,145.15937089277423,141.50530681355139,144.83169555664062,16376800
PG,2025-12-03,144.89126595096857,147.2445526637969,144.83169137361318,145.6757049560547,9125300
PG,2025-12-04,145.635982482391,146.3806950222792,143.48128268512698,144.33522033691406,10479300
PG,2025-12-05,144.13662609873995,144.60331381233445,142.2400879563636,142.4386749267578,12791700
PG,2025-12-08,141.90248912147007,141.90248912147007,137.16611334624702,137.3647003173828,17507500
PG,2025-12-09,138.2087141958093,139.88680213544322,138.02005126987916,138.64561462402344,10375700
PG,2025-12-10,138.66545946133164,140.2839727866308,138.55623435684123,138.8342742919922,13650400
PG,2025-12-11,140.00595261905156,140.84002699836284,139.37046521321227,139.76763916015625,11798000
PG,2025-12-12,140.0059528934549,142.1010780428027,139.84707725387997,141.83297729492188,10268800
PG,2025-12-15,142.25995438764198,144.2955049700443,142.19044061327773,144.10684204101562,13877700
PG,2025-12-16,145.07000421001243,145.50688949247711,143.63021455778235,144.186279296875,10251700
PG,2025-12-17,145.65584512931426,147.4034317613244,145.4175316630884,146.7679443359375,9833300
PG,2025-12-18,145.58633080784125,146.46013169618024,144.32529515906103,144.4940948486328,12239900
PG,2025-12-19,144.4841595515181,145.02036107518737,142.9252358167948,143.4415740966797,19345600
PG,2025-12-22,142.69684948529002,143.3819722501977,141.41593551570148,141.6840362548828,11731400
PG,2025-12-23,141.48545520934616,142.7167035495963,141.0783420608115,142.1705780029297,9541600
PG,2025-12-24,141.8925571466875,143.71959676728792,141.82305852129923,143.4713592529297,3259200
PG,2025-12-26,143.29261285245263,144.6132381777562,143.29261285245263,143.71958923339844,4711500
PG,2025-12-29,143.77917077875645,144.04727153554498,142.93515717278524,143.55079650878906,7662100
PG,2025-12-30,143.27275265528243,143.44156749285443,142.55784257532954,143.03445434570312,6006400
PG,2025-12-31,142.98480530802715,143.12381770713912,142.2202295373037,142.29966735839844,5293200
PG,2026-01-02,142.10107603702951,142.32945029618563,140.2442643732532,140.79037475585938,8946100
PG,2026-01-05,140.10525075985822,140.35348825932556,138.61582576305412,139.38038635253906,12297300
PG,2026-01-06,139.4002568008058,140.42299413938213,138.526455909123,138.92364501953125,10421800
PG,2026-01-07,138.81442002210596,138.81442002210596,136.64978103444494,137.0668182373047,14369100
PG,2026-01-08,136.9178739350719,140.78044880197245,136.8483753141902,140.53221130371094,9297100
PG,2026-01-09,140.701012329433,141.3265756794208,139.83715067561337,140.86981201171875,9528500
PG,2026-01-12,141.2769346964181,142.86566086832988,140.7109610353549,142.44862365722656,12812000
PG,2026-01-13,142.9848005583041,143.32239992333078,141.96206326640782,143.22311401367188,15549200
PG,2026-01-14,143.65999748594868,145.8643476789965,143.35218541280304,145.3182373046875,13475000
PG,2026-01-15,144.65295222553002,145.31824207468742,143.33234202666281,143.61036682128906,10102800
PG,2026-01-16,142.7464868779499,143.70964959228982,142.64720096844746,143.5110626220703,11729300
PG,2026-01-20,143.44156716939784,145.96365356445312,143.10395264623014,145.96365356445312,12901400
PG,2026-01-21,146.0232234297066,146.33103550309633,143.9479615822863,145.0302734375,14126800
PG,2026-01-22,147.03603743535479,149.8460877461849,146.46012461870836,148.87298583984375,18501900
PG,2026-01-23,150.83999633789062,151.64999389648438,149.8000030517578,150.14999389648438,14562600
PG,2026-01-26,150.1199951171875,150.8800048828125,148.52000427246094,149.49000549316406,12655700
PG,2026-01-27,148.07000732421875,149.63999938964844,147.92999267578125,148.33999633789062,9546000
