ticker,date,open,high,low,close,volume
QCOM,2020-01-02,77.96154345757269,78.62690384770954,77.11232627924433,77.64636993408203,8413900
QCOM,2020-01-03,76.39444634516403,76.72712660045703,75.676552451562,76.184326171875,8340300
QCOM,2020-01-06,75.21252892102687,75.77283587657881,74.88859874884793,75.7378158569336,8381400
QCOM,2020-01-07,76.20183964937047,78.34676465658164,76.08802956486198,77.89151763916016,8377400
QCOM,2020-01-08,77.83022283773194,78.32924648794744,76.97224895311211,77.66387939453125,7619900
QCOM,2020-01-09,78.49559974310262,79.42360711193572,77.76894918705268,78.71446990966797,9155500
QCOM,2020-01-10,79.23975180512154,80.88565294575933,78.67944474961136,79.02088165283203,9668300
QCOM,2020-01-13,79.71254190900086,81.18335014892297,79.27480144092154,79.64250183105469,10367800
QCOM,2020-01-14,79.78255492792924,80.20278860887241,79.0471543355134,79.28353118896484,7800100
QCOM,2020-01-15,79.44985402305716,79.8263108988267,78.13663329540333,78.50433349609375,7259100
QCOM,2020-01-16,78.98585501770516,80.74557276509469,78.6356614674674,80.36035919189453,9295500
QCOM,2020-01-17,81.41969448058549,84.19496633455907,81.37591777954013,83.96734619140625,23694400
QCOM,2020-01-21,83.45955948876303,83.80099635686075,81.78738849117848,82.76792907714844,10868500
QCOM,2020-01-22,83.39828399681474,83.51209407046825,81.16580579049358,81.3934326171875,8342300
QCOM,2020-01-23,81.28837718890281,81.3759239182109,80.0714596171747,80.54421997070312,11282000
QCOM,2020-01-24,81.13954451702475,81.63856820563707,77.76894544977398,78.4868392944336,9471700
QCOM,2020-01-27,76.42945669109136,77.234897215161,75.68529286056669,76.21058654785156,9240200
QCOM,2020-01-28,77.17360702874905,78.39052438337254,76.50823998181552,78.04908752441406,9187000
QCOM,2020-01-29,77.62011691633398,77.93528380237919,76.47323273347092,77.24365997314453,8158500
QCOM,2020-01-30,76.43821630855662,76.91973335604497,75.45768221823492,76.84969329833984,8379400
QCOM,2020-01-31,76.21058929091785,76.31564268864668,74.45087140570367,74.68724822998047,9503600
QCOM,2020-02-03,74.89737345528616,75.79911747024329,74.55593653077592,75.7115707397461,7792700
QCOM,2020-02-04,77.26117157661484,77.87400539328618,76.49075096717263,77.85649871826172,9236400
QCOM,2020-02-05,79.65996866626156,79.79129207687747,78.15414114055612,79.58993530273438,14220900
QCOM,2020-02-06,77.09481531537718,79.47612348686762,75.4576709570174,79.3272933959961,21059000
QCOM,2020-02-07,78.46058460367104,78.81952822592191,76.49950297989491,76.5345230102539,10725100
QCOM,2020-02-10,75.97421419682114,77.60260883573396,75.72908066913752,77.56758880615234,7481300
QCOM,2020-02-11,78.24173098886968,80.08023955594594,77.83025389426815,78.79328155517578,9452800
QCOM,2020-02-12,80.23780414514495,80.92943467083205,79.92263057193595,80.29908752441406,9824200
QCOM,2020-02-13,79.69499194764371,80.00140879869075,78.60064128005685,78.81951141357422,8428300
QCOM,2020-02-14,79.2747801314238,79.49365030662996,77.73393222774394,78.44306945800781,6256500
QCOM,2020-02-18,76.89346428740032,77.91777500747946,76.63081743022703,77.06855773925781,7248100
QCOM,2020-02-19,77.84774335477297,79.33606457370009,77.61136650132151,79.28353118896484,7820900
QCOM,2020-02-20,79.50239500519302,80.43915902545922,77.63762364131377,78.32925415039062,9754900
QCOM,2020-02-21,77.53255360022023,77.94403051802642,75.58023575875585,76.19306945800781,12257600
QCOM,2020-02-24,73.45284120219297,74.26703862164115,72.41101690220326,72.94506072998047,12158500
QCOM,2020-02-25,73.48782921321306,73.89054940828998,69.72326070364632,70.23104095458984,14725000
QCOM,2020-02-26,70.91392442015264,71.81566831629965,69.24175336660895,69.74078369140625,13125000
QCOM,2020-02-27,67.52581856707232,68.4538325765773,65.94995744117713,66.48400115966797,17898300
QCOM,2020-02-28,64.57545007813914,69.87210363094442,64.2077431546343,68.55013275146484,20843300
QCOM,2020-03-02,69.1804760764459,70.66004047069596,67.52581822888013,70.52871704101562,15043400
QCOM,2020-03-03,70.7563516681813,72.35848299211662,68.1386661802471,68.77776336669922,16356200
QCOM,2020-03-04,69.81903804215908,72.28105994934711,68.87482233431447,72.18399047851562,9894900
QCOM,2020-03-05,70.11906900149282,71.80454194535952,69.44840901098648,69.8631591796875,9396200
QCOM,2020-03-06,67.35701995747172,68.90129851240316,66.91579751320559,68.36300659179688,11536500
QCOM,2020-03-09,63.889014661184085,67.15405822873271,63.38602131737209,64.10079956054688,13898500
QCOM,2020-03-10,66.00686293940326,69.74842639446814,65.44209889835643,69.61605834960938,13615600
QCOM,2020-03-11,67.32171121646341,68.64537834993887,65.05382846374293,65.84803009033203,13376500
QCOM,2020-03-12,61.34756498535318,64.00372595449885,59.12380685404713,59.14145278930664,19386200
QCOM,2020-03-13,62.812422842164985,67.65704304086144,59.35324074785974,66.89813995361328,15971400
QCOM,2020-03-16,60.25333775651937,62.803603023855906,56.882398448420936,56.90005111694336,16134700
QCOM,2020-03-17,58.16194605425078,61.603475746497374,54.888072947084126,60.76515579223633,16864500
QCOM,2020-03-18,56.088200161630525,57.85308663016505,51.18180520904747,53.996803283691406,18381200
QCOM,2020-03-19,53.935037331185036,59.60916230346327,52.099553485937385,57.358924865722656,17127400
QCOM,2020-03-20,57.385393762126924,59.98861039238241,53.64382907613075,53.74972152709961,16591500
QCOM,2020-03-23,54.31449498142138,57.235389460813394,52.16133015919889,55.179290771484375,14920300
QCOM,2020-03-24,58.24136789241645,59.67093116439234,54.87925135222775,57.76484680175781,18966800
QCOM,2020-03-25,58.15312546131665,59.08851498462925,55.11751257921717,55.66463088989258,15969800
QCOM,2020-03-26,56.47648740834745,61.47112999513371,55.81465357153088,60.87106704711914,15820300
QCOM,2020-03-27,58.68258803994095,60.99459618792873,58.179594697470854,58.76200485229492,9739100
QCOM,2020-03-30,59.29147342066711,61.32991893146475,58.29430640116999,60.91516876220703,9880800
QCOM,2020-03-31,61.15343457841812,62.08882402283607,58.82378056900413,59.6973991394043,13213900
QCOM,2020-04-01,57.358912643434635,60.623955747053074,57.358912643434635,58.153114318847656,14167900
QCOM,2020-04-02,58.12665162531854,60.23569452973875,57.63247787227046,60.023902893066406,15432900
QCOM,2020-04-03,59.72386530656996,60.61513645419972,56.96181546126621,57.5618782043457,8600700
QCOM,2020-04-06,60.44746806783721,62.98008703686819,59.697391343426325,62.60945510864258,12153100
QCOM,2020-04-07,65.00091877779448,66.09514897627848,62.53006944441998,64.18024444580078,11285600
QCOM,2020-04-08,65.0362019200021,65.63626486415843,63.90667325630121,64.70970153808594,10695600
QCOM,2020-04-09,65.84804245703027,66.04217468441654,61.77114449655057,63.165409088134766,15459400
QCOM,2020-04-13,63.28012142269514,64.86852489683659,63.041864267833986,64.68321228027344,7896500
QCOM,2020-04-14,66.18337167870482,68.53949809466174,66.15689940723665,68.43360900878906,11314100
QCOM,2020-04-15,66.94228377077037,67.36585363556276,65.32740767151054,67.05699920654297,9951700
QCOM,2020-04-16,67.82473667621005,68.55716778712622,66.51871485514845,67.81591033935547,8819700
QCOM,2020-04-17,68.23063320183643,69.05130715360174,66.6069379649139,67.2158203125,9926000
QCOM,2020-04-20,66.20102862303571,67.26879312161212,65.38918074459252,65.57449340820312,7217700
QCOM,2020-04-21,64.69205092967812,65.27446795252452,63.31543866843695,63.39485549926758,9273800
QCOM,2020-04-22,65.11561783007467,66.48340355048025,64.19787421551732,65.90099334716797,7365300
QCOM,2020-04-23,66.18337432802201,67.21583335173412,65.08914442423793,65.13326263427734,7673800
QCOM,2020-04-24,65.23032671604767,67.16288324067548,65.00089588480597,67.10111236572266,6071300
QCOM,2020-04-27,67.58645723657051,68.67186751544662,66.61576911297416,67.04817199707031,7219500
QCOM,2020-04-28,68.04535054682502,68.63658722054765,66.32458508374492,66.43930053710938,6250500
QCOM,2020-04-29,68.09827248514,69.924933190168,67.798244445604,69.68667602539062,11950200
QCOM,2020-04-30,70.8338620442454,71.36333446656424,68.19535319844823,69.42195129394531,17113500
QCOM,2020-05-01,67.81589605649589,68.46890346323413,65.90099204621751,66.74813842773438,9742100
QCOM,2020-05-04,66.32456360942615,67.01286957180106,65.38034107909283,66.78343200683594,7202400
QCOM,2020-05-05,67.72766969604974,69.5455046696407,67.56000295216694,68.50421905517578,7540800
QCOM,2020-05-06,69.54548317402738,70.7191365534006,69.28957333497092,69.59843444824219,8179700
QCOM,2020-05-07,70.33084828207,70.74559841772088,69.06013234068378,69.56312561035156,7291800
QCOM,2020-05-08,70.33084156922541,71.55743919278831,70.03081359570075,71.0897445678711,7887200
QCOM,2020-05-11,70.85150597324315,71.71629825561637,70.1896722595303,71.01917266845703,6604600
QCOM,2020-05-12,71.7339357319479,72.17515811430764,69.18367090051018,69.2013168334961,7318100
QCOM,2020-05-13,69.58962233190854,70.1632130033641,67.72766260000375,68.83071899414062,9584800
QCOM,2020-05-14,68.38947637443007,70.59558851554073,67.48055924949568,70.48087310791016,9956800
QCOM,2020-05-15,65.89215834170334,68.56596528206069,65.62742891413026,66.86284637451172,29597800
QCOM,2020-05-18,68.18653741087186,70.75445616579005,68.13359285345831,70.54267120361328,13191000
QCOM,2020-05-19,70.37500322410081,70.72798264320267,68.8307241564873,68.91014099121094,8118400
QCOM,2020-05-20,70.56029852401687,72.32518845227898,70.32204134601062,71.15153503417969,11379200
QCOM,2020-05-21,70.1279143908491,70.67502605352693,68.71600355285828,68.83071899414062,8141500
QCOM,2020-05-22,69.06013886134092,69.50136130560513,68.2041662422651,69.44841003417969,5530400
QCOM,2020-05-26,70.76326898266436,71.09859566975278,68.63657323258425,68.84835815429688,10067300
QCOM,2020-05-27,69.06896516137073,69.99553507719577,67.20701245991538,69.96906280517578,9125900
QCOM,2020-05-28,70.8073855957327,71.90162225366933,68.59245347185048,68.92778015136719,11161700
QCOM,2020-05-29,69.44841630641089,71.65452872697693,68.74246437134224,71.37214660644531,10558700
QCOM,2020-06-01,70.49852564099523,71.01917165593726,69.92493508411762,70.35733795166016,6474800
QCOM,2020-06-02,70.53384566907695,74.90194675098209,70.51619972724585,74.68133544921875,13255300
QCOM,2020-06-03,75.54390851958107,76.43318351938603,74.3611779261591,74.79692077636719,13029300
QCOM,2020-06-04,74.65464090856726,77.10014740006999,74.65464090856726,76.51322937011719,12109000
QCOM,2020-06-05,78.2562039339242,79.57233398532291,78.09613415449232,78.74530792236328,11882100
QCOM,2020-06-08,79.14548262118834,81.36867033526666,78.55855780804903,81.25306701660156,9748300
QCOM,2020-06-09,80.23927865094508,80.38155910948909,79.19882184297137,79.81242370605469,7327700
QCOM,2020-06-10,80.25705630955775,81.93778525626185,80.06141475434288,80.93290710449219,9079700
QCOM,2020-06-11,78.80754308497553,79.1988194224852,74.61905917303963,74.71687316894531,15241700
QCOM,2020-06-12,76.69997329174818,77.49142754584334,74.28114406297772,75.80180358886719,10113200
QCOM,2020-06-15,74.40561914688661,76.98451736347606,73.89873279413091,76.82444763183594,9852600
QCOM,2020-06-16,79.94580841556474,80.42601763696895,78.0427608259047,79.60787963867188,12639800
QCOM,2020-06-17,80.6394534760701,81.00405268090265,79.41225647629516,79.98139190673828,7620300
QCOM,2020-06-18,79.90136643182382,80.47050195343623,79.1721611207185,79.96361541748047,5709500
QCOM,2020-06-19,79.91914519006593,80.2570672412466,77.84713285070656,78.97650909423828,23213800
QCOM,2020-06-22,78.89648625512906,79.53676539885414,77.90939037265797,79.2610855102539,8028000
QCOM,2020-06-23,80.15926188987673,80.57722229806407,79.24330956621394,79.45673370361328,7778700
QCOM,2020-06-24,79.29665091961049,79.88357568213873,77.74041965395092,79.26997375488281,8208800
QCOM,2020-06-25,78.87868042656709,79.55453124606836,77.65148351465047,79.10989379882812,7062600
QCOM,2020-06-26,79.2077283315731,79.79465312045058,77.84713859234098,78.27398681640625,9126500
QCOM,2020-06-29,78.44293530181682,79.27885584892132,77.08234583914933,79.15435791015625,5870400
QCOM,2020-06-30,79.32332654617713,81.75105025876712,79.14547426168815,81.11077117919922,9378500
QCOM,2020-07-01,80.93293807111733,81.19082869397228,79.66127426028443,79.83912658691406,6990600
QCOM,2020-07-02,81.00406026906788,82.257941334135,80.74617647752187,81.69770050048828,8317300
QCOM,2020-07-06,82.88930683798293,83.36951606467086,81.90221122500694,82.63141632080078,6933100
QCOM,2020-07-07,82.67589742099698,83.19167854672196,81.73326809680495,81.93779754638672,6722400
QCOM,2020-07-08,82.94266815367607,83.2361305032891,82.11564221316698,83.17388153076172,6692700
QCOM,2020-07-09,83.54738604507581,83.54738604507581,81.31531061298007,82.92489624023438,6287700
QCOM,2020-07-10,82.70258095541196,83.1650010034737,81.42202269211744,82.26683807373047,5687600
QCOM,2020-07-13,82.96935627283521,83.70744933145738,81.10187343383618,81.21748352050781,7606400
QCOM,2020-07-14,80.79953471528214,82.36466076359875,79.32333481848376,82.15122985839844,6571000
QCOM,2020-07-15,82.64032837820562,82.64032837820562,80.93292195782324,82.30240631103516,6154100
QCOM,2020-07-16,81.15523641742067,81.59097925708099,80.63945530170784,81.10187530517578,6178700
QCOM,2020-07-17,81.52874113677179,82.2223746266563,80.92403379963108,82.0178451538086,5985700
QCOM,2020-07-20,81.98225886528769,82.9426706438836,81.19080471169353,82.85374450683594,5407500
QCOM,2020-07-21,83.19167989631673,83.45845832852906,81.64433649403966,82.08897399902344,7098600
QCOM,2020-07-22,82.47137603077152,82.96048008020466,81.51985188566333,82.34687805175781,4366400
QCOM,2020-07-23,82.6225510073423,82.67590534110441,79.3500184388669,79.74129486083984,9438500
QCOM,2020-07-24,79.33222092322468,80.29263953927678,77.82045615637323,79.04765319824219,9520000
QCOM,2020-07-27,80.05254111752022,82.56029661562818,79.37669692982485,82.43579864501953,8021700
QCOM,2020-07-28,81.9644672565226,82.33796109237163,80.54162874998165,81.32418823242188,5818400
QCOM,2020-07-29,81.88444710425982,83.25393147654923,81.58209006341743,82.72925567626953,11453000
QCOM,2020-07-30,91.07952816782294,95.76601040917579,89.54997434600672,95.32137298583984,42122500
QCOM,2020-07-31,93.96078725871861,95.81936850488285,92.93811978781959,93.91632080078125,16765100
QCOM,2020-08-03,95.50814256651825,100.48808153336981,95.1791083526589,97.45565032958984,18899400
QCOM,2020-08-04,97.36671369090827,98.72730329724466,96.62862062875743,98.66505432128906,10205400
QCOM,2020-08-05,98.70951876389972,100.00785936771982,97.89138744389739,99.05633544921875,7967400
QCOM,2020-08-06,98.91406796396625,99.02967127936354,97.75800767147214,98.76288604736328,6392200
QCOM,2020-08-07,97.8291255328186,98.75397216624906,94.26313157995634,96.26399993896484,11155900
QCOM,2020-08-10,96.5752564220653,96.92207310336315,94.01414705602821,94.58328247070312,10087100
QCOM,2020-08-11,94.44098047484157,99.60767164513366,93.1426400888511,96.77977752685547,17803000
QCOM,2020-08-12,98.16707521423727,103.37822770859812,97.50901355690702,102.96916198730469,18664700
QCOM,2020-08-13,103.33374755759344,103.33374755759344,100.28353417578609,100.85267639160156,9958400
QCOM,2020-08-14,100.75485704869158,101.83976681552066,100.1056833338479,101.14613342285156,6641000
QCOM,2020-08-17,100.74596881041667,101.81309613094997,98.38049397757345,99.75887298583984,10283000
QCOM,2020-08-18,100.40802395344018,100.82597742296002,99.17192570229511,99.62545776367188,6387000
QCOM,2020-08-19,99.892259834256,100.90603276566684,98.48720374172879,98.7450942993164,7747600
QCOM,2020-08-20,97.82024840965806,98.69174088072664,97.52678603611797,98.40717315673828,7200300
QCOM,2020-08-21,98.02478648530087,100.62146786361392,97.7757837855766,100.48807525634766,8546900
QCOM,2020-08-24,101.70637488104761,103.15589055587486,100.72816704290061,103.07585906982422,10235000
QCOM,2020-08-25,103.2537298350008,104.13411026240193,101.76864208325848,103.11144256591797,6208000
QCOM,2020-08-26,103.37822185600604,103.64500707787354,102.41780319883902,103.19147491455078,7487400
QCOM,2020-08-27,103.53827386271723,105.09450489239026,102.57785537037952,103.17366790771484,8206200
QCOM,2020-08-28,103.78729434014595,105.165673435535,103.30708498016455,105.11231231689453,6280300
QCOM,2020-08-31,105.22791987784244,107.6556370014717,105.04117292868868,105.91265869140625,9694600
QCOM,2020-09-01,107.67343164232766,108.99844965278044,106.2772699949649,108.50045776367188,9091900
QCOM,2020-09-02,110.19911103220011,110.79811477495011,108.90275201322505,110.1275863647461,9167700
QCOM,2020-09-03,108.44680156406413,108.81335356145286,103.35078136791074,104.09283447265625,13560800
QCOM,2020-09-04,103.43124245041275,105.33554064116235,100.47197248856506,103.68157196044922,11064300
QCOM,2020-09-08,100.07859413853197,101.8130228430856,98.00442670244169,98.1385269165039,10245200
QCOM,2020-09-09,101.45541983068561,103.50276053725302,100.40045487809046,101.93819427490234,9708400
QCOM,2020-09-10,102.9484691105286,103.53853059803754,99.74781168077477,100.52562713623047,6166300
QCOM,2020-09-11,101.36600921281102,102.68024594671732,100.4898559375185,101.40177154541016,6740200
QCOM,2020-09-14,103.02891675019876,103.19878611917532,100.71336206409661,101.43753051757812,5397300
QCOM,2020-09-15,102.7607147817599,105.32659909877732,102.62660773729965,104.22693634033203,8773700
QCOM,2020-09-16,105.49647500121206,105.49647500121206,102.40310460359099,102.42098236083984,6340100
QCOM,2020-09-17,100.06071065276852,103.44017250329588,99.23819749971294,102.70706176757812,7418100
QCOM,2020-09-18,102.85009937135034,103.1987735339102,98.1653436628547,98.9610366821289,15443200
QCOM,2020-09-21,97.59318260342232,100.25741178479313,96.82430944668545,100.06072235107422,8197600
QCOM,2020-09-22,100.67759921418649,102.14382068978922,98.71965421037729,101.75938415527344,6911200
QCOM,2020-09-23,101.59845555245968,101.85772733426735,98.40674086339807,98.853759765625,6553300
QCOM,2020-09-24,97.79880005150854,101.28554903732216,97.66469300956042,100.30210876464844,6849000
QCOM,2020-09-25,101.51800680681494,103.48488746876279,99.9534404735939,102.36734008789062,11718000
QCOM,2020-09-28,103.6726421680694,106.1580666329641,102.74284186088427,105.91667938232422,9043600
QCOM,2020-09-29,105.62161688600114,106.61399931206752,104.78121923701642,104.94214630126953,5655700
QCOM,2020-09-30,105.04944584131547,106.6229543442137,104.53090225885383,105.21037292480469,5829700
QCOM,2020-10-01,107.2219665310234,107.47229605379586,105.22825899585477,106.85540771484375,5316800
QCOM,2020-10-02,104.40573786376373,106.08653336838157,103.19878814395817,103.23455047607422,5834300
QCOM,2020-10-05,104.51301547078725,107.86565706958731,104.36103068867368,107.74942779541016,5835900
QCOM,2020-10-06,107.68685426744038,109.53751230910034,106.47990455696082,106.87328338623047,7637000
QCOM,2020-10-07,108.39313324234641,110.28849569890643,107.86565425197779,109.99346160888672,7410300
QCOM,2020-10-08,110.86069301395892,111.24512956095893,108.92956799061912,109.3765869140625,4757500
QCOM,2020-10-09,110.79812144634187,112.55043497866944,109.7789187471408,111.63851928710938,11073400
QCOM,2020-10-12,114.16862881998084,114.16862881998084,111.71002477332453,113.26565551757812,7893800
QCOM,2020-10-13,113.96302096387473,114.59778028218012,112.11236264146662,113.9540786743164,7605700
QCOM,2020-10-14,115.40241222485513,118.38849549683435,115.26829835648823,116.11764526367188,13177100
QCOM,2020-10-15,113.81102354824375,115.45604995452913,113.22989756870925,114.95539093017578,7376600
QCOM,2020-10-16,115.95671556170126,116.3947990538479,114.2044020560187,115.35771179199219,6625400
QCOM,2020-10-19,116.3411659802612,117.97725711053238,114.16864660854682,114.8123550415039,5765800
QCOM,2020-10-20,115.49179924328938,115.62591310168676,113.99876453925388,114.7050552368164,4409800
QCOM,2020-10-21,114.47260555318155,116.60042009903212,112.97957073331605,114.92857360839844,4344000
QCOM,2020-10-22,115.78684967352818,115.85837434636296,113.41765456934796,114.77659606933594,3895100
QCOM,2020-10-23,114.96431606711326,115.42028407055389,113.63220167075217,115.22359466552734,3943100
QCOM,2020-10-26,114.01664767948441,115.0358502985428,111.2183116213283,112.82757568359375,6065900
QCOM,2020-10-27,113.10472730075686,113.50704159415399,111.92459764302905,112.56830596923828,5825500
QCOM,2020-10-28,110.41367940755035,110.69977125949234,108.22328930558525,108.69712829589844,8234800
QCOM,2020-10-29,109.12626210158747,114.15969976145705,108.97427729811236,113.04215240478516,7053300
QCOM,2020-10-30,110.57460503173537,111.97824422745639,108.71500460833099,110.28851318359375,7811200
QCOM,2020-11-02,111.30772421262212,112.80076594454621,109.43918818062758,110.8338851928711,5860300
QCOM,2020-11-03,112.14812324736832,113.4712956009017,111.47759478118134,112.15705871582031,5832800
QCOM,2020-11-04,115.61696529177952,115.84047472331302,112.71133586087741,115.30404663085938,12608900
QCOM,2020-11-05,130.36861876544413,133.03284800294787,126.8014024790413,130.00205993652344,27910900
QCOM,2020-11-06,130.53844692943431,130.73513632573327,128.70568045600012,129.6444091796875,7278500
QCOM,2020-11-09,133.57818540618374,133.57818540618374,127.34674110847823,127.49872589111328,10666300
QCOM,2020-11-10,125.29940449987149,127.99940274037027,123.85106748726898,125.2636489868164,12019900
QCOM,2020-11-11,129.18845322229168,132.39804542966735,128.74143435301042,132.04043579101562,10222700
QCOM,2020-11-12,131.9331930679745,132.7735773214847,127.91002210274242,128.6610107421875,8580700
QCOM,2020-11-13,130.11827493507195,130.7530478707769,128.0530494898741,128.97390747070312,5899200
QCOM,2020-11-16,129.81429514625322,133.43515122444944,129.23317599132952,133.27423095703125,7598500
QCOM,2020-11-17,133.22954707887973,133.97160025869226,131.58450678484436,132.97921752929688,7438600
QCOM,2020-11-18,133.4261912048745,137.0828021223247,131.3430817276891,131.46824645996094,12124500
QCOM,2020-11-19,131.03019727478764,133.47986612224892,130.04676373367178,131.8974151611328,7743700
QCOM,2020-11-20,132.56792044693353,133.30103797200672,130.47587532337428,130.55633544921875,5551900
QCOM,2020-11-23,127.26628399618225,131.4235542345843,126.84608514639042,128.5805206298828,11649400
QCOM,2020-11-24,128.19608411451784,130.82455752186632,126.1576789500302,130.46693420410156,10800800
QCOM,2020-11-25,130.48486578052405,131.86169217645917,128.77724963320043,128.81301879882812,6398900
QCOM,2020-11-27,130.0735837818915,130.9139679796762,128.47324824235415,128.5894775390625,3878000
QCOM,2020-11-30,129.30472616182865,131.6828569816655,128.78618246131055,131.57557678222656,8712500
QCOM,2020-12-01,133.02388785887672,136.24242962790822,132.12984999436077,135.23216247558594,11906100
QCOM,2020-12-02,135.14238792222338,136.02233629586033,134.34326064060656,134.66650390625,7800300
QCOM,2020-12-03,135.61823582451368,137.17160611286093,134.36118662664583,134.60362243652344,6355300
QCOM,2020-12-04,134.95383360438956,141.94844063280095,134.68446194034647,141.52642822265625,12759900
QCOM,2020-12-07,142.36148889422654,142.73860376974238,140.70936266792478,141.88560485839844,7009300
QCOM,2020-12-08,141.38275972661904,143.0258979256395,139.9550941737755,142.5859375,6088300
QCOM,2020-12-09,142.406356782392,144.62416171021033,139.66777036334406,140.08978271484375,7947200
QCOM,2020-12-10,138.65314733106075,141.7329388162178,137.13570036644037,139.84735107421875,7522200
QCOM,2020-12-11,134.00206463616516,134.92689683878012,127.40252056817312,129.54849243164062,25923100
QCOM,2020-12-14,130.10518079759146,132.6641909769641,128.69549059657297,131.35325622558594,12258500
QCOM,2020-12-15,134.11879988145358,134.61264571156843,132.08058462932814,133.21192932128906,6616400
QCOM,2020-12-16,133.91224554176296,135.07951340138797,131.73036424100113,134.45098876953125,6610900
QCOM,2020-12-17,135.46562909172556,135.78887235236726,133.22987576469814,134.262451171875,7039000
QCOM,2020-12-18,135.39378036639678,135.39378036639678,131.20060618674248,132.3678741455078,13288300
QCOM,2020-12-21,130.20393052240854,132.31399219415738,129.6652009918921,131.81117248535156,7024600
QCOM,2020-12-22,131.6405681449701,132.0176829212448,129.94354480132924,131.39813232421875,5751500
QCOM,2020-12-23,132.55642280523801,136.06718659858424,131.87401291228795,131.954833984375,5186700
QCOM,2020-12-24,132.70911363953718,133.69679163007245,132.17037022592584,133.5980224609375,2120200
QCOM,2020-12-28,135.2411601440865,135.6452245109095,132.3858559835217,132.6552276611328,4576600
QCOM,2020-12-29,133.759599626231,133.77756138667448,132.01767878505464,133.32861328125,3543800
QCOM,2020-12-30,133.89430125941658,136.1300681354637,133.71472472698807,134.63955688476562,3965600
QCOM,2020-12-31,134.9717817543432,136.9830607479227,134.77424346735796,136.7855224609375,4941700
QCOM,2021-01-04,137.38710809351485,139.30860562975948,132.11646119052833,133.3376007080078,9827000
QCOM,2021-01-05,133.4723008072214,137.10878414250368,133.33762182106042,136.86634826660156,8507200
QCOM,2021-01-06,136.05822640269682,138.15930047441194,134.20856220105992,135.75294494628906,7174600
QCOM,2021-01-07,136.77655338506443,140.44894618838526,136.71369406383255,139.80245971679688,8482300
QCOM,2021-01-08,141.17622461952521,141.44559623672538,138.76088149661928,140.64646911621094,6252400
QCOM,2021-01-11,140.1616497465502,141.98437855349883,139.10212474746908,140.17062377929688,5147800
QCOM,2021-01-12,140.64651031663055,140.8530226799614,138.24015421990248,138.68011474609375,4385700
QCOM,2021-01-13,139.3445424282931,141.80476975905256,137.96177432047753,141.3468475341797,5479900
QCOM,2021-01-14,143.12465993148882,146.51870673540304,142.3165587689606,144.42662048339844,10102400
QCOM,2021-01-15,144.35480286682926,144.435610251725,140.86198654461822,141.050537109375,8607400
QCOM,2021-01-19,142.71166612683655,147.34481516753624,142.27169192734874,147.0485076904297,8209000
QCOM,2021-01-20,147.90147485771584,150.79270194645008,147.65006499789632,147.79373168945312,7943300
QCOM,2021-01-21,148.88018894237953,149.4907655738964,146.6623839014245,147.9284210205078,6295700
QCOM,2021-01-22,147.25499680253114,147.49743264568912,145.02821776028082,145.83631896972656,5062300
QCOM,2021-01-25,147.54233135137304,149.99358449321144,145.21676944674616,147.61415100097656,5370800
QCOM,2021-01-26,147.43455673142506,147.83860729066774,144.4804841930239,145.95303344726562,6554200
QCOM,2021-01-27,142.3076192329567,144.31889859639094,137.09981686541158,137.97975158691406,9854000
QCOM,2021-01-28,140.3232308399768,142.7385740476423,137.47690125015248,139.6677703857422,8087400
QCOM,2021-01-29,143.88790748280164,144.23808655360403,138.94947696077102,140.32325744628906,9502100
QCOM,2021-02-01,141.30192780356026,145.81834482343078,140.51178842388344,145.0820770263672,8265100
QCOM,2021-02-02,147.71296264477064,148.4941419922774,144.83072227198718,147.9553985595703,6926500
QCOM,2021-02-03,150.469515437789,150.469515437789,145.27967413185198,145.72862243652344,14156700
QCOM,2021-02-04,134.84605264054073,136.2826921250401,130.37453313877094,132.86170959472656,46141800
QCOM,2021-02-05,133.65184918968225,133.69673303713427,129.85373855996374,130.9491729736328,24695400
QCOM,2021-02-08,132.08057555935028,132.52952379211376,130.46435918123908,132.3319854736328,12181600
QCOM,2021-02-09,132.48460805697968,133.33760684206982,131.00307087158126,131.19163513183594,11681300
QCOM,2021-02-10,132.54745680493178,132.66418771645456,129.62929362335154,130.6439208984375,11701300
QCOM,2021-02-11,130.89530742583705,131.60465309892314,128.87504096833754,130.69776916503906,11600200
QCOM,2021-02-12,130.70676223684978,135.9414852594842,130.07822390818473,132.8706817626953,9155200
QCOM,2021-02-16,133.7865713742387,134.45101968114153,131.14675361271094,132.1344451904297,10211900
QCOM,2021-02-17,130.9312451199109,131.8919870370584,128.77628577814883,129.97048950195312,11937200
QCOM,2021-02-18,128.8840470816851,129.925610225026,128.36327921082685,129.21627807617188,8404400
QCOM,2021-02-19,129.99740083563447,130.95815627282417,128.83912085423785,130.1410675048828,10012500
QCOM,2021-02-22,127.7257593178339,129.40482115448359,124.8794294537588,125.22063446044922,12763900
QCOM,2021-02-23,122.45513320708129,124.3407077005388,120.71321174587737,123.11956787109375,14425300
QCOM,2021-02-24,122.47307472942636,126.76501881959747,121.29683252951263,126.69319915771484,13146200
QCOM,2021-02-25,125.31037654288538,126.45070841718437,121.23393430915274,121.69185638427734,12701100
QCOM,2021-02-26,122.7963015534607,124.04437694879762,120.94663723958982,122.28450775146484,11772600
QCOM,2021-03-01,123.46074004194226,125.37326352648758,122.52693392743602,125.24755859375,9421400
QCOM,2021-03-02,125.7055013482272,125.79529647237231,122.80529968906342,123.04772186279297,8693200
QCOM,2021-03-03,122.33499958998182,122.85824924991286,118.67215560772797,118.78042602539062,14862700
QCOM,2021-03-04,119.40293605352252,121.07195251249962,114.197379427901,115.29803466796875,15831100
QCOM,2021-03-05,118.11281757251861,118.3383614527975,113.13281172450394,117.0572738647461,13292000
QCOM,2021-03-08,116.38063050259257,117.0753094383964,110.95855423951947,111.14801025390625,15256100
QCOM,2021-03-09,114.92814582736406,117.21064892841763,113.97184192145,116.47988891601562,13130200
QCOM,2021-03-10,117.88728601871641,118.2752286917351,115.1536950051962,115.36119842529297,12492300
QCOM,2021-03-11,118.19401727426641,120.2058787206549,117.29184169812669,118.85261535644531,11920200
QCOM,2021-03-12,117.1926100635093,117.58055274686672,115.13565758981107,117.26478576660156,9365700
QCOM,2021-03-15,117.33695863818163,118.87065443508538,116.48891135494695,118.76239776611328,7807200
QCOM,2021-03-16,119.89010382164695,122.19065414164773,119.34879300537408,120.57575225830078,10434700
QCOM,2021-03-17,118.46466491722745,122.33500559360616,116.99411441958037,120.81934356689453,10781500
QCOM,2021-03-18,119.48412821912396,120.53065512748346,116.97608137171113,117.0572738647461,9579000
QCOM,2021-03-19,117.09335526990854,119.52020963343486,116.53401084986224,118.20304107666016,17599900
QCOM,2021-03-22,119.95328339562884,122.28991508203679,119.62849960309316,120.97273254394531,9036900
QCOM,2021-03-23,120.89150543056049,121.20727233178353,118.55487441304379,119.55628967285156,7425700
QCOM,2021-03-24,119.98033816081556,120.04348329452456,114.67554122054207,114.73869323730469,10962300
QCOM,2021-03-25,114.26955116872578,115.1536792967487,112.22160894651346,114.82889556884766,10460800
QCOM,2021-03-26,114.63042324787506,120.30511516973381,114.61238276540784,119.98033142089844,11071600
QCOM,2021-03-29,119.5743419095491,120.29608510620866,117.07532553574075,118.4285888671875,9750100
QCOM,2021-03-30,117.43618551844092,118.40151993036858,116.44380070836942,117.3820571899414,7097300
QCOM,2021-03-31,118.14891663774944,120.45848385397584,117.79706872224787,119.61945343017578,8361300
QCOM,2021-04-01,121.34260160760469,124.88814462305547,120.530649185074,124.31075286865234,14069600
QCOM,2021-04-05,125.43848076862957,126.75566311142939,124.70772078529727,126.602294921875,12562800
QCOM,2021-04-06,126.16923826210885,126.51205556148784,124.17542452257723,124.55433654785156,9100000
QCOM,2021-04-07,124.79793657559603,126.2594564571215,123.95890621560906,125.79032135009766,6958500
QCOM,2021-04-08,126.30460692797317,126.63840755541342,125.23101556650784,126.61134338378906,7304900
QCOM,2021-04-09,126.21438540228382,126.91808140541825,125.29417602348332,126.81885528564453,6033200
QCOM,2021-04-12,125.27611342749,126.20535326141056,122.74100201071015,123.99502563476562,10355500
QCOM,2021-04-13,124.84306468470467,125.1949126201785,122.47033843726665,123.86871337890625,9225200
QCOM,2021-04-14,123.67021626920712,124.35586467720499,120.81032165372831,121.56814575195312,9967800
QCOM,2021-04-15,122.6958658909156,124.49120006085268,122.30793704031463,124.35586547851562,11733200
QCOM,2021-04-16,124.15740319284122,125.41142674160989,123.28229174879681,124.689697265625,6583900
QCOM,2021-04-19,123.50784090699116,123.6431755140775,120.97272953453738,122.01925659179688,8728900
QCOM,2021-04-20,121.38770684239356,121.59520333675465,119.79986927551327,120.3501968383789,7473700
QCOM,2021-04-21,119.8269670153255,123.02967930801867,119.5382642223026,122.86729431152344,7237900
QCOM,2021-04-22,122.12750378710676,122.6597978412327,119.51120011309922,119.96228790283203,8345100
QCOM,2021-04-23,120.6569602847134,122.79511188471518,120.4765141659082,122.18162536621094,7666600
QCOM,2021-04-26,122.09141616884263,126.02490203164034,121.90195325039076,125.36631774902344,9715400
QCOM,2021-04-27,125.1407960811717,125.7452521418487,123.58002222507302,124.50926208496094,9284500
QCOM,2021-04-28,124.65360149019097,124.74382455698857,122.47033818153947,123.21012878417969,13118100
QCOM,2021-04-29,130.82445196047243,131.08609053981513,126.90901396362297,128.72238159179688,20502100
QCOM,2021-04-30,127.26987319501634,128.19008206784912,124.73474909792357,125.22193145751953,11374600
QCOM,2021-05-03,126.03391173648937,126.08804006268406,123.48075347749962,123.98596954345703,7920300
QCOM,2021-05-04,122.69588863677528,122.69588863677528,119.46609815160956,120.99979400634766,11996300
QCOM,2021-05-05,122.76805402295497,123.10185458089072,120.99076703710651,121.47793579101562,6285500
QCOM,2021-05-06,121.33357429117399,123.18302284508023,120.07955103799502,122.69585418701172,8352500
QCOM,2021-05-07,123.54390809044344,125.1227151249386,122.95748578939661,124.3648910522461,6893700
QCOM,2021-05-10,122.71393570734422,123.30936117381025,116.21827378375059,116.32653045654297,19537200
QCOM,2021-05-11,112.99747291526208,115.9836713941186,112.56442567913962,115.812255859375,11948000
QCOM,2021-05-12,113.70119462536896,114.69358645116493,111.58108325138348,112.42913055419922,13529600
QCOM,2021-05-13,114.6845607923186,115.91151323356914,113.55684133123441,114.675537109375,10633000
QCOM,2021-05-14,116.04686236006653,118.56392645530879,115.30707169322675,117.41815948486328,9391100
QCOM,2021-05-17,116.6422757437039,117.12945827036191,115.21684354543908,117.1023941040039,5917400
QCOM,2021-05-18,117.86020585433026,118.40151665656997,116.19117568584576,116.29944610595703,8651100
QCOM,2021-05-19,114.74772242265604,118.03164121788079,114.08010748994975,117.8782730102539,8112900
QCOM,2021-05-20,118.66315061518145,120.2419578493016,118.60000548419208,119.66456604003906,9208400
QCOM,2021-05-21,119.21346354367196,119.70966279493952,117.72487955597421,118.59999084472656,8674000
QCOM,2021-05-24,118.48271076886087,120.8915177161987,118.48271076886087,119.90814971923828,8229300
QCOM,2021-05-25,120.47651455910598,121.16217677414888,119.80891347532987,120.66597747802734,7271400
QCOM,2021-05-26,120.7742448879701,121.36066729599136,119.28566063319951,120.07054901123047,6663300
QCOM,2021-05-27,119.74574372054316,121.46890213529774,119.72771012312414,120.56672668457031,7379300
QCOM,2021-05-28,121.02685231983394,122.3710989316978,120.84641995143589,121.37870025634766,7042200
QCOM,2021-06-01,121.8839293460162,122.75904078131208,120.46750704303582,120.83740234375,7059600
QCOM,2021-06-02,120.76484761215178,122.17035814404973,120.12104212638957,121.34519958496094,6026000
QCOM,2021-06-03,120.28425480092079,120.95527638696993,119.16892026414872,119.495361328125,6644000
QCOM,2021-06-04,120.1754433277681,122.46053073001872,119.87620453872974,121.81671142578125,7416700
QCOM,2021-06-07,121.23638188878859,121.29986307717846,120.27519810607987,120.89181518554688,5563300
QCOM,2021-06-08,121.56280977413452,122.7688276954543,120.60162609575903,121.68975830078125,9657900
QCOM,2021-06-09,122.5058570200991,122.73255178598652,120.411185760765,120.50186920166016,6717200
QCOM,2021-06-10,120.64696347219399,122.50586341680427,120.22077618316403,121.70789337158203,5522300
QCOM,2021-06-11,121.32705072307762,122.0978046840652,121.19102555136111,122.07060241699219,6529900
QCOM,2021-06-14,122.59655991011495,124.5098648071289,122.2247770723949,124.5098648071289,7912600
QCOM,2021-06-15,124.35568184742715,124.5733138066103,122.62373049268169,122.94110870361328,5723600
QCOM,2021-06-16,123.74815841558565,124.27409201145782,121.20011107977662,122.3698501586914,7404700
QCOM,2021-06-17,121.78954659728267,123.88420492812827,121.59005400993009,122.73260498046875,6618300
QCOM,2021-06-18,122.00714166343818,122.03434393198064,119.91248396755444,120.60163116455078,12753600
QCOM,2021-06-21,120.6469727057717,122.50587279265078,120.29332937891,121.4721450805664,6371400
QCOM,2021-06-22,121.70789371318446,122.69627962611268,120.86458194278013,122.48772430419922,5976400
QCOM,2021-06-23,122.3154586249515,123.5305395602801,122.24291462094403,122.88673400878906,6613800
QCOM,2021-06-24,123.88414985629622,125.5979617138847,123.6393294740338,125.0629653930664,7941700
QCOM,2021-06-25,125.54354882550834,126.46846727263404,124.20151978991865,124.81812286376953,7949200
QCOM,2021-06-28,125.34407689791276,127.10323064683614,125.1173821124608,126.69518280029297,6645500
QCOM,2021-06-29,126.61356848373566,129.62406786096145,126.26898800266703,129.3248291015625,6885400
QCOM,2021-06-30,129.08000682630095,130.2406829350828,128.61754064291011,129.60592651367188,6449700
QCOM,2021-07-01,129.5877884706929,129.68753471280755,127.26643647567862,127.67448425292969,6094100
QCOM,2021-07-02,128.75357783538237,129.37924383288666,128.0825562762819,129.28857421875,5399100
QCOM,2021-07-06,129.66943599435774,129.83264962199178,126.65892216758444,128.02816772460938,7095200
QCOM,2021-07-07,128.98025197789417,129.0890610319806,126.09668751745626,126.92185974121094,5034900
QCOM,2021-07-08,124.8816187548918,125.92440918531787,122.95925149058596,125.39847564697266,7501100
QCOM,2021-07-09,125.0357810929718,128.51780983782328,124.96323709791004,128.2457733154297,7356800
QCOM,2021-07-12,128.2185974642646,129.6875894533119,128.03724435742134,129.18885803222656,6786500
QCOM,2021-07-13,129.1616394631619,129.36113200642833,127.32994149151259,128.0190887451172,5657600
QCOM,2021-07-14,130.12277731190557,132.6980261693409,129.2159983759341,130.34947204589844,11305700
QCOM,2021-07-15,130.68501721307408,130.70315667171593,127.60197338889746,128.2729949951172,6667400
QCOM,2021-07-16,128.6447592435415,129.2250973716237,126.52289925989906,126.68612670898438,5914300
QCOM,2021-07-19,125.42567901272575,125.95159866131401,124.05643385554883,125.85185241699219,9371300
QCOM,2021-07-20,126.06043144938445,127.32991662557133,124.41008688399083,126.54102325439453,6020400
QCOM,2021-07-21,126.63170642498196,128.96213554932376,126.63170642498196,128.9167938232422,6161900
QCOM,2021-07-22,128.76263606396094,129.53340385663085,128.30924650035544,129.16162109375,3862600
QCOM,2021-07-23,130.07747456361264,131.47392229168125,128.7898497491764,131.37417602539062,6310400
QCOM,2021-07-26,130.53085056801396,130.92077278156313,128.98026603291572,130.122802734375,6253900
QCOM,2021-07-27,129.20696069497433,129.669413061169,125.32594720117051,127.79237365722656,7575800
QCOM,2021-07-28,128.1006911752753,129.5878083904473,127.07602633389443,129.16162109375,9303400
QCOM,2021-07-29,132.84313815848182,137.39517311495072,132.76153136020085,136.91458129882812,19446900
QCOM,2021-07-30,135.29143726614842,136.38864605146475,134.52974615236812,135.83551025390625,8404800
QCOM,2021-08-02,136.01685129569015,138.08430632847666,134.39372295822207,134.98312377929688,10823800
QCOM,2021-08-03,135.02848832663048,135.63602870477445,132.89755176150828,134.15797424316406,6223400
QCOM,2021-08-04,134.22143321976714,135.2914258123944,133.59575348772086,134.4027862548828,5556400
QCOM,2021-08-05,133.51414721902012,133.7227025184005,131.0930489080748,133.14236450195312,7169200
QCOM,2021-08-06,132.50761966601755,134.41184726375354,132.31718998806923,132.6436309814453,5733300
QCOM,2021-08-09,133.10608280868217,133.94939447033167,132.1630387403128,133.22396850585938,4966600
QCOM,2021-08-10,133.58673745912128,133.7499510969759,129.12537098213187,132.2718963623047,4197100
QCOM,2021-08-11,132.4441642534638,133.10610917786875,130.9389075003438,133.00636291503906,6216000
QCOM,2021-08-12,133.98567670573206,134.2033086738572,132.74339374901862,133.4325408935547,5777700
QCOM,2021-08-13,133.29652845095882,135.39118596994342,133.23304727215267,134.7836456298828,5764000
QCOM,2021-08-16,134.56601791370454,135.1826349195562,133.04263561045616,134.32119750976562,4410800
QCOM,2021-08-17,133.25121131075545,133.29655304164578,130.18630677879045,130.947998046875,7256800
QCOM,2021-08-18,130.43109887088366,131.17466435408056,128.74448923736574,128.92584228515625,6546500
QCOM,2021-08-19,127.53847760119325,128.26390366393872,126.00603251203698,127.50221252441406,8661000
QCOM,2021-08-20,127.50219399504176,128.99837378998515,127.22109472271235,128.84422302246094,6141000
QCOM,2021-08-23,129.35204950592475,131.1293428556046,129.08002681046338,130.70315551757812,6936900
QCOM,2021-08-24,131.1112037987898,132.01798301671298,130.4311193853474,130.9933319091797,7066800
QCOM,2021-08-25,130.99333852830733,131.8729016846928,130.09562207611452,130.4583282470703,5721600
QCOM,2021-08-26,129.8417124295099,130.35856936494372,128.41806248169422,129.1072235107422,6825100
QCOM,2021-08-27,128.94399647848084,131.4376392205752,128.69009941528486,131.3469696044922,6274500
QCOM,2021-08-30,132.0179641916687,134.0763565970176,131.99076192591815,132.33534240722656,5263600
QCOM,2021-08-31,133.11518815911003,133.77713309512237,131.08399778784795,133.01544189453125,7820500
QCOM,2021-09-01,133.77156534133417,134.91943705814603,133.20674840181783,133.41627502441406,6451400
QCOM,2021-09-02,133.64402077296967,133.81711341614928,131.64892371870448,132.2046356201172,6006700
QCOM,2021-09-03,132.20463719440838,132.99721857520618,131.39384577785202,131.7582550048828,5505800
QCOM,2021-09-07,131.80379890676426,131.87668075488637,130.38263762036095,130.95657348632812,6361200
QCOM,2021-09-08,130.60128286385597,130.8381384441138,128.89771310789854,129.83604431152344,5981300
QCOM,2021-09-09,129.79046658272148,130.76523157340043,128.8612405751075,128.97967529296875,6190800
QCOM,2021-09-10,130.39171248305044,133.00628360986948,129.85421077235804,129.98175048828125,6263300
QCOM,2021-09-13,131.2025472527811,131.8493510624639,129.3896477804536,130.64683532714844,4312800
QCOM,2021-09-14,131.61248097341294,131.92221836646038,128.10511715556132,128.57884216308594,6442100
QCOM,2021-09-15,128.27825022294707,128.45134290915027,125.2810583380829,125.93698120117188,11289100
QCOM,2021-09-16,125.09884003426843,126.59288322068869,125.09884003426843,126.08271026611328,6719900
QCOM,2021-09-17,125.54521139320002,125.71830403592668,121.29083277254287,121.70989990234375,14550500
QCOM,2021-09-20,119.76945444948667,121.27260244516644,118.98599204002704,120.94464111328125,9647100
QCOM,2021-09-21,121.70080773649028,121.99233517796507,119.59639440872044,120.02456665039062,6175300
QCOM,2021-09-22,120.78977455498166,121.60968484961548,120.23406267446394,121.17239379882812,5163000
QCOM,2021-09-23,121.84655350045112,123.13107003615984,121.36372340985844,121.99231719970703,5918900
QCOM,2021-09-24,121.26352065186073,122.5753662306415,120.98111215380504,121.96499633789062,4554600
QCOM,2021-09-27,120.64401558135566,122.11072969042296,120.27051524114613,121.60057067871094,4319500
QCOM,2021-09-28,120.02454735780958,120.92644459650985,118.15698995083152,118.33918762207031,8851700
QCOM,2021-09-29,118.96777128778768,119.75123371820952,117.4190703627557,117.77436065673828,7037200
QCOM,2021-09-30,118.7491583798509,119.41418618351138,117.24599620621687,117.5010757446289,6976800
QCOM,2021-10-01,118.24807777927758,118.44849935744092,115.21443905612072,117.25508880615234,6863700
QCOM,2021-10-04,117.44640474917266,118.23897223376962,114.71339808417262,115.40576171875,8470300
QCOM,2021-10-05,114.90470267227795,117.30975482625823,114.50386643861046,116.18010711669922,9244300
QCOM,2021-10-06,115.28734018337592,116.85426520167024,114.85005603509082,116.66294860839844,8513700
QCOM,2021-10-07,117.75613822805326,119.08620754352842,116.23476623687218,116.46251678466797,8010600
QCOM,2021-10-08,117.1457689900226,117.1457689900226,114.97758626674775,115.2873306274414,6920500
QCOM,2021-10-11,114.84092799897392,115.90680578929415,113.76594519150186,113.82061004638672,6288200
QCOM,2021-10-12,114.22146441544922,114.30345823560964,111.29714790378394,112.00772857666016,10531500
QCOM,2021-10-13,114.05745410177401,115.07777890190121,112.52697037678026,113.91169738769531,12373800
QCOM,2021-10-14,114.93205088156016,117.79259748225378,114.77717521179332,117.20955657958984,10637900
QCOM,2021-10-15,117.53753451263965,118.8675902431992,117.22778312947398,118.61251068115234,7609700
QCOM,2021-10-18,117.81081353306533,118.67626286021968,116.82692946928887,118.53960418701172,5290000
QCOM,2021-10-19,119.35950725145797,120.9810899890318,118.72180851771374,120.7077865600586,7330700
QCOM,2021-10-20,120.70778579805797,121.17239189382656,119.57813811913523,120.3980484008789,4804100
QCOM,2021-10-21,120.25229194346278,121.40014972591122,119.7056850561308,121.20884704589844,4579200
QCOM,2021-10-22,121.0721790411286,121.7918785173325,119.73300478110365,119.90609741210938,5216200
QCOM,2021-10-25,120.08831018825036,121.3181547513301,119.61458517762345,120.18850708007812,4876300
QCOM,2021-10-26,121.072201528532,121.88299302900202,119.40507953269186,120.19764709472656,5802200
QCOM,2021-10-27,120.1976222216537,120.58024144486536,118.89488195855736,119.52347564697266,5090400
QCOM,2021-10-28,120.24316936366128,121.91940985216523,120.13383966168855,121.7918701171875,5016700
QCOM,2021-10-29,121.03576381035626,121.78277845360309,120.66224953833702,121.19973754882812,5251100
QCOM,2021-11-01,120.65313921661138,122.86686799342934,120.65313921661138,122.81221008300781,6903000
QCOM,2021-11-02,122.57536457414886,123.6503406361938,122.18362634929385,123.19483947753906,7321900
QCOM,2021-11-03,123.66856149987467,126.49267417363237,123.0217437543188,126.15559387207031,13216000
QCOM,2021-11-04,142.40788459033877,145.37774705031003,139.65665378337656,142.21656799316406,48321500
QCOM,2021-11-05,143.09112546743032,153.54942706809226,142.0343595553046,148.52069091796875,27226600
QCOM,2021-11-08,148.68467640783163,152.78418634173076,146.9264349188816,151.0897216796875,14541400
QCOM,2021-11-09,151.6909874172931,154.43311322683186,149.75056197788538,151.90052795410156,12353900
QCOM,2021-11-10,150.39731955038042,151.33565051520372,144.8766495551557,145.578125,11327100
QCOM,2021-11-11,147.4001808890765,150.8255446715003,147.02666659476108,149.78700256347656,7624200
QCOM,2021-11-12,150.3153543158486,151.24458039838584,149.70498454520626,150.2606964111328,7371000
QCOM,2021-11-15,151.6818907751014,154.8157410729,151.05329693154624,153.51300048828125,12350200
QCOM,2021-11-16,153.14860419679007,167.3784563238065,152.19204895798663,165.62933349609375,33338200
QCOM,2021-11-17,164.7000965067851,169.74705693535785,162.73234214154567,167.20535278320312,21678900
QCOM,2021-11-18,168.75407663083345,171.92436084733748,166.485675824615,169.7379608154297,15542600
QCOM,2021-11-19,168.25299194382654,169.9930094137788,166.07569732724411,168.535400390625,11889100
QCOM,2021-11-22,164.9916290448816,171.96991008094795,164.87319429623855,165.2558135986328,16062800
QCOM,2021-11-23,164.29012410767072,165.1920212388787,161.26560420336747,164.83673095703125,10696200
QCOM,2021-11-24,163.54313284819406,164.69099071425515,161.54803563513258,164.62722778320312,7886200
QCOM,2021-11-26,160.0357867595194,164.2081793366968,159.4800747505313,160.0995635986328,7835900
QCOM,2021-11-29,163.50664970196965,167.68815982082202,163.0693725950529,167.3875274658203,10440500
QCOM,2021-11-30,166.91379302767658,170.1842869787763,164.29010273335436,164.4905242919922,19309200
QCOM,2021-12-01,165.4141374623577,167.48078041265518,160.32068046482314,160.60415649414062,10637700
QCOM,2021-12-02,157.3670184067169,162.67080832145945,156.5623153658178,161.88438415527344,13101400
QCOM,2021-12-03,162.80796052373688,164.8471851604516,158.84842160265424,161.4088592529297,12111800
QCOM,2021-12-06,161.7472404534434,161.8386766969908,157.53164311836264,160.4395751953125,8577500
QCOM,2021-12-07,163.74987574045088,168.9713553462186,163.22863474701657,168.00204467773438,9910100
QCOM,2021-12-08,167.3527748276436,168.0020376945822,165.31356394266916,167.0052947998047,4799400
QCOM,2021-12-09,166.21884630262656,171.7695260323221,165.98108142253764,166.6669158935547,9398900
QCOM,2021-12-10,169.67546919278695,169.67546919278695,165.65189815751552,168.14834594726562,6854800
QCOM,2021-12-13,170.86422340611685,174.93350490402463,167.44419068869718,167.63623046875,16346800
QCOM,2021-12-14,165.6976066740413,168.16660799791407,164.0607545301667,166.41087341308594,8542800
QCOM,2021-12-15,168.23065796167384,173.54358781737005,164.58201282968616,173.08636474609375,11082000
QCOM,2021-12-16,174.01911427259273,176.19548673559197,161.04312049024983,162.90858459472656,14873000
QCOM,2021-12-17,160.69560824710433,164.7100260430152,160.04635933401084,161.674072265625,16232300
QCOM,2021-12-20,159.37880485390627,161.9301172903685,158.6198268687771,161.55519104003906,6306400
QCOM,2021-12-21,164.0333306286913,164.73744401380694,159.31478584269354,164.21621704101562,7702400
QCOM,2021-12-22,163.6858122204911,165.99021974080884,162.4330258322512,165.86219787597656,5227200
QCOM,2021-12-23,165.9993948472931,167.9928945461552,165.86223351740477,167.1058807373047,4918900
QCOM,2021-12-27,167.53566572033534,170.46189026801568,167.36191873958663,170.38873291015625,4865900
QCOM,2021-12-28,170.6264787128342,170.7545005968928,167.79170443629758,169.00791931152344,5399400
QCOM,2021-12-29,168.8798595134647,171.35801400376675,168.77013047222252,170.2698211669922,5417200
QCOM,2021-12-30,169.97723893912726,170.5624838622902,166.71265979116708,167.0967254638672,4108400
QCOM,2021-12-31,167.6270746124554,169.3096517087736,166.97782584152273,167.22471618652344,4113300
QCOM,2022-01-03,167.26134715796277,170.89169945744786,166.6486699173118,170.27902221679688,5990200
QCOM,2022-01-04,171.00139703128812,172.76627106240443,165.52386062724457,171.2117156982422,8484200
QCOM,2022-01-05,170.54420471191406,177.01848504240263,168.92563114095674,170.54420471191406,17141200
QCOM,2022-01-06,168.73356303697912,172.34562158689087,167.34360134835345,170.0412139892578,9117700
QCOM,2022-01-07,170.6356431629012,172.24506323157217,164.71002255096312,164.9752197265625,7386200
QCOM,2022-01-10,163.0183197502944,164.60030768948567,158.89415866638075,164.30767822265625,11159300
QCOM,2022-01-11,163.85958240595107,169.76689580375768,162.05812265392512,169.5382843017578,9591000
QCOM,2022-01-12,170.63563109715454,173.25094724465166,169.3462588738768,170.4710235595703,7317500
QCOM,2022-01-13,172.55596929227835,175.18957841870838,167.6088127427946,168.15748596191406,10190900
QCOM,2022-01-14,167.16075727304352,173.82706349777771,166.43833700818212,172.54684448242188,9587300
QCOM,2022-01-18,169.9680929799499,170.0869754386049,163.01831095768844,163.55783081054688,10471200
QCOM,2022-01-19,165.12154246325983,165.70678742149116,157.53163688223373,157.7145233154297,10082700
QCOM,2022-01-20,159.59828079540517,160.01893215162494,152.06323971563822,152.25527954101562,9468500
QCOM,2022-01-21,152.01751612243825,157.321292040948,150.49039289587816,150.819580078125,11898700
QCOM,2022-01-24,148.3048587106778,156.20568624528195,145.03115401982006,155.5198516845703,17489100
QCOM,2022-01-25,151.95350729102557,155.74846699122685,147.40870904195359,151.29510498046875,10708500
QCOM,2022-01-26,154.1573203634387,159.61656452498738,149.87770549431556,152.71249389648438,10492200
QCOM,2022-01-27,154.82483294745683,156.78174661343994,146.8691564157811,147.40867614746094,10743000
QCOM,2022-01-28,148.1494130919559,152.65763978666428,143.91553698135598,152.53875732421875,10320800
QCOM,2022-01-31,152.76735962814897,160.89678470716055,151.6151625925433,160.72303771972656,11273500
QCOM,2022-02-01,161.3448600836475,162.25015272499425,158.29975312334673,161.975830078125,9724600
QCOM,2022-02-02,165.45988115623038,172.50111340321268,164.8380505465191,172.0987548828125,25646300
QCOM,2022-02-03,165.33186891750378,175.66511334109921,162.12215395802258,163.77731323242188,36120200
QCOM,2022-02-04,163.67673134937942,166.80413569785972,161.68323136560628,164.11566162109375,15708400
QCOM,2022-02-07,164.29853169963653,165.19468498481208,159.51598242826597,160.11036682128906,10376300
QCOM,2022-02-08,159.39712987462713,163.951068471814,159.09536092585637,163.3109588623047,10163900
QCOM,2022-02-09,165.88051623193073,168.25808166285051,163.64012608741405,168.2123565673828,9666900
QCOM,2022-02-10,164.05161263741405,166.42003846595713,158.61066153509657,159.17762756347656,14362200
QCOM,2022-02-11,159.75372264213945,160.4669894470949,149.5576547342033,150.5543975830078,13572000
QCOM,2022-02-14,151.20365115940078,153.48976615150943,148.57918166018985,151.00247192382812,8381700
QCOM,2022-02-15,154.54140353340634,159.07706269965578,153.85556890234093,158.19918823242188,11100000
QCOM,2022-02-16,156.0776557267193,158.39121722756988,153.86469780968085,157.83340454101562,8340600
QCOM,2022-02-17,155.34609752446943,156.15995394080528,152.4381518655726,152.52960205078125,8878900
QCOM,2022-02-18,153.14229058725672,155.86733607796612,150.1886335698993,153.29774475097656,9591700
QCOM,2022-02-22,150.02399575969673,155.41923507253887,149.60335844936463,151.6974334716797,9835500
QCOM,2022-02-23,152.39243303323926,154.68770161487737,147.5184477255255,147.7927703857422,9749000
QCOM,2022-02-24,143.46745354945384,153.95615183325265,142.46155721970564,153.60865783691406,12567000
QCOM,2022-02-25,153.27030547593984,156.45257387443976,151.43227390893392,156.30625915527344,7350200
QCOM,2022-02-28,153.9012955957223,158.1900504322718,153.80984539596324,157.27560424804688,10638900
QCOM,2022-03-01,156.3337431248958,157.13844636794667,147.8842544227889,149.6857147216797,10723300
QCOM,2022-03-02,151.74257620469155,156.55426717509667,150.91614720365652,155.41561889648438,7299400
QCOM,2022-03-03,156.71953548592273,156.86646054522348,151.0538692448713,151.8343963623047,8553900
QCOM,2022-03-04,150.45699313060874,152.49553262387096,146.82067527433068,148.9969482421875,9057300
QCOM,2022-03-07,149.05207916178603,149.82341476430852,137.7391009452723,137.8309326171875,13416100
QCOM,2022-03-08,138.34516353603476,145.39739914509124,135.79239985354903,138.43698120117188,11878400
QCOM,2022-03-09,143.25785192492182,145.52595705657325,141.56825553881092,144.2679443359375,9276800
QCOM,2022-03-10,141.44888563224768,142.60590319263113,138.0421459549018,142.0641326904297,8888800
QCOM,2022-03-11,145.0392599439486,145.379025896086,139.59398127483797,139.8878173828125,7394400
QCOM,2022-03-14,138.473727261332,138.9236660723562,128.98809180234878,129.74105834960938,16154200
QCOM,2022-03-15,130.85217677128017,132.62441356270898,127.6841795043906,132.4224090576172,13893000
QCOM,2022-03-16,134.9567700649211,139.17158312354871,131.83468943146636,138.15231323242188,11727700
QCOM,2022-03-17,136.99533033675945,140.43880832024306,134.59866909979294,140.33779907226562,8602900
QCOM,2022-03-18,140.05315524505272,143.2762459335175,136.8300505450387,141.4029998779297,18454200
QCOM,2022-03-21,141.40298353160796,144.8189147776913,140.31942851773,142.8721923828125,8986400
QCOM,2022-03-22,142.74366476152807,146.86666155455487,142.11925402844628,144.72711181640625,7220500
QCOM,2022-03-23,143.349697076543,144.35978958249908,140.1082375049951,140.37452697753906,7245600
QCOM,2022-03-24,141.6876606611011,145.59944707824238,141.0356892524695,145.50762939453125,9261000
QCOM,2022-03-25,145.05764770507812,145.50760050403795,142.49569243840693,145.05764770507812,7198700
QCOM,2022-03-28,143.70782249612608,145.5443441893673,141.4580862242153,145.49842834472656,9470800
QCOM,2022-03-29,148.0328070304553,148.11544712700993,143.8455266549253,147.9042510986328,10212400
QCOM,2022-03-30,146.3615762040973,147.16965012472562,139.38278909869032,140.24595642089844,14777800
QCOM,2022-03-31,140.39288424716875,142.45897091612792,138.68491870703394,140.32861328125,13364200
QCOM,2022-04-01,139.5205152585311,140.374490875398,130.90722650409512,134.97512817382812,19762100
QCOM,2022-04-04,135.6638066245378,141.53149045624235,134.67208363743444,141.23764038085938,12116000
QCOM,2022-04-05,139.40113671876148,139.58478603286204,133.39571867725138,133.5701904296875,15946100
QCOM,2022-04-06,131.219462459835,131.3112941442753,126.22413548726345,127.8953628540039,21054200
QCOM,2022-04-07,128.36365705014657,129.92471144892428,125.72825332561692,127.84025573730469,10201200
QCOM,2022-04-08,127.21583324133042,128.51977578628208,125.21403160895464,125.51705932617188,12992500
QCOM,2022-04-11,123.31322306463147,126.36185530988956,122.7622750523335,124.29576873779297,11210400
QCOM,2022-04-12,126.64652146064452,128.70343059295513,124.42433211822136,124.96610260009766,10591300
QCOM,2022-04-13,126.29761204546237,130.93483290770604,125.32425762522547,129.0156707763672,10440800
QCOM,2022-04-14,129.52067686996958,129.9889847912471,125.50786801084762,125.71907806396484,8002600
QCOM,2022-04-18,124.5345148721415,128.87789818382265,124.47942147056358,127.93209075927734,8785700
QCOM,2022-04-19,127.4821207479694,129.84204320338455,126.29755672779623,129.52066040039062,7213800
QCOM,2022-04-20,131.50413132238208,132.97334015064447,128.61160148367165,128.86871337890625,7731600
QCOM,2022-04-21,130.7052029515049,131.89894446540958,124.20391659465895,124.98444366455078,8576500
QCOM,2022-04-22,125.00280951931275,126.10471934495335,121.80725280994827,121.95417785644531,8315100
QCOM,2022-04-25,120.58599762837159,125.62723972751084,120.2095073917797,125.39767456054688,9673200
QCOM,2022-04-26,123.98357464217717,125.20486316296589,121.78893193483967,122.58781433105469,9262800
QCOM,2022-04-27,120.12688232428934,126.82099726542198,119.97995723627865,124.05703735351562,13855900
QCOM,2022-04-28,131.19190318101747,138.841016578278,127.7576170923001,136.07705688476562,31111100
QCOM,2022-04-29,133.89157022063242,135.44343281130048,128.11571745430115,128.27182006835938,13693100
QCOM,2022-05-02,129.10747564662893,133.75387310899583,127.78517783678343,133.395751953125,13320900
QCOM,2022-05-03,132.88152078769969,133.7814124095578,131.0909010958822,132.46829223632812,7556800
QCOM,2022-05-04,132.76213380048583,137.279974766949,128.8778949594098,136.86676025390625,11038100
QCOM,2022-05-05,134.9659475130099,134.9659475130099,127.80351158236566,130.06243896484375,14561400
QCOM,2022-05-06,129.70431375013555,132.32136214546435,126.60977991639317,129.08908081054688,10080600
QCOM,2022-05-09,126.71081392680382,128.65752235586453,123.1020416657369,123.8917465209961,11668100
QCOM,2022-05-10,128.09738988376063,128.37287094388492,123.62546398226688,125.62726593017578,8841200
QCOM,2022-05-11,123.99274103391944,126.98626586775127,121.10940300024512,121.48589324951172,11530900
QCOM,2022-05-12,120.29216469255053,122.18377969701321,117.37209507092788,120.99922943115234,10749800
QCOM,2022-05-13,123.31323072997884,124.87428522405985,121.66955014219522,123.90091705322266,9280700
QCOM,2022-05-16,123.02858829712,124.86511004992421,121.21043568507756,122.96431732177734,6378800
QCOM,2022-05-17,126.0312620566169,128.5564786005564,125.52621594552015,128.27182006835938,9094100
QCOM,2022-05-18,125.64561731359136,126.05883183960542,119.263708045128,119.787109375,11992700
QCOM,2022-05-19,119.78711515827872,122.48680407551252,118.89640108663228,119.8973159790039,8419500
QCOM,2022-05-20,122.01848166125478,122.39495788516811,115.57228786906897,120.84310913085938,11370100
QCOM,2022-05-23,119.32798583063135,121.60526864698782,117.67511362055505,121.32061004638672,10023400
QCOM,2022-05-24,119.68608975680084,119.68608975680084,115.7467577334279,118.02404022216797,9157100
QCOM,2022-05-25,117.3537217877992,121.27469895100126,116.8486755939248,120.50334930419922,9766000
QCOM,2022-05-26,119.3830670172986,124.88345358324673,119.24533351870024,123.81826782226562,7932800
QCOM,2022-05-27,124.97531168386513,128.68507948322255,124.97531168386513,128.3361358642578,9180800
QCOM,2022-05-31,128.097389417462,132.20201656488092,126.20577429586915,131.51332092285156,16007300
QCOM,2022-06-01,131.58713718016472,132.8425463913063,127.54397835150321,129.251708984375,8514300
QCOM,2022-06-02,129.47323699725064,135.0025784431714,128.9563063009632,134.9564208984375,9589500
QCOM,2022-06-03,131.2455683436948,132.40867642026618,129.79631731305025,130.35940551757812,7458900
QCOM,2022-06-06,133.8025715059738,133.82103734352285,129.1594063765385,129.63941955566406,7238700
QCOM,2022-06-07,128.43013907048174,131.21787424912918,127.83935916871431,130.97787475585938,6062800
QCOM,2022-06-08,129.92558782187055,130.85790846128455,126.87937228855901,128.27325439453125,6773000
QCOM,2022-06-09,127.17474417504093,129.63940501232975,126.17780033883892,126.1962661743164,7153200
QCOM,2022-06-10,124.38699139516542,125.59624300962545,122.23617938989553,122.95619201660156,8544700
QCOM,2022-06-13,120.54693158240875,121.2484925578889,116.8637857597128,118.76536560058594,12320900
QCOM,2022-06-14,120.19617373040153,121.78388374370618,118.9130725898688,120.24231719970703,6794700
QCOM,2022-06-15,121.54388217934914,123.03006526748261,118.34998228107486,120.9531021118164,7860000
QCOM,2022-06-16,116.54993466820521,116.9099410250491,109.87595712468898,111.5282974243164,16422800
QCOM,2022-06-17,112.08215744547925,113.38372436063726,109.25748990045201,111.68522644042969,17273400
QCOM,2022-06-21,114.2514244953401,116.42070260943501,114.20527398731573,114.82374572753906,9208500
QCOM,2022-06-22,112.4329365065331,114.1498932001787,111.10367789399363,112.76525115966797,9081000
QCOM,2022-06-23,113.30987405622055,113.47603138338593,109.13748912456765,110.85443878173828,7908900
QCOM,2022-06-24,112.96833008209963,115.72838838476163,112.39601585902695,115.4791488647461,8128000
QCOM,2022-06-27,116.49454169794814,120.03922176389008,115.79299483655542,117.39917755126953,9947300
QCOM,2022-06-28,119.7992393055324,125.95627979193138,116.86379762626962,121.47927856445312,27081900
QCOM,2022-06-29,120.07614106064369,121.45155701436326,117.14070010244701,120.214599609375,9973300
QCOM,2022-06-30,117.79610741005634,120.0853781701881,115.69145276060667,117.91610717773438,9277900
QCOM,2022-07-01,116.0791556484201,117.01148324425894,112.70985866838457,114.0298843383789,7672800
QCOM,2022-07-05,111.786766488229,116.46685632408332,111.1036783838417,116.15300750732422,8113100
QCOM,2022-07-06,116.36531927255635,118.36843314405087,115.44222454364785,117.28841400146484,6038400
QCOM,2022-07-07,120.60233627505049,124.35011319014909,120.24232984768922,124.0639419555664,9408100
QCOM,2022-07-08,122.3285108184189,125.90088271924353,121.49771715604334,125.55010223388672,8393200
QCOM,2022-07-11,123.31622254444304,124.24855724347879,121.22080763272031,122.07005310058594,5887200
QCOM,2022-07-12,123.45468602543437,124.94086900500565,121.81157864246822,122.72543334960938,5991300
QCOM,2022-07-13,120.50999407846807,126.26086907413514,120.48230236930745,125.20854187011719,7200200
QCOM,2022-07-14,124.56239088330213,131.40252543129992,123.55622112307366,130.98712158203125,10718700
QCOM,2022-07-15,132.7040778545806,134.29180173204156,131.1071281016052,133.2671661376953,11880500
QCOM,2022-07-18,134.7441647795693,135.1687805492611,129.99023163989318,130.79331970214844,7856600
QCOM,2022-07-19,133.05486148934378,137.05186299010114,132.1686844331254,136.0364532470703,9686500
QCOM,2022-07-20,136.09182124411518,140.61499294039612,135.34411692051307,140.0426788330078,8517400
QCOM,2022-07-21,141.12273196345606,143.92893384720455,139.04576874540038,143.87355041503906,8060400
QCOM,2022-07-22,143.68891030414164,144.61200491369883,140.63346940015637,141.879638671875,7200100
QCOM,2022-07-25,141.04888932871043,142.19351787480934,140.00578768948643,141.4642791748047,4928900
QCOM,2022-07-26,140.8827034093445,140.95655267285696,138.28880965168597,138.43650817871094,5941800
QCOM,2022-07-27,139.87653690631927,142.89506047911297,138.9719080562207,141.62118530273438,12863000
QCOM,2022-07-28,138.26113259549578,138.45498869342995,132.0025512237403,135.18722534179688,17051000
QCOM,2022-07-29,133.479498098978,134.1348874425341,129.8517286350133,133.90411376953125,11749400
QCOM,2022-08-01,133.21177680553282,137.96572235154522,132.9902431205635,136.09182739257812,7611400
QCOM,2022-08-02,134.48565185589086,137.91032486608339,133.7010158273565,135.72259521484375,5946400
QCOM,2022-08-03,136.30420038211648,138.7780880269942,135.31648204869163,137.6888427734375,6890200
QCOM,2022-08-04,137.24571773953934,139.53500281209634,136.35032880963487,139.3965301513672,6254700
QCOM,2022-08-05,137.14419099987185,139.64576983409913,136.31339729045854,138.65806579589844,5041300
QCOM,2022-08-08,138.2888009095174,139.5626759752905,135.27951755948175,136.44261169433594,5553300
QCOM,2022-08-09,134.3933655442101,135.23338517388714,130.44252101544274,131.55023193359375,6770800
QCOM,2022-08-10,134.63335689342668,135.8610603514589,132.63946911994603,135.68568420410156,6840000
QCOM,2022-08-11,136.90417159642206,139.9780786128051,135.7133856405853,136.46109008789062,6243200
QCOM,2022-08-12,136.61803817087767,139.82117843589802,135.86109363087417,139.65501403808594,4967500
QCOM,2022-08-15,138.75959039150553,140.95654601467305,136.9872363215381,140.43038940429688,4502900
QCOM,2022-08-16,139.80267497178437,140.7627012478052,137.40263745234392,138.49188232421875,5270800
QCOM,2022-08-17,136.83030757457402,138.12264845593918,135.10412519298617,137.10723876953125,5169600
QCOM,2022-08-18,136.68264162351977,141.15041667713015,136.39647042934774,139.7380828857422,7808200
QCOM,2022-08-19,137.80882832875986,138.81501245200036,135.6026321307157,136.24880981445312,5400300
QCOM,2022-08-22,134.12565822789733,134.5964314383949,130.24866343501023,130.7194366455078,6736800
QCOM,2022-08-23,131.16253883113504,132.56564689326808,129.7502048915669,129.8979034423828,4499300
QCOM,2022-08-24,129.4640267913717,130.81175120006822,127.95015210389023,130.4425048828125,5113100
QCOM,2022-08-25,131.39330534473635,135.69493032602165,131.09792234457743,135.0026092529297,5618800
QCOM,2022-08-26,134.9195138024973,136.027224535699,127.43321582855815,127.73783874511719,7918600
QCOM,2022-08-29,127.21168174315609,128.43017354057272,125.6424235284016,126.53782653808594,6852300
QCOM,2022-08-30,127.20244863933651,127.66399597541154,122.71620796927506,124.07315826416016,6147400
QCOM,2022-08-31,124.1938112686792,124.54656003215554,121.88241734725595,122.78284454345703,8701100
QCOM,2022-09-01,120.65710411053664,120.79635377094823,117.0368395693302,120.60140991210938,8716300
QCOM,2022-09-02,122.19803698064237,123.15415844452953,118.41067586742503,119.26468658447266,6121400
QCOM,2022-09-06,119.59886445308226,120.23009837969933,117.1575054499463,117.58451080322266,6674200
QCOM,2022-09-07,118.32713642081593,120.47144797357271,117.30603601865421,119.37609100341797,5340100
QCOM,2022-09-08,118.32713117591936,120.49001208643246,116.86974074635494,119.608154296875,6618800
QCOM,2022-09-09,121.30692837315848,123.09850587086628,120.96347127417901,122.57867431640625,5097300
QCOM,2022-09-12,123.46049499511719,124.59299089438527,122.82927520304946,123.46049499511719,7081300
QCOM,2022-09-13,119.17187316507909,120.58284006849186,115.56087919831752,115.96932220458984,9610900
QCOM,2022-09-14,117.21318497650954,118.72627651781833,116.49841692903615,118.3828125,7509300
QCOM,2022-09-15,117.6123654848413,118.89338870944732,115.31953363003966,116.01573944091797,7459600
QCOM,2022-09-16,115.2174221447983,116.7212221541376,114.22416881088503,115.98788452148438,13818500
QCOM,2022-09-19,114.75330066420909,118.05795574533393,114.55836386155346,117.56597137451172,5922700
QCOM,2022-09-20,116.72122813689079,117.47313526227246,115.00392180939475,115.82080078125,5672700
QCOM,2022-09-21,116.44274909559968,120.48073444829649,115.57016884764371,115.68156433105469,8123700
QCOM,2022-09-22,115.80223621513437,116.18283213440219,113.68577162827782,114.8089828491211,8753000
QCOM,2022-09-23,113.565083718811,113.88070068926457,110.51106725520023,112.49757385253906,10681300
QCOM,2022-09-26,112.82247765567892,114.34484718916721,111.01233822642388,111.15158081054688,6424600
QCOM,2022-09-27,112.8410378115484,113.88070772611206,110.23258892105878,111.70854187011719,5544400
QCOM,2022-09-28,110.07477123497719,111.81063969134814,109.33214894159093,110.39966583251953,11321200
QCOM,2022-09-29,108.86801911730186,109.04439351735856,105.32201123758807,106.60302734375,12125800
QCOM,2022-09-30,105.60051019872067,107.9397588468369,104.8207559279003,104.87645721435547,7568100
QCOM,2022-10-03,106.742262045328,109.83341722982475,105.51694022654159,108.81231689453125,7481700
QCOM,2022-10-04,111.76425458962851,113.66721312275888,111.68999092766575,113.59295654296875,6637200
QCOM,2022-10-05,112.20981497660777,116.55413976372132,111.88492032972182,115.93219757080078,7070300
QCOM,2022-10-06,115.57945177260298,118.08578991179996,115.4773410182784,116.29421997070312,6238600
QCOM,2022-10-07,113.82501167380991,115.20813857348897,111.68997767974625,112.23766326904297,8618500
QCOM,2022-10-10,111.94060288777807,112.3583306036142,105.31272445202362,106.38024139404297,9512600
QCOM,2022-10-11,103.96674047133475,104.42159297788864,100.85702241831407,102.1380386352539,10758800
QCOM,2022-10-12,102.40723385471443,102.85280869300782,100.60637921144591,100.84773254394531,6987900
QCOM,2022-10-13,97.82155693894178,106.9372115633917,97.15320529798953,104.76505279541016,10455000
QCOM,2022-10-14,106.40810682186815,106.74228621923426,101.91526149621443,102.06378173828125,7989800
QCOM,2022-10-17,105.74900131703161,106.26883971515284,102.67641580255501,103.58612060546875,7886400
QCOM,2022-10-18,106.70514282023892,107.76337510311748,101.68318184021655,103.2333984375,8908900
QCOM,2022-10-19,102.90849619801006,105.51694488538956,102.80638545175515,104.7557601928711,5620200
QCOM,2022-10-20,105.05280756548945,107.7633669955237,103.70681257707535,103.94816589355469,7736400
QCOM,2022-10-21,103.73465634072637,107.67053751552321,103.0570129639113,107.43846893310547,7490100
QCOM,2022-10-24,107.99545331370672,108.62668026507804,106.04607825517462,108.03258514404297,6525700
QCOM,2022-10-25,108.2089473692194,111.3372346712156,107.89333747019863,110.6224594116211,6205100
QCOM,2022-10-26,109.57352509526378,112.07986346421269,107.82837154876526,109.63850402832031,7342300
QCOM,2022-10-27,110.76169840976523,111.94988847949331,106.17602071987267,106.47306823730469,8937200
QCOM,2022-10-28,105.98109510079051,110.88238319516948,104.27307346639817,110.65959930419922,9418700
QCOM,2022-10-31,109.65706247832759,109.88913109982066,107.12287709763964,109.22077941894531,6870800
QCOM,2022-11-01,111.15158173309537,111.97774543499774,108.37604308380733,108.91444396972656,5749100
QCOM,2022-11-02,110.19545323339135,110.26971688515248,104.19880145602755,104.43087005615234,13936300
QCOM,2022-11-03,96.89329069686859,98.86123520547036,94.61902098275726,96.42915344238281,24706100
QCOM,2022-11-04,98.9633416284619,99.78950533864528,96.8468769739619,99.03760528564453,11977900
QCOM,2022-11-07,99.7709508077114,102.3701152738558,98.6384547342614,102.19374084472656,7570800
QCOM,2022-11-08,103.56757501393513,106.6494457532061,102.03592083026574,104.46800231933594,9383600
QCOM,2022-11-09,103.4654752425269,105.36844080632531,102.36082631778977,102.50935363769531,9581300
QCOM,2022-11-10,107.59628157179377,112.32119453761148,106.31525845687445,112.0241470336914,11673200
QCOM,2022-11-11,110.45536054140373,113.39799554989281,110.45536054140373,112.72035217285156,9433800
QCOM,2022-11-14,112.07985017221371,114.37268909584817,111.63428242185994,112.13555145263672,6971000
QCOM,2022-11-15,116.63768313142931,118.93980682580369,114.56762804373022,116.98114013671875,12470200
QCOM,2022-11-16,114.36340372803129,114.95749877995573,111.3557966423923,112.07057189941406,9561700
QCOM,2022-11-17,110.4182343137503,114.28914384837717,110.19545044627333,114.04779052734375,7273700
QCOM,2022-11-18,115.14316365744583,115.56088432718435,113.3701560580477,114.96678924560547,6436600
QCOM,2022-11-21,112.4047541190973,113.71362454390247,111.4857643608936,111.5785903930664,8204200
QCOM,2022-11-22,112.17267211904957,114.91108577566418,111.42077214130289,114.7811279296875,7010200
QCOM,2022-11-23,114.679015913632,117.92797619146266,114.44694732235838,116.17353820800781,5481500
QCOM,2022-11-25,115.9043214243685,116.36845854137073,114.54904189258247,114.59545135498047,3153800
QCOM,2022-11-28,113.39801649680395,114.59548437136515,110.325423081121,110.96593475341797,7087500
QCOM,2022-11-29,111.52290243809166,112.66468323608333,109.833443062077,109.8891372680664,6277600
QCOM,2022-11-30,110.93542446341361,118.26883846563486,110.30017290560372,118.16607666015625,12776700
QCOM,2022-12-01,118.38094527209782,119.76354700455515,117.40938363795966,118.46501922607422,7924800
QCOM,2022-12-02,115.56902058231087,117.540168474729,115.017850107638,117.39070129394531,6122200
QCOM,2022-12-05,116.38176288044345,117.21319406046759,114.37324655278469,115.18599700927734,6091600
QCOM,2022-12-06,114.73758398920742,114.90573901432145,110.76726373871257,111.89763641357422,5968000
QCOM,2022-12-07,110.7018784536306,112.40210955069452,110.01057757961405,110.43096160888672,5427100
QCOM,2022-12-08,111.15029491665648,114.2985210099049,110.40293760762742,113.73800659179688,7347600
QCOM,2022-12-09,112.48618607336752,113.41103517667553,111.02884010115169,111.21568298339844,6036000
QCOM,2022-12-12,108.42242564929782,113.2708890790765,108.42242564929782,113.2335205078125,9008400
QCOM,2022-12-13,118.62383366794826,119.52999491690434,113.8033942289959,115.36349487304688,9712700
QCOM,2022-12-14,116.05481613499322,118.2501685737116,112.19659393134165,113.70064544677734,9444100
QCOM,2022-12-15,112.33670886402999,112.5889378393848,108.44112574329529,108.96427154541016,10207800
QCOM,2022-12-16,108.4411279538907,108.98296161845622,105.89077786193725,106.99312591552734,12733900
QCOM,2022-12-19,106.50734209848875,107.58166543535013,104.1718596824104,105.19947052001953,7720200
QCOM,2022-12-20,104.06909786489288,105.35828159247008,103.78883712408941,104.72303009033203,6260200
QCOM,2022-12-21,105.33961119806399,107.39483307438833,105.27421796910807,107.04917907714844,5843800
QCOM,2022-12-22,105.16210086380359,105.18078158691621,100.3136371371785,103.39647674560547,12051400
QCOM,2022-12-23,102.4809874629587,103.62070426589226,101.08904164122049,103.54596710205078,5356700
QCOM,2022-12-27,102.52769175405747,103.40583554048628,101.72428512547957,102.25677490234375,6158100
QCOM,2022-12-28,101.70560956308475,103.01347425523487,99.79051077806375,99.9306411743164,5395600
QCOM,2022-12-29,101.21982485299286,103.37781584358365,100.99562049602052,102.61177062988281,6668600
QCOM,2022-12-30,100.86481601756637,102.81727590193564,100.16417129071728,102.7051773071289,5642300
QCOM,2023-01-03,104.0223951538897,104.38672987482114,100.08009932501369,100.14549255371094,8110400
QCOM,2023-01-04,102.57440925215268,104.84449885924005,101.6495529152196,104.19055938720703,7614200
QCOM,2023-01-05,102.69584291997629,103.62069204966379,101.94848562432682,102.20072174072266,7546000
QCOM,2023-01-06,103.65806147159748,108.34771464171232,102.80794949001523,107.74982452392578,10259300
QCOM,2023-01-09,109.04836301924206,111.02884781740643,106.0682847680743,107.06787109375,10291800
QCOM,2023-01-10,106.51669751476153,109.2725715238352,106.23644385224202,109.21652221679688,6384800
QCOM,2023-01-11,109.71163292705414,110.70187526896854,107.59101073439594,110.59911346435547,7374400
QCOM,2023-01-12,111.393171732174,114.32653719272729,109.90780827785282,113.5885238647461,9527600
QCOM,2023-01-13,111.93499511626773,113.42970235915648,111.84157724996088,112.32735443115234,8040400
QCOM,2023-01-17,111.8602733640932,113.33630008775012,111.18765323041019,112.36473846435547,6179500
QCOM,2023-01-18,113.6165670014944,115.83060007947603,113.04670864224593,114.00892639160156,10960400
QCOM,2023-01-19,113.09342607633444,113.13079465947014,109.69296341159779,109.84243774414062,8716200
QCOM,2023-01-20,110.62714397530438,114.86838145795929,109.618213727837,114.81233215332031,8895000
QCOM,2023-01-23,118.21280055022004,123.36954353649753,117.54018035041688,122.4073257446289,13419500
QCOM,2023-01-24,121.95889866386993,124.21964400706338,121.58521291211034,122.0990219116211,7952400
QCOM,2023-01-25,119.99710241994117,122.88375571573307,119.29645758573989,122.5381088256836,6880300
QCOM,2023-01-26,125.564884732097,125.97593193343408,122.52875747772094,125.14450073242188,7413600
QCOM,2023-01-27,122.83706269197191,126.01331370700808,122.77166232909488,124.6213607788086,6581900
QCOM,2023-01-30,122.425993202874,123.68714517640856,121.58521096586395,122.96782684326172,9854300
QCOM,2023-01-31,122.67826117774858,124.84558204783049,122.67826117774858,124.44388580322266,7125100
QCOM,2023-02-01,123.94872457675275,130.73097510839787,123.94872457675275,129.34837341308594,10500600
QCOM,2023-02-02,129.34840115534004,130.00233356671032,125.92925050561584,126.91015625,17673200
QCOM,2023-02-03,122.5287497786206,129.2922975604027,120.1091934782831,126.13473510742188,13187300
QCOM,2023-02-06,123.56570970086602,126.00395395368588,123.18268715718983,124.18226623535156,6830500
QCOM,2023-02-07,124.38782178749847,128.3394693792783,123.62179075800306,127.63882446289062,7664200
QCOM,2023-02-08,126.40565555871373,127.31182393066005,123.08926747882657,123.4722900390625,7151700
QCOM,2023-02-09,125.07910524115285,126.33092049049058,121.3703577412987,121.94021606445312,5717500
QCOM,2023-02-10,120.78181817818755,121.38905223869712,119.22172455778707,120.50157165527344,5319200
QCOM,2023-02-13,120.94063593385653,122.78098308864419,119.94104254953888,122.22981262207031,5550400
QCOM,2023-02-14,120.69774538803581,124.13558340045198,119.91302660698027,123.63111114501953,5579900
QCOM,2023-02-15,122.0056217890533,124.55596490278839,121.72536101449165,124.31307983398438,3501100
QCOM,2023-02-16,122.14574446734098,123.86465630297256,121.39838715695394,121.59457397460938,5788400
QCOM,2023-02-17,120.97799455524549,121.26759210702691,118.60514345926877,119.31513214111328,6022500
QCOM,2023-02-21,117.20386662120924,119.22172715813413,115.41956148890469,115.55968475341797,8164400
QCOM,2023-02-22,116.13888215107389,116.74610907190223,114.8310104279038,115.79322814941406,5517800
QCOM,2023-02-23,118.27818707575778,118.85738935436292,115.53165712479432,117.8951644897461,6440200
QCOM,2023-02-24,116.06414437484507,116.5032162556725,115.07390200690404,116.15756225585938,7357200
QCOM,2023-02-27,118.17541178764344,118.26882966003393,114.94310493711043,115.298095703125,7787200
QCOM,2023-02-28,115.4849523611728,116.86755414318347,114.83101292172222,115.40087127685547,6491800
QCOM,2023-03-01,116.34077655494185,117.92920924481061,115.58886114376065,116.24678802490234,5530600
QCOM,2023-03-02,114.81811914303498,116.79190653476388,113.59624700151232,116.34075164794922,5258900
QCOM,2023-03-03,116.53814534058218,116.74492439272456,114.3575786313014,116.17158508300781,7052100
QCOM,2023-03-06,116.8107157975832,117.64722582965092,114.69594179431579,115.05310821533203,7031300
QCOM,2023-03-07,115.11889688211414,115.13769171741833,111.17131457785551,112.02662658691406,8879700
QCOM,2023-03-08,112.3649888125078,114.4327648573964,112.17700460878619,113.91581726074219,7633900
QCOM,2023-03-09,113.99102369603186,114.59255887351502,109.91186282554517,110.17503356933594,8055500
QCOM,2023-03-10,110.47579904788843,111.12433206188877,107.64669926444624,108.26703643798828,6884500
QCOM,2023-03-13,106.9229728912643,109.25391971762393,106.47181796020456,107.55270385742188,7673700
QCOM,2023-03-14,109.41371797187759,110.02464698687712,107.07336276006724,109.54530334472656,8312100
QCOM,2023-03-15,108.32342970324369,109.19753662456,106.34024095886869,108.54900360107422,8596900
QCOM,2023-03-16,109.96823902928729,113.56805575441575,108.94375203931973,113.26728820800781,11207800
QCOM,2023-03-17,113.52106599215323,115.48545977168611,111.98903231404056,113.47407531738281,12304100
QCOM,2023-03-20,113.51166825402358,114.68654272004581,112.60936552462226,114.49856567382812,5945000
QCOM,2023-03-21,115.59824223248906,117.55323499358018,114.8087300621625,116.35956573486328,6900600
QCOM,2023-03-22,116.54754419444178,118.65291717849932,114.54556073454847,114.6395492553711,7072700
QCOM,2023-03-23,116.49115192427767,119.36724223785164,114.76173303229709,116.68852996826172,7353800
QCOM,2023-03-24,116.19977268341255,117.42164490259862,114.9027139540315,117.2618637084961,6987200
QCOM,2023-03-27,118.1829695833416,118.48373715804017,115.90841435150463,116.17158508300781,4818000
QCOM,2023-03-28,116.17158406899617,116.24677775473064,112.98532513735998,114.04740905761719,5272100
QCOM,2023-03-29,116.0023986150299,118.38974428880162,115.8426174154643,117.57202911376953,6410100
QCOM,2023-03-30,119.44243464506629,120.48572370272746,118.83149851306025,119.74320220947266,8156400
QCOM,2023-03-31,119.0382696076857,120.27893662435717,118.69990522396951,119.9123764038086,6222400
QCOM,2023-04-03,119.35784658115105,119.9029900627824,116.18098855764782,117.24307250976562,6367800
QCOM,2023-04-04,117.42163224048474,117.69420392678326,114.48914353318038,114.94969940185547,6962700
QCOM,2023-04-05,114.12260094051274,115.81442298848903,113.96281973899956,115.6452407836914,6920900
QCOM,2023-04-06,114.98731357905241,116.40656398236467,113.77484940586619,115.60765075683594,5260600
QCOM,2023-04-10,114.75233834933282,117.09269350875535,114.36698324343396,116.82012176513672,5243700
QCOM,2023-04-11,117.72240290180012,117.72240290180012,115.76741037811229,116.14337158203125,5001400
QCOM,2023-04-12,116.93290832565866,117.01749584449509,112.9289341708483,113.04171752929688,5288300
QCOM,2023-04-13,112.8349429357437,114.34818177270739,111.96083607445946,113.85002899169922,6077100
QCOM,2023-04-14,113.6056594135652,114.59254962311455,111.62247082040706,112.9383316040039,4833100
QCOM,2023-04-17,111.9702253193349,112.6375531066076,111.06792265608462,112.2052001953125,6370200
QCOM,2023-04-18,113.10751049439286,113.53987060574049,110.35361164605065,111.24651336669922,4829900
QCOM,2023-04-19,110.20322389222048,111.55668155921953,109.45130137258444,111.41569519042969,4241900
QCOM,2023-04-20,110.24081874716401,112.69395713892663,110.0810375451539,111.50968170166016,5125000
QCOM,2023-04-21,110.785960933803,111.0867284986078,109.54529383262515,110.68257141113281,4980700
QCOM,2023-04-24,110.7389569689863,110.74835797167253,109.56408261344585,110.29720306396484,4097900
QCOM,2023-04-25,109.72385836400703,109.81784687361694,106.84776837893475,107.1955337524414,7045200
QCOM,2023-04-26,107.42111929522149,108.18243562800241,106.40602607093732,107.29893493652344,4671100
QCOM,2023-04-27,107.03575215863209,107.43990922925892,105.40973004417506,107.07334899902344,6945700
QCOM,2023-04-28,108.18243233608703,109.87425432507969,106.89477459472546,109.78026580810547,8652500
QCOM,2023-05-01,110.16561744780448,110.5133828377284,108.5677911964152,108.8779525756836,6208500
QCOM,2023-05-02,109.15052396038429,110.02463076305422,107.5620987163978,109.13172912597656,7081200
QCOM,2023-05-03,109.64867532423082,109.79905551018663,105.83267860986581,106.04885864257812,11491700
QCOM,2023-05-04,97.77775270111057,100.68204614823101,97.27960706829246,100.17449951171875,22117500
QCOM,2023-05-05,101.70653655859783,102.70282785660422,99.41317920151822,102.24227905273438,10745600
QCOM,2023-05-08,101.86630690043671,102.28926598489727,100.44706379516461,101.8005142211914,6694400
QCOM,2023-05-09,100.56925715287318,100.97341426751838,98.97143070196786,99.41317749023438,7804100
QCOM,2023-05-10,100.56925316711965,101.02040811220864,98.82103940755476,100.06170654296875,7980100
QCOM,2023-05-11,99.90192553331812,100.10870458476803,97.44878709723437,97.80594635009766,10630500
QCOM,2023-05-12,98.19130051963243,98.44507022585286,96.44308690075927,97.39238739013672,7635900
QCOM,2023-05-15,97.52398841678067,100.00532288666963,96.70627315046026,99.89253234863281,7444900
QCOM,2023-05-16,99.31916274011353,100.08048609092424,97.48636187325302,97.55215454101562,7027000
QCOM,2023-05-17,97.928131157417,99.1123993638838,97.3547918889953,98.5108642578125,9504700
QCOM,2023-05-18,98.51086890429458,100.68204172695337,98.51086890429458,100.53165435791016,9142000
QCOM,2023-05-19,100.52225933864919,100.68204772048583,99.17820262398848,99.49777221679688,5783200
QCOM,2023-05-22,97.43939015435386,99.50717358415933,97.04463404197037,98.95262908935547,7912400
QCOM,2023-05-23,97.81534933039906,99.29099138909207,97.25141101468886,97.33599853515625,7452500
QCOM,2023-05-24,95.94494476159895,96.94123595852727,95.47499500140798,96.82844543457031,8193700
QCOM,2023-05-25,95.80396206314134,97.85294338276654,95.37160912773513,97.76834869384766,11677400
QCOM,2023-05-26,98.63305082861926,104.5920099147655,98.52026031282135,103.71790313720703,15969900
QCOM,2023-05-30,107.61850146589607,109.67688383227856,105.84209184069587,109.02835083007812,18291800
QCOM,2023-05-31,107.47620962684381,107.89263966951356,105.62121423233869,107.3342514038086,14924000
QCOM,2023-06-01,108.42262980740634,110.3154830217572,106.2931699412616,109.62459564208984,8616500
QCOM,2023-06-02,110.95904870260138,111.11048041925167,108.54566528894595,109.42584228515625,7873400
QCOM,2023-06-05,109.24602276065143,109.70976977300967,106.60549167935443,106.690673828125,7769300
QCOM,2023-06-06,106.5487212483286,110.53317684978038,106.22693241066314,110.12621307373047,7594500
QCOM,2023-06-07,110.38173033691221,110.88334249380776,108.35637801665047,109.00941467285156,7555400
QCOM,2023-06-08,109.40691739058391,110.39120195592243,107.98727744030646,110.11673736572266,5793400
QCOM,2023-06-09,111.19567554864007,114.37566996948513,111.09156802969206,112.72888946533203,13807000
QCOM,2023-06-12,114.55548968180207,115.75744842469939,113.353523718242,115.5965576171875,9675100
QCOM,2023-06-13,117.62189717514859,118.68189757093472,116.17386562651504,117.76386260986328,8873200
QCOM,2023-06-14,117.68814964879068,117.76386551192599,114.99083520538929,116.78904724121094,7324600
QCOM,2023-06-15,115.06654812006006,118.00993543289877,114.55547688798566,116.98779296875,8132600
QCOM,2023-06-16,117.91529136310267,118.28440439493379,115.5586910562561,116.10762023925781,12905700
QCOM,2023-06-20,115.407260089592,115.81422380998286,112.35029904284272,113.40083312988281,8667400
QCOM,2023-06-21,112.25567190010005,112.64370309386065,109.4731750806945,109.55835723876953,7925400
QCOM,2023-06-22,109.79495668751734,110.4290608042786,108.75388882613902,110.1640625,7283000
QCOM,2023-06-23,107.97781779343715,109.10406786720664,106.97460781081652,107.35317993164062,11958500
QCOM,2023-06-26,108.42263389351204,111.30923804244888,108.17656816524962,110.3817367553711,9377000
QCOM,2023-06-27,110.48584754749669,113.51441722700487,109.4542459420551,113.37245178222656,7308900
QCOM,2023-06-28,110.75083509240325,111.77297753063515,110.33441230771238,111.24298095703125,6384800
QCOM,2023-06-29,111.26190937814299,111.82030482986208,110.61833899788785,111.73512268066406,5138500
QCOM,2023-06-30,113.19261711671544,113.43869004841561,112.03797553796278,112.6626205444336,6565100
QCOM,2023-07-03,112.88031008932617,114.02549275819342,112.11370676779438,113.65637969970703,2662000
QCOM,2023-07-05,112.64369572646565,112.67209459107507,110.82655830722472,110.85494995117188,6249200
QCOM,2023-07-06,108.9904960697358,109.97477342784867,107.53299816774157,109.04727935791016,7544600
QCOM,2023-07-07,109.18925105868784,111.42281864998243,108.61193019361052,109.72871398925781,6108400
QCOM,2023-07-10,110.23031074833781,111.94334063797825,110.23031074833781,110.84548950195312,6037000
QCOM,2023-07-11,111.4890638042819,111.55531338187409,108.73495874867287,110.60888671875,5784000
QCOM,2023-07-12,111.26191422954638,112.84245221658676,110.82655883872343,112.32191467285156,8371300
QCOM,2023-07-13,113.57119420285005,116.80797150467238,113.45762040920886,116.5240478515625,9823000
QCOM,2023-07-14,116.41047145625323,116.58082853257667,114.64065112004101,115.9940414428711,7892200
QCOM,2023-07-17,115.77637103892823,117.79225715543619,114.2904815230431,116.78904724121094,6125000
QCOM,2023-07-18,115.76690574020843,116.62815744424289,114.7636958174098,116.2779769897461,7481200
QCOM,2023-07-19,118.62511294642947,120.29082587363801,117.64083558377138,117.75440216064453,8866700
QCOM,2023-07-20,116.9026069504876,117.92474938080541,113.78886988401142,114.25261688232422,9148600
QCOM,2023-07-21,115.39780638096404,119.87440779323815,114.87726881418939,118.03833770751953,23704100
QCOM,2023-07-24,118.0383328372432,118.87118568905642,116.57136864279641,117.45154571533203,5859300
QCOM,2023-07-25,117.54618175259947,119.23082717915311,117.54618175259947,118.36957550048828,5592100
QCOM,2023-07-26,116.59975444998322,118.53046558407651,115.78582699480678,117.37582397460938,5291800
QCOM,2023-07-27,119.77975011629039,120.92492545427169,118.22761104492218,119.1077880859375,7917900
QCOM,2023-07-28,121.42652805719487,122.95973443186917,120.72616721821723,122.54330444335938,11762200
QCOM,2023-07-31,123.02599230642889,125.84633937894817,122.18367325545098,125.08919525146484,11029600
QCOM,2023-08-01,124.85260421702135,125.2974259059575,123.26261434779629,125.00403594970703,7128700
QCOM,2023-08-02,123.22474380486754,124.5308171698434,121.92814394859828,122.34457397460938,13711100
QCOM,2023-08-03,110.70352158170874,112.72887394679752,108.73495250253359,112.34083557128906,29239600
QCOM,2023-08-04,111.45119608042727,115.46404275776428,111.45119608042727,114.99082946777344,12658700
QCOM,2023-08-07,115.6627798132899,116.16438469480826,111.60260932798879,112.946533203125,7706500
QCOM,2023-08-08,110.73191471730001,111.5647675447952,109.74763016444456,111.35655975341797,8934600
QCOM,2023-08-09,110.94960388166355,111.78245676819296,110.27763457857449,110.32495880126953,5642500
QCOM,2023-08-10,111.37549241149814,112.04745449035427,108.90531818972403,109.41638946533203,6224500
QCOM,2023-08-11,108.01568268474341,109.27443199877644,107.6276514708865,108.469970703125,5712500
QCOM,2023-08-14,107.77905328939134,108.38476570584494,106.76637716619595,107.91155242919922,8537500
QCOM,2023-08-15,107.26798669347502,107.4288847021512,105.43192401124327,105.6969223022461,6843600
QCOM,2023-08-16,105.38461050713549,105.92407343171018,104.15426014230228,104.2489013671875,6426700
QCOM,2023-08-17,104.28673994053415,105.17637595409032,103.78513504316857,104.18263244628906,6250500
QCOM,2023-08-18,102.99014369468904,104.59906604785021,102.68728746748239,104.20156860351562,6384700
QCOM,2023-08-21,103.95549381543842,105.01549420215927,103.16049894089419,104.75049591064453,6539800
QCOM,2023-08-22,105.49816927267489,105.8483424769061,103.29299366590728,103.60531616210938,4587000
QCOM,2023-08-23,103.48228615954656,105.55496282793942,103.01853912411161,105.21424865722656,6873900
QCOM,2023-08-24,106.1512130592537,106.53924421832245,102.36550658302917,102.6967544555664,8698100
QCOM,2023-08-25,103.0563920804241,104.5990648417413,101.98693261995214,104.40978240966797,6669900
QCOM,2023-08-28,105.33728279597968,106.17960188695086,104.6937124232606,105.6969223022461,4316400
QCOM,2023-08-29,104.59907238811269,107.88317408821834,104.59907238811269,107.6844253540039,6971400
QCOM,2023-08-30,107.28410294075796,108.14191973574296,106.4358194634369,107.96082305908203,6490300
QCOM,2023-08-31,107.16019089850263,109.76223377040938,107.16019089850263,109.16175842285156,7962500
QCOM,2023-09-01,110.27692798135938,110.27692798135938,109.04739902316119,109.98146057128906,5310700
QCOM,2023-09-05,109.52396746584097,111.57318732543408,109.52396746584097,111.08709716796875,7294800
QCOM,2023-09-06,110.56286982322331,111.24912328216436,108.30395339950753,109.30474090576172,7411900
QCOM,2023-09-07,105.4159773227316,105.51128868824418,101.09830774607155,101.412841796875,17947800
QCOM,2023-09-08,101.19360885389271,102.0514256001337,100.56454808784287,101.1650161743164,9819300
QCOM,2023-09-11,106.05456436081845,106.59784710678902,103.71940333924802,105.11096954345703,18771700
QCOM,2023-09-12,104.44380108070521,107.45568273376021,104.3770823904354,106.01646423339844,9250100
QCOM,2023-09-13,106.35003807561556,108.27535369111449,106.30237876058533,107.3603515625,8131500
QCOM,2023-09-14,108.4373916104033,109.3619271235927,107.70348609940251,108.69474029541016,7138100
QCOM,2023-09-15,108.62801982643953,109.7908373694014,107.18879423869238,107.83692169189453,12247400
QCOM,2023-09-18,107.59864733391287,108.49459021399727,107.18880189640527,107.4652099609375,5065100
QCOM,2023-09-19,106.94098304994532,107.07442041859608,104.75832583196173,105.53035736083984,5658800
QCOM,2023-09-20,106.50253426883526,106.55972690094737,104.04346924172916,104.10065460205078,7073800
QCOM,2023-09-21,102.91877824360914,104.45330783640011,102.79486693328496,102.89971160888672,7007200
QCOM,2023-09-22,103.67174153977537,104.63440296896997,102.32783468322367,102.6328353881836,6965500
QCOM,2023-09-25,101.83220309444803,105.30159608147252,101.70829905882908,105.25393676757812,6782500
QCOM,2023-09-26,104.70112877659581,105.45410090895085,104.21503137028236,104.57722473144531,6559800
QCOM,2023-09-27,105.53988551588301,105.61613024295967,102.39455964461114,104.07206726074219,7225000
QCOM,2023-09-28,104.61534416226047,106.6645710682516,104.06252810914836,105.89253234863281,4851300
QCOM,2023-09-29,106.63597304338333,106.96957370780748,105.45409619299987,105.85440826416016,4869300
QCOM,2023-10-02,105.22534557542195,106.5501930763624,104.46284017307488,105.89253234863281,5751500
QCOM,2023-10-03,105.61613472697141,106.99817499590496,104.25316109445964,105.02519989013672,7750700
QCOM,2023-10-04,105.60660990196477,105.86395132230602,103.70035345804332,104.70113372802734,7189400
QCOM,2023-10-05,104.55815426875805,105.28253369277994,103.84330816225754,104.65347290039062,5089700
QCOM,2023-10-06,105.67332765228478,106.11176575789517,102.98550638099245,105.68285369873047,7930600
QCOM,2023-10-09,105.14909013382906,106.731286246705,104.34846603222212,106.55972290039062,4714500
QCOM,2023-10-10,106.27377550626682,107.69393423702073,105.25392880349082,107.04580688476562,6253000
QCOM,2023-10-11,107.01723074092136,107.36035746699655,104.4437875671484,105.91160583496094,6378600
QCOM,2023-10-12,106.7312874205472,106.95050281048808,105.1490912902701,106.23565673828125,5371700
QCOM,2023-10-13,106.48348748913494,106.72176954768679,103.45253941348383,103.5669174194336,6035600
QCOM,2023-10-16,103.97674508340435,105.87347531370344,103.84330772582831,105.33019256591797,6254700
QCOM,2023-10-17,103.7098750519259,107.00769768570737,102.95690291628985,106.94097900390625,7334000
QCOM,2023-10-18,105.85439718201819,106.85518452693474,104.87267646999348,105.77815246582031,7174500
QCOM,2023-10-19,107.1220673235711,109.03785685401961,105.64471584956235,106.06409454345703,10511500
QCOM,2023-10-20,106.29283909935555,106.37862440693195,103.53829956054688,103.53829956054688,7756500
QCOM,2023-10-23,102.88066392731767,105.3873885654382,102.63284855032218,103.5669174194336,6679200
QCOM,2023-10-24,104.17691726323511,105.15863816548644,103.35722641301162,104.2626953125,8578600
QCOM,2023-10-25,103.70987208072586,104.16737679410566,99.53517338521952,99.86876678466797,8571600
QCOM,2023-10-26,99.84017892453855,101.47956059160705,99.4398668258705,100.66940307617188,8705200
QCOM,2023-10-27,101.88941049160049,102.83300541477739,100.87908961058518,101.47003173828125,7292000
QCOM,2023-10-30,101.70831164515313,104.20551020336488,101.20315485123726,102.77581787109375,6634000
QCOM,2023-10-31,103.22377812276659,104.09112092910671,101.68924127052824,103.88143157958984,6485500
QCOM,2023-11-01,104.05299367589514,105.97831652386648,103.60502230220507,105.69237518310547,12809900
QCOM,2023-11-02,112.44052432958117,113.49849711370098,109.08550930930146,111.85911560058594,22106100
QCOM,2023-11-03,112.42146624129104,114.47069328846412,111.85912410395498,113.91787719726562,10670100
QCOM,2023-11-06,114.37537346213755,114.90912287798793,112.83130330255415,114.30865478515625,7756400
QCOM,2023-11-07,114.23240614920054,115.40475696124045,113.58427872298957,115.06163024902344,7898400
QCOM,2023-11-08,115.70975157420678,116.33881233224241,113.56521337182078,114.43255615234375,7681900
QCOM,2023-11-09,115.44287494453093,116.69147039453927,114.23239821830855,114.4706802368164,9002700
QCOM,2023-11-10,116.18632257208134,118.95992169848255,115.29991310451175,118.38804626464844,12191600
QCOM,2023-11-13,118.18788491558723,118.71210828159025,116.88209679504631,118.04491424560547,7959200
QCOM,2023-11-14,121.37133711204453,122.2100945516841,120.17040085912738,121.3904037475586,11255400
QCOM,2023-11-15,121.92416059493718,123.64932035235815,121.58103385276189,122.87728881835938,7789100
QCOM,2023-11-16,123.03931432131374,124.25931723869378,122.29587549802221,122.66759490966797,11655700
QCOM,2023-11-17,123.23948209338073,123.70650561457134,122.40072460352943,123.4015121459961,6543300
QCOM,2023-11-20,123.37289431356912,124.02101439191303,122.97258228690148,123.43960571289062,7148600
QCOM,2023-11-21,120.94244116213379,121.49525728368532,119.85587555593463,121.06634521484375,14641800
QCOM,2023-11-22,121.89555361029491,123.4396164971349,121.19977416103232,121.52383422851562,6647400
QCOM,2023-11-24,122.21962821307736,122.21962821307736,121.58103404759106,121.76213073730469,3708200
QCOM,2023-11-27,121.30460774413037,122.97258915869972,120.84711033717058,122.1910171508789,8586400
QCOM,2023-11-28,121.2379029185525,121.34274760124704,119.77961795062616,120.656494140625,8817900
QCOM,2023-11-29,123.96570383424843,125.27020264043392,122.41181361328213,122.68997955322266,10608300
QCOM,2023-11-30,123.99448547841826,124.11917021591039,122.28712126785639,123.78346252441406,11731800
QCOM,2023-12-01,123.79303692969403,124.95366306210141,123.26547959678157,124.37814331054688,8866500
QCOM,2023-12-04,124.05203544238188,124.74265336308599,122.80508560577296,124.646728515625,7485000
QCOM,2023-12-05,123.82181150075333,125.50999496671518,123.68752551014957,125.41407012939453,6231600
QCOM,2023-12-06,126.59387161298646,126.74734550080576,124.36855878390845,124.65631866455078,6912400
QCOM,2023-12-07,125.97043573710349,127.88881590889628,125.0687947145882,127.51473236083984,7815700
QCOM,2023-12-08,125.86489762410413,128.502669802479,125.8265218325797,127.5434799194336,7678600
QCOM,2023-12-11,129.02062284821727,131.02534077979004,128.5985916039619,130.54574584960938,11010700
QCOM,2023-12-12,130.43062086924482,131.62960808213776,129.97021387759477,131.10205078125,7380400
QCOM,2023-12-13,130.8143063218738,133.31779222243662,130.52654646188654,133.1355438232422,7507700
QCOM,2023-12-14,133.9029022853183,136.93393093784414,133.9029022853183,135.72535705566406,11468900
QCOM,2023-12-15,136.25292207535833,137.63415781081807,135.61026662767998,137.28884887695312,25053500
QCOM,2023-12-18,136.69413600855447,137.27924238432306,135.52392325701726,135.86923217773438,7832100
QCOM,2023-12-19,136.23374066931558,137.576600678268,135.66782213954824,137.384765625,5658400
QCOM,2023-12-20,136.17619281558015,137.1449693565605,134.63189647365363,134.70863342285156,7264800
QCOM,2023-12-21,136.01313319853554,136.86681163947804,135.23619170730518,136.62701416015625,8361600
QCOM,2023-12-22,137.40392920981296,138.50699154799275,136.92433434346108,137.63414001464844,4659200
QCOM,2023-12-26,138.28637974464039,140.089661096158,138.08495810027003,139.52374267578125,4381200
QCOM,2023-12-27,139.8978469483636,140.25274251305214,139.12089086738814,139.7731475830078,4470300
QCOM,2023-12-28,140.21437334451176,140.89540461721188,139.7827408143018,139.90744018554688,4928800
QCOM,2023-12-29,139.47579751616414,139.6772191854508,137.92190002986163,138.72763061523438,4839300
QCOM,2024-01-02,136.38718994000916,136.39677656831486,133.1163494507006,134.50717163085938,8495800
QCOM,2024-01-03,133.2218606374292,133.2218606374292,131.39940601001362,131.98451232910156,8133300
QCOM,2024-01-04,129.91268000547976,131.72554829765343,129.4330850643113,130.61288452148438,6770300
QCOM,2024-01-05,130.60330900416,132.43536534796402,130.3059624571077,131.15003967285156,6827300
QCOM,2024-01-08,131.39941466286075,133.47125348681803,131.06369238177305,133.3561553955078,7729400
QCOM,2024-01-09,131.92697390476837,135.19781501358224,131.54330379484057,134.1810760498047,5856900
QCOM,2024-01-10,134.18108781279474,134.31537382664933,132.16678296889833,133.624755859375,5652500
QCOM,2024-01-11,133.32738087268027,134.2386082463937,130.478586024155,133.3561553955078,7374900
QCOM,2024-01-12,136.32005149753363,136.83802219259422,133.48085784814046,134.47840881347656,6546600
QCOM,2024-01-16,134.28658238578615,135.46638183293143,132.34901474183283,135.36087036132812,7483000
QCOM,2024-01-17,133.92208362817138,133.93168489386406,131.74473318299454,133.63433837890625,6584700
QCOM,2024-01-18,137.30800652252938,139.70598089166944,136.52147854020996,139.3606719970703,12893000
QCOM,2024-01-19,141.2502950457779,146.53544059875782,140.75152685114577,145.7584991455078,16193900
QCOM,2024-01-22,146.5162648046292,148.2619975382567,145.67217296541793,146.63136291503906,10456100
QCOM,2024-01-23,146.63133199631878,147.46583702905764,145.23092316136567,147.23562622070312,6232300
QCOM,2024-01-24,148.4729873668593,149.94056127215646,147.61930900348136,148.07012939453125,8331900
QCOM,2024-01-25,151.16831483053315,151.53279699355403,147.3986913931495,148.16604614257812,7740900
QCOM,2024-01-26,145.99825908783654,146.73682456023798,144.24294031984127,144.56906127929688,7744700
QCOM,2024-01-29,144.26215164494732,145.06788226503713,142.36295978660732,143.53317260742188,10770700
QCOM,2024-01-30,141.9601049237766,142.72745976949878,139.62928049662855,140.0225372314453,9132800
QCOM,2024-01-31,139.40861984162342,144.03192096744485,138.4494301942154,142.44924926757812,21184200
QCOM,2024-02-01,135.1210769960145,138.0370224982857,134.37291004231727,135.35128784179688,22810600
QCOM,2024-02-02,134.91004242252973,136.33924052431215,133.57676915724414,135.90760803222656,10442700
QCOM,2024-02-05,136.07067462071103,138.74680789998612,135.44720706387022,138.15211486816406,8032600
QCOM,2024-02-06,138.60295420097424,138.9003007574876,136.61742388710314,138.2192840576172,7286300
QCOM,2024-02-07,139.23599852868506,139.9937520506655,137.76843926712053,139.9362030029297,7361900
QCOM,2024-02-08,140.85701154192742,142.5451801238774,140.3198530223281,142.13272094726562,9448700
QCOM,2024-02-09,142.9193122307986,147.13974244224326,142.29584457549817,144.8376922607422,11981500
QCOM,2024-02-12,144.24297687826436,148.44421854305472,144.11827751201417,146.8519744873047,11806300
QCOM,2024-02-13,143.8784631905088,145.07745038376302,142.35335499334718,143.9168243408203,8976300
QCOM,2024-02-14,145.1350253954427,148.08933212454718,144.88564128361165,147.65769958496094,8715100
QCOM,2024-02-15,148.67443888633727,150.7558792744168,148.18525729189247,149.61444091796875,9372400
QCOM,2024-02-16,151.04363631624685,151.3217949503057,146.37238613754513,146.45870971679688,8429100
QCOM,2024-02-20,145.69134882926355,146.6601253293779,143.75378119295894,145.7584991455078,8745500
QCOM,2024-02-21,143.7154154355564,145.84481805053161,142.82336127389493,145.8064422607422,9760300
QCOM,2024-02-22,148.45383450378526,149.16362570851336,146.1038220243074,148.4346466064453,11407500
QCOM,2024-02-23,149.3458731317441,150.5064994176768,148.03178757636283,148.58811950683594,5953300
QCOM,2024-02-26,149.63363280840818,151.05322984207865,149.43219647821522,150.62159729003906,6307600
QCOM,2024-02-27,151.31219486639594,152.70301718517948,151.06281078092812,151.83975219726562,6021400
QCOM,2024-02-28,150.39365735683123,150.91424431355975,149.39103944703595,150.24905395507812,5211000
QCOM,2024-02-29,151.23240370003762,152.51460794620715,150.56719855551773,152.1193389892578,8321400
QCOM,2024-03-01,153.6618550652505,158.10618186336305,152.38930076308574,157.2288818359375,10405700
QCOM,2024-03-04,159.185921265551,161.7985358981799,158.80030232904804,160.5741729736328,11865100
QCOM,2024-03-05,158.80991860422262,159.63901245762992,154.47163989206257,155.64779663085938,9608800
QCOM,2024-03-06,158.89669134039403,163.16747854803654,158.4242957079316,161.85635375976562,12230500
QCOM,2024-03-07,163.5049285195374,171.20777483515556,163.34102502691545,169.4049835205078,14495100
QCOM,2024-03-08,168.53732700336167,169.16396142329285,164.41112808278803,164.4400634765625,11318000
QCOM,2024-03-11,162.9264692559289,165.7993697428265,162.07809003412643,164.97027587890625,7256300
QCOM,2024-03-12,166.69595925233023,167.65037119076305,164.4496930903889,166.85984802246094,7642200
QCOM,2024-03-13,165.06668363390503,165.3366197955133,162.54084610296317,163.16748046875,8730500
QCOM,2024-03-14,163.5049203556866,163.84233322793207,160.71878177651672,162.396240234375,8151000
QCOM,2024-03-15,161.09474948676885,162.70473109564415,159.88967211092654,161.19114685058594,16414600
QCOM,2024-03-18,164.7678469704965,165.29808403517117,160.3717264168651,160.92123413085938,6653700
QCOM,2024-03-19,160.12104959556137,160.47776252872373,157.74946537936398,158.20257568359375,7404400
QCOM,2024-03-20,158.2025632670702,162.1262875405565,157.9422624358232,161.64425659179688,5995800
QCOM,2024-03-21,164.6039440512514,166.70559205928546,163.53383468915186,164.70999145507812,8497500
QCOM,2024-03-22,163.45670147847773,165.7222381642327,163.21568599847714,163.9869384765625,5645500
QCOM,2024-03-25,161.84671191047082,162.70472638883274,160.96941207573647,161.49964904785156,5682500
QCOM,2024-03-26,162.01061829403042,163.33137849614116,160.9983502753651,161.0658416748047,5289900
QCOM,2024-03-27,163.3603110535264,163.3892317381261,160.96944129395985,163.05181884765625,6309700
QCOM,2024-03-28,163.02285830427962,163.78446066322766,161.9430990716846,163.21566772460938,5324000
QCOM,2024-04-01,162.22269553399076,166.58989464306867,162.16485417526127,165.5487060546875,6679100
QCOM,2024-04-02,164.34363506062448,165.2402055763938,163.19639903345671,164.8931427001953,7436300
QCOM,2024-04-03,163.89053312844388,167.70822496096102,163.2446133807761,167.66001892089844,6943200
QCOM,2024-04-04,168.710839016804,169.62669491509737,163.32173631813893,163.65914916992188,9031200
QCOM,2024-04-05,164.06406521653759,166.050045306817,163.6109696070365,165.3655548095703,5863300
QCOM,2024-04-08,166.71525742175302,168.12279460702433,166.165749655945,167.38046264648438,4812000
QCOM,2024-04-09,168.97112396293747,169.6652496692835,167.1393976282513,169.26034545898438,5028500
QCOM,2024-04-10,166.22356938615422,167.46721761230398,163.95803249725762,164.71963500976562,6177400
QCOM,2024-04-11,165.5005356276253,169.31822793976147,164.37258475846278,168.83619689941406,6262600
QCOM,2024-04-12,166.08861253776192,167.15872202577938,164.81605825251998,165.13418579101562,8216700
QCOM,2024-04-15,168.0070688916871,168.1131162875004,162.52155440996012,163.73626708984375,6570600
QCOM,2024-04-16,163.40851121450382,163.47600261641944,161.43218114563697,162.52157592773438,6390100
QCOM,2024-04-17,163.13855499247765,164.07369620713854,157.88442060862286,158.41465759277344,8082000
QCOM,2024-04-18,156.52510359091235,158.20257673110953,154.11494864199489,155.63816833496094,9209400
QCOM,2024-04-19,155.49354340138092,155.58995547928225,150.7214397536193,151.965087890625,10292200
QCOM,2024-04-22,152.36035452953843,155.83098367115755,151.51198995857962,154.42344665527344,7848700
QCOM,2024-04-23,155.17542327535205,156.42869208507145,153.94141040337527,155.55140686035156,6616700
QCOM,2024-04-24,157.98084668327348,159.96681219355125,156.17805531993938,157.74948120117188,6130500
QCOM,2024-04-25,158.1832873384812,158.71352435580417,155.91773586010936,157.4313201904297,6230700
QCOM,2024-04-26,157.04566194067985,160.53557567320354,156.6696784256484,159.70648193359375,7141300
QCOM,2024-04-29,159.26303017877802,163.18676935117028,159.26303017877802,163.11927795410156,6623900
QCOM,2024-04-30,163.14821388551462,163.15786392052235,159.85112349467465,159.8896942138672,6914200
QCOM,2024-05-01,158.5978381634485,163.54348105050232,157.9037123298122,158.21221923828125,13113600
QCOM,2024-05-02,169.16395193051252,175.16041845007058,168.99041312969803,173.6275634765625,25894800
QCOM,2024-05-03,175.69066437707886,176.60652033604464,171.41022673850682,173.18409729003906,10043900
QCOM,2024-05-06,175.37252337363833,175.84490434280372,173.91678032715708,175.31468200683594,6980100
QCOM,2024-05-07,175.89308065897413,177.68623627889514,172.7791650188805,173.6757354736328,8011100
QCOM,2024-05-08,170.37864750277868,174.29273628012592,170.27260011031976,174.06137084960938,6242600
QCOM,2024-05-09,174.49521753494736,175.17970801001658,172.9912832070976,174.05174255371094,5513500
QCOM,2024-05-10,175.45926549479816,176.95356437928234,174.7265837478228,175.53639221191406,4702500
QCOM,2024-05-13,176.59689200957965,178.09119123706282,176.32695579292184,177.5898895263672,6384800
QCOM,2024-05-14,177.87904957823682,182.487264120322,177.85977893241915,182.17877197265625,7713400
QCOM,2024-05-15,183.18139819764292,189.033261051522,183.1717628742945,187.6160888671875,11349100
QCOM,2024-05-16,187.99207225119756,188.59943596118882,185.85185363642745,186.32424926757812,8173400
QCOM,2024-05-17,185.9675451982615,188.41627080130746,184.9745625616429,186.89305114746094,5799700
QCOM,2024-05-20,187.02802529459163,192.80276188680932,186.33389948779885,190.65289306640625,8879700
QCOM,2024-05-21,188.96576522331307,194.72121586700428,188.7247497515016,193.6318359375,11498800
QCOM,2024-05-22,195.6370849609375,197.4784468207233,194.4512928782728,195.6370849609375,11170100
QCOM,2024-05-23,198.48108537993977,200.47668603143677,192.25323850933236,194.50914001464844,14475100
QCOM,2024-05-24,196.5625823489698,203.70628463647637,196.24444015324576,202.80006408691406,13809900
QCOM,2024-05-28,209.42316862428007,209.61597806791048,203.70628844886215,205.4223175048828,12485400
QCOM,2024-05-29,201.15151151034752,203.0892853628913,199.27159372911774,200.77552795410156,12552500
QCOM,2024-05-30,201.3466769256193,202.6728498306675,197.30039021964822,198.24903869628906,12245300
QCOM,2024-05-31,201.3466733260443,202.36308977534063,192.3538404251591,197.5230255126953,15064900
QCOM,2024-06-03,202.85675761581388,204.23133400314225,195.93547208560128,199.32351684570312,12419500
QCOM,2024-06-04,199.32352697244076,199.63328339976474,195.20947241187181,197.83277893066406,6629100
QCOM,2024-06-05,200.310877760713,205.70271604292853,198.800780185075,205.1219024658203,11626300
QCOM,2024-06-06,205.12190377169514,205.45103934519338,202.11138341161396,202.7406005859375,7597200
QCOM,2024-06-07,203.02130818138886,203.0890761632451,198.33613005651915,200.0107879638672,5714400
QCOM,2024-06-10,198.72334373393053,203.84413978248762,198.01669851676277,202.6534881591797,6465100
QCOM,2024-06-11,200.52383385994827,202.75026612360804,198.22964838502483,201.8500213623047,8197500
QCOM,2024-06-12,205.70273333447153,208.72292873962763,204.1345572234411,208.5002899169922,9502800
QCOM,2024-06-13,209.43924938846553,211.3752749828234,206.1964006096348,210.84286499023438,10102800
QCOM,2024-06-14,210.6783223525499,211.0752111778295,206.81594564865966,208.4422149658203,6438200
QCOM,2024-06-17,210.14589085956982,215.54740394430866,206.5739213381536,215.11180114746094,12109100
QCOM,2024-06-18,219.56466647067606,223.25279280959717,218.77088889889313,219.82601928710938,22037500
QCOM,2024-06-20,217.02846037030818,218.67407912736996,206.0318346975633,208.5777130126953,18701200
QCOM,2024-06-21,204.98640693506755,208.57774130278762,202.71158547640317,205.73178100585938,22286500
QCOM,2024-06-24,200.29152449769327,200.40768130272147,193.83488113579705,194.41567993164062,16087700
QCOM,2024-06-25,196.6421444928823,196.65181930465386,192.7991320087629,195.7031707763672,11974900
QCOM,2024-06-26,193.9026489713114,194.71577620923446,189.44010920294537,191.01797485351562,10023800
QCOM,2024-06-27,190.5726674560897,192.21830096570102,187.63958997307572,188.90768432617188,11936600
QCOM,2024-06-28,189.73053336050364,197.41655835076747,189.35300891046145,192.80880737304688,15547500
QCOM,2024-07-01,193.08952222899066,194.25113468196278,189.80795929472498,193.63160705566406,6800600
QCOM,2024-07-02,191.90853828945137,194.06720270540973,190.7856398924485,193.7574462890625,5632900
QCOM,2024-07-03,196.196835951093,198.30711162983334,194.02849663578257,197.2906951904297,4996200
QCOM,2024-07-05,199.2654625943829,200.13666830143978,197.45526841621086,199.1686553955078,6375200
QCOM,2024-07-08,200.61100137236426,203.70863973927962,199.55585607164375,201.24020385742188,6920400
QCOM,2024-07-09,199.87529960487518,201.87909339930388,198.11352380633113,200.4948272705078,5272600
QCOM,2024-07-10,202.06301534009552,202.54702178357218,199.95273956577088,202.12109375,5159400
QCOM,2024-07-11,203.30207153253417,203.40855354138748,193.37993939837287,193.45738220214844,8602200
QCOM,2024-07-12,195.20948992610562,199.4881052804911,193.84458815740638,195.95484924316406,7217200
QCOM,2024-07-15,196.50662003371036,202.54702588816087,196.30333082422055,201.5209197998047,7463700
QCOM,2024-07-16,203.2826893026237,204.33781971641616,200.01080129103264,202.9342041015625,5998500
QCOM,2024-07-17,193.3412021152412,193.6025697201605,184.4645260660563,185.4712677001953,16156200
QCOM,2024-07-18,187.58153661827436,187.69769343843387,180.9700068079452,185.33575439453125,9960600
QCOM,2024-07-19,185.5583835935851,186.91359566079726,179.81805977376382,180.25367736816406,9195700
QCOM,2024-07-22,184.8904773167071,189.24653568280752,183.0028549788714,188.73348999023438,7590000
QCOM,2024-07-23,187.9881005571877,189.96285512725345,186.00367117566148,187.16529846191406,5796700
QCOM,2024-07-24,183.28356291094357,183.54493053540207,174.91025705286003,175.27810668945312,13295300
QCOM,2024-07-25,173.87446003822168,174.4746380377294,167.72758742165053,169.77976989746094,12700100
QCOM,2024-07-26,173.28398401978438,175.5007418337636,171.8900578503056,174.2907257080078,6567800
QCOM,2024-07-29,175.69432905872557,176.79786309669603,172.16108812918694,172.92581176757812,6051600
QCOM,2024-07-30,173.60340414822502,173.66148255028338,161.43549148381663,161.6000518798828,15338900
QCOM,2024-07-31,169.96370187246984,175.28777266954194,167.86311571229135,175.16192626953125,19222200
QCOM,2024-08-01,166.26589486178113,171.30924870563877,156.1695271329642,158.75411987304688,24795000
QCOM,2024-08-02,155.38542864832235,159.00578729672165,152.49106487527175,154.21412658691406,16618900
QCOM,2024-08-05,148.3673356744637,157.61186147191546,146.54746676507142,152.8976287841797,12733900
QCOM,2024-08-06,153.35259855318756,158.39595215302182,151.49401559757405,153.64300537109375,9301000
QCOM,2024-08-07,158.34752595666876,159.06386070251315,150.52598123634118,151.1261444091797,9266900
QCOM,2024-08-08,155.59838049828983,160.29323364673692,152.8201737591204,159.6737060546875,9590900
QCOM,2024-08-09,158.82187595581965,160.58365166833636,156.7987178663698,159.21875,4824600
QCOM,2024-08-12,155.4241395122323,158.16361762694265,152.384579779884,157.6796112060547,8548000
QCOM,2024-08-13,159.04450880870039,164.13625090935417,158.05713159943022,164.04913330078125,11102100
QCOM,2024-08-14,165.18169937070311,165.78186256470735,159.45106551395477,161.80332946777344,7208200
QCOM,2024-08-15,166.2561970676082,169.05375344636022,165.15266307528015,167.7953338623047,10752100
QCOM,2024-08-16,166.77893684432487,167.8340821361371,165.1720466483291,166.67245483398438,5435700
QCOM,2024-08-19,166.08195591651386,168.74399099999633,163.3424780399367,168.68589782714844,6708100
QCOM,2024-08-20,168.29871302245462,169.8184855011138,165.67539172586592,166.6046905517578,6222400
QCOM,2024-08-21,167.456565007941,169.27641930410135,166.57566968125982,168.647216796875,6309500
QCOM,2024-08-22,168.72463274341402,169.00534995422373,162.99399878237858,163.5941619873047,6743500
QCOM,2024-08-23,166.26589329594006,169.034410829213,165.17204874387866,167.9502410888672,6823600
QCOM,2024-08-26,166.46916434032002,166.86605313792037,163.13919790614744,164.06849670410156,7437600
QCOM,2024-08-27,163.75873442196476,168.86016635077928,162.88752875269125,168.36647033691406,6498800
QCOM,2024-08-28,168.80209886638067,170.09923264304967,164.2040374650512,166.35302734375,6534600
QCOM,2024-08-29,167.87277996255932,170.71873999108365,163.52639712238474,164.06849670410156,12514200
QCOM,2024-08-30,166.77892930612992,169.84754307341683,165.3365995966328,169.69265747070312,11110800
QCOM,2024-09-03,166.3917223062441,166.6530899022901,156.81807614943105,158.01841735839844,11620300
QCOM,2024-09-04,157.78609324704684,162.85848585661384,157.42793322212967,160.04156494140625,6737000
QCOM,2024-09-05,158.67934327307023,161.32594618303497,157.48253856321517,159.28260803222656,5600000
QCOM,2024-09-06,158.34851782185504,158.78637174451268,152.88990130689993,153.92129516601562,10703000
QCOM,2024-09-09,156.74302831255557,157.98848668653514,154.29104049024042,156.43167114257812,7494900
QCOM,2024-09-10,155.68244956048872,157.68685872305434,153.42504691528467,157.31710815429688,7918100
QCOM,2024-09-11,157.97876830373283,162.39625133375415,154.9526900578581,162.0654296875,8275400
QCOM,2024-09-12,161.40378359608727,161.8221730507942,158.50418729639424,160.52806091308594,6039200
QCOM,2024-09-13,161.33568485085772,163.75849859814133,160.97567389553626,163.20387268066406,4049900
QCOM,2024-09-16,160.47940133319048,162.8243716968671,159.37016451941932,162.11407470703125,6510000
QCOM,2024-09-17,164.3228403062558,164.92610508412548,161.5983943030105,164.14768981933594,5828000
QCOM,2024-09-18,164.94554841404891,167.76728668444323,163.17465354238323,163.7584686279297,5877600
QCOM,2024-09-19,169.7133295571908,172.0291107592594,167.83541712474963,169.22682189941406,10900000
QCOM,2024-09-20,168.03002749218663,168.39977808575568,159.86642908943375,164.36175537109375,27546400
QCOM,2024-09-23,163.87525326657718,165.39315492783564,160.88810368387732,161.4816436767578,9810000
QCOM,2024-09-24,162.90223419080297,164.7898864157288,161.50108965902146,162.44491577148438,9666800
QCOM,2024-09-25,161.79298797058078,164.04065100854902,161.28701584154203,163.7292938232422,5095500
QCOM,2024-09-26,170.19012384047446,171.00745319716077,162.2795040425214,168.00083923339844,8475000
QCOM,2024-09-27,168.3316576140575,168.7695115575192,165.24720069838065,165.5391082763672,5880700
QCOM,2024-09-30,166.7456304349529,167.5824242030186,163.22331973187963,165.4612579345703,8099700
QCOM,2024-10-01,165.2179983816456,165.69476636924873,159.65234976303472,161.3064727783203,8277600
QCOM,2024-10-02,161.66651274667367,165.16937434162932,160.69349728663462,163.77796936035156,4484600
QCOM,2024-10-03,161.4718985194448,164.95529534375316,161.1897305933775,164.36175537109375,6260200
QCOM,2024-10-04,167.89380005912506,168.1370538943753,161.98758981267196,164.34228515625,6586500
QCOM,2024-10-07,163.11630374464536,164.16716217557163,161.2675803930569,162.43519592285156,4359300
QCOM,2024-10-08,160.41130562491546,163.1941300231688,159.24369021486578,161.8513641357422,7843500
QCOM,2024-10-09,161.47189865470085,165.7045214785101,160.22644016136186,165.62667846679688,5486500
QCOM,2024-10-10,162.71735133412412,164.19633880975834,160.86862812485822,163.97254943847656,5048000
QCOM,2024-10-11,163.4665764915718,165.83099663210487,162.3670644105473,165.3931427001953,3801400
QCOM,2024-10-14,166.71645647293494,174.0432613087086,166.28832731781327,173.23565673828125,9933600
QCOM,2024-10-15,172.43778529495674,174.97735600801084,168.08840539734643,169.39224243164062,12910400
QCOM,2024-10-16,169.90794414926629,169.95659788860272,165.62668233432197,166.85267639160156,6495700
QCOM,2024-10-17,170.8809439246624,170.8809439246624,166.4050824086251,166.48292541503906,6093200
QCOM,2024-10-18,167.46567569844194,167.9229941094873,164.84826198115059,166.3077850341797,6432700
QCOM,2024-10-21,165.06231469202024,165.57801161261352,161.58865779581578,164.44931030273438,7297700
QCOM,2024-10-22,164.44931795796506,168.79869773376387,163.69036717734582,168.5067901611328,7313000
QCOM,2024-10-23,164.77043829678834,167.98139235948906,159.86644679609194,162.10438537597656,9788200
QCOM,2024-10-24,162.1140903131978,164.38121789188918,161.0632319389308,163.5638885498047,4933400
QCOM,2024-10-25,165.68503303495714,168.50677127776132,165.2277146867253,165.67530822753906,5496600
QCOM,2024-10-28,164.8482471150573,168.47758995579034,164.79959338160336,167.57269287109375,5024600
QCOM,2024-10-29,167.55325552765729,171.80534308956703,166.6386186400103,171.25071716308594,6427700
QCOM,2024-10-30,165.3347860736626,167.10568134699602,163.00927970559624,163.0968475341797,8819700
QCOM,2024-10-31,163.0968317046759,163.25251772729476,157.70633308306614,158.37771606445312,10261200
QCOM,2024-11-01,158.67935088771682,161.59839704492936,158.37771849366405,160.8102569580078,6498100
QCOM,2024-11-04,160.60591441557233,162.980074291221,159.22423437337468,160.72267150878906,4949800
QCOM,2024-11-05,160.5475358495543,163.0676420914192,159.8177743229654,161.4329833984375,5373200
QCOM,2024-11-06,164.6828471952152,173.63458540274144,164.11849651328595,168.32192993164062,17661900
QCOM,2024-11-07,175.4054887214463,177.18610866891208,166.99863633571192,168.2440948486328,23586300
QCOM,2024-11-08,167.44621622826457,168.8084466932777,164.19634836320898,166.29806518554688,10736600
QCOM,2024-11-11,165.41262699526425,166.18130267036923,161.60813301108413,163.74876403808594,7829500
QCOM,2024-11-12,162.54221779832406,162.814660909586,157.49226573730246,159.0004425048828,8483300
QCOM,2024-11-13,158.39716718798215,158.54312840321364,155.4392069652825,156.09112548828125,7921700
QCOM,2024-11-14,158.5528388485897,160.45995535344392,157.50198055167434,159.54531860351562,7012600
QCOM,2024-11-15,158.60151439440955,159.89562669227834,155.29326788573366,156.16897583007812,9737000
QCOM,2024-11-18,158.2122967310765,160.68374910743591,157.62848160114694,160.06101989746094,7814200
QCOM,2024-11-19,159.6037226347437,161.74435364942153,158.26095656640183,160.265380859375,6176800
QCOM,2024-11-20,159.5745054098128,159.76910549578363,148.82268363078123,150.10707092285156,14483000
QCOM,2024-11-21,150.97307653467047,152.7050427991443,149.44543519460294,151.26498413085938,10685800
QCOM,2024-11-22,150.61305118025254,152.6466647032931,149.58165720474983,152.55908203125,5709300
QCOM,2024-11-25,154.6510588463011,155.34189141590633,152.97747129179777,154.5343017578125,9189800
QCOM,2024-11-26,155.43920775348377,157.1127954034438,151.87796788110109,152.69529724121094,9489900
QCOM,2024-11-27,152.6952928988865,153.39586514392548,150.29195862555986,152.17959594726562,6337900
QCOM,2024-11-29,153.84345630970472,157.16144218904515,153.49317019272104,154.2521209716797,6112000
QCOM,2024-12-02,154.106176083771,158.96151318446042,154.106176083771,158.6306915283203,9812700
QCOM,2024-12-03,157.1419821953266,159.43829906153601,156.9668465553705,158.19284057617188,6961400
QCOM,2024-12-04,160.04156420050617,160.54753635102503,157.86201926972277,158.9323272705078,6721600
QCOM,2024-12-05,159.0301244010584,160.84940071025727,156.42836092962435,156.8782958984375,7279800
QCOM,2024-12-06,156.8783002610761,156.8783002610761,153.79727469717724,156.01756286621094,9918400
QCOM,2024-12-09,154.03200944672417,159.36268003468035,154.0222337671894,157.22064208984375,9481200
QCOM,2024-12-10,157.24999427523548,157.95423128975875,152.62354543057805,153.03436279296875,8683600
QCOM,2024-12-11,153.84617067356348,156.94677749953954,153.53318474938757,156.33056640625,7081800
QCOM,2024-12-12,155.1959534469014,155.96866492843685,153.48426931211685,154.77537536621094,5796100
QCOM,2024-12-13,154.77537704611936,156.18383604128024,153.19083642392363,155.05902099609375,8886700
QCOM,2024-12-16,154.6971370421656,155.23509793936665,150.6477817177742,154.43304443359375,9951100
QCOM,2024-12-17,153.06370367072432,156.47728161370313,153.06370367072432,154.46238708496094,7187400
QCOM,2024-12-18,154.78518078000775,157.6314710985549,148.98502287577443,149.69903564453125,10295200
QCOM,2024-12-19,150.65755201648741,152.0660259789581,146.77447293998486,147.10702514648438,8414800
QCOM,2024-12-20,146.30499992715454,151.1857509926509,146.15827516994975,149.5425262451172,17347100
QCOM,2024-12-23,152.25186210796443,155.2155197302153,151.16616471691304,154.77537536621094,8863200
QCOM,2024-12-24,155.16662784163734,155.9099825142143,154.09070601647073,155.87086486816406,2839600
QCOM,2024-12-26,153.9537573097321,156.06646818952552,153.90486398796858,155.05902099609375,3846900
QCOM,2024-12-27,153.7483634820784,154.29610002289206,152.11492953904425,153.79727172851562,7232500
QCOM,2024-12-30,151.83127330489367,152.71157698196828,150.43258996561414,151.1955108642578,5356000
QCOM,2024-12-31,151.33245255695698,152.42792571232508,149.85551893322304,150.25653076171875,4423300
QCOM,2025-01-02,151.61607657347943,154.0613394911359,149.44468190862443,150.2760772705078,5009100
QCOM,2025-01-03,152.0171218088995,154.9710039525027,151.10749105647892,154.37435913085938,5885800
QCOM,2025-01-06,155.84150927144563,162.0426928948537,155.84150927144563,156.35012817382812,9599800
QCOM,2025-01-07,158.4530542720283,159.87130393334988,155.76326477049696,157.00546264648438,7666000
QCOM,2025-01-08,156.54576350099234,156.6826976523469,153.5038552801059,155.5970001220703,7731900
QCOM,2025-01-10,154.24719044466272,154.8144932640934,152.14427018833112,153.54295349121094,6236800
QCOM,2025-01-13,151.8214974059355,153.92441771395534,151.41069499377494,153.68968200683594,5714700
QCOM,2025-01-14,156.6337847324221,157.48473158157398,153.13216590961508,156.03713989257812,6476500
QCOM,2025-01-15,158.550866739675,161.82751036707984,158.54107613538167,160.81028747558594,9284000
QCOM,2025-01-16,161.72972440773205,162.20898647391147,157.74882849853404,157.89553833007812,7188900
QCOM,2025-01-17,161.75906955195066,161.9840296063055,159.52899052044995,160.95701599121094,8097500
QCOM,2025-01-21,162.36548333743377,164.98679843468682,161.7297208484635,163.60768127441406,7380500
QCOM,2025-01-22,164.6346891748801,168.32213536339552,164.50753071158567,166.5126495361328,7281700
QCOM,2025-01-23,166.6495948250323,170.56201623714938,165.671489472003,170.54244995117188,7172300
QCOM,2025-01-24,171.26624556895194,171.3640471450265,168.17542921070657,168.34170532226562,5825800
QCOM,2025-01-27,168.331922592602,168.4297241645808,163.61744803698727,167.4320526123047,15632600
QCOM,2025-01-28,166.49307878271574,169.69148716628024,166.0920520436296,167.79396057128906,8720200
QCOM,2025-01-29,167.7939695385933,169.69149623499274,166.49308768049778,167.95046997070312,5118900
QCOM,2025-01-30,168.56666090326283,169.7403842580127,167.2266614413544,168.16563415527344,6010600
QCOM,2025-01-31,168.7329201473078,172.9192091465174,168.51773581256052,169.1437225341797,7800500
QCOM,2025-02-03,165.182425747991,168.8014123272187,164.38037224829125,166.5126495361328,7447100
QCOM,2025-02-04,164.8107213455247,169.9848911342519,164.8107213455247,169.25131225585938,5457900
QCOM,2025-02-05,169.2122160375894,173.12463721764928,166.18008365316206,172.0095977783203,15197800
QCOM,2025-02-06,164.1651712849404,165.77905380107126,161.7785922366263,165.61277770996094,16293500
QCOM,2025-02-07,166.11161427406307,167.549430167151,162.42415334980555,164.28256225585938,7841700
QCOM,2025-02-10,166.01379226050372,168.0384771986464,165.2997796397925,167.6081085205078,6237700
QCOM,2025-02-11,165.93554193720627,168.91876579521818,165.40737169376038,168.2243194580078,6588100
QCOM,2025-02-12,165.83776554584387,167.18754078385808,164.55644992167734,166.56155395507812,5505700
QCOM,2025-02-13,166.46372057251153,168.58620699155097,165.75948365908732,168.38079833984375,6362200
QCOM,2025-02-14,168.82096975517314,169.03615410113514,167.2951130497967,168.4590606689453,4691300
QCOM,2025-02-18,169.4665110281527,169.9164460121084,167.49074915977363,169.83819580078125,7292600
QCOM,2025-02-19,170.18054065838498,172.63557950393349,169.55455388493385,171.38360595703125,6849600
QCOM,2025-02-20,172.14654165293715,172.5280021425663,169.11440909712343,169.8968963623047,6316400
QCOM,2025-02-21,171.14884535648523,171.5889897157611,161.5927682067341,161.8079376220703,12531900
QCOM,2025-02-24,162.27745325113207,162.94255768859526,157.46517698548445,157.57276916503906,9827800
QCOM,2025-02-25,158.12049319578685,159.75392711962627,155.9490984168623,157.69012451171875,8244900
QCOM,2025-02-26,158.28678019664397,160.5462010189562,157.40647648457667,158.55087280273438,9161900
QCOM,2025-02-27,158.78560406248369,159.67568342953234,150.72602628529225,151.05857849121094,10807200
QCOM,2025-02-28,151.704120309152,153.8657244122467,150.04132955329368,153.72879028320312,10149500
QCOM,2025-03-03,155.50896634885146,156.5750975393224,149.1806238911829,150.25653076171875,9601900
QCOM,2025-03-04,151.87040310643476,153.75813903480528,148.03623239919662,151.07814025878906,8956800
QCOM,2025-03-05,151.64542260424986,155.6654355457509,149.6794365385847,155.0198974609375,6786900
QCOM,2025-03-06,151.5485727279604,155.25591660186205,151.52890094204182,153.4464874267578,7808100
QCOM,2025-03-07,152.64011503086599,159.13042351509677,152.64011503086599,158.54039001464844,8727600
QCOM,2025-03-10,154.734732823169,156.6129758089919,150.0735097210702,152.40411376953125,10139900
QCOM,2025-03-11,152.27628788979922,153.6333410960629,148.35259915095108,150.5553741455078,8692900
QCOM,2025-03-12,151.6469291382608,153.26949898849753,149.39498212821925,150.26036071777344,7117400
QCOM,2025-03-13,150.06367622584062,153.04331408688145,147.91990170566655,149.41464233398438,5861700
QCOM,2025-03-14,151.00771428581416,154.34136932228148,150.98804249948762,153.97752380371094,5309400
QCOM,2025-03-17,153.0138205245547,156.08195904751346,152.85647623999864,155.3247528076172,5781000
QCOM,2025-03-18,155.32475019934182,157.0751640713979,153.32849151373654,153.6923370361328,6898400
QCOM,2025-03-19,153.8300070882887,157.84219618230856,152.48278233309316,155.6295928955078,5871000
QCOM,2025-03-20,155.37392477218808,156.47530475372673,153.9185276529867,155.3247528076172,5089300
QCOM,2025-03-21,152.40411746369463,154.80356532111705,151.00772067892098,154.2135467529297,10949300
QCOM,2025-03-24,157.34066990544184,158.32404909235086,156.16061788218613,157.41934204101562,6033400
QCOM,2025-03-25,157.22268808863728,158.78625758238033,156.77032700604894,157.48818969726562,3978200
QCOM,2025-03-26,156.79981058239883,158.13720689582925,154.24303366316548,155.75743103027344,5960300
QCOM,2025-03-27,155.58043780867925,156.60314562682163,153.16131825040796,155.34442138671875,6102000
QCOM,2025-03-28,154.31187641921602,155.01991070858176,149.04096282348044,150.1816864013672,8918000
QCOM,2025-03-31,148.30341990883053,151.2929011836964,145.42212595511,151.056884765625,8613600
QCOM,2025-04-01,149.85714597837975,150.77169637781643,147.76254361643515,150.5061798095703,5708900
QCOM,2025-04-02,148.28374741828162,152.87614162473344,147.8707299425009,151.51907348632812,5377200
QCOM,2025-04-03,144.55673808193012,144.95008374811016,136.25701548102393,137.10272216796875,16465000
QCOM,2025-04-04,132.10716896703167,133.60190967513432,124.57448757827063,125.34152221679688,19018600
QCOM,2025-04-07,122.51920954423039,134.91962171650908,118.79220902056383,127.56394958496094,17938300
QCOM,2025-04-08,128.95053131860624,133.0413777680271,119.71659286742465,122.58806610107422,14965900
QCOM,2025-04-09,123.0797435674112,142.4523106952793,122.12586454846739,141.2034149169922,21242600
QCOM,2025-04-10,134.73278871414718,136.7487192236697,127.14109953055221,132.16616821289062,14898800
QCOM,2025-04-11,131.77282101204835,138.3122870975159,128.93085554714483,136.93556213378906,10955300
QCOM,2025-04-14,140.3773840281624,140.7314011485105,134.55578083090808,136.87655639648438,6930300
QCOM,2025-04-15,137.14206287043535,138.49911589400696,135.73582288315043,136.29635620117188,6346800
QCOM,2025-04-16,131.4581281609773,135.02779956473847,129.5995420179397,133.48390197753906,10417200
QCOM,2025-04-17,135.09664509463948,135.85383630740392,133.45440356079217,134.38861083984375,7135900
QCOM,2025-04-21,132.49067477543858,134.28043211328946,131.1434500795936,133.8772430419922,8128300
QCOM,2025-04-22,134.47712127569366,136.7880686671459,134.2214480557537,136.43405151367188,8228000
QCOM,2025-04-23,140.21021699777037,141.48861303959893,137.45675206271892,138.12545776367188,9073500
QCOM,2025-04-24,140.40688219128467,145.3631218050962,139.6300192188356,144.7632598876953,8810600
QCOM,2025-04-25,143.65202894762592,146.7201671135127,143.65202894762592,146.09080505371094,5145600
QCOM,2025-04-28,145.71711754416745,146.81851241306825,143.0226682339567,145.1664276123047,5743500
QCOM,2025-04-29,144.22239134609117,145.7957890005052,143.10133970281578,144.43873596191406,6692000
QCOM,2025-04-30,142.78665173624523,146.3759946910795,141.4885990413247,145.9924774169922,10851900
QCOM,2025-05-01,136.48319183205206,136.65037949970804,132.62834718939501,132.96270751953125,22836600
QCOM,2025-05-02,135.5588218410011,139.05964921446832,135.00811691260765,137.48623657226562,13185600
QCOM,2025-05-05,136.00135425301326,138.43030221837594,135.99151085712955,137.12240600585938,7165300
QCOM,2025-05-06,135.5293221144553,138.45978778993037,135.17530501904943,137.57473754882812,6957900
QCOM,2025-05-07,138.04678178700408,142.2949722787753,137.91893768481984,141.90162658691406,10196400
QCOM,2025-05-08,143.2193574412165,145.0484434984206,141.49844370479454,142.68833923339844,8489100
QCOM,2025-05-09,143.2390158452701,144.5370685682009,142.1966363088562,142.76698303222656,6217100
QCOM,2025-05-12,151.51907418819042,151.79441917331965,147.33971244333597,149.59164428710938,11414600
QCOM,2025-05-13,149.4834777903791,150.7422020585925,148.45094155853712,148.82461547851562,10160900
QCOM,2025-05-14,149.404811394167,150.72255107375193,147.9297424288871,150.43736267089844,6971200
QCOM,2025-05-15,149.18848147026972,150.84055150579275,147.683897323749,150.07351684570312,6941200
QCOM,2025-05-16,150.32916224756445,150.516006682404,148.78526482184373,149.96531677246094,6668000
QCOM,2025-05-19,148.0477471473735,151.26340145416017,147.61505788221857,151.1453857421875,7241100
QCOM,2025-05-20,150.49636280999172,151.3322412245067,149.40481117706364,151.26341247558594,5269500
QCOM,2025-05-21,151.02739546306552,153.53501569186002,148.32310237430576,148.7951202392578,9684500
QCOM,2025-05-22,148.8737976683857,149.06064214379657,144.77310762159286,144.9206085205078,9539100
QCOM,2025-05-23,141.03625409696667,144.05523567963286,139.41368429209965,142.96368408203125,8994600
QCOM,2025-05-27,145.09761654005595,146.86770225454603,143.9962215370526,146.15966796875,9788800
QCOM,2025-05-28,146.34649810293269,147.0053603589122,144.9107578847795,145.1467742919922,7032300
QCOM,2025-05-29,147.36920651774537,147.99856860129134,144.79275783278774,145.8744659423828,5980700
QCOM,2025-05-30,145.54014737762677,145.55981916656017,141.09526840491415,142.78668212890625,13755600
QCOM,2025-06-02,142.3933158158785,144.76326336659437,142.07862725910695,144.19290161132812,6419500
QCOM,2025-06-03,144.2715765281823,147.29054302630522,143.0915094227454,146.46450805664062,6164100
QCOM,2025-06-04,147.50690023823367,147.5560722060153,144.9304511823961,146.57269287109375,7143800
QCOM,2025-06-05,147.20581600148358,148.47210135714826,145.4250975027951,145.97909545898438,5605500
QCOM,2025-06-06,148.19511127067886,148.97664091391317,147.45314644298384,147.64111328125,5794700
QCOM,2025-06-09,150.18357312807606,154.4473953000846,149.55043040570632,153.74501037597656,10589400
QCOM,2025-06-10,154.51665109796778,157.80107422110888,153.40865511839917,157.42515563964844,9068400
QCOM,2025-06-11,158.28582598339923,160.4028983021147,156.01046421582532,157.77139282226562,8859900
QCOM,2025-06-12,157.29654481204528,157.90001014752664,156.2577910253559,156.999755859375,5689400
QCOM,2025-06-13,154.6650323277864,155.48614185215118,152.78539420378874,153.06239318847656,8446400
QCOM,2025-06-16,155.3476510281519,156.7524359846873,153.97254345768096,155.18936157226562,8686300
QCOM,2025-06-17,154.9717002008586,155.89174435302047,152.73591849121868,152.80517578125,7146900
QCOM,2025-06-18,153.3393873203569,154.42760836527134,151.50920149808587,151.98406982421875,6708700
QCOM,2025-06-20,152.57764946234508,153.45811382503217,149.01622719436622,149.69883728027344,15501900
QCOM,2025-06-23,149.6097727741904,151.87524700374712,148.07637588915324,151.4993133544922,6860700
QCOM,2025-06-24,153.07228227105352,154.62546918332887,152.49849434077228,154.0417938232422,7692700
QCOM,2025-06-25,154.42762191313813,154.853007843725,152.93378970267395,154.25942993164062,5280100
QCOM,2025-06-26,154.8233275040175,156.7227556530126,154.23965212863467,156.49522399902344,6278200
QCOM,2025-06-27,156.9502832908183,159.37404707747444,155.88186724929002,156.84146118164062,22100300
QCOM,2025-06-30,156.69306714584565,158.14731931370798,156.10939181189056,157.55374145507812,7988200
QCOM,2025-07-01,156.5248947818749,159.91813987438607,156.28746061252374,157.69224548339844,8942300
QCOM,2025-07-02,157.96924776214436,161.04592912168428,157.09868598032034,160.5809783935547,8916400
QCOM,2025-07-03,161.2932471336038,162.2034039005105,160.35342807779654,160.47215270996094,4280800
QCOM,2025-07-07,159.38393521619832,159.75986888508652,155.88186794262575,156.3962860107422,7187400
QCOM,2025-07-08,157.7615044323541,160.0962209552132,156.91071751905852,157.74171447753906,6879100
QCOM,2025-07-09,157.69224399112866,159.74996148676217,156.554570684626,157.64279174804688,4190100
QCOM,2025-07-10,157.28665475512437,158.57271503636224,156.0994989642695,157.3855743408203,5674400
QCOM,2025-07-11,157.296535161933,157.4647120358888,155.46634931217554,155.77304077148438,5907700
QCOM,2025-07-14,154.74417828994953,154.82332301410992,151.83567383213412,152.63699340820312,7382600
QCOM,2025-07-15,154.61556666081884,155.0310802376568,152.46881695861518,152.6468963623047,6467300
QCOM,2025-07-16,152.64688893676654,152.84474319044259,149.91644891197646,152.4193572998047,7106700
QCOM,2025-07-17,151.36082721613639,151.88514782827963,150.1736864923274,150.97500610351562,7018600
QCOM,2025-07-18,151.4003867706422,153.76478070587874,151.09371039630847,153.14154052734375,7433900
QCOM,2025-07-21,153.2602480038387,158.21656745704578,153.2503605741043,157.26686096191406,7662300
QCOM,2025-07-22,157.25697229387234,157.33610192174973,154.49685479313388,156.29736328125,6951600
QCOM,2025-07-23,156.89092635008905,158.32538860917018,155.24870730533928,158.1671142578125,7296200
QCOM,2025-07-24,156.65350396477777,157.38556622335946,155.11020453532763,157.13824462890625,5014800
QCOM,2025-07-25,157.19760034521252,157.49438927941026,155.72357329437364,156.7029571533203,4808200
QCOM,2025-07-28,158.0483969937154,160.2248392486193,157.45483418399783,159.3245849609375,9627300
QCOM,2025-07-29,160.30397172387103,161.847271285264,159.41361994584466,160.3435516357422,9460900
QCOM,2025-07-30,161.253686917195,161.52079847803995,156.30725480317062,157.35589599609375,14382500
QCOM,2025-07-31,151.46964257746146,155.12011183931043,144.0203171306447,145.1876678466797,24440100
QCOM,2025-08-01,144.8908796085815,147.57183705538213,144.22804449698924,146.6023406982422,12706700
QCOM,2025-08-04,146.91891283118608,149.17448453882162,145.4943531437152,145.92962646484375,8150200
QCOM,2025-08-05,146.92882007669022,147.0574170436344,144.1093478038998,145.13821411132812,7794500
QCOM,2025-08-06,145.0788464347844,145.1382162996297,142.5660655875901,144.27752685546875,8475700
QCOM,2025-08-07,146.7309544683255,146.7309544683255,143.25854981844248,144.3368682861328,6753500
QCOM,2025-08-08,144.78206739549944,146.43417383460394,144.1291347634283,145.97909545898438,5028700
QCOM,2025-08-11,146.97829776744084,149.44161141127296,146.12751080131656,146.3847198486328,6215900
QCOM,2025-08-12,147.1959153703925,152.251169428624,146.97828625221445,152.08299255371094,9304100
QCOM,2025-08-13,152.32042798209875,155.4267866695238,151.98407422948944,154.912353515625,7103300
QCOM,2025-08-14,153.24045992586574,156.9502839889062,153.24045992586574,156.3962860107422,6294800
QCOM,2025-08-15,156.34681098281888,157.55374155960484,155.0112834429837,156.1588592529297,7583700
QCOM,2025-08-18,156.08960539216164,158.03850078790666,155.5553973835484,157.19760131835938,4774400
QCOM,2025-08-19,157.36579899477363,157.7219276165545,154.37814976222666,154.5760040283203,6396500
QCOM,2025-08-20,154.71449248025732,154.96181406904827,151.815890705377,153.77467346191406,7151700
QCOM,2025-08-21,153.1613240040636,153.53724256219513,151.410282891559,152.4787139892578,4997300
QCOM,2025-08-22,153.17121516477596,158.17700193487693,152.90410361001636,156.317138671875,7711500
QCOM,2025-08-25,155.92142433020547,156.35671274532604,153.73509482528155,154.74417114257812,4653000
QCOM,2025-08-26,155.97088946763245,158.24625109029077,155.72356788028503,157.46470642089844,9173000
QCOM,2025-08-27,156.6633911607072,158.25614283042393,156.10939320520782,158.05828857421875,4549900
QCOM,2025-08-28,158.19679096176213,159.49275372326122,157.32621410413302,159.07725524902344,8156300
QCOM,2025-08-29,157.82087011358786,159.8687003621273,157.69225804136644,159.0080108642578,9949100
QCOM,2025-09-02,156.1291814817484,157.23717738084125,152.94367817654444,157.07888793945312,7520300
QCOM,2025-09-03,157.69225313388364,157.86044511323752,154.38804003383214,155.594970703125,6336400
QCOM,2025-09-04,155.40592067172517,159.0473179181058,153.68471974951615,158.89808654785156,7781200
QCOM,2025-09-05,159.26620542463044,162.6588737000933,158.3409253580414,159.0274200439453,7954200
QCOM,2025-09-08,159.47513345229652,159.47513345229652,157.20672541168742,159.42539978027344,7019700
QCOM,2025-09-09,159.55472244670187,160.778480428278,156.7689689468977,157.85342407226562,6126000
QCOM,2025-09-10,157.81362829383457,158.40064048443935,155.81385187384348,158.14195251464844,8256900
QCOM,2025-09-11,158.38073628692737,161.24610023475242,157.15699342638487,160.68893432617188,8360200
QCOM,2025-09-12,160.50985080282624,161.50476711709564,158.7687472528548,161.00730895996094,5430600
QCOM,2025-09-15,160.57948352944607,161.85297516928864,159.39554589364985,160.40040588378906,5604800
QCOM,2025-09-16,160.99735938042915,164.16118585723876,160.67897888450946,163.30555725097656,7997500
QCOM,2025-09-17,163.8428075691266,165.524218530468,162.40018198294266,164.41986083984375,6057800
QCOM,2025-09-18,166.03163842779668,168.00156846797253,165.3849337185123,167.27528381347656,10421200
QCOM,2025-09-19,168.30999859527546,168.71791794587315,165.44463462396143,166.00180053710938,19444400
QCOM,2025-09-22,166.0017881150898,169.35465113533547,165.07650807641772,168.85719299316406,6196600
QCOM,2025-09-23,168.95670135640762,169.98146397945285,167.44442425803055,168.6681671142578,5468400
QCOM,2025-09-24,168.19060131880116,173.55319949737313,167.81252827182968,172.667724609375,9213700
QCOM,2025-09-25,170.33963404530724,171.09576500199384,167.08625334759788,168.81739807128906,8093700
QCOM,2025-09-26,168.81739934829776,170.06104478850344,167.27529114741768,168.33984375,4846000
QCOM,2025-09-29,168.33983860282166,168.976584441489,163.92240770528386,164.4596710205078,7523100
QCOM,2025-09-30,164.79794125030796,165.9918378169927,164.0418103003586,165.5142822265625,5593300
QCOM,2025-10-01,164.95713626098424,165.922206348992,163.6537982525582,165.6436309814453,6153000
QCOM,2025-10-02,166.89720892494086,168.6781024179361,166.33009934831563,167.9916229248047,5499500
QCOM,2025-10-03,167.99162201331356,170.87687318825547,167.88218061392098,168.31993103027344,5137900
QCOM,2025-10-06,169.67302439889434,170.0113074891402,166.8673682398751,167.76278686523438,8265800
QCOM,2025-10-07,169.03628180900412,171.10570963895228,164.30048544778083,164.61886596679688,7147500
QCOM,2025-10-08,165.39489351182345,167.69314776826894,163.05683410133406,166.9171142578125,7302200
QCOM,2025-10-09,166.51913897529863,166.75792435641213,162.4001860337046,164.81784057617188,6928400
QCOM,2025-10-10,163.98210967376954,164.2507261407229,152.57041864992604,152.80918884277344,15818600
QCOM,2025-10-13,155.1572011863041,161.56446488617567,154.98806722916072,160.9575653076172,10311000
QCOM,2025-10-14,158.49017214614986,163.43490745026585,158.4503669920349,160.9177703857422,8675200
QCOM,2025-10-15,163.40505795670833,163.40505795670833,159.49502901832332,162.14151000976562,7334100
QCOM,2025-10-16,163.65378418601657,164.35022254502226,161.38537628455936,163.24586486816406,5686700
QCOM,2025-10-17,162.03206736428874,162.9573322256773,160.8481145518917,162.6190643310547,4833100
QCOM,2025-10-20,162.50962390373857,166.79771070413372,161.23613226124777,166.19081115722656,8194100
QCOM,2025-10-21,165.95204653269442,168.3796448018053,165.35509066345725,167.9717254638672,6176100
QCOM,2025-10-22,166.63853507943094,168.9168867065582,165.17600691685982,168.40948486328125,10083800
QCOM,2025-10-23,167.47426420651104,170.37941800861987,167.02655490346194,169.16561889648438,6546400
QCOM,2025-10-24,170.81718131341066,171.54346595885244,167.61354962533983,168.08116149902344,6256000
QCOM,2025-10-27,168.09111234485692,204.90301686750104,167.96178354408704,186.72589111328125,81799300
QCOM,2025-10-28,182.9949466138221,184.96489180583103,178.49793589676105,180.1096954345703,20323100
QCOM,2025-10-29,181.07477677818443,182.55720761375008,177.29409158942912,177.76170349121094,11614600
QCOM,2025-10-30,177.77163551203492,178.96554720569299,176.28921995506525,176.35885620117188,7862900
QCOM,2025-10-31,177.6124713448115,181.22400737802164,175.93106028155154,179.98036193847656,9452800
QCOM,2025-11-03,182.01994400971313,182.5174021869363,178.17956627430152,179.80128479003906,8535100
QCOM,2025-11-04,176.57774537622012,178.42829035075616,171.41412721269776,171.96133422851562,12323600
QCOM,2025-11-05,173.8715742371419,182.49749708934647,173.43382379945336,178.80636596679688,18845500
QCOM,2025-11-06,176.89612493388378,177.60250702040676,169.1954671430674,172.3195037841797,16184700
QCOM,2025-11-07,171.85189794496537,173.3641750570363,167.39467692020867,170.02125549316406,10614700
QCOM,2025-11-10,172.87665366319354,173.9113751336765,168.63831562079443,170.6977996826172,10129300
QCOM,2025-11-11,170.13068892671282,175.08536789734617,170.13068892671282,173.0955352783203,8419100
QCOM,2025-11-12,174.11035739872494,176.51805309072108,173.99097229735568,175.77186584472656,8785800
QCOM,2025-11-13,175.7320764235469,177.92088931576512,172.150371559031,173.61289978027344,9526100
QCOM,2025-11-14,170.90672243363545,174.7968488473234,170.52864937803074,173.0955352783203,7949900
QCOM,2025-11-17,171.9215448044221,173.95116743722699,164.330328350997,165.9022979736328,10211100
QCOM,2025-11-18,164.05175227690833,165.94208722255368,160.56954513824286,164.22088623046875,11073200
QCOM,2025-11-19,163.8527693689284,166.65842546625862,163.27571608792448,165.2655487060547,8176500
QCOM,2025-11-20,166.28036382533708,168.02146732676027,158.04245818738647,158.7786865234375,12075400
QCOM,2025-11-21,159.93279379545692,164.42981968200175,158.29118798761743,162.46983337402344,10815000
QCOM,2025-11-24,163.53439153699404,166.09133378008465,162.88770199801493,164.22088623046875,12070100
QCOM,2025-11-25,163.15632804388216,164.13134175842606,161.0470951835071,162.46983337402344,7758100
QCOM,2025-11-26,163.28565720427528,165.40483376707016,162.32058718524218,164.30047607421875,7967700
QCOM,2025-11-28,164.19103224917427,167.3349713331634,163.2956136708869,167.2354736328125,5068800
QCOM,2025-12-01,165.06656856431218,168.17070259218193,164.65864923389597,167.18572998046875,6818300
QCOM,2025-12-02,167.8921305498036,170.29982624468272,166.7877728171606,169.83221435546875,9159100
QCOM,2025-12-03,170.03119350866515,174.19989533055085,169.4840016760527,174.1800079345703,7624300
QCOM,2025-12-04,174.3300018310547,174.92999267578125,173.22999572753906,174.35000610351562,7245000
QCOM,2025-12-05,174.74000549316406,177.25,174.5,174.80999755859375,8400100
QCOM,2025-12-08,174.74000549316406,175.5,173.72000122070312,175.30999755859375,6690200
QCOM,2025-12-09,174.5,176.35000610351562,172.32000732421875,176.0,7719100
QCOM,2025-12-10,175.80999755859375,183.44000244140625,175.25,182.2100067138672,11100100
QCOM,2025-12-11,181.3699951171875,181.63999938964844,178.08999633789062,181.27000427246094,6319200
QCOM,2025-12-12,181.25,183.11000061035156,177.8699951171875,178.2899932861328,8865800
QCOM,2025-12-15,179.72000122070312,180.30999755859375,176.38999938964844,179.25999450683594,6954700
QCOM,2025-12-16,179.19000244140625,179.19000244140625,174.80999755859375,176.1199951171875,7136000
QCOM,2025-12-17,176.1199951171875,177.47999572753906,172.0500030517578,172.33999633789062,8501900
QCOM,2025-12-18,175.7100067138672,177.0800018310547,173.52999877929688,174.19000244140625,8967500
QCOM,2025-12-19,174.44000244140625,177.19000244140625,174.1999969482422,175.25,25223500
QCOM,2025-12-22,177.55999755859375,178.32000732421875,173.89999389648438,174.22000122070312,6422100
QCOM,2025-12-23,173.61000061035156,175.27000427246094,173.50999450683594,174.75,4690400
QCOM,2025-12-24,175.0399932861328,175.49000549316406,174.4199981689453,174.77000427246094,1645300
QCOM,2025-12-26,175.0,175.5,174.35000610351562,174.80999755859375,2442800
QCOM,2025-12-29,174.00999450683594,175.19000244140625,172.7899932861328,173.42999267578125,3978400
QCOM,2025-12-30,174.05999755859375,174.39999389648438,173.33999633789062,173.64999389648438,3429300
QCOM,2025-12-31,173.61000061035156,173.77999877929688,171.00999450683594,171.0500030517578,4682600
QCOM,2026-01-02,173.8000030517578,174.67999267578125,172.1999969482422,172.97999572753906,6532200
QCOM,2026-01-05,175.4600067138672,178.85000610351562,174.00999450683594,176.30999755859375,8972200
QCOM,2026-01-06,177.2100067138672,184.4499969482422,176.6199951171875,182.4499969482422,11033900
QCOM,2026-01-07,182.38999938964844,184.07000732421875,177.11000061035156,180.19000244140625,9853000
QCOM,2026-01-08,178.8000030517578,184.30999755859375,176.1999969482422,181.8699951171875,8353500
QCOM,2026-01-09,178.1199951171875,179.44000244140625,174.8000030517578,177.77999877929688,9662200
QCOM,2026-01-12,175.8800048828125,175.8800048828125,169.24000549316406,169.27000427246094,13657600
QCOM,2026-01-13,166.97999572753906,168.35000610351562,164.97000122070312,165.2899932861328,9993300
QCOM,2026-01-14,163.69000244140625,164.74000549316406,162.35000610351562,164.5399932861328,7959900
QCOM,2026-01-15,166.4499969482422,166.5,161.02999877929688,161.38999938964844,9241600
QCOM,2026-01-16,161.38999938964844,161.6999969482422,159.2100067138672,159.4199981689453,11990800
QCOM,2026-01-20,154.9499969482422,157.72000122070312,153.25,154.07000732421875,11971400
QCOM,2026-01-21,156.3300018310547,157.52999877929688,154.6199951171875,156.3699951171875,9181900
QCOM,2026-01-22,158.47000122070312,159.42999267578125,156.80999755859375,157.8000030517578,7450300
QCOM,2026-01-23,157.0399932861328,157.97999572753906,154.85000610351562,155.82000732421875,7106700
QCOM,2026-01-26,154.8000030517578,156.1999969482422,154.3000030517578,154.52000427246094,8004200
QCOM,2026-01-27,156.3300018310547,156.74000549316406,152.66000366210938,153.0399932861328,8354600
