ticker,date,open,high,low,close,volume
SPY,2020-01-02,296.4802235866316,297.71731977517936,295.5546875996484,297.698974609375,59151200
SPY,2020-01-03,294.2992479953691,296.5718391025249,294.244268433237,295.4447021484375,77709700
SPY,2020-01-06,293.68527154806566,296.65430772190325,293.5661398420069,296.57183837890625,55653900
SPY,2020-01-07,296.0036707856056,296.48019761170144,295.2889085116511,295.7379455566406,40496400
SPY,2020-01-08,295.9304604946824,298.532929738881,295.68305239243307,297.3141784667969,68296000
SPY,2020-01-09,298.88112998280087,299.40346390249715,298.2946439048552,299.33013916015625,48473300
SPY,2020-01-10,299.91662000140076,300.07238613706346,298.0014236278169,298.46875,53029300
SPY,2020-01-13,299.0918985059818,300.5305679585822,298.6612065390366,300.52142333984375,47086800
SPY,2020-01-14,300.0815496239874,301.1353620319294,299.50423615771473,300.063232421875,62832800
SPY,2020-01-15,299.9715301608084,301.50184120269535,299.88906082009487,300.74127197265625,72056600
SPY,2020-01-16,302.12498611365226,303.2429504394531,301.89589529250605,303.2429504394531,54050300
SPY,2020-01-17,303.9577072786301,304.39754374969027,303.1787929075441,304.1867980957031,95846000
SPY,2020-01-21,303.22464675250427,304.39759079860585,303.1513499843944,303.5911865234375,77742400
SPY,2020-01-22,304.4525595814496,305.10319771439003,303.4720720211028,303.6278381347656,48914900
SPY,2020-01-23,302.97721103138565,304.38841838405864,301.85924665475704,303.9760437011719,51963000
SPY,2020-01-24,304.6358627439296,304.7183320973039,299.9807208309427,301.2727966308594,87578400
SPY,2020-01-27,296.0128810624095,297.92807729720744,295.6738310638596,296.4435729980469,84062500
SPY,2020-01-28,297.8730577788498,300.42971926518106,296.5351751654202,299.5500183105469,63834000
SPY,2020-01-29,300.91535949005015,301.1444502956836,299.10095024196636,299.30255126953125,53888900
SPY,2020-01-30,297.2316834744136,300.4847910291731,296.4802865769708,300.2740173339844,75491800
SPY,2020-01-31,299.65085010133794,299.80664419353747,293.905261299892,294.8216247558594,113845600
SPY,2020-02-03,296.3061289566686,298.88110802964894,296.18699723301154,297.01171875,69083000
SPY,2020-02-04,300.6314137189123,302.4091613445943,300.31068086506696,301.5386047363281,62573200
SPY,2020-02-05,304.4800094344082,305.23143401703624,303.0138505948838,305.0206604003906,65951100
SPY,2020-02-06,305.9829059558844,306.23948658903026,304.9657280409619,306.04705810546875,50359700
SPY,2020-02-07,304.98415661339817,306.0562864230658,303.86619184212464,304.416015625,64139400
SPY,2020-02-10,303.52707001498,306.7526592320417,303.4904076474018,306.6885070800781,42070000
SPY,2020-02-11,308.0447838834138,308.8328431375756,306.6885557198552,307.2200622558594,54864500
SPY,2020-02-12,308.65857042963563,309.40999488269836,308.2920307829556,309.1992492675781,43992700
SPY,2020-02-13,307.769768124231,309.84075815537994,307.4948703170825,308.8694152832031,54501900
SPY,2020-02-14,309.281849489638,309.48345057541405,308.0814155587151,309.36431884765625,64582200
SPY,2020-02-18,308.3654765571178,309.42846152545053,307.17418728122385,308.56707763671875,57226200
SPY,2020-02-19,309.53840023287927,310.72048888209537,309.25432981653825,310.0423889160156,48814700
SPY,2020-02-20,309.4926449291918,310.31739457229963,305.7722108107942,308.76873779296875,74163400
SPY,2020-02-21,307.41248274725154,307.72404299995856,304.76417865144776,305.58892822265625,113788200
SPY,2020-02-24,296.11367067972515,305.66216126608373,294.37255791706946,295.4538879394531,161088400
SPY,2020-02-25,296.8467259201348,297.46067366293727,285.6212756357742,286.5009765625,218913200
SPY,2020-02-26,287.90308261756604,291.5043845222022,284.71415548102505,285.4472351074219,194773800
SPY,2020-02-27,279.9123298627245,285.5021516671391,272.62725830078125,272.62725830078125,284353500
SPY,2020-02-28,264.5541069238748,272.9754882391308,261.658395419346,271.4818115234375,384975800
SPY,2020-03-02,273.26873092756443,283.3029216830661,269.8323680613231,283.23876953125,238703600
SPY,2020-03-03,283.6144392953879,287.5914526327542,272.6822319172303,275.12890625,300139100
SPY,2020-03-04,280.5171106027722,286.9133360865431,277.9604493324788,286.6933898925781,176613400
SPY,2020-03-05,279.4724919610875,282.6705909596621,274.91816519813835,277.1632385253906,186366800
SPY,2020-03-06,268.63201759235847,273.7911497847978,265.95625120374496,272.58154296875,228667200
SPY,2020-03-09,252.27481429462634,260.4212977452455,250.57956450136103,251.29432678222656,309417300
SPY,2020-03-10,260.83363358854865,264.3890992990338,250.625334159635,264.2974853515625,276444100
SPY,2020-03-11,257.22317395235837,258.35945542683373,248.22448017849436,251.4134063720703,255316300
SPY,2020-03-12,234.5890709284922,244.3575098159475,226.96491941166903,227.3589630126953,392220700
SPY,2020-03-13,241.08604410630707,248.77434647333422,227.7346366084583,246.7949981689453,329566100
SPY,2020-03-16,221.00851540675873,235.41374899779908,217.50801453237176,219.78976440429688,297240000
SPY,2020-03-17,224.54565851971734,234.7448005802353,217.24225582936077,231.65664672851562,262070500
SPY,2020-03-18,216.49086785316467,227.59718853589922,208.94920047757623,219.92723083496094,327597100
SPY,2020-03-19,219.23993370981958,226.6899722952671,212.79790041262768,220.39454650878906,289322000
SPY,2020-03-20,223.5524848436313,225.340685761299,210.62030694707715,210.89683532714844,347158800
SPY,2020-03-23,210.3346093753875,211.7080109730358,201.18160390772394,205.50462341308594,326025200
SPY,2020-03-24,216.07710190719624,224.99966857078434,215.50562016858646,224.12399291992188,235494500
SPY,2020-03-25,225.7093944461487,236.29111690961022,220.99002898483698,227.47915649414062,299430300
SPY,2020-03-26,229.99549850632343,242.2363464449913,229.56227406257838,240.76156616210938,257632800
SPY,2020-03-27,233.45212064085143,240.4021241650425,231.40583018380667,233.5903778076172,224341200
SPY,2020-03-30,235.6919255877699,241.8953110830862,233.69172592775902,241.1763458251953,171369500
SPY,2020-03-31,240.17164803132644,242.72489040419927,236.17124857366713,237.58152770996094,194881100
SPY,2020-04-01,228.57602883114748,237.49859440441708,224.8152794471893,226.88922119140625,189554600
SPY,2020-04-02,226.00435422566696,232.90826706559199,225.45129745089525,232.12478637695312,177660400
SPY,2020-04-03,231.13851804279616,233.4982148913471,226.0320183372027,228.76962280273438,135561200
SPY,2020-04-06,237.66450470907907,246.10775542428493,228.7511655917904,244.13519287109375,188061200
SPY,2020-04-07,252.75352627857413,253.50936942517404,244.1628217961707,244.384033203125,201427200
SPY,2020-04-08,246.99257642457417,254.40346793193098,244.49463720632136,252.58761596679688,153774500
SPY,2020-04-09,255.85982576352765,259.1965905627777,253.91494316921344,256.43133544921875,189999200
SPY,2020-04-13,255.45432127320237,255.79536495704366,250.17267304475266,254.09011840820312,114839100
SPY,2020-04-14,258.99386373886557,262.6071155005401,253.9518796282053,261.583984375,134143400
SPY,2020-04-15,255.8506522622504,261.7222066904495,253.90574134911725,256.0257873535156,121775000
SPY,2020-04-16,257.3070626758222,258.1182089286888,254.18233805357292,257.260986328125,131798300
SPY,2020-04-17,263.0496124333535,264.819360669929,260.3027811151515,264.2110290527344,146684800
SPY,2020-04-20,260.49629866532456,264.3492430998631,259.33491036510924,259.5561218261719,100109300
SPY,2020-04-21,255.0763761274665,256.2838686895885,250.73490505975042,251.67510986328125,126385700
SPY,2020-04-22,256.56967233483715,259.0123094851933,255.2423472173533,257.260986328125,92951600
SPY,2020-04-23,258.5420741382575,261.72212812543484,256.9382354993109,257.2424011230469,104709700
SPY,2020-04-24,258.7633795586813,261.50098338829105,256.707863024315,260.8280944824219,85063200
SPY,2020-04-27,262.80989280157024,265.7134056117483,262.34901685933136,264.5888671875,77896600
SPY,2020-04-28,268.24817773506373,268.5984478924174,263.06793752484685,263.37213134765625,105270000
SPY,2020-04-29,268.7183093826725,271.8061836334451,267.6859518357042,270.266845703125,118745600
SPY,2020-04-30,268.8841331166337,270.3681677193517,266.0082728204934,267.7503967285156,122901700
SPY,2020-05-01,262.9850053506957,267.9163831355571,259.4915581319008,260.6622009277344,125180000
SPY,2020-05-04,258.7726818444896,261.68542192686897,257.28867442963445,261.3812561035156,80873200
SPY,2020-05-05,264.21100325960634,266.61676244530474,261.510248557089,263.79620361328125,79569900
SPY,2020-05-06,265.5014124986934,265.88853252564763,261.57474059035235,262.0079650878906,73632600
SPY,2020-05-07,265.2341766173054,267.1053323245546,264.66269479484157,265.1696472167969,75250400
SPY,2020-05-08,268.3128189640112,270.02729252011244,267.1790537393371,269.55718994140625,76452400
SPY,2020-05-11,267.62143930773703,270.9950545873397,267.19744131631325,269.6124267578125,79514200
SPY,2020-05-12,270.801516933047,271.2162884383801,264.1003621628556,264.2386474609375,95870800
SPY,2020-05-13,263.67643669512904,264.71802120009664,257.13199033469306,259.5654296875,144721100
SPY,2020-05-14,257.1227246154744,262.80069202601,251.62906259247328,262.6716613769531,121977900
SPY,2020-05-15,260.2750667451396,263.92519621393427,259.3256634598591,263.8791198730469,111146300
SPY,2020-05-18,270.11938163455005,273.52987489861954,269.7967909749408,271.91680908203125,119703800
SPY,2020-05-19,271.3177369063047,273.0321823141548,269.10553748697095,269.12396240234375,95189300
SPY,2020-05-20,272.6727304221614,274.562311096224,272.4422923824151,273.69586181640625,85861700
SPY,2020-05-21,273.56676293920657,274.3779091376315,270.70932633280484,271.80621337890625,78293900
SPY,2020-05-22,271.5204680309544,272.49752280932586,270.2760973212516,272.3223876953125,63958200
SPY,2020-05-26,278.304519053477,278.54418352711934,272.34078367877794,275.6775207519531,88951400
SPY,2020-05-27,278.4796843331706,279.81623586309064,273.6404867746573,279.77935791015625,104817400
SPY,2020-05-28,280.81175077314896,282.83038997252385,278.5903250016566,279.2632141113281,90405200
SPY,2020-05-29,278.79306472388765,281.09744441541864,276.0370356142998,280.5075378417969,119090800
SPY,2020-06-01,279.8622915538364,282.2496254643002,279.34611276939205,281.6412658691406,55758300
SPY,2020-06-02,282.56301791606984,284.01940158934775,281.2264946134768,283.9732971191406,74267200
SPY,2020-06-03,285.9643318264377,288.71116291644955,285.6878174779567,287.7525329589844,92567600
SPY,2020-06-04,286.76620510346254,288.50832960554146,284.89504996954486,286.99664306640625,75794400
SPY,2020-06-05,292.407381291581,296.131238917088,292.3428519039534,294.3522644042969,150524700
SPY,2020-06-08,295.16344704307255,298.1038383774425,294.61961670089926,297.9102783203125,73641200
SPY,2020-06-09,295.23710420683716,297.98393482700175,294.3706552236186,295.68878173828125,77479200
SPY,2020-06-10,296.269500797197,297.1636012434189,293.3198835377999,294.0388488769531,95000800
SPY,2020-06-11,287.08881187171676,287.72482287321475,276.5347704880352,277.0877990722656,209243600
SPY,2020-06-12,284.12084867680943,284.89511703902105,275.23517336126014,280.40618896484375,194678900
SPY,2020-06-15,274.7004475346516,284.15762952990957,273.52060641499924,283.02386474609375,135782700
SPY,2020-06-16,290.7942988499183,290.9417825291252,283.59541877833976,288.4714660644531,137627500
SPY,2020-06-17,289.4946495120501,289.78961689513534,286.53580541924,287.2732238769531,83398900
SPY,2020-06-18,285.7523894567671,287.8631816005811,285.29151338751893,287.3838806152344,80828700
SPY,2020-06-19,290.86108007701773,291.0554918248627,283.78789416661283,285.7413635253906,135549600
SPY,2020-06-22,285.1396439631699,287.97261465069647,283.9916508946989,287.57452392578125,74649400
SPY,2020-06-23,290.23157290982795,291.16664813411967,288.49104915719107,288.8984069824219,68471200
SPY,2020-06-24,286.85235736793186,287.47266118114317,279.6866122382617,281.5289611816406,132813500
SPY,2020-06-25,280.9550094007132,284.8156419412527,278.92748722706216,284.5471496582031,89468000
SPY,2020-06-26,283.4454916279468,283.6584377225371,277.20555230635466,277.7887878417969,127961000
SPY,2020-06-29,279.0479384921931,282.0105086882895,276.75192328113644,281.87164306640625,79773300
SPY,2020-06-30,281.4363406086615,287.18562813532077,281.2789690841468,285.48211669921875,113394800
SPY,2020-07-01,286.6024936608288,288.7503757834535,286.13958949233705,287.48199462890625,72396500
SPY,2020-07-02,290.92591848242125,292.27761860525646,288.3984805369268,289.0650634765625,69344200
SPY,2020-07-06,292.8979535044731,294.1107600598667,292.14805107719695,293.5274963378906,61713800
SPY,2020-07-07,291.98142097461727,293.9626360095515,290.1205372836613,290.5001220703125,82910000
SPY,2020-07-08,291.26852016415074,292.83313836796316,289.5002512684918,292.7220458984375,54638600
SPY,2020-07-09,293.3329911490811,293.5737102601791,287.6300107154844,291.0555114746094,83354200
SPY,2020-07-10,290.9907250034386,294.29586651217585,289.5557338319014,294.0273742675781,57550400
SPY,2020-07-13,296.37894748735727,298.7675199209206,290.8240989639422,291.4814147949219,102997500
SPY,2020-07-14,290.0556928166949,296.03643402926104,288.8521534785703,295.2587585449219,93657000
SPY,2020-07-15,298.48979427223054,299.073057898437,295.5827432633352,297.9713439941406,87196500
SPY,2020-07-16,296.064182128376,297.4436271652197,295.41610515280826,296.989990234375,54622500
SPY,2020-07-17,297.9991153522291,298.6379252006533,296.01787245922196,297.8509826660156,62774900
SPY,2020-07-20,297.58251845649596,301.00802004619595,296.83261608608126,300.25811767578125,56308800
SPY,2020-07-21,302.2301082513212,302.674478119921,299.9063205508765,300.8969421386719,57292200
SPY,2020-07-22,300.5358483657845,302.9244493039815,300.4247559041797,302.6096496582031,57792900
SPY,2020-07-23,302.2485885751996,302.9522118119583,297.62881493687297,298.9989929199219,75738000
SPY,2020-07-24,297.1381165695117,298.10093663670415,295.5642315215915,297.07330322265625,73766600
SPY,2020-07-27,297.76765361995194,299.41559085189874,296.9714439891893,299.23968505859375,48293000
SPY,2020-07-28,298.508295856773,299.6285439888073,297.0455315052015,297.341796875,57495000
SPY,2020-07-29,298.22129402344734,301.56347588194586,298.1842537893127,300.99871826171875,48454200
SPY,2020-07-30,298.01764213127547,300.34142966237613,295.9253348944349,299.9248046875,61861700
SPY,2020-07-31,301.7208947786566,302.39674495391967,297.4899444109611,302.2948913574219,84986800
SPY,2020-08-03,303.9613838671238,305.1649233400349,303.41516036766865,304.3965148925781,53077900
SPY,2020-08-04,303.5354761943576,305.572265625,303.5354761943576,305.572265625,41917900
SPY,2020-08-05,306.8775903231406,307.7293461463775,306.6090980821807,307.4700927734375,42697700
SPY,2020-08-06,306.8868603048418,309.6457501911528,306.56282183906575,309.525390625,43679400
SPY,2020-08-07,308.5533496810777,310.03464842255073,307.64604749173736,309.7476501464844,57308300
SPY,2020-08-10,310.20132116602485,310.85863713625884,308.2571181202604,310.6734924316406,44282100
SPY,2020-08-11,311.8584877954249,312.4972976931631,307.37757964188273,308.10894775390625,69601100
SPY,2020-08-12,310.55310770418515,313.18239962578446,310.5253345880685,312.40472412109375,53774400
SPY,2020-08-13,311.6362868847087,313.15462590528705,310.914157613645,311.8399658203125,41816100
SPY,2020-08-14,311.45112192434925,312.386197193319,310.7197255777267,311.8492126464844,47260400
SPY,2020-08-17,312.86761686510823,313.23793448435885,311.8584893449453,312.83984375,35481000
SPY,2020-08-18,313.23792663760884,313.94154987395524,311.6362683640285,313.51568603515625,38733900
SPY,2020-08-19,313.89521533075856,314.4136655905085,311.64550849790567,312.21026611328125,68054200
SPY,2020-08-20,310.4790311302615,313.6638136676709,310.34943267122867,313.1824035644531,42207800
SPY,2020-08-21,312.8491373812447,314.5155809357857,312.50656459465205,314.29339599609375,55106600
SPY,2020-08-24,316.73745548119877,317.55217111130275,314.26556373207285,317.4781188964844,48588700
SPY,2020-08-25,318.04288788385406,318.672430675208,316.8763605178446,318.589111328125,38463400
SPY,2020-08-26,319.181653746849,322.0516366510932,318.635430282705,321.7831726074219,50790200
SPY,2020-08-27,322.65342231840225,323.9402810146321,320.8203119253996,322.48675537109375,58034100
SPY,2020-08-28,323.5143567326901,324.6993898680201,322.32005647606724,324.56976318359375,48588900
SPY,2020-08-31,324.3568301398803,325.2363307652946,323.1625299395241,323.39398193359375,66099200
SPY,2020-09-01,324.22724648767144,326.5417667355129,323.3292115013721,326.43994140625,54908700
SPY,2020-09-02,328.35633245961714,332.1336166297845,327.2083113389421,331.1615295410156,69540000
SPY,2020-09-03,329.4673439712891,329.93951517196746,317.1726127891446,319.764892578125,148011100
SPY,2020-09-04,320.45005028667015,322.023907537376,310.02543917315353,317.1541748046875,139156300
SPY,2020-09-08,311.7288847499758,317.21894908878244,308.1830516203431,308.4885559082031,114465300
SPY,2020-09-09,312.50646272438405,317.0521831566143,311.6362009897093,314.5802917480469,91462300
SPY,2020-09-10,316.45981750951194,317.1171335281563,308.1553154659223,309.1181640625,90569500
SPY,2020-09-11,310.90485227907106,311.96952583844933,306.4424508960782,309.2754211425781,84680200
SPY,2020-09-14,312.450964043728,315.12656299224113,309.423581752998,313.3489990234375,65605700
SPY,2020-09-15,315.8116907852608,316.64491252017405,313.35830468946233,314.93218994140625,52920900
SPY,2020-09-16,316.17279961874726,317.6077911735018,313.4046136065365,313.682373046875,82096000
SPY,2020-09-17,308.8125594598112,312.64541870295386,308.28484204168194,310.92340087890625,91523300
SPY,2020-09-18,311.73114938301563,311.8426865400238,304.852750491152,307.3438415527344,105877900
SPY,2020-09-21,302.74280591002497,304.0720044942166,299.0526331621716,303.92327880859375,99450800
SPY,2020-09-22,305.41057385655796,307.576330073654,302.8915692384154,307.01861572265625,63612100
SPY,2020-09-23,307.5761732411928,307.8550444577609,299.39646148581187,299.8984069824219,93112200
SPY,2020-09-24,298.5784936002621,303.76516933254953,297.258571215187,300.6977844238281,76681300
SPY,2020-09-25,299.8426991947917,306.3492990513619,298.96898188268307,305.5592346191406,71069400
SPY,2020-09-28,309.7326476540093,311.34999289202267,308.7380608935347,310.63427734375,64584600
SPY,2020-09-29,310.4298553312067,311.17345533698654,308.24549131026066,308.942626953125,51304000
SPY,2020-09-30,309.61186119180115,314.4453460617756,309.416671165214,311.2850036621094,104081100
SPY,2020-10-01,313.8875646180699,314.8635429083092,311.396474067229,313.28338623046875,88698700
SPY,2020-10-02,308.3198450119104,313.2555627207702,307.8457837333298,310.3089904785156,89431100
SPY,2020-10-05,312.372493169569,315.997592335317,312.32602881311146,315.81170654296875,45713100
SPY,2020-10-06,315.95116484965547,318.0518759506169,310.810952625502,311.3221740722656,90128900
SPY,2020-10-07,314.287340836935,317.549944798489,314.2594565452346,316.74127197265625,56999600
SPY,2020-10-08,318.6838985828623,319.6134126353913,317.7636603816266,319.54833984375,45242500
SPY,2020-10-09,321.2028963840777,322.8667345981165,320.58013781019633,322.4019775390625,59528600
SPY,2020-10-12,324.94886714686123,329.0666082622925,324.4562257534408,327.58868408203125,80388500
SPY,2020-10-13,327.4492554856305,327.62586544984794,324.4841029704284,325.4508056640625,73255500
SPY,2020-10-14,326.02708999760546,327.1239098929824,322.67155751263357,323.4058532714844,57727900
SPY,2020-10-15,319.48329800773115,323.48950169298183,318.9441922862967,323.00616455078125,60357700
SPY,2020-10-16,324.36327751636173,326.0271159294478,322.6343946657817,322.8110046386719,89501900
SPY,2020-10-19,324.07509628990033,324.7071590913862,317.00150736477167,317.90313720703125,68425600
SPY,2020-10-20,319.25089283338775,322.42984341706637,318.488712858615,319.1765441894531,60051900
SPY,2020-10-21,319.1300429085846,321.3051307249696,318.26560165924946,318.5723571777344,63575000
SPY,2020-10-22,318.7861013329984,320.90539203746897,316.6389263442525,320.3197937011719,55399300
SPY,2020-10-23,321.546892182274,321.60266077393356,318.9442633497367,321.407470703125,49143900
SPY,2020-10-26,318.01463274735374,318.80472532907606,311.96348746558857,315.4677734375,91473000
SPY,2020-10-27,315.8117699429827,316.1463814562945,314.16651156962877,314.38031005859375,65994100
SPY,2020-10-28,308.6916296323956,314.40813551388993,303.142429476248,303.63507080078125,127094300
SPY,2020-10-29,303.86742404075585,309.8999608015689,302.175701758934,306.7210388183594,90597700
SPY,2020-10-30,305.14090511981635,306.4515234799912,299.861271536879,303.5235595703125,120287300
SPY,2020-11-02,306.92559814453125,308.93332384063365,304.1742157069411,306.92559814453125,86068300
SPY,2020-11-03,310.16963593850346,314.4082189715023,307.00929292148163,312.3446960449219,93294200
SPY,2020-11-04,316.83416747960666,323.4151432960798,315.65369476603786,319.3252868652344,126959700
SPY,2020-11-05,324.62349493398403,327.365572873288,324.27027503763776,325.5530090332031,82039700
SPY,2020-11-06,325.2648392554505,326.7334873150784,323.1455483916412,325.4786376953125,74973000
SPY,2020-11-09,338.3151802584542,338.69628436700145,329.103693970947,329.5684509277344,172304200
SPY,2020-11-10,328.57398573427594,330.1448670984281,325.8040514021092,329.0852355957031,85552000
SPY,2020-11-11,331.27882870533216,332.35706849505874,330.0332831809549,331.5298156738281,58649000
SPY,2020-11-12,330.5166034949924,331.5762631602293,326.5011242351162,328.31365966796875,67546200
SPY,2020-11-13,330.2284679699451,333.6026087311802,329.7079423371588,332.8590087890625,62892200
SPY,2020-11-16,335.5360224634201,337.2091365588106,334.24398420061374,337.0139465332031,74541100
SPY,2020-11-17,334.59720697878305,336.409770903095,333.0820943880079,335.2013854980469,66111000
SPY,2020-11-18,335.47095237920496,336.01936231897963,331.1301088549771,331.16729736328125,70591300
SPY,2020-11-19,330.53525035428703,332.9333844739087,329.1874434374099,332.56158447265625,59940900
SPY,2020-11-20,332.3013295540421,332.5058238145824,330.20992258482084,330.2842712402344,70417300
SPY,2020-11-23,332.0968238948421,333.5282836694918,329.85669132516,332.2641296386719,63230600
SPY,2020-11-24,334.8202565878615,338.166512926915,333.9651195251979,337.61810302734375,62415900
SPY,2020-11-25,337.5344985443959,337.56238283594644,336.0008057760693,337.0976257324219,45330900
SPY,2020-11-27,338.1944089835005,338.5104403756147,337.02321213244505,338.0364074707031,28514100
SPY,2020-11-30,337.2555715663142,337.5251385844671,333.8535750928766,336.53985595703125,83872700
SPY,2020-12-01,339.80246932612914,341.76373042068883,339.20756669848805,340.2207336425781,74231400
SPY,2020-12-02,339.1053186103433,341.09446390376803,338.52902444464564,340.93646240234375,45927000
SPY,2020-12-03,340.83423215842737,342.23780756286345,339.7374123001427,340.8435363769531,62882000
SPY,2020-12-04,341.4291227207132,343.7807922363281,341.33616563830765,343.7807922363281,50749900
SPY,2020-12-07,343.00923751639283,343.56695157579156,341.8008806931252,343.0743103027344,48944300
SPY,2020-12-08,341.80095649302785,344.6452676235663,341.7544921304885,344.0782775878906,42458900
SPY,2020-12-09,344.73818917160975,344.89619068117054,340.1556915300474,340.99224853515625,74098300
SPY,2020-12-10,339.6165832994784,341.93106447513236,338.7428377218177,340.8807373046875,57735400
SPY,2020-12-11,339.17970394397395,340.890006557245,337.65531550527345,340.48101806640625,57698600
SPY,2020-12-14,342.656080212638,343.73429157077305,338.77999406137144,338.95660400390625,69216200
SPY,2020-12-15,341.5034246498197,343.5390625,340.12776213787265,343.5390625,63865300
SPY,2020-12-16,343.75294195055,344.9984875517349,342.8698921301285,344.0782775878906,58420500
SPY,2020-12-17,345.7234764526828,346.20681357249737,344.89619528816195,346.0023193359375,64119500
SPY,2020-12-18,346.29171920031933,346.4597381046368,342.6044762600976,344.62078857421875,136542300
SPY,2020-12-21,340.690848610834,353.2834348654009,337.9464259916311,343.3885803222656,96386700
SPY,2020-12-22,343.71528756970014,343.827300163514,341.68031614892215,342.809814453125,47949000
SPY,2020-12-23,343.7806801753628,345.0315351063921,342.79119749130325,343.117919921875,46201400
SPY,2020-12-24,343.5939480483956,344.4807619388975,343.00588190186073,344.4527587890625,26457900
SPY,2020-12-28,347.01047928251126,347.8039398547463,346.38506609890993,347.4118957519531,39000400
SPY,2020-12-29,348.94282080818664,349.12018360826625,346.1610508009633,346.7491455078125,53680500
SPY,2020-12-30,347.5705578476866,348.28000894293837,346.8517913610058,347.24383544921875,49455300
SPY,2020-12-31,347.0478117815803,349.7362280379204,346.5344112202723,349.00811767578125,78520700
SPY,2021-01-04,350.34296875558,350.47366910441684,340.55081201892335,344.2567138671875,110210800
SPY,2021-01-05,343.6126363246513,347.7199264021152,343.5659454165651,346.62774658203125,66426200
SPY,2021-01-06,345.1155577412507,351.9019495167134,344.56481007436986,348.7001037597656,107997700
SPY,2021-01-07,351.0804608432896,354.6276595774134,350.90309805783966,353.8808898925781,68766800
SPY,2021-01-08,355.2717446185085,356.1118675981628,352.0139214197947,355.8971862792969,71677200
SPY,2021-01-11,352.71396086310335,355.26233246203867,352.59260440840535,353.4980773925781,51034700
SPY,2021-01-12,353.68488655633377,354.5903313155894,351.32316391848667,353.5728454589844,52547700
SPY,2021-01-13,353.49813377625406,355.5237613452979,352.7140171217111,354.52496337890625,45303600
SPY,2021-01-14,355.27172573626217,355.77581089223776,352.9473789690196,353.2834167480469,49989100
SPY,2021-01-15,351.6592279506471,352.46200397474826,348.8401394989429,350.70709228515625,107160000
SPY,2021-01-19,353.17147053179394,354.0022782318152,351.6872464206019,353.4608459472656,51233300
SPY,2021-01-20,355.7571726966947,359.19238745633976,355.36512856654605,358.3522644042969,61836100
SPY,2021-01-21,358.91235471052175,359.34177439274544,357.7548530170023,358.6789855957031,47840100
SPY,2021-01-22,356.8212682441521,358.57620801286464,356.4385395935344,357.40936279296875,52860500
SPY,2021-01-25,358.1468656490129,359.1736667921993,353.2834336002094,358.8189697265625,70402000
SPY,2021-01-26,359.77113832425107,360.1818702142021,358.0255420356784,358.2589111328125,42665300
SPY,2021-01-27,354.9263637345536,355.01971706304266,347.2625312057877,349.50286865234375,123351100
SPY,2021-01-28,351.32319466468164,356.5226655000901,350.88448806661853,352.50872802734375,94198100
SPY,2021-01-29,350.6417872918386,351.61261084227345,343.77138533963864,345.45166015625,126765100
SPY,2021-02-01,348.8588083348095,352.237988412501,345.74100051485544,351.20184326171875,75817600
SPY,2021-02-02,354.3942778932452,357.7267951804312,351.2858142934959,356.1678771972656,64450700
SPY,2021-02-03,356.9987457492047,358.17493522490895,355.16913983278585,356.447998046875,52427100
SPY,2021-02-04,357.48403764334273,360.54583844042634,356.55990532114595,360.4991760253906,47142600
SPY,2021-02-05,362.3754830258099,362.62751135183896,360.45252427554254,361.9180603027344,48669800
SPY,2021-02-08,363.37429987972564,364.578492252833,362.51551765835177,364.5318298339844,38365200
SPY,2021-02-09,363.69174596841026,364.88662317221474,363.2810425389031,364.2891845703125,35551100
SPY,2021-02-10,366.03473180738115,366.18409143779456,361.72207574615237,364.13043212890625,59154400
SPY,2021-02-11,365.21324714349873,365.6333228604152,362.2821464660776,364.718505859375,42913300
SPY,2021-02-12,363.9157953957539,366.76288713936884,363.8411013276768,366.52020263671875,50593300
SPY,2021-02-16,367.75233294042647,367.94838348385304,365.48399225881036,366.2027587890625,50972400
SPY,2021-02-17,364.44788498672773,366.5388631006353,363.4303705960935,366.2868347167969,52290600
SPY,2021-02-18,363.67301150998657,365.47461384883314,361.9460747372213,364.72784423828125,59712800
SPY,2021-02-19,365.9881624674809,366.2775379226794,363.6357832994879,364.0838623046875,83241000
SPY,2021-02-22,361.3113588642894,363.7010560751068,361.01263959107774,361.2833557128906,67414200
SPY,2021-02-23,359.07091618625867,363.0755365887092,354.9076208014738,361.72198486328125,107284100
SPY,2021-02-24,360.62989435018375,366.1374274308675,359.64041172948737,365.7080078125,72433900
SPY,2021-02-25,364.438532027057,365.810743501983,355.4491495573829,356.8960266113281,146670500
SPY,2021-02-26,358.7816580580028,359.9298157917072,353.0687870795123,355.05706787109375,152701600
SPY,2021-03-01,359.9391348464769,364.9145796408334,355.2530939230072,363.6636962890625,105348800
SPY,2021-03-02,363.88775955697247,364.1211286457314,360.3218730437514,360.8259582519531,79595300
SPY,2021-03-03,360.12582613870484,361.0966209700066,355.9438421012048,356.0465393066406,119940200
SPY,2021-03-04,355.85983606589633,358.45489903923504,347.1411708462989,351.6405334472656,183433000
SPY,2021-03-05,355.1503648338784,359.1643297870459,347.85060223532196,358.1094970703125,152039600
SPY,2021-03-08,359.0710219126789,361.8901102789775,356.04656760662095,356.32659912109375,123149200
SPY,2021-03-09,360.1818060146198,363.97171719755994,359.6777208781766,361.41400146484375,113633600
SPY,2021-03-10,363.7663934988811,365.3626300474982,362.3475197320477,363.6636962890625,109899400
SPY,2021-03-11,366.1373834374629,369.32985611689054,365.67996072394084,367.35089111328125,86245000
SPY,2021-03-12,365.988063865654,367.98568835649854,365.17594403357333,367.8456726074219,64653600
SPY,2021-03-15,368.09778160686784,370.30080099562656,365.9507970174534,370.0394287109375,73427200
SPY,2021-03-16,370.6555290540157,371.36495183855976,368.79789140564657,369.57269287109375,73722500
SPY,2021-03-17,368.2845149341992,371.6356924466986,367.13632848230657,370.8329162597656,97959300
SPY,2021-03-18,368.237776582105,370.3287545797214,364.75589939193253,365.4373474121094,115349100
SPY,2021-03-19,365.13574666256363,366.71849082891276,362.57899949059845,364.7611389160156,113624500
SPY,2021-03-22,365.27621275157725,369.059816642026,365.22002301990005,367.6737365722656,73778600
SPY,2021-03-23,367.0369263591319,368.48854216406016,363.9931918294677,364.7798767089844,90686600
SPY,2021-03-24,366.1845923711565,367.8235259687256,362.87863031471784,362.9254455566406,97588600
SPY,2021-03-25,361.4832568768841,365.7631937982155,359.5352509423931,364.9671630859375,116128600
SPY,2021-03-26,366.1190902486819,371.25130490208966,365.519723579064,370.8486022949219,114409100
SPY,2021-03-29,369.36892521787905,371.569785365303,367.8798399047054,370.6613464355469,108107600
SPY,2021-03-30,369.3876553387291,370.3522839608412,368.0764852202729,369.677978515625,76262200
SPY,2021-03-31,370.2492932599621,372.7404767604627,370.2211983873557,371.17645263671875,112734200
SPY,2021-04-01,373.1150522840873,375.2410022566375,372.9090137092309,375.1847839355469,99682900
SPY,2021-04-05,377.8539124789563,381.1130603362482,377.77900235176537,380.5698547363281,91684800
SPY,2021-04-06,380.00789335156907,381.3939448268143,379.67072638411884,380.34503173828125,62021000
SPY,2021-04-07,380.17650659126247,381.1317607116918,379.71761420704763,380.7852478027344,55836300
SPY,2021-04-08,382.04013051081506,382.64887161223606,381.1035969453254,382.5926818847656,57863100
SPY,2021-04-09,382.471035788063,385.54286537621095,382.3492818264006,385.374267578125,61104600
SPY,2021-04-12,384.77496175316423,385.7864057981054,384.1662204292161,385.51483154296875,56704900
SPY,2021-04-13,385.4116191010296,387.28468604751833,385.02763694731135,386.6571960449219,56551000
SPY,2021-04-14,386.629184455803,387.68747208141957,384.7935864554999,385.3367919921875,61659900
SPY,2021-04-15,387.48146637214757,389.7478906331614,387.4346511167277,389.4762878417969,60229800
SPY,2021-04-16,390.7686711718235,391.38678681954315,389.34515029209115,390.7780456542969,82037300
SPY,2021-04-19,389.84150124750823,390.2910191020154,387.52826201872847,388.8581237792969,78498500
SPY,2021-04-20,387.64066789352995,388.74577080213885,384.53136914456286,386.0111083984375,81851800
SPY,2021-04-21,385.39304330026425,389.86967383854443,385.25254036198135,389.66363525390625,66793000
SPY,2021-04-22,389.49498152787896,390.3284815889521,385.0370723441207,386.1047058105469,97582800
SPY,2021-04-23,386.6666652858134,391.7052211795834,386.59175516511834,390.2910461425781,73209200
SPY,2021-04-26,390.94664023299106,391.67713539485504,390.35661941365066,391.1058349609375,52182400
SPY,2021-04-27,391.40555820957167,391.6022508827093,389.8790035659175,391.0215759277344,51303100
SPY,2021-04-28,391.2931008577655,392.41695260927986,390.44085185266897,390.90911865234375,51238900
SPY,2021-04-29,393.6438985618607,394.01850637036216,390.0101427998343,393.400390625,78544300
SPY,2021-04-30,391.12450175686104,391.97675069677933,389.9163655034895,390.8154296875,85527000
SPY,2021-05-03,392.81027372792676,393.1942559265177,391.16199405729486,391.6583557128906,68128300
SPY,2021-05-04,389.66357805634044,390.15993976728055,385.5428355491928,389.24212646484375,101591200
SPY,2021-05-05,390.8904461283248,391.12457955682845,388.8019656570056,389.3638916015625,60162200
SPY,2021-05-06,389.43881678077094,392.60430542945204,387.42527493393436,392.47320556640625,74321400
SPY,2021-05-07,393.24116839903866,395.9852054159455,392.55748847526587,395.3296203613281,67733800
SPY,2021-05-10,395.68547774679007,395.9102366829871,391.2931325239228,391.4148864746094,81852400
SPY,2021-05-11,386.882061695176,388.91432373758846,384.03499135856697,387.9216003417969,116888000
SPY,2021-05-12,385.1308094211373,386.4044816854546,378.3596596779323,379.68017578125,134811000
SPY,2021-05-13,381.2347627942497,386.1796593623134,381.1879189629342,384.24102783203125,106394000
SPY,2021-05-14,386.98512103851886,390.993484533841,386.9570261679269,390.1412353515625,82201600
SPY,2021-05-17,389.02674264587563,389.96327633452273,387.1255518204116,389.1484680175781,65129200
SPY,2021-05-18,389.41069108540063,389.6541989870204,385.63646151399263,385.7956848144531,59810200
SPY,2021-05-19,381.09426361206437,384.96212335727006,379.60515004278085,384.7841796875,106467100
SPY,2021-05-20,385.6645888163089,390.18806285746604,385.54286343600126,388.9237365722656,78022200
SPY,2021-05-21,390.41275811955995,391.65836381551816,388.1463628077777,388.6052551269531,76578700
SPY,2021-05-24,390.8529912483548,393.64387210851635,390.6094833278582,392.5668640136719,51376700
SPY,2021-05-25,393.6531832309636,394.00907059694083,391.1151849988608,391.6958312988281,57451400
SPY,2021-05-26,392.2858873840644,392.9789132133939,391.2463486400701,392.47320556640625,43088600
SPY,2021-05-27,393.5033533975978,394.0184354690083,392.3982219773763,392.67919921875,56707700
SPY,2021-05-28,394.25259179378133,394.514820085861,393.14748889006984,393.3816223144531,58520200
SPY,2021-06-01,395.75097566646684,395.89144997805744,392.5948622828804,393.0350341796875,54216600
SPY,2021-06-02,393.69066759286113,394.49610143827164,392.67922377059676,393.6531982421875,49097100
SPY,2021-06-03,391.3306351753736,393.3348025487419,389.86027032089925,392.1922302246094,58138800
SPY,2021-06-04,394.04658162329105,396.0788724688653,392.257798702454,395.7791748046875,55938800
SPY,2021-06-07,395.7697798896526,395.9477235822755,394.4586384024901,395.3951721191406,51555000
SPY,2021-06-08,396.25683324405725,396.3504923474964,393.6439243168025,395.4795227050781,47134300
SPY,2021-06-09,396.3223302537251,396.39726895606424,394.66467586891736,394.8894348144531,48436300
SPY,2021-06-10,396.11626494663284,397.68028871902106,394.79574906929327,396.7250061035156,51020100
SPY,2021-06-11,397.2775797356141,397.4929641801739,395.9851587453018,397.3805847167969,45570800
SPY,2021-06-14,397.4929857419434,398.3733296938015,396.2474085142983,398.27032470703125,42358500
SPY,2021-06-15,398.42016938215374,398.4576101510953,396.6594814967525,397.5398254394531,51508500
SPY,2021-06-16,397.6802427309171,397.9050016352852,393.269177748279,395.3201599121094,80386100
SPY,2021-06-17,394.90813826452404,396.17243576818447,392.70727857401477,395.1890869140625,90949700
SPY,2021-06-18,391.89672917997007,392.5920221743428,389.6511060005614,389.8578186035156,118676300
SPY,2021-06-21,391.62429220073597,395.62698739769405,390.80684682653913,395.4390563964844,72822000
SPY,2021-06-22,395.42969035743977,398.389417322035,394.7061817905028,397.55316162109375,57700300
SPY,2021-06-23,397.6283643449203,398.4364046264242,396.9894447724409,397.0740051269531,49445400
SPY,2021-06-24,399.2255746441919,399.84568372840573,398.97186498095675,399.4228820800781,45110300
SPY,2021-06-25,400.17462954356137,401.2927530302253,399.8457646343818,400.84173583984375,58129500
SPY,2021-06-28,401.36791246800897,401.8189009566946,400.1652287077761,401.6497802734375,53159600
SPY,2021-06-29,402.03502644822527,402.6739459356344,401.3303282468715,401.86590576171875,35970500
SPY,2021-06-30,401.405559784526,402.8807351817524,401.37737299808055,402.2042236328125,64827900
SPY,2021-07-01,402.96526015847866,404.5907744987678,402.8994814377987,404.4310302734375,53441000
SPY,2021-07-02,405.5960838218622,407.8792989685119,404.5155237085029,407.5222473144531,57697700
SPY,2021-07-06,407.57869308441616,407.79481088022624,404.0364200440292,406.780029296875,68710400
SPY,2021-07-07,407.4658322914209,408.49939521792925,405.44570351529546,408.2174987792969,63549500
SPY,2021-07-08,402.8806657894251,405.6524902342203,401.6967636141339,404.89141845703125,97595200
SPY,2021-07-09,406.4042044959093,409.5142706843359,404.6941297476529,409.2135925292969,76238600
SPY,2021-07-12,409.1289909276716,410.93303100178167,408.69678404478105,410.6793212890625,52889600
SPY,2021-07-13,409.8900906791253,411.3934527310656,409.01627170163516,409.27935791015625,52911300
SPY,2021-07-14,410.979920618338,411.46852964589937,408.64033213378474,409.8899841308594,64130400
SPY,2021-07-15,408.54642483085615,409.22293624099797,406.5826693133908,408.49005126953125,55126400
SPY,2021-07-16,409.6739748407586,409.7209432529059,404.89142630984423,405.2860412597656,75874700
SPY,2021-07-19,400.4470608294215,405.3517609265195,396.48195823234806,399.3007507324219,147987000
SPY,2021-07-20,399.96790941735486,406.3008168970858,399.1692457026754,405.02294921875,99608200
SPY,2021-07-21,406.2256517266708,408.44311713039826,404.97599944679223,408.3021545410156,64724400
SPY,2021-07-22,408.48065410397567,409.4014700806899,407.4940880872588,409.15716552734375,47878500
SPY,2021-07-23,411.0927383028575,413.7048185262917,410.4068503952386,413.3665771484375,63766600
SPY,2021-07-26,412.7746132950754,414.3907222902915,412.727644885463,414.3813171386719,43719200
SPY,2021-07-27,413.3383688913494,413.36655567137274,409.65513381425745,412.49273681640625,67397100
SPY,2021-07-28,413.1223026819993,413.70484865800637,410.8954607595387,412.3236389160156,52472400
SPY,2021-07-29,413.25383798722675,415.1142229497678,413.244432835135,414.03369140625,47435300
SPY,2021-07-30,411.4592154045569,413.4793446420124,411.32765796830415,412.0229797363281,68951200
SPY,2021-08-02,413.7423709785831,414.2967300777739,410.80142613559934,411.1584777832031,58783300
SPY,2021-08-03,411.9572078453096,414.62566180738776,409.75855272178563,414.5035095214844,58053900
SPY,2021-08-04,413.2162051367815,414.4752623999069,412.2296391891377,412.46453857421875,46732200
SPY,2021-08-05,413.62973259284104,415.1612815500288,413.3102727910731,415.07672119140625,38969700
SPY,2021-08-06,415.3961145625114,416.1853731243509,415.1142180712691,415.7625427246094,46930000
SPY,2021-08-09,415.7343099354797,416.0537696508061,414.653778524238,415.42425537109375,41222600
SPY,2021-08-10,415.87526132819306,416.65514335880624,415.18937346245787,415.9410400390625,43339300
SPY,2021-08-11,417.0122013066696,417.0685748670529,415.88467275051914,416.974609375,44034300
SPY,2021-08-12,416.8243128497932,418.36526678880125,415.9223071173895,418.22430419921875,38909400
SPY,2021-08-13,418.67532930381714,419.0041942286406,418.18674883001233,418.98541259765625,39470300
SPY,2021-08-16,417.67933383173784,420.1034831034583,416.1195983231061,419.9719543457031,73740000
SPY,2021-08-17,417.4068964866176,418.08340801553624,414.2216750155511,417.218994140625,92673900
SPY,2021-08-18,416.20414359044753,417.77328419430097,412.4081899435472,412.6524658203125,89351900
SPY,2021-08-19,409.91829046851075,414.4941554902012,409.7773565441613,413.29144287109375,92812200
SPY,2021-08-20,413.6391004134635,416.9088820154154,413.1504912643013,416.58001708984375,72008700
SPY,2021-08-23,418.2712850399687,421.15585665021996,416.65517596697146,420.24444580078125,54973000
SPY,2021-08-24,420.91162109375,421.4471987132746,420.39485378145355,420.91162109375,38744700
SPY,2021-08-25,421.09953716149374,422.31159761620455,420.72367512126783,421.7948303222656,40529700
SPY,2021-08-26,421.512902218037,421.7478016384588,419.2109051024509,419.30487060546875,57829600
SPY,2021-08-27,420.1128272264782,423.42960523567405,420.05645367073754,423.05377197265625,77235100
SPY,2021-08-30,423.73034341850786,425.70350417202803,423.4860388594857,424.91424560546875,48357400
SPY,2021-08-31,424.8202760109067,425.1585173900656,423.68337092085335,424.2846984863281,59300200
SPY,2021-09-01,425.22429623742056,425.7410634582663,424.2752934663014,424.51019287109375,48721400
SPY,2021-09-02,425.93843646863075,426.624324438472,424.6136002700282,425.8162841796875,42501000
SPY,2021-09-03,424.67938659293344,426.22971709164716,424.2753377820622,425.7129211425781,47170500
SPY,2021-09-07,425.36520128999075,425.45916678038213,423.51419295882374,424.1907043457031,51671500
SPY,2021-09-08,423.65519908257835,424.3880841041836,421.74778832170443,423.6739807128906,56181900
SPY,2021-09-09,423.47673556702387,425.23377884704286,421.6163216194602,421.8606262207031,57970400
SPY,2021-09-10,423.796146058895,424.2189478107895,418.4122410241399,418.5343933105469,89948200
SPY,2021-09-13,421.54109677619476,421.8041829670538,417.28469196190423,419.6054992675781,83738600
SPY,2021-09-14,421.0525192206334,421.259231862823,416.44849619831564,417.34112548828125,78197100
SPY,2021-09-15,417.7638377746732,421.3249203447633,416.65511960141504,420.8269348144531,78792200
SPY,2021-09-16,420.30075444473476,421.27791518501374,417.20006553546585,420.1598205566406,77786700
SPY,2021-09-17,419.38513702866646,419.80929334170304,415.7089430523476,416.067138671875,118425000
SPY,2021-09-20,409.92127316182945,411.50484731751953,404.24675595478044,409.1294860839844,166445500
SPY,2021-09-21,411.4765375298209,412.7773407564991,408.21512294709,408.74298095703125,92526100
SPY,2021-09-22,411.0240764545246,414.7756654597537,408.8560902489832,412.7301940917969,102350100
SPY,2021-09-23,414.6060020669827,419.35675292340466,414.3703501422846,417.744873046875,76396000
SPY,2021-09-24,416.10474125194315,419.1493744484677,415.8879311273014,418.4329833984375,62094800
SPY,2021-09-27,417.3961891431446,418.56501369827305,416.5384125284229,417.2359619140625,61371100
SPY,2021-09-28,414.4552199782642,414.78513845678503,408.0926174189165,408.8278503417969,130436300
SPY,2021-09-29,410.21354238310084,411.9573727856747,408.9504512241524,409.5160217285156,82329200
SPY,2021-09-30,410.9958599619211,411.7028158417851,404.1713884067889,404.5107421875,140506000
SPY,2021-10-01,406.2452022277685,411.005361074828,402.71042226229474,409.3180847167969,129240100
SPY,2021-10-04,408.1491541596147,409.0540495415791,401.89022491627236,404.0393981933594,128570000
SPY,2021-10-05,405.5475654887487,410.49625637556306,404.74637188186426,408.2434387207031,90682500
SPY,2021-10-06,404.6332078979385,410.1474688443581,403.00251494341944,409.9400939941406,113032200
SPY,2021-10-07,413.22985073007703,416.33100970659876,413.05075294528,413.4843444824219,72437500
SPY,2021-10-08,414.25724273072115,414.6437153400072,412.09866304123756,412.7301940917969,74557400
SPY,2021-10-11,412.07036853817755,414.9924580405228,409.67613702470845,409.74212646484375,65233300
SPY,2021-10-12,410.66591409252834,411.07122850437753,407.94176400011384,408.7335510253906,71181200
SPY,2021-10-13,409.761044211489,411.02413525942126,406.77299348127605,410.2040710449219,72974000
SPY,2021-10-14,413.8802418864106,417.25479409651945,413.4089379616776,417.1039733886719,70236800
SPY,2021-10-15,419.22480148892544,420.6481484124566,418.602676915053,420.280517578125,66260200
SPY,2021-10-18,418.48955173855063,421.86407472825306,417.82971482631206,421.5247497558594,62213200
SPY,2021-10-19,423.1554774596146,424.842724595289,422.54275941839205,424.7767639160156,46996800
SPY,2021-10-20,425.2387144809277,426.74689290235045,425.12560613339036,426.44525146484375,49571600
SPY,2021-10-21,425.84185072533893,427.78362019691554,425.4082592577517,427.5574035644531,41305400
SPY,2021-10-22,427.123876201105,428.5755002648435,425.1632358718283,427.11444091796875,58845100
SPY,2021-10-25,428.20786672133556,429.7348867422343,426.4263529523227,429.40496826171875,45214500
SPY,2021-10-26,430.9602960997976,432.17623944578014,429.4144055056858,429.79144287109375,56075100
SPY,2021-10-27,430.25334493703315,430.92258842537706,427.8119654031517,427.88739013671875,72438000
SPY,2021-10-28,429.3201484126634,432.0914176968122,429.31074189544364,432.0160217285156,51437900
SPY,2021-10-29,429.70668072793296,433.1849063579551,429.4144745652904,432.8927001953125,70162400
SPY,2021-11-01,433.88238758484846,434.25945374272055,431.9029340865654,433.6373291015625,48433600
SPY,2021-11-02,433.8069896668776,435.70164066708185,433.6750107589926,435.39056396484375,48908400
SPY,2021-11-03,434.82503524805827,438.4540816039358,434.38200836150526,438.04876708984375,52509800
SPY,2021-11-04,438.6519776741961,440.1978683644072,438.3032173703606,440.113037109375,52847100
SPY,2021-11-05,442.34693990521987,443.6383078504751,440.1223995429621,441.6399841308594,66390600
SPY,2021-11-08,442.7428857270056,443.24246669971006,441.3289740571507,442.0170593261719,50405200
SPY,2021-11-09,442.38469167396323,442.6203436197412,439.1421185987696,440.5560302734375,51149100
SPY,2021-11-10,438.85937477305515,440.5560862579335,435.52256350840406,437.0118713378906,69429700
SPY,2021-11-11,438.5105251295823,438.58594985547217,437.13432592618915,437.1531677246094,34848500
SPY,2021-11-12,438.4257001711479,441.00843613085505,437.47365716434865,440.4523010253906,53466700
SPY,2021-11-15,441.74375614047045,441.90398336577135,439.4720677725637,440.6031799316406,46980500
SPY,2021-11-16,440.33925603652415,443.4875628369249,440.2638600648137,442.3470153808594,48857500
SPY,2021-11-17,442.08308989588795,442.2621876920173,440.6503362929629,441.2724609375,47858300
SPY,2021-11-18,442.30919035178937,443.03501662940937,439.5756340073302,442.7710876464844,50625600
SPY,2021-11-19,442.6580506590797,443.91173518602335,441.611769772154,441.9794006347656,57315600
SPY,2021-11-22,443.8645412849062,446.3624458670388,440.5277020654347,440.7350769042969,72762000
SPY,2021-11-23,440.4053102041036,442.1774178438387,437.7942964040932,441.31964111328125,73206500
SPY,2021-11-24,439.3118141030796,442.6203768755419,438.4917498727346,442.4978332519531,61858800
SPY,2021-11-26,435.8053377166632,437.2758037551741,431.4976126635115,432.6287536621094,112669600
SPY,2021-11-29,437.43605738871565,439.78314186707206,435.23035834289095,437.9356384277344,86268800
SPY,2021-11-30,435.48479460121024,437.3982872450258,429.1693109652695,429.4143981933594,148559600
SPY,2021-12-01,435.1454704103125,438.00157083991655,424.4468663284383,424.6448059082031,131939200
SPY,2021-12-02,424.8616257685235,432.72297140039274,424.46571783383473,431.1488037109375,127637800
SPY,2021-12-03,432.81724224030523,433.8823649056814,423.1555121550906,427.3972473144531,137331600
SPY,2021-12-06,429.9517355230717,434.34429168166633,427.52922637540286,432.4590759277344,98977500
SPY,2021-12-07,437.75656130072434,441.97001998584074,432.32713030618197,441.4044494628906,95484700
SPY,2021-12-08,441.80032558687594,443.02570432644137,440.0376246848535,442.5732421875,72238800
SPY,2021-12-09,441.28182654086095,442.6768964113346,439.38720446363953,439.58514404296875,61272600
SPY,2021-12-10,442.29985686872703,443.87399574484607,439.73596256863544,443.7231750488281,77159800
SPY,2021-12-13,443.2047772409396,443.55353753495234,439.5097418956549,439.79254150390625,87724700
SPY,2021-12-14,436.5122298900504,439.0101347338108,433.83522726823674,436.7667236328125,97264100
SPY,2021-12-15,436.82327018478196,443.83624496291236,434.29705970277206,443.5911865234375,116899300
SPY,2021-12-16,445.44826063764964,445.73103152560145,438.1241782124583,439.67950439453125,116568600
SPY,2021-12-17,436.5890153307945,439.6065000272107,433.28776640816784,434.9998779296875,135511600
SPY,2021-12-20,429.9014909487797,430.77172069522163,426.74212338428225,430.37445068359375,107134800
SPY,2021-12-21,433.8081332003128,438.1593687255193,431.63252987129584,438.0174865722656,69806300
SPY,2021-12-22,437.7620345389874,442.5105393973741,437.5633706863754,442.39703369140625,58890200
SPY,2021-12-23,443.39970160734777,446.653666526917,443.2956643336112,445.149658203125,56439700
SPY,2021-12-27,446.5306708907636,451.4967473096525,446.4833864717361,451.449462890625,56808600
SPY,2021-12-28,451.88463421803556,452.9156829394374,450.31440448987655,451.0805969238281,47274600
SPY,2021-12-29,451.18460260114745,452.67914240848387,450.18193044253155,451.6575622558594,54503000
SPY,2021-12-30,452.083263571022,453.095404283241,449.9455053015741,450.40899658203125,55329000
SPY,2021-12-31,449.9170507468747,451.0710445317611,448.9995079098571,449.2738037109375,65237400
SPY,2022-01-03,450.5414027577386,452.0075951613326,448.22391752702976,451.8751525878906,72668200
SPY,2022-01-04,453.3034834561525,454.02239141771696,449.86032307936296,451.7237854003906,71178700
SPY,2022-01-05,451.3549461154086,452.1306070232727,442.9551764477384,443.0497741699219,104538900
SPY,2022-01-06,442.58622998244016,445.35776682155085,440.25924753685416,442.6335144042969,86858900
SPY,2022-01-07,442.6430618360855,443.82546126521584,439.5215100228774,440.8836364746094,85111600
SPY,2022-01-10,437.6768689948834,440.5524428650343,431.90675552654443,440.33489990234375,119362000
SPY,2022-01-11,440.07009675611505,444.44023980411635,437.0620510983953,444.34564208984375,74303100
SPY,2022-01-12,446.08614756445814,447.6090928817036,443.5794668088616,445.5469665527344,67605400
SPY,2022-01-13,446.65367438215316,447.30636106377136,438.3768798065865,439.4079284667969,91173100
SPY,2022-01-14,436.248582581367,439.9376625709824,435.0283384384738,439.5876770019531,95890900
SPY,2022-01-18,434.8770031364011,435.08510657220825,430.6865868583265,431.8027648925781,109709100
SPY,2022-01-19,433.3540312792543,434.7539734256139,427.04473658825316,427.3190612792969,109357600
SPY,2022-01-20,429.21094410901105,433.93107285742065,420.46118932552156,422.5895080566406,122379700
SPY,2022-01-21,421.46384913598195,423.8286476560766,414.265416297055,414.2937927246094,202271200
SPY,2022-01-24,408.6655937906519,416.5640272607591,398.00509159103694,416.05322265625,251783900
SPY,2022-01-25,409.6398524787366,415.93967913794035,404.0494653685355,410.9736022949219,167997300
SPY,2022-01-26,416.885580014085,420.0260392062578,405.66696143338,409.9425354003906,186391100
SPY,2022-01-27,414.5586155924304,417.7085142657729,406.22506858864034,407.9182434082031,149878300
SPY,2022-01-28,409.28035145506107,418.09632616567893,404.6831975620581,418.0490417480469,164457400
SPY,2022-01-31,417.37750906908354,425.92862939350965,416.0248511182764,425.5786437988281,152251400
SPY,2022-02-01,426.30693765567827,429.09741136310794,422.76920842520514,428.4541931152344,123155400
SPY,2022-02-02,430.8663151934965,433.3446195666415,428.54880096336996,432.61627197265625,117361000
SPY,2022-02-03,426.5623563990489,428.47310315644444,421.60571921304773,422.4476013183594,118024400
SPY,2022-02-04,422.21110476532647,428.293359216209,419.82736954460256,424.43402099609375,118454400
SPY,2022-02-07,425.20027930229384,426.6002216728821,421.7382105038977,423.07196044921875,84472900
SPY,2022-02-08,422.5705744611604,427.4798983462463,421.142226961754,426.5528869628906,81012000
SPY,2022-02-09,430.6013892288997,433.11753805625085,430.4027542567096,432.7959289550781,92589900
SPY,2022-02-10,426.9312545906798,432.95675649430774,423.0151633217596,425.0205078125,140103700
SPY,2022-02-11,425.1056385655254,427.18664391321806,415.20186134997584,416.6396484375,153214600
SPY,2022-02-14,416.1288468336951,417.7179843894402,411.7965201108774,415.2774963378906,123006300
SPY,2022-02-15,419.7328155876255,422.14489845233356,419.2125426099258,421.9746398925781,88482700
SPY,2022-02-16,419.921983869593,423.82863553178055,418.0396135389401,422.4476013183594,84863600
SPY,2022-02-17,419.2504207563761,422.4192566946621,412.81818002832114,413.4235534667969,102259100
SPY,2022-02-18,413.6789704811315,414.937059606831,408.4669735618949,410.74664306640625,132642900
SPY,2022-02-22,408.5331630880986,411.9479184294001,402.8292411204385,406.338623046875,124391800
SPY,2022-02-23,409.2614330058846,409.82899033879875,398.563088419039,399.1306457519531,132578000
SPY,2022-02-24,388.7918112514867,405.57244232576124,388.43238610030824,405.1372985839844,213942900
SPY,2022-02-25,406.3764647986721,414.1613927191471,404.7211056644664,414.0762634277344,121804500
SPY,2022-02-28,408.6655195382482,414.5018543995483,407.40745955382687,413.0167541503906,145615000
SPY,2022-03-01,411.5127903599292,413.5276033325065,404.0116274603765,406.7264404296875,137785900
SPY,2022-03-02,408.9871552603508,415.9396684351106,408.2304313077541,414.2086486816406,117726500
SPY,2022-03-03,416.64916197065094,417.25453543776126,410.3398662245235,412.1465759277344,105501700
SPY,2022-03-04,408.40067480868873,409.9330595198553,404.7399715837537,408.7979736328125,113978200
SPY,2022-03-07,408.21151760843173,408.92095717943505,396.6807574716845,396.7469787597656,137896600
SPY,2022-03-08,396.92669641529477,404.10622124075445,392.67005908949244,393.73895263671875,164772700
SPY,2022-03-09,402.1481531765051,406.2818159822058,399.9536134280835,404.2953796386719,116990800
SPY,2022-03-10,399.6697848421069,403.36833251559113,397.7022855345535,402.4697265625,93972700
SPY,2022-03-11,404.96699532473235,405.58183714067377,396.8415514153587,397.35235595703125,95636300
SPY,2022-03-14,398.12800434178155,401.5900437184911,393.3038099407346,394.4483642578125,95729200
SPY,2022-03-15,397.0685900922245,403.75624741323844,395.79162195110837,403.12249755859375,106219100
SPY,2022-03-16,406.64124148786703,412.1180931778324,401.8264870874721,412.06134033203125,144954800
SPY,2022-03-17,410.14121733245054,417.2167053222656,409.76285531991505,417.2167053222656,102676900
SPY,2022-03-18,415.5998027190798,422.1089546797308,414.85969463963477,421.7863464355469,106345500
SPY,2022-03-21,421.61556462774155,423.6271389755555,418.1427408368208,421.66302490234375,88349800
SPY,2022-03-22,423.0577952903336,427.53640601074585,423.0577952903336,426.5970458984375,74650400
SPY,2022-03-23,424.0541434470879,425.55332638564335,421.0177861842086,421.1031799316406,79426100
SPY,2022-03-24,423.13375729905124,427.4605476512933,422.01411175984157,427.4510498046875,64736900
SPY,2022-03-25,428.0868224887111,429.8137511747799,425.49642945960795,429.53857421875,77101300
SPY,2022-03-28,428.94070230876207,432.59381103515625,427.0429864983594,432.59381103515625,68529800
SPY,2022-03-29,436.49368286841064,438.43885930354094,433.79892940016117,437.9454345703125,86581500
SPY,2022-03-30,436.79729249751,437.6133254430153,433.1252166348571,435.2411804199219,79666900
SPY,2022-03-31,434.4725678233123,435.2980695823939,428.086743583502,428.5422058105469,121699900
SPY,2022-04-01,430.12684500588364,430.26916792356127,426.1701231101965,429.7568054199219,89048800
SPY,2022-04-04,429.9560313211461,433.54271341244913,429.13052949203757,433.4383239746094,59601000
SPY,2022-04-05,431.93912663814103,434.4156320427128,426.81529938704466,427.9634094238281,74214500
SPY,2022-04-06,424.0351532872962,425.97080270252854,420.7900462798935,423.6840515136719,106898000
SPY,2022-04-07,422.8016387112071,427.640820370861,420.8469935201735,425.8190002441406,78097200
SPY,2022-04-08,425.05995736438757,427.5839233445298,423.1337766107068,424.680419921875,79272700
SPY,2022-04-11,421.3973501116836,422.2418477063847,416.9187677503184,417.4216613769531,89770500
SPY,2022-04-12,420.4199783284058,422.95344185969435,414.3188285059621,415.8749694824219,84363600
SPY,2022-04-13,415.62827546421886,421.3973194587367,415.44799012468565,420.63824462890625,74070400
SPY,2022-04-14,420.86594548757074,421.98561991128474,415.29615377751963,415.4005432128906,97869500
SPY,2022-04-18,414.4706104410501,417.26025493957,413.3319693962827,415.5712890625,66002500
SPY,2022-04-19,415.4669625036937,423.000897567329,415.2961750081894,422.27978515625,77821000
SPY,2022-04-20,424.06364137177405,424.6803932967964,420.7995674484736,421.9666442871094,65224400
SPY,2022-04-21,425.6008119158231,426.9956344536789,414.74587314865204,415.6567687988281,85417300
SPY,2022-04-22,414.56557782438404,415.67572553702075,403.68217473484395,404.2514953613281,132471800
SPY,2022-04-25,402.00268452995533,406.7659413001945,397.4196841407292,406.59515380859375,119647700
SPY,2022-04-26,404.05216290337904,404.25144391924186,394.79132912131234,394.8197937011719,103996300
SPY,2022-04-27,395.9014975768421,401.2910329549323,393.7855627963593,395.9299621582031,122030000
SPY,2022-04-28,400.69328310824267,407.6673957249043,396.24313643650856,405.93096923828125,105449100
SPY,2022-04-29,401.92673399978656,404.0901289590842,390.1798679914565,390.9294738769531,145491100
SPY,2022-05-02,390.9958723325801,394.64898095046954,384.3064069254944,393.2826232910156,158312500
SPY,2022-05-03,393.78551855456294,397.5050252331432,392.21987988506135,395.08544921875,100028200
SPY,2022-05-04,395.7496753190645,407.68632497643506,392.5520285453258,407.11700439453125,144247900
SPY,2022-05-05,402.83763688449426,403.26463455087514,388.5004069530426,392.64691162109375,172929100
SPY,2022-05-06,390.07553651597715,393.5862938041911,384.9801735986201,390.3032531738281,151770800
SPY,2022-05-09,384.3823099424013,385.62531137415766,376.2221268720921,377.8067321777344,155586100
SPY,2022-05-10,383.80354518634044,385.3122258608909,374.6281049717166,378.6797180175781,132497200
SPY,2022-05-11,377.7119332720128,383.3766170241636,371.91439549274446,372.66400146484375,142361000
SPY,2022-05-12,369.4568235292296,375.5579733330181,365.4526417334001,372.2749328613281,125090800
SPY,2022-05-13,376.4214441495683,382.56055648756023,375.3776945718479,381.17523193359375,104174400
SPY,2022-05-16,379.5241795731135,383.3101131913254,377.26589321949797,379.6285400390625,78622400
SPY,2022-05-17,385.73924965956155,387.6749281280144,381.99124889833473,387.4377136230469,83029700
SPY,2022-05-18,382.86424116317255,383.14888700880624,370.5765172556166,371.81951904296875,117674500
SPY,2022-05-19,368.74516861446125,373.98288298423296,367.3123838565206,369.5422058105469,98510700
SPY,2022-05-20,373.13838281901803,376.7250646538933,361.07840657695476,369.7035217285156,131432200
SPY,2022-05-23,372.7398728634355,377.38930019728645,370.415188153358,376.6207275390625,76414900
SPY,2022-05-24,372.4836692325388,374.9412078132301,367.1700589968174,373.74566650390625,91448800
SPY,2022-05-25,372.24647980927637,379.02133983121746,371.84797566495524,377.0476989746094,91472900
SPY,2022-05-26,378.2812024273643,386.2231386417738,378.0724525251895,384.58160400390625,82168300
SPY,2022-05-27,387.04862433180637,394.1365939090982,386.8493722833649,394.0227355957031,84768700
SPY,2022-05-31,392.4002686094712,395.1614492463279,389.0602984118207,391.8119812011719,95937000
SPY,2022-06-01,393.9374053108898,394.95266140674994,386.11879536858646,388.64276123046875,86585800
SPY,2022-06-02,388.48145435599463,396.0912850769354,386.2231676872298,396.0438537597656,79609600
SPY,2022-06-03,391.30899020382157,392.86513105129364,388.56680594414985,389.54412841796875,71874300
SPY,2022-06-06,393.56730062291246,395.3036979360481,389.5536210568921,390.730224609375,57508900
SPY,2022-06-07,387.22895048242367,394.9336727076749,386.7639903779014,394.47821044921875,59272400
SPY,2022-06-08,392.76081990811025,394.5541755868327,389.39238529138436,390.1894226074219,64350000
SPY,2022-06-09,388.4055491902739,390.68280270998093,380.9095764160156,380.9095764160156,86289800
SPY,2022-06-10,374.685114343715,375.5390808951816,369.81746735644646,369.8648986816406,132893900
SPY,2022-06-13,360.423652051948,362.283405288433,354.2086158993592,355.8216857910156,170004900
SPY,2022-06-14,357.57711879105614,358.6113704659484,351.6372588485272,354.74951171875,104011800
SPY,2022-06-15,358.0610824317935,364.2666225780978,353.0890752023986,359.8070068359375,125666800
SPY,2022-06-16,351.5613492213625,351.9693511680537,345.4601709271187,347.89874267578125,134473300
SPY,2022-06-17,348.3152310787503,352.0031690489885,345.13235902285084,348.64874267578125,111113900
SPY,2022-06-21,354.3951110098947,358.81681534819097,354.3188581815829,357.4255065917969,76811900
SPY,2022-06-22,353.1848307301624,360.90378632423085,352.76552742803,356.7774963378906,90059400
SPY,2022-06-23,358.92171976005955,361.0086687260645,355.34813119603893,360.27490234375,79292100
SPY,2022-06-24,363.4577420366525,371.738939509623,363.42915449401596,371.7294006347656,98050300
SPY,2022-06-27,372.65377505140225,372.94918935666453,369.213614685377,370.30950927734375,66009600
SPY,2022-06-28,371.87232290504204,374.6644792020002,362.6286308001763,362.74298095703125,86548900
SPY,2022-06-29,363.29571627695856,364.2867703688928,360.61791010649307,362.44757080078125,65676000
SPY,2022-06-30,358.5404036392867,362.75248486298585,355.03353011810066,359.5028991699219,112508300
SPY,2022-07-01,358.84540602497094,363.74361787819856,356.2152359819502,363.30523681640625,74839700
SPY,2022-07-05,358.19742913117045,364.0104717926043,355.3576072193394,363.99139404296875,81438000
SPY,2022-07-06,364.13440966574063,367.7175375316183,361.74250721147763,365.2207946777344,70426200
SPY,2022-07-07,367.0027052771426,371.49112350460933,365.2397294426553,370.6906433105469,64525900
SPY,2022-07-08,369.05157936616473,372.2630682971359,367.5173328363373,370.3857421875,72397800
SPY,2022-07-11,367.6983874150096,368.6703928823558,365.4589331166824,366.15460205078125,58366900
SPY,2022-07-12,365.6018961252451,367.993827167092,361.16111363619996,362.91455078125,62219200
SPY,2022-07-13,357.4541561966872,363.95332954690326,357.03485281396763,361.0086669921875,84224600
SPY,2022-07-14,356.03413523610556,361.21822195982054,353.5850586433905,360.1318664550781,89704800
SPY,2022-07-15,364.5535928494989,367.1265877056468,362.63816955892236,367.0122375488281,79060400
SPY,2022-07-18,370.109409022233,370.7860002847752,362.7525805204478,363.9819030761719,63203600
SPY,2022-07-19,367.9175404264999,374.38812509860895,367.26002700439284,373.81634521484375,78506000
SPY,2022-07-20,374.00694154890255,377.6186558198573,372.6346814850552,376.19873046875,71843800
SPY,2022-07-21,375.61746830171614,380.0772992947523,373.20648868060636,380.0296630859375,64903900
SPY,2022-07-22,380.1536258389681,381.35433190410424,374.27386825078867,376.5037841796875,72197300
SPY,2022-07-25,377.1327069092067,377.8188370654713,374.7121881521154,376.961181640625,53631500
SPY,2022-07-26,375.3124867300845,375.5221383804845,371.6055000576572,372.50128173828125,52946400
SPY,2022-07-27,375.8080841930643,383.9272959190515,375.5126698687743,382.1738586425781,82342100
SPY,2022-07-28,382.9838409651642,387.66283348896036,379.41976258385523,386.9671936035156,73966600
SPY,2022-07-29,388.40609981595657,393.5997257422066,387.63420717412276,392.608642578125,87003700
SPY,2022-08-01,389.90225959583773,393.9618647731453,389.18754201289954,391.446044921875,69997500
SPY,2022-08-02,389.8736572094908,393.5711340175346,387.68186833804964,388.863525390625,63435400
SPY,2022-08-03,390.9981480641734,396.125060100099,390.71227266816476,394.95294189453125,67820600
SPY,2022-08-04,394.8766700856068,395.5628000849771,393.0374706018541,394.68609619140625,45656600
SPY,2022-08-05,390.3883404180062,394.66710773827515,390.33116532861703,394.01910400390625,56814900
SPY,2022-08-08,395.715337324213,397.9738404362048,392.4562120570023,393.5616455078125,53886100
SPY,2022-08-09,392.82787762877587,393.3329436008308,390.92196391054046,391.9988098144531,44931800
SPY,2022-08-10,399.07926069918796,400.3752971125264,397.11617195301557,400.2323303222656,68665700
SPY,2022-08-11,403.0912008165285,404.95901714510643,399.4890251570347,400.2323303222656,59489700
SPY,2022-08-12,402.17634520529884,407.1126543031395,401.2233884335798,407.0078430175781,61694500
SPY,2022-08-15,404.7874685874713,409.20920230766916,404.73029350332524,408.68505859375,54048300
SPY,2022-08-16,407.6082694278657,411.4200970664075,406.7982502382882,409.485595703125,59289000
SPY,2022-08-17,405.87386175365134,409.29497340825594,404.5683155020595,406.57904052734375,63563400
SPY,2022-08-18,406.7791382170342,408.4468126683968,405.4831308884467,407.7607116699219,49023200
SPY,2022-08-19,404.98752128373684,405.25434797830707,401.4043950292832,402.2811279296875,68016900
SPY,2022-08-22,397.4305854744403,397.6021397850265,392.99934257592776,393.9046630859375,77695600
SPY,2022-08-23,393.47583577048323,395.8773053899406,392.39898999121,392.95172119140625,49105200
SPY,2022-08-24,392.7229859826137,395.58185618674804,392.03688505227575,394.2096252441406,49177800
SPY,2022-08-25,395.70575833914074,399.8225385492928,394.609863874263,399.77490234375,50942300
SPY,2022-08-26,399.66053643101975,400.203699664141,386.1857143271262,386.2428894042969,103087000
SPY,2022-08-29,383.2792309230537,386.74797850113623,382.32627413715045,383.6889953613281,65370800
SPY,2022-08-30,384.851650106996,385.08988933213567,377.3709326212233,379.4769592285156,85652400
SPY,2022-08-31,381.115991650528,382.3643626848254,376.456048197128,376.5894470214844,76029700
SPY,2022-09-01,374.40721232996884,378.11419917142905,371.69127962474215,377.7711486816406,78740100
SPY,2022-09-02,381.44959302387997,382.669376712605,371.96766008061695,373.7878112792969,99632100
SPY,2022-09-06,374.6359138662064,375.57933179810465,370.1474954520454,372.3774108886719,76637400
SPY,2022-09-07,372.0628707187139,379.8390007408785,371.84370929408584,379.0671081542969,70964200
SPY,2022-09-08,376.78958541975953,382.0022309523516,375.5793117281485,381.5448303222656,80821700
SPY,2022-09-09,383.79380074430213,388.33942315556953,383.52697401163135,387.47222900390625,76706900
SPY,2022-09-12,389.5497103488156,392.3609447639195,389.2447571690339,391.6366882324219,69256300
SPY,2022-09-13,382.92662471653426,384.1368984857324,373.48284825864073,374.6073303222656,122947100
SPY,2022-09-14,375.9129151472498,377.56154107848636,372.72050366795696,376.03680419921875,85023700
SPY,2022-09-15,374.473911020677,377.3327815354644,370.4905584164042,371.76751708984375,87633800
SPY,2022-09-16,367.57262481623485,369.59160962495736,365.63014767599446,368.9313659667969,103084800
SPY,2022-09-19,365.7736885415829,371.7923889160156,365.6971224730672,371.7923889160156,73278500
SPY,2022-09-20,368.45285503614133,369.46713626314875,364.759345889,367.5246887207031,77274900
SPY,2022-09-21,369.457598997585,372.51959913129366,361.1041304377305,361.11370849609375,106746600
SPY,2022-09-22,360.3386469989625,361.9844671030688,357.33408575392417,358.0804443359375,89472600
SPY,2022-09-23,354.5973575655179,354.63564059434674,347.62178673365196,352.080810546875,122346900
SPY,2022-09-26,350.6072138753357,354.2433131071723,347.372984233667,348.5977783203125,92581200
SPY,2022-09-27,352.1478150517164,354.42517373959924,345.3061901306675,347.70794677734375,108294100
SPY,2022-09-28,348.6648372571205,356.2432430846765,346.96160717757476,354.5495910644531,110802200
SPY,2022-09-29,350.9899839667711,351.27703369645445,344.18664256070633,347.14337158203125,112952300
SPY,2022-09-30,346.19604000195835,350.1287964039732,341.64135226905466,341.7752990722656,153711200
SPY,2022-10-03,345.50711675915556,352.65494737821973,343.7177718900961,350.7986145019531,89756500
SPY,2022-10-04,356.3388300122603,361.6973145871633,350.7602837496474,361.6686096191406,103602800
SPY,2022-10-05,357.2862230097623,363.0944101650707,354.9514544776004,360.8266296386719,88065700
SPY,2022-10-06,359.4200436718051,362.3863509600016,356.6068393173464,357.10443115234375,82333500
SPY,2022-10-07,353.0568296246811,357.19052094050096,345.3731537119263,347.14337158203125,107789500
SPY,2022-10-10,348.2628422902701,348.5020600961187,342.24414332012117,344.4927673339844,76042800
SPY,2022-10-11,342.7896540357532,347.37307692739586,340.36877018719497,342.31121826171875,92482800
SPY,2022-10-12,342.7225540609511,344.30138562470006,340.933180473886,341.1819763183594,76991800
SPY,2022-10-13,334.14904467296265,351.6598083555464,333.09648032022864,350.18621826171875,147254500
SPY,2022-10-14,352.6549836816006,354.29125499034103,341.56484637380987,342.2059631347656,123737000
SPY,2022-10-17,348.31079674902963,352.1095776923561,341.8710411766843,350.9996032714844,93168200
SPY,2022-10-18,358.9511733483431,359.2573792050148,351.6693668016211,355.1236877441406,97162900
SPY,2022-10-19,353.07594379032565,355.8126109872074,349.7843040689634,352.6070861816406,79746900
SPY,2022-10-20,352.1574198205979,356.5973176331222,348.8849064155562,349.6504211425781,88283100
SPY,2022-10-21,349.37290619784375,358.63541501231197,347.86106212496895,358.1474304199219,131038400
SPY,2022-10-24,359.67841851526555,363.6685560552677,357.0182878867323,362.5298767089844,85436900
SPY,2022-10-25,362.4532529974914,368.6346328238059,362.3384331247722,368.3188781738281,78846300
SPY,2022-10-26,365.16123313746095,370.8641781012246,364.9028883902584,365.5439758300781,104087300
SPY,2022-10-27,366.5486781324081,368.3954326435596,362.9699597869233,363.5919494628906,81971800
SPY,2022-10-28,363.4867286085135,372.7205316401089,363.30492070912123,372.2420959472656,100302000
SPY,2022-10-31,369.77334408329176,371.6488036375308,368.64424296808414,369.5532531738281,96631300
SPY,2022-11-01,373.31386061496465,373.55307848970085,366.7592850069132,367.93621826171875,85407600
SPY,2022-11-02,367.3429092735215,371.868921318945,358.59712022761437,358.7023620605469,126990400
SPY,2022-11-03,355.44894163291053,358.0612104905511,352.88453385553953,355.0087890625,87100100
SPY,2022-11-04,360.7405825074559,362.52992767419414,354.0424815059912,360.1186218261719,103505200
SPY,2022-11-07,361.4198817033071,364.15654904195054,359.3339090978177,363.56329345703125,68286900
SPY,2022-11-08,364.6732727169054,368.51033666449064,361.4294936112006,365.52490234375,84641100
SPY,2022-11-09,363.5440735416594,364.70190873628627,357.4966404572692,357.9942321777344,78495500
SPY,2022-11-10,371.31393196232233,378.0024828489434,369.0078976049732,377.6675720214844,141455800
SPY,2022-11-11,378.52876801611916,382.1266139613815,376.6341520595696,381.3228454589844,93839900
SPY,2022-11-14,379.55263072845537,382.9208077010258,377.8015396320112,378.07904052734375,71903500
SPY,2022-11-15,383.8489311640371,384.9589054196068,377.47616455268087,381.30364990234375,93194500
SPY,2022-11-16,379.6674013983378,380.6242727188842,377.76323681489697,378.394775390625,68508500
SPY,2022-11-17,373.6199962931831,377.9163687088292,373.3138196401911,377.2369689941406,74496300
SPY,2022-11-18,380.58604058453875,380.65302859427004,376.0887622973976,378.9497985839844,92922500
SPY,2022-11-21,377.6197299856339,378.74883118944996,375.7251141679959,377.5718688964844,51243200
SPY,2022-11-22,379.52396415596064,382.8156045946471,378.1077837621158,382.6529235839844,60429000
SPY,2022-11-23,382.3179634847973,385.5521935507362,382.0883236888626,385.064208984375,68261600
SPY,2022-11-25,384.49959168124366,385.5330290650388,384.22212002199467,384.97802734375,30545400
SPY,2022-11-28,381.8777742301874,383.52359408000194,378.0694158378015,378.8349304199219,67881600
SPY,2022-11-29,378.9689080128027,380.16499726824185,376.3375116508364,378.1842956542969,52310000
SPY,2022-11-30,378.43308560274,390.09735107421875,376.5097938188314,390.09735107421875,144566700
SPY,2022-12-01,391.14030826651214,392.3172705907876,387.29369578444215,389.8102722167969,76398200
SPY,2022-12-02,384.90151055673,390.2695449532932,384.7962687221607,389.36053466796875,85342700
SPY,2022-12-05,386.52820609599246,387.46592136062503,380.99749068100294,382.3562316894531,77289800
SPY,2022-12-06,382.1936025622626,382.7389970887848,374.7491439436975,376.84466552734375,77972200
SPY,2022-12-07,375.9930088756258,378.5765730518742,375.0648425517108,376.2035217285156,65927900
SPY,2022-12-08,378.09819110581316,380.2224176484129,376.3088170014075,379.1507263183594,60737900
SPY,2022-12-09,377.9067999497378,380.4712083402084,376.19399193608393,376.3183898925781,81447700
SPY,2022-12-12,377.112582581271,381.7438659667969,376.442790105869,381.7438659667969,75405800
SPY,2022-12-13,392.52779517391076,392.78613994486886,381.85868467865026,384.63360595703125,123782500
SPY,2022-12-14,384.2891775066527,388.01142193348954,379.21776986231254,382.17449951171875,108111300
SPY,2022-12-15,377.29434783488267,378.2033872647171,371.16082840278256,372.8257751464844,117705900
SPY,2022-12-16,370.2601841754804,371.6059498118414,366.2805608411349,368.4241638183594,119858000
SPY,2022-12-19,368.6163644403792,368.95281312475913,363.62739574583253,365.29998779296875,79878100
SPY,2022-12-20,364.5406714883894,367.4244675561658,363.2141206035338,365.7999267578125,74427200
SPY,2022-12-21,368.4050104752811,372.40387855803806,367.8667041310153,371.26959228515625,78167400
SPY,2022-12-22,368.2126968828108,371.25029904353386,360.2534206059007,365.97296142578125,100120900
SPY,2022-12-23,364.94439051791056,368.2223089378742,363.3871453178878,368.078125,59857300
SPY,2022-12-27,367.9627904177246,368.30883188044186,364.9444029828394,366.6266174316406,51638200
SPY,2022-12-28,366.5593447324518,368.5395785675082,361.83955714194127,362.07025146484375,70911500
SPY,2022-12-29,364.92516683940227,369.46234043156596,364.3964532994833,368.58758544921875,66970900
SPY,2022-12-30,365.89602499627745,367.76085262399994,363.7716076364888,367.6166687011719,84022200
SPY,2023-01-03,369.481572187265,371.4617765380731,363.19488834099036,366.069091796875,74850700
SPY,2023-01-04,368.3376827734689,370.93311118520086,365.28086572711294,368.8952331542969,85934100
SPY,2023-01-05,366.9342023188302,367.04954946455626,364.08886516079207,364.6848449707031,76970500
SPY,2023-01-06,367.78975890711524,374.1725755616377,364.7137270754062,373.0478820800781,104189600
SPY,2023-01-09,375.2491501630905,378.4501802079773,372.6537513181587,372.83636474609375,73978100
SPY,2023-01-10,372.25007899347776,375.51837595033675,371.30802820697005,375.4510803222656,65358100
SPY,2023-01-11,377.03710423821616,380.2765636489995,376.2200228551562,380.19964599609375,68881100
SPY,2023-01-12,381.3051774819789,383.05465829922656,377.21979933530525,381.58392333984375,90157700
SPY,2023-01-13,378.37322978669755,383.6409740118004,378.10407668529746,383.064208984375,63903900
SPY,2023-01-17,383.0450072774721,384.7272215523522,381.6799976439543,382.36248779296875,62677300
SPY,2023-01-18,383.55450959642553,384.6215000897915,376.1239176301297,376.3257751464844,99632300
SPY,2023-01-19,374.27826453413996,375.93164211812586,372.2596307570735,373.586181640625,86958900
SPY,2023-01-20,374.98960301780386,380.69952130177495,373.3362255124201,380.54571533203125,91806400
SPY,2023-01-23,381.35320420051227,387.05350088541945,380.3919388167981,385.11175537109375,84178800
SPY,2023-01-24,383.4295175059516,385.61157923279035,382.23755789038205,384.6983947753906,59524900
SPY,2023-01-25,380.6130588238066,385.17906961727965,378.31562036458047,384.8426208496094,84800300
SPY,2023-01-26,387.51492880424684,389.2356020993196,384.5350001709371,389.0721740722656,72287400
SPY,2023-01-27,388.02434964984155,392.3500434455685,387.8128701130754,389.9660949707031,68346200
SPY,2023-01-30,387.197722229523,389.4374872178155,384.7753437893362,385.0733337402344,74202000
SPY,2023-01-31,385.5923927248843,390.78321999260135,385.24632192810753,390.73516845703125,86811800
SPY,2023-02-01,389.51434727901096,397.64667374216685,386.76514229657437,394.8878173828125,101459200
SPY,2023-02-02,398.7905270630348,402.106904238457,396.88724045408844,400.63616943359375,101654500
SPY,2023-02-03,395.647206038585,400.81881836953994,395.16657335854075,396.3777770996094,94736800
SPY,2023-02-06,393.91692329199503,395.35882127051354,392.2923825560251,393.9553527832031,60295300
SPY,2023-02-07,393.032553598725,400.3573907721146,391.7829203949697,399.1077575683594,90990700
SPY,2023-02-08,397.12757052570265,398.47333618854617,394.05150958021073,394.7436218261719,76227500
SPY,2023-02-09,398.3579719958979,398.51177797014213,390.091084227083,391.3215026855469,78694900
SPY,2023-02-10,390.13916034833926,392.6192415030363,389.3221082284389,392.2347412109375,70769700
SPY,2023-02-13,392.8883857479932,396.9737635969899,392.42696780662374,396.83917236328125,64913500
SPY,2023-02-14,395.31076019339895,398.9731788953455,392.6865245158335,396.65655517578125,88389300
SPY,2023-02-15,394.4552734406725,398.0215599573254,393.60935517208264,397.9446716308594,61555700
SPY,2023-02-16,392.9556477537095,396.9160560713669,392.3308311796985,392.46539306640625,76431500
SPY,2023-02-17,390.3314550514437,391.7253017194627,388.39930206616765,391.4849853515625,89257800
SPY,2023-02-21,387.4475718975758,388.50496954671286,383.3718165977976,383.63134765625,82655900
SPY,2023-02-22,384.04468230355275,385.592334611249,381.6415191773993,383.1026611328125,83742300
SPY,2023-02-23,386.005727465885,386.6209513962091,380.9014105944118,385.1405944824219,96242400
SPY,2023-02-24,380.1035606580243,381.86266335503956,378.39250949469886,381.0263671875,108194400
SPY,2023-02-27,384.3811893735747,385.74619914411034,381.38204603041686,382.3240966796875,80444700
SPY,2023-02-28,381.8434698821235,383.81405224104327,380.8052868100692,380.9110412597656,96438600
SPY,2023-03-01,380.0939508547448,381.32436937882426,378.1425832891619,379.44989013671875,99706800
SPY,2023-03-02,377.4697045932603,383.24691925442625,377.13325582336086,382.4010009765625,85127800
SPY,2023-03-03,384.2273344879158,388.7837518351791,383.57368114205974,388.5338134765625,90120000
SPY,2023-03-06,389.3605300454294,391.6675904235153,388.3608351727829,388.8030090332031,72795900
SPY,2023-03-07,388.75494500797566,388.9952613450141,382.22794508007405,382.8431396484375,108310600
SPY,2023-03-08,382.9585480745283,384.22739614495305,381.22825270223365,383.468017578125,74746600
SPY,2023-03-09,384.25614779204574,385.9287692148654,375.40290337271455,376.39300537109375,111945300
SPY,2023-03-10,375.84516004328316,377.9311189281999,369.4335360708871,370.9619445800781,189253000
SPY,2023-03-13,367.0207168016272,375.2683898395796,365.9056454879313,370.4331970214844,157790000
SPY,2023-03-14,375.3741210898015,378.20986562096294,372.05774388118834,376.5564880371094,149752400
SPY,2023-03-15,370.9427111182641,374.4032430136639,368.84713029743835,374.2013854980469,172996900
SPY,2023-03-16,371.8366809364042,381.1128859764341,371.327211458966,380.7668151855469,143254200
SPY,2023-03-17,379.43135317104435,380.5699682371999,374.92509838056725,376.3146057128906,140553400
SPY,2023-03-20,377.096197140022,380.34804947070256,376.39181416317825,379.93310546875,93055800
SPY,2023-03-21,383.31042205578353,385.40434206207703,381.7086278759935,384.921875,91524200
SPY,2023-03-22,384.7481478831017,388.376279731483,378.3216838515816,378.3602600097656,111746600
SPY,2023-03-23,381.2358051510508,385.28854009810937,376.66202699883297,379.3831481933594,119351300
SPY,2023-03-24,378.0997242626186,381.95946015274023,375.7452830138486,381.87261962890625,107682400
SPY,2023-03-27,384.1594864009113,384.93145120313267,381.6892579286953,382.5866394042969,74010400
SPY,2023-03-28,381.89192756672645,382.5866812409754,379.8848777563681,381.7279052734375,62871700
SPY,2023-03-29,385.9060867761969,387.5175396768628,384.69991915360174,387.27630615234375,77497900
SPY,2023-03-30,389.9201626937426,390.1710549480257,387.67187951037874,389.5438537597656,69840000
SPY,2023-03-31,390.47018399433404,395.3334594504177,390.36402594491756,395.0343322753906,112062600
SPY,2023-04-03,394.5133357511201,396.9449592242726,394.1177092132841,396.5397033691406,67391100
SPY,2023-04-04,397.18613730495184,397.47563517993467,392.95972157826725,394.339599609375,66601500
SPY,2023-04-05,393.60631719075235,394.36862346204816,391.6475019220721,393.30718994140625,65200200
SPY,2023-04-06,392.5062465882868,395.12123929027626,391.45447191725503,394.8414001464844,63743300
SPY,2023-04-10,392.3517801746106,395.32379323799756,391.73423775786677,395.24658203125,63681000
SPY,2023-04-11,395.873825281643,396.76154805541603,394.58081727814005,395.3527526855469,59297900
SPY,2023-04-12,397.4273573961428,397.7168552613543,393.1527068916333,393.7413024902344,86420400
SPY,2023-04-13,394.83167743693525,399.3282733011196,393.68340364910426,398.97125244140625,85814800
SPY,2023-04-14,398.33437583355425,400.53442403011854,395.6808075090933,397.99664306640625,78161500
SPY,2023-04-17,397.90982075343015,399.444062248447,396.67470643651706,399.4247741699219,66436400
SPY,2023-04-18,401.0072575989454,401.14236249332856,398.30545418576855,399.685302734375,63560000
SPY,2023-04-19,397.76511153607095,400.52480875839643,397.70721784941026,399.6177978515625,55227300
SPY,2023-04-20,396.7905539322404,399.193259931611,395.8835134974897,397.43707275390625,75840400
SPY,2023-04-21,397.7361298114724,398.2089380268862,395.7869738207864,397.74578857421875,73457400
SPY,2023-04-24,397.54313369577346,398.58527886560444,396.2018908008796,398.16070556640625,64332100
SPY,2023-04-25,396.18256529157753,396.7422434689911,391.7824688680539,391.8403625488281,97766700
SPY,2023-04-26,392.4579541121772,393.5386754708215,389.6210458220118,390.1806945800781,80447000
SPY,2023-04-27,392.7281891742036,398.2186667054327,392.4772968783276,397.948486328125,92968400
SPY,2023-04-28,397.0607219935082,401.354690502432,397.00282830350733,401.34503173828125,89433100
SPY,2023-05-01,400.90106114940653,402.9756630028084,400.70806260364856,400.9396667480469,62122300
SPY,2023-05-02,400.2256551428924,400.2739195102237,393.5193816694739,396.4334716796875,103998500
SPY,2023-05-03,396.9352479486394,399.3572417840884,393.4711383189741,393.7123718261719,91531800
SPY,2023-05-04,392.6606060841038,392.98868012756435,389.5824641073576,390.9237365722656,94901900
SPY,2023-05-05,394.57115004883383,399.2124800515957,394.31062848009987,398.16070556640625,87891800
SPY,2023-05-08,398.4888521911285,398.74937380733377,396.8581111419347,398.26690673828125,50046800
SPY,2023-05-09,396.71335381997807,397.63968229335507,396.2887804681279,396.5203552246094,49220100
SPY,2023-05-10,399.3668972208996,400.0037572082906,394.5325683537426,398.3730163574219,96142900
SPY,2023-05-11,397.50460262588405,397.96775213394324,395.59402256278725,397.67828369140625,70157100
SPY,2023-05-12,398.923041820046,399.1353284857044,394.72557287711214,397.1571960449219,70481500
SPY,2023-05-15,397.76512913138123,398.9326911272858,395.84491972814425,398.5274353027344,54289400
SPY,2023-05-16,397.4176958365766,398.3440536617969,395.8545074967587,395.8641662597656,57705500
SPY,2023-05-17,397.89057133669587,401.2774699124527,396.240542315304,400.6695861816406,87287000
SPY,2023-05-18,400.3511463104752,404.95390074612783,400.1292303171092,404.5293273925781,97177200
SPY,2023-05-19,405.43636985479037,405.9670718257059,402.715248651571,403.9407043457031,103793300
SPY,2023-05-22,403.96000211108804,405.6486366872359,402.7152289496702,404.104736328125,60745400
SPY,2023-05-23,402.45466229795704,404.0371682026997,399.1738925667831,399.56951904296875,86383500
SPY,2023-05-24,397.9581224571478,398.3440901959979,395.5071816719006,396.67474365234375,89213700
SPY,2023-05-25,400.1967648529363,401.56698425113296,397.948481325118,400.10992431640625,90961600
SPY,2023-05-26,400.7660523374588,406.015296007875,400.6888705691221,405.2915954589844,93830000
SPY,2023-05-30,407.23108712480087,407.76178903576425,404.0564460796768,405.4459533691406,72216000
SPY,2023-05-31,403.6126074392259,404.5196477889496,401.6248456806696,403.19769287109375,110811800
SPY,2023-06-01,403.4292584266687,408.0899062054044,402.17485598730195,407.0284729003906,88865000
SPY,2023-06-02,409.61446369986544,413.70577424390825,409.08376180385045,412.91455078125,91426200
SPY,2023-06-05,413.26193659754,414.5549446371605,411.41890910486813,412.1233215332031,65460200
SPY,2023-06-06,411.70839483792156,413.5513928288073,411.05221735044984,413.02069091796875,64022200
SPY,2023-06-07,413.416360399151,414.55497554838854,411.16804749778333,411.5926208496094,85373300
SPY,2023-06-08,411.6601290941159,414.53564295041497,410.88819369048633,414.0821228027344,61952800
SPY,2023-06-09,414.88299744160406,416.84181220366423,413.83122295827593,414.8251037597656,85742800
SPY,2023-06-12,415.80939357946767,418.6655901207844,415.08569304232174,418.58837890625,76104300
SPY,2023-06-13,420.05513631910844,421.9946339135943,419.38932940762055,421.34814453125,95899700
SPY,2023-06-14,421.68586172628517,423.6639648582249,418.38577413752927,421.8498840332031,100612100
SPY,2023-06-15,421.029618225165,428.3341753075594,420.93314838794436,427.07977294921875,110303100
SPY,2023-06-16,429.072983957888,429.6444062311506,425.1504965071728,425.62506103515625,114165800
SPY,2023-06-20,423.6783584670495,424.56937878552253,421.3345310858184,423.4168395996094,76160400
SPY,2023-06-21,422.4289996662733,423.2328569537705,420.6565943972341,421.2474060058594,76982300
SPY,2023-06-22,420.2885397836048,422.874467164617,419.9495524578209,422.7679443359375,70637200
SPY,2023-06-23,419.3006239174076,421.3635726421897,418.85511377171673,419.5718078613281,92074500
SPY,2023-06-26,419.00041906375236,420.92776119205604,417.6154448665978,417.8575744628906,72823600
SPY,2023-06-27,418.7389427456429,423.05852660175333,418.2837379082009,422.4386901855469,72813700
SPY,2023-06-28,421.35392323417744,423.6686964256791,420.73408682017543,422.6517639160156,75636000
SPY,2023-06-29,422.23525734843753,424.48222704472147,421.8284961877175,424.31756591796875,67882300
SPY,2023-06-30,427.542758817571,430.3127072151387,427.2231311982605,429.3248291015625,104964000
SPY,2023-07-03,428.9761803468744,430.09963567460966,428.6953017365227,429.81878662109375,32793400
SPY,2023-07-05,427.9980022271676,429.9156794454101,427.9883075842431,429.1795959472656,58418400
SPY,2023-07-06,425.5863516723805,426.2449370649579,423.3006329683059,425.81878662109375,80658300
SPY,2023-07-07,424.8211808760998,428.7049486644266,424.5015532896236,424.7436828613281,86134200
SPY,2023-07-10,424.3853688047475,425.9931128326287,423.8139465179375,425.81878662109375,62443500
SPY,2023-07-11,426.5839377782571,429.02459348677553,425.60572474369303,428.5306396484375,64463800
SPY,2023-07-12,432.33695330463644,433.3926348395561,430.90353539722554,431.97857666015625,91924500
SPY,2023-07-13,433.7993604938544,436.20129662814134,433.3635449730267,435.4071044921875,72425200
SPY,2023-07-14,436.29818974063414,437.15046112494997,434.3708179806255,435.1359558105469,69815800
SPY,2023-07-17,434.99063152335657,437.70247095755104,434.9421878739544,436.64678955078125,52680200
SPY,2023-07-18,436.3175222997564,440.5402481729128,435.88167721390397,439.891357421875,80668200
SPY,2023-07-19,440.6855775235812,442.0608571337114,439.8138872965887,440.8695983886719,65891700
SPY,2023-07-20,439.87201281954555,440.7727278339868,437.2279469585864,437.94464111328125,70591600
SPY,2023-07-21,439.6686026755085,439.87201281954555,437.93497602797174,437.94464111328125,71275600
SPY,2023-07-24,439.09717520084894,440.7146139077843,438.0608534359134,439.90106201171875,54023400
SPY,2023-07-25,439.6298829434647,442.36108235466685,439.5814392896044,441.1020202636719,55191200
SPY,2023-07-26,440.16253245222157,442.60318803571505,439.10685100534744,441.1697998046875,71052900
SPY,2023-07-27,444.5692968966643,444.9760876219577,437.33446340359325,438.244873046875,92194400
SPY,2023-07-28,441.5281635177411,443.3683425271831,438.2448720243851,442.5354309082031,80011800
SPY,2023-07-31,443.0099795402013,443.7363682986347,441.69277922202156,443.3780212402344,62040400
SPY,2023-08-01,441.9058733052999,442.85503196396667,441.15043014655225,442.1092834472656,55291500
SPY,2023-08-02,438.9809399885829,439.2424293013425,435.2037243534402,435.95916748046875,93933400
SPY,2023-08-03,433.93497496555943,436.598400459704,433.2860546583424,434.70977783203125,64276100
SPY,2023-08-04,436.53059316769526,438.6419560832141,432.2206746748888,432.7436828613281,100128900
SPY,2023-08-07,434.58389819083175,436.67590155483515,433.88656373616396,436.52093505859375,58357500
SPY,2023-08-08,433.9736383703426,436.5111809775026,431.25210449054714,434.62255859375,71361300
SPY,2023-08-09,434.89384140631273,435.0585025489514,430.9519641941149,431.71710205078125,78789600
SPY,2023-08-10,434.0802298731548,437.47973864760297,430.7001103815545,431.87200927734375,93005500
SPY,2023-08-11,429.9931049607352,432.6371707700478,429.39262829617013,431.6202087402344,68690900
SPY,2023-08-14,430.70015528143995,434.0027770996094,430.390222291899,434.0027770996094,47867400
SPY,2023-08-15,432.2207417853577,432.5791184592888,428.3757221453556,428.9471740722656,75707500
SPY,2023-08-16,428.5306071554129,430.19645984639186,425.6928555743393,425.7994079589844,80107200
SPY,2023-08-17,427.27155014496947,427.53303945369214,422.0318624311896,422.55487060546875,95711300
SPY,2023-08-18,419.72674242637515,423.79453083274956,419.3780900493418,422.7582092285156,98852000
SPY,2023-08-21,423.77519396809026,426.2545985897725,421.6154169550539,425.50885009765625,68719000
SPY,2023-08-22,427.29093275792906,427.29093275792906,423.79459558552884,424.3563232421875,64994200
SPY,2023-08-23,425.4216740348195,429.70253803409815,425.27640219751186,429.0826721191406,68441000
SPY,2023-08-24,430.6904174605944,431.2037309919438,423.1069024037369,423.135986328125,88517300
SPY,2023-08-25,424.8695911823325,427.4071043420946,421.3054510122365,426.1189880371094,102325100
SPY,2023-08-28,428.31757952912716,429.44106445082383,426.1190533411667,428.82122802734375,61595400
SPY,2023-08-29,428.71465031235795,435.30059295851436,428.53062945762133,435.01971435546875,83081900
SPY,2023-08-30,435.35868490424787,437.450688048326,434.651655881381,436.81146240234375,69053900
SPY,2023-08-31,437.43130323274573,438.5741477826128,435.9882203614193,436.1722412109375,66084600
SPY,2023-09-01,438.9034863550366,439.38774554402755,435.523337117232,436.9858093261719,58944100
SPY,2023-09-05,436.5402497697778,436.8598477933536,435.02936363557404,435.0971374511719,55166200
SPY,2023-09-06,434.2836346985003,434.39018708961373,429.838138891174,432.1722717285156,70758500
SPY,2023-09-07,429.1601255075583,431.52331250087747,428.81147311026496,430.8453674316406,70355400
SPY,2023-09-08,430.8938775032884,433.0342951261066,430.53553038508346,431.4943542480469,61659700
SPY,2023-09-11,434.1286821383693,434.6419957128025,432.41441519511204,434.33209228515625,60180100
SPY,2023-09-12,432.87926173035714,434.40950762423,431.3683755618332,431.949462890625,67565400
SPY,2023-09-13,432.1723074064896,433.61539045037244,431.06818217735463,432.45318603515625,60199300
SPY,2023-09-14,434.9325478772583,436.87924968605284,433.6250421773107,436.1819152832031,83430800
SPY,2023-09-15,434.5908481408062,434.9213023430874,430.48928297200206,430.9266357421875,111848900
SPY,2023-09-18,430.61567408318183,432.4818018322225,430.13943555280594,431.1794128417969,55752200
SPY,2023-09-19,430.256090945124,430.84898659799615,427.59299907972445,430.2852478027344,66514600
SPY,2023-09-20,431.54872168026867,431.9666464690887,426.1253096194747,426.3294372558594,82562600
SPY,2023-09-21,423.47193386836017,423.7343455427682,419.12738484772433,419.28289794921875,104095800
SPY,2023-09-22,420.31317519118926,421.91686152279107,417.9221944600517,418.34014892578125,100829700
SPY,2023-09-25,417.1252472895092,420.1382212681615,416.6878647901077,420.099365234375,70874500
SPY,2023-09-26,417.04745332495224,417.7569763279254,413.09167201085535,413.92755126953125,96168400
SPY,2023-09-27,415.1035938461481,415.66733259102807,410.4383190788538,414.0927734375,104705800
SPY,2023-09-28,413.53877864718345,418.1748963964089,412.94588306815257,416.4934387207031,92258300
SPY,2023-09-29,419.55504406068815,419.72998517929483,413.9566909765415,415.4826354980469,115111300
SPY,2023-10-02,414.64680648403083,416.57124800501185,412.5474238232593,415.31744384765625,83798600
SPY,2023-10-03,413.13054906663035,415.37571578475433,408.3875031242602,409.7579345703125,103760600
SPY,2023-10-04,410.22451380445284,413.49020038088855,408.7568828162418,412.7418212890625,87453000
SPY,2023-10-05,412.45018810032917,413.4318516223271,409.34974374781166,412.5862731933594,70142700
SPY,2023-10-06,410.12728008196234,419.0302053529861,408.795734309722,417.4848327636719,113273300
SPY,2023-10-09,415.57978989546524,420.7310611548999,415.02580970699125,420.1576232910156,80374400
SPY,2023-10-10,420.78938108166943,424.94926011159197,420.39088432404174,422.344482421875,78607300
SPY,2023-10-11,423.41364596754795,424.3272372952325,421.0226652550823,424.0745544433594,62451700
SPY,2023-10-12,424.6869009279122,425.0659400566885,419.1274329708011,421.4892272949219,81154200
SPY,2023-10-13,422.9957010478843,424.2009202698343,417.8153020428582,419.38983154296875,95143100
SPY,2023-10-16,421.64473290593867,424.8715633375277,421.4017492227363,423.80242919921875,75433200
SPY,2023-10-17,420.66305688946227,425.84348547229143,420.313174633327,423.782958984375,75324700
SPY,2023-10-18,422.0043276099341,422.9665334664685,417.04745473303933,418.1360168457031,93559800
SPY,2023-10-19,418.85526089082725,420.6727739909263,413.78176069076767,414.46209716796875,121323000
SPY,2023-10-20,414.02474657512494,414.56902762423476,409.2622429037748,409.3691711425781,123919900
SPY,2023-10-23,407.8334870607581,412.5376769009492,406.07428770501764,408.6596374511719,92035100
SPY,2023-10-24,410.78815502983304,412.8972661743781,408.93175637423457,411.74066162109375,78564200
SPY,2023-10-25,410.0495521205634,410.0787089756388,405.31620513197595,405.8313293457031,94223200
SPY,2023-10-26,404.76218742791497,405.61746498467414,400.04829855300767,400.97161865234375,115156800
SPY,2023-10-27,402.56558309414174,402.9640798283335,397.72533824344663,399.1540832519531,107367700
SPY,2023-10-30,401.95333471869225,404.9857664071122,400.650945706927,403.9263610839844,86562700
SPY,2023-10-31,404.4997467967024,406.7837991071731,402.58503439104294,406.46307373046875,79665200
SPY,2023-11-01,407.43496639746087,411.6142730074818,406.9003846098893,410.7978515625,98068100
SPY,2023-11-02,414.6079139684955,418.82613689913995,414.58848595142564,418.6706237792969,94938900
SPY,2023-11-03,420.98377808691504,424.0453662261893,420.8574218397773,422.4902648925781,100167800
SPY,2023-11-06,423.2483314198519,423.90923978230023,421.50856030417987,423.462158203125,67831700
SPY,2023-11-07,423.46222990258883,425.30889989202655,422.31535408043305,424.66741943359375,64256100
SPY,2023-11-08,425.2699926017036,425.7948456157836,422.66521486841896,424.9784240722656,61746000
SPY,2023-11-09,426.1253308443145,426.1642165380997,421.23650040437826,421.6641540527344,83174400
SPY,2023-11-10,423.74407761206675,428.5551363127825,421.6543943944366,428.2441101074219,89462200
SPY,2023-11-13,426.9028884941221,428.943927633025,426.1156237608668,427.8359375,52236100
SPY,2023-11-14,433.79389484093616,437.4289210638544,433.57033918584983,436.1362609863281,97176900
SPY,2023-11-15,437.47749509718125,438.71187109713105,436.20426306686005,437.0595703125,77327600
SPY,2023-11-16,436.6124832436495,437.9148721110953,435.54334919989805,437.5941467285156,66665800
SPY,2023-11-17,437.60390684266815,438.75081242808767,436.68058659624296,438.13848876953125,83133200
SPY,2023-11-20,437.8857204098918,442.35662577021293,437.8759915717595,441.51104736328125,69936200
SPY,2023-11-21,440.46129653882275,441.38464623474823,439.2755351898342,440.54876708984375,49244600
SPY,2023-11-22,442.2108998239053,443.57160259273735,441.1514944659898,442.249755859375,59394900
SPY,2023-11-24,442.29829408913685,442.71621885655264,441.96783987808084,442.5218200683594,29737400
SPY,2023-11-27,441.89003526060276,442.70645671964223,441.3360254509047,441.7248229980469,50506000
SPY,2023-11-28,441.3360810451993,443.4646203412509,440.7723719885752,442.1622314453125,62115000
SPY,2023-11-29,444.3199186012006,445.4570951907533,441.45272918496346,441.8511962890625,63146000
SPY,2023-11-30,442.69680962338475,443.9408848017652,440.6168552136203,443.5909729003906,79752700
SPY,2023-12-01,442.978681217379,446.7497927155819,442.3858152693998,446.2152404785156,89183400
SPY,2023-12-04,442.81348894283775,446.23468866913964,441.588841636113,443.8728942871094,72430900
SPY,2023-12-05,442.48301142132226,444.7476062747075,442.1039426420814,443.785400390625,69793500
SPY,2023-12-06,445.93336352008924,445.96252037504996,441.5596573094173,441.9970397949219,69124700
SPY,2023-12-07,444.0866376096692,446.02077795454375,443.4840429089197,445.3695983886719,66995400
SPY,2023-12-08,444.6212415335857,447.818915015908,444.37825785750545,447.28436279296875,83194400
SPY,2023-12-11,446.78864054401777,449.1990491481444,446.5748137350945,449.0240783691406,65002200
SPY,2023-12-12,448.67421029484495,451.17208953676845,447.6731187626275,451.07489013671875,68327600
SPY,2023-12-13,451.4538906419632,457.54793953708713,451.0942795875064,457.29522705078125,93278000
SPY,2023-12-14,459.2391168995005,460.4346071833905,456.0803293229431,458.76287841796875,119026000
SPY,2023-12-15,458.1636814623305,459.3445120086127,456.15338074265475,458.0075378417969,141553700
SPY,2023-12-18,459.61775529658735,461.56950587867277,458.5540548031128,460.5838623046875,70375300
SPY,2023-12-19,461.1303435293572,463.4626997368389,461.0522866109777,463.3846130371094,55761800
SPY,2023-12-20,462.52581937540066,464.4190197192671,456.5339609015259,456.9633483886719,102921000
SPY,2023-12-21,459.95932090479425,461.569539075906,457.5294007853641,461.2962951660156,86667500
SPY,2023-12-22,462.4282225788341,463.91157198973565,460.320358287861,462.2232971191406,67160400
SPY,2023-12-26,462.6332094792943,465.0826362249441,462.5551227779302,464.1750793457031,55387000
SPY,2023-12-27,463.9701191064298,465.16068807154204,463.4333996455085,465.0143127441406,68000300
SPY,2023-12-28,465.3753906024884,466.02921033768064,464.77035271690187,465.1899719238281,77158100
SPY,2023-12-29,464.9948179571429,465.52179896448314,461.88177332887085,463.8432922363281,122283100
SPY,2024-01-02,460.7692671751978,462.2428483505155,459.13954238423355,461.2474365234375,123623700
SPY,2024-01-03,459.08101082809003,459.82268558708614,456.8755528985423,457.4805908203125,103585900
SPY,2024-01-04,457.00240114962037,459.59823307859364,455.78255699773547,456.00701904296875,84232200
SPY,2024-01-05,456.21191228687286,459.09075619444957,455.1774869016725,456.6315612792969,86118900
SPY,2024-01-08,457.1292875871387,463.2968270078377,457.00241902536396,463.15045166015625,74879100
SPY,2024-01-09,460.4862655726299,463.4724415596584,459.97882114615163,462.4477844238281,65931400
SPY,2024-01-10,462.7210460536215,465.9316842003945,462.4380338715852,465.0631408691406,67310600
SPY,2024-01-11,466.0682912006048,466.5855039297226,460.8668888410367,464.85821533203125,77940700
SPY,2024-01-12,466.31222516082903,467.053899879707,463.76520505733885,465.1802062988281,58026400
SPY,2024-01-16,463.79446761024036,465.1118753350676,461.6475302089655,463.472412109375,85014900
SPY,2024-01-17,460.437486104456,461.3840863262476,458.53451737794865,460.8961486816406,68843900
SPY,2024-01-18,462.5746603285912,465.5510680800572,461.02302217587135,464.99481201171875,91856200
SPY,2024-01-19,466.12682126184484,471.07451607606174,465.04361399672933,470.79150390625,110834500
SPY,2024-01-22,472.333383502758,473.5141842020312,471.13304623866037,471.7868957519531,75844900
SPY,2024-01-23,472.3334326185078,473.4068716669151,471.2404570032446,473.16290283203125,49945300
SPY,2024-01-24,476.04168556789347,476.9785174341802,473.18237833954385,473.6800842285156,81765000
SPY,2024-01-25,475.8172224162091,476.52962204173497,473.68008310232767,476.2563781738281,72525000
SPY,2024-01-26,475.8270175879346,477.3201055543282,474.8023604707163,475.6513671875,76641600
SPY,2024-01-29,475.963636023537,479.5646180000114,475.4171482779632,479.418212890625,61322800
SPY,2024-01-30,478.72536880060346,479.7597942015554,478.2862130177268,479.04742431640625,58618400
SPY,2024-01-31,476.83210457548194,477.28099879963054,471.21105425751534,471.2305908203125,126011100
SPY,2024-02-01,472.9384664663924,477.4274989456315,472.128473264039,477.3982238769531,91891600
SPY,2024-02-02,477.8373546982843,484.08295092354996,477.49579237271115,482.4239807128906,99228200
SPY,2024-02-05,481.78966938702735,482.453257473618,478.4033807510974,480.6673889160156,75757100
SPY,2024-02-06,481.6139421538367,482.3946602218278,480.1794043465866,482.0628662109375,55918600
SPY,2024-02-07,484.3171641716027,486.5031153279947,483.40957750278733,486.08349609375,70556500
SPY,2024-02-08,486.0835240024401,486.67879367849736,485.2637922717278,486.2982177734375,52343600
SPY,2024-02-09,486.8055920858739,489.5477990767194,486.4640298019624,489.1086730957031,63979400
SPY,2024-02-12,489.0794311383801,491.3532074553824,488.171844486811,488.8940124511719,56502300
SPY,2024-02-13,482.59955613831715,485.0977942402364,478.88147404986125,482.160400390625,113099200
SPY,2024-02-14,484.80505756219736,487.03005186648363,482.4727014977024,486.5421142578125,68387800
SPY,2024-02-15,487.2447879089923,490.08458861177627,486.7665887596598,489.899169921875,61683000
SPY,2024-02-16,489.59661125940903,490.7383685926888,486.7177674392092,487.4594421386719,75532900
SPY,2024-02-20,485.7126498093255,486.3860061409344,482.5215483370468,484.77581787109375,71736700
SPY,2024-02-21,483.4681400096849,485.3710789199038,481.6529965187708,485.2149353027344,59293400
SPY,2024-02-22,491.8508882985767,496.2227903053238,490.8847515615135,495.2566833496094,76402500
SPY,2024-02-23,496.98399282076,497.8232610473495,494.8663601420095,495.5982666015625,61321800
SPY,2024-02-26,496.0374116894735,496.47656749463823,493.65627353362504,493.78314208984375,50386700
SPY,2024-02-27,494.47603770664597,494.9249320161117,492.5730689156793,494.7004699707031,48854500
SPY,2024-02-28,493.13904421133424,494.63213220475586,492.7779751212326,494.046630859375,56506600
SPY,2024-02-29,495.8129543697353,497.4426493891131,493.15857245054144,495.82269287109375,83924800
SPY,2024-03-01,496.70099741172936,500.90698759184596,496.29111670133034,500.47760009765625,76844800
SPY,2024-03-04,499.6774721331723,501.79510491460894,499.64816728327304,499.94091796875,49799300
SPY,2024-03-05,497.93063422732985,498.37955833556765,492.7292316615837,494.9444580078125,72855600
SPY,2024-03-06,498.2331419712469,499.71649154527415,496.1545525173592,497.45245361328125,68382400
SPY,2024-03-07,500.76062488372975,503.44428173979026,497.51094372229056,502.39031982421875,58652100
SPY,2024-03-08,503.02473305199794,505.7180990051288,498.7991760778728,499.37493896484375,86532500
SPY,2024-03-11,498.1648073196095,499.53102671053773,496.2325636072866,498.94549560546875,62557200
SPY,2024-03-12,501.0631847838215,504.89836756595776,498.5356415487977,504.3128662109375,73114400
SPY,2024-03-13,504.63485097974683,504.8105013823562,502.07806251504394,503.5223388671875,55104100
SPY,2024-03-14,504.4982357008347,504.6544091071824,499.4725135393552,502.5270080566406,110171800
SPY,2024-03-15,499.44834457853835,500.90693694327877,497.4024316630392,499.07635498046875,107646300
SPY,2024-03-18,503.15835758943143,504.6071212896662,501.6312645749848,502.0423889160156,88893300
SPY,2024-03-19,501.3474589189953,505.11622858588777,500.3391555977347,504.8323669433594,60755300
SPY,2024-03-20,504.89106308633967,509.63873983527566,504.21561462485215,509.5016784667969,69594600
SPY,2024-03-21,512.3503575161087,513.0551421639301,510.90153393819924,511.1854553222656,60256100
SPY,2024-03-22,511.0972281974307,511.58668180159157,509.9812596404828,510.21624755859375,79070800
SPY,2024-03-25,508.8360683316894,509.9618357712417,508.65007353074856,508.8067321777344,48512100
SPY,2024-03-26,510.23588252659715,510.5785359636074,507.465617616324,507.866943359375,65463700
SPY,2024-03-27,510.7057822180554,512.174143263585,508.53257680183424,512.1349487304688,82999800
SPY,2024-03-28,512.1741707527357,513.5446052867917,511.75324773349064,512.037109375,96294900
SPY,2024-04-01,512.7810279269447,513.3194149926431,509.9813076393445,511.1462097167969,62477500
SPY,2024-04-02,507.3089210276351,508.03330288632185,505.58603458115783,507.89630126953125,74230300
SPY,2024-04-03,506.79983745759114,509.96174853268013,506.75090404419194,508.4541931152344,59155800
SPY,2024-04-04,512.4775792833494,512.8201729462434,501.9445269605556,502.24798583984375,96858100
SPY,2024-04-05,503.6087005524252,509.4625474298725,503.1681802920817,507.49493408203125,74546500
SPY,2024-04-08,508.19982188899013,509.20806548436997,506.96638895369995,507.7788391113281,48401800
SPY,2024-04-09,509.5213145288516,509.76604138501335,503.5010099681644,508.3662109375,68049200
SPY,2024-04-10,502.64936381684595,505.27282853748704,501.28872790887357,503.27587890625,82652800
SPY,2024-04-11,504.80290253405747,508.52273827469025,501.2788602003547,507.073974609375,70099000
SPY,2024-04-12,503.52057224224995,504.93999985889445,498.3421439610696,500.0748291015625,92561100
SPY,2024-04-15,504.26456872904316,504.43096625601453,492.95817044710765,493.8098449707031,92101400
SPY,2024-04-16,494.2895037381496,495.81659688850766,491.6170757880816,492.90924072265625,73484000
SPY,2024-04-17,495.37608674425394,495.54251414976056,488.59226550978076,489.9920959472656,75910300
SPY,2024-04-18,491.39192878796825,493.49657364344756,488.0440524623093,488.9837951660156,74548100
SPY,2024-04-19,488.9055122549044,489.90398704424035,483.44319225577453,484.7157897949219,102212600
SPY,2024-04-22,487.3294162619137,491.7834624766207,484.9800446769296,489.1795654296875,67961000
SPY,2024-04-23,491.1961606780303,495.4152492396772,488.9936189979829,494.9845275878906,64633600
SPY,2024-04-24,495.87527965691265,496.6681921802562,492.51763478656846,494.7495422363281,55928100
SPY,2024-04-25,488.6509678289955,493.6336026966789,486.99661200395565,492.87005615234375,69122400
SPY,2024-04-26,495.6697730082035,499.1253149704082,495.03348916650594,497.53948974609375,64306100
SPY,2024-04-29,499.33084917999474,499.976931619229,496.55075587636594,499.3014831542969,46415400
SPY,2024-04-30,497.83313467029427,498.8120420500729,491.3919372558594,491.3919372558594,77483600
SPY,2024-05-01,490.80459911500014,497.47095614792755,489.3264393749632,489.79632568359375,80242800
SPY,2024-05-02,493.51618118246085,495.2195004467242,489.0132009719936,494.37762451171875,62550200
SPY,2024-05-03,500.37829146215523,501.73895716286734,497.83312634252997,500.50555419921875,72756700
SPY,2024-05-06,502.913729046304,505.7133901619674,502.4732087209425,505.67425537109375,47264700
SPY,2024-05-07,506.6432715629709,507.63197751857143,505.5566987742017,506.2321472167969,52561300
SPY,2024-05-08,504.39184379005206,506.81951505793313,504.2743796801718,506.2811279296875,42047200
SPY,2024-05-09,506.4670817147218,509.23740620188596,505.8112305297066,509.1982116699219,43643700
SPY,2024-05-10,510.8036985676043,511.61620848759463,508.6305526885036,509.85418701171875,52233200
SPY,2024-05-13,511.5377978533116,511.6454633171765,508.7772720891876,509.9225769042969,36716400
SPY,2024-05-14,510.1183975334321,512.7810566084371,509.5800104376199,512.26220703125,57535900
SPY,2024-05-15,514.7389552225601,518.8993121603461,514.1026414388483,518.6056518554688,59504900
SPY,2024-05-16,518.7034764563527,520.3088989892751,517.3917142043874,517.53857421875,50244800
SPY,2024-05-17,517.6559557052394,518.3510013823711,516.1973934194888,518.282470703125,59187600
SPY,2024-05-20,518.399983619737,520.3479997283454,518.0083967722392,518.879638671875,37764200
SPY,2024-05-21,518.1160157137743,520.3087582153455,517.910423698845,520.152099609375,33437000
SPY,2024-05-22,519.457191149343,520.1717743707599,516.471476037249,518.6544799804688,48390000
SPY,2024-05-23,521.7185015997201,521.8261670726438,513.6522545564001,514.8661499023438,57211200
SPY,2024-05-24,516.7163378204198,519.0853371623223,515.7668261548077,518.2728271484375,41291100
SPY,2024-05-28,519.0852065742038,519.3201347726647,515.9918259671035,518.6348876953125,36269600
SPY,2024-05-29,514.5921104242868,516.1877345004074,514.288651475638,515.0032348632812,45190300
SPY,2024-05-30,513.4564773633216,514.1221271592083,510.3337606788209,511.58673095703125,46377600
SPY,2024-05-31,512.5461599640777,516.373661669616,507.42643355259685,516.2463989257812,90785800
SPY,2024-06-03,517.8615954221938,518.1454570499837,511.5769670953754,516.6672973632812,46835700
SPY,2024-06-04,515.3556498285665,517.9889133212755,513.8872886188278,517.2449340820312,34632700
SPY,2024-06-05,519.574631475195,523.4119312490825,517.5776224033007,523.392333984375,47610400
SPY,2024-06-06,523.695948019033,524.1266697359112,521.4444725776239,523.3826904296875,30808500
SPY,2024-06-07,522.4036844600561,525.5655959158784,521.3073129777647,522.746337890625,43224500
SPY,2024-06-10,521.9337792468638,524.684506328859,521.3366601422468,524.3614501953125,35686100
SPY,2024-06-11,522.80507058457,525.6830606660559,520.8276585615498,525.6243286132812,36383400
SPY,2024-06-12,530.2056693568137,532.6431394508022,528.903705663851,529.9413452148438,63251300
SPY,2024-06-13,531.6935478717044,531.869744023919,528.2086401164571,531.00830078125,44760900
SPY,2024-06-14,529.4714728215465,531.3607570534568,528.4631694567662,531.3314208984375,40089900
SPY,2024-06-17,530.6461064563005,536.9600707352853,530.1859889386527,535.5601806640625,55839500
SPY,2024-06-18,535.618934894809,537.0481611765176,535.1980118918142,536.9208984375,41376400
SPY,2024-06-20,537.8508164181325,538.5164661964561,533.6806618603835,535.4622802734375,70328200
SPY,2024-06-21,534.6364329914431,535.8640147535098,533.2811779308804,534.7444458007812,64338600
SPY,2024-06-24,534.5676136935514,537.1406199465806,532.8882604765938,533.006103515625,45528700
SPY,2024-06-25,534.2338154405055,535.4221363045356,532.7116258646143,535.0587768554688,37936200
SPY,2024-06-26,533.9391960904497,536.4434511367156,533.291059231854,535.7265625,38550600
SPY,2024-06-27,535.589040487199,537.1505509580609,534.8426611396433,536.5711059570312,35041500
SPY,2024-06-28,537.3468693543182,540.4109684989184,533.2124124479245,534.4595947265625,76144500
SPY,2024-07-01,535.8443476992247,536.08986404863,532.7901386983468,535.5595703125,40297800
SPY,2024-07-02,533.9490526752437,539.163818359375,533.8999613857427,539.163818359375,40434800
SPY,2024-07-03,538.8494837936086,541.9331836330194,538.8102227549504,541.56982421875,32789900
SPY,2024-07-05,541.8741654987256,545.0953083694294,541.2357991061058,544.6926879882812,41488400
SPY,2024-07-08,545.478454201086,546.2739248445872,544.2508723475028,545.3213500976562,36110500
SPY,2024-07-09,546.2836736456596,547.187156971853,545.5569548871665,545.8515625,27289700
SPY,2024-07-10,547.079212521271,551.596689657151,546.7846048716298,551.2529907226562,38701200
SPY,2024-07-11,551.3708220113514,552.2448746370588,545.8614492888662,546.499755859375,53054200
SPY,2024-07-12,547.6291782325719,553.5608321512885,547.1578059832891,549.9468383789062,53084400
SPY,2024-07-15,551.9502612295888,554.7098626844446,549.5932802263559,551.459228515625,40584300
SPY,2024-07-16,552.7751914744023,555.0240998431519,552.0189818744624,554.7294921875,36475300
SPY,2024-07-17,548.7781654504558,550.4575189607175,546.6274397017427,546.9515380859375,57119000
SPY,2024-07-18,548.4934101354552,549.4853058775749,540.5583041390183,542.748291015625,56270400
SPY,2024-07-19,542.5126427347755,544.1429051396725,538.0835174453183,539.1441650390625,65509100
SPY,2024-07-22,543.0822655711995,545.3115736180749,541.1377949043722,544.7026977539062,43346700
SPY,2024-07-23,544.5945249198012,546.7550807862475,543.3571728667828,543.8482055664062,34439600
SPY,2024-07-24,539.0164184333124,539.3208563195052,530.6001104911534,531.5232543945312,74515300
SPY,2024-07-25,531.6410587361225,537.6415236413737,527.8110397958803,528.7537841796875,61158300
SPY,2024-07-26,532.5544851999327,537.3764002236553,531.7786151263786,534.6757202148438,53763800
SPY,2024-07-29,536.227341129643,537.2388372702122,532.9864775250034,534.9899291992188,39515800
SPY,2024-07-30,536.463149950623,537.5237975537062,528.8619719996664,532.279541015625,46853600
SPY,2024-07-31,539.1343218302673,543.5732772591324,537.7594660363832,540.9315185546875,65663400
SPY,2024-08-01,542.659905480717,544.9186439967344,529.7555512584067,533.2713623046875,76428700
SPY,2024-08-02,526.1416363743401,527.3593881074288,519.1198434759149,523.3427734375,82789100
SPY,2024-08-05,502.4639672478691,514.1898307923391,501.1185124437748,508.10101318359375,146267400
SPY,2024-08-06,509.9080178114113,520.249196250666,508.58225336867037,512.7855224609375,84826300
SPY,2024-08-07,518.9920917478671,522.0561910508441,508.7589866968387,509.3580322265625,70698300
SPY,2024-08-08,514.5139453969072,521.7615940845507,512.481122418652,521.1331176757812,63276600
SPY,2024-08-09,520.3080694804698,524.9237888690128,519.0804877250338,523.4310302734375,45619600
SPY,2024-08-12,524.6291985957554,526.1218973002085,521.4276556811567,523.7060546875,42542100
SPY,2024-08-13,526.9076558162741,532.5545327020171,526.6621394299374,532.3187866210938,52333100
SPY,2024-08-14,533.1141640625877,535.1863675555963,530.4331447737245,533.998046875,42446900
SPY,2024-08-15,539.644959128727,543.4357173403401,539.036083351339,543.1509399414062,60846800
SPY,2024-08-16,541.530469041351,545.0659403343901,541.3733649561221,544.36865234375,44430700
SPY,2024-08-19,544.7811849166917,549.5736694335938,543.9267927123752,549.5736694335938,39121800
SPY,2024-08-20,549.1218119588426,550.7815046393756,547.3344459997681,548.6798706054688,33732300
SPY,2024-08-21,549.7306981799344,552.0286973568013,544.7810508318996,550.5654296875,41514600
SPY,2024-08-22,552.4707057383962,553.0795814875313,545.0266332673548,546.244384765625,56121500
SPY,2024-08-23,549.4950549410031,552.9912051950074,547.2951782034337,552.0484008789062,50639400
SPY,2024-08-26,553.0795725146759,553.7964610598141,549.0236377073744,550.732421875,35788600
SPY,2024-08-27,549.4557648759409,551.9796801643517,548.3067651332959,551.4886474609375,32693900
SPY,2024-08-28,551.1448919469273,551.5770030791783,545.0855058518715,548.2870483398438,41066000
SPY,2024-08-29,550.2610513664456,553.5706069059922,547.187181927915,548.336181640625,38715200
SPY,2024-08-30,550.7127730145278,554.0812497734636,547.1478712090765,553.570556640625,62700100
SPY,2024-09-03,550.4182564787874,550.7521851435262,539.654856286755,542.1787719726562,60600100
SPY,2024-09-04,540.3324206417021,544.486538299349,539.6057018017893,541.0689697265625,47224900
SPY,2024-09-05,541.0100633006934,543.8678474559043,537.2879967926923,539.7529907226562,44264300
SPY,2024-09-06,540.0770261689825,541.70722829183,529.7653398948447,530.6688232421875,68493800
SPY,2024-09-09,534.8819058967794,537.8870234085998,532.947206027845,536.6102905273438,40445800
SPY,2024-09-10,538.52547289514,539.301343073679,533.6348054347438,538.94775390625,36394600
SPY,2024-09-11,538.8592992301786,545.3998284478084,530.2760571886295,544.4766845703125,75248600
SPY,2024-09-12,545.056205128517,549.3674872362873,542.8268971710025,549.0630493164062,51819600
SPY,2024-09-13,549.6718645218532,552.9323289489466,549.4165179190511,551.9306030273438,39310500
SPY,2024-09-16,551.665358696549,553.0107833785631,549.8583920894029,552.7456665039062,36656100
SPY,2024-09-17,554.9651191583721,556.4186166721934,550.7324197918623,552.9715576171875,49321000
SPY,2024-09-18,553.6296037419249,558.4908400284567,550.7718194675883,551.3316040039062,59044900
SPY,2024-09-19,560.769175792154,562.6056333019461,557.8917313519955,560.7396850585938,75315500
SPY,2024-09-20,559.3665303523799,560.8145656669737,556.7363296850394,559.7703857421875,77503100
SPY,2024-09-23,560.8440961059636,561.8193132907071,559.6225494017445,561.1691284179688,44116900
SPY,2024-09-24,561.9670704323123,562.8339435617671,559.1300420312542,562.7748413085938,46805700
SPY,2024-09-25,562.6173129912877,563.3561212938423,560.4205487537844,561.53369140625,38428600
SPY,2024-09-26,565.8089271560161,566.1340196278296,561.3957983542562,563.7599487304688,48336000
SPY,2024-09-27,564.8337142422162,565.651285439919,561.908002221962,562.9423217773438,42100900
SPY,2024-09-30,561.9079952356186,565.8089245059994,559.6029471264981,565.1981811523438,63557400
SPY,2024-10-01,564.8435880512217,565.4937128909536,557.5539888818164,560.1348876953125,72668800
SPY,2024-10-02,559.2385345053339,561.3958572731079,556.8349422897517,560.371337890625,38097800
SPY,2024-10-03,558.8937053770586,561.297297524576,557.0516147695683,559.3468627929688,40846500
SPY,2024-10-04,563.8091448322295,564.8040828361078,559.6225649986515,564.4297485351562,42939100
SPY,2024-10-07,562.7749206488743,563.4251056498125,558.1746242759516,559.3271484375,49964700
SPY,2024-10-08,561.9079798048728,565.2178864241666,561.0313063853904,564.616943359375,37398700
SPY,2024-10-09,564.6071207773316,569.0892725126486,564.0062377966648,568.5277709960938,37912200
SPY,2024-10-10,567.1781623643931,568.9611504574567,565.9172341469683,567.5327758789062,44138100
SPY,2024-10-11,567.454043061779,571.6702048192677,567.3161177427487,570.931396484375,42268000
SPY,2024-10-14,572.54680911459,576.5364217400751,572.0641306807273,575.6005859375,36217200
SPY,2024-10-15,575.8665780927906,576.1719497636773,569.9068101256781,571.1283569335938,54203600
SPY,2024-10-16,571.1284236895626,574.1328988912752,570.320652695686,573.6107788085938,30725400
SPY,2024-10-17,577.1667859347198,577.3736738739761,573.472744961771,573.659912109375,34393700
SPY,2024-10-18,575.3543175241635,576.6546272535265,573.8865614270069,575.8665771484375,37416800
SPY,2024-10-21,575.1375866701346,576.1226643625554,571.936084169767,574.9208984375,36439000
SPY,2024-10-22,572.379393899403,575.7779240387921,571.7194086656112,574.6155395507812,34183800
SPY,2024-10-23,572.5862745943635,573.0295715850681,565.8483166590198,569.3650512695312,49314600
SPY,2024-10-24,571.325322360671,571.4041454083431,567.9662339927139,570.5963745117188,34979900
SPY,2024-10-25,572.832526139626,575.7385172942365,569.4537169426869,570.3993530273438,47268200
SPY,2024-10-28,573.8866669881053,574.01473191773,571.8574090351626,572.1627807617188,30174700
SPY,2024-10-29,571.1972307374274,574.2115658329249,569.7984373596124,573.088623046875,42899700
SPY,2024-10-30,572.615787609554,574.6155241758808,570.645632233565,571.3549194335938,41435800
SPY,2024-10-31,566.9713847301143,567.0403473920817,559.9576354980849,560.1546630859375,60182500
SPY,2024-11-01,562.7945884035815,566.9614477579651,562.1050220014198,562.5187377929688,45667500
SPY,2024-11-04,562.6566193804057,563.9569290343258,559.4157357037399,561.3070678710938,38217000
SPY,2024-11-05,562.2232752144567,568.1337418174742,562.0065869653796,568.0943603515625,39478300
SPY,2024-11-06,580.4078275075276,583.0970705492409,576.6546836514896,582.2203369140625,68182000
SPY,2024-11-07,584.2298916492671,587.7466262080364,584.1510685994552,586.7221069335938,47233200
SPY,2024-11-08,587.2737347167168,590.6919854789882,587.2737347167168,589.2636108398438,46444900
SPY,2024-11-11,590.8593926970449,591.2140062031049,588.0913270467408,589.8250732421875,37586800
SPY,2024-11-12,589.7463270131273,590.3472099973874,585.5006444102133,587.992919921875,43006100
SPY,2024-11-13,588.4558101737783,590.2880401081766,586.0817995759008,588.2785034179688,47388600
SPY,2024-11-14,588.4066394793019,588.8893179492193,583.8063432948493,584.495849609375,38904100
SPY,2024-11-15,580.9200070517927,581.3928852443048,575.1474660138925,577.00927734375,75988800
SPY,2024-11-18,577.4722212479682,580.6934445713057,576.6054081851684,579.3734741210938,37001700
SPY,2024-11-19,575.9848429931217,582.2203419709091,575.3149973262474,581.4913940429688,49412000
SPY,2024-11-20,581.5701499836966,581.9740053669792,575.9059534750936,581.6883544921875,50032600
SPY,2024-11-21,584.5451050737219,586.2394097822103,578.6838809961135,584.81103515625,46750300
SPY,2024-11-22,584.8012273246769,587.2541214128702,584.2988881794737,586.6236572265625,38226400
SPY,2024-11-25,590.5738204551704,591.8937909448966,586.3182774428572,588.613525390625,42441400
SPY,2024-11-26,589.8644599979293,592.3567352073538,589.1453725834567,591.6868896484375,45621300
SPY,2024-11-27,591.4997854868443,591.8839201005825,588.3672455728715,589.8941040039062,34000200
SPY,2024-11-29,590.7117045866185,594.3466439350991,590.4359140778026,593.55859375,30177400
SPY,2024-12-02,593.9722515940274,595.3021425181648,593.4797127608734,594.6224365234375,31746000
SPY,2024-12-03,594.3860548690404,595.1445238224464,593.3517352966707,594.8982543945312,26906600
SPY,2024-12-04,596.5926087018526,598.8385545797807,595.9227630847732,598.59228515625,42787600
SPY,2024-12-05,598.592255379496,599.4000262634194,597.2525642119798,597.607177734375,28762200
SPY,2024-12-06,598.3756383425828,599.9813199050982,597.9619225172376,598.7401123046875,31241500
SPY,2024-12-09,598.6218315882949,598.7892779517493,595.0657157488416,595.65673828125,34742700
SPY,2024-12-10,596.3365277015484,596.7601039297737,593.1448853311992,593.8048706054688,37234500
SPY,2024-12-11,596.7403405101395,599.3507600891794,596.4644899210008,598.395263671875,28677700
SPY,2024-12-12,597.5284977631196,598.0997995870548,595.3120727539062,595.3120727539062,31543800
SPY,2024-12-13,597.3511090725724,598.0701965149426,593.8146538658189,595.1937866210938,35904700
SPY,2024-12-16,596.9571007701239,598.7105679786196,596.1789110129041,597.7352905273438,43695200
SPY,2024-12-17,595.1741603124011,596.1395173197234,593.8935711931338,595.2726440429688,55773500
SPY,2024-12-18,594.9671989364094,597.3609304879477,577.1471773446116,577.5313720703125,108248700
SPY,2024-12-19,582.5354605374066,584.1510021908508,577.1076734772528,577.3539428710938,85919500
SPY,2024-12-20,575.0175026728227,588.8352196171104,574.1674387147792,584.2886352539062,125716700
SPY,2024-12-23,584.0316546408188,588.3904419763173,580.8391036798633,587.7875366210938,57635800
SPY,2024-12-24,589.1416302251183,594.3603751171399,588.5584517113257,594.32080078125,33160100
SPY,2024-12-26,592.5416816588521,595.4870738828115,591.1381803052061,594.3603515625,41219100
SPY,2024-12-27,590.6044241129971,590.8416891446476,583.9031498920888,588.1038208007812,64969300
SPY,2024-12-30,581.066451827259,584.8717412480703,577.6268027117767,581.392578125,56578800
SPY,2024-12-31,583.0629066605094,583.7844745956663,577.6366385699235,579.2774047851562,57052700
SPY,2025-01-02,582.5490544849214,584.268848917565,573.7622248829753,577.8541870117188,50204000
SPY,2025-01-03,580.7106042287589,585.7217039617416,579.623335665357,585.0792846679688,37888500
SPY,2025-01-06,589.3492396720658,592.7394211491448,586.7101863614566,588.4497680664062,47679400
SPY,2025-01-07,590.4858673836275,590.8120540414599,579.9694092503468,581.7979125976562,60393100
SPY,2025-01-08,581.867018332763,583.7252021495292,578.4076425523384,582.6478271484375,47304700
SPY,2025-01-10,579.0797111920303,579.1489059430921,571.8347734163021,573.7522583007812,73105000
SPY,2025-01-13,569.0871420731995,574.9977137931114,568.6719735158341,574.6419067382812,47910100
SPY,2025-01-14,577.5774134567713,578.2099995586356,571.6371609030458,575.4326171875,48420600
SPY,2025-01-15,583.4782047431863,587.0462899008115,582.3613155434388,585.8997802734375,56900200
SPY,2025-01-16,587.2735525674167,587.4514560986999,584.0711683508569,584.77294921875,43319700
SPY,2025-01-17,590.0312439926065,592.4033515473359,588.6968769367569,590.64404296875,58070600
SPY,2025-01-21,593.6980955549004,596.0603696579795,591.7213092581105,596.0504760742188,42532900
SPY,2025-01-22,598.8872003053638,600.7651715456991,598.3337025176967,599.4011840820312,48196000
SPY,2025-01-23,598.7685644436611,602.6727294921875,598.4918457286775,602.6727294921875,41152100
SPY,2025-01-24,602.7319999441287,603.6907726306447,599.7569270310084,600.913330078125,34604700
SPY,2025-01-27,587.9061375768574,592.7295010606359,587.7381276298589,592.4132080078125,70361100
SPY,2025-01-28,593.6486607361097,598.3435279756633,590.3177808049226,597.50341796875,44433300
SPY,2025-01-29,596.7126333153398,597.1179082556828,592.2648645148614,594.8248291015625,37177400
SPY,2025-01-30,596.9499738076877,599.5592859855939,593.747529191958,598.0173950195312,39281300
SPY,2025-01-31,600.4488437325783,602.880312619884,594.0736957955036,594.8347778320312,66566900
SPY,2025-02-03,585.7909458950113,593.3224968021361,583.6362560871698,590.831787109375,65857200
SPY,2025-02-04,590.8910622510958,595.3091504392034,590.3474581129256,594.7952270507812,33457800
SPY,2025-02-05,593.668444292325,597.35513123978,591.6323569254649,597.2068481445312,30653100
SPY,2025-02-06,598.9562841109183,599.4109666234875,595.6352980001401,599.282470703125,35771500
SPY,2025-02-07,599.8459585772572,601.0715564826635,593.0853226024016,593.7969970703125,50788500
SPY,2025-02-10,597.0190995725444,598.4720084396736,595.7440338934362,597.8295288085938,26048700
SPY,2025-02-11,595.5563267993089,598.8279059672569,595.4377244382205,598.2843017578125,30056700
SPY,2025-02-12,592.2451836255683,597.5330628123784,591.5631899435128,596.3568725585938,45076100
SPY,2025-02-13,597.4638899085884,602.860538386905,596.198778008583,602.6529541015625,40921300
SPY,2025-02-14,602.8604957096632,603.8982964094444,602.0005985304107,602.623291015625,26910400
SPY,2025-02-18,603.7896117473091,604.3925170898438,601.3186288745633,604.3925170898438,26749000
SPY,2025-02-19,602.9988388481266,606.1122407080254,602.4848551660879,605.8157348632812,31011100
SPY,2025-02-20,604.4419196559093,604.5803091740476,599.9744236813096,603.29541015625,36554000
SPY,2025-02-21,603.0779110877393,603.216300601011,592.5119863702242,592.9765625,76519800
SPY,2025-02-24,595.0324276294365,596.0307143030876,589.5665848823073,590.2782592773438,50737200
SPY,2025-02-25,590.2190314712642,590.9504327968516,582.7171004383193,587.3427734375,58266500
SPY,2025-02-26,589.0130409225576,592.620699550235,584.9902741209554,587.63916015625,43321600
SPY,2025-02-27,589.9224264999975,591.0788899188873,577.8640783507352,578.2593994140625,74196700
SPY,2025-02-28,578.7635029554216,587.8171578604871,575.6797210871997,587.283447265625,88744100
SPY,2025-03-03,589.2601945949107,590.4067643806418,573.1691862018861,576.9942626953125,74249200
SPY,2025-03-04,572.9814465763258,578.5955127414016,565.608011549554,570.1644897460938,109648200
SPY,2025-03-05,569.9964212260836,578.0913631561872,566.4283366011412,576.29248046875,71230500
SPY,2025-03-06,568.800429877349,573.4359958315716,563.5026574515875,566.0626220703125,80094900
SPY,2025-03-07,564.2736590980126,570.6883208259039,559.0648080255879,569.2353515625,81158800
SPY,2025-03-10,561.0021324297065,562.9294509409499,549.1414138289008,554.073486328125,99326600
SPY,2025-03-11,552.9071786453155,557.4735503902486,545.6128320238284,549.467529296875,88102100
SPY,2025-03-12,555.6449862636414,556.5740782812179,547.2634312637055,552.38330078125,69588200
SPY,2025-03-13,552.00772273254,552.6205217060727,543.2999808309211,545.019775390625,74079400
SPY,2025-03-14,549.6552206085003,557.2856459919377,545.0888497425958,556.2774658203125,62660300
SPY,2025-03-17,556.2577597204585,563.097483760462,555.8228643209595,560.5671997070312,49008700
SPY,2025-03-18,558.2443952250169,558.4618730708418,552.5710286417288,554.50830078125,66041400
SPY,2025-03-19,556.2972851708735,564.3230320254004,555.1112014285828,560.54736328125,66556000
SPY,2025-03-20,556.7915499004863,563.9475069089323,556.0699818531248,558.9264526367188,62958200
SPY,2025-03-21,554.4514053360011,560.0129560782987,553.2121973894178,559.1107788085938,83763000
SPY,2025-03-24,565.8719462913679,570.1844265679264,565.2771506364932,569.1236572265625,58766800
SPY,2025-03-25,570.3331077369899,571.4335099767462,568.7370222712309,570.4917602539062,38355700
SPY,2025-03-26,570.2240858480267,571.3542581528293,562.293154038674,563.6810913085938,51848300
SPY,2025-03-27,562.2831944691987,565.971108987233,560.062543386952,562.18408203125,42164200
SPY,2025-03-28,560.6475137101825,561.3811152230641,550.2777985606353,550.8626708984375,71662700
SPY,2025-03-31,545.0829651282622,555.8690356187795,542.1484990140983,554.5604248046875,95328200
SPY,2025-04-01,552.6372621541935,558.0798545049701,548.8997911229003,556.1268310546875,54609600
SPY,2025-04-02,550.2579079318416,562.5211054527999,550.019989677278,559.6461791992188,76014500
SPY,2025-04-03,540.4037097995117,543.2390031081819,532.0663452148438,532.0663452148438,125986000
SPY,2025-04-04,519.1488461365848,521.3298644038904,500.69953122991006,500.9176330566406,217965100
SPY,2025-04-07,484.966562158496,518.6531751879934,477.64034947944,500.0254211425781,256611400
SPY,2025-04-08,517.3544574544211,520.4475157965463,484.93679417196097,492.193603515625,165816600
SPY,2025-04-09,489.17988772825765,543.8834838867188,488.7932402716448,543.8834838867188,241867300
SPY,2025-04-10,527.5754628052078,528.8939971161361,504.92276379554966,520.051025390625,162331200
SPY,2025-04-11,518.4945722506925,531.7986929533369,515.5799524923516,529.3302001953125,97866300
SPY,2025-04-14,539.3528832417228,539.580938661594,529.2508571038156,534.4654541015625,68034000
SPY,2025-04-15,535.0106570692674,538.5399188279399,532.175363851926,532.9684448242188,56892900
SPY,2025-04-16,527.0896882471153,533.2460954669957,515.7980102587055,521.1216430664062,83484800
SPY,2025-04-17,523.0845951885916,526.5840872057769,519.3867572764926,521.8651733398438,79868100
SPY,2025-04-21,516.6605060954281,517.1958826970866,504.070170487947,509.4433898925781,69368100
SPY,2025-04-22,515.6493363944684,524.7302260402327,514.7075262081219,522.6979370117188,75948100
SPY,2025-04-23,535.7641184612734,540.7209502963145,529.2706808590098,530.79736328125,90590700
SPY,2025-04-24,532.086138426331,542.7036942188355,530.8271442598516,541.9700927734375,64150400
SPY,2025-04-25,541.9305048307399,546.2924809922215,538.9960382976576,545.8860473632812,61119600
SPY,2025-04-28,546.6295538469604,548.770878725811,540.3145544882295,546.0941772460938,47613800
SPY,2025-04-29,544.1709145104755,550.6544896169489,543.8140371215516,549.5342407226562,47775100
SPY,2025-04-30,542.8425243498715,551.7152660165827,536.8447695388113,549.7523193359375,93101500
SPY,2025-05-01,555.5319968692943,559.2000647311057,553.0436574695955,553.6483764648438,63186100
SPY,2025-05-02,559.8543793028188,563.4728911995644,557.5246922514075,561.8668823242188,60717300
SPY,2025-05-05,557.7130106117388,561.7578025218996,556.850526672483,558.6448974609375,38659200
SPY,2025-05-06,553.1130409863903,558.486229861133,552.151444635027,553.9755249023438,48264700
SPY,2025-05-07,555.3139314189718,558.9522292842823,551.239369394788,556.3052978515625,55588000
SPY,2025-05-08,560.3598961984284,565.3861307660613,556.8504811637198,560.1814575195312,65130800
SPY,2025-05-09,561.5892516710271,562.6004648206437,557.9013974918248,559.4677734375,37603400
SPY,2025-05-12,576.4498296839446,577.9666494201874,572.0580835025086,577.9567260742188,78993600
SPY,2025-05-13,578.3730584556538,583.9941496422729,577.8080328415324,581.7734985351562,67947200
SPY,2025-05-14,582.7351003798474,583.8949821637985,580.4846792150129,582.5170288085938,66283500
SPY,2025-05-15,580.5045239452851,585.8677897044162,580.0484736048338,585.3622436523438,71268100
SPY,2025-05-16,586.1454032115668,589.3673441171694,584.1924403834937,589.0699462890625,76052100
SPY,2025-05-19,583.0225710566098,590.3983396880136,583.0225710566098,589.7142944335938,68168500
SPY,2025-05-20,587.9695461543464,588.9212192076606,584.5096264657933,587.7315673828125,60614500
SPY,2025-05-21,583.359599797301,587.4638708843231,576.7967595991499,577.8277587890625,95197700
SPY,2025-05-22,577.629506378804,581.5553390131786,576.3902984080268,578.0558471679688,70860400
SPY,2025-05-23,571.0072475595028,576.7869310981343,570.6305234552773,574.1102294921875,76029000
SPY,2025-05-27,581.0101064535629,586.2048566469568,573.4360527249615,586.0462646484375,72588500
SPY,2025-05-28,586.4527734503207,587.6523487169525,581.9222212137981,582.6558227539062,68445500
SPY,2025-05-29,587.9397721452495,588.0785779673218,581.0101304856973,584.9557495117188,69973300
SPY,2025-05-30,583.8454633007033,586.0264816938155,578.2045855174352,584.301513671875,90601200
SPY,2025-06-02,582.6856189346104,587.6721612666921,580.0089171212081,587.5928955078125,61630500
SPY,2025-06-03,587.2259796444896,591.9250465362925,586.740159298439,590.943603515625,63606200
SPY,2025-06-04,591.8061095833268,592.7875526407612,590.3487695069823,590.7849731445312,57314200
SPY,2025-06-05,592.4702844558809,593.8284515327539,585.9470768439928,587.9298095703125,92278700
SPY,2025-06-06,593.4913881340742,595.6426968087642,591.7069406984755,593.96728515625,66588700
SPY,2025-06-09,594.5422573867003,596.0590770966814,593.322896017802,594.5026245117188,53016400
SPY,2025-06-10,595.0379370041686,598.2598779419187,593.9177485918233,597.873291015625,66247000
SPY,2025-06-11,598.9736747077318,599.8361586452579,594.0961689044454,596.1680908203125,73658200
SPY,2025-06-12,594.8297748594797,598.5374755859375,594.3440149953893,598.5374755859375,64129000
SPY,2025-06-13,593.332875007361,596.6539287176514,590.3389286898089,591.8458251953125,89506000
SPY,2025-06-16,595.2164006808653,599.2314224312138,595.0379014846701,597.4766845703125,79984100
SPY,2025-06-17,595.0280706090336,596.5547531382241,591.6078443016146,592.3712158203125,82209400
SPY,2025-06-18,593.2732877481382,596.0292547686196,591.3202645518776,592.2819213867188,76605000
SPY,2025-06-20,594.9675856083323,596.0414436168163,589.4790454395113,590.8909912109375,94051400
SPY,2025-06-23,591.6465733053511,597.1152078061239,588.5145735944315,596.7274780273438,87426000
SPY,2025-06-24,600.8836010096178,604.3834856367664,599.9688039561656,603.3196411132812,67735300
SPY,2025-06-25,604.4431877891288,605.1392079707367,602.086708265907,603.65771484375,62114800
SPY,2025-06-26,605.517034479532,608.8181084243395,604.9005750782753,608.380615234375,78548400
SPY,2025-06-27,609.3848675360332,612.8748603878714,607.3465704310272,611.4032592773438,86258400
SPY,2025-06-30,613.8591865146053,615.6886593072754,611.5325044540273,614.3264770507812,92502500
SPY,2025-07-01,612.8450033281383,615.3009489521946,612.0098276707645,614.127685546875,70030100
SPY,2025-07-02,613.7200271324969,616.9514932068568,613.0936150077308,616.9117431640625,66510400
SPY,2025-07-03,618.9003311484321,622.7085065821568,618.8804257837007,621.7738647460938,51065800
SPY,2025-07-07,619.8050287830624,620.4712515380828,614.3463473867639,617.1403198242188,74814500
SPY,2025-07-08,617.8065573856337,618.5622329876766,615.9870371559156,616.8023681640625,59024600
SPY,2025-07-09,619.2184771119485,621.1573080723725,617.3690382262929,620.5010986328125,66113300
SPY,2025-07-10,620.6402811009391,623.2950374474425,619.4570650879599,622.2510375976562,57529000
SPY,2025-07-11,619.1886732139827,621.2965785748338,617.9856123550688,620.0636596679688,63670200
SPY,2025-07-14,619.6062115300674,621.5948059142781,618.2539819137044,621.246826171875,51898500
SPY,2025-07-15,623.9413645164026,624.2793915612978,618.5124802515571,618.592041015625,74317300
SPY,2025-07-16,620.1829130237127,621.1672575214722,614.5253596449445,620.66015625,88987500
SPY,2025-07-17,620.8391784397268,624.8163671275224,620.6204015046147,624.4583740234375,68885700
SPY,2025-07-18,625.7111996075373,625.8802131347736,622.8874296174818,624.0010375976562,65621600
SPY,2025-07-21,625.1842651367188,627.9384270926762,624.7567246264017,625.1842651367188,63375000
SPY,2025-07-22,625.5123643014988,626.1387764125508,622.6189860590433,625.2737426757812,60046300
SPY,2025-07-23,627.9483363497261,630.5932006835938,626.138708302101,630.5932006835938,70511000
SPY,2025-07-24,630.9809681636451,632.5221773472229,630.3744614468128,630.802001953125,71307100
SPY,2025-07-25,631.4682494008442,633.9440397736063,631.2196750953526,633.4667358398438,56865400
SPY,2025-07-28,633.8445768779104,634.4013808975731,631.9156378299562,633.3076782226562,54917100
SPY,2025-07-29,634.7096125224674,635.0277949185313,630.722531607152,631.6372680664062,60556300
SPY,2025-07-30,632.2934318863223,634.0434045947875,627.9384054781906,630.841796875,80418900
SPY,2025-07-31,635.8132594113927,636.200989166749,627.1728149946817,628.475341796875,103385200
SPY,2025-08-01,622.7282752516747,622.7680859762785,615.7582427178595,618.1743774414062,140103600
SPY,2025-08-04,622.1019219542782,627.6202593639928,622.0124691896333,627.570556640625,73218000
SPY,2025-08-05,628.187016594973,629.0023475949919,623.464104816374,624.3887939453125,68051400
SPY,2025-08-06,625.462617040701,629.8275961427472,624.5478806448895,629.17138671875,64357500
SPY,2025-08-07,632.6116453260242,633.3474155493337,625.5223013845391,628.6444091796875,74205800
SPY,2025-08-08,630.4440623273716,634.0136158764692,630.125879949944,633.5462646484375,64051600
SPY,2025-08-11,633.824713555593,635.3062066703783,631.0406328520911,632.29345703125,58742300
SPY,2025-08-12,634.6499095494731,639.1839021511607,633.1584638161933,639.0248413085938,64730800
SPY,2025-08-13,641.2321859855442,642.5049155421342,639.0149226306152,641.2123413085938,60092800
SPY,2025-08-14,639.1242567818475,641.9381347685223,638.6768716045066,641.27197265625,59327500
SPY,2025-08-15,642.3060144753327,642.4054806038605,638.8558324502803,639.7705688476562,68592500
SPY,2025-08-18,639.1939154739885,640.3274289037191,638.5178006265407,639.6314086914062,43804900
SPY,2025-08-19,639.4523760102862,640.4367204754008,634.8388226855677,636.1612548828125,69750700
SPY,2025-08-20,635.7536294439067,636.0120957287904,629.3404006137462,634.470947265625,88890300
SPY,2025-08-21,632.6514763962614,634.3317804706619,630.195530658508,631.9255981445312,54805800
SPY,2025-08-22,634.1230118894028,642.8131599802851,633.6159105915494,641.6299438476562,84083200
SPY,2025-08-25,640.3671451910226,641.6100166878209,638.686780499868,638.8060913085938,51274300
SPY,2025-08-26,638.5376929659955,641.8288143683822,637.9112808564007,641.4807739257812,51581600
SPY,2025-08-27,640.8941330732226,643.6781530071313,640.7449642231398,642.9423828125,48341100
SPY,2025-08-28,643.548887361664,645.7761033013204,641.6597591604225,645.2192993164062,61519500
SPY,2025-08-29,643.777581165663,644.1455269630451,639.472317969575,641.3713989257812,74522200
SPY,2025-09-02,633.8644906037873,636.8374296419402,631.2991867317828,636.6187133789062,81983500
SPY,2025-09-03,639.0049424066366,640.5361988813526,636.8075845104526,640.06884765625,70820900
SPY,2025-09-04,640.7450037735979,645.4480709373178,639.8402199968853,645.418212890625,65219200
SPY,2025-09-05,647.7646994415851,648.4905776412766,639.6612139364762,643.5488891601562,85178900
SPY,2025-09-08,644.9210585487652,646.1341327155172,643.5389708468488,645.1298828125,63133100
SPY,2025-09-09,645.2689866211995,647.148222783044,643.5289666240282,646.6212768554688,66133900
SPY,2025-09-10,649.8924717726807,650.817160801947,646.9195331255914,648.4905395507812,78034500
SPY,2025-09-11,650.4493620868353,654.5757199134183,649.8627606991871,653.8796997070312,69934400
SPY,2025-09-12,653.8497465125743,655.351144838518,653.1537870945498,653.6608276367188,72780100
SPY,2025-09-15,655.8782140097094,657.2701936656516,655.5799369896564,657.1409301757812,63772400
SPY,2025-09-16,657.6977327581834,658.0060231465056,655.450672087237,656.2361450195312,61169000
SPY,2025-09-17,656.2461210913638,657.9463305061431,650.5686620900484,655.4208374023438,101952200
SPY,2025-09-18,658.1153302554297,661.098221592467,656.504573788396,658.4832153320312,90459200
SPY,2025-09-19,660.3786700487054,662.5921003065068,658.4244226642126,661.74462890625,97945600
SPY,2025-09-22,660.2490220888672,665.3239917254978,660.2190812650523,664.8753662109375,69452200
SPY,2025-09-23,664.7557113987294,665.3739407705357,660.0296859026699,661.256103515625,81708900
SPY,2025-09-24,662.5522091075384,662.6518901422049,657.7264420940938,659.1522216796875,68082200
SPY,2025-09-25,656.0016057727498,657.4672457066506,652.4819765077987,656.1112670898438,89622100
SPY,2025-09-26,657.5669862915963,660.4185456623683,655.9417836675868,659.8701782226562,69179200
SPY,2025-09-29,662.4026597035332,663.3199930316334,659.9100251593522,661.7246704101562,73499000
SPY,2025-09-30,660.976860345401,664.6859320813617,659.6607420426623,664.21728515625,86288000
SPY,2025-10-01,661.2161783670498,667.3979243492374,661.1065170498754,666.4806518554688,72545400
SPY,2025-10-02,668.4747085274895,668.5943501107935,664.8155382515555,667.248291015625,56896000
SPY,2025-10-03,668.0160736487628,670.6981508367895,666.1914481336265,667.2384033203125,70494400
SPY,2025-10-06,669.6412668959266,670.5286593813627,667.4876574687494,669.6312866210938,54623300
SPY,2025-10-07,670.5585274945992,671.0072138668005,665.7028804529681,667.1486206054688,72020100
SPY,2025-10-08,668.2753327277967,671.2266339865188,667.4477610054765,671.1268920898438,60702200
SPY,2025-10-09,671.5456907353398,671.9544560264949,667.2384109165724,669.1826171875,66501900
SPY,2025-10-10,670.1497521868876,671.9643973425017,650.9166069608107,651.0960693359375,159422600
SPY,2025-10-13,658.7036354539871,663.170417127303,657.8262232173948,661.0865478515625,79560500
SPY,2025-10-14,655.2338407773344,663.8683609233883,651.2456255038628,660.2789306640625,88779600
SPY,2025-10-15,664.855429242796,668.2553559603689,656.988660072404,663.2102661132812,81702600
SPY,2025-10-16,664.8554499895176,666.7398963555108,655.1740352792065,658.6936645507812,110563300
SPY,2025-10-17,657.5570092911896,663.7985760836355,656.2010306703355,662.4326171875,96500900
SPY,2025-10-20,665.3539499346838,670.2295576279439,665.3041094156895,669.3222045898438,60493400
SPY,2025-10-21,669.4617772299453,671.0071983826805,668.0060568363804,669.3121948242188,56249000
SPY,2025-10-22,670.0201576878661,670.0201576878661,661.3457774038759,665.83251953125,80564000
SPY,2025-10-23,666.1515932793667,670.7280970890292,665.8325287543602,669.7808837890625,65604500
SPY,2025-10-24,674.4670490970213,676.4710761570719,673.6594379369009,675.2546997070312,74356500
SPY,2025-10-27,680.7185156175003,683.5202343374859,680.1103274099472,683.2211303710938,63339800
SPY,2025-10-28,685.0257863269245,686.8802917495992,682.8123561492805,685.0357666015625,61738100
SPY,2025-10-29,686.6908448301914,687.6679989086465,680.8581046045199,685.3648071289062,85657100
SPY,2025-10-30,681.8851035842282,683.919071384824,677.8270874023438,677.8270874023438,76335800
SPY,2025-10-31,683.0217380676526,683.0616591685175,677.2388379885472,680.050537109375,87164100
SPY,2025-11-03,683.6498738048132,683.7794956694769,677.9367749059246,681.3267822265625,57315000
SPY,2025-11-04,674.1180423048241,677.9567360174515,672.5925816080086,673.2506103515625,78427000
SPY,2025-11-05,672.9913638051393,678.8540450990596,672.1837526501265,675.583740234375,74402400
SPY,2025-11-06,674.4769688014325,675.384321857154,666.7498016918889,668.3351440429688,85035300
SPY,2025-11-07,665.9421818455136,669.1028862313885,659.2619700189845,668.9931640625,100592400
SPY,2025-11-10,675.2447347362015,680.1701831536659,673.0412846911101,679.432373046875,75842900
SPY,2025-11-11,677.9467300747958,681.5560598909952,676.7302928180768,680.9877319335938,58953400
SPY,2025-11-12,682.7724572806613,682.9420002443612,678.9438047256676,681.3666381835938,62312500
SPY,2025-11-13,678.4950944095032,678.8540191634994,668.5445172010542,670.0599975585938,103457800
SPY,2025-11-14,663.4196879466924,673.669369761962,661.3159189526839,669.9503784179688,96846700
SPY,2025-11-17,667.7269573864955,671.7251529532939,660.2191128892804,663.7088012695312,90456100
SPY,2025-11-18,660.1493223141129,663.1604443809363,653.9277160969795,658.1353149414062,114467500
SPY,2025-11-19,658.8332701356088,665.3739409367662,656.8092216159307,660.6777954101562,94703000
SPY,2025-11-20,670.9274443593279,673.5696612658603,649.969414909385,650.6075439453125,165293500
SPY,2025-11-21,653.1200634979649,662.5920743656175,648.9324254696204,657.08837890625,123956200
SPY,2025-11-24,660.7375826041805,668.0858642133718,659.6408477705503,666.759765625,80437900
SPY,2025-11-25,666.6600618545837,674.2177464111714,662.5222643995295,673.03125,81077100
SPY,2025-11-26,675.6336030547216,679.6916195137131,674.7262499751725,677.6775512695312,71879600
SPY,2025-11-28,678.8540116786253,681.6557303234264,678.4950869285864,681.3765869140625,49212000
SPY,2025-12-01,676.8100876493213,680.9777652313311,676.7402865806703,678.2658081054688,61201200
SPY,2025-12-02,679.91089945233,681.8053259843603,677.3285642303521,679.5220947265625,62953800
SPY,2025-12-03,678.5648962284573,682.8920755410956,677.6874840363832,681.8751220703125,57238500
SPY,2025-12-04,683.2809493981625,683.3507504660292,679.3326553413237,682.3736572265625,61970300
SPY,2025-12-05,683.4504163312143,686.3618571461667,682.5630847287977,683.6697998046875,79241000
SPY,2025-12-08,684.5672069678625,684.6170474876437,679.5619773329797,681.6159057617188,55231500
SPY,2025-12-09,681.1373100558188,683.3707007727439,680.5789623765876,681.027587890625,58310100
SPY,2025-12-10,680.5490620813229,686.9401503769751,679.3027447895911,685.5443115234375,85671300
SPY,2025-12-11,683.1214313379483,687.2193077079016,680.1601500103427,687.1395263671875,86173700
SPY,2025-12-12,686.1424918468441,686.8504219479569,677.1690077077839,679.7514038085938,113160300
SPY,2025-12-15,683.7196756361553,683.7396361862291,677.2488060921288,678.7244262695312,90811000
SPY,2025-12-16,677.2288588584025,679.0734449717613,672.9913800472318,676.8699340820312,122030600
SPY,2025-12-17,677.8869129385677,678.4352803496147,669.2225131069573,669.4219360351562,110625200
SPY,2025-12-18,675.603604329658,678.7343677454887,672.9116078583543,674.4769287109375,108650100
SPY,2025-12-19,676.5900268554688,681.0900268554688,676.469970703125,680.5900268554688,103599500
SPY,2025-12-22,683.9400024414062,685.3599853515625,680.5900268554688,684.8300170898438,69556700
SPY,2025-12-23,683.9199829101562,688.2000122070312,683.8699951171875,687.9600219726562,64840000
SPY,2025-12-24,687.9500122070312,690.8300170898438,687.7999877929688,690.3800048828125,39445600
SPY,2025-12-26,690.6400146484375,691.6599731445312,689.27001953125,690.3099975585938,41613300
SPY,2025-12-29,687.5399780273438,689.2000122070312,686.0700073242188,687.8499755859375,62559500
SPY,2025-12-30,687.4500122070312,688.5599975585938,686.5800170898438,687.010009765625,47160700
SPY,2025-12-31,687.1400146484375,687.3599853515625,681.7100219726562,681.9199829101562,74144800
SPY,2026-01-02,685.7100219726562,686.8699951171875,679.8200073242188,683.1699829101562,89377200
SPY,2026-01-05,686.5399780273438,689.4299926757812,686.3800048828125,687.719970703125,71927200
SPY,2026-01-06,687.9299926757812,692.3200073242188,687.780029296875,691.8099975585938,69273800
SPY,2026-01-07,692.1900024414062,693.9600219726562,689.3200073242188,689.5800170898438,75588300
SPY,2026-01-08,688.8200073242188,690.6199951171875,687.489990234375,689.510009765625,64019200
SPY,2026-01-09,690.6300048828125,695.3099975585938,689.1799926757812,694.0700073242188,80125500
SPY,2026-01-12,690.6799926757812,696.0900268554688,690.6300048828125,695.1599731445312,63976000
SPY,2026-01-13,695.489990234375,696.0900268554688,691.3499755859375,693.77001953125,78309700
SPY,2026-01-14,691.0,691.719970703125,686.0399780273438,690.3599853515625,94676700
SPY,2026-01-15,694.5700073242188,695.4500122070312,691.25,692.239990234375,77862000
SPY,2026-01-16,693.6599731445312,694.25,690.0999755859375,691.6599731445312,79289200
SPY,2026-01-20,681.489990234375,684.77001953125,676.5700073242188,677.5800170898438,111623300
SPY,2026-01-21,679.6500244140625,688.739990234375,678.1300048828125,685.4000244140625,127844500
SPY,2026-01-22,689.8499755859375,691.1300048828125,686.9199829101562,688.97998046875,77112200
SPY,2026-01-23,688.1500244140625,690.9600219726562,687.1599731445312,689.22998046875,63059600
SPY,2026-01-26,690.489990234375,694.1300048828125,689.9199829101562,692.72998046875,60473800
SPY,2026-01-27,694.1799926757812,696.530029296875,693.5700073242188,695.489990234375,55506100
