ticker,date,open,high,low,close,volume
TXN,2020-01-02,108.82521452896773,109.22973428461889,107.67905807535459,109.19602966308594,4614000
TXN,2020-01-03,107.41780052223747,108.92633624057925,107.22397002357738,107.74647521972656,4057200
TXN,2020-01-06,107.08069622318799,107.30824420078825,106.10310150269414,106.99642181396484,4345400
TXN,2020-01-07,108.84207791963541,110.31690289339444,108.22686881694284,109.06120300292969,7184100
TXN,2020-01-08,109.00219896075633,110.03879944051354,108.76622800425534,109.35615539550781,3546900
TXN,2020-01-09,110.14834209409227,111.02481661330896,109.76068105861138,110.67928314208984,3526600
TXN,2020-01-10,111.08379103037385,111.08379103037385,109.4067129373443,109.55840301513672,3234000
TXN,2020-01-13,110.0387686042805,110.18203572633308,109.36456054916027,109.51625061035156,4313200
TXN,2020-01-14,109.51628361664555,111.12595277925212,109.41515687870687,110.1230697631836,4626200
TXN,2020-01-15,109.92078639853469,109.92078639853469,108.59766463082538,108.85891723632812,3392300
TXN,2020-01-16,109.55839311919604,109.7522235986842,109.0106062973798,109.6932373046875,5475900
TXN,2020-01-17,110.1988801187722,111.27760784864019,109.92920461602964,110.99107360839844,5487100
TXN,2020-01-21,110.4770107438895,111.40404857676273,110.04720930834888,110.2831802368164,8631500
TXN,2020-01-22,111.26078217425737,114.36212174593292,111.09223334700565,112.37321472167969,8899700
TXN,2020-01-23,110.75510279174887,113.27495038235348,109.26341957861845,113.14010620117188,8598700
TXN,2020-01-24,113.60362610161515,114.14298997194805,109.3477014316162,109.99662780761719,5606800
TXN,2020-01-27,108.42068728947369,108.92634665369711,106.38964618081967,106.44863891601562,5890900
TXN,2020-01-28,107.15654658759276,108.13414129800832,106.82787189420323,107.9065933227539,4397500
TXN,2020-01-29,107.49365981150127,108.3026993444305,105.71544199586425,105.75757598876953,4535000
TXN,2020-01-30,104.59466995712927,105.8254924756958,103.7458250543461,105.61328125,5521300
TXN,2020-01-31,104.71349266297926,104.95116816538264,101.82741911342738,102.41312408447266,5782500
TXN,2020-02-03,102.76115902624524,104.98513494166193,102.76115902624524,104.7474594116211,5396400
TXN,2020-02-04,106.95444309824238,108.07491795736756,106.41118295297996,107.35340118408203,4434700
TXN,2020-02-05,109.21235817887181,112.8199480206938,109.21235817887181,112.42098999023438,7281800
TXN,2020-02-06,112.89636401675519,112.89636401675519,111.60611622990727,112.48892211914062,3686600
TXN,2020-02-07,111.41087945165104,111.41087945165104,109.08504004825475,109.24632263183594,4331700
TXN,2020-02-10,108.27014536695857,110.09515631279115,108.05793418942723,110.0527114868164,2882500
TXN,2020-02-11,110.748777204807,112.03052813339916,110.4601730941057,110.94400787353516,2986800
TXN,2020-02-12,111.75040812115022,112.84542512121284,111.74192433634454,112.40402221679688,2839100
TXN,2020-02-13,111.94564229785806,113.22739312190596,111.33447308249085,112.73506164550781,4268700
TXN,2020-02-14,113.30380024234276,113.4226379962123,111.42786048823477,112.22577667236328,2605200
TXN,2020-02-18,111.28358226461954,111.86079063496004,110.85066303451762,111.40242004394531,3094400
TXN,2020-02-19,112.81145500248493,113.99984534918588,112.22576304177095,113.00669860839844,3931600
TXN,2020-02-20,112.5653082762716,113.11705220960016,110.63842697364024,111.59762573242188,2487800
TXN,2020-02-21,110.99492489823406,111.05435024253217,108.61816369697564,109.09352111816406,4121000
TXN,2020-02-24,105.26524049073885,106.32629644063614,102.92242714003758,103.08370971679688,7483800
TXN,2020-02-25,104.32301044889661,104.43335792374018,100.18064434588956,100.4862289428711,6347200
TXN,2020-02-26,101.25868136781068,102.4046203760169,99.84959610835158,100.83425903320312,5778000
TXN,2020-02-27,98.7630657443713,100.57959263035809,95.97885655374371,96.02978515625,8687300
TXN,2020-02-28,92.90604713708858,98.56784604420284,92.19302071827605,96.88713073730469,11431100
TXN,2020-03-02,97.75297151952198,101.07195136211448,96.19109370005285,100.98706817626953,7207500
TXN,2020-03-03,100.48621390175342,101.9632080581396,95.24884466570907,96.60699462890625,9217300
TXN,2020-03-04,98.27076841400026,101.08893314238425,97.05691998265632,101.05498504638672,5556500
TXN,2020-03-05,97.76144071317606,99.49308464587456,96.5221282515349,97.37946319580078,6162300
TXN,2020-03-06,94.29815262493177,96.65794628112849,93.49175276741367,96.05526733398438,6386200
TXN,2020-03-09,89.22206993396202,93.44082927094732,88.63636499890097,89.16265106201172,8454600
TXN,2020-03-10,92.37978506375235,95.18945939876815,88.91649657830645,95.1724853515625,9206200
TXN,2020-03-11,92.98246668914919,94.59527321747491,89.79929846594277,90.4019775390625,9636500
TXN,2020-03-12,84.39215813466645,88.89952894309381,81.95597742418376,82.787841796875,15158500
TXN,2020-03-13,87.69413362925602,91.22533027686322,83.57723861093953,90.01148223876953,16040100
TXN,2020-03-16,81.38724526046354,88.70429050221162,79.01896725364657,79.36699676513672,12389200
TXN,2020-03-17,81.51456915291146,91.36965828805658,80.73363345243938,90.1048812866211,16243500
TXN,2020-03-18,84.92692816953989,89.82476000859226,79.91874235739873,84.88448333740234,16413900
TXN,2020-03-19,84.3666812270869,89.12870090797833,82.43980644744899,86.2171630859375,9298500
TXN,2020-03-20,88.70428235732973,89.5531271645769,82.42282948846626,82.84725189208984,10253200
TXN,2020-03-23,82.63503569461776,86.54821053755194,80.57234267865934,83.5602798461914,9680700
TXN,2020-03-24,86.70949701296878,89.70591809996878,84.42610244445375,89.43428802490234,9385700
TXN,2020-03-25,88.55998154443293,89.83324877327628,83.61970495556758,84.17145538330078,11862100
TXN,2020-03-26,84.37517626827204,92.38826695245771,84.04412730709532,91.47151947021484,10441400
TXN,2020-03-27,88.27984770969373,89.12869239921001,84.94388782084788,85.30889129638672,7579200
TXN,2020-03-30,85.22401954535692,87.8045085244933,85.1391363602625,86.5991439819336,6950800
TXN,2020-03-31,86.59914044117144,87.59229374230226,84.4430804280054,84.82505798339844,8968000
TXN,2020-04-01,81.57398730406102,85.19855837420327,81.54852299521235,82.24457550048828,8229700
TXN,2020-04-02,81.70980257783806,86.76891682829435,81.57398430074946,86.5991439819336,8353400
TXN,2020-04-03,86.95566541417337,87.97427660748195,83.90830914342982,84.86750793457031,6587300
TXN,2020-04-06,88.77218971380532,92.99943314236454,87.86392604733402,92.49012756347656,7189500
TXN,2020-04-07,94.8074612787008,95.8600268341244,89.83323109860453,90.19823455810547,7762200
TXN,2020-04-08,91.83649567059418,93.94162656768034,90.16427083933816,93.51720428466797,5426500
TXN,2020-04-09,94.22176033060661,95.24886162553848,90.89429070924822,91.4120864868164,5902300
TXN,2020-04-13,89.55311956289599,92.05720894124775,89.38335320632588,91.39511108398438,5209400
TXN,2020-04-14,92.96545798999489,94.58675428887318,92.49859734445414,94.17930603027344,8142400
TXN,2020-04-15,92.59199214295211,92.64292075846967,90.62267247015339,91.65826416015625,5381300
TXN,2020-04-16,92.88058557280223,94.99421353985342,91.51394508692748,94.55281066894531,5777700
TXN,2020-04-17,94.73954616901635,96.81921284514405,93.9925652536604,96.38630676269531,6100000
TXN,2020-04-20,94.66317111545737,97.71901763672768,94.47643069575486,94.67166137695312,7957200
TXN,2020-04-21,93.54269367078506,94.00956089776639,90.40197052471441,90.6905746459961,8799800
TXN,2020-04-22,93.10129666878255,95.4610841448039,92.19303300406558,95.05364227294922,10961000
TXN,2020-04-23,94.84991754066947,96.68342544433345,93.52572170547124,93.76339721679688,5374000
TXN,2020-04-24,94.51885666885116,96.7682964338189,94.25571688250238,96.70887756347656,5570200
TXN,2020-04-27,96.76830837251268,98.66971893422337,95.93643760891752,98.27925109863281,4728000
TXN,2020-04-28,100.26555269334068,101.70009603854167,96.82772857420804,96.97203063964844,5762300
TXN,2020-04-29,98.40655885966508,101.58972624301985,98.35563025390601,101.35205078125,4936900
TXN,2020-04-30,99.77321637796742,100.15519393910985,97.77843243701032,98.5254135131836,5781000
TXN,2020-05-01,96.13861691978599,96.88288514204089,93.632066076232,93.8544921875,5839800
TXN,2020-05-04,93.17866240438217,94.66719882703087,92.25474459586488,94.53031921386719,4987000
TXN,2020-05-05,95.38580877908416,96.83156886618876,94.78697671584675,95.42002868652344,5242400
TXN,2020-05-06,96.15572961529631,97.39617011890323,95.79643041757586,96.17283630371094,3701300
TXN,2020-05-07,97.43039530346115,98.32009326516824,96.3439410438146,97.22508239746094,3601300
TXN,2020-05-08,97.49028398294215,98.84194095416511,96.45515625995138,98.3799819946289,4331200
TXN,2020-05-11,97.01977354903954,99.03869584157336,97.01977354903954,98.2773208618164,2723600
TXN,2020-05-12,98.49975206115454,99.12425397224482,95.24893253350196,95.54835510253906,3547100
TXN,2020-05-13,96.60058869563376,96.60058869563376,91.86123908093043,93.30699920654297,4653000
TXN,2020-05-14,93.24712898654882,94.4790197516383,91.03999354135718,94.40202331542969,4396100
TXN,2020-05-15,91.14262906316071,92.7081554066884,90.21015462713726,92.59693908691406,7237700
TXN,2020-05-18,95.11205705705352,98.50830621682717,94.32501875792663,97.88380432128906,6527200
TXN,2020-05-19,97.5416088073384,98.67083962341543,96.26694828260126,96.39527130126953,4594800
TXN,2020-05-20,98.4997494755684,101.65646580325172,98.07201041877791,100.50157165527344,4961600
TXN,2020-05-21,99.61186559139759,100.37324052886977,96.99409833698472,97.06253814697266,4381700
TXN,2020-05-22,97.12243463335476,97.41330060219819,96.08730684112628,97.0368881225586,3061600
TXN,2020-05-26,99.07292700816544,100.6127903595229,98.8162874674596,99.0044937133789,4822000
TXN,2020-05-27,99.6033130546567,100.92075008026589,98.84193808606395,100.79242706298828,4079400
TXN,2020-05-28,100.74112095502312,101.53671599181276,98.81629488473668,99.124267578125,3798200
TXN,2020-05-29,99.92840228463989,102.02432770327097,98.94460761710617,101.57947540283203,5953600
TXN,2020-06-01,100.74966372510136,101.28861916279999,99.94551866343045,100.82666015625,2842500
TXN,2020-06-02,101.45970954512705,105.16393158358296,100.80954430914313,104.9415054321289,7277700
TXN,2020-06-03,108.36341182087223,109.9032750465455,107.48227040215146,108.82537078857422,7650600
TXN,2020-06-04,108.11531975522715,110.3566747232787,108.03832985920481,109.99737548828125,5052500
TXN,2020-06-05,112.03342017849211,116.07126488984022,111.68267101693944,112.44404602050781,7788500
TXN,2020-06-08,111.77677939612349,114.02667807803981,110.89563793657268,113.65882873535156,5602500
TXN,2020-06-09,112.36704812989775,113.70159181169159,111.34046401754014,113.0257568359375,4450000
TXN,2020-06-10,113.30805212874522,113.59891149956383,112.05906162884992,112.40979766845703,4005700
TXN,2020-06-11,110.39944461366022,110.54487431527266,106.36158718616034,106.60111999511719,6013700
TXN,2020-06-12,108.87669315300512,109.27876889778216,104.71051905057543,106.05361938476562,5950800
TXN,2020-06-15,104.00046441835823,106.53267861787984,103.34174920341617,106.27603912353516,5152800
TXN,2020-06-16,109.73218187646647,110.46789358026058,106.48991902527617,107.88434600830078,3529000
TXN,2020-06-17,108.69703775231943,109.38997940342983,107.61058351251788,107.97843933105469,2934000
TXN,2020-06-18,107.55925518811077,108.32918019085568,107.01174324628731,107.77312469482422,3062500
TXN,2020-06-19,109.55253194681369,109.70652480468229,106.05362937761677,106.84066772460938,10377200
TXN,2020-06-22,106.73800507221767,107.32828707968902,105.31791474820608,107.13153076171875,3677600
TXN,2020-06-23,108.3291906457774,109.58675103768455,107.79024178648578,108.32064056396484,4679000
TXN,2020-06-24,107.18284088398624,108.47461450933078,105.33500524560368,106.07071685791016,4747100
TXN,2020-06-25,106.07929445973929,107.22563208959471,104.66775415552374,106.98609924316406,2617200
TXN,2020-06-26,106.6182420337686,106.84066818558459,104.71052936865811,105.54034423828125,9870700
TXN,2020-06-29,105.95096825515056,106.89199292086076,104.7276342316932,106.73800659179688,3540100
TXN,2020-06-30,106.42147768121276,109.24455151466509,106.378701165205,108.62005615234375,5572400
TXN,2020-07-01,108.3035440521879,108.525970222443,106.652470785271,106.76368713378906,4022000
TXN,2020-07-02,108.12389501367014,108.79116700141249,106.95188746675018,107.62771606445312,4799000
TXN,2020-07-06,109.0820185257005,111.66555961461498,107.96133773367737,110.8100814819336,4957000
TXN,2020-07-07,110.12569149612577,110.75874998560252,109.71506566559049,110.01448822021484,3778200
TXN,2020-07-08,110.92983543154595,110.98972515981193,109.23599257419582,110.57908630371094,3584300
TXN,2020-07-09,110.17701827531093,112.91455862622934,108.56017172227905,111.58000183105469,4977300
TXN,2020-07-10,111.40035412165508,112.27294539866764,110.32245646432848,111.6655502319336,2659200
TXN,2020-07-13,112.92309627605968,114.28330316653094,109.92037318800003,110.20268249511719,4861600
TXN,2020-07-14,109.32154359094878,113.11986179196185,108.39762570687273,112.8290023803711,4247500
TXN,2020-07-15,112.43548445015747,113.30807579845258,111.2891468878947,113.05142974853516,3625100
TXN,2020-07-16,111.93931303247439,113.51338958148735,111.64844056185876,113.07708740234375,3337600
TXN,2020-07-17,114.21489212753013,115.48955937098094,113.13699427268318,114.53997802734375,4666100
TXN,2020-07-20,114.80516720057064,117.20050867470749,113.94113895268866,116.8412094116211,4623100
TXN,2020-07-21,117.27750507629064,117.75657078695575,115.71197838022042,115.90018463134766,7715800
TXN,2020-07-22,115.147356538322,115.64352234512552,111.63134105397715,113.37651062011719,10911900
TXN,2020-07-23,113.77857543635184,113.90689191654839,109.77494461151763,110.39087677001953,7793500
TXN,2020-07-24,110.99829835021927,112.89746103101662,109.59531460034354,110.89564514160156,5077100
TXN,2020-07-27,111.51157007197256,113.20541297166785,111.246360909026,113.0257568359375,3874500
TXN,2020-07-28,111.98207296623606,112.76056113461946,110.97261511993963,111.3233642578125,3545300
TXN,2020-07-29,112.00774759393346,113.17976153250781,111.71688815661861,112.61514282226562,2818300
TXN,2020-07-30,110.64258760670963,111.86572715938867,110.03101783037009,111.02159118652344,4146900
TXN,2020-07-31,110.55648223334526,110.77182402722133,108.04128508637308,109.86738586425781,8044000
TXN,2020-08-03,110.38420991148575,111.54706097828041,109.97937281658922,111.39202117919922,4311800
TXN,2020-08-04,111.15081151126721,113.98471680166966,110.86657191731577,113.89857482910156,5361500
TXN,2020-08-05,112.40842337494756,114.38094854608475,112.39119235021118,114.30342864990234,4370200
TXN,2020-08-06,114.20867670652257,115.26816785188038,113.72631316558929,115.19925689697266,2961800
TXN,2020-08-07,115.19922708861279,115.51792867210224,114.10528732057371,115.04417419433594,2856700
TXN,2020-08-10,114.75131470685534,116.98225211967306,114.10528944607215,116.63771057128906,5526400
TXN,2020-08-11,117.84363816323147,119.58360349339762,116.84444911078599,117.18038177490234,5383800
TXN,2020-08-12,118.41213917939488,119.8506206943038,117.7058118313095,119.41993713378906,3073700
TXN,2020-08-13,118.9634234143887,119.38549807010544,117.96423431723497,118.13650512695312,2945100
TXN,2020-08-14,118.63608741708678,119.1356819140415,118.0072931120485,118.30877685546875,2062900
TXN,2020-08-17,118.74808300419322,119.93677394895523,118.54997222787303,119.10985565185547,2380400
TXN,2020-08-18,119.69560726922484,120.12629092454334,119.04095970135056,119.99707794189453,2760400
TXN,2020-08-19,120.30715646166927,121.34941656729914,118.89451476514101,119.2821273803711,3803200
TXN,2020-08-20,118.27432622131474,119.84202080886998,117.67998075995413,119.35965728759766,2761200
TXN,2020-08-21,118.97202890566659,121.01347802907686,118.17096374916098,120.87565612792969,4382500
TXN,2020-08-24,121.33218694069733,122.15048316970318,120.52249965224622,121.47000885009766,2841300
TXN,2020-08-25,121.95236742945028,122.50364190120912,121.43554186193005,122.02127838134766,2840700
TXN,2020-08-26,121.72837789233567,122.90844635180761,121.55609399579777,122.70171356201172,2974100
TXN,2020-08-27,123.22717934032141,123.37361017500369,121.03931261632468,121.87483978271484,2801000
TXN,2020-08-28,121.89205597205991,123.68370115229243,121.53890544315503,123.59757232666016,2884700
TXN,2020-08-31,122.87402006664118,123.40807664314937,122.15909689034147,122.4433364868164,4344600
TXN,2020-09-01,123.17551448674378,124.94992888619288,122.34859615883245,124.86380004882812,3563400
TXN,2020-09-02,126.14720466616265,127.80102786195418,125.3202996399761,127.17223358154297,4579200
TXN,2020-09-03,126.62096497544022,126.9999686062049,121.07375869261675,122.02987670898438,5866400
TXN,2020-09-04,121.32356241542007,122.76204390852536,118.61887022212038,120.9962387084961,5251600
TXN,2020-09-08,117.31820367387822,119.48024364087557,116.93059108350083,117.18038177490234,5893700
TXN,2020-09-09,119.0495676762437,121.32357658106824,118.17096944336906,120.31576538085938,5418500
TXN,2020-09-10,120.0918122588929,121.66811579651123,117.33543987484182,118.17096710205078,3985800
TXN,2020-09-11,119.05816455874164,119.73002986188877,116.4999031569817,117.46463012695312,3524400
TXN,2020-09-14,119.14428509230494,119.82475921260622,118.54993978258706,119.32516479492188,3120400
TXN,2020-09-15,120.4104947944711,122.15908200747226,120.04011326978757,121.14266204833984,2718700
TXN,2020-09-16,122.39166350787609,122.42612555653344,120.25547651083984,120.31576538085938,3591700
TXN,2020-09-17,117.50768375894084,121.04790263045953,117.07700026188706,120.93592071533203,5646100
TXN,2020-09-18,121.57334325193264,122.14184865159356,118.0072842393418,119.4371566772461,7025900
TXN,2020-09-21,117.0339484822783,118.11065740154095,115.69883993712817,117.99006652832031,6036000
TXN,2020-09-22,118.67914275708972,119.57497178644752,116.82720898710568,119.42852783203125,3213200
TXN,2020-09-23,119.8075605828579,119.8075605828579,116.04339012823112,116.42239379882812,5766400
TXN,2020-09-24,115.52655273755249,119.14430511899275,115.52655273755249,117.74027252197266,2911000
TXN,2020-09-25,117.10286092308806,119.81617532026951,116.06922297610353,119.1443099975586,3036000
TXN,2020-09-28,120.78091374720736,122.31414636139056,120.3502301332588,122.26246643066406,3454100
TXN,2020-09-29,122.56391997172582,123.21856738536704,121.62503297875188,121.8834457397461,2722900
TXN,2020-09-30,121.59057899928281,124.25220009649617,121.03068251660974,122.99459838867188,5599600
TXN,2020-10-01,125.27724039592557,126.81047287141502,124.02826065713963,124.82071685791016,4431200
TXN,2020-10-02,122.38304691103167,123.9765682610973,121.31494690762453,121.53028869628906,3928600
TXN,2020-10-05,122.56391944925382,124.23497373401808,121.943747226298,124.10577392578125,3052800
TXN,2020-10-06,123.90764617919922,126.74153777970936,123.14963902571301,123.90764617919922,3418700
TXN,2020-10-07,125.19108604445731,126.87074919214498,124.73456255158369,126.4056167602539,2845500
TXN,2020-10-08,126.47454911071983,127.74936890226127,126.24197628369802,127.53402709960938,2323700
TXN,2020-10-09,129.27397061959405,130.51434129544234,128.21449281039796,129.98890686035156,4209800
TXN,2020-10-12,131.427401042079,134.16654226435753,130.7813756809658,133.42576599121094,5147800
TXN,2020-10-13,133.60669064768376,134.26994718964278,132.3749284983313,133.07264709472656,3524000
TXN,2020-10-14,133.08121052523813,133.27932126851664,131.08283264087277,131.59104919433594,3267400
TXN,2020-10-15,130.77277119236223,131.8322491404929,129.94585291888603,131.4015655517578,2936000
TXN,2020-10-16,132.6246843319378,133.44298039206657,131.55658446964696,131.89251708984375,4599700
TXN,2020-10-19,132.0303596565561,133.44300129914632,129.4290271054548,129.85971069335938,4225400
TXN,2020-10-20,130.74696462852026,131.13459051110533,128.9381007979639,129.92005920410156,3916100
TXN,2020-10-21,128.42985900982114,128.73995173777718,124.60538641283699,125.87159729003906,6700600
TXN,2020-10-22,126.46592057301868,128.24033464895882,125.61316243502964,127.67182922363281,3167200
TXN,2020-10-23,127.84409590402134,129.20505741938234,127.75796708512596,129.1706085205078,3509100
TXN,2020-10-26,127.65464462145566,127.91305746724588,124.22640608801393,125.71656799316406,4290700
TXN,2020-10-27,127.163625076624,127.76657939848906,126.2333470614243,126.72431945800781,4102400
TXN,2020-10-28,124.63982044725753,125.63900946738717,122.10739899501351,123.17549896240234,7413600
TXN,2020-10-29,122.92389773933861,127.7995537007846,122.6115773395189,126.82789611816406,5600400
TXN,2020-10-30,125.79553549285816,126.61971049162166,123.652672553366,125.43983459472656,5427000
TXN,2020-11-02,127.06215337545825,127.44386658260129,125.11882476363911,126.31605529785156,3756600
TXN,2020-11-03,127.40920515194276,128.9100725061982,127.23569669421124,127.79093170166016,3588600
TXN,2020-11-04,130.8273654514527,133.16976253578332,128.7799340451672,131.8944549560547,5015300
TXN,2020-11-05,134.33225307562748,135.5988895779388,133.73363782908925,134.95689392089844,4638100
TXN,2020-11-06,135.38203469373366,137.25595769920324,134.41904758574344,136.84820556640625,4217700
TXN,2020-11-09,140.54391653710076,142.82559052933638,135.3906374793528,135.52944946289062,5308600
TXN,2020-11-10,134.80073847704656,135.64226812542722,131.018197071677,131.4259490966797,5697900
TXN,2020-11-11,134.41900145311638,135.28655663147615,133.29117707368042,135.07833862304688,3497200
TXN,2020-11-12,135.35598022959113,136.1454454837638,133.30854921299712,134.03729248046875,2607100
TXN,2020-11-13,135.89387132626482,137.05639233385241,134.6098930975538,135.9025421142578,2439800
TXN,2020-11-16,136.44046048521616,138.27967395350322,135.87654145389556,137.34271240234375,3456500
TXN,2020-11-17,136.54458691993088,137.3427365509931,134.6272830568805,134.9049072265625,3526700
TXN,2020-11-18,135.11308321607058,135.63360851511442,133.0916775387303,133.213134765625,2998400
TXN,2020-11-19,132.84005228942152,136.57921320444567,132.48436470666368,136.44041442871094,2465300
TXN,2020-11-20,136.4838112354983,137.72440900655772,135.81578992301198,136.05003356933594,3013000
TXN,2020-11-23,136.11948500197815,137.68977194992843,134.5925917247555,136.57061767578125,2803000
TXN,2020-11-24,137.61159403077593,138.34035041951512,135.9372189408904,138.2449188232422,4962800
TXN,2020-11-25,138.41844520742782,138.826197241091,136.43173623696808,136.72671508789062,3543700
TXN,2020-11-27,138.27096321339562,139.0604284485902,137.75042475609027,137.9326171875,3084400
TXN,2020-11-30,138.14082983586533,140.11885490556242,136.83082606886882,139.89329528808594,4845200
TXN,2020-12-01,141.09054121872302,142.56538277499365,140.2229858046997,141.83663940429688,4894400
TXN,2020-12-02,141.22931634547302,141.9060216337712,140.38779991377783,141.16859436035156,4212300
TXN,2020-12-03,141.5503181507891,142.76489020894448,140.19693407517525,140.52659606933594,4778600
TXN,2020-12-04,141.42020403933458,144.53473805328872,140.99511035638443,144.46533203125,3741600
TXN,2020-12-07,144.33515307422184,144.40455907813114,143.35482470887672,144.2657470703125,4645300
TXN,2020-12-08,144.2744487062639,145.08995280444617,143.1466241712851,144.60411071777344,3259900
TXN,2020-12-09,142.97309758403333,144.42191315898683,140.5092440279869,141.20327758789062,5593900
TXN,2020-12-10,140.68275732445863,141.29871411603173,139.48552688753898,140.5439453125,5597300
TXN,2020-12-11,139.33804321289062,140.50056402058985,138.48784281121348,139.33804321289062,4145800
TXN,2020-12-14,140.06676795999326,141.19459223524686,138.80014492978313,138.9129180908203,5994200
TXN,2020-12-15,140.56129106234278,141.17724781420895,139.85857349913482,140.8736114501953,5732100
TXN,2020-12-16,141.3594730412702,141.72384470538478,139.60700750047167,140.6480712890625,3147900
TXN,2020-12-17,141.33342607635146,141.4201736568793,140.03209322785287,141.14256286621094,5253400
TXN,2020-12-18,141.7324987008839,142.80827198974822,140.6307130510694,142.3397979736328,7072600
TXN,2020-12-21,140.1535677492333,141.2380119236504,138.42712785793748,140.91700744628906,3077300
TXN,2020-12-22,140.70874615788327,141.81054470343597,140.5959597729052,140.9950408935547,2640900
TXN,2020-12-23,140.717491585835,141.611072641853,139.51159003776294,139.65907287597656,2012400
TXN,2020-12-24,139.43347918597232,140.4138208429595,139.22526116281753,140.23162841796875,1044400
TXN,2020-12-28,142.07086346485355,142.07086346485355,139.6764153951324,140.08416748046875,2139300
TXN,2020-12-29,140.50923999585683,141.13386753427721,139.30333884904314,139.83253479003906,2433700
TXN,2020-12-30,140.44852743997845,141.52430078106792,140.3357410145052,141.1512451171875,2213800
TXN,2020-12-31,141.2987024874265,142.61739001682406,140.4485021503733,142.39183044433594,2906200
TXN,2021-01-04,142.79961877426766,145.61048969252346,139.4681961025712,140.73483276367188,4659900
TXN,2021-01-05,140.283686556089,141.8713143118701,139.91931492591937,141.7672119140625,4734100
TXN,2021-01-06,140.804235507355,145.27214025059016,140.60470148408226,142.46994018554688,5254400
TXN,2021-01-07,143.43291530851283,146.3565723512775,142.9904668835648,145.69723510742188,5673600
TXN,2021-01-08,148.45605880739978,149.87017818353374,146.4953885936035,148.4907684326172,4556500
TXN,2021-01-11,147.69263326777047,149.25422236795453,146.73831705068503,148.62091064453125,4553100
TXN,2021-01-12,148.60352760250268,150.65964247277608,148.32591681616663,149.47976684570312,3406600
TXN,2021-01-13,149.47109652113068,149.9569386079725,148.23916958607205,148.70765686035156,2953900
TXN,2021-01-14,148.43868635499953,149.68795460824796,147.7880200148774,148.9678955078125,3416300
TXN,2021-01-15,148.33461076435233,148.43004238283442,145.3762570670958,146.7816925048828,3734600
TXN,2021-01-19,148.51678014231533,151.5618941970973,148.51678014231533,151.11944580078125,6277800
TXN,2021-01-20,151.68335570376976,151.97832130968624,149.90486480576803,150.37335205078125,4329500
TXN,2021-01-21,151.31899106998597,152.22992676589453,149.314940481693,151.908935546875,3583900
TXN,2021-01-22,151.3797257075237,152.2125713638727,149.87017475335702,149.92222595214844,3736800
TXN,2021-01-25,150.408066938041,151.44914394931752,148.07434092624155,150.01766967773438,5401900
TXN,2021-01-26,149.28027367618841,151.1975638208589,148.61225226843536,148.75973510742188,5341900
TXN,2021-01-27,144.40456719747422,145.4196052407667,140.5786454080962,141.35076904296875,10011200
TXN,2021-01-28,145.64519918894302,148.4387285285765,143.26809271870408,146.81639099121094,6796600
TXN,2021-01-29,145.45477820958084,146.6330851136328,143.1592812310844,144.61688232421875,5969800
TXN,2021-02-01,146.0744519891885,150.9971325404414,145.7776978152247,150.52581787109375,5715600
TXN,2021-02-02,151.04079750988058,153.35375436895444,150.13306149559625,152.5245819091797,4861200
TXN,2021-02-03,152.5507689078104,152.96971682988365,147.06948587077605,147.13931274414062,5019200
TXN,2021-02-04,148.34380518844173,150.22907752460304,146.6854468873583,150.1243438720703,3519800
TXN,2021-02-05,150.82261810620446,151.15427915328928,146.6854651797507,148.317626953125,4045000
TXN,2021-02-08,149.54830568330556,153.08321351187925,149.11189763824996,152.84754943847656,4597600
TXN,2021-02-09,152.30638982976993,152.9348184062646,151.28519672249485,151.5994110107422,2777700
TXN,2021-02-10,152.91738170549925,153.7378309899766,150.66551451558811,152.18421936035156,3414600
TXN,2021-02-11,153.61563279190545,156.8014062129,153.12685790937533,156.4261016845703,4776000
TXN,2021-02-12,155.36123076693084,157.01957565573684,154.77644570997055,156.7926483154297,2532500
TXN,2021-02-16,157.10685213012314,158.67792331504694,156.09438255338193,157.7701873779297,3887600
TXN,2021-02-17,155.64056862176966,157.29019046798706,153.9298432577104,155.8238525390625,4315100
TXN,2021-02-18,154.86373435000178,154.94229791068508,152.04454243798224,154.0607452392578,4195100
TXN,2021-02-19,155.23904817043143,156.7315693315403,154.17421162697707,155.66673278808594,4248500
TXN,2021-02-22,153.6156117982028,154.41860089806508,150.71785636476883,151.07571411132812,4386900
TXN,2021-02-23,152.01832082669307,152.25398481329844,147.07818037981664,150.8662109375,6514400
TXN,2021-02-24,149.80141547395752,156.9061372349286,148.87623263786367,156.574462890625,5100500
TXN,2021-02-25,155.79765304736443,155.79765304736443,148.43108401607526,148.84130859375,6099600
TXN,2021-02-26,151.2415705818134,151.73908214440166,147.61938914580898,150.3600311279297,6060600
TXN,2021-03-01,152.3063866453689,155.23904883498997,151.07571293228798,155.07321166992188,4771500
TXN,2021-03-02,154.98594335380307,155.06449359737488,152.00090091692192,152.64678955078125,5401500
TXN,2021-03-03,151.94851715547338,153.28392441984383,148.69291757067143,148.89366149902344,4715900
TXN,2021-03-04,148.81511324872284,149.1206041456872,141.10814713450094,142.48719787597656,8318900
TXN,2021-03-05,146.23158460845622,147.35752468988025,141.4223733143956,146.58071899414062,5681200
TXN,2021-03-08,145.22783852399596,146.86873669424023,141.1954332873727,141.4921875,6065400
TXN,2021-03-09,145.90866197159266,149.99344813674824,145.14057956215294,148.6929473876953,7610300
TXN,2021-03-10,149.81884275395416,150.99714953712513,147.77645676003047,147.87246704101562,4270500
TXN,2021-03-11,150.56948452750942,153.26649611009137,150.5345777472107,152.69915771484375,5002700
TXN,2021-03-12,151.01466886561204,151.9573119985653,149.03337228103106,151.49472045898438,3514600
TXN,2021-03-15,151.40738846874376,152.82134608850194,149.9148672893541,152.66424560546875,3876500
TXN,2021-03-16,153.8338205108481,156.06822734736966,153.46723938780463,154.61062622070312,4132600
TXN,2021-03-17,153.12683711528908,157.26397632212198,152.23656108979603,156.53955078125,4004800
TXN,2021-03-18,153.75529104146597,156.9061577703809,152.07948568764962,152.18421936035156,4214400
TXN,2021-03-19,153.34503377003892,155.4048799096186,150.51710534576756,153.59814453125,8447300
TXN,2021-03-22,155.61437503734712,158.58195773824502,155.1430602080787,157.19418334960938,4476100
TXN,2021-03-23,158.7739406843023,159.3500023641966,155.10811663444352,156.04202270507812,4688500
TXN,2021-03-24,157.09816918857564,159.45476991327362,156.04205588420862,156.14678955078125,5056100
TXN,2021-03-25,154.95100081435095,156.62680569175453,151.65175788100743,155.78890991210938,4878500
TXN,2021-03-26,155.15176099522444,164.84874688980813,154.49714902210164,164.2639617919922,6363500
TXN,2021-03-29,161.34003623903928,163.82755374505234,160.37120998647652,162.50086975097656,4983600
TXN,2021-03-30,164.53448071332366,164.53448071332366,161.13922821636524,162.29135131835938,4458700
TXN,2021-03-31,163.74024727984656,166.22776428666012,162.80632799328666,164.95346069335938,5427500
TXN,2021-04-01,166.80386883283225,168.05198933914346,165.8525025746924,167.63304138183594,4581300
TXN,2021-04-05,169.32629216603374,172.45097482582807,169.00335453040023,171.88363647460938,4323900
TXN,2021-04-06,169.5183251580888,171.8050988240167,168.48839534918972,169.8412628173828,3506900
TXN,2021-04-07,169.72779510328644,169.75397851627656,167.15297740226717,168.5320281982422,3678900
TXN,2021-04-08,171.15046282755858,171.15046282755858,168.75895583834836,170.3736572265625,3157200
TXN,2021-04-09,168.7240364427724,170.68787218221036,168.2265383142004,170.57440185546875,3127300
TXN,2021-04-12,168.13924506472256,169.95470363363265,167.00458179438962,167.95594787597656,4504800
TXN,2021-04-13,167.7028875736145,168.45350996421078,165.62558096096308,166.9173583984375,4009300
TXN,2021-04-14,166.23653246961308,167.14425520186168,164.97093868173923,166.12306213378906,3555000
TXN,2021-04-15,167.51955586402613,168.91606668603947,166.55074296242074,168.6018524169922,4471900
TXN,2021-04-16,169.02955837237923,170.0071080804115,167.26646623343595,167.5195770263672,5792900
TXN,2021-04-19,166.14053891093934,166.79515094239596,162.97221241689218,163.2689666748047,5334900
TXN,2021-04-20,163.19915791962086,163.19915791962086,160.84255700825517,161.70664978027344,4258900
TXN,2021-04-21,164.0021077768154,165.08440432359322,161.4360401320678,164.8749237060547,4796500
TXN,2021-04-22,162.91984228428936,164.77893135963964,161.27022053116693,162.16921997070312,3853100
TXN,2021-04-23,163.23404336604187,165.84375454362782,162.78889870612704,164.80511474609375,3512400
TXN,2021-04-26,164.8400393479071,167.7377817016693,163.99340671594967,167.02207946777344,3842300
TXN,2021-04-27,166.76024201773978,168.0258226997436,165.6430384746355,166.0183563232422,3864100
TXN,2021-04-28,158.5382750110177,160.59812100885583,157.10685750866332,158.6953887939453,9434200
TXN,2021-04-29,160.27522192740466,162.38743525462831,159.4198525751832,162.1866912841797,4547300
TXN,2021-04-30,159.88726191395014,160.51915909465646,157.21049049725235,158.42161560058594,6193600
TXN,2021-05-03,159.2816886206479,159.5537528286296,155.83258243758328,156.9208526611328,5136100
TXN,2021-05-04,156.44689930765983,157.31576105160613,154.05096426974941,157.1226806640625,5222300
TXN,2021-05-05,158.8604342390301,160.7648973177444,157.51765606191066,159.422119140625,5257100
TXN,2021-05-06,159.66783948847942,162.22175591973325,157.93012909030455,161.7215118408203,4525800
TXN,2021-05-07,163.85416501671463,165.08285990103582,162.730795254356,164.78445434570312,4591400
TXN,2021-05-10,164.3719689763219,164.3719689763219,159.57132614935017,159.77317810058594,4580400
TXN,2021-05-11,156.57858198769767,161.07206082171786,155.70094856595165,160.78244018554688,4641300
TXN,2021-05-12,157.70198161967593,158.06181460485863,154.7004763547728,154.99009704589844,5297900
TXN,2021-05-13,157.965264760446,158.52694968709145,155.56054405394445,157.08763122558594,4361000
TXN,2021-05-14,158.5883629178233,162.2919771757373,157.53520544830425,160.84388732910156,4433500
TXN,2021-05-17,159.94872222515215,160.06281887749174,156.96477336745124,158.70248413085938,4162300
TXN,2021-05-18,158.9482191148599,159.60644430360927,156.73657873100686,156.98231506347656,3454100
TXN,2021-05-19,153.7965047543978,159.66786182633297,153.58586788602628,159.4835662841797,4780000
TXN,2021-05-20,159.97503139332844,163.71374523758092,159.97503139332844,162.62548828125,5387000
TXN,2021-05-21,163.84538755018968,163.84538755018968,161.60741962043642,162.37095642089844,3682300
TXN,2021-05-24,163.6347735077751,166.17991885001595,163.6347735077751,165.60067749023438,4175900
TXN,2021-05-25,166.28521756864453,166.46951310128955,164.88978354069243,165.60943603515625,4270100
TXN,2021-05-26,165.047757680631,166.55728840683742,164.0560275173981,165.31105041503906,4221600
TXN,2021-05-27,165.64455512843583,166.79425289518966,164.88978976674343,165.98683166503906,10107700
TXN,2021-05-28,166.79424391653907,167.65432096884936,166.10969088018254,166.59239196777344,3306500
TXN,2021-06-01,167.96151384297343,168.5319702964,165.03020759509806,165.87274169921875,4817300
TXN,2021-06-02,166.31155791476388,167.50514007979078,165.2934997816122,167.40859985351562,3137900
TXN,2021-06-03,164.72304046453448,164.87223655861422,162.2744354005272,163.23983764648438,4205300
TXN,2021-06-04,164.80202504883863,167.08387760919746,164.53873230854722,166.8118133544922,3462900
TXN,2021-06-07,166.04825487805314,166.5748403326618,164.69670518560665,165.47779846191406,2726100
TXN,2021-06-08,166.72401270533044,166.72401270533044,163.33634735465662,164.05599975585938,3063600
TXN,2021-06-09,165.0740840489352,165.10919688872303,163.38902931298358,163.634765625,2866900
TXN,2021-06-10,163.5381816978606,165.7849207453608,163.15202091314256,164.99505615234375,3188700
TXN,2021-06-11,165.06528363902834,165.6445248695061,164.06478214621322,165.5830841064453,2309400
TXN,2021-06-14,165.2232942277905,167.05755860181372,164.178921508478,166.9785614013672,3360300
TXN,2021-06-15,167.15408389004068,167.39103529532179,165.10041130289915,165.53045654296875,2600100
TXN,2021-06-16,166.67141179703307,167.18044092747712,163.50315374472967,164.75816345214844,3357900
TXN,2021-06-17,164.32807722400153,166.3378517514853,163.41533101875865,164.68789672851562,3222300
TXN,2021-06-18,163.24861213033117,163.51190487416557,160.1681231848568,160.6683807373047,7535200
TXN,2021-06-21,161.70396596513623,163.8015094113257,160.92287271676335,163.33636474609375,3771200
TXN,2021-06-22,162.79223621583003,164.36319422559524,161.7829496962793,164.15255737304688,3299700
TXN,2021-06-23,163.66109783812814,164.53873137302617,163.2310659766681,163.32760620117188,2473300
TXN,2021-06-24,165.0389839209604,165.6094403447291,164.5123984593088,165.53045654296875,2876700
TXN,2021-06-25,165.03899062820366,166.96978174668658,164.42464982572616,165.14430236816406,4639100
TXN,2021-06-28,165.84640007834946,168.83913346439797,165.84640007834946,168.0931396484375,3228700
TXN,2021-06-29,168.08440230592478,169.39206788862964,167.56658826890967,169.27798461914062,2108700
TXN,2021-06-30,169.24282178373122,169.3832463418383,168.05802472771285,168.76890563964844,2687600
TXN,2021-07-01,168.52319387285905,168.92689779661274,166.8030262648818,167.48757934570312,3455900
TXN,2021-07-02,169.05856116243262,169.20775726435676,167.54903033027284,168.68995666503906,2389900
TXN,2021-07-06,169.01463564783734,169.1813881304479,166.35540761363305,167.80349731445312,2619600
TXN,2021-07-07,169.1813949326504,169.37447535273918,165.85515683426723,166.55726623535156,2749500
TXN,2021-07-08,164.60893651148155,166.13602361684576,162.6869170108958,165.2057342529297,3146900
TXN,2021-07-09,165.14431452909176,167.5139225940701,164.11748481398865,166.9873504638672,3109200
TXN,2021-07-12,167.2330560087948,168.5231782472503,166.82933873084923,168.43540954589844,4069500
TXN,2021-07-13,167.8298252441682,168.90932392897693,167.38223704738914,167.80349731445312,2695100
TXN,2021-07-14,169.38326420025453,170.33988149392414,167.39103242088686,167.8737335205078,3590200
TXN,2021-07-15,167.16287327220013,167.87375434727875,164.46853168562947,165.22329711914062,4259900
TXN,2021-07-16,166.10970755599013,166.96101318003397,163.00287725605423,163.34515380859375,4337500
TXN,2021-07-19,161.73031749438968,163.52946903889526,160.93166771053401,163.4504852294922,4181300
TXN,2021-07-20,164.17011774085745,166.0306964457711,163.02919153078574,164.79324340820312,4287300
TXN,2021-07-21,165.3900367004104,170.48031387274796,165.3900367004104,170.47154235839844,6352800
TXN,2021-07-22,163.01161868825338,164.696673066104,161.07204314671688,161.40554809570312,12673900
TXN,2021-07-23,162.55289259136347,164.9710115574644,160.76136118815054,164.90042114257812,5983000
TXN,2021-07-26,163.5854336452005,166.78901543703137,163.54130454033188,166.14476013183594,4516600
TXN,2021-07-27,165.49168810082233,165.77409011596885,160.82310648701812,163.3824462890625,4649900
TXN,2021-07-28,164.43268221265436,165.47405916114474,163.28539270920774,164.90042114257812,2956700
TXN,2021-07-29,165.7740833592006,168.08631625388097,165.4387318215271,167.5303192138672,3081800
TXN,2021-07-30,166.35655321060557,168.51874444501442,166.24182024399954,168.22750854492188,2521600
TXN,2021-08-02,169.7984215629032,170.85746618387003,168.042199050213,168.31578063964844,2922600
TXN,2021-08-03,168.5011171162458,168.96003558990685,165.42110205430853,167.097900390625,3703400
TXN,2021-08-04,167.58326188205552,170.6544559271928,167.01844443161292,169.78076171875,3793600
TXN,2021-08-05,171.0339642258842,171.12220896422568,169.08357102007204,170.46914672851562,2769500
TXN,2021-08-06,169.7719464402251,170.88394059666064,169.61309782719815,170.2926483154297,2414300
TXN,2021-08-09,170.5750404210738,170.7956724594357,167.97158506166514,168.07748413085938,2395900
TXN,2021-08-10,168.15692481415903,168.15692481415903,164.87393215251902,167.37147521972656,3497100
TXN,2021-08-11,168.71287962267334,168.71287962267334,165.9152674209474,167.2390594482422,2339300
TXN,2021-08-12,166.66545495349243,166.85077833324257,164.29145195516986,165.80056762695312,3949600
TXN,2021-08-13,165.50932986950872,166.60366966664716,165.03277057484394,166.53306579589844,1923700
TXN,2021-08-16,166.3477196680653,167.64503699973733,166.00353426168147,167.54795837402344,2506100
TXN,2021-08-17,166.400697106541,166.56837962147188,163.35597746765905,164.4326629638672,3411800
TXN,2021-08-18,163.8943112239864,164.6444520834275,161.9968675920354,162.20867919921875,2862500
TXN,2021-08-19,161.28204048955777,164.12378258123422,160.58484908512247,163.3030242919922,3871700
TXN,2021-08-20,163.49715342397246,164.29143680573785,161.7850601958514,163.24122619628906,3855300
TXN,2021-08-23,163.97375804805358,166.48013514556587,163.770780313069,165.78294372558594,3529000
TXN,2021-08-24,165.84471447568683,167.26558555982436,165.5005289815821,165.7564697265625,3268200
TXN,2021-08-25,166.2418119880667,166.90370805550293,165.3239886997315,165.9947052001953,3163600
TXN,2021-08-26,165.6152124121575,166.4359570116225,164.65326009677085,165.8887939453125,3643700
TXN,2021-08-27,166.26828304302626,168.38635849134135,165.96822673106558,168.13925170898438,2859800
TXN,2021-08-30,168.90710286194602,169.70137300214873,168.3069900389154,168.94239807128906,2356500
TXN,2021-08-31,169.5337008779775,170.06320980649147,166.8949362720647,168.48348999023438,4227500
TXN,2021-09-01,169.25124721392956,169.25124721392956,166.065320059721,166.22418212890625,4536600
TXN,2021-09-02,166.98314978105094,167.16847314319784,165.95058004099135,167.15965270996094,2061400
TXN,2021-09-03,166.50659781817842,168.41286200720216,166.0918084770581,167.574462890625,2103400
TXN,2021-09-07,167.08903291644705,167.76858326759444,166.33887870720432,167.20376586914062,2295900
TXN,2021-09-08,166.3565462507386,166.83310549784545,165.13865316790654,166.62130737304688,2021600
TXN,2021-09-09,167.38028875675067,168.2363421221452,166.1447412920926,166.330078125,1827900
TXN,2021-09-10,167.09790315651145,170.72509496619193,167.09790315651145,168.25401306152344,3331700
TXN,2021-09-13,170.29262584547166,171.32518209283714,168.77467645627368,171.1927947998047,3687200
TXN,2021-09-14,172.0929543435229,173.2755385927388,171.03392347159362,172.19003295898438,3239600
TXN,2021-09-15,173.09024194998642,174.3787254451833,171.9429527175259,174.29930114746094,3995900
TXN,2021-09-16,173.49621231331912,174.15810845075706,171.96062189290237,173.69920349121094,2661500
TXN,2021-09-17,174.13162943018943,174.13162943018943,171.74880608686476,173.19615173339844,5819300
TXN,2021-09-20,170.2220203962726,170.98099508379923,167.46852362931253,169.96607971191406,4614300
TXN,2021-09-21,171.17517652018844,171.64291539140567,168.42167936424912,170.2926483154297,3093400
TXN,2021-09-22,171.87239644767413,173.59332403976674,170.9810476605682,172.9049530029297,3526100
TXN,2021-09-23,173.24030618087943,175.71138808843304,172.7902081341218,175.33189392089844,2756900
TXN,2021-09-24,174.1845781299936,177.3175557822628,173.96394609062693,177.0792694091797,3191500
TXN,2021-09-27,174.9435755019752,176.9027893421569,174.44936182450823,176.79689025878906,3022300
TXN,2021-09-28,174.29047375909673,175.72016492628748,171.69583907322482,171.9958953857422,4274600
TXN,2021-09-29,171.67819297825625,172.81666178670957,169.54247655784656,170.38970947265625,3436800
TXN,2021-09-30,171.63409733627208,172.08419538069182,169.53368917212734,169.63076782226562,3270800
TXN,2021-10-01,170.70743577044286,171.5017192884295,167.83921891027956,171.025146484375,2986100
TXN,2021-10-04,170.36326044953083,171.54585862913268,166.82432674496593,168.03338623046875,3934100
TXN,2021-10-05,169.64835864140505,172.28712228661175,168.28043750805296,171.1045379638672,3860200
TXN,2021-10-06,169.48951406741398,171.79291280802698,169.09237913964816,171.55462646484375,3103400
TXN,2021-10-07,172.80788713318987,174.51999441633473,172.1195160454142,172.3666229248047,2873200
TXN,2021-10-08,173.13439009382967,173.30207262027147,171.20166448810312,172.30482482910156,2574100
TXN,2021-10-11,171.99591128547718,173.17849577917357,170.60151518708295,170.6544647216797,2280200
TXN,2021-10-12,171.1398214750246,171.41340298975425,165.33278584535756,166.3388671875,6225100
TXN,2021-10-13,166.93903866443662,167.13319594704478,164.6091647394506,165.12103271484375,3796500
TXN,2021-10-14,167.1243563281949,169.9572776974554,166.73604177626524,169.8778533935547,3412800
TXN,2021-10-15,170.2043883810581,171.91649523552414,170.0102311006767,171.60760498046875,2648900
TXN,2021-10-18,170.47794611100704,173.02845170131323,169.1100249056739,172.0135498046875,2804600
TXN,2021-10-19,171.74879504964488,175.21712403840425,171.06924463824015,174.94354248046875,2666100
TXN,2021-10-20,174.8288154688653,176.52326774164158,173.90215830520228,175.9584503173828,3043300
TXN,2021-10-21,176.19672795595142,177.9000141738144,175.623090083409,177.64407348632812,3276300
TXN,2021-10-22,177.8735568565576,178.4648491194859,174.86413253956803,175.6848907470703,3649200
TXN,2021-10-25,176.5056107299928,178.50011928337037,175.67603220495235,176.68211364746094,4254900
TXN,2021-10-26,176.57625124597172,176.85865327928306,173.407978107576,173.8404083251953,5837500
TXN,2021-10-27,163.832535609018,166.37422115129795,161.98805489055235,165.12103271484375,10365500
TXN,2021-10-28,165.7123228872712,167.32735109950897,164.35322192631608,165.80056762695312,5123000
TXN,2021-10-29,165.50754098284602,167.25683042347833,165.36546354977187,166.4754180908203,4552200
TXN,2021-11-01,165.80945473123103,167.44331820536598,165.2322837569867,166.466552734375,4203900
TXN,2021-11-02,165.2944382904855,168.15368250494822,165.2589257039506,168.12704467773438,4009600
TXN,2021-11-03,167.54099577755576,168.81079100030314,165.75619349721342,167.99386596679688,3666900
TXN,2021-11-04,168.26915386817208,169.7964528130794,167.310151259794,169.6987762451172,4828000
TXN,2021-11-05,171.9541533854816,173.53472757999873,170.32919184838522,171.73216247558594,4510500
TXN,2021-11-08,172.30045770530202,173.49033927315932,170.24038911853006,170.80868530273438,5213900
TXN,2021-11-09,171.0484601420942,172.2205652371903,169.05941648013388,169.4145965576172,4314700
TXN,2021-11-10,168.3934158528487,169.57440906178493,165.5874476368461,166.06695556640625,4304600
TXN,2021-11-11,167.50546802986077,167.66530853784874,166.2623242977344,167.46995544433594,2554800
TXN,2021-11-12,167.745248385854,170.34697587322816,166.32450085501827,168.78416442871094,3121700
TXN,2021-11-15,169.796425872897,170.40912301569813,167.38116343854395,168.0293731689453,2985200
TXN,2021-11-16,167.91391575788498,168.9350684391316,167.07922783792748,167.39889526367188,3312000
TXN,2021-11-17,167.30122726954087,168.92620230425305,166.2711862285349,168.33126831054688,4167800
TXN,2021-11-18,169.21922261184767,172.40700854945163,168.8373912343575,171.7943115234375,4677300
TXN,2021-11-19,172.1672804811976,173.3749116497678,171.03956279344987,173.2949981689453,5129100
TXN,2021-11-22,173.77447956141884,174.84892151464842,170.68436992493784,170.93299865722656,4712300
TXN,2021-11-23,171.91862247544955,171.95413505557735,169.13041748634606,171.0572967529297,4881400
TXN,2021-11-24,171.2526767758551,171.9719251925931,168.80190188377546,171.90977478027344,6494000
TXN,2021-11-26,168.58877702712655,170.95076355847098,166.37774268848835,167.16802978515625,3324900
TXN,2021-11-29,169.66322882728426,172.91316563669702,168.544385905867,172.60238647460938,4576200
TXN,2021-11-30,171.65222326433505,172.88649199633326,169.60102973231085,170.81753540039062,8775600
TXN,2021-12-01,173.80114187186908,177.50394910216795,170.16049860802505,170.2759246826172,7279100
TXN,2021-12-02,169.12158617250824,173.0730222526307,168.7131168752447,171.89202880859375,4236700
TXN,2021-12-03,172.82435571888232,174.06749930979964,170.20485232139748,171.7144012451172,4901000
TXN,2021-12-06,173.3038675940131,173.37490631341905,168.4999808945331,172.80661010742188,4084600
TXN,2021-12-07,174.39605086217873,177.46841097219533,173.97870687369453,176.7313995361328,5815600
TXN,2021-12-08,176.26076488963426,176.26076488963426,172.1494893123684,174.3871612548828,4255900
TXN,2021-12-09,173.6590554968202,174.84003521412524,171.59897334934848,171.73216247558594,3626700
TXN,2021-12-10,174.05865662333042,174.3605610440029,171.20828704783048,174.0408935546875,3264200
TXN,2021-12-13,174.12967976806084,174.69797597052198,171.29707351465672,171.59010314941406,6178300
TXN,2021-12-14,169.57443751240356,170.20488418394305,167.07926155615968,168.95286560058594,6130400
TXN,2021-12-15,170.48900000978128,172.0074236277877,166.82170624672807,171.76766967773438,6342000
TXN,2021-12-16,172.26494960441363,172.46917745190717,166.68853891765406,167.15028381347656,5452300
TXN,2021-12-17,166.3866606076676,168.16258820156136,164.83272396301055,165.4276580810547,8427700
TXN,2021-12-20,163.0745103659494,164.3265422987263,162.29311160834519,163.59841918945312,4474300
TXN,2021-12-21,166.43103123240945,166.4843204362428,163.5984383861859,165.4897918701172,6089400
TXN,2021-12-22,165.15232525860026,166.05803821290374,163.5273505357661,165.98699951171875,3375500
TXN,2021-12-23,166.26232453618084,167.77186008428504,166.04920837497474,166.40438842773438,3266500
TXN,2021-12-27,167.00818576475461,170.44460036039308,166.99931100700243,170.346923828125,3405600
TXN,2021-12-28,171.19938526788076,171.25266091614964,169.0505149757905,169.68984985351562,2806900
TXN,2021-12-29,169.94736307415434,171.62561383703033,169.38794163677898,169.43234252929688,2754900
TXN,2021-12-30,169.48561303252964,170.3735766589156,167.83400014548175,168.18919372558594,2109200
TXN,2021-12-31,168.18921076633055,168.71310610715884,167.17693267165762,167.35452270507812,2813900
TXN,2022-01-03,167.66529076942683,169.2636143844202,166.45765975080465,169.24586486816406,3781500
TXN,2022-01-04,169.60103665396193,170.57780197062127,167.11473602457772,169.42344665527344,4137500
TXN,2022-01-05,169.07715999605418,170.14271365453087,165.7384080371107,165.88937377929688,5047400
TXN,2022-01-06,165.75620711230397,167.39894562337327,164.9747946033517,165.83612060546875,4502600
TXN,2022-01-07,161.58274381297062,163.4385845590826,158.85668894873214,159.33619689941406,7414200
TXN,2022-01-10,157.9687154149435,162.7015629208345,157.06300231907426,162.46182250976562,7195800
TXN,2022-01-11,162.0533564666846,165.23226777013275,160.90788938812398,163.95359802246094,5239300
TXN,2022-01-12,165.16124364340155,166.35111171675433,163.74049634289793,165.18788146972656,4240100
TXN,2022-01-13,167.7985160801443,168.38457542498216,163.03902969185125,163.51852416992188,5361100
TXN,2022-01-14,162.72819635813372,166.22677493586454,162.4973307113553,166.0580596923828,4731400
TXN,2022-01-18,163.03897953660757,163.7049521647105,160.95225988218596,161.8579864501953,7382800
TXN,2022-01-19,162.88806166329258,163.01237603807658,158.22625228501678,158.3239288330078,5207300
TXN,2022-01-20,158.75016741549666,160.3307418988962,153.95516830506583,154.01731872558594,6057800
TXN,2022-01-21,154.55896030048527,159.43388591791066,153.9107505897259,155.96194458007812,11527900
TXN,2022-01-24,156.08623619134715,158.6080494935257,151.94832267838942,158.3594207763672,11717600
TXN,2022-01-25,155.31368583445948,158.0663643209208,153.65318501712102,154.47012329101562,8157600
TXN,2022-01-26,161.84911868648902,162.71931916435605,156.44141041519433,158.3505401611328,12852700
TXN,2022-01-27,160.63262540645832,160.7391902622878,153.7065194938188,155.2249298095703,6752900
TXN,2022-01-28,155.35898616147418,158.63045768946213,151.4081982665982,158.4695587158203,7322100
TXN,2022-01-31,158.81816635511527,160.57010627616262,157.1734969689726,160.43603515625,6980800
TXN,2022-02-01,160.52540539564868,162.38460214358747,157.87963537513988,162.04493713378906,6233700
TXN,2022-02-02,162.27738529303647,168.26613752633773,162.2237568338302,167.899658203125,8993800
TXN,2022-02-03,165.5756282036384,166.74656138371432,156.31540601414844,156.9500274658203,11691400
TXN,2022-02-04,154.17017426883575,154.42939660775954,149.72776950716988,153.2227020263672,11408600
TXN,2022-02-07,154.17016069857993,154.18804139185656,150.97914571682298,151.9087371826172,6418900
TXN,2022-02-08,151.98026090784262,154.80481060192636,150.612680978797,154.30426025390625,4622000
TXN,2022-02-09,155.77014529018555,158.3891007823313,154.6885884129245,157.9511260986328,7140600
TXN,2022-02-10,153.88417717526423,158.0584267707079,151.7210764603927,152.5434112548828,7583400
TXN,2022-02-11,151.8908770940691,153.16908087677496,146.27753887332878,146.9479217529297,7564200
TXN,2022-02-14,146.5367757621695,148.06524124146927,143.9446201871662,145.2228240966797,7468000
TXN,2022-02-15,147.31443139639276,149.0663716843829,146.6619290778609,148.53005981445312,6969700
TXN,2022-02-16,147.29653754040768,151.02387878943466,146.79598711397057,150.38031005859375,4594300
TXN,2022-02-17,148.44068778841617,149.6205548410207,146.76919014200791,147.17141723632812,6807700
TXN,2022-02-18,147.7076880903755,150.26408190636397,146.62613109019907,149.03952026367188,6359100
TXN,2022-02-22,148.43171650534512,152.97244517401614,147.4931776784174,148.99484252929688,7293800
TXN,2022-02-23,150.18365780514287,151.9177171754119,147.814963256661,148.05630493164062,5893900
TXN,2022-02-24,146.3937592525848,151.89089402238068,144.07870672370322,151.5869903564453,7754800
TXN,2022-02-25,151.71213160216377,152.82050302325484,149.39707901774054,152.68643188476562,4830100
TXN,2022-02-28,150.72887574012765,152.4361069348917,149.2629725375037,151.9445037841797,5656600
TXN,2022-03-01,151.38139119967116,151.9623842320666,146.92110558956938,149.5311279296875,6049600
TXN,2022-03-02,150.60374239912463,153.30314077668407,150.02273576261027,152.04283142089844,5304100
TXN,2022-03-03,153.49088931326042,154.41154752140156,151.3367220484352,152.84732055664062,5154200
TXN,2022-03-04,151.4886554570225,153.52661839203816,150.29090794308743,151.93557739257812,6804700
TXN,2022-03-07,152.7221588429339,152.8204822107609,147.2697059706638,147.3859100341797,7064800
TXN,2022-03-08,147.33227785432084,154.36682432302786,145.15129676065467,149.57582092285156,7486500
TXN,2022-03-09,154.27745082331413,155.51989320394944,151.45290104148972,154.15231323242188,6047300
TXN,2022-03-10,151.48864127834787,155.01038798314212,150.69312085307507,154.41151428222656,6079100
TXN,2022-03-11,155.43945482431107,156.80703495359697,151.89984047991564,152.27525329589844,4869700
TXN,2022-03-14,151.91769573703192,153.42828027731468,148.45851101373083,149.02163696289062,4863200
TXN,2022-03-15,150.6842099843111,154.31321412483803,150.06745549598963,154.02719116210938,5138600
TXN,2022-03-16,155.31428053723192,157.73660302987446,153.2316230241042,157.61146545410156,5660400
TXN,2022-03-17,157.17349364573366,159.53324077912367,156.637195538448,159.52430725097656,4930700
TXN,2022-03-18,159.28295092632519,161.20472314088946,157.08410297498546,160.98126220703125,9031500
TXN,2022-03-21,160.25724558292535,161.97343764569086,158.86285146603038,161.3030548095703,5030600
TXN,2022-03-22,161.6785103604612,163.34106077970748,160.89192326005042,162.99246215820312,3802900
TXN,2022-03-23,162.6795718234551,163.57341562468287,160.02485464269068,160.06954956054688,4821100
TXN,2022-03-24,161.19576862991644,164.76220988182322,160.56114724449978,164.6549530029297,4169400
TXN,2022-03-25,165.06614824144245,166.4337282913518,163.75219664227853,165.271728515625,3738800
TXN,2022-03-28,163.7164712908722,166.06727175040396,162.68854250134842,165.9689483642578,3117000
TXN,2022-03-29,168.0158292233538,171.02807862706635,167.4080083143613,170.7331085205078,5835700
TXN,2022-03-30,169.83032991464276,170.6347839165433,166.8895896767433,167.551025390625,3865700
TXN,2022-03-31,168.15883851994286,168.5968132531596,163.73430079714623,164.00245666503906,7170700
TXN,2022-04-01,164.85162361035054,165.2538642757503,160.66844071317743,162.7510986328125,4631700
TXN,2022-04-04,162.27737721233834,163.88629910329632,161.40141393130773,163.31423950195312,4644800
TXN,2022-04-05,162.34886237005733,162.5455091076061,157.64723500372222,158.37124633789062,6956500
TXN,2022-04-06,156.42268903164668,160.54331012826796,156.26180366963695,158.433837890625,6932900
TXN,2022-04-07,157.53997892809414,159.93547390494535,156.69082999641853,158.74667358398438,4178500
TXN,2022-04-08,158.38022320988352,158.4785465970987,155.37690677373865,155.62718200683594,4504500
TXN,2022-04-11,154.42939196579596,155.92210942505764,153.54448172344266,153.6875,4347800
TXN,2022-04-12,156.79807963322128,157.64722852557466,154.08973397797166,154.63497924804688,4550800
TXN,2022-04-13,154.91207444649447,156.86066111899692,154.10762044235403,156.52099609375,5229100
TXN,2022-04-14,156.34223464758867,157.4148445642913,155.10872574194437,155.2249298095703,4578500
TXN,2022-04-18,154.63499551811955,158.7288022384555,154.63499551811955,157.81707763671875,3564000
TXN,2022-04-19,156.78917178949374,160.3019719942156,156.62827278494674,160.05169677734375,4671900
TXN,2022-04-20,162.32201462191816,164.16333038507165,160.06952477272435,160.37342834472656,4553700
TXN,2022-04-21,162.10751874043638,163.78794951760324,158.0047788040721,158.4159393310547,4735000
TXN,2022-04-22,158.48746994676767,158.7735065599209,154.57242904783558,154.91209411621094,6355900
TXN,2022-04-25,154.68860682619643,156.57461780170914,153.4461644818807,155.44837951660156,8737600
TXN,2022-04-26,153.23163574068315,154.1791216232781,150.4964759011059,150.55905151367188,9591700
TXN,2022-04-27,143.50661261922647,153.66961139686404,143.4619177052309,151.40818786621094,12570400
TXN,2022-04-28,152.0070562044753,158.10307673564265,151.9444942382494,157.1824188232422,8233600
TXN,2022-04-29,155.56458807652257,157.34334236723967,151.89088906130578,152.1769256591797,6698600
TXN,2022-05-02,152.44506541774047,155.63608074589666,150.23727010296867,155.52882385253906,5851500
TXN,2022-05-03,155.42157707396666,156.2349646331537,153.7411462274734,154.22381591796875,5438600
TXN,2022-05-04,154.79586831061178,158.09415423360016,149.5668900757304,157.5220947265625,10311500
TXN,2022-05-05,155.88635215816808,156.40478319516592,150.7467503446411,152.20372009277344,7740400
TXN,2022-05-06,151.042848170713,153.0586776332233,149.1530209230922,150.69187927246094,5724800
TXN,2022-05-09,149.48595087004162,151.60077174562798,147.67711371999704,148.43304443359375,7929700
TXN,2022-05-10,151.5288052487277,153.74260472194604,149.65696665011123,151.40281677246094,7033300
TXN,2022-05-11,150.04394894487712,153.2926669989201,147.80315258445296,148.20811462402344,5892800
TXN,2022-05-12,147.48812933936168,149.79192610814837,146.3902240461568,149.29696655273438,5936100
TXN,2022-05-13,151.5558034026045,153.5986155942863,150.80886680979077,152.75270080566406,5329900
TXN,2022-05-16,151.2498048935749,153.11263515705863,150.13389735067685,151.6367645263672,3648900
TXN,2022-05-17,154.8764971117308,157.58525590900766,154.17455943360972,157.46826171875,5851300
TXN,2022-05-18,156.04638604568487,157.40527632892295,152.69867689338352,153.2566375732422,5747200
TXN,2022-05-19,152.86066242315925,153.6525977159826,150.43087718492902,150.84483337402344,5399600
TXN,2022-05-20,151.7268067594686,153.25667092981305,147.7761509768204,152.81570434570312,6278300
TXN,2022-05-23,153.2296287478562,153.7875756512938,151.39378130475262,152.92364501953125,5384100
TXN,2022-05-24,151.44776588396624,152.51867454364523,149.7199184492487,151.06080627441406,5121700
TXN,2022-05-25,151.26778850416989,153.8685608640654,150.29587172076003,152.99563598632812,4712100
TXN,2022-05-26,153.27465475491036,157.33329626063747,152.347722866164,156.70335388183594,4536600
TXN,2022-05-27,157.95419211966063,160.5009710738561,157.95419211966063,160.15899658203125,5857900
TXN,2022-05-31,159.0521408502335,160.44700827753448,156.41536354901518,159.07012939453125,9408000
TXN,2022-06-01,159.74504836130333,159.8170437236283,155.41642847288506,156.96429443359375,4681600
TXN,2022-06-02,156.5863612744508,159.10614454704915,155.1374869225853,159.03414916992188,6521600
TXN,2022-06-03,157.36927550753967,157.93623047261516,154.77751080657953,155.08348083496094,4485500
TXN,2022-06-06,156.2713622564226,156.82031491814118,150.62886436446533,150.9708251953125,5603800
TXN,2022-06-07,149.49493737091305,153.05863212818986,148.70301588284875,152.85165405273438,4416100
TXN,2022-06-08,152.76168337287436,152.76168337287436,148.28007789111535,148.8200225830078,5112600
TXN,2022-06-09,148.4960567403174,150.04392297488278,145.30134607865332,145.40933227539062,5353200
TXN,2022-06-10,143.23152018250101,144.3744106880169,141.8996263738742,141.9896240234375,6511000
TXN,2022-06-13,139.3978201820348,141.224659536175,137.81396345219375,138.16493225097656,7765000
TXN,2022-06-14,139.6228210137563,140.33376671795375,137.72398602086167,138.659912109375,4772600
TXN,2022-06-15,140.13575334011188,142.1065832883353,137.97594759865908,140.31573486328125,5442100
TXN,2022-06-16,136.3561115783651,137.29202391050626,135.16820858925368,136.2211151123047,6843700
TXN,2022-06-17,136.6440682451521,137.87696995633843,134.17829228620238,135.16819763183594,11262500
TXN,2022-06-21,136.62608851995822,139.10986691288292,136.54508514897617,138.10195922851562,6283100
TXN,2022-06-22,136.75208420694744,138.53392502360165,136.03214422362143,137.32803344726562,4242900
TXN,2022-06-23,137.53501454064445,137.87698912977592,134.31329368747106,136.01414489746094,4318200
TXN,2022-06-24,137.69700168620645,140.504766469066,137.22905233215832,140.3427734375,6425900
TXN,2022-06-27,141.2786781327367,141.84561932774957,139.6048236301455,140.0457763671875,5762300
TXN,2022-06-28,141.05368670225462,143.07850987411496,138.65989245680024,138.7318878173828,4687500
TXN,2022-06-29,137.184050704004,137.94897582387682,135.83416830594317,137.49002075195312,4348300
TXN,2022-06-30,137.2290505922736,139.5508499827119,135.7891705305135,138.27294921875,6807900
TXN,2022-07-01,135.30321653621147,137.04005861352235,132.30647599399316,133.67434692382812,8740200
TXN,2022-07-05,131.14553929328176,134.70923401173968,130.00264902375937,134.17828369140625,8486400
TXN,2022-07-06,134.98822884723646,136.82406271760527,133.52135236628175,135.7171630859375,5238200
TXN,2022-07-07,137.83198347585594,139.84779889494914,137.83198347585594,139.2088623046875,5169400
TXN,2022-07-08,137.45400789883166,140.25276417149504,136.92304380459478,139.96478271484375,3467500
TXN,2022-07-11,138.69590945390846,139.5058471145772,137.34602708450743,138.19195556640625,4051100
TXN,2022-07-12,140.36075331254804,140.80171977795487,138.317927722937,139.0018768310547,4085100
TXN,2022-07-13,136.75207202116172,139.67681678578683,136.49108710625197,138.848876953125,3755400
TXN,2022-07-14,138.70491817160186,142.4935803514528,137.65201156585775,142.05262756347656,4758800
TXN,2022-07-15,143.26749718165976,144.6263874077148,141.86362186687637,144.473388671875,7466100
TXN,2022-07-18,145.53530197439548,146.37222235457213,143.10551673925866,143.69046020507812,4088700
TXN,2022-07-19,145.21132934753595,149.09898296812977,144.5723790601268,148.16307067871094,5390800
TXN,2022-07-20,147.4881681607172,150.3949114323983,146.2732683623474,148.7840576171875,5889100
TXN,2022-07-21,149.36900136247712,150.1249460338754,147.29917868616099,149.87295532226562,5466700
TXN,2022-07-22,150.9258126398194,150.9258126398194,146.57018295660487,147.49710083007812,5269700
TXN,2022-07-25,147.40716121289054,147.46115431195793,145.13036065745717,146.86720275878906,4201400
TXN,2022-07-26,147.74911234366036,147.74911234366036,144.52740530351568,144.74337768554688,6080600
TXN,2022-07-27,150.08890667936285,154.77750373656306,149.00000935406445,154.37252807617188,11623100
TXN,2022-07-28,154.71449306792186,158.23318921101108,152.6176744547393,158.16119384765625,6468800
TXN,2022-07-29,158.00722512128496,162.39154452768244,157.6720654341325,162.0473175048828,6624000
TXN,2022-08-01,161.18674398479206,162.2465854635656,160.10878165910654,161.9657745361328,4865700
TXN,2022-08-02,160.78816720608836,162.98937322672546,159.83702317086053,160.53453063964844,4442500
TXN,2022-08-03,161.25017947264956,166.79398488781572,161.1143076481775,166.1961212158203,6201100
TXN,2022-08-04,166.46783646946577,168.4788218946068,165.96961686915503,167.50050354003906,4533900
TXN,2022-08-05,164.89168650219486,167.28312722429087,164.48405723111816,166.94796752929688,3690100
TXN,2022-08-08,165.3174454116413,167.09291556466152,164.07643668287497,165.58920288085938,3547300
TXN,2022-08-09,162.99846337418924,163.23397912680122,159.5200067000403,160.97842407226562,5306400
TXN,2022-08-10,164.3662624785262,166.17796008384954,162.50021615658815,165.8790283203125,4276500
TXN,2022-08-11,166.15984699547496,168.18895338415066,164.5565044918571,164.91883850097656,3858300
TXN,2022-08-12,165.93340601838818,168.46978587326893,165.80658771675206,167.92628479003906,4160900
TXN,2022-08-15,167.47335023450324,168.17084394046202,165.7341219929138,167.9443817138672,2863400
TXN,2022-08-16,167.40086002277062,167.58202701727708,165.22681462222604,166.096435546875,4541600
TXN,2022-08-17,163.6053293188585,163.91331455024007,158.41482029481972,160.07252502441406,6869000
TXN,2022-08-18,160.16313224851265,163.35172405661254,159.24822989003587,161.6577911376953,4390400
TXN,2022-08-19,160.299012616523,160.7700440490535,158.63224028966823,159.83702087402344,4569500
TXN,2022-08-22,158.94930650868685,158.94930650868685,154.99980477863804,155.29873657226562,4919000
TXN,2022-08-23,154.30226594015963,157.51803162500872,154.2479172291057,156.2770233154297,3663900
TXN,2022-08-24,155.27154269507704,156.34043762082837,154.6736791829676,155.9781036376953,3037800
TXN,2022-08-25,157.30063327749798,160.7972100802693,156.9382992986,160.6160430908203,4350000
TXN,2022-08-26,160.78817800845667,161.1776863966023,153.47797083000015,153.53233337402344,6583500
TXN,2022-08-29,153.93997860830513,154.45630534184983,151.9652206349469,152.12828063964844,4625800
TXN,2022-08-30,152.38189695488606,152.95258616209784,149.24765380478652,151.04124450683594,5343300
TXN,2022-08-31,151.15898722322908,151.81119947531516,148.57732639569804,149.65528869628906,6489900
TXN,2022-09-01,147.97040572861502,150.79664953707237,146.9196178123891,150.51583862304688,5593800
TXN,2022-09-02,152.18259472057133,152.88915566171582,147.09172901074672,147.65335083007812,4466200
TXN,2022-09-06,147.75301103233406,150.1806793905558,146.6025790871568,147.74395751953125,5057000
TXN,2022-09-07,148.2602720038738,151.68437937518556,148.0881585196712,150.20785522460938,5332400
TXN,2022-09-08,149.6824617958963,152.67175180029784,148.4414395316446,152.5540008544922,5473200
TXN,2022-09-09,153.47798383545785,155.73355273913674,153.41458159529378,154.66465759277344,5196200
TXN,2022-09-12,155.12664680734127,155.37122991630784,153.27872086289005,154.5197296142578,5216800
TXN,2022-09-13,150.443403484085,151.58476824739031,146.7475379077493,147.33633422851562,7928700
TXN,2022-09-14,148.7675687311553,150.6698570491731,147.70772712157103,149.70059204101562,4792600
TXN,2022-09-15,148.75846882954497,150.0810001396608,146.4938471676924,147.35440063476562,6105400
TXN,2022-09-16,147.64432488278803,150.3075091769917,146.34895370074634,149.70059204101562,13417800
TXN,2022-09-19,148.1787666558687,150.9416086013828,148.1244179327041,150.59738159179688,4929500
TXN,2022-09-20,149.83645101034202,151.18615685530938,149.37445928330013,150.4252471923828,5220200
TXN,2022-09-21,150.85101313928322,154.22077208443372,147.82548119221318,147.9251251220703,6639800
TXN,2022-09-22,147.28195344932053,149.06647669563225,146.04094501325363,147.3091278076172,5696200
TXN,2022-09-23,146.04098313078794,146.6116724482826,143.395905596338,146.10438537597656,6936100
TXN,2022-09-26,146.43045703608797,147.83452547930466,144.93581200366265,145.35250854492188,4605800
TXN,2022-09-27,146.95585983694198,148.042875727806,144.3017292548977,145.5789794921875,4261500
TXN,2022-09-28,146.31268276333356,148.23307754315067,144.41039500517795,147.47216796875,4881500
TXN,2022-09-29,145.67862480367893,146.20400499522387,141.43019130738801,143.53175354003906,6699000
TXN,2022-09-30,142.41754866206918,143.84879141689214,140.11668498225865,140.207275390625,6074700
TXN,2022-10-03,142.5896722033057,145.515560147483,141.38489156225464,144.79087829589844,6668500
TXN,2022-10-04,147.6986625363857,150.1353982332823,147.28196597015275,149.60093688964844,7233100
TXN,2022-10-05,148.84909925411947,153.29680688926075,148.07912215316205,152.00144958496094,5262600
TXN,2022-10-06,151.9833191973326,153.22432770078473,150.1625679818127,150.8600616455078,4171000
TXN,2022-10-07,148.57735968911237,149.519436585363,143.67671318815627,144.28363037109375,8306400
TXN,2022-10-10,144.52821303948807,144.58256176881696,139.63662006750067,142.02806091308594,6573600
TXN,2022-10-11,140.05329041847466,140.71455620483823,137.14550954551868,139.00250244140625,9526900
TXN,2022-10-12,138.92094055065695,139.31951614247666,137.20888726554236,137.28135681152344,4526100
TXN,2022-10-13,133.7123565973699,142.02804285947826,132.2267649551952,139.8087158203125,7913800
TXN,2022-10-14,141.2218103226278,141.39392379146426,134.14713401075923,134.37359619140625,7470600
TXN,2022-10-17,137.68904187763843,138.1419663574991,135.45159384135417,136.77413940429688,5936100
TXN,2022-10-18,140.4881037105377,141.29430868511798,135.46063951078094,137.2451629638672,4866600
TXN,2022-10-19,136.44802716583413,138.61300553052837,135.75051962762288,138.27783203125,5060100
TXN,2022-10-20,139.40107821629368,142.01898082568525,138.06042579578084,139.24708557128906,6506200
TXN,2022-10-21,140.77796847870886,144.96298560536238,139.44636960710892,144.6821746826172,7706200
TXN,2022-10-24,145.1260398007945,146.73844953092433,143.74914577858453,146.43045043945312,5467600
TXN,2022-10-25,146.39423641183018,149.33824523889265,146.01378154514555,146.8924560546875,8611200
TXN,2022-10-26,138.20537475257063,145.98661356760562,137.08211712885037,143.00636291503906,12964700
TXN,2022-10-27,144.75464261523845,144.88146089576344,140.7960739161222,142.0008544921875,7050500
TXN,2022-10-28,142.3295933930494,147.6345367098714,141.97349605655054,147.33322143554688,6776100
TXN,2022-10-31,146.45664005078513,147.50668047047296,145.41573926137733,146.66665649414062,6298800
TXN,2022-11-01,148.1367023391523,149.22324555346572,146.602735210796,148.73931884765625,4972300
TXN,2022-11-02,149.0680328393151,151.90768547139186,144.52094113509872,144.7126922607422,6923900
TXN,2022-11-03,142.78611099008705,144.82225632528142,141.82738322690165,142.9139404296875,4555400
TXN,2022-11-04,147.56150478688295,148.55674950703568,144.64880409540368,148.51109313964844,6689900
TXN,2022-11-07,149.57024057518228,151.84379363175233,147.50670399546203,151.2868194580078,4928300
TXN,2022-11-08,152.88470368980532,155.07606985303596,151.35073622965083,153.4964599609375,5112300
TXN,2022-11-09,151.9259691110193,153.14948159966661,150.56548753544348,150.64767456054688,4800400
TXN,2022-11-10,157.1396038289246,159.96099129637713,154.19951261332292,159.50445556640625,9898200
TXN,2022-11-11,159.83315249832066,165.07417345504962,158.32657631813936,163.88719177246094,6911900
TXN,2022-11-14,163.4398007070089,165.37550785479078,161.841925560432,162.01541137695312,5447300
TXN,2022-11-15,166.22465018532068,166.74509363545081,161.44015106162266,162.13409423828125,6601000
TXN,2022-11-16,161.08404631597693,161.08404631597693,158.0070003167938,158.38136291503906,7664800
TXN,2022-11-17,155.84304413399468,160.18013395941225,155.79740170277788,160.11622619628906,5339800
TXN,2022-11-18,161.07494649567374,161.43104382301857,158.9109575688564,159.9518585205078,5474800
TXN,2022-11-21,159.25790598517884,159.48617382667788,157.29480812123228,157.4134979248047,4702700
TXN,2022-11-22,159.64141482987878,161.8967025086919,157.36787575269878,161.8145294189453,4673500
TXN,2022-11-23,161.61367665978977,164.1520146475406,161.15714085001636,163.4215545654297,3939100
TXN,2022-11-25,163.66805557949272,163.7045723068433,161.64103586860523,161.6775665283203,1586400
TXN,2022-11-28,160.43577906905102,160.72795466720422,157.39524968738286,157.9613494873047,5358800
TXN,2022-11-29,158.54571517634508,159.20312768996794,156.41825717147722,157.94308471679688,3134000
TXN,2022-11-30,158.29918603357328,164.81851534945386,156.10782022057765,164.7728729248047,9780300
TXN,2022-12-01,164.38937042056858,164.82765472838918,160.89231918299518,162.07017517089844,5479900
TXN,2022-12-02,159.91533410798345,162.51759332827456,158.39963214856922,162.21627807617188,3822900
TXN,2022-12-05,161.3762661624427,163.11109648504296,160.0979576694626,161.96975708007812,4875300
TXN,2022-12-06,162.65456542493502,162.67283075700485,158.12572440487767,159.1848907470703,4417900
TXN,2022-12-07,157.53221566033073,159.81489427817866,157.27655676972094,158.6461639404297,3242800
TXN,2022-12-08,158.65529027124657,161.1753763921027,157.82440583963725,161.02928161621094,3902700
TXN,2022-12-09,160.66406433254932,161.23016419384143,158.984002214671,159.11183166503906,3966700
TXN,2022-12-12,158.97489413652366,162.13412794917346,157.87921102158367,162.05194091796875,5347000
TXN,2022-12-13,166.29770025483947,167.1742410057526,160.58186431519792,162.07017517089844,6951000
TXN,2022-12-14,161.39449980012733,164.17937042823925,159.00225712894473,160.53622436523438,5114600
TXN,2022-12-15,158.44527740521588,159.3492230981826,154.3912381989851,155.23126220703125,6007300
TXN,2022-12-16,154.30905675486466,155.26778445016924,152.92118441435096,154.81124877929688,10423600
TXN,2022-12-19,154.88430990852362,155.10343813328336,151.61551254300318,153.03990173339844,4507000
TXN,2022-12-20,152.1724806935281,153.1951161885602,151.31419136061308,151.6520233154297,3777600
TXN,2022-12-21,152.48293602874836,154.22690588637766,152.02640029213532,154.0625457763672,3632100
TXN,2022-12-22,151.63377558070923,152.04465492828788,147.45190685559052,150.3828582763672,7188700
TXN,2022-12-23,148.85801587225416,150.47415600632013,148.17321238369294,150.09066772460938,2597000
TXN,2022-12-27,149.4332520646392,150.2824016847578,147.89015934090986,149.54281616210938,3535600
TXN,2022-12-28,149.38762507938657,150.8028886568213,146.84928748502514,147.17799377441406,2998600
TXN,2022-12-29,149.068049316806,151.6063869933734,148.6663095566445,150.67506408691406,4081600
TXN,2022-12-30,149.46066781234353,151.0128864901713,148.10932596801445,150.857666015625,3249000
TXN,2023-01-03,152.68381146059187,153.07642550292627,148.45628612015167,149.02239990234375,4294100
TXN,2023-01-04,150.93071240540908,154.9390954853022,150.93071240540908,154.46429443359375,6285300
TXN,2023-01-05,153.20424833075964,155.25865903781755,151.42376183778228,152.41900634765625,6876800
TXN,2023-01-06,154.87515548974517,160.84664982683233,152.86640133785068,159.93357849121094,6725900
TXN,2023-01-09,161.7506016047653,164.6998324161074,160.99276456263541,161.3214569091797,5733900
TXN,2023-01-10,161.27579575147186,164.00587014997447,160.54533589069428,162.8919219970703,4267700
TXN,2023-01-11,162.7275846075595,163.4854355348531,161.5497147096781,163.32107543945312,5013900
TXN,2023-01-12,164.09719647162748,165.42114724217504,161.60451539981656,162.64541625976562,4324900
TXN,2023-01-13,161.67755158912874,163.54021102391548,160.90143536408905,163.4488983154297,3736700
TXN,2023-01-17,163.2571764793453,164.1885132504674,160.06142643502173,160.15272521972656,5659400
TXN,2023-01-18,161.03839022846583,161.90581916055856,158.5000529792211,158.6552734375,5874300
TXN,2023-01-19,158.30832515771306,158.6278917910549,154.87516774734695,156.0712890625,5995700
TXN,2023-01-20,157.45003174126384,158.500058260286,154.99386748826572,157.9613494873047,7569900
TXN,2023-01-23,158.55484389071017,163.45804680911635,157.55959940311914,162.6819305419922,7847600
TXN,2023-01-24,161.38539238937702,163.0015328931506,160.09795819260202,161.65017700195312,5351600
TXN,2023-01-25,161.27579918160808,162.7184536059275,156.59173863464693,159.82400512695312,6720700
TXN,2023-01-26,160.0340205751226,160.0340205751226,156.8565222227979,158.96572875976562,6287900
TXN,2023-01-27,157.53223798812007,161.89671900945464,156.92960740382702,160.0066680908203,6074900
TXN,2023-01-30,158.48012925069284,161.09172839345925,158.36059360688273,159.20660400390625,5048900
TXN,2023-01-31,159.24339146227518,163.04125478299423,159.0686693194354,162.95849609375,5852400
TXN,2023-02-01,162.76536047191135,168.91734159582916,162.5446566266566,167.45521545410156,7835800
TXN,2023-02-02,169.0828851752464,170.53582081059372,161.6159126485547,169.86453247070312,11667100
TXN,2023-02-03,167.07820521517547,170.34271140938597,166.98624176060213,167.62994384765625,5732200
TXN,2023-02-06,165.9931118058064,167.89664605689669,165.00917009646537,166.44371032714844,4385700
TXN,2023-02-07,166.5080661888357,169.45071423715615,164.94477169698018,168.7334442138672,4799900
TXN,2023-02-08,167.17015133567932,167.90581686277386,162.27800153905827,162.3055877685547,5657600
TXN,2023-02-09,164.80685087722233,165.98391017030215,160.53081669879288,160.9170379638672,5572000
TXN,2023-02-10,159.87793006355747,161.97456807173495,159.18824613898184,161.6527099609375,5466400
TXN,2023-02-13,162.3239656218859,163.50102472463743,161.56071394825534,162.49868774414062,3443200
TXN,2023-02-14,161.07335151841372,163.36309269170454,159.42729836958327,162.158447265625,4179200
TXN,2023-02-15,160.7698938191193,164.33786251153066,160.71472136002473,164.14474487304688,3879700
TXN,2023-02-16,162.68263967434626,163.97924875780183,161.3124626253413,161.9193878173828,4212400
TXN,2023-02-17,161.09171981081715,162.84811773089024,160.4480178073392,161.22047424316406,4060800
TXN,2023-02-21,159.59283807815396,160.84346529438798,156.87087977282584,157.02720642089844,7030300
TXN,2023-02-22,157.26629590749351,158.1123063194755,155.18803982238452,156.1444091796875,4577400
TXN,2023-02-23,158.85716956579503,159.10545966416734,154.93977060937365,158.00196838378906,4856600
TXN,2023-02-24,155.73059320594973,156.44786316887829,154.30524401184502,155.5374755859375,4118300
TXN,2023-02-27,157.6065246048768,158.1858634252151,156.67775557133166,157.00880432128906,3310100
TXN,2023-02-28,156.28232993192955,158.69163462952335,155.73978210025803,157.6616973876953,3674500
TXN,2023-03-01,157.2846938699335,158.56290737006216,156.15361629123137,158.32382202148438,4649800
TXN,2023-03-02,157.36746188047823,160.85265797096625,156.4294879490549,160.08021545410156,4551100
TXN,2023-03-03,160.92622234474652,161.79981903114452,158.62727631125014,161.55152893066406,4379200
TXN,2023-03-06,161.19285705909442,162.30555285885157,158.90311631346626,159.1330108642578,4090100
TXN,2023-03-07,158.87556308376386,160.00664057968854,157.38583654373946,158.22265625,3844100
TXN,2023-03-08,159.64799568177864,162.1768361090663,159.13303405801346,162.048095703125,3805400
TXN,2023-03-09,162.17683575614114,163.60218498202275,159.06865649305567,159.49166870117188,4651200
TXN,2023-03-10,160.92622512367984,161.1745152284479,157.22951590911867,157.83644104003906,5929700
TXN,2023-03-13,156.49385996341357,161.68948682668346,156.2455838750621,159.90550231933594,5453400
TXN,2023-03-14,161.79982730472332,162.02972191982855,158.9307469983394,161.59751892089844,5034600
TXN,2023-03-15,160.2181594813147,161.04578855730767,158.05715840702885,160.36529541015625,4918300
TXN,2023-03-16,159.51005239738262,163.39065977572488,158.90312737345369,162.88490295410156,5028500
TXN,2023-03-17,163.57464648348642,164.68732873601297,160.5676205211267,161.57916259765625,12963300
TXN,2023-03-20,161.73544729394393,165.4045559893018,161.40439852134415,164.7516632080078,4964600
TXN,2023-03-21,164.770031122272,166.13101709306534,162.0756734701313,164.0619659423828,4217500
TXN,2023-03-22,163.1056371604436,166.8851054286718,162.0849044447424,162.1400909423828,4738000
TXN,2023-03-23,163.81370364099493,167.2621228099546,163.08724284332828,165.78160095214844,5083300
TXN,2023-03-24,165.36778867480265,165.97471379858058,163.37230519055075,165.07351684570312,5345400
TXN,2023-03-27,165.18385402269925,165.3493713810092,162.22281078306602,162.81134033203125,4453200
TXN,2023-03-28,162.18603556580314,163.30792232006544,160.23653387620428,163.21597290039062,4061500
TXN,2023-03-29,164.99993182929933,167.24370518341647,164.56774292642916,166.48045349121094,5227100
TXN,2023-03-30,167.36326559278166,169.6530208162976,167.23452518051485,169.42312622070312,5535800
TXN,2023-03-31,169.2208140318695,171.31745157380234,168.39318508743142,171.05076599121094,4793100
TXN,2023-04-03,170.42548401182435,171.20711731289234,168.0253835807252,169.34957885742188,4143000
TXN,2023-04-04,169.44151043060936,169.81854094108903,165.33099387225514,165.89193725585938,4724800
TXN,2023-04-05,165.05513750707257,165.27582735008798,161.0365702251098,162.9492950439453,5904900
TXN,2023-04-06,161.818215358438,164.81603595010168,160.53081118573658,163.79530334472656,3743000
TXN,2023-04-10,162.71937837756366,165.2758049447248,162.0388994116432,164.99073791503906,3488500
TXN,2023-04-11,166.20461432730056,166.79314397482372,165.06433199637596,165.40457153320312,3296900
TXN,2023-04-12,166.62758867614588,166.62758867614588,162.96767089363826,163.27113342285156,3559400
TXN,2023-04-13,162.40674246691344,165.4137677763972,161.3400281508396,164.7056884765625,3264200
TXN,2023-04-14,164.5218031792367,166.02070668724988,162.99529940536078,164.58616638183594,2741900
TXN,2023-04-17,163.94244112945648,166.02988809125642,163.48265191515318,165.57009887695312,2845800
TXN,2023-04-18,166.4528412736854,167.1149386856713,164.78840701331652,165.81834411621094,2774700
TXN,2023-04-19,164.72408199302305,165.02754454644653,162.72859856443776,162.8389434814453,3093900
TXN,2023-04-20,160.39285450379552,163.97001373251763,159.57443033161957,162.41592407226562,4710800
TXN,2023-04-21,161.47798322925456,163.28034915358157,160.79749011728816,162.78378295898438,6792000
TXN,2023-04-24,162.89411218826368,163.16078374210767,161.23886831300945,161.7538299560547,3360100
TXN,2023-04-25,161.46874703945642,161.88255445969477,155.72138278155975,155.76736450195312,7136000
TXN,2023-04-26,157.22032185677259,157.22032185677259,150.4982059257401,151.23387145996094,8647500
TXN,2023-04-27,149.64299220589123,152.29138254293287,148.14408892433636,151.97872924804688,6697900
TXN,2023-04-28,151.59247855774066,154.04775077605584,151.59247855774066,153.75347900390625,6575400
TXN,2023-05-01,154.6822821311716,154.76504081598665,152.760352694447,153.2753143310547,4831200
TXN,2023-05-02,152.96267416916518,154.0201977929623,149.6981679045232,150.7556915283203,7312400
TXN,2023-05-03,151.65689634415122,152.64085215095574,150.13959731367663,150.21316528320312,4398800
TXN,2023-05-04,150.2498955576897,150.69128920601756,148.38315276002177,149.24755859375,4309000
TXN,2023-05-05,149.61821753294936,153.83450042080457,149.38655301648788,153.658447265625,5494700
TXN,2023-05-08,153.65845514605326,154.3812473433074,151.4066685779303,152.17579650878906,3831300
TXN,2023-05-09,150.3317724925143,151.49937100334955,150.12790653473937,151.04530334472656,5736800
TXN,2023-05-10,152.72254244225212,152.89860977039757,149.22903691444768,151.0916290283203,4428800
TXN,2023-05-11,150.36883225413422,150.50782533027743,148.2097169200555,149.34950256347656,3320400
TXN,2023-05-12,150.2205584530274,151.00822356361803,148.60816812602528,150.00743103027344,2400800
TXN,2023-05-15,149.55337862198138,153.34340757790383,148.84912342239463,153.13954162597656,3789100
TXN,2023-05-16,152.89858145006497,153.87157525086502,150.9155337471483,151.39739990234375,4272900
TXN,2023-05-17,152.43527930118546,153.5194677368393,151.1101648152805,153.2136688232422,4910300
TXN,2023-05-18,154.1218067221343,157.68943249608128,153.8994036521442,157.3558349609375,4916300
TXN,2023-05-19,158.0786421398109,158.44931395800987,156.54966154133197,157.63385009765625,4790500
TXN,2023-05-22,157.31878798116074,158.56050674461102,156.6515928551938,158.32884216308594,3334000
TXN,2023-05-23,157.33730671072664,158.21764340845365,156.80911883177396,157.29098510742188,5601200
TXN,2023-05-24,154.6963328794776,156.1511790015573,154.00133918136544,154.81680297851562,7502500
TXN,2023-05-25,152.89860731385573,158.0044890496267,151.60129145312627,157.1797637939453,7747200
TXN,2023-05-26,158.75507218674355,164.0648191308566,158.1527359390443,163.3605499267578,8323200
TXN,2023-05-30,164.78765352084636,165.1212510872585,162.19300735316128,163.60153198242188,5677200
TXN,2023-05-31,161.96135200605602,162.90654752140978,160.46016994142965,161.1273651123047,8534000
TXN,2023-06-01,162.97138397652228,163.50884746512313,160.21920780782773,162.91578674316406,3955400
TXN,2023-06-02,163.55517102113546,163.67564111089175,161.3311970143979,162.37831115722656,4788000
TXN,2023-06-05,162.3412439322338,162.3412439322338,157.3187584445057,157.77281188964844,5520400
TXN,2023-06-06,156.97589566823638,158.95894367899854,156.5125665616127,157.86549377441406,4032400
TXN,2023-06-07,158.61606495291926,161.04390464521143,157.94886999112163,159.38519287109375,4422700
TXN,2023-06-08,160.37674655438713,161.09026321047637,158.84775199201923,159.5983428955078,3343700
TXN,2023-06-09,160.71031908144445,161.07172934059153,157.05002215051238,158.07861328125,4179000
TXN,2023-06-12,158.94966692877878,161.49797677058413,158.81067386600722,161.27557373046875,4709300
TXN,2023-06-13,163.61077236049877,165.23242423855712,161.5350670059807,164.3984375,5408100
TXN,2023-06-14,162.92504018374026,165.19534978796136,161.97056929559207,164.1296844482422,4748400
TXN,2023-06-15,163.31422497278987,166.242453756982,162.98988898918927,165.02853393554688,4224100
TXN,2023-06-16,166.28882508967453,166.640959759866,163.3327829217405,163.79611206054688,10374500
TXN,2023-06-20,162.10960707144082,164.04631954650597,160.71034397344528,161.5721435546875,3516000
TXN,2023-06-21,159.84855351634633,160.86788328159923,157.8840424847861,157.97669982910156,4034300
TXN,2023-06-22,157.53190883795259,159.9968232756469,157.35584150101968,159.96902465820312,3607800
TXN,2023-06-23,157.44849219003385,157.79135118634517,154.9372423417213,155.3820343017578,8541600
TXN,2023-06-26,156.13267011126433,158.44004034789072,155.69713955662317,156.37359619140625,4899600
TXN,2023-06-27,157.37436345079823,163.62004479511543,157.0593030570265,163.3791046142578,6257800
TXN,2023-06-28,161.8408521268287,163.44398102462912,161.49799311084797,162.1281280517578,3425300
TXN,2023-06-29,163.02697169123203,164.05556286735128,161.61846139611976,163.8238983154297,3704700
TXN,2023-06-30,165.7606116349612,167.2988533921748,165.25094683301649,166.81700134277344,6004400
TXN,2023-07-03,166.95599830103126,167.91045507071553,164.59301717485238,166.57606506347656,2007600
TXN,2023-07-05,165.6864954500747,165.74209268189398,163.50884293926865,163.58297729492188,3729100
TXN,2023-07-06,160.96051583820022,162.60996619364477,160.38599231699718,161.99838256835938,4555100
TXN,2023-07-07,161.3404587658601,164.08337324229,160.84933105408393,160.9605255126953,4585400
TXN,2023-07-10,161.7760263689925,166.54831150852445,161.75748924174314,166.2795867919922,5563200
TXN,2023-07-11,166.64093673060552,166.77066830595547,163.87949940405284,165.70501708984375,2755800
TXN,2023-07-12,167.73438850147494,169.48577185881143,166.80773034119784,168.99464416503906,5708600
TXN,2023-07-13,170.0418014337529,170.51439208587118,168.42014937648278,169.68966674804688,4441200
TXN,2023-07-14,168.29039098386116,169.60624388978619,167.10426965627576,167.5861358642578,3701300
TXN,2023-07-17,166.14054608765056,170.7460385734812,165.61235825474134,169.94911193847656,3918500
TXN,2023-07-18,169.05952526234947,170.69043861363375,167.72513518417045,170.2085723876953,3040500
TXN,2023-07-19,170.12519120193863,171.13524533937525,169.6062648245284,170.19932556152344,3686000
TXN,2023-07-20,167.40080653626586,168.80933102973657,166.13128926354815,166.72434997558594,7154600
TXN,2023-07-21,168.65181219636816,171.9599891457297,168.0587514443419,170.80166625976562,17251600
TXN,2023-07-24,171.04256411453594,172.12675246018827,169.85644280614628,170.40316772460938,4318500
TXN,2023-07-25,171.43174844909024,174.3229171955339,171.24641965708136,172.4325408935547,6267800
TXN,2023-07-26,163.9165832169555,164.66717416430632,161.43314580400792,163.09185791015625,11905100
TXN,2023-07-27,165.23242441741837,167.85486886839337,163.31424926078773,164.68569946289062,8300400
TXN,2023-07-28,166.5707031498617,167.53186629222014,165.1056206627718,166.4493865966797,7540400
TXN,2023-07-31,166.58001659313967,168.34370568269708,166.41205298414894,167.97044372558594,4065200
TXN,2023-08-01,167.0372877525224,167.475878418146,165.81483837179655,166.4493865966797,4028700
TXN,2023-08-02,164.47106747722418,164.87232338867457,160.23448567802026,160.9156951904297,6914500
TXN,2023-08-03,159.05868211193953,160.74771603068564,158.30281736280182,160.31846618652344,4515200
TXN,2023-08-04,158.26549354746416,159.45994892043112,155.94189723773894,157.18301391601562,6052800
TXN,2023-08-07,158.05086247521572,158.47080000545213,155.78326815929248,157.66827392578125,4315700
TXN,2023-08-08,156.1192088068702,156.2311845535186,153.44100354093035,155.58729553222656,4628000
TXN,2023-08-09,155.57795592140306,157.68691299429608,155.25134103568882,156.09120178222656,4701400
TXN,2023-08-10,157.37896733577983,159.14265641359086,155.77391530063605,156.36181640625,4975300
TXN,2023-08-11,154.71010962725924,155.25134945173775,153.63697078293396,155.09271240234375,5454800
TXN,2023-08-14,155.09273692028793,159.20801700659285,154.6261522639459,159.08670043945312,5933600
TXN,2023-08-15,158.42415607248168,158.78809152997675,156.41783353375064,156.9217529296875,3920900
TXN,2023-08-16,156.38979694957308,157.30431286644915,154.25284610011937,154.644775390625,4558400
TXN,2023-08-17,154.64479314652138,155.98855900484517,154.17820857010514,154.68211364746094,3987800
TXN,2023-08-18,153.5716591638474,155.689942955538,153.1983829475132,155.36334228515625,4456000
TXN,2023-08-21,155.5873014453362,157.31367021327983,154.99007370879391,156.72576904296875,3941800
TXN,2023-08-22,158.29350022443148,158.29350022443148,155.0460610686883,155.94190979003906,3035600
TXN,2023-08-23,152.97442602088793,159.10535473606913,152.97442602088793,158.48013305664062,4152900
TXN,2023-08-24,160.01984925446035,160.01984925446035,154.34617885142356,154.5234832763672,6003200
TXN,2023-08-25,155.36333219589434,157.20167650474227,153.6929514942155,156.59510803222656,3947500
TXN,2023-08-28,157.91089590023842,158.5641115037544,156.38049895527286,157.42564392089844,3995100
TXN,2023-08-29,156.84706658960096,159.8145375411663,156.52979250780416,159.2826385498047,3981700
TXN,2023-08-30,155.39134637539178,158.89073103763496,154.2715461312805,157.92022705078125,5120400
TXN,2023-08-31,157.53763262849932,158.91871907028005,156.77242704272206,156.8284149169922,6026500
TXN,2023-09-01,158.6201027464259,158.6574374897237,157.26701020204885,158.48013305664062,2611200
TXN,2023-09-05,157.78023837902077,159.47859879315394,156.9777123567952,158.39613342285156,2882200
TXN,2023-09-06,158.35879992065836,158.66674744497905,155.7459234856294,156.81907653808594,4244000
TXN,2023-09-07,154.69144271531025,155.26067642491074,153.0117355198473,153.70228576660156,6272100
TXN,2023-09-08,154.07554762855153,154.35550120083033,152.87176577849195,153.65562438964844,3301100
TXN,2023-09-11,155.39132203386973,155.54995907169086,153.1330545276026,154.7567596435547,3191900
TXN,2023-09-12,153.66496026287606,154.9900587302998,152.50782540557614,152.56382751464844,3739900
TXN,2023-09-13,152.95576336326928,154.4768194406681,152.60115451918568,153.3756866455078,3331900
TXN,2023-09-14,155.2980115666922,155.50330992321997,152.7038024131483,154.95274353027344,4071600
TXN,2023-09-15,155.1020409856284,155.37265375702887,151.5746487193447,151.751953125,9427900
TXN,2023-09-18,151.17338971422873,152.65712512183453,150.94942401082352,151.9479217529297,3180100
TXN,2023-09-19,151.60268014863527,152.5824964539354,150.62284960430264,152.2372283935547,3244400
TXN,2023-09-20,153.02107193745172,153.58097911833448,150.24023188087114,151.2667236328125,5035700
TXN,2023-09-21,149.67100180354203,152.0132512816212,149.63368130211617,149.68032836914062,4492700
TXN,2023-09-22,151.00543852207477,151.22006343941055,149.5030356226617,149.59634399414062,3715300
TXN,2023-09-25,149.2604037700133,150.16557899115696,148.58852083805036,150.14691162109375,3107600
TXN,2023-09-26,148.9431353367532,149.04578451745655,146.8528312201716,147.40341186523438,4164000
TXN,2023-09-27,148.60718365825562,148.8498025055241,145.47173481810262,147.5713653564453,4232000
TXN,2023-09-28,147.5713778432369,150.5948512003335,147.50606340303568,148.4578857421875,4271400
TXN,2023-09-29,150.0909412102398,150.38956220986518,147.73002410820447,148.38323974609375,3664600
TXN,2023-10-02,148.84980977944383,149.90429550227591,147.28209240227233,149.26040649414062,2922300
TXN,2023-10-03,147.54338608488044,149.68033733555012,145.8916725769716,146.74085998535156,3510700
TXN,2023-10-04,147.12345482077626,147.88864613619822,146.0316486001058,147.41273498535156,4129900
TXN,2023-10-05,147.87001946007777,148.523235148409,144.4359488943687,144.743896484375,4389200
TXN,2023-10-06,143.96003535491784,147.53407556842717,143.29747887083278,146.50758361816406,5016200
TXN,2023-10-09,145.4157568444561,146.35825260197728,144.3612711013945,146.24627685546875,2747000
TXN,2023-10-10,146.24626237198532,148.57918512008484,145.83566569007493,147.12344360351562,3657400
TXN,2023-10-11,145.87305573627995,147.69273332192984,145.3318157448238,146.8155517578125,4452400
TXN,2023-10-12,147.47804807974177,147.6926872390788,143.92267585119023,144.64122009277344,5643300
TXN,2023-10-13,144.93986265591167,145.08915892239574,142.02836475445264,142.54161071777344,4319100
TXN,2023-10-16,143.11081012296722,144.38924720111612,142.85885048541658,143.9879913330078,4872200
TXN,2023-10-17,142.6069469488836,144.55726747366018,141.73909204879885,143.95069885253906,5098900
TXN,2023-10-18,142.7002293862785,143.73604774628842,141.3284695516969,141.6737518310547,4837500
TXN,2023-10-19,142.62557001749968,143.20414457526746,140.41396367997874,140.85255432128906,6041100
TXN,2023-10-20,141.3004578058183,141.66439317081432,137.74508595415784,137.9317169189453,5391500
TXN,2023-10-23,137.4371398778604,138.74357088393074,136.25201116869158,136.5413055419922,5398200
TXN,2023-10-24,137.02655630622112,137.7451005477615,136.19603632175082,137.10121154785156,7024400
TXN,2023-10-25,131.96878834429413,134.92693303971112,130.76500632514964,132.31405639648438,12349200
TXN,2023-10-26,132.66865337220926,136.8305939530668,132.51934289418952,134.38568115234375,7888800
TXN,2023-10-27,135.197547294321,135.39350483658015,132.836630548803,133.55516052246094,5327500
TXN,2023-10-30,132.6605209415891,133.16905943356997,131.3515264819396,132.3120880126953,6640800
TXN,2023-10-31,132.59460824009207,134.70405867440354,131.8694774685208,133.7340850830078,6570300
TXN,2023-11-01,134.32739542655597,134.95834824035356,132.6134666906315,134.82650756835938,7503200
TXN,2023-11-02,136.4933407038781,139.19608124996788,136.07898026415285,138.7252197265625,6297900
TXN,2023-11-03,140.59927149208713,142.75581121861632,140.39209124609943,141.47506713867188,5818700
TXN,2023-11-06,140.862945350621,141.44680908401418,138.0660265478274,138.90415954589844,6601400
TXN,2023-11-07,138.24494834135595,138.65930878766216,137.0301175447261,138.04718017578125,5193000
TXN,2023-11-08,137.9059376717166,138.27320911820803,136.0507419531547,136.7570343017578,6901400
TXN,2023-11-09,137.4256420250148,137.96243107744598,134.82649149993983,134.92066955566406,7061200
TXN,2023-11-10,136.54042537182315,138.97948453651654,134.7417309611353,138.61221313476562,7214700
TXN,2023-11-13,137.70819210035006,137.87770976401453,136.72880620542946,137.36917114257812,4345400
TXN,2023-11-14,141.46565843061154,142.29437943419032,140.23200335363757,141.1925506591797,7051600
TXN,2023-11-15,142.20960301657087,144.68633941761405,141.39972055950895,143.0194854736328,5957000
TXN,2023-11-16,143.10425759665634,144.07423130108165,142.02126734182804,143.038330078125,5599400
TXN,2023-11-17,143.42443227294626,146.43794334569932,143.0477344078807,145.60922241210938,7524200
TXN,2023-11-20,145.0441924641325,147.17248144689034,144.97826495130164,146.47560119628906,5836900
TXN,2023-11-21,145.64690094876966,145.64690094876966,143.58452502022695,144.4885711669922,3877600
TXN,2023-11-22,145.49623124843131,147.05949517526307,144.34732781975305,144.95944213867188,3159800
TXN,2023-11-24,145.3267199381622,145.43029568741838,144.2343176615317,144.63925170898438,1604800
TXN,2023-11-27,143.67868915601412,144.41323196765936,142.57686056899325,143.70693969726562,4130700
TXN,2023-11-28,143.24548607074865,144.11186950619648,142.5956949017746,143.98944091796875,3883800
TXN,2023-11-29,145.77873532866852,146.76754743434603,144.03654188678172,144.27197265625,3647100
TXN,2023-11-30,145.66574369441437,145.69400861157288,142.4544783706557,143.81056213378906,6641400
TXN,2023-12-01,144.18721654832794,146.25900438137174,143.05715176389978,146.1648406982422,4095500
TXN,2023-12-04,145.57154284752,148.3590348764186,145.0441802674339,148.24603271484375,6572000
TXN,2023-12-05,147.34201303821808,148.54741754246925,145.81641173631024,148.08596801757812,4935600
TXN,2023-12-06,149.85641115888166,150.30843425253752,146.86172403571834,146.95590209960938,4952200
TXN,2023-12-07,147.69984655299083,149.44204002398968,145.66572122210175,148.4908905029297,6495400
TXN,2023-12-08,148.12361174007933,149.09359969847873,147.18188869307897,147.87876892089844,4732100
TXN,2023-12-11,149.32903908458846,151.83401161342118,148.7828379614365,150.64744567871094,7585500
TXN,2023-12-12,150.58152676913906,150.58152676913906,148.26489585429044,148.7169189453125,4714400
TXN,2023-12-13,148.81109413906907,152.82282952983414,148.7545930499752,152.38021850585938,5940900
TXN,2023-12-14,154.13179533755482,159.35836064620312,153.65152180037438,158.94400024414062,11428500
TXN,2023-12-15,160.29070709860022,161.1194137169559,157.96464971898638,158.81219482421875,16337400
TXN,2023-12-18,158.63327332630578,159.12297342353693,156.19421363840934,157.66329956054688,5015200
TXN,2023-12-19,158.45430967201497,159.0570118281305,157.34308340930787,158.68032836914062,4379400
TXN,2023-12-20,158.25658839315525,158.76511260420372,155.45025724943454,155.5538330078125,5098700
TXN,2023-12-21,157.0605708688842,157.80454013357357,156.01525769702522,157.0888214111328,4040100
TXN,2023-12-22,157.51258693543548,159.07585059517726,157.09824087763005,158.43548583984375,3492400
TXN,2023-12-26,159.09471046596224,161.5337699635938,158.63326095172593,160.85572814941406,3202200
TXN,2023-12-27,161.24182390432873,161.61850738149215,160.40369095351957,161.25123596191406,3264900
TXN,2023-12-28,161.97637357979613,162.268305442352,160.7615571005515,161.7126922607422,3023000
TXN,2023-12-29,161.54317133128282,161.69385047325207,160.0175845351172,160.526123046875,2920600
TXN,2024-01-02,159.00996155358592,160.02700992271104,157.65387790201234,159.39605712890625,5652500
TXN,2024-01-03,158.20008797809487,158.6803616444534,156.52382180583663,157.02293395996094,5874900
TXN,2024-01-04,153.03001236883165,156.0529500126909,152.93583430570578,154.8852081298828,6445700
TXN,2024-01-05,155.29012899717006,156.54262240866532,154.58383669238688,155.47848510742188,3087200
TXN,2024-01-08,155.58206213623907,158.84041564800393,155.00761053520966,158.71798706054688,5717500
TXN,2024-01-09,156.3260286358138,160.58262090889048,156.3260286358138,158.80276489257812,5018500
TXN,2024-01-10,158.68032759365659,158.69916607737986,155.48788715631704,157.503173828125,4045200
TXN,2024-01-11,157.41842646027268,158.09646819710863,155.41255179133688,155.9493408203125,5635600
TXN,2024-01-12,156.94759445723398,157.46554509938406,154.33901712826417,155.26190185546875,4205000
TXN,2024-01-16,154.81927552114928,155.83633821733576,153.1241853970596,154.32958984375,6682800
TXN,2024-01-17,153.08649152666112,153.42551238796688,150.9487762520511,152.95465087890625,4079000
TXN,2024-01-18,155.07353383966563,157.62560964291816,153.6703613137972,157.18299865722656,6583700
TXN,2024-01-19,160.9404888654252,164.95223888729151,160.31896247531768,163.5302276611328,13345800
TXN,2024-01-22,163.85983227463828,166.35539293789546,163.5019728702636,164.64146423339844,6850700
TXN,2024-01-23,164.6509001072501,166.28009177998308,164.1046988629853,164.18003845214844,9459400
TXN,2024-01-24,161.30773288068454,162.82390754687475,158.71799452579492,160.15884399414062,15100400
TXN,2024-01-25,161.09117150205307,161.53378256443503,157.10768631017157,157.66329956054688,7088200
TXN,2024-01-26,156.51436465861417,156.51436465861417,153.76453513630005,154.52732849121094,8800900
TXN,2024-01-29,154.51790897637923,156.6273736340875,153.9057804149,156.36367797851562,6076600
TXN,2024-01-30,154.61727379406364,155.45253445093263,153.3264229984249,153.8105010986328,4897600
TXN,2024-01-31,152.2538853674259,154.87354672061485,151.21931038025934,151.97862243652344,8665200
TXN,2024-02-01,151.12437658503913,151.74132120027073,148.69454344764688,151.5704803466797,6542100
TXN,2024-02-02,150.32709330258243,151.67489094528665,149.7481084822776,151.1053924560547,4922400
TXN,2024-02-05,151.85525299586396,151.85525299586396,149.57727321617074,150.82066345214844,4190100
TXN,2024-02-06,151.07690761094298,151.57995829596442,149.33046695038004,150.3175811767578,4139800
TXN,2024-02-07,151.79825847941274,152.13995464777108,150.18469887219993,150.69725036621094,4627900
TXN,2024-02-08,151.20979344106902,152.87081373218132,150.70674274011083,152.0640411376953,3487700
TXN,2024-02-09,153.0796365315517,154.2186190344426,152.46269190001237,154.14268493652344,3919500
TXN,2024-02-12,154.14266198837382,154.56029222327996,152.86131229448944,152.88978576660156,3853000
TXN,2024-02-13,150.21319006302542,151.3142127890354,147.55556897672366,148.87489318847656,5357900
TXN,2024-02-14,149.82402965882642,150.95351124291417,148.60911317065808,149.84300231933594,4528000
TXN,2024-02-15,150.82062316589602,153.07012886472745,150.82062316589602,152.53860473632812,3725300
TXN,2024-02-16,152.19691409982804,153.90538043646387,151.32367930530498,152.2253875732422,3167600
TXN,2024-02-20,151.26676275912956,154.62677812674147,151.16235517464557,154.46542358398438,5406200
TXN,2024-02-21,154.25656522006332,155.77520345291308,153.28842375167008,155.73724365234375,4530000
TXN,2024-02-22,156.51558022625287,157.67354994124847,155.17728331159984,157.0186309814453,5041200
TXN,2024-02-23,157.39828591329677,157.55964043361845,155.31014899691064,155.36709594726562,3479100
TXN,2024-02-26,156.24979732532432,157.09454418704811,155.4525110815968,155.94607543945312,5251300
TXN,2024-02-27,156.2118316713789,157.236920153336,155.89860898386866,156.55352783203125,2886600
TXN,2024-02-28,155.18675475473114,155.54743808534047,154.12370639034293,154.75013732910156,2933000
TXN,2024-02-29,156.51555352081508,159.37251751115699,155.92708243204282,158.82200622558594,7267200
TXN,2024-03-01,159.03083411565217,163.3399890307382,158.8125326430925,162.35287475585938,5233700
TXN,2024-03-04,163.72915764831305,164.25119554030323,162.17254478680067,163.67221069335938,4401600
TXN,2024-03-05,162.6471069615318,163.93795759150217,160.67286396963897,161.96371459960938,6215600
TXN,2024-03-06,164.30810586949318,166.8518325100637,162.00165332735614,163.1311492919922,6312700
TXN,2024-03-07,163.5203298248365,168.71220589918858,163.5203298248365,166.35830688476562,5980400
TXN,2024-03-08,166.5386535706143,166.65254747513262,163.51084842328447,163.53932189941406,5632600
TXN,2024-03-11,163.52031780865462,165.4186265962944,162.8084520132897,165.3332061767578,4207300
TXN,2024-03-12,167.04169704167109,167.38339322334147,164.42202148788238,165.91220092773438,5802600
TXN,2024-03-13,165.04846186080186,165.42811783641966,162.504734961679,163.8999786376953,5199500
TXN,2024-03-14,164.49795689413233,164.8016932726834,161.16642995848088,162.43829345703125,5028200
TXN,2024-03-15,160.97659402461247,164.2321867050728,160.11286003402003,163.7481231689453,19078800
TXN,2024-03-18,165.6654105019142,165.90269911322738,160.46404819715457,160.60643005371094,5213800
TXN,2024-03-19,159.15422629812645,159.75219829280525,157.5406664768912,158.281005859375,5640000
TXN,2024-03-20,158.58472297689053,161.48913319846952,157.81591021034868,161.33726501464844,4404600
TXN,2024-03-21,164.0423774940636,165.90271224354396,162.98881539713133,163.8145751953125,4371600
TXN,2024-03-22,162.99830864008172,164.89661776132215,162.5522048379543,163.71017456054688,4177200
TXN,2024-03-25,162.14406827430977,163.56780005329784,161.93525312142228,162.16305541992188,3298600
TXN,2024-03-26,162.72305772455002,163.12170089601668,158.9928728266958,159.37254333496094,5898300
TXN,2024-03-27,160.40709924294796,164.12778288388398,160.24574472722531,164.080322265625,4272300
TXN,2024-03-28,164.6592949969714,166.90880068785643,164.51692763556244,165.35218811035156,4417800
TXN,2024-04-01,165.2667756587175,166.9657703113517,164.07084621160075,164.36508178710938,2303200
TXN,2024-04-02,163.58677483507017,163.58677483507017,160.9766001042016,161.6979522705078,3304500
TXN,2024-04-03,160.9576029566502,162.20099288844403,159.35352972264565,161.678955078125,3295800
TXN,2024-04-04,163.03627972368162,164.20373575503797,159.55288429272804,159.9610137939453,7491300
TXN,2024-04-05,159.99898547381719,160.64440359998105,158.64168696987457,158.98338317871094,5012300
TXN,2024-04-08,159.08777795660174,161.63150493099135,158.75556810589603,160.84371948242188,3154000
TXN,2024-04-09,162.30540879451965,164.69728203197994,161.47964906852928,164.6403350830078,4830700
TXN,2024-04-10,161.2328399490163,161.74539139304517,159.36300477713752,160.33114624023438,5662800
TXN,2024-04-11,161.2613507167574,163.1122136579981,159.58135760697274,162.49525451660156,4352100
TXN,2024-04-12,159.85659312381677,160.8152339188048,157.34133958684689,157.87286376953125,5473600
TXN,2024-04-15,159.73319313724068,160.72980818835637,156.91421779589217,157.891845703125,4739500
TXN,2024-04-16,158.96437905501847,159.9515077675387,158.337948141514,159.06878662109375,3389000
TXN,2024-04-17,159.81864400912661,160.388128035979,157.0850743347992,157.27490234375,4564900
TXN,2024-04-18,155.35758508501252,156.30673948406448,153.3358960634356,155.3480987548828,5605500
TXN,2024-04-19,154.78809232516846,156.05995567159937,151.01994841677046,151.5609588623047,10497600
TXN,2024-04-22,152.11149747488983,155.794221630414,151.91218313704053,155.1203155517578,5942400
TXN,2024-04-23,154.7501268687203,158.41386342884715,154.1996300621929,157.05657958984375,6833600
TXN,2024-04-24,169.1677829123147,170.36372671306805,164.78269426407675,165.9216766357422,13965900
TXN,2024-04-25,167.11763858749464,168.04780593570507,163.5013478023376,166.33932495117188,9130800
TXN,2024-04-26,166.3393071204503,169.23423091128996,166.1020185225609,168.45591735839844,5401900
TXN,2024-04-29,168.45592198156018,170.64846636895945,168.29456746852074,170.17388916015625,4191500
TXN,2024-04-30,169.34813803297067,170.12645164666296,167.34542153101714,167.4498291015625,6444300
TXN,2024-05-01,166.89931312019465,169.62339620921995,165.53252841041632,166.29185485839844,7167700
TXN,2024-05-02,170.66747845843358,170.66747845843358,164.82068291546418,166.8613739013672,4838300
TXN,2024-05-03,168.465434790854,170.54407094775135,168.408473356066,169.813232421875,4545100
TXN,2024-05-06,170.7528692585288,172.6416917117053,170.15491184021448,172.43287658691406,4127400
TXN,2024-05-07,173.86686889660888,175.5111820585975,173.67567274488886,174.6316680908203,5152700
TXN,2024-05-08,173.76169939298143,175.97006077556782,173.50359116646905,175.85533142089844,4220900
TXN,2024-05-09,175.9031486854157,177.5761405886737,175.57811375945658,177.16506958007812,5843300
TXN,2024-05-10,177.70042636197115,179.10574074119256,177.5570183022011,178.81893920898438,5606800
TXN,2024-05-13,178.771130521704,180.0904087731792,178.4556503055977,179.5550537109375,3686300
TXN,2024-05-14,179.1917657910542,183.03487107641098,178.8667308819869,182.71939086914062,4917500
TXN,2024-05-15,184.105582680903,187.00224736820658,183.4459435682303,186.92576599121094,5936800
TXN,2024-05-16,184.1247071040486,187.25080134234364,184.11513781481975,186.39041137695312,5371800
TXN,2024-05-17,186.41910842886506,187.9009042594841,185.3005955287718,186.438232421875,4534200
TXN,2024-05-20,186.4382266331289,190.50120707529825,185.941104941634,190.4342803955078,5282800
TXN,2024-05-21,188.49361173114102,190.52988660609574,188.1781314978852,190.2526397705078,5489100
TXN,2024-05-22,191.17041852207808,194.65979621140377,190.86449296460654,193.6273193359375,9119000
TXN,2024-05-23,193.68468553531366,194.01927519305764,188.17814236391118,188.60833740234375,7125400
TXN,2024-05-24,190.08057148754577,190.97920951810823,189.04809468141013,190.4151611328125,4354100
TXN,2024-05-28,196.93506116434955,196.93506116434955,189.20106153511725,190.8166961669922,8661000
TXN,2024-05-29,188.00606081500896,188.96205622492482,186.18966078376948,186.33306884765625,5607800
TXN,2024-05-30,186.8492932388907,187.30816693471436,185.2241040178776,187.0691680908203,5213500
TXN,2024-05-31,186.77282410239508,188.034745082801,181.88768682945894,186.4286651611328,9137300
TXN,2024-06-03,187.72878567210356,187.97735377709606,183.26428953141837,185.19540405273438,4153500
TXN,2024-06-04,184.80346949753695,185.87417968371764,183.6084752406988,184.79391479492188,7221600
TXN,2024-06-05,186.20878689778917,187.58542263772438,185.0233473245489,187.4515838623047,5988600
TXN,2024-06-06,187.35596983004766,187.98693027959166,185.96022474905462,187.6045379638672,3905500
TXN,2024-06-07,187.32729323151668,188.70392892325725,186.20878037881045,187.00225830078125,3308400
TXN,2024-06-10,185.6351712484146,189.09588435693487,185.4630990862331,188.92379760742188,4202400
TXN,2024-06-11,188.47447742275088,189.13411654824202,185.92197158866043,188.75172424316406,4193200
TXN,2024-06-12,190.69239622638406,192.43230020164796,188.6848001291326,190.2239532470703,4655700
TXN,2024-06-13,186.41908838141313,188.75171930846633,186.28524961940178,187.64276123046875,3409900
TXN,2024-06-14,185.31013528870918,187.02137513545992,184.57402937150914,185.36749267578125,3479100
TXN,2024-06-17,184.66963359420043,186.60074842771525,183.71363817387285,186.32350158691406,3804900
TXN,2024-06-18,186.6485399007477,188.1303210433513,185.68297524834347,187.6140899658203,3036900
TXN,2024-06-20,185.94110139709431,185.94110139709431,183.723185113729,184.2776641845703,5464900
TXN,2024-06-21,186.40953493065425,188.78995397007003,185.19541677526146,186.92576599121094,12516800
TXN,2024-06-24,186.9735857945287,187.9104572206757,184.84172009465706,185.3770751953125,3655700
TXN,2024-06-25,186.36174882230182,186.36174882230182,184.33504320731367,185.9124298095703,3456400
TXN,2024-06-26,185.28147074995044,186.40955293543058,183.7231935412332,184.60272216796875,3301000
TXN,2024-06-27,184.19164632265114,185.36751667184058,183.3599349277773,184.91819763183594,3874500
TXN,2024-06-28,185.60648944169063,189.18191726503082,184.9850983055708,185.9697723388672,8861000
TXN,2024-07-01,185.10938074894017,186.39996569436386,184.25854548720238,186.0366973876953,2873600
TXN,2024-07-02,186.4095715217798,190.29091099537382,185.89332577255593,189.68862915039062,4168700
TXN,2024-07-03,189.41137602916163,190.78801175918866,187.47070650587787,190.18572998046875,2454800
TXN,2024-07-05,191.1990887864438,191.3424822681005,188.5605466126307,190.04232788085938,2887900
TXN,2024-07-08,191.20862573898157,192.83382951266015,190.62546798882587,192.60438537597656,3927100
TXN,2024-07-09,193.49348666061786,193.49348666061786,190.31958913197403,191.35206604003906,3742300
TXN,2024-07-10,192.45144287017166,194.81275281294808,192.1550866128515,194.6597900390625,4559500
TXN,2024-07-11,194.84140879001123,195.0230502394033,191.0843540887888,191.18951416015625,5585400
TXN,2024-07-12,193.22578473762988,196.25628839193766,192.45143080097907,192.98678588867188,3683800
TXN,2024-07-15,192.9772276872357,194.14354321599066,191.99255361436863,192.88162231445312,3089500
TXN,2024-07-16,194.52593090374012,197.6711637930662,193.67509562061508,197.5277557373047,3134400
TXN,2024-07-17,196.11288702774573,201.56205764729833,195.0517315975698,195.2716064453125,7792500
TXN,2024-07-18,195.81651655833173,197.89102458246046,194.33472094471676,196.8107452392578,5497200
TXN,2024-07-19,196.32322558785788,197.07845557259392,189.99454039639218,190.3386993408203,4868000
TXN,2024-07-22,194.16267689968043,196.93505780077777,192.1646353725134,196.82034301757812,6063800
TXN,2024-07-23,191.76310806781,194.04793642219678,188.75172848252421,189.56431579589844,6083300
TXN,2024-07-24,197.27922413675958,197.46086560852663,188.24506993764174,189.55477905273438,11049100
TXN,2024-07-25,189.55475142855568,192.85293237458868,185.57780738494213,188.47447204589844,9555400
TXN,2024-07-26,191.6483996264676,195.3863451535488,190.31956659965172,193.1015167236328,5384800
TXN,2024-07-29,194.32518615215636,195.14734276742132,191.92562839795363,192.99635314941406,3392000
TXN,2024-07-30,194.65022638228697,195.4915070126268,190.92185011115785,192.14552307128906,6062600
TXN,2024-07-31,196.73529916902322,196.73529916902322,191.95306966242936,196.10984802246094,7462400
TXN,2024-08-01,194.12768489926066,196.40813925029988,183.74534826126546,186.0258026123047,7958500
TXN,2024-08-02,180.42567793912355,182.45596059992735,179.04009492350525,180.37757873535156,8050200
TXN,2024-08-05,177.63525446056016,181.6092237247183,173.2667865554351,174.34446716308594,8659900
TXN,2024-08-06,176.58645164533496,183.12954439888907,175.70121184372147,179.88685607910156,6210900
TXN,2024-08-07,183.05255119794282,184.28419036591458,176.7788790920074,177.11566162109375,5013000
TXN,2024-08-08,180.15627146883995,186.6801155564022,178.53975048678456,185.9969482421875,6180400
TXN,2024-08-09,183.80307716008184,186.14126227836917,182.79274427544172,184.9481201171875,3066500
TXN,2024-08-12,185.17905207129306,186.31447817794609,183.57214802977592,184.8037872314453,5235900
TXN,2024-08-13,186.47804633964972,190.24032617767585,186.09314992778823,189.79769897460938,4969000
TXN,2024-08-14,189.5667662998728,189.92279732584618,186.14126889347273,188.21966552734375,3072000
TXN,2024-08-15,192.92492185093735,195.4844280785466,191.00048372773597,194.30088806152344,5081900
TXN,2024-08-16,194.30088189852307,194.801239905728,190.6925605319723,192.9537811279297,4236400
TXN,2024-08-19,192.96339641394098,193.45413751234554,190.51936655570978,193.07887268066406,3788900
TXN,2024-08-20,192.86719662209663,196.7256898848351,190.6059758891625,194.88784790039062,7111400
TXN,2024-08-21,198.55393221200538,202.91278389090365,197.15870266538238,200.4976043701172,8119300
TXN,2024-08-22,200.58419032468396,201.71960176015185,195.13802695888648,196.07138061523438,6879900
TXN,2024-08-23,199.00612814098164,202.55670369507362,198.51538708510296,201.9505157470703,6112000
TXN,2024-08-26,201.1037748595532,202.07561078257768,199.7085602192358,200.38211059570312,5806000
TXN,2024-08-27,200.06458380365328,203.13406493289995,199.7181843571675,202.7299346923828,4373400
TXN,2024-08-28,202.67220036780367,203.28801996390663,198.18825613370845,199.89138793945312,3998100
TXN,2024-08-29,202.68181151122428,206.30938128696266,201.72920940648646,203.11480712890625,5622800
TXN,2024-08-30,204.54853461013232,206.54995206644958,203.41310845637534,206.24203491210938,5860900
TXN,2024-09-03,203.94231790016042,203.94231790016042,193.58884655355317,194.2046661376953,9284000
TXN,2024-09-04,194.00260796239053,197.96696059173658,192.72285481256333,196.29269409179688,4650400
TXN,2024-09-05,194.6569212622309,196.55249400924066,192.13589730884905,193.9352569580078,4107400
TXN,2024-09-06,193.8871327950524,194.24314913460404,189.29734395233476,189.99014282226562,6314400
TXN,2024-09-09,194.45485038758278,194.64729126715696,191.47198004843796,193.56961059570312,4864100
TXN,2024-09-10,193.56959335632007,193.675438033004,189.58600730649243,192.25135803222656,4859400
TXN,2024-09-11,192.15513633004824,195.1572696716042,187.67119215040347,194.76275634765625,5900500
TXN,2024-09-12,193.98336458955495,194.36824633313725,187.31517899887595,188.57568359375,7201000
TXN,2024-09-13,189.66298442746051,193.29055410634604,189.3935642866607,192.37643432617188,4617000
TXN,2024-09-16,191.21215814013976,191.96268777490153,188.5853044184736,190.9716033935547,3717800
TXN,2024-09-17,191.90494132499708,194.60877410680698,191.41420028533935,193.78126525878906,3478500
TXN,2024-09-18,195.02255699003123,197.2260469155223,192.40533458802523,193.1269989013672,4262100
TXN,2024-09-19,199.76631551413578,202.6048590303237,197.9188565339494,199.75669860839844,5155600
TXN,2024-09-20,196.65833898650007,197.50508178741657,193.48301310674395,195.619140625,14502900
TXN,2024-09-23,196.18682824645165,197.08169953721415,195.17649537583455,196.14834594726562,2757400
TXN,2024-09-24,198.2748393656542,200.54567673081164,196.87962479028928,197.19715881347656,5573200
TXN,2024-09-25,195.4651482711043,197.61089232366416,195.44589978191271,197.31260681152344,4124600
TXN,2024-09-26,202.37390734532084,202.61446209557974,197.31262600320338,201.35394287109375,4521300
TXN,2024-09-27,202.86461667954885,203.72099093111643,200.92093034997126,201.23846435546875,3074400
TXN,2024-09-30,198.31335035825967,200.81511105718732,196.38891227494727,198.76559448242188,5459100
TXN,2024-10-01,198.27485669550202,199.1985934511749,192.1551429007749,193.98336791992188,9039900
TXN,2024-10-02,195.24387357748986,197.9765721923842,194.08921363846528,195.7442169189453,4389400
TXN,2024-10-03,193.48299926691567,195.75383670576858,192.7036042221152,194.0507049560547,3167000
TXN,2024-10-04,198.31334397812063,198.56351563527565,193.73317209052018,195.05142211914062,4092900
TXN,2024-10-07,193.01151593001018,195.11877800101703,192.12627616490317,193.66583251953125,2772400
TXN,2024-10-08,193.3867725462778,195.57101381033178,191.71252086530956,194.5703125,6283700
TXN,2024-10-09,193.93524124365015,197.73600333479393,193.77166577648967,197.2260284423828,3214900
TXN,2024-10-10,194.3297691670887,195.67686998752288,193.29057081319758,194.82049560546875,3649400
TXN,2024-10-11,193.7620437883249,198.0150501920699,193.7620437883249,197.36074829101562,2815800
TXN,2024-10-14,198.3518154425828,201.0652799520246,197.87070596351546,200.776611328125,3291600
TXN,2024-10-15,200.16081560620165,200.7670036380162,191.38536767956128,192.28985595703125,6818800
TXN,2024-10-16,194.34899841624826,194.4644746855025,191.7510099336381,193.1077423095703,3311300
TXN,2024-10-17,197.1586657167786,197.1586657167786,190.62520521703772,190.8080291748047,4686900
TXN,2024-10-18,191.94343928413167,192.40531496882858,189.3069686582289,190.9716033935547,4029500
TXN,2024-10-21,189.30696502360917,190.451993262241,186.78594134383843,188.3736114501953,4948100
TXN,2024-10-22,186.2952326314882,187.92138519063823,185.56395143215286,186.64163208007812,7910800
TXN,2024-10-23,193.44449223669645,195.33044784854786,190.51935307395308,194.11805725097656,10548500
TXN,2024-10-24,195.1572584551977,199.09273051697795,193.60808532690206,198.80406188964844,9309300
TXN,2024-10-25,199.76630085251597,203.4034877469199,198.93879186857606,199.1119842529297,5103100
TXN,2024-10-28,198.5731349025701,199.47762313255777,197.25489954056093,198.0535430908203,4409000
TXN,2024-10-29,198.35182281592841,203.5959133962419,197.5531792891131,203.364990234375,5522800
TXN,2024-10-30,200.1415506094563,202.84538363150313,199.90099586112763,200.07418823242188,4914000
TXN,2024-10-31,201.4204852393545,201.4204852393545,195.06675893527893,196.77142333984375,6543000
TXN,2024-11-01,196.69393849268812,200.2194742894455,196.69393849268812,198.47607421875,4208800
TXN,2024-11-04,197.09106963030965,199.13471927397123,196.18062645555588,197.25572204589844,3693800
TXN,2024-11-05,195.71570936408125,199.05721763129162,193.43960160494447,196.09344482421875,5253200
TXN,2024-11-06,202.35997811223538,208.89771754717253,201.81759024226693,208.21005249023438,8527500
TXN,2024-11-07,209.01394434377517,211.38689855388003,208.79118107447334,210.69921875,6020800
TXN,2024-11-08,210.22465682772145,213.4596237665216,209.4110749830463,213.36276245117188,5020700
TXN,2024-11-11,211.15444624318476,212.82036025835063,207.59017471796716,209.0817413330078,6154700
TXN,2024-11-12,208.61685486770597,208.63623008668802,202.42779512002724,206.08892822265625,4990800
TXN,2024-11-13,204.37459061316412,205.18818727043603,198.8828907661313,199.25094604492188,7921800
TXN,2024-11-14,198.81506975312396,200.5584697864579,197.95305734483108,199.52210998535156,4783800
TXN,2024-11-15,197.43972562844067,198.3307934754683,193.98198098541457,194.79556274414062,5970400
TXN,2024-11-18,195.84161381305634,201.13960532042566,195.192684413262,200.66500854492188,7912100
TXN,2024-11-19,199.41556888334188,199.84173497894244,194.66966051824883,194.7471466064453,6716000
TXN,2024-11-20,191.85117636530907,193.3233825701568,190.29180384819722,191.9577178955078,7344400
TXN,2024-11-21,192.01583788421718,194.127278591514,189.73972998510206,191.9674072265625,8080300
TXN,2024-11-22,191.5509183707675,192.6550692799642,190.3208507191051,191.773681640625,7861300
TXN,2024-11-25,195.0958292476283,197.72061714582162,193.6720684341947,196.5486602783203,9274400
TXN,2024-11-26,199.5221209922139,200.4035086658777,192.8875202806457,194.63092041015625,5260500
TXN,2024-11-27,194.3306698456601,195.08614076731413,191.43468812667913,192.92626953125,4732200
TXN,2024-11-29,193.7882812199478,196.1418602868569,193.42022597993633,194.70840454101562,3167400
TXN,2024-12-02,193.4977065570457,196.0450081696573,192.23858346880206,195.434814453125,6373900
TXN,2024-12-03,192.41294828132231,193.68175170347,190.80514503509102,191.0279083251953,4743400
TXN,2024-12-04,191.48312541652436,192.22891614465217,189.45885107628166,190.4661407470703,7172600
TXN,2024-12-05,189.59443774103514,190.95040737395894,186.16576322409315,186.92123413085938,6049100
TXN,2024-12-06,187.57015883574456,189.00361452324458,186.54349402798263,187.02777099609375,5140700
TXN,2024-12-09,185.99141540676757,191.58965610272446,185.5749442986517,187.36676025390625,3880300
TXN,2024-12-10,187.25053880135383,187.59921881800253,183.4828644892978,184.1995849609375,6064200
TXN,2024-12-11,186.0979801241834,186.90188178312644,184.2286778458536,185.67181396484375,6057800
TXN,2024-12-12,184.5095463934905,186.2141961998492,183.63785366069658,185.68150329589844,4025600
TXN,2024-12-13,182.87266780005677,186.18512051502623,182.37871060904777,185.56524658203125,4772800
TXN,2024-12-16,185.82676667592776,185.94298842393627,183.23103433170422,183.5022430419922,5829700
TXN,2024-12-17,183.1729302338329,185.47809351434935,181.6135576815355,182.20437622070312,5046100
TXN,2024-12-18,182.5239880134792,186.31103748608555,178.99845224418047,179.18247985839844,8281900
TXN,2024-12-19,181.01305786008646,181.46827942590213,178.0977156181055,178.66915893554688,6290000
TXN,2024-12-20,178.6691591522275,182.54337518670275,177.58438339184207,180.99368286132812,11462100
TXN,2024-12-23,180.18010059751404,184.43205209372567,180.18010059751404,184.16085815429688,4297600
TXN,2024-12-24,184.499857197422,186.41758998364722,184.48048197926906,186.38853454589844,1950900
TXN,2024-12-26,184.61607570629573,186.6597252061837,184.52890939458015,185.7008514404297,2019000
TXN,2024-12-27,184.45143133376286,185.74929018346526,183.725015813248,185.16815185546875,3253500
TXN,2024-12-30,183.7250021637106,183.7250021637106,181.32299249243735,182.04940795898438,4065200
TXN,2024-12-31,182.72740187980324,183.15356800605292,180.20915555867026,181.61355590820312,3050500
TXN,2025-01-02,183.36663456519003,184.15116087291935,179.15341911684234,181.07115173339844,4500500
TXN,2025-01-03,182.98889377506737,185.12940454351914,181.31329955133165,184.5192108154297,4574100
TXN,2025-01-06,184.26738623078836,187.67670022189262,183.28915207634887,186.13668823242188,4682000
TXN,2025-01-07,187.72514402090792,188.87771087055293,185.0809809509426,186.165771484375,5035200
TXN,2025-01-08,185.76865360468474,186.63066604312755,182.15595145019535,185.633056640625,4230400
TXN,2025-01-10,186.8437661333458,186.8437661333458,182.49495310977858,184.17054748535156,7223500
TXN,2025-01-13,183.86060568663734,185.72990779334924,181.74915030347566,185.0809783935547,4799600
TXN,2025-01-14,185.51683448632284,187.52174844483434,184.1996003995753,187.4152069091797,4254200
TXN,2025-01-15,189.51695178305258,192.6938075929441,189.51695178305258,191.29908752441406,6288600
TXN,2025-01-16,189.0326749058304,189.3329242692829,181.25518777675293,181.4779510498047,7463300
TXN,2025-01-17,186.48537763263647,186.8631130953515,184.04463223307516,186.36915588378906,5407500
TXN,2025-01-21,185.64273998314016,190.3208574903477,185.5749488894501,189.09078979492188,9621700
TXN,2025-01-22,189.61382867047834,192.43230969667442,189.15860708906953,190.85357666015625,8222000
TXN,2025-01-23,188.6936844514051,194.33066066030264,187.71543551986431,194.30160522460938,12694700
TXN,2025-01-24,184.02525974361913,185.47809074159505,179.2115451880086,179.68614196777344,15856600
TXN,2025-01-27,179.90891835556545,184.11243946898142,177.9233795578946,181.14866638183594,11771300
TXN,2025-01-28,179.69581940958588,179.81204115835982,174.67871686803164,174.8917999267578,8720300
TXN,2025-01-29,175.32765760015812,175.9572118186713,173.96199284791786,174.6012420654297,4183800
TXN,2025-01-30,174.82400848140583,180.02513907371772,174.6012451848852,179.4440155029297,5807100
TXN,2025-01-31,179.31715253109348,184.43966345198425,178.63415405262475,180.1269989013672,6333700
TXN,2025-02-03,178.58535558158562,178.85855495817216,174.06778428804816,176.54611206054688,6311500
TXN,2025-02-04,175.64845847600517,178.60487777461913,175.1898706083291,176.1753387451172,5785700
TXN,2025-02-05,175.1508365751712,177.38523535340795,173.37504056060422,177.18032836914062,5939800
TXN,2025-02-06,176.87786713411467,179.1805584249636,175.96069133945227,178.8292999267578,5089800
TXN,2025-02-07,178.8293006277876,178.96590032827808,174.92643502720168,175.6289520263672,5380500
TXN,2025-02-10,176.94616507914367,177.16082386605282,174.75080330341362,175.93141174316406,3827100
TXN,2025-02-11,174.99473335203226,177.51206843372086,174.65322667418496,174.89715576171875,3795300
TXN,2025-02-12,173.17012890125343,176.05825576922933,172.46761195737415,175.6191864013672,5364200
TXN,2025-02-13,174.79958962349934,177.87310526073804,174.2727093107375,176.40953063964844,3737300
TXN,2025-02-14,177.10226468419995,180.23432063639137,176.66319531586458,178.58535766601562,4137900
TXN,2025-02-18,178.22435790080937,182.61508161960018,178.22435790080937,181.9320831298828,4578700
TXN,2025-02-19,185.13242739087397,193.15281705613907,184.1469443394076,191.55264282226562,8438300
TXN,2025-02-20,194.47980230034096,199.29982886736224,193.10403858684813,199.0071258544922,9190100
TXN,2025-02-21,199.69012048118748,200.7536477759333,196.42146461070192,197.09471130371094,7349900
TXN,2025-02-24,197.23129227477557,200.42188874429615,195.48476664870878,195.86529541015625,7675900
TXN,2025-02-25,196.5775868527424,197.6703844706984,193.62116731339648,195.12376403808594,7441700
TXN,2025-02-26,195.12374701328048,195.17253580730755,191.02574141525105,193.42601013183594,5611600
TXN,2025-02-27,192.70397941714617,193.31868548281807,186.50817462995312,186.654541015625,7761700
TXN,2025-02-28,188.5962058128295,191.48433274545073,186.8399283020699,191.23065185546875,9024500
TXN,2025-03-03,194.17731487926815,195.38720857176745,188.88893379215546,189.6695098876953,6141300
TXN,2025-03-04,191.60141107896328,194.09924250322211,188.33277030434712,190.1085662841797,7159200
TXN,2025-03-05,190.47935512410893,192.21612910977683,186.12765346754466,190.82086181640625,5484400
TXN,2025-03-06,187.10335819833418,189.21090904563542,183.92252832030982,184.74212646484375,7120200
TXN,2025-03-07,184.6640814535432,186.6252809561057,181.21005193061717,185.89349365234375,7706800
TXN,2025-03-10,183.06389885101038,184.8689800738097,178.9561413094186,181.9613494873047,9161400
TXN,2025-03-11,183.54200837309003,183.7566671672071,172.61398792238077,173.03353881835938,7981400
TXN,2025-03-12,173.92144461306984,175.25817128849258,170.506437285464,171.43336486816406,5436100
TXN,2025-03-13,170.82842496483045,172.67252832067624,167.91102763965628,169.38436889648438,5277200
TXN,2025-03-14,171.33579983830907,172.5651970997952,170.8186713553486,172.13587951660156,4927900
TXN,2025-03-17,171.8236504990261,176.88760571113576,171.69680261274942,175.6191864013672,4940400
TXN,2025-03-18,175.33622950864827,175.404536801219,173.2969858592554,175.09230041503906,4077700
TXN,2025-03-19,175.30696581505728,179.20007965554544,174.37028639771862,177.3267059326172,5675000
TXN,2025-03-20,175.05327041350245,177.39498365120616,174.165364979642,176.29241943359375,4980000
TXN,2025-03-21,174.194640878666,175.47282693048615,172.7408181398342,174.65322875976562,11822900
TXN,2025-03-24,178.50731063476775,182.92730469194083,178.09751153741567,181.00514221191406,5694900
TXN,2025-03-25,180.00990961516135,182.30283403903405,179.09273389031245,179.50253295898438,4357200
TXN,2025-03-26,179.78549272855986,181.49299637370572,178.82929485598822,180.00991821289062,5814200
TXN,2025-03-27,178.57561189457383,178.57561189457383,173.20917192903863,176.3704833984375,5035900
TXN,2025-03-28,175.29720240637113,176.34121115536124,171.3162779255842,172.04806518554688,5490600
TXN,2025-03-31,171.16016257528054,175.82408559839075,169.73562502301684,175.3362274169922,9222700
TXN,2025-04-01,174.9264226432038,175.1996220248435,170.03808918431204,173.66775512695312,5965400
TXN,2025-04-02,171.55044172598272,175.56062130268862,170.9357357116853,173.86288452148438,4368900
TXN,2025-04-03,167.66708801886477,169.9600273147215,160.01747568142065,160.21261596679688,11895300
TXN,2025-04-04,155.79262962127746,157.1586414600396,147.29414845182382,147.7136993408203,14976900
TXN,2025-04-07,147.24535505245018,158.9441843301227,141.67400825281882,150.26031494140625,18337200
TXN,2025-04-08,152.9435392648129,155.16817137215014,139.82990901845628,142.46434020996094,13902800
TXN,2025-04-09,141.64474508225243,168.6233119192014,140.74708779934232,165.38392639160156,21578500
TXN,2025-04-10,156.8854346775976,158.97346719500266,146.37697968390873,152.7971954345703,16019500
TXN,2025-04-11,140.50314717680365,146.24036378409622,136.55149318480622,144.01573181152344,21113300
TXN,2025-04-14,147.37220027054988,149.8602800980049,145.51834504364274,147.31365966796875,10356600
TXN,2025-04-15,147.74296634375509,148.99188206728263,146.21109943259623,147.5087890625,6958900
TXN,2025-04-16,143.65470613139433,146.09399687207394,139.0981128143947,142.99122619628906,10862500
TXN,2025-04-17,143.74252967784642,146.54283064036053,142.37651795135864,144.8353271484375,5739200
TXN,2025-04-21,141.92769941375926,143.17661508551075,139.17617230401822,142.0740509033203,8275000
TXN,2025-04-22,142.32773428987116,144.64019208343754,141.5569249508487,143.1961212158203,9139900
TXN,2025-04-23,149.45048087956522,151.56778370474998,147.60637745838812,148.4552459716797,14125000
TXN,2025-04-24,160.63219256375965,160.99320286047936,154.57298728708957,158.19290161132812,18950400
TXN,2025-04-25,157.90994693553807,159.72478013083466,156.6220089614655,158.90518188476562,8383300
TXN,2025-04-28,159.38328209635606,159.56865570878543,155.84142675120341,158.49537658691406,5170500
TXN,2025-04-29,155.6170204267447,158.407570041596,154.89498490113584,156.86593627929688,6566500
TXN,2025-04-30,153.8744198977825,158.06644235677908,152.42787905140588,157.49569702148438,6158600
TXN,2025-05-01,158.27309487260663,159.48347568562582,155.53746306111964,155.73426818847656,6124900
TXN,2025-05-02,159.15873970230453,163.69516768703969,158.50926927141182,161.884521484375,7642400
TXN,2025-05-05,159.837715860396,161.48107696229584,158.53879000799347,159.827880859375,4803600
TXN,2025-05-06,157.75155350152164,159.42441959607095,156.57070772979677,158.51910400390625,4531400
TXN,2025-05-07,159.7393178878596,162.87840991214958,159.31617260738264,162.16004943847656,5669700
TXN,2025-05-08,164.25606129239486,165.7419572484623,162.0124498417182,162.99649047851562,5171200
TXN,2025-05-09,167.35578937680458,169.8454108538261,166.90312410131537,169.5206756591797,8655100
TXN,2025-05-12,182.68713145303067,186.3379286871302,182.15575613554745,184.29112243652344,16210400
TXN,2025-05-13,183.36612549688186,186.485532459935,183.36612549688186,185.19644165039062,9837500
TXN,2025-05-14,184.47808877171818,184.73393391707438,182.0967123694611,184.35015869140625,6552300
TXN,2025-05-15,183.19884064968969,186.7315428761857,182.54937023602366,184.8323516845703,5534000
TXN,2025-05-16,186.28873925176833,186.28873925176833,183.82863754485624,185.49166870117188,4518700
TXN,2025-05-19,182.04752107461283,185.47197834784922,181.30949058376981,185.33421325683594,6460900
TXN,2025-05-20,185.33421322896805,185.98368366447679,183.93687730168097,185.6983184814453,5289200
TXN,2025-05-21,183.5235811329869,186.86931333520198,181.78182497908492,182.4608154296875,8977400
TXN,2025-05-22,182.97251774018832,183.92703835561662,177.10762895958098,177.33396911621094,7500800
TXN,2025-05-23,174.185019051408,174.46054921478705,170.97705214048437,173.48635864257812,7416700
TXN,2025-05-27,176.24168513236944,180.4041728471567,175.00178431266403,180.31561279296875,7939400
TXN,2025-05-28,180.42385434243937,182.95283093714164,180.1679941705327,181.21107482910156,5752800
TXN,2025-05-29,183.26772468634792,183.50388481791785,180.01053772419087,182.0376739501953,4533800
TXN,2025-05-30,182.02783536489702,182.18528547267582,176.8911419669457,179.9318389892578,15101100
TXN,2025-06-02,178.9477899157847,181.76214664497218,178.71161476523284,181.27012634277344,5648300
TXN,2025-06-03,180.31561594973533,185.49166441600613,179.70550053013275,185.078369140625,5612600
TXN,2025-06-04,185.89511267776336,189.03420458286027,185.47196741335344,187.6762237548828,5780600
TXN,2025-06-05,189.8312819231198,191.18924778489966,186.298579657898,187.4499053955078,6017700
TXN,2025-06-06,190.59882634327855,191.73046702792445,189.1916404764028,189.34909057617188,5338800
TXN,2025-06-09,190.6480428492357,197.23126225095828,190.3823476667948,196.03074645996094,6869700
TXN,2025-06-10,196.78843779780422,199.92752975913618,196.29641749076833,199.0615692138672,6247700
TXN,2025-06-11,200.0653046683616,200.10467470340785,194.98765124675722,196.50308227539062,5062100
TXN,2025-06-12,195.0860556214414,197.1230269404292,194.94829053334092,196.4735565185547,3257600
TXN,2025-06-13,192.96052488488598,195.86344176066967,191.3663838580036,191.88792419433594,5138200
TXN,2025-06-16,194.13153191874517,196.67035851502948,193.4623915058307,196.0405731201172,5864500
TXN,2025-06-17,194.8400538692596,197.4182356357748,193.73793311690548,194.53500366210938,4656300
TXN,2025-06-18,195.4304736566293,197.3690348843942,194.14136782818366,195.18446350097656,3742000
TXN,2025-06-20,197.21158637586,197.72327669276228,193.44270895895116,195.03684997558594,12910000
TXN,2025-06-23,195.82407742818296,198.60891409997367,195.1942920511352,198.17593383789062,4565400
TXN,2025-06-24,199.98657917850954,202.90918114067614,199.76025403092711,202.52540588378906,7597800
TXN,2025-06-25,202.74188479189704,203.12566002751072,200.0652931431617,202.10226440429688,4748300
TXN,2025-06-26,203.01742553710938,204.01131621042148,202.48605018906366,203.01742553710938,4579200
TXN,2025-06-27,202.22036040304482,204.37541190175392,202.0137052528488,203.775146484375,8585100
TXN,2025-06-30,203.78497820220238,205.05439907166163,203.1453577745188,204.3065185546875,5319900
TXN,2025-07-01,203.69641708836488,208.30172018042495,203.19456175610776,207.0913543701172,5856200
TXN,2025-07-02,207.08150421723306,212.72988759556705,206.13681864386345,212.14930725097656,5533400
TXN,2025-07-03,211.81474848957274,213.47777957934386,211.29320814979783,212.5724639892578,2561100
TXN,2025-07-07,211.58842592885514,212.18869132926125,208.81342407329194,210.00411987304688,5221400
TXN,2025-07-08,211.56872329377399,215.86897579490602,210.60436773605866,213.17271423339844,6844600
TXN,2025-07-09,213.4777793113165,215.4064905613878,211.76554318847198,212.93655395507812,5231400
TXN,2025-07-10,215.78041768399922,217.2564785574388,214.08786668123378,216.15435791015625,3971400
TXN,2025-07-11,216.24293316340044,218.15197442972055,214.73735216785286,217.718994140625,5396300
TXN,2025-07-14,215.90836156035837,216.74478709959146,213.83203519843946,216.53814697265625,4723600
TXN,2025-07-15,217.2466636971589,217.86659911109317,214.4913468082507,214.8751220703125,4419700
TXN,2025-07-16,214.9144775950962,215.12113274373883,208.33125808662163,213.1825714111328,6420900
TXN,2025-07-17,212.69053129771964,213.5368068008591,212.0509109240085,213.1333465576172,4920100
TXN,2025-07-18,215.00303846709915,215.16047355322917,212.46421188930955,213.16287231445312,4550100
TXN,2025-07-21,213.96979109058674,215.5048920286217,210.7913441475903,211.14559936523438,8269800
TXN,2025-07-22,210.6240449539604,212.55277115074998,208.7740588228454,211.49000549316406,11730800
TXN,2025-07-23,191.789518321113,191.88792839306313,182.33288699302872,183.27757263183594,30755700
TXN,2025-07-24,183.444846898759,184.8913877823636,182.07703106500742,182.72650146484375,9049500
TXN,2025-07-25,182.73633435978005,182.91346947372526,180.2762328874748,182.0376739501953,7031800
TXN,2025-07-28,184.8815596839573,187.4990963667663,184.75362959626173,186.2296905517578,8586800
TXN,2025-07-29,186.6823528172954,189.8115947847578,185.8852673014572,188.32569885253906,7144700
TXN,2025-07-30,189.08340859551942,189.50655389124853,185.29486102796335,186.49539184570312,6985100
TXN,2025-07-31,184.49325084701806,185.256443024187,178.21924945286204,179.45819091796875,10144000
TXN,2025-08-01,178.04084981762503,179.9835015729654,176.34597123245004,179.2599639892578,6625100
TXN,2025-08-04,180.11235929952977,181.82705008740143,179.03200594972492,181.11341857910156,4682700
TXN,2025-08-05,183.31378022997816,184.84016461826826,181.96581128100655,183.75979614257812,5761900
TXN,2025-08-06,183.0560812303722,185.2465212648703,182.37218312385022,184.26528930664062,7089000
TXN,2025-08-07,189.07237310274644,189.79592580536087,183.0957207026675,184.26528930664062,6563900
TXN,2025-08-08,184.04724224082943,185.97998797825952,183.02635564301258,185.56370544433594,5946200
TXN,2025-08-11,185.78175980598405,187.19910163460122,181.777492374642,182.0847625732422,6457800
TXN,2025-08-12,183.64086217645138,192.12513107889768,183.58139540474787,191.26283264160156,9961500
TXN,2025-08-13,191.86742945638704,192.40264550532805,189.27061303130108,191.57998657226562,4966300
TXN,2025-08-14,189.48866061627828,192.52160209785816,188.34884049121283,191.9962921142578,3917300
TXN,2025-08-15,191.88725880883666,193.64158902189283,190.78707819064698,192.8486785888672,5872900
TXN,2025-08-18,192.8486762687068,193.79026873944426,191.7881351354089,192.6107940673828,2763600
TXN,2025-08-19,192.94778944313697,195.90142171101039,192.07556979740357,194.20655822753906,5491100
TXN,2025-08-20,195.7527601976126,199.44975745933954,191.73858664728172,198.99383544921875,8107300
TXN,2025-08-21,197.8143487830276,200.39133791557,197.68549403307156,198.93435668945312,5291100
TXN,2025-08-22,200.2922294855288,207.2402075918894,200.10390796804995,204.2370147705078,6177700
TXN,2025-08-25,204.17756053472806,205.1687137412073,202.73047019879735,204.1478271484375,3442600
TXN,2025-08-26,203.95950248904512,205.57508703042575,203.42428642023177,204.15773010253906,4549700
TXN,2025-08-27,203.1467695024278,203.88021320194176,201.45189085112807,203.65225219726562,4189700
TXN,2025-08-28,204.00906637009894,205.29756856369593,201.80870504110342,202.28445434570312,6166400
TXN,2025-08-29,201.7095767435847,202.2448079262009,199.77683108146442,200.68869018554688,5372700
TXN,2025-09-02,197.61612401808267,198.39912836848197,195.0192924266101,198.0423126220703,6238400
TXN,2025-09-03,197.45754017325254,198.3099325235537,189.68690277559392,194.00833129882812,7039600
TXN,2025-09-04,182.1343023938754,187.0107742107412,180.0826231814891,185.63307189941406,11335900
TXN,2025-09-05,185.42493914769753,187.6054731238588,183.6507664821673,186.2674102783203,9491200
TXN,2025-09-08,186.48545996678948,186.70351487067987,181.45041525094814,184.17608642578125,9701200
TXN,2025-09-09,182.76863508121005,184.01749773128992,182.0351914283536,183.39306640625,6135000
TXN,2025-09-10,183.40298192552623,183.84901296566355,181.32156927467514,182.38209533691406,5957500
TXN,2025-09-11,182.87767397221683,183.17502296101645,180.64757924191622,182.71910095214844,6596000
TXN,2025-09-12,182.4812091937613,182.7091701862744,180.72686386300236,180.9845733642578,6284200
TXN,2025-09-15,174.32402192226638,177.63446983369712,172.47055523630735,176.6234893798828,11658400
TXN,2025-09-16,177.1587286319471,179.53749026537372,175.71163830368417,176.0585479736328,7920300
TXN,2025-09-17,176.26668200310218,180.95484754272687,176.03872100106094,178.70492553710938,7209700
TXN,2025-09-18,181.6189077493313,182.0946570243074,178.7148211698677,180.0132293701172,7937100
TXN,2025-09-19,180.97465655788912,181.62882129020096,176.5937612916933,177.78314208984375,16206700
TXN,2025-09-22,177.81287465566447,179.80510222908327,177.7236744990689,178.0309295654297,7030300
TXN,2025-09-23,178.2787190506419,181.05395100125185,178.09039752515162,180.4295196533203,5900800
TXN,2025-09-24,180.11235080857873,183.5219200488762,179.49784069798912,182.80828857421875,5905100
TXN,2025-09-25,182.02527689063623,182.0351981017446,178.51660126028187,180.4295196533203,4042300
TXN,2025-09-26,184.3148575362934,185.63307799629536,181.45042536511892,182.91732788085938,6206300
TXN,2025-09-29,183.82918210529652,184.45361345035244,181.38103253279166,181.60899353027344,5090700
TXN,2025-09-30,181.13324260528404,182.34245068784688,179.70597961446904,182.1045684814453,3873100
TXN,2025-10-01,180.3601523175089,182.87767483715066,176.7523552083778,178.79412841796875,7705000
TXN,2025-10-02,179.1707712565985,182.98670206744703,178.24899090049158,180.70706176757812,6798000
TXN,2025-10-03,181.16297503065977,183.8192733881118,178.56615856734084,178.72474670410156,5167600
TXN,2025-10-06,179.39872170607046,181.60898901507878,177.71376436121483,180.20155334472656,6019800
TXN,2025-10-07,180.15199609225718,180.40970559762945,175.39447293944224,175.48367309570312,5396100
TXN,2025-10-08,175.26561856063668,180.32049070223505,175.26561856063668,179.99342346191406,6377700
TXN,2025-10-09,178.89324848110363,179.10138218606727,176.04862848161912,177.3767852783203,5006100
TXN,2025-10-10,178.03093120846145,179.9636920286538,169.98277214255174,170.18099975585938,9630200
TXN,2025-10-13,171.30100871455403,174.5420839007999,170.87480497581217,173.5608367919922,8610300
TXN,2025-10-14,170.44861113546781,174.7105727732407,169.93320725457974,172.40118408203125,9919400
TXN,2025-10-15,172.4804799167577,174.6015471083791,169.6160478431597,173.71942138671875,9416800
TXN,2025-10-16,173.83835111536183,175.929684875738,172.52011560538097,173.92755126953125,7188200
TXN,2025-10-17,173.50137430666118,176.05855143089886,173.0256249953931,175.01783752441406,5082600
TXN,2025-10-20,170.98382408419408,179.5077472048817,170.98382408419408,178.00119018554688,6620200
TXN,2025-10-21,177.88226776451745,180.23129603201997,177.2578364027569,179.24014282226562,10301500
TXN,2025-10-22,162.5094840201842,171.548796291909,161.59760977457216,169.19976806640625,25834500
TXN,2025-10-23,168.49604382734626,172.22277441096043,168.24825552760018,170.6666717529297,8412500
TXN,2025-10-24,172.47056055246796,172.60932139363746,167.2967397086091,167.6337432861328,7691800
TXN,2025-10-27,168.31764659033126,168.86276876070764,167.18771740397125,167.91127014160156,8606300
TXN,2025-10-28,167.6436474733147,168.01036930857813,165.01709760816289,165.43338012695312,9646600
TXN,2025-10-29,165.24506528853658,165.24506528853658,158.41602023908723,158.8422088623047,11961900
TXN,2025-10-30,158.733180577237,161.20115751540783,158.55478025880905,159.08999633789062,9477600
TXN,2025-10-31,158.36000061035156,162.0,157.8000030517578,161.4600067138672,8707900
TXN,2025-11-03,162.33999633789062,163.4499969482422,160.07000732421875,161.4600067138672,5208300
TXN,2025-11-04,161.17999267578125,162.30999755859375,158.1300048828125,159.36000061035156,11462300
TXN,2025-11-05,159.38999938964844,165.6199951171875,159.38999938964844,163.57000732421875,9770200
TXN,2025-11-06,162.75,163.80999755859375,161.08999633789062,161.3800048828125,5859500
TXN,2025-11-07,160.3800048828125,160.60000610351562,156.88999938964844,160.5500030517578,8837700
TXN,2025-11-10,162.0,163.3699951171875,158.49000549316406,160.5800018310547,7677900
TXN,2025-11-11,160.4199981689453,162.1699981689453,159.24000549316406,159.72999572753906,7274200
TXN,2025-11-12,160.85000610351562,164.52999877929688,160.39999389648438,163.08999633789062,6241200
TXN,2025-11-13,162.52999877929688,165.44000244140625,161.47999572753906,162.22999572753906,7719600
TXN,2025-11-14,160.5,160.8800048828125,158.3000030517578,159.3300018310547,6041500
TXN,2025-11-17,158.6300048828125,159.75,153.5399932861328,154.99000549316406,7343400
TXN,2025-11-18,154.5500030517578,158.08999633789062,153.5399932861328,157.32000732421875,8164700
TXN,2025-11-19,156.57000732421875,159.1699981689453,155.1300048828125,157.08999633789062,5568500
TXN,2025-11-20,158.16000366210938,159.25,152.72999572753906,153.3300018310547,7890900
TXN,2025-11-21,153.4199981689453,161.16000366210938,153.41000366210938,159.39999389648438,11711300
TXN,2025-11-24,159.72000122070312,162.6999969482422,158.97000122070312,161.25999450683594,9466500
TXN,2025-11-25,159.72000122070312,161.9499969482422,158.69000244140625,161.77000427246094,7406700
TXN,2025-11-26,162.32000732421875,167.0399932861328,162.0500030517578,165.35000610351562,7346300
TXN,2025-11-28,166.0399932861328,169.25,165.4199981689453,168.27000427246094,4018100
TXN,2025-12-01,166.83999633789062,169.6699981689453,166.52999877929688,168.16000366210938,6170800
TXN,2025-12-02,168.7100067138672,177.8800048828125,168.00999450683594,175.25999450683594,9438900
TXN,2025-12-03,176.82000732421875,183.0,175.5800018310547,182.60000610351562,9259300
TXN,2025-12-04,183.24000549316406,183.91000366210938,178.94000244140625,180.1199951171875,6724100
TXN,2025-12-05,180.8699951171875,184.75999450683594,180.6300048828125,182.5399932861328,6584600
TXN,2025-12-08,183.50999450683594,183.6999969482422,179.52999877929688,180.94000244140625,6427600
TXN,2025-12-09,179.91000366210938,181.8800048828125,179.39999389648438,179.52000427246094,3760400
TXN,2025-12-10,177.8300018310547,182.72000122070312,177.5,181.6699981689453,5268900
TXN,2025-12-11,180.27999877929688,182.02000427246094,179.17999267578125,181.6699981689453,4838000
TXN,2025-12-12,181.7899932861328,183.22999572753906,178.64999389648438,179.4199981689453,5980500
TXN,2025-12-15,175.35000610351562,179.36000061035156,174.0,177.97000122070312,9037500
TXN,2025-12-16,178.33999633789062,179.02999877929688,176.0,177.55999755859375,5746900
TXN,2025-12-17,177.8699951171875,179.63999938964844,173.69000244140625,174.49000549316406,8865600
TXN,2025-12-18,176.8000030517578,178.89999389648438,175.89999389648438,176.19000244140625,8546200
TXN,2025-12-19,175.72000122070312,178.24000549316406,175.58999633789062,176.2899932861328,19091700
TXN,2025-12-22,179.49000549316406,179.89999389648438,177.97000122070312,178.82000732421875,5373100
TXN,2025-12-23,178.27000427246094,178.61000061035156,176.67999267578125,177.0800018310547,3500300
TXN,2025-12-24,177.33999633789062,178.02000427246094,176.8000030517578,177.1300048828125,1266500
TXN,2025-12-26,177.72000122070312,178.52000427246094,176.42999267578125,176.8800048828125,3191100
TXN,2025-12-29,176.50999450683594,177.64999389648438,175.10000610351562,175.69000244140625,4163200
TXN,2025-12-30,175.9499969482422,176.47000122070312,175.25,175.4199981689453,3904600
TXN,2025-12-31,175.8000030517578,176.17999267578125,173.44000244140625,173.49000549316406,3426900
TXN,2026-01-02,174.97000122070312,178.88999938964844,174.91000366210938,177.52000427246094,6133600
TXN,2026-01-05,178.02000427246094,182.88999938964844,176.88999938964844,177.1699981689453,6755000
TXN,2026-01-06,180.08999633789062,192.9199981689453,180.08999633789062,192.10000610351562,13219400
TXN,2026-01-07,188.47000122070312,190.72000122070312,184.49000549316406,185.7100067138672,8341300
TXN,2026-01-08,182.8300018310547,189.0800018310547,182.5500030517578,188.4499969482422,6857300
TXN,2026-01-09,188.8000030517578,191.39999389648438,187.50999450683594,190.30999755859375,6018300
TXN,2026-01-12,188.85000610351562,190.82000732421875,188.0,189.07000732421875,6502600
TXN,2026-01-13,189.27999877929688,189.75,187.64999389648438,188.52999877929688,4135000
TXN,2026-01-14,187.5,193.61000061035156,187.44000244140625,193.4499969482422,7988800
TXN,2026-01-15,194.92999267578125,196.63999938964844,188.77000427246094,189.1199951171875,6942600
TXN,2026-01-16,190.22999572753906,192.47000122070312,190.07000732421875,191.5800018310547,6944800
TXN,2026-01-20,190.24000549316406,192.42999267578125,187.9499969482422,189.58999633789062,9516600
TXN,2026-01-21,191.4499969482422,196.1300048828125,191.25999450683594,194.41000366210938,7272000
TXN,2026-01-22,197.3000030517578,199.42999267578125,193.67999267578125,194.99000549316406,7264000
TXN,2026-01-23,195.75999450683594,196.41000366210938,191.1300048828125,193.30999755859375,6691300
TXN,2026-01-26,193.30999755859375,196.83999633789062,192.44000244140625,196.58999633789062,9169300
TXN,2026-01-27,194.69000244140625,198.41000366210938,194.33999633789062,196.6300048828125,10748800
