ticker,date,open,high,low,close,volume
UNH,2020-01-02,266.5850750625452,268.14479557888376,262.78552382228594,265.24298095703125,2543400
UNH,2020-01-03,260.50044398245274,264.6808708512689,257.86161196044856,262.5589294433594,2711400
UNH,2020-01-06,261.1623832497166,264.4813251910332,260.4550695686991,264.3815612792969,3079100
UNH,2020-01-07,263.6107567761228,264.3271196824865,260.78147475271606,262.7855529785156,2492900
UNH,2020-01-08,264.3362271403069,269.6682968016765,263.0122867187205,268.3262023925781,3379200
UNH,2020-01-09,266.8663095517562,269.5051417089502,266.3494189111808,266.8028259277344,2838200
UNH,2020-01-10,268.48036738774067,268.48036738774067,264.98005174268275,267.6279602050781,2477900
UNH,2020-01-13,266.93878188221674,267.0113424856986,258.46006706323476,259.2127380371094,6994900
UNH,2020-01-14,258.98603080429035,261.3800048828125,257.76182662068,261.3800048828125,6056300
UNH,2020-01-15,262.0872691484484,271.717653283473,262.0691428381399,268.78863525390625,6081300
UNH,2020-01-16,270.2305486710434,272.94191344136624,268.35343721139,272.7152099609375,3710300
UNH,2020-01-17,272.05320872186456,272.678912438741,268.3080634139334,270.6567077636719,4632200
UNH,2020-01-21,269.2239016237742,274.3473929030726,268.42590123201535,272.5246887207031,4962800
UNH,2020-01-22,273.8487270695214,273.97569430183245,269.6411248676323,272.5791931152344,3117600
UNH,2020-01-23,272.05326868355274,272.570131615698,269.00635934628616,271.55450439453125,3169600
UNH,2020-01-24,270.53875628826273,271.9805865391039,264.39056141026356,265.5240783691406,3678500
UNH,2020-01-27,261.1624368988451,261.23496984374816,253.971408385661,257.6167907714844,4399400
UNH,2020-01-28,257.45351811814606,261.497900056351,256.90034729079804,259.2308654785156,4341000
UNH,2020-01-29,257.53509829001234,259.52102256467055,254.71492088439564,256.53759765625,3963800
UNH,2020-01-30,255.57644707592107,255.57644707592107,250.2081238478935,254.79660034179688,4211800
UNH,2020-01-31,252.24842352796367,252.8015666989718,245.90977583053316,247.0614471435547,5532600
UNH,2020-02-03,249.49168512985977,251.05140597223544,245.58331986720097,248.485107421875,5646800
UNH,2020-02-04,251.44133124332362,257.0817142285874,251.07861125535476,254.66958618164062,4290200
UNH,2020-02-05,258.9860003063218,269.3236710334606,258.8409067923215,268.1720275878906,5761000
UNH,2020-02-06,269.32379197249725,269.5686218208239,262.97609317179865,265.20684814453125,3044000
UNH,2020-02-07,265.57860325228216,266.05016422840066,261.98762767586715,262.26873779296875,3425900
UNH,2020-02-10,259.55730544252174,262.33215325890677,258.84999183586984,260.2827453613281,3147400
UNH,2020-02-11,260.1195644639854,264.399727042597,259.25808021692126,263.6924133300781,2992200
UNH,2020-02-12,267.51003903389966,276.57817595030303,266.6123023347782,275.1998291015625,6701900
UNH,2020-02-13,272.17115006213675,277.3943795542498,272.17115006213675,274.0391845703125,3565500
UNH,2020-02-14,274.04816962836173,275.64417064896094,269.6047878855669,270.93780517578125,2485600
UNH,2020-02-18,271.7449099657034,275.08197818589684,271.1373325290661,273.9847412109375,3241700
UNH,2020-02-19,275.10012333500777,278.12887838422495,274.5197768400821,276.8593444824219,3021100
UNH,2020-02-20,274.94588309062107,275.81641636156195,270.13070528990346,273.9755859375,2885500
UNH,2020-02-21,272.4703782551429,274.3202863911312,270.78368998221595,273.3409118652344,2987100
UNH,2020-02-24,260.1558510732393,262.0601381097263,251.76782256211672,251.90383911132812,8790600
UNH,2020-02-25,254.04388378953,255.70336856209406,237.5942956371678,238.845703125,8171200
UNH,2020-02-26,240.0516943567868,244.68549851259084,234.60173583198198,238.49197387695312,6806600
UNH,2020-02-27,234.3388705363496,237.72126882112468,228.58059648296285,230.25819396972656,7604300
UNH,2020-02-28,223.25753584087252,233.14181372395018,222.4414090249036,231.20123291015625,9961000
UNH,2020-03-02,233.3594392011519,247.77777180310588,226.9936168542915,247.65988159179688,8866300
UNH,2020-03-03,249.69118605078415,254.2252550632416,235.07335198242308,237.04112243652344,9188100
UNH,2020-03-04,262.97607424938434,268.27186497548524,255.9119850579612,262.45013427734375,14533000
UNH,2020-03-05,255.3587570836301,262.45004723780477,253.8534429404383,256.5920104980469,5908400
UNH,2020-03-06,249.75464649443686,258.4147064355236,246.5626444945113,257.4172058105469,5361900
UNH,2020-03-09,239.81596960066136,255.21367787445843,235.08240046163263,247.95916748046875,8070700
UNH,2020-03-10,253.65394542762908,257.4444202933643,247.10674898965019,253.90785217285156,7366000
UNH,2020-03-11,249.1561770659288,258.6595683037829,247.7959563194028,251.89474487304688,7744600
UNH,2020-03-12,235.7715977276037,246.8619409217296,226.70345935346512,227.07525634765625,10496600
UNH,2020-03-13,237.6944662960354,248.83284724152438,220.64539453550327,247.7581787109375,9308400
UNH,2020-03-16,222.14813255955423,223.75103308408552,203.96061816264722,204.9533233642578,10303500
UNH,2020-03-17,210.21742204079968,226.5561177227449,207.91323257742096,222.42135620117188,9642200
UNH,2020-03-18,205.5999561764986,210.79118152650867,182.32139857774652,197.68560791015625,12917500
UNH,2020-03-19,197.6127621114764,205.93694203889078,190.29040377469457,200.18106079101562,8065200
UNH,2020-03-20,203.25931675189975,211.87493895922896,185.29950402442728,188.15011596679688,9364100
UNH,2020-03-23,184.0062831062472,187.38514159171112,170.96446662618536,177.4671630859375,10654500
UNH,2020-03-24,184.097356434461,200.6091105709388,181.23762759016725,200.18106079101562,8894400
UNH,2020-03-25,199.53441322221232,225.417692939243,196.72022445756923,213.55984497070312,10014000
UNH,2020-03-26,213.14089991081877,234.93494426572786,211.56532050590118,232.59434509277344,7517600
UNH,2020-03-27,221.2556251946367,229.14265287716083,216.97514131900564,220.80935668945312,4879500
UNH,2020-03-30,220.98240249938283,231.4103939294764,220.98240249938283,228.85121154785156,5329000
UNH,2020-03-31,221.74738885927206,231.81108758857647,221.3102367272156,227.1207733154297,5450000
UNH,2020-04-01,217.38494929223694,224.59802224351577,214.4250386216038,216.13723754882812,4548800
UNH,2020-04-02,214.29751762247622,220.39948402904122,205.85493845471836,218.97872924804688,4636800
UNH,2020-04-03,217.04800138478387,217.97694805333083,206.98430130098455,209.0061492919922,4650300
UNH,2020-04-06,218.57806074391667,227.0388470639455,214.133635728475,226.17364501953125,6365900
UNH,2020-04-07,236.61985749948727,242.9039712282719,224.5343082539885,225.90042114257812,4984100
UNH,2020-04-08,225.58161172756925,245.13523695031037,224.27924388274718,243.92393493652344,6390200
UNH,2020-04-09,241.3465706344486,246.2645706660088,238.25005415484648,240.55422973632812,4923300
UNH,2020-04-13,238.66903705710428,241.31018319613167,235.13535378691853,239.9896240234375,2964900
UNH,2020-04-14,244.9895543576168,248.69628030777514,243.1680706820955,246.3556671142578,4778900
UNH,2020-04-15,251.66530586628912,257.73085046927065,246.51961950868656,256.53778076171875,7841800
UNH,2020-04-16,258.1406531438243,273.22253484370617,255.01681549924996,271.79266357421875,7738900
UNH,2020-04-17,274.12421512917575,276.8655573375682,261.474023689043,264.62518310546875,5857500
UNH,2020-04-20,259.8346150827959,263.2134870507589,256.1643268724697,256.9566955566406,4072600
UNH,2020-04-21,250.40840478418798,255.00763857678277,248.8601330039496,249.7162322998047,3977500
UNH,2020-04-22,254.62518272053921,258.4867468902116,252.01135817579828,252.29368591308594,3663300
UNH,2020-04-23,254.15156770506232,262.71253382743856,253.6779920433039,259.8619079589844,4420500
UNH,2020-04-24,261.64707114351506,265.84557832919825,258.6507222479309,265.2900390625,3265000
UNH,2020-04-27,267.03851835729665,270.36271940956436,264.68881742036564,267.73980712890625,3706200
UNH,2020-04-28,271.4010547170171,271.62874016560517,260.1260668559529,262.6214904785156,3862900
UNH,2020-04-29,265.9366165855853,266.6196729638017,260.5632453023433,261.9748840332031,4258400
UNH,2020-04-30,261.0641605210895,268.66886095777426,260.03501772535407,266.36468505859375,7631700
UNH,2020-05-01,262.64891804192723,263.20445736184655,254.64348749081253,259.115234375,3526100
UNH,2020-05-04,259.09697615322915,262.2390470914618,256.9294058008993,261.874755859375,2894200
UNH,2020-05-05,264.07865851301244,269.57954622495464,261.64699371116006,266.8837585449219,2501300
UNH,2020-05-06,268.75991481022345,271.1096164606206,262.6943709950993,262.9949035644531,2579200
UNH,2020-05-07,265.08049420434656,266.2007165738496,259.1242353170718,259.5614013671875,3162300
UNH,2020-05-08,263.65064230543084,264.11512953063755,260.1625133411738,261.3829040527344,3200000
UNH,2020-05-11,260.0714015766345,264.2061767396209,259.7981901799393,262.9220275878906,3490700
UNH,2020-05-12,265.7270522123888,266.9838799991948,262.0203552246094,262.0203552246094,4214300
UNH,2020-05-13,259.09692359983706,260.8364437583821,250.9640060649957,253.18621826171875,5474100
UNH,2020-05-14,251.30094271388458,266.3464129130337,251.03684764059756,264.6706237792969,5704600
UNH,2020-05-15,266.3100583877074,273.22258649068505,264.77090226031873,264.9894714355469,12182800
UNH,2020-05-18,271.8382227840605,272.96753372340356,265.9548107378405,267.1752014160156,4015100
UNH,2020-05-19,264.78906432605606,268.3318632996134,263.095097904363,263.2499084472656,3059400
UNH,2020-05-20,266.7563229155012,266.7563229155012,261.10973926208374,262.2845764160156,3200600
UNH,2020-05-21,260.50853206677687,264.23346183293944,259.4975944496524,261.3008728027344,3604900
UNH,2020-05-22,261.65617457054265,264.3337583670333,259.3702309708212,264.060546875,2922800
UNH,2020-05-26,270.034945517707,270.5176375632108,266.3919782931848,268.56866455078125,4567800
UNH,2020-05-27,270.872847977072,276.68335752017526,264.84371370092185,276.6560363769531,5618900
UNH,2020-05-28,278.64138248486006,282.0202257821451,276.2188066775305,276.8381042480469,4387700
UNH,2020-05-29,277.5213085634503,280.8455113671491,273.9967414042432,277.63970947265625,6251500
UNH,2020-06-01,276.8837401481604,278.66881426885334,273.7325809823741,278.6232604980469,2894000
UNH,2020-06-02,278.3043869528047,280.59947341648507,274.79805426640604,278.96923828125,2756800
UNH,2020-06-03,280.3718248470942,282.43919840411155,275.7179205241337,278.094970703125,4360000
UNH,2020-06-04,276.1186652373942,277.2935298266601,268.0221858802635,271.473876953125,4374300
UNH,2020-06-05,276.86550296363504,286.2279274126337,273.67790671240897,284.01483154296875,5554300
UNH,2020-06-08,281.09133406038393,287.6486576809262,280.4446874363761,281.8563537597656,4635500
UNH,2020-06-09,282.2389183050401,284.7434586103817,279.89830487648413,281.6105041503906,3061500
UNH,2020-06-10,281.3645271154536,282.61223872693733,275.8272023280551,278.4592590332031,3296100
UNH,2020-06-11,276.2826236367042,276.2826236367042,255.7362905153382,258.40478515625,6638900
UNH,2020-06-12,264.7071086545022,267.84917910116883,253.82376040775847,259.6980285644531,5416800
UNH,2020-06-15,253.20440672190796,261.3828774937977,249.2791120743244,260.7271423339844,4494600
UNH,2020-06-16,269.0695017768712,271.00938584085924,261.78356894304017,266.8472900390625,4245400
UNH,2020-06-17,268.7599480780464,268.7599480780464,265.23538126935324,266.48309326171875,2538000
UNH,2020-06-18,264.50674759864313,265.73625464916967,261.01861855851547,265.4630432128906,2926600
UNH,2020-06-19,269.3045915268729,271.21623648176745,266.08498337863017,266.3868103027344,5172800
UNH,2020-06-22,265.0605562405814,267.99662061658495,261.8317926104372,267.6947937011719,2174100
UNH,2020-06-23,268.9204600714838,273.7407308889912,266.2313447934546,272.2041015625,4023400
UNH,2020-06-24,268.9021266851174,271.74674694096245,261.2006695389461,264.5025939941406,3399900
UNH,2020-06-25,263.67945683226924,271.45410437134524,261.6489007114122,270.94189453125,3112500
UNH,2020-06-26,269.953937021905,271.2710274560891,261.429262137536,262.3988037109375,5043200
UNH,2020-06-29,263.83490368503163,267.3380553426693,262.1610525419977,265.0331115722656,2356700
UNH,2020-06-30,263.94468029615325,271.1522393519676,263.11233244444486,269.7802429199219,2932900
UNH,2020-07-01,270.5852349271047,274.76525913550336,270.0455861256291,272.3231201171875,2303800
UNH,2020-07-02,274.8567010157383,277.2165233049823,271.8200079692063,272.807861328125,1971700
UNH,2020-07-06,277.14324032766814,277.59141683355466,273.7864105804459,276.9694519042969,2395000
UNH,2020-07-07,275.0029875459907,277.65550858531924,270.6949262618625,271.3351745605469,2075700
UNH,2020-07-08,271.97546939648635,275.1950780886436,270.44796754148933,272.8992614746094,1987400
UNH,2020-07-09,269.9175010869444,273.07307688210807,262.96604526424653,266.313720703125,3061700
UNH,2020-07-10,269.1307443540345,269.1307443540345,262.6000574739692,266.37762451171875,2391600
UNH,2020-07-13,267.16432535173846,278.5335973192405,266.8716260400386,274.1340637207031,4263300
UNH,2020-07-14,272.3962124832072,283.30815246667214,271.3900760245172,282.1922607421875,4234900
UNH,2020-07-15,275.423707925345,284.17705192391696,273.1736415763515,278.1219787597656,5116900
UNH,2020-07-16,278.98184137600913,284.3234789610373,277.289706387678,280.939208984375,3844500
UNH,2020-07-17,282.7136396565588,284.4332133382997,280.11599589322384,280.3721008300781,3016500
UNH,2020-07-20,280.6098119816957,282.2653517986971,276.57613988027225,277.56396484375,2375500
UNH,2020-07-21,278.9999897885058,280.80187918515236,277.24382243160505,279.0731506347656,2340200
UNH,2020-07-22,278.8445172427065,280.71959561838753,276.0548025717379,280.5366516113281,1935800
UNH,2020-07-23,281.899486986622,282.17387505148463,275.56084355496273,277.11578369140625,2367700
UNH,2020-07-24,277.44511447022285,278.31405673506913,273.6950131082708,275.12188720703125,2415700
UNH,2020-07-27,272.9632386959512,276.3475075028169,271.9936968479309,273.1187438964844,2060500
UNH,2020-07-28,272.46934066552734,275.67979312931226,271.847347775465,274.3352355957031,2257400
UNH,2020-07-29,275.73463796521224,283.31721134030363,274.399236164943,280.5091857910156,2672700
UNH,2020-07-30,275.93581802474756,280.3079106571552,273.38392566218863,279.1828918457031,2205300
UNH,2020-07-31,277.54572888817296,277.8201170043975,272.6156750644113,276.9420471191406,3913500
UNH,2020-08-03,277.68294967176104,278.890313326028,273.6675876467472,277.70123291015625,2628500
UNH,2020-08-04,276.14631203455275,282.503212398802,274.4633330119887,278.5152893066406,3594900
UNH,2020-08-05,280.6464553546227,286.2533523886669,278.99091508395156,285.80517578125,2982200
UNH,2020-08-06,285.37519363785356,289.25336041399896,283.91172552371086,287.2593994140625,3305300
UNH,2020-08-07,286.60092994749976,291.77793362409886,286.60092994749976,289.9760437011719,2600800
UNH,2020-08-10,289.94855382928654,293.1224397464118,288.64971837253654,291.8693542480469,2563600
UNH,2020-08-11,295.3633826953579,296.8725730781999,287.8082472933285,288.6222839355469,3018200
UNH,2020-08-12,290.8632532722331,295.7018353326542,290.53398751598843,294.76885986328125,2915800
UNH,2020-08-13,293.31454056341863,294.4029933117736,290.7168973051054,294.0828552246094,2159500
UNH,2020-08-14,293.1865309614842,296.2872287241532,291.53099065105056,296.0768737792969,1787200
UNH,2020-08-17,294.01884427434067,296.1682830038849,292.0980437016934,293.1590576171875,2772500
UNH,2020-08-18,294.50363776729074,295.13475840251266,288.7686744223038,289.7748107910156,2520000
UNH,2020-08-19,289.738131715126,292.22601913906806,288.2838191717921,288.48504638671875,2066700
UNH,2020-08-20,287.9637015447984,288.3753115768921,285.38436986057104,286.5917053222656,2245600
UNH,2020-08-21,284.7166570854418,288.3753137058732,283.6282045077967,287.3326110839844,2488500
UNH,2020-08-24,289.77473742928146,289.85705385042604,280.3353970180286,282.48486328125,2922200
UNH,2020-08-25,285.5581632987153,285.70448500128833,281.53361864457867,285.5764465332031,1879300
UNH,2020-08-26,284.44219965977754,284.789748506788,277.7011030328504,282.4665222167969,3178900
UNH,2020-08-27,283.92100016898576,287.9089238413338,279.42083871553035,285.073486328125,2321000
UNH,2020-08-28,285.68626225477664,288.8693042697164,282.60384783416356,287.54302978515625,2883500
UNH,2020-08-31,288.01863477517776,292.2901011273525,285.8691682371436,285.8782958984375,4341600
UNH,2020-09-01,283.692322060322,287.8631896148509,283.5459724023841,286.13446044921875,2487100
UNH,2020-09-02,285.8874639159011,293.8633375203378,285.8874639159011,292.9120788574219,2846500
UNH,2020-09-03,294.52189602136605,296.1865916980794,286.9576325294949,289.2442932128906,3872500
UNH,2020-09-04,289.47304287006875,290.70781766498783,280.46359159323407,285.3753356933594,2901000
UNH,2020-09-08,284.4880391046908,284.88133805862606,277.9024449100883,281.0306091308594,2594500
UNH,2020-09-09,283.253213212517,288.411932889342,282.10075525904494,285.3935241699219,2195600
UNH,2020-09-10,286.04300702219285,287.60707532587156,277.8018718700844,278.6067810058594,2421200
UNH,2020-09-11,280.186454420309,281.46306213649166,273.0410444454476,276.8892822265625,3085900
UNH,2020-09-14,278.29448354692545,285.74296416554245,278.29448354692545,283.4009704589844,1795500
UNH,2020-09-15,284.76021803254724,286.05521227882036,281.0864850314972,282.1702575683594,1468300
UNH,2020-09-16,283.8602104036715,286.7808218141552,281.2243110976358,281.5181884765625,3438200
UNH,2020-09-17,279.6629322210198,282.30802453740137,277.4678632402867,280.1037902832031,2394100
UNH,2020-09-18,280.1313176146285,285.07249268541875,278.992441394202,282.8957824707031,3795400
UNH,2020-09-21,275.96160402888745,276.0167077744863,267.8702103859849,274.7860107421875,4124700
UNH,2020-09-22,274.0972229918151,276.0994007618392,269.0274815120688,270.2581787109375,3163600
UNH,2020-09-23,270.9377709487379,271.94805298845495,268.0263256199653,268.3110656738281,3709900
UNH,2020-09-24,268.35694010584785,270.8734375529644,266.01494717073507,268.7886047363281,2869100
UNH,2020-09-25,267.4937054342475,278.5332638910579,267.46615355568053,277.8260803222656,2455800
UNH,2020-09-28,281.39877339311016,284.7234972318895,278.12912527801313,278.49652099609375,2575700
UNH,2020-09-29,278.9006616389928,280.5813823003261,276.154526923151,279.34149169921875,1797800
UNH,2020-09-30,279.2221070997603,288.8656576243794,279.1945552193959,286.3399658203125,3497300
UNH,2020-10-01,287.3869523455233,289.4626204648316,283.93363434774136,287.5339050292969,2731200
UNH,2020-10-02,286.64310548642214,291.5016266261596,283.2081450828394,286.53289794921875,2338000
UNH,2020-10-05,289.3707921571015,292.44754937730846,287.5798359761027,292.1995544433594,1638600
UNH,2020-10-06,292.9342180522854,294.1740801859153,287.9195536663497,288.80126953125,2434400
UNH,2020-10-07,290.05959904136654,298.2520080286782,290.05959904136654,296.8100891113281,2596600
UNH,2020-10-08,297.04885234968174,298.8122564807767,294.8078730300034,296.112060546875,2056700
UNH,2020-10-09,298.1786010628005,301.402311374589,297.4989692929576,301.0992126464844,2028900
UNH,2020-10-12,302.27474605551106,306.352591918337,302.173731851857,303.055419921875,2424200
UNH,2020-10-13,301.70536919481646,306.4812340433398,300.9797989673805,304.38720703125,2713500
UNH,2020-10-14,295.79980423933665,303.6064868824158,294.0823385423966,295.5977478027344,4455400
UNH,2020-10-15,292.8424469272444,300.3001204214782,290.52797720257985,298.09588623046875,3172200
UNH,2020-10-16,298.9133036756687,305.24132277175005,298.2428652830502,302.99114990234375,3293300
UNH,2020-10-19,301.7420831486667,303.79936476421943,295.79062529578385,297.7744445800781,2482100
UNH,2020-10-20,299.9786498092731,301.8155162246415,296.91108625901074,297.0304870605469,1988600
UNH,2020-10-21,297.0304836680359,299.8592455829176,295.9008007452784,296.4610595703125,2139000
UNH,2020-10-22,296.02945471871146,301.3012533677588,295.96515765509804,299.16131591796875,2100600
UNH,2020-10-23,302.3115478712966,308.2721717976396,301.3655625698916,303.63409423828125,2349500
UNH,2020-10-26,299.703208444543,301.01656154384597,292.55779736488086,296.7091064453125,2408500
UNH,2020-10-27,296.7089976084335,297.1131104181949,293.3750809420791,294.36700439453125,2427700
UNH,2020-10-28,287.7726783033025,291.88726935942066,282.36312102778004,282.87744140625,3301400
UNH,2020-10-29,281.58243403928265,284.23671946554083,276.8708671949954,278.9097900390625,3279200
UNH,2020-10-30,278.4965215693543,282.1151507787035,275.1626044222529,280.250732421875,3556800
UNH,2020-11-02,287.1389977140327,287.1389977140327,282.2896430275884,286.6430358886719,4519000
UNH,2020-11-03,291.57499392787486,299.8133409887089,289.3248213394679,295.1385192871094,4043900
UNH,2020-11-04,317.0707688078526,331.04013279925096,313.3143796122225,325.6397399902344,10344900
UNH,2020-11-05,328.8633683285098,331.5360121875166,321.15770066248723,325.4927062988281,4786500
UNH,2020-11-06,321.7822557153686,323.2884996788478,316.4645474493645,319.1188049316406,2994900
UNH,2020-11-09,336.4313052772624,337.9375493670361,320.514868265433,321.45166015625,4635300
UNH,2020-11-10,320.98323675295063,326.87039741721554,319.77092612983324,324.8406677246094,3733200
UNH,2020-11-11,327.10920512875435,327.7061811637705,320.9097803985316,323.01300048828125,2048200
UNH,2020-11-12,322.7374296313372,331.1135361580735,321.22202041589014,325.5019226074219,2907300
UNH,2020-11-13,327.75212013318173,328.74404387220125,324.01411760550917,326.6592102050781,2442100
UNH,2020-11-16,329.67166057684886,330.25025004068726,322.379297571348,327.71539306640625,2790100
UNH,2020-11-17,323.6466940564364,324.5375473676779,319.1555421819054,323.3803405761719,2557600
UNH,2020-11-18,324.6018320982921,325.17125618538614,315.1052363799771,316.409423828125,2722500
UNH,2020-11-19,314.3705749560053,315.0869518837308,307.05982494362814,309.5120544433594,3935600
UNH,2020-11-20,307.6751770010349,310.11821311316294,304.65352338493415,307.399658203125,3702000
UNH,2020-11-23,308.18027846884,308.83238628350995,304.5432904975778,307.7302551269531,2535700
UNH,2020-11-24,308.75887063578386,312.2672922341617,307.1516125139904,308.6027526855469,3759700
UNH,2020-11-25,311.183601750424,311.183601750424,302.2931734384828,306.0128173828125,3145100
UNH,2020-11-27,306.3251019237781,311.25708497664635,304.7729471790477,310.3753967285156,1558600
UNH,2020-11-30,307.77613981442516,310.3753214968426,303.34931303996603,308.90582275390625,5265700
UNH,2020-12-01,316.6482080549731,325.2172056091777,312.20299467729444,313.3602294921875,3817700
UNH,2020-12-02,313.89286637945435,323.13230100199223,313.6448995359143,319.2106018066406,2864300
UNH,2020-12-03,319.52294198913,323.9957077109352,318.22794766249405,320.23931884765625,4169200
UNH,2020-12-04,318.9212625758862,323.9631692105633,318.69082813760883,322.5068359375,3255100
UNH,2020-12-07,321.4283290607984,322.5067744030182,318.20224754045336,320.6356201171875,2999400
UNH,2020-12-08,317.76902975398195,322.5159726509356,317.15145320038283,320.6356201171875,2471200
UNH,2020-12-09,321.58508354907804,322.06437703236895,314.87480600778935,317.4556884765625,2600400
UNH,2020-12-10,318.14699055776185,318.42350061838437,312.7087437083001,313.0682067871094,2896900
UNH,2020-12-11,311.66722542287306,312.3585288141476,308.16460469622467,310.690185546875,3071700
UNH,2020-12-14,313.4184405109294,316.36801213444556,309.57478227453225,309.82366943359375,2479000
UNH,2020-12-15,312.59811957582,314.3217644776307,310.6624648883682,313.0866394042969,2616500
UNH,2020-12-16,310.4688697610337,314.92087821215347,308.1000254589288,312.7824401855469,2365600
UNH,2020-12-17,313.21563774122177,315.7872934075636,310.9112938432232,314.9300842285156,2525700
UNH,2020-12-18,315.71356215986947,315.7965151708707,307.86036769721886,311.8975830078125,8742700
UNH,2020-12-21,306.08140875900415,310.5794927061753,303.62035701286294,309.7775573730469,2892700
UNH,2020-12-22,308.92957581423553,310.6071449886784,307.3718370278528,308.79132080078125,2069700
UNH,2020-12-23,310.15539480310923,314.9115629491284,309.73140349431446,311.1693115234375,2348100
UNH,2020-12-24,310.10942355185404,314.6904608911124,310.10942355185404,314.1189880371094,1360600
UNH,2020-12-28,316.34954201271916,320.5711158155091,316.2112870037191,318.8751220703125,2308200
UNH,2020-12-29,320.7554552923877,323.7972062202226,317.99946889662726,320.1655578613281,2275700
UNH,2020-12-30,319.9167239202718,321.695699144996,317.51100190962535,317.99029541015625,1866000
UNH,2020-12-31,318.03639910199894,323.61290120214977,317.123859607477,323.2349853515625,1969000
UNH,2021-01-04,323.9446773291252,324.5253483645021,313.74103576953235,322.14727783203125,4203800
UNH,2021-01-05,321.4006665431573,323.86169003386453,317.5201593581815,317.8150939941406,3160500
UNH,2021-01-06,310.72699812901334,331.35549339027585,308.8835226365567,331.1527099609375,6561400
UNH,2021-01-07,330.4797554204011,337.7707020744085,329.9082826982313,336.4618225097656,3366700
UNH,2021-01-08,338.27771574437895,338.72935818912396,330.68260655026353,334.95025634765625,2947800
UNH,2021-01-11,334.24045987239293,335.7797739300709,331.07890688372896,332.5168151855469,2695100
UNH,2021-01-12,329.92676437940185,331.8992682496092,327.42886331729267,329.4013671875,2372500
UNH,2021-01-13,328.1755219453012,328.8852498983103,323.7419655430354,327.2537841796875,1974500
UNH,2021-01-14,328.92206806842836,330.72866588760775,322.9953020535518,323.0966796875,2919900
UNH,2021-01-15,321.7970153365366,325.41943722886145,318.6815378550853,323.806396484375,3777000
UNH,2021-01-19,328.33214507270134,329.0234482778659,324.04607082652115,324.62677001953125,3361300
UNH,2021-01-20,324.34096953427957,324.5253001417204,318.7644412368095,323.3823547363281,3036800
UNH,2021-01-21,323.35471468408343,332.64584399277055,323.29018631115764,327.216796875,3749800
UNH,2021-01-22,325.6590704613201,326.8665443233284,320.34065526857484,320.349853515625,2585100
UNH,2021-01-25,319.9812188686294,322.96766797592437,317.6307991179738,320.5895690917969,2506300
UNH,2021-01-26,323.0782350548583,323.99997259744913,315.7596367163512,316.2573547363281,2467500
UNH,2021-01-27,310.66252900084214,311.5473894497286,303.2609752819828,306.9294738769531,4770900
UNH,2021-01-28,310.29377268380034,319.4558189480768,308.3304670095981,311.6855773925781,2769900
UNH,2021-01-29,310.19240421869256,312.4875222173361,304.75415711363627,307.4732666015625,3899200
UNH,2021-02-01,308.80977075593546,311.68558778846636,306.69898361340165,307.8603820800781,3020200
UNH,2021-02-02,310.7177575726735,317.6676671091257,310.7177575726735,312.2109680175781,2663700
UNH,2021-02-03,311.54733101035225,313.5382877437924,308.41342857277476,311.4459533691406,2537100
UNH,2021-02-04,306.3119052293745,309.0494675560374,302.68948251173896,303.54669189453125,5962200
UNH,2021-02-05,306.1182506505571,307.3810547490756,298.16367905570377,299.1130676269531,7227900
UNH,2021-02-08,301.4174423190617,301.4266405678392,298.4678705444104,298.9563903808594,4758200
UNH,2021-02-09,298.55077042774536,305.13198967542974,296.5321630537377,303.83233642578125,4096900
UNH,2021-02-10,306.6252047352292,309.48259665402577,303.96136981816767,307.3072814941406,4122700
UNH,2021-02-11,308.7820593990968,310.3029206329845,305.5559781814943,307.00311279296875,2776700
UNH,2021-02-12,305.7219579622503,306.3856102409204,302.2193659037819,302.5511779785156,2760800
UNH,2021-02-16,301.7399681998483,304.02588727864554,297.2419129222598,299.21441650390625,4339000
UNH,2021-02-17,298.14524201206507,302.8829868701236,297.02072099305036,301.2791442871094,2620000
UNH,2021-02-18,300.3943150809042,303.7863031141878,299.74911555923984,302.7078857421875,2383500
UNH,2021-02-19,303.021301826081,303.11348123194523,298.74442493098866,299.1776428222656,2313800
UNH,2021-02-22,296.3386856764108,303.297794414953,295.2786928931447,301.9981689453125,2688300
UNH,2021-02-23,304.1641872937957,307.8050621333595,301.0763887795831,303.7217712402344,3225700
UNH,2021-02-24,302.7816142966646,307.4917086676865,300.5233737627579,306.2104797363281,3360500
UNH,2021-02-25,305.09517221501926,307.49169580992015,301.74003355631766,303.1318664550781,2780100
UNH,2021-02-26,304.6803209997025,311.46432366309745,304.0351216237761,306.2196350097656,5430000
UNH,2021-03-01,308.1921608843571,312.38608371192396,307.56538608678613,308.45947265625,4198900
UNH,2021-03-02,308.7820683519305,311.2431199004178,307.75895320955493,308.45025634765625,2568900
UNH,2021-03-03,307.2335797876494,311.69478634103467,306.7358336136224,306.81878662109375,3039700
UNH,2021-03-04,308.0171429803109,314.16511855310455,306.63453623552476,307.685302734375,4991600
UNH,2021-03-05,308.8097402878179,321.03198959939095,308.80051391067474,319.93511962890625,4563100
UNH,2021-03-08,319.85219816273724,326.29513548062897,318.5525446713356,322.764892578125,3419900
UNH,2021-03-09,325.29963257962544,332.97769409003075,323.8432714801126,324.4331970214844,4277600
UNH,2021-03-10,326.2121891454965,326.73758637964727,321.2255848685889,322.239501953125,3012300
UNH,2021-03-11,323.3087740350991,328.1110203094112,322.48841385478124,325.46563720703125,2520500
UNH,2021-03-12,326.68658317480816,330.0628721838278,325.5950472843057,329.3228454589844,2088700
UNH,2021-03-15,330.15536775380536,331.0988700379155,325.1880285136583,327.34332275390625,2343400
UNH,2021-03-16,327.0195989554507,328.712359052253,325.5210835384799,328.0093688964844,2904200
UNH,2021-03-17,328.5366496354555,331.2191798116921,325.4470835366795,325.7708435058594,2633100
UNH,2021-03-18,326.4090598196722,337.0004611038184,325.9188044688357,334.9006652832031,3311600
UNH,2021-03-19,334.78043471005424,342.68001873507336,332.0886457653587,338.16595458984375,8572900
UNH,2021-03-22,337.6294967386136,340.94102842279176,333.10617294465084,339.3500061035156,3505200
UNH,2021-03-23,341.19076431861583,343.67904945841536,339.68298987749574,340.86700439453125,3100100
UNH,2021-03-24,338.6006870470338,345.7695312271316,338.10120080978163,342.80950927734375,3407800
UNH,2021-03-25,342.8095703807336,344.20631978381425,336.14023947825723,343.2628173828125,3021500
UNH,2021-03-26,343.8085810404949,348.7851519649466,342.5228285622429,348.2486572265625,2959800
UNH,2021-03-29,348.13761783637744,351.96718233210464,346.8703554941824,350.6351623535156,2740400
UNH,2021-03-30,349.2383667810792,351.3936611509343,343.9195462965918,345.5475769042969,3066000
UNH,2021-03-31,344.8444912382884,348.7295532558672,343.91947916068665,344.16925048828125,3356500
UNH,2021-04-01,344.28959875107245,344.7428457571233,338.33251711810794,339.5442810058594,2977700
UNH,2021-04-05,341.90301591737125,344.6873117628426,340.0715097687158,342.4210205078125,2709400
UNH,2021-04-06,341.12596821037135,342.06023948414224,335.52039702600524,337.0466613769531,2698600
UNH,2021-04-07,336.8802175122449,338.44349049129585,333.5131593330169,338.22149658203125,2158900
UNH,2021-04-08,335.88122190797793,339.3962857864428,335.88122190797793,337.52777099609375,2426700
UNH,2021-04-09,340.72826196397114,348.36884381930184,339.47948980252215,348.08209228515625,2483200
UNH,2021-04-12,346.39861829230733,351.3474115429409,345.98235146321883,348.0636291503906,3057300
UNH,2021-04-13,348.0358858197649,350.866421264048,346.2598497424031,346.4171142578125,2652300
UNH,2021-04-14,347.19404936924997,349.6638441763316,346.4910311173662,347.4623107910156,2805600
UNH,2021-04-15,351.5046266590964,362.9377635972882,351.5046266590964,360.7640075683594,4488300
UNH,2021-04-16,364.38087623192627,364.38087623192627,356.5552514495912,361.6890869140625,4532400
UNH,2021-04-19,360.7547558268855,363.89056071597946,359.3394882985761,360.60675048828125,2965400
UNH,2021-04-20,360.6252308711678,368.0438465376107,360.218251487366,366.7950744628906,3348100
UNH,2021-04-21,368.9503836093501,371.3739394898957,365.7868574272805,368.9041442871094,2473300
UNH,2021-04-22,368.5618693701113,368.8578800540374,363.7055552391585,366.8043518066406,2718600
UNH,2021-04-23,365.953286405185,371.84560902863893,364.9172773587486,370.2915954589844,2263200
UNH,2021-04-26,369.82916386535226,370.00491845995157,365.5741016572358,366.17535400390625,1642300
UNH,2021-04-27,365.0653026964756,366.6100571963922,362.8822593182722,364.91729736328125,1758500
UNH,2021-04-28,365.54633367323174,367.2206035850799,363.8073061289813,365.0005798339844,1886500
UNH,2021-04-29,366.99858198326643,372.0029012586752,366.58231521110355,371.4386291503906,1996500
UNH,2021-04-30,370.92993583196903,371.7254328675589,368.4786588594552,368.8948974609375,2328100
UNH,2021-05-03,370.9299994864867,376.2673112617444,370.4952424975738,375.4625549316406,2568500
UNH,2021-05-04,375.07397909248624,381.5398057176933,373.2424446662085,380.4945373535156,3237200
UNH,2021-05-05,379.7176020951705,381.79888006036936,376.2950448162989,381.567626953125,2767600
UNH,2021-05-06,382.0301109662586,385.59141425668673,381.62310326283034,383.8523864746094,3058700
UNH,2021-05-07,383.8801436989585,387.5986833621792,383.0198889471082,386.3314208984375,1851000
UNH,2021-05-10,387.82988657703453,394.03673927046646,386.8586349794367,389.32843017578125,2489300
UNH,2021-05-11,389.4302099997732,390.623483868064,379.8193178704579,380.8276062011719,3024000
UNH,2021-05-12,378.59825880356635,380.0412756060559,374.33393779725014,374.9721984863281,2888100
UNH,2021-05-13,375.81397734091325,382.1965562462422,374.0009612276409,377.9230041503906,2637500
UNH,2021-05-14,380.17077415588494,381.65079939611235,377.86750269542165,379.07000732421875,2072900
UNH,2021-05-17,378.61673344150734,381.5767837115369,377.9322334610797,377.98773193359375,1583900
UNH,2021-05-18,378.96830661193803,381.99308679150346,375.80475199851065,379.6065673828125,2694800
UNH,2021-05-19,378.7833128643014,379.92108826143425,373.9362569955679,378.7925720214844,2783100
UNH,2021-05-20,378.8202860627126,382.7978276607738,377.70102908395063,377.9970397949219,2105800
UNH,2021-05-21,379.9580611988606,387.23790347970305,378.75552827195696,380.7628173828125,4295400
UNH,2021-05-24,381.447290627186,382.86255821681715,379.1810275901226,380.1337890625,1883600
UNH,2021-05-25,380.9663266251499,382.82558217783463,378.2282980837602,382.0763244628906,2285600
UNH,2021-05-26,381.1976454577492,384.15766843144706,380.18938525049964,382.2243957519531,1903900
UNH,2021-05-27,383.8060917824918,383.9818181376284,379.60652830062793,381.7525634765625,2041800
UNH,2021-05-28,381.75260591173884,384.3148799438163,379.27355137404334,381.0310974121094,2367900
UNH,2021-06-01,382.7053536349332,382.7053536349332,375.70300366489465,376.22100830078125,2199600
UNH,2021-06-02,378.45955823539634,378.45955823539634,374.21372679917766,375.416259765625,2232900
UNH,2021-06-03,373.2424645046882,379.0330505585799,372.6319529968125,377.3680114746094,2281200
UNH,2021-06-04,380.14305952611505,380.1800679235017,374.30623397763986,375.2220153808594,2990900
UNH,2021-06-07,376.44300020722756,376.67425328376544,368.79315859784396,370.2361755371094,3353800
UNH,2021-06-08,370.6709080726552,372.54868180148367,368.8486328202151,371.6144104003906,3051300
UNH,2021-06-09,373.08518973359554,375.35148110676647,370.4951666463725,371.0224304199219,1925700
UNH,2021-06-10,371.771726846651,372.6412407370678,368.58968201983583,371.3832092285156,4033600
UNH,2021-06-11,373.1036899938048,373.1129209203284,365.1763283784455,368.0531311035156,3094300
UNH,2021-06-14,367.5073373771787,369.5146262807841,365.50007670270554,369.2278747558594,2674900
UNH,2021-06-15,369.96787481648795,371.3924015209995,366.739591243812,370.2638854980469,2845800
UNH,2021-06-16,371.0224234554014,372.9186872984016,366.92462591501976,367.46112060546875,3330800
UNH,2021-06-17,366.3048776282385,368.2196598999241,365.0190969572856,367.55364990234375,3532000
UNH,2021-06-18,359.5507363454552,364.54553267693257,359.5228854798808,361.4910888671875,5521400
UNH,2021-06-21,361.4911151921132,370.61730335434095,361.35186085410027,369.5682067871094,3839300
UNH,2021-06-22,371.92634162916073,371.963485565385,369.33612581108747,370.1438293457031,3964600
UNH,2021-06-23,369.3361388734285,370.43164420435266,366.96870159140576,367.2379455566406,2942100
UNH,2021-06-24,369.80030440568186,373.3653570983848,368.4262621702829,370.3109130859375,3309100
UNH,2021-06-25,371.45300195073975,380.62560234320057,370.45031366266016,375.95574951171875,16928900
UNH,2021-06-28,375.9557124820995,375.9928280946457,369.4383242491043,372.715576171875,3193300
UNH,2021-06-29,373.1889730328288,374.33091530566736,369.0204658322782,369.5960693359375,2458800
UNH,2021-06-30,369.0761393522642,372.6597497081763,368.38910409467815,371.76849365234375,2875600
UNH,2021-07-01,373.2446938228308,376.1969993628022,373.0404446660233,375.8999328613281,2678100
UNH,2021-07-02,376.0855469467976,380.5232977467887,374.96219089678925,380.0498046875,1982400
UNH,2021-07-06,379.40922344269796,381.72093027256835,376.6611391665869,380.8853759765625,2615300
UNH,2021-07-07,380.96894840434567,382.66790795024673,378.04449404983296,382.1851501464844,2270400
UNH,2021-07-08,379.3536055230085,381.4146551731159,376.07635383454107,380.5976867675781,2032300
UNH,2021-07-09,382.9928762832018,383.66132546086277,381.2382148996676,382.6029357910156,2078900
UNH,2021-07-12,381.59106056132765,386.585858439611,380.93190431692483,386.25164794921875,2802600
UNH,2021-07-13,386.56728398238573,389.6402864109582,385.9452433753592,388.5726318359375,2948900
UNH,2021-07-14,390.6428677079026,392.2768608157507,383.7541553993998,385.04461669921875,3538700
UNH,2021-07-15,382.4172646613287,391.53415987264884,378.0445083970581,389.97442626953125,3546500
UNH,2021-07-16,391.19071665394387,392.0541504211809,387.7370949151046,389.64959716796875,2625400
UNH,2021-07-19,387.3656375882902,389.49168168964303,377.68243162180147,379.7713317871094,3611300
UNH,2021-07-20,381.5724787120735,387.82062220066894,381.21038903777105,383.40142822265625,3186700
UNH,2021-07-21,387.1985864043878,387.3564269052123,381.41464293987184,384.9518737792969,1863700
UNH,2021-07-22,386.2329850261265,386.9849868125341,384.10696927567625,386.0008850097656,1421900
UNH,2021-07-23,387.97838762579494,389.31528600711533,386.20514007373083,387.792724609375,1611700
UNH,2021-07-26,386.98501909806254,387.7649001507183,381.4796130504803,383.93060302734375,2232600
UNH,2021-07-27,382.5008298413828,385.5274231439134,380.1426857243032,385.3788757324219,2630600
UNH,2021-07-28,384.8126028546818,384.8126028546818,377.6732028084633,379.87353515625,2446600
UNH,2021-07-29,381.83239500691553,383.03930381342764,379.17718429957984,382.5751037597656,1597300
UNH,2021-07-30,381.349652364915,384.1441175333311,380.87615922488226,382.7051086425781,1864200
UNH,2021-08-02,383.95844633282064,386.62295015723413,383.2528531717132,385.81524658203125,1806500
UNH,2021-08-03,386.0473561705281,391.9148519031004,385.36032079519543,391.6920166015625,2496500
UNH,2021-08-04,391.83131398223696,393.3260531168986,389.65886079823383,391.35784912109375,1995400
UNH,2021-08-05,391.8405762351711,392.0169745353118,378.68516160010535,381.7488708496094,3598600
UNH,2021-08-06,382.51018039549916,386.9293461383047,382.51018039549916,385.3974914550781,1944000
UNH,2021-08-09,385.23967087487284,386.42802198693533,380.9690243265927,381.4517822265625,1509800
UNH,2021-08-10,381.1174815420005,384.0326427209404,379.3163833298614,382.2965393066406,1441800
UNH,2021-08-11,383.4570508172376,384.2926051506259,378.33229301760565,378.5458068847656,1542600
UNH,2021-08-12,377.8587934280309,379.4649355998028,375.3521021386211,376.89324951171875,1939900
UNH,2021-08-13,377.93306551371023,380.6904146906404,376.8561464292874,380.337646484375,1537800
UNH,2021-08-16,380.49549484578085,387.53278349332845,378.16520152064663,387.3377990722656,2377500
UNH,2021-08-17,387.2356610336307,392.2490155660776,386.7993118830138,391.58056640625,2258000
UNH,2021-08-18,391.18136191073893,391.404168853585,387.22636868009727,387.4399108886719,3037000
UNH,2021-08-19,385.63893754987254,397.6802910863375,382.8722943384865,397.25323486328125,3204500
UNH,2021-08-20,397.68026032931186,400.47472586892445,396.3433616772435,398.94287109375,2401900
UNH,2021-08-23,399.73198926515715,399.73198926515715,394.4772407145904,394.904296875,2375900
UNH,2021-08-24,395.0527519239867,395.44269238449505,391.52484330947124,393.0938415527344,1619300
UNH,2021-08-25,391.6455844346337,393.2888423975891,389.4174298805775,389.6866455078125,1939000
UNH,2021-08-26,389.714513596132,391.2185456107823,386.7993519116754,387.00360107421875,1385400
UNH,2021-08-27,388.0805553569873,390.2530083057841,386.3258654757337,388.77685546875,1621600
UNH,2021-08-30,388.77687697205596,390.45727906811805,387.96917333094086,388.34979248046875,1284200
UNH,2021-08-31,387.142860714198,390.61506819232534,384.5619094427376,386.4651184082031,4249100
UNH,2021-09-01,386.715741191854,389.8073007036308,381.79520422722175,387.4677429199219,2034400
UNH,2021-09-02,389.1481666127335,394.0129737865101,388.2940261042547,393.37237548828125,3137400
UNH,2021-09-03,391.7199380129262,393.6417334643161,390.4944427976171,392.5833435058594,1604800
UNH,2021-09-07,390.20661667737966,392.0263015804881,387.681366845082,391.0793151855469,1920300
UNH,2021-09-08,391.0328725314516,392.59257802786567,384.5433643653723,385.6481628417969,2262500
UNH,2021-09-09,385.60166906207365,390.1322657886955,384.29262160628593,384.86822509765625,3508500
UNH,2021-09-10,387.1601555364756,387.5700877114975,375.07653892415317,376.30633544921875,4215800
UNH,2021-09-13,380.098134555844,388.324668537637,378.6726978525175,386.191162109375,3068200
UNH,2021-09-14,389.05136174857716,389.05136174857716,383.2564433687932,384.34649658203125,2879800
UNH,2021-09-15,384.32788149403814,392.6196676362813,381.5142821275325,388.9861755371094,3180600
UNH,2021-09-16,390.98927152900217,394.46434074917914,386.6011379930054,388.3526611328125,2262700
UNH,2021-09-17,386.6104286092581,392.31217555092206,386.6104286092581,391.44573974609375,4534200
UNH,2021-09-20,388.42726847630354,390.64459293173377,380.78765358503716,384.49566650390625,2799800
UNH,2021-09-21,386.6477282774487,390.1600717233101,384.0390665742777,384.1601867675781,2382200
UNH,2021-09-22,377.26590533573864,383.8434139902371,377.26590533573864,380.7689514160156,3629400
UNH,2021-09-23,381.7938320388183,386.49872686576487,379.66035348247937,380.1448059082031,2681600
UNH,2021-09-24,379.1292566172292,380.01434390200876,377.5361279365979,379.2596740722656,1950400
UNH,2021-09-27,379.95840859095557,383.9831815651238,377.2845522947189,377.5733642578125,2608600
UNH,2021-09-28,375.0858813346502,376.3901981169777,369.8872087159809,371.37786865234375,3115400
UNH,2021-09-29,369.8686023199335,374.38715390368776,368.7506002096526,373.0455627441406,2056300
UNH,2021-09-30,374.05177249762255,375.91509054587215,363.7755745988054,364.03643798828125,3779900
UNH,2021-10-01,364.8376364901822,366.7848002090397,356.93715866218923,365.61090087890625,3146600
UNH,2021-10-04,364.8562744560272,368.1450294213175,358.4651076887506,360.56134033203125,3074800
UNH,2021-10-05,362.73206014676293,368.94623730453156,362.6388885735963,366.54254150390625,3269400
UNH,2021-10-06,364.0457426759361,367.80032718928794,359.47129371953383,367.3065490722656,2809200
UNH,2021-10-07,369.64492481255746,380.2751542761642,369.5983248171288,377.04229736328125,2813700
UNH,2021-10-08,378.6354599356432,381.16024734680224,375.1231164616111,380.54534912109375,2012200
UNH,2021-10-11,380.1168329174802,383.1167757263138,376.58583770957364,377.3125305175781,2164200
UNH,2021-10-12,377.42423453752457,380.4707766202475,374.8156016040299,375.6820373535156,2415700
UNH,2021-10-13,375.77527635091354,377.61064541880336,370.9026903402285,375.9709167480469,3021800
UNH,2021-10-14,396.5698578819834,403.87405890337084,389.2470054895619,391.6320495605469,6038800
UNH,2021-10-15,393.2065814277528,401.0697838995301,392.6941804654139,398.815185546875,3312000
UNH,2021-10-18,398.7499634180033,398.7499634180033,394.8742594271508,395.6009521484375,2232800
UNH,2021-10-19,397.65995814809827,398.58231979833994,394.46437492571727,395.3774108886719,1616800
UNH,2021-10-20,397.8183516355336,405.76540094193405,397.66928279919637,405.35546875,2764000
UNH,2021-10-21,405.73740120065156,412.2590127010065,405.3460920005636,412.0540466308594,2465100
UNH,2021-10-22,410.7124891525782,418.5850179062066,410.3584542360403,418.4638977050781,2736200
UNH,2021-10-25,419.2464869038314,421.7060799410138,415.92978363755,418.7713317871094,3553500
UNH,2021-10-26,419.702989965245,426.42956805925616,417.0011849626473,423.56939697265625,3103900
UNH,2021-10-27,423.56940568818663,428.97301580456894,422.4886779785156,422.4886779785156,3520400
UNH,2021-10-28,422.0414474594974,426.60657001273137,421.5942409882692,424.314697265625,1672600
UNH,2021-10-29,423.3551559960822,429.85814584260106,422.09741070010824,429.0010070800781,2497800
UNH,2021-11-01,430.25873337148784,433.9294718259392,420.34586872057014,423.07562255859375,2203100
UNH,2021-11-02,425.07869639952605,425.24638817690067,419.6005375495038,421.1470947265625,2600000
UNH,2021-11-03,419.6377632911567,426.2525179323437,416.4887520424277,426.07550048828125,2438200
UNH,2021-11-04,426.32720692602044,427.1750201130504,421.25897918217987,425.54461669921875,2517300
UNH,2021-11-05,426.5413951476267,429.9792188717552,423.5135036270022,424.6594543457031,2905000
UNH,2021-11-08,425.62836679572456,432.46673959170766,423.26194526966833,431.0040283203125,2279900
UNH,2021-11-09,431.00397327501946,432.72754767650264,428.8332208628382,432.6157531738281,2657800
UNH,2021-11-10,433.5847362104411,434.1530344751756,425.42339539117444,428.46990966796875,2818200
UNH,2021-11-11,428.5630857614709,429.3550014976421,424.3147235336976,426.1314697265625,2246800
UNH,2021-11-12,429.18737061752375,429.4948055821657,425.84268973612615,427.6221618652344,2609500
UNH,2021-11-15,426.69980775549976,426.89544817801533,419.71236548876124,419.9918518066406,2849600
UNH,2021-11-16,422.03214189353247,427.0258482150923,418.65954133747977,418.8924560546875,3383800
UNH,2021-11-17,419.6098405220378,422.93584098781446,418.0632834286986,418.26824951171875,2281500
UNH,2021-11-18,418.0633280618924,421.86448404230026,416.55401669016794,418.75274658203125,2073800
UNH,2021-11-19,417.50432333573696,418.7341199543327,409.46410217285154,409.929931640625,3536100
UNH,2021-11-22,412.5571887150336,413.4236246427241,407.4982878613887,407.6380310058594,2598700
UNH,2021-11-23,406.2125898316358,416.93596400777176,406.2032641447775,416.5726318359375,2857000
UNH,2021-11-24,416.1161397941713,420.15953596024343,415.1844809052522,419.39556884765625,2248800
UNH,2021-11-26,414.51368951434387,417.5508781888596,408.2622378361428,409.8460693359375,2480600
UNH,2021-11-29,413.2465992393302,422.115981298915,410.4422969889737,421.10980224609375,4079700
UNH,2021-11-30,416.5073269152498,420.50415061060806,411.0943922627889,413.8614196777344,7435400
UNH,2021-12-01,421.9389663780659,424.7618913967501,413.7869519012751,413.9732666015625,4325500
UNH,2021-12-02,412.864595913189,417.28067800577367,409.20318361402235,415.5384521484375,4738700
UNH,2021-12-03,418.52953412456355,424.7639796680522,416.0993431840884,419.97833251953125,3038300
UNH,2021-12-06,422.6235354193384,431.6246783246095,422.0346713377287,430.063720703125,4721500
UNH,2021-12-07,432.5312467802488,435.33533914187115,430.17581946537894,434.3819580078125,3105200
UNH,2021-12-08,435.6532377859335,439.46682029012396,432.2883204365624,438.2423400878906,3228300
UNH,2021-12-09,437.93389252654333,443.49535500107976,436.84028371589943,442.4111022949219,2977400
UNH,2021-12-10,441.1772210211439,447.23407110405645,440.2518796219074,447.0003967285156,2572300
UNH,2021-12-13,445.8694659819783,448.8979057868404,443.0560454317862,446.9163513183594,2724800
UNH,2021-12-14,448.4211251932968,451.4962879522534,446.01894577468045,448.1500549316406,3018000
UNH,2021-12-15,449.21557415115484,463.04908419987623,448.7856213359794,462.095703125,4188600
UNH,2021-12-16,461.7499433069998,464.5072839497692,458.1046000619436,460.6750183105469,4080800
UNH,2021-12-17,459.3290921519319,460.92741700885006,454.61820841476117,455.30987548828125,5707200
UNH,2021-12-20,450.52425921235215,453.33770821625285,444.22440629235155,452.14129638671875,3145600
UNH,2021-12-21,455.2163566127722,457.06706789276495,450.71113643624386,455.3939514160156,2536000
UNH,2021-12-22,455.33786200614907,463.095868040199,454.1694901809641,461.862060546875,1687500
UNH,2021-12-23,462.6752974197868,465.61958906206235,460.62830745831667,463.0304870605469,1706500
UNH,2021-12-27,466.1150108182186,467.62921642635143,464.2082481763444,466.8814697265625,1349400
UNH,2021-12-28,469.2181837532701,472.3213865554962,467.7226619248125,470.0968017578125,1495500
UNH,2021-12-29,471.8166454323333,474.0973098198586,469.21818728913075,472.56439208984375,1573900
UNH,2021-12-30,474.76094354223886,475.9760675330196,470.76043896853935,471.489501953125,1309800
UNH,2021-12-31,471.2184552327154,473.7701613895793,469.25558459494636,469.34906005859375,1695400
UNH,2022-01-03,467.3487796219279,470.05939683879393,460.8526201753008,469.4798889160156,3033600
UNH,2022-01-04,470.3398770218817,470.85394932838636,458.8243949288533,458.84307861328125,3908100
UNH,2022-01-05,462.4603178725016,464.54470377402396,457.7120666503906,457.7120666503906,3921100
UNH,2022-01-06,448.6548385518404,452.52450022620906,432.87713883214764,438.980712890625,6555200
UNH,2022-01-07,437.1487418813952,437.4104560798151,425.8014988309068,428.65234375,5494200
UNH,2022-01-10,426.22206086189516,435.43816453867385,424.76393504092295,434.63433837890625,5831800
UNH,2022-01-11,436.6906942956761,439.72846124640137,430.58712060951484,438.3731384277344,3332800
UNH,2022-01-12,438.34512908296443,444.2804644730275,435.8868698620239,442.7849426269531,3502300
UNH,2022-01-13,444.81323199880194,445.4301072817772,435.5503758295686,436.9056701660156,3005300
UNH,2022-01-14,439.20505303022736,442.27085990607253,434.70913149451957,438.0834045410156,3665400
UNH,2022-01-18,434.7932572575109,435.29797337974384,428.4186133350307,430.8861999511719,3938800
UNH,2022-01-19,437.43843682853924,444.4393120849196,431.37225908674975,432.3162841796875,4030900
UNH,2022-01-20,434.05490197743376,440.83145998218794,431.83031699260937,432.7650146484375,3228600
UNH,2022-01-21,433.2323679216634,440.0463218894858,430.96105944062566,431.0545349121094,4273200
UNH,2022-01-24,428.15692886617785,433.83055004324217,418.86603260537436,432.0826416015625,4780700
UNH,2022-01-25,424.4181306768621,429.4841755111922,418.0621701126798,427.0072326660156,3428900
UNH,2022-01-26,428.51212041068777,433.58752146501854,423.8386324730631,428.493408203125,4435900
UNH,2022-01-27,428.16626706749247,438.07406740209393,427.16616230723827,431.4564208984375,3508100
UNH,2022-01-28,431.26942822233474,435.83075666484206,425.36213307467096,435.6251220703125,3364400
UNH,2022-01-31,434.6343547705696,442.28017377845384,434.07353054334396,441.71002197265625,3500500
UNH,2022-02-01,443.9813392643714,443.9813392643714,432.53129419913233,437.8216857910156,3148600
UNH,2022-02-02,438.4292293814771,450.5055342469593,438.4292293814771,448.4491882324219,3026800
UNH,2022-02-03,466.0868970514565,467.5169830682289,451.99167147224193,456.8520812988281,4370900
UNH,2022-02-04,450.29048443977473,457.65590471184413,448.8323587389257,451.6177673339844,3066400
UNH,2022-02-07,453.2442268670259,455.44077198153525,449.8699536220332,452.1132507324219,2937200
UNH,2022-02-08,449.9166375900668,463.3015123462376,449.9166375900668,461.1890869140625,3534700
UNH,2022-02-09,464.5446724709086,468.21802691836103,463.88104521143896,465.5728454589844,2818100
UNH,2022-02-10,460.09546325406956,461.94617447232923,453.39369851731715,454.9359436035156,2626100
UNH,2022-02-11,453.0292404888483,458.40375186166125,445.3273411451064,446.906982421875,2493800
UNH,2022-02-14,444.0840984038917,446.5423572980241,438.6815482032675,443.42047119140625,2549500
UNH,2022-02-15,444.8599314616442,449.74840966685247,444.16826443794855,447.0003967285156,3001000
UNH,2022-02-16,444.44870596056853,450.27188224026077,440.61644012011016,448.7015686035156,2651800
UNH,2022-02-17,446.94430761096544,447.99116422706874,438.2703161172051,439.6256103515625,2403100
UNH,2022-02-18,439.5414979146332,443.9065477760002,436.3448199243844,437.2608337402344,2992300
UNH,2022-02-22,433.54075541511526,436.681354040226,427.9232424930147,432.3069763183594,3029800
UNH,2022-02-23,436.6813496561049,437.17673821547044,428.87661942672196,429.6056823730469,2840300
UNH,2022-02-24,420.16521557951904,426.7735338392857,416.63206012300986,426.1192626953125,3933000
UNH,2022-02-25,426.82961429716823,444.71038231374405,426.43705731490746,444.6823425292969,3314400
UNH,2022-02-28,435.428835950582,446.1404613104827,435.20448915385,444.79449462890625,3918300
UNH,2022-03-01,440.13981428600044,445.81340765448533,437.1861661267327,445.1497802734375,2917600
UNH,2022-03-02,446.9629944532097,455.3565881715638,446.6825966164499,453.6834716796875,3675900
UNH,2022-03-03,454.2629850229367,459.2916621371432,450.7298296137464,454.814453125,3139400
UNH,2022-03-04,449.29972512067343,467.0309371090894,446.3086818335246,466.0868835449219,4170100
UNH,2022-03-07,467.34875473838264,467.34875473838264,451.4775807585736,455.076171875,4123300
UNH,2022-03-08,447.53321306500095,452.8516448525375,440.7286154712834,442.54193115234375,3849500
UNH,2022-03-09,451.0663796476093,455.87073926325445,442.6634568971449,453.86114501953125,3115500
UNH,2022-03-10,448.0285758596282,461.46953154565364,446.6265294977987,459.3477783203125,2834800
UNH,2022-03-11,457.3228151869732,462.91947353121617,452.335531016442,452.6730041503906,2615000
UNH,2022-03-14,459.7321485225381,464.59758694611315,454.93233941783745,457.4072570800781,2704100
UNH,2022-03-15,459.3571211206021,468.67551072349215,456.835341983272,466.7724609375,3043000
UNH,2022-03-16,468.5724125451295,473.8878436764561,459.36654185501726,467.1006164550781,3497100
UNH,2022-03-17,464.98184672943006,475.4064351673577,464.21311987469846,475.31268310546875,2357200
UNH,2022-03-18,476.92520513984124,478.7438867455731,470.1942236059894,474.46905517578125,5065600
UNH,2022-03-21,473.42844719487397,480.91877134016744,472.81907303785243,475.9127197265625,2617700
UNH,2022-03-22,477.42201877660455,479.84069058936336,473.2690624036338,473.71905517578125,2752500
UNH,2022-03-23,470.8598409885494,475.35029972813044,469.9786228991339,471.75982666015625,2753200
UNH,2022-03-24,473.4190446772903,483.52492818485416,472.350322606436,481.3500061035156,2789200
UNH,2022-03-25,482.0343624225419,484.2280522025295,477.3939066243528,480.9469299316406,2551100
UNH,2022-03-28,482.15624729569845,484.7999013037654,476.9908141153368,481.1062927246094,2643000
UNH,2022-03-29,484.7623502417037,487.09668240691514,475.57521943691796,478.7907409667969,3478400
UNH,2022-03-30,482.8967883949842,488.6059660334995,480.43125492157174,488.2497253417969,3041200
UNH,2022-03-31,484.76236852582383,489.2528554546572,477.7970499725082,478.0782775878906,3979700
UNH,2022-04-01,478.7438669674267,482.58750175798457,474.91902836635444,480.5344543457031,2344100
UNH,2022-04-04,480.17816737637594,480.4312435958196,472.9784264416071,478.1250915527344,2657500
UNH,2022-04-05,478.1064378319883,491.9152584030644,476.231510624804,485.38116455078125,3268600
UNH,2022-04-06,485.8122774672357,500.15551390497126,485.60606297473703,498.4961853027344,3955600
UNH,2022-04-07,496.85552952131593,504.6177528057514,495.346227399859,503.37091064453125,2867000
UNH,2022-04-08,505.2928599624662,514.639344211676,504.44911986929793,511.817626953125,3986700
UNH,2022-04-11,509.6051023895698,513.3643399336698,503.08039347588925,503.8303527832031,3574000
UNH,2022-04-12,501.9272908044944,506.9146033261914,497.58688758342157,500.3336486816406,3575700
UNH,2022-04-13,499.9680185362912,504.6178578888543,495.5619288378463,503.4178771972656,3012000
UNH,2022-04-14,504.8240958820956,518.6891604796256,500.6711394339701,501.3742370605469,4211300
UNH,2022-04-18,504.2616595706462,507.16777364880807,497.2119154607393,500.6805419921875,2087100
UNH,2022-04-19,502.3772901637351,508.5551421120535,501.7679160482438,504.0740966796875,2207600
UNH,2022-04-20,508.236431547472,514.0674265470498,505.2927826803735,511.8644104003906,2986300
UNH,2022-04-21,511.3863058103892,513.7299644071371,502.5085545106574,503.8303527832031,2539900
UNH,2022-04-22,498.78680214698744,499.99610940190433,487.649731756094,488.3622131347656,3453300
UNH,2022-04-25,487.8560296116721,493.34955200420984,479.7282084565967,491.4840087890625,3030400
UNH,2022-04-26,491.4558560027518,493.34955058226853,481.39689095927093,481.6500244140625,2895300
UNH,2022-04-27,482.70931809289186,488.32477266643394,477.93766079669587,481.6781311035156,3353700
UNH,2022-04-28,484.4436879541678,493.36835953083676,481.0781685315124,491.6246337890625,2582700
UNH,2022-04-29,486.40299557159324,487.38737818608536,475.2565675660458,476.74713134765625,2873200
UNH,2022-05-02,478.86577726017543,481.39694041342534,462.48828709108653,469.80987548828125,3184300
UNH,2022-05-03,469.79109786747614,473.90654783926436,466.36936174485066,468.3755187988281,2763400
UNH,2022-05-04,468.263044668616,477.8907850575153,462.2538998614962,475.875244140625,4002600
UNH,2022-05-05,475.490830779318,478.7344749306748,458.63525617607394,463.78192138671875,3359700
UNH,2022-05-06,454.6791905182189,470.2035841045773,454.66980672811144,468.3755187988281,3260300
UNH,2022-05-09,459.7321242578848,463.6976054173101,454.13546565842455,456.00103759765625,3862700
UNH,2022-05-10,462.928884948756,465.3100504360373,451.03246991212006,457.4916076660156,4275500
UNH,2022-05-11,454.0980691320631,469.21933503949236,454.0980691320631,455.74798583984375,3936300
UNH,2022-05-12,455.70101415953854,456.44161833685865,441.93905681287777,448.8575134277344,3997600
UNH,2022-05-13,450.90122694975844,456.5447472010935,446.0545278257518,455.0447998046875,2453400
UNH,2022-05-16,455.05421199811497,464.569461868337,453.87299870073605,458.6259460449219,2338800
UNH,2022-05-17,463.10698489016477,463.7819597776892,457.91342891141073,461.7289123535156,2289000
UNH,2022-05-18,457.72590717889386,458.61648027910945,439.0703618841209,441.9015197753906,3240500
UNH,2022-05-19,435.2830217619287,451.4636209265733,434.3549135225259,448.62310791015625,3813800
UNH,2022-05-20,451.2762450328234,456.9853950842385,442.77344307558366,455.3542175292969,3068200
UNH,2022-05-23,455.8791743177766,464.7381880219581,455.8791743177766,461.30706787109375,2279800
UNH,2022-05-24,460.0976882507818,466.9317761078757,458.1008865525353,466.4443054199219,2658100
UNH,2022-05-25,467.34432561085,470.89732052884773,460.5383595906305,466.94122314453125,3161600
UNH,2022-05-26,470.3629195809525,475.53773632547745,468.1786422499721,470.8222961425781,2705800
UNH,2022-05-27,460.2946012452323,475.3971252441406,458.7852986680263,475.3971252441406,3349100
UNH,2022-05-31,472.125381925599,472.5847299038108,464.6631801816456,465.713134765625,4003100
UNH,2022-06-01,467.15680214803535,470.0254380708218,457.27592918670734,461.74761962890625,1765900
UNH,2022-06-02,463.1070075489871,465.1225485199374,452.76678542763256,461.475830078125,2093500
UNH,2022-06-03,457.79157074588716,460.9227242333706,454.57607757964803,455.2416687011719,1756900
UNH,2022-06-06,458.82278123941467,462.7601396173393,455.8791605510052,459.52587890625,1781500
UNH,2022-06-07,458.8883640177929,466.4911789517802,456.6571964038436,466.0130920410156,2341900
UNH,2022-06-08,463.10692975280534,466.76303137113644,457.99774266715036,462.66632080078125,3268100
UNH,2022-06-09,462.0570451573645,465.41315212233945,457.116593874278,458.8227844238281,3148800
UNH,2022-06-10,454.48228978436157,459.50710898160924,450.85431064533407,454.32293701171875,2599900
UNH,2022-06-13,445.4170805894217,451.23872147924163,438.03924670537714,440.32666015625,3764600
UNH,2022-06-14,438.2641636260342,439.8390953585457,428.814544621851,432.8737487792969,3814200
UNH,2022-06-15,435.17054269979695,439.68909476267527,427.9520627282057,435.2923889160156,2550700
UNH,2022-06-16,426.56178728543887,430.710748620613,424.00279170153823,429.0925598144531,3135600
UNH,2022-06-17,424.0686623402715,434.14469506357864,423.08082669115805,425.3011169433594,5277400
UNH,2022-06-21,430.7107365052504,456.40416658573486,430.0427717509639,451.8883056640625,5726800
UNH,2022-06-22,447.56056049113863,466.56486714654125,446.4504154856881,460.6942138671875,5061000
UNH,2022-06-23,465.6522117865228,473.77134816741346,462.8391806882385,470.2245178222656,4687700
UNH,2022-06-24,469.87647590722827,470.1775409261162,457.7588816528236,466.3014221191406,15861100
UNH,2022-06-27,463.65779588984486,481.58959965215627,463.4225941932544,475.7283630371094,3907100
UNH,2022-06-28,481.7683000917076,487.91173784383744,475.18262462987445,478.34375,4978200
UNH,2022-06-29,478.729552530383,487.99650538052856,476.0576646268389,485.1835021972656,3823400
UNH,2022-06-30,483.151251370976,485.75730420839716,479.54797447659473,483.2265319824219,3568900
UNH,2022-07-01,481.9940626754354,486.89568592131354,472.5765790609392,486.77337646484375,2426600
UNH,2022-07-05,477.5911500761267,480.75224695971855,463.1121204812553,475.33319091796875,3029600
UNH,2022-07-06,475.7094887965414,486.78274403174305,474.44878261838835,484.7882385253906,2506700
UNH,2022-07-07,484.75062609743554,486.67926824422585,481.90937164115235,483.93212890625,2385400
UNH,2022-07-08,481.9846975536717,497.0940514661067,480.761660278968,487.93060302734375,3092100
UNH,2022-07-11,484.383694951739,490.60241308727336,481.5142461719759,486.3500061035156,1743600
UNH,2022-07-12,482.8690293408234,488.4103944769057,480.39470317438344,483.9697570800781,2706500
UNH,2022-07-13,477.99564126531294,481.56127779462213,471.5228869234692,471.5699157714844,3467700
UNH,2022-07-14,465.6993271105648,475.9447260883457,463.1403316798146,472.68951416015625,3765500
UNH,2022-07-15,494.92078537634586,500.49976238656177,484.9388397667256,498.3923645019531,5742500
UNH,2022-07-18,499.56832530726757,500.6596357427005,488.04344397955754,488.6267395019531,3212000
UNH,2022-07-19,490.2449948706528,502.24028044984607,489.774591514606,501.87335205078125,2953500
UNH,2022-07-20,501.87324779252003,502.4377087336022,485.2021264578629,488.7207336425781,4327500
UNH,2022-07-21,488.6456518145937,491.5432953800399,480.8839958070189,491.533935546875,2667600
UNH,2022-07-22,494.8643487407672,496.3696165665012,487.71424043510046,490.5460205078125,1850300
UNH,2022-07-25,494.94900204357816,501.34647586028484,493.1896407572592,498.1288757324219,2337200
UNH,2022-07-26,502.2025895965842,505.81531247975664,499.5965941645407,500.1234436035156,2637800
UNH,2022-07-27,501.95796011927473,506.0222517440235,496.7835235365403,502.9646301269531,2268100
UNH,2022-07-28,505.67421195675564,512.1187726614788,500.2645731326289,509.43743896484375,2344500
UNH,2022-07-29,508.04499554654444,511.65766083570503,504.92151065599717,510.2370910644531,2945700
UNH,2022-08-01,510.1712896564367,511.4696075523905,499.56837931357626,503.6891174316406,2335000
UNH,2022-08-02,505.7306888895426,508.53433222860707,500.245769112705,503.7644348144531,2114200
UNH,2022-08-03,505.4578376535531,511.4413547307155,503.98076418302617,508.6471862792969,1802900
UNH,2022-08-04,507.36759625075507,508.44012961023657,501.22415870225683,502.1555480957031,2368000
UNH,2022-08-05,498.6276420838921,503.80207987910234,496.3320710196707,503.38812255859375,2373400
UNH,2022-08-08,507.95092091224075,509.2586560085997,501.8450946074176,504.83685302734375,1656400
UNH,2022-08-09,508.0355645712089,513.4357852737162,504.6298492691619,505.457763671875,2147200
UNH,2022-08-10,508.28034177878976,509.8985020738912,502.2121258275676,505.8906555175781,2291400
UNH,2022-08-11,506.3797818730279,506.746710262197,498.31706167715686,501.3182373046875,3006200
UNH,2022-08-12,503.9053600923753,512.1750860499819,502.8140498086269,511.5165100097656,1981000
UNH,2022-08-15,509.60677507560695,514.8188812094294,506.6808798708785,512.4010009765625,1447300
UNH,2022-08-16,512.9370433551159,515.0350231102232,510.2839625957216,513.7931518554688,1773000
UNH,2022-08-17,512.9653473697398,515.3643925561475,509.5126034550095,512.7395629882812,1471700
UNH,2022-08-18,512.7491836076092,515.6844965753207,509.74800726547056,512.9467163085938,1486400
UNH,2022-08-19,513.2100772790645,520.3884373075665,512.5703355857797,515.8631591796875,2258000
UNH,2022-08-22,509.34344611641023,516.9922105780968,509.30577709126896,512.335205078125,1672900
UNH,2022-08-23,511.1308307086228,511.1308307086228,501.6475409000272,504.0841979980469,2039600
UNH,2022-08-24,504.9121195835943,507.9038779202219,503.35040576848013,504.7051696777344,1761200
UNH,2022-08-25,503.34106590595866,509.9361309010726,499.8036230755421,509.51275634765625,1965800
UNH,2022-08-26,510.16190268090156,511.03684611101164,496.9529385071742,497.9219970703125,1906700
UNH,2022-08-29,494.8642432410511,501.3558313779519,491.91951415802106,498.4111022949219,1594000
UNH,2022-08-30,499.01321298854333,499.65301202039,490.9034645351499,491.891357421875,2013400
UNH,2022-08-31,489.99090398509543,495.899139617913,488.42913286088265,488.589111328125,2891300
UNH,2022-09-01,488.5891756951909,493.2273459884104,484.6001643432617,492.98272705078125,2085300
UNH,2022-09-02,498.270045896307,498.4299669590048,483.39589408601154,485.7855224609375,1944200
UNH,2022-09-06,489.15355796784695,496.22844182051296,486.3217209761088,487.0367431640625,2711900
UNH,2022-09-07,486.39708021511126,492.5123239702335,484.21440170722406,490.800048828125,2504400
UNH,2022-09-08,490.113192806108,497.20685365278575,488.0998529703835,496.2848815917969,1557500
UNH,2022-09-09,498.14417252553574,498.14417252553574,493.1894393328725,494.8504638671875,2495500
UNH,2022-09-12,495.4733944163603,504.92987649115395,493.1139973000919,501.37188720703125,2792000
UNH,2022-09-13,494.5295772179128,495.71872244059404,483.1761607861233,485.05426025390625,3172500
UNH,2022-09-14,485.09196311358204,486.3943547044572,477.63627527733513,481.099853515625,2648100
UNH,2022-09-15,487.2625326865505,498.2856257477955,485.2240395433718,493.5007629394531,3058100
UNH,2022-09-16,489.3577360282286,493.4158865567626,487.99872131701505,491.7171325683594,3981700
UNH,2022-09-19,489.4239125449329,494.52962242372587,484.11993497428654,494.10491943359375,2130800
UNH,2022-09-20,494.7560485148335,495.16185784094904,485.8564109429125,493.39703369140625,2421700
UNH,2022-09-21,495.5016235829416,498.31400588131896,483.2233145301617,483.2799377441406,2427700
UNH,2022-09-22,482.2889709671786,491.66990524116846,477.645665840523,488.35736083984375,2285600
UNH,2022-09-23,484.67673105469737,485.7148426166699,477.90055028587244,484.7239074707031,2536900
UNH,2022-09-26,478.8537162781943,483.742379183416,470.9355673630713,479.7691345214844,2867400
UNH,2022-09-27,481.6660816908114,487.72499589509744,475.25795260452236,479.778564453125,2583400
UNH,2022-09-28,477.99499787555965,487.23440518112847,472.63442566076355,485.0354309082031,3027300
UNH,2022-09-29,485.8187268272251,485.8187268272251,474.21047652348204,480.2127685546875,2392000
UNH,2022-09-30,482.3551009914155,487.49856887798234,476.44716202321734,476.63592529296875,3116000
UNH,2022-10-03,478.56106149693744,488.68760086640077,476.975554082883,486.5169677734375,2562400
UNH,2022-10-04,489.19735251254104,495.0864558295549,487.76287830160373,493.74627685546875,3189800
UNH,2022-10-05,491.6982881159954,499.57865030681273,490.87722264614825,497.4269104003906,2281800
UNH,2022-10-06,498.616094531465,498.85203422748964,487.6779048786786,489.9335021972656,2187300
UNH,2022-10-07,485.25244462235577,485.25244462235577,472.8797806157901,476.4566345214844,3273700
UNH,2022-10-10,477.16442022966265,477.83448086443445,467.17943672540684,470.803466796875,2459100
UNH,2022-10-11,469.0197107322399,478.32515666671236,467.33037478060237,471.6999816894531,2844500
UNH,2022-10-12,473.8895522673142,479.66535080108036,470.1900055561304,471.8415832519531,2254300
UNH,2022-10-13,465.69773473478017,484.59174444290744,460.30885190537583,481.23199462890625,3999700
UNH,2022-10-14,490.75449125158406,500.10711399939424,483.13835213851956,484.2708740234375,5628900
UNH,2022-10-17,488.6215730920667,494.82207406656727,486.2999637790944,492.52874755859375,3282300
UNH,2022-10-18,502.0796172086852,502.0796172086852,489.1784521959398,492.8402404785156,2345500
UNH,2022-10-19,492.3967009404011,494.35973534855265,485.65824936804336,491.05657958984375,2500500
UNH,2022-10-20,493.63302345285734,499.64476233530206,490.54697138008487,491.5850830078125,2390800
UNH,2022-10-21,488.92365776301466,506.3549119016013,488.87648134581013,503.71234130859375,2896000
UNH,2022-10-24,507.8082104433634,515.7451951373046,507.55337718173877,511.1396484375,2627100
UNH,2022-10-25,507.5439536211625,513.329198867554,503.87277617838146,509.8372802734375,2411900
UNH,2022-10-26,510.932152417176,516.8400918217642,509.8279707311404,512.6214599609375,2863500
UNH,2022-10-27,515.7829394348377,515.7829394348377,509.4031224420168,511.328369140625,2212100
UNH,2022-10-28,514.3201028660089,521.8985121656209,513.112121796551,520.2374877929688,2761900
UNH,2022-10-31,523.7862085290236,526.7118381843223,519.1901071272462,523.9277954101562,2770400
UNH,2022-11-01,523.7860091643622,524.4372048852592,513.6122640759207,516.5285034179688,3338900
UNH,2022-11-02,513.7916253053274,523.3896923243926,512.5270209618483,512.8667602539062,2696200
UNH,2022-11-03,511.2718578681843,517.0571036349232,507.8649025928837,513.0366821289062,2245300
UNH,2022-11-04,516.2831074558221,516.953196768654,497.49289991758394,507.90252685546875,3513100
UNH,2022-11-07,507.9025891312515,516.1888179328224,505.3544291925986,514.3673706054688,2540300
UNH,2022-11-08,516.2831875218834,523.5973174781551,511.5172175869984,521.9457397460938,2797000
UNH,2022-11-09,522.6347933757062,523.4180717321021,509.1012663864326,510.25262451171875,2672600
UNH,2022-11-10,518.0574248677342,520.6716547410147,503.9199388317084,513.5651245117188,3426400
UNH,2022-11-11,515.5565638807972,515.5565638807972,480.98664703766394,492.71759033203125,7034300
UNH,2022-11-14,492.64205812328925,499.22947564011946,484.5351452700087,484.8560485839844,5238400
UNH,2022-11-15,483.9688857879248,487.5834976565411,472.606023230439,474.7200622558594,5103800
UNH,2022-11-16,477.43812728075403,485.21469015489106,477.04173593369484,482.75146484375,3430800
UNH,2022-11-17,483.35535407646466,497.3418627128826,483.35535407646466,486.3282165527344,4246300
UNH,2022-11-18,492.75525496856505,503.02335354787,490.24488233909153,500.19207763671875,3566000
UNH,2022-11-21,499.25777323070525,502.03242596901475,486.3943382081213,488.1025390625,3349600
UNH,2022-11-22,490.69788301128887,495.1523962647863,490.6695426021345,493.6707458496094,2567400
UNH,2022-11-23,495.4733024349421,500.6073519109377,493.5857850923328,499.9184265136719,2238300
UNH,2022-11-25,503.96714305468237,510.4318670734824,502.5703986190781,507.383544921875,1419200
UNH,2022-11-28,505.6942206758627,509.2333156631757,501.7870459852794,502.3344421386719,2699900
UNH,2022-11-29,501.7681742638921,502.9950490591794,494.19926862391134,498.3045959472656,3751000
UNH,2022-11-30,499.92774514262305,517.2551956796359,497.8137352337156,516.9531860351562,9688900
UNH,2022-12-01,521.2945856409146,521.8986050844103,505.66594255586705,506.7135009765625,2997800
UNH,2022-12-02,504.41306722033323,509.88477757038686,504.0438528766037,507.5654296875,2346200
UNH,2022-12-05,503.14464965633505,511.56054344156945,502.56719594761694,506.50531005859375,2424800
UNH,2022-12-06,505.91834063574356,511.75932430829255,505.7479473144423,510.5570373535156,3097700
UNH,2022-12-07,511.9958926287092,516.7954480368777,510.85040366852166,513.9554443359375,2849100
UNH,2022-12-08,515.8015015161774,521.8885696916207,514.7791416997928,518.6983032226562,2272300
UNH,2022-12-09,518.7077829253694,519.2379146866247,510.1309732786155,510.4433898925781,2852400
UNH,2022-12-12,512.9519605194414,516.9564048864656,510.5190749481562,516.7481079101562,2714100
UNH,2022-12-13,521.1975335838957,521.6045938917098,506.5620254521163,509.515625,3369700
UNH,2022-12-14,513.0276516040759,514.494975074245,503.2201874898974,509.6480407714844,2654600
UNH,2022-12-15,505.51125373924833,505.58700336030347,497.4456236078021,499.53778076171875,2963800
UNH,2022-12-16,497.14269962184403,497.76747504885896,488.21556996081966,495.77001953125,7109100
UNH,2022-12-19,496.62193029984104,499.09277729768286,493.1476754736308,495.6752624511719,1808100
UNH,2022-12-20,498.8845655887568,498.8845655887568,491.98337659329695,492.4661865234375,2086100
UNH,2022-12-21,495.70367509745034,499.727013331545,490.4685743196197,499.4051208496094,2182000
UNH,2022-12-22,498.4016757051582,500.7967731218215,493.81035970296534,498.97918701171875,1851600
UNH,2022-12-23,496.14865481763024,502.9741516113281,495.0126994894373,502.9741516113281,1292300
UNH,2022-12-27,505.4544275965846,507.26259579508866,501.59200606001525,503.6178894042969,1596700
UNH,2022-12-28,506.5335994643182,509.449352770567,499.5850316650162,500.26666259765625,1694200
UNH,2022-12-29,504.13847236758187,505.217687575929,500.6547416385492,501.620361328125,1379700
UNH,2022-12-30,501.7340866582267,502.20742070224395,496.84930474718453,501.90447998046875,1849600
UNH,2023-01-03,497.1237856845582,497.5971196980998,484.84547132767415,490.97991943359375,3525600
UNH,2023-01-04,490.97989319544007,490.97989319544007,473.9019948103058,477.593994140625,5070400
UNH,2023-01-05,474.29010460507436,475.31249324870953,462.4472796620668,463.82940673828125,5497100
UNH,2023-01-06,465.37247757306324,466.5842113504985,461.5384840675098,463.8672790527344,4841300
UNH,2023-01-09,466.14877828934493,473.3245087859493,462.4851778700883,463.9241027832031,3702800
UNH,2023-01-10,462.77866759538887,464.31226516618307,456.9377131973481,460.0806579589844,3164000
UNH,2023-01-11,459.4085347068231,469.16867974963213,459.1339928899114,467.08599853515625,4274200
UNH,2023-01-12,463.86733439579757,472.1317566926834,459.3422623709657,469.2349548339844,3726800
UNH,2023-01-13,460.1847436852038,482.3273209210939,460.0806240778246,463.4602355957031,5390100
UNH,2023-01-17,465.0033185246117,466.6505115479779,457.97902947402554,459.2096862792969,4495600
UNH,2023-01-18,462.02130269854354,463.39398284520416,449.43062994026695,450.8411560058594,4398200
UNH,2023-01-19,452.3842103973679,460.44983985223564,451.9298282692153,458.528076171875,4549600
UNH,2023-01-20,459.6356699053876,461.01779696694535,453.4539295990223,460.76220703125,3525900
UNH,2023-01-23,460.72432276202807,463.96193966439307,455.71647041397074,459.9007263183594,3418700
UNH,2023-01-24,473.5801057103954,473.5801057103954,454.4006042927356,465.3819580078125,3036300
UNH,2023-01-25,463.1857062325657,468.94143481616896,459.8250464731118,466.2339782714844,3037300
UNH,2023-01-26,466.23398033224925,469.9733304107165,464.41636509833256,466.2150573730469,3005000
UNH,2023-01-27,467.0575767535177,467.0575767535177,458.63223750801745,460.1279602050781,3177100
UNH,2023-01-30,461.79415610341493,468.83736896504524,458.9446759235568,459.88189697265625,3606900
UNH,2023-01-31,471.44060158980693,478.54061064989435,466.8303336625252,472.567138671875,5567000
UNH,2023-02-01,473.2866701458504,477.4804023812699,469.2349323300247,470.4939880371094,3451200
UNH,2023-02-02,467.9001819900013,468.6007071356611,439.14987656046463,445.7197265625,11169900
UNH,2023-02-03,449.88504702479725,453.2457068910849,444.6972959499781,446.8462219238281,5440100
UNH,2023-02-06,446.8272752818657,453.4255520915226,445.8900832501254,449.89447021484375,4174200
UNH,2023-02-07,445.91845391973465,452.5829751082414,444.0156422035499,451.4469909667969,3394600
UNH,2023-02-08,450.11223655082506,459.17185627331605,449.77142104693075,457.44891357421875,3466400
UNH,2023-02-09,459.7304006610547,463.5833464820363,456.67265251956053,459.8250732421875,3664600
UNH,2023-02-10,463.04365961316955,469.22539964516693,462.6839212003716,467.8905944824219,3418100
UNH,2023-02-13,467.6540296725609,473.21096665780584,465.5335024265434,468.9320373535156,2589000
UNH,2023-02-14,467.92851221820746,471.3933204051372,463.00582728934245,466.5463562011719,2072600
UNH,2023-02-15,463.5359237517072,465.5996528057993,462.34314186274247,465.05059814453125,2242500
UNH,2023-02-16,464.95596932075586,467.65397882273595,461.2828929618512,461.358642578125,2611500
UNH,2023-02-17,461.3869855656693,472.8227205864187,461.35858668551055,472.4629821777344,3891500
UNH,2023-02-21,470.2100376280351,474.6593601823653,464.3406840916649,465.10748291015625,2877300
UNH,2023-02-22,466.52748143156737,467.54989910840834,462.60829071038717,462.8165588378906,2982800
UNH,2023-02-23,460.70539428408205,467.0196528698875,459.95751856913273,465.4671325683594,2511800
UNH,2023-02-24,463.46970177105885,466.2434609378015,457.25011503399554,458.49969482421875,2940400
UNH,2023-02-27,462.70287144279865,464.7571535522799,456.25606518278573,457.5435485839844,3006200
UNH,2023-02-28,456.9282453114121,457.5814196369312,448.64490051010216,450.5571594238281,3902100
UNH,2023-03-01,448.35139887728917,452.89542242141437,446.82727732818546,449.87554931640625,2996900
UNH,2023-03-02,449.8660742479482,454.80768216645345,448.01061313115713,452.2232971191406,2188800
UNH,2023-03-03,452.45051551871376,453.5486538880572,448.9289093308247,453.0374450683594,2863300
UNH,2023-03-06,455.69750762687227,458.51858827781695,453.45390939901165,455.13897705078125,3812700
UNH,2023-03-07,457.2217717144114,458.0169694557416,447.35747734954265,448.6070861816406,2589200
UNH,2023-03-08,446.59064610627547,450.0365316254742,441.86678185013653,445.5019836425781,3036600
UNH,2023-03-09,448.6732730646226,448.6732730646226,439.0172487068709,440.1153869628906,2780400
UNH,2023-03-10,439.64985574873924,445.43559396648885,434.7286571257675,437.3317565917969,3787500
UNH,2023-03-13,435.7357057313207,446.8701722548886,435.7357057313207,440.514404296875,2971600
UNH,2023-03-14,441.43595554029974,446.3666640673057,436.11572724414344,441.36944580078125,3258200
UNH,2023-03-15,437.9588532931715,445.4546814913915,436.2962835855876,442.1770324707031,3770200
UNH,2023-03-16,441.49298605977424,449.7393535344765,439.96343590280816,448.4377746582031,2940500
UNH,2023-03-17,447.83922909028803,448.4282490667253,443.0035014928292,446.04364013671875,5290000
UNH,2023-03-20,446.5187124596704,455.84811038893565,446.5187124596704,453.1309814453125,3119400
UNH,2023-03-21,454.4895149062098,457.39663412574765,451.95289610061906,456.11407470703125,3163300
UNH,2023-03-22,457.87168679866113,461.47231671536775,451.09789848060285,451.7629089355469,2632200
UNH,2023-03-23,453.5585263844783,456.6556655603519,443.35510771557574,446.4332275390625,3284900
UNH,2023-03-24,445.5496226162691,453.05493034110526,444.2290535354251,452.2093811035156,2533200
UNH,2023-03-27,461.29176631554344,461.9948154111273,454.6794980989432,457.8241271972656,2271800
UNH,2023-03-28,457.9191128527259,459.6196919500069,447.17416669422437,448.9697265625,2369500
UNH,2023-03-29,451.3734122108667,452.10496143947773,441.72103299845253,443.2790832519531,3733200
UNH,2023-03-30,443.2600541363481,446.908203305598,438.0443161816592,446.57568359375,3324600
UNH,2023-03-31,447.9626986328902,452.21888682872583,446.61365852585936,448.979248046875,3996700
UNH,2023-04-03,460.95927443762406,471.34320140934653,459.3346856743169,469.5001220703125,4729100
UNH,2023-04-04,468.3981067900368,471.3147358431491,467.2675571439498,468.60711669921875,2624700
UNH,2023-04-05,472.54023043120645,486.1732760701583,471.31467117765675,483.7886962890625,4964800
UNH,2023-04-06,485.47034115821,488.5484608537703,481.8126821043256,487.1899108886719,3472600
UNH,2023-04-10,485.28976799310846,489.64096597583745,482.7056588964877,489.4414367675781,2714500
UNH,2023-04-11,490.3534888190403,496.12968825847565,489.47941057351204,494.942138671875,3065300
UNH,2023-04-12,498.75181360119615,500.3859120065361,494.0586152536215,495.15118408203125,3422400
UNH,2023-04-13,497.7353233254278,503.9486206936693,494.49571313927845,499.9394226074219,4224400
UNH,2023-04-14,495.92075352102387,500.8989525736562,483.09521679203186,486.2208557128906,4872000
UNH,2023-04-17,483.30419873945846,484.13072864197966,477.6324605543625,480.1025695800781,3660900
UNH,2023-04-18,478.5065321360694,481.66064206154687,473.2528134947913,479.27606201171875,3232000
UNH,2023-04-19,475.6374205201726,476.89148001565513,459.4677535463658,461.90936279296875,5809100
UNH,2023-04-20,461.2158143878279,465.18697372053225,459.11623458643743,463.10638427734375,3283000
UNH,2023-04-21,465.55750299968895,466.2130327688575,458.052194518692,459.64825439453125,3165300
UNH,2023-04-24,459.25870218912723,465.7284703299971,458.536662727867,464.5124206542969,2322400
UNH,2023-04-25,468.0655773898416,473.59481569689876,466.0704881149031,467.34356689453125,2937300
UNH,2023-04-26,461.5958468896918,463.33443601208717,454.4610384990699,458.8217468261719,2930000
UNH,2023-04-27,458.10921502348214,466.45056352382994,458.10921502348214,465.9660339355469,2473200
UNH,2023-04-28,464.2749365056139,469.2816356451183,463.7334068795988,467.50506591796875,2398900
UNH,2023-05-01,469.88013323614973,474.440341206379,467.2390240214782,470.9346923828125,2105600
UNH,2023-05-02,470.5071416381999,471.89419142385367,464.8258940336724,468.7400817871094,2152300
UNH,2023-05-03,469.69961548765303,470.69717455482026,463.6478673198979,464.9874267578125,1749700
UNH,2023-05-04,462.71687469485664,465.2249936926809,457.8716948913655,462.9353942871094,2555700
UNH,2023-05-05,469.3766224257986,475.8274002519871,467.4480429511127,469.58563232421875,2329400
UNH,2023-05-08,467.45756514317907,469.65215463889956,463.9234161252933,468.0085754394531,1738500
UNH,2023-05-09,468.2175828105807,474.4498411965707,465.8044737486973,465.8804931640625,2038600
UNH,2023-05-10,464.9494591303334,468.81612796493147,463.27740884495256,465.58599853515625,2018700
UNH,2023-05-11,463.61936071681714,465.63344018598366,461.3962713597423,464.3414001464844,2384200
UNH,2023-05-12,464.3414499114054,468.27459950532426,463.3819004605003,466.68804931640625,1536500
UNH,2023-05-15,466.849535090059,467.220064515299,459.53424628954593,462.5363464355469,2169700
UNH,2023-05-16,463.2583596833297,464.76891934611933,455.0785316803706,455.7530517578125,2178900
UNH,2023-05-17,456.0190262600611,461.149234506905,453.68193686849276,460.5887145996094,2682000
UNH,2023-05-18,457.9666572420659,458.4416771246914,450.2143582713812,455.2875671386719,3040100
UNH,2023-05-19,455.62005126744396,460.57925992999,453.93849134473754,454.8980407714844,2317900
UNH,2023-05-22,456.43706256139427,458.10914166267435,454.0334633497591,456.6080627441406,2242800
UNH,2023-05-23,452.38992168082865,459.2397291605559,448.9317920634423,455.487060546875,2874200
UNH,2023-05-24,456.5985767714123,459.13519558546443,454.9645362831338,456.8075866699219,1904700
UNH,2023-05-25,453.7675051496219,457.70065476588184,450.60385644347593,453.8340148925781,2684100
UNH,2023-05-26,454.1760053142714,463.98993227041325,454.1190052481084,457.463134765625,3135200
UNH,2023-05-30,452.8648874709799,461.5957540595346,452.24736750515154,455.87652587890625,3180800
UNH,2023-05-31,454.2330113001238,463.0493792274855,453.27346185235405,462.8973693847656,4944100
UNH,2023-06-01,463.4198806746862,473.8608078642824,461.82379191895353,468.9681091308594,3376600
UNH,2023-06-02,467.41956099963613,475.98890918051427,465.861481879706,474.620849609375,3064500
UNH,2023-06-05,475.68487128515795,477.7749411498747,472.56874234745743,473.3002624511719,2688800
UNH,2023-06-06,474.92488482647406,474.92488482647406,459.50575760309357,463.2109069824219,3816600
UNH,2023-06-07,465.47195027197967,465.937460434907,457.5391131887059,458.0426330566406,4381700
UNH,2023-06-08,460.1897778176339,467.24856634599786,458.32767899470707,465.7380065917969,2725900
UNH,2023-06-09,465.5099692223429,473.32880682576535,462.88787921965104,468.9586181640625,3174100
UNH,2023-06-12,467.70455237888433,469.7471610141006,464.3034228667543,467.9800720214844,2207700
UNH,2023-06-13,466.3460487570504,469.9467078465469,464.24646884156493,466.7640686035156,3016600
UNH,2023-06-14,431.9260442050914,437.616772481091,423.4136679910603,436.8852233886719,14672400
UNH,2023-06-15,440.7105509534671,450.2594957620335,439.6803089842762,444.4309387207031,6798100
UNH,2023-06-16,444.6694575139753,446.93980950399725,436.83759176112363,437.3717956542969,7699100
UNH,2023-06-20,435.7119337614034,448.81905519519063,435.7119337614034,447.7697448730469,4597700
UNH,2023-06-21,447.3499931133834,457.2900275771038,445.671050078866,454.79071044921875,4886500
UNH,2023-06-22,456.1548184395908,460.92451630887075,455.9831163031589,456.9847412109375,3179000
UNH,2023-06-23,456.2979628286389,460.06603627963153,454.5999513310722,455.02923583984375,4862600
UNH,2023-06-26,456.11671556027494,459.14068793043054,451.21345181419247,456.99432373046875,2968300
UNH,2023-06-27,456.10715384773414,460.92453727001345,455.76372044732665,460.3330993652344,3693200
UNH,2023-06-28,459.7607466803044,459.9133805181068,452.148326886433,452.5966796875,3670100
UNH,2023-06-29,453.197652525578,457.6143979229416,451.289773156483,454.4950256347656,2979300
UNH,2023-06-30,455.983172156876,459.8943307111513,453.23582118973763,458.5015869140625,3970400
UNH,2023-07-03,456.0785812796323,458.091380094475,454.36147233407456,455.86871337890625,1915700
UNH,2023-07-05,454.1038584413228,455.3058316314817,448.9144247818737,449.5154113769531,5053100
UNH,2023-07-06,447.73159978396757,450.6411041966857,445.15595097354924,447.7411193847656,3913600
UNH,2023-07-07,443.5819444731863,447.0256526920375,439.59448365811807,440.3194580078125,4131600
UNH,2023-07-10,438.81229708495664,441.76951621378504,438.01099116632025,441.7218017578125,4339200
UNH,2023-07-11,441.0730550830724,445.00328163854914,439.89972798837937,441.5691223144531,3086800
UNH,2023-07-12,441.674099704445,443.41027701844024,430.46530775730196,430.89459228515625,7287600
UNH,2023-07-13,431.18070822864325,433.947127304185,426.5827122735019,427.12646484375,7276800
UNH,2023-07-14,441.2447812717594,462.6607384380443,438.91716615561165,458.05322265625,11379300
UNH,2023-07-17,458.9499701937967,462.2792399426134,456.2694016439279,461.7831726074219,4582000
UNH,2023-07-18,466.791239521075,481.18621332926676,465.04554290771483,476.96978759765625,8816400
UNH,2023-07-19,484.1625757307797,490.95459279666926,479.33564305569115,480.49945068359375,4956500
UNH,2023-07-20,483.3230424969109,485.24999001367075,477.47538807566764,481.0144958496094,2963100
UNH,2023-07-21,481.7871640950416,486.90029528505016,481.28157729170925,483.1990051269531,2887300
UNH,2023-07-24,482.0543267600664,486.2993699903037,481.32935239776134,485.2500305175781,2279000
UNH,2023-07-25,486.5092359083544,488.8940851039836,483.9145188190327,487.3963928222656,2730600
UNH,2023-07-26,487.97827270558093,492.0992696657777,483.29442576107783,484.601318359375,3697200
UNH,2023-07-27,485.1451396069178,486.98623631464267,479.95570510254385,481.958984375,3028300
UNH,2023-07-28,481.9398687619249,484.10533051739554,474.3751339108944,479.7458190917969,2930000
UNH,2023-07-31,479.8316755794043,484.48690603617484,476.0731507816967,483.04644775390625,2441600
UNH,2023-08-01,484.12436832348607,486.54738316554824,479.3451214011655,481.4914855957031,2161200
UNH,2023-08-02,486.213515559425,486.9575873418759,479.82210808847657,481.5487365722656,3220500
UNH,2023-08-03,479.7267542694069,482.6934927908975,477.9619599852361,481.6059875488281,2442900
UNH,2023-08-04,486.5092275410073,487.3677674142823,478.6392253307851,479.5740966796875,2411200
UNH,2023-08-07,482.4454202474558,489.9433717824255,481.4056295418441,487.2151184082031,2430900
UNH,2023-08-08,479.83162218674926,484.76350276280704,476.9888716783911,482.55987548828125,2422600
UNH,2023-08-09,480.78553418982636,482.4358600950169,477.80924744560684,478.9825744628906,1916900
UNH,2023-08-10,481.2338805742223,488.455180761947,479.6217204237875,480.28948974609375,2179700
UNH,2023-08-11,482.34051980730476,487.1483838935239,481.02407840532214,484.61090087890625,2029600
UNH,2023-08-14,485.6983813594548,489.8480247822353,484.839841471414,487.3963928222656,2127200
UNH,2023-08-15,488.0164035179971,489.99109457162604,482.95098661496854,483.3516540527344,1817500
UNH,2023-08-16,484.60133907419674,486.98618818381385,479.66945830626037,480.3658447265625,1454100
UNH,2023-08-17,472.65801467043707,478.1431675002048,469.1665921584059,471.2080078125,3009500
UNH,2023-08-18,471.99029707560067,477.86656928878426,470.76925538922035,475.4817199707031,2364400
UNH,2023-08-21,474.5944994028156,477.20828458929736,473.3639091682774,474.75665283203125,1533500
UNH,2023-08-22,472.6007477923378,473.90764032656347,468.69910938856907,469.66259765625,2079400
UNH,2023-08-23,470.29223243340647,471.2461720529468,465.45575157547427,466.8962097167969,2011400
UNH,2023-08-24,468.7945566746114,472.6007956860924,464.7689301745801,465.6179504394531,2311100
UNH,2023-08-25,467.35414211363604,468.5274692916122,462.3268613546459,466.5909729003906,1923500
UNH,2023-08-28,467.89789922064966,470.3495313679419,466.6005551328266,468.6515197753906,1344500
UNH,2023-08-29,468.8327219648857,470.2350144178984,465.493933182658,470.13006591796875,2113700
UNH,2023-08-30,471.2366063236897,473.83132315961655,467.7070473260055,468.8899230957031,2283400
UNH,2023-08-31,469.68167483982023,471.0744475789177,454.35188800551714,454.6285095214844,4927700
UNH,2023-09-01,456.93708190840215,458.5110764725488,451.55684843162203,454.30419921875,3165900
UNH,2023-09-05,455.98315868391745,462.27916627892625,455.54435459049876,458.6637268066406,3443300
UNH,2023-09-06,459.8847683017078,460.9054907272248,454.43778098135107,454.97198486328125,2596100
UNH,2023-09-07,457.79564488293477,464.6735417984532,456.5555349483836,462.4794921875,2928000
UNH,2023-09-08,459.8555236724279,462.517798580199,458.4765006327651,460.41094970703125,1858400
UNH,2023-09-11,461.569707674016,463.35092862805885,457.75823735237446,459.0798034667969,2059200
UNH,2023-09-12,457.1645136352303,463.15943233853096,452.1272481829229,459.5777893066406,2195200
UNH,2023-09-13,461.0430510808261,463.54254155292955,459.1564727885642,459.5203857421875,2197800
UNH,2023-09-14,462.19219943258383,464.7203888521482,458.5052285215133,463.1211242675781,2334300
UNH,2023-09-15,465.1704755971149,469.0777171837325,463.6382537928216,466.08984375,5334300
UNH,2023-09-18,467.72745032164664,468.0434630505607,463.121140300833,465.4769592285156,1997500
UNH,2023-09-19,463.27436458682274,465.16094273576624,456.36010666902206,460.3056335449219,3230700
UNH,2023-09-20,462.30712448056306,474.14370508440095,458.8500101412615,471.2899169921875,3724800
UNH,2023-09-21,473.26266367670667,483.748978492447,472.19965336820655,479.9183654785156,4703900
UNH,2023-09-22,477.8689907702568,487.8573075512523,476.9400659117732,484.6683349609375,4558500
UNH,2023-09-25,486.73681574146804,489.3033192557259,485.17583637842694,488.6712646484375,2758500
UNH,2023-09-26,487.3880070988712,487.84769114196024,483.0211109779191,484.0458068847656,2420200
UNH,2023-09-27,484.79284543216494,484.9173158131928,479.8321790773187,482.3987121582031,2593700
UNH,2023-09-28,484.5438495306903,492.37747586782126,483.62451053027945,488.49896240234375,2922000
UNH,2023-09-29,488.2595238774726,488.2882523064636,482.4657040787182,482.8392028808594,3006200
UNH,2023-10-02,484.1224691149454,493.0382481797868,481.8336929367342,492.7796630859375,3550400
UNH,2023-10-03,491.56339843045714,492.2145956222827,486.8325890673137,487.8955993652344,3143200
UNH,2023-10-04,487.91476483206105,490.14611336144594,485.1567186838605,488.9969177246094,2801700
UNH,2023-10-05,489.954586474824,496.2655475663459,489.5811168774851,494.3693542480469,2790700
UNH,2023-10-06,494.5800914762344,503.6777984332839,494.1299640009296,502.5860595703125,3647200
UNH,2023-10-09,499.08104261316157,504.5587914541829,498.2191312596072,504.21405029296875,2341600
UNH,2023-10-10,504.2044976114046,505.7750631610546,500.9293394631521,502.0401916503906,2455700
UNH,2023-10-11,498.8607567365101,503.3330398759211,498.1999736002077,501.9348449707031,2819300
UNH,2023-10-12,502.2604296232402,506.19642935492607,500.13446722045904,503.2851257324219,2377300
UNH,2023-10-13,510.6686362026494,521.4039510316753,509.4715695448841,516.5582275390625,5245400
UNH,2023-10-16,520.1781566994083,523.6257439427932,513.4171261646852,515.2462768554688,3827600
UNH,2023-10-17,517.07521821014,519.4597650819385,511.93262572865694,513.924560546875,2586000
UNH,2023-10-18,520.0440203855711,520.94421681416,512.7275936888797,513.359619140625,2551400
UNH,2023-10-19,514.0874100642236,515.5430616670064,506.837968153754,509.1171875,2351200
UNH,2023-10-20,508.5138915975476,511.79863533335293,504.4630369279701,504.7120361328125,2811100
UNH,2023-10-23,504.71205398469306,505.4302939699811,498.25742155180177,499.4832458496094,2357700
UNH,2023-10-24,500.71861318774165,508.1978834629556,499.96208808851384,502.76800537109375,1978200
UNH,2023-10-25,504.9418214727042,509.8162435284609,498.05629262662177,507.75732421875,2380100
UNH,2023-10-26,503.4382944495994,508.0062604265968,500.39296431476384,505.9856262207031,2675800
UNH,2023-10-27,503.7160169491318,505.3919101144527,499.1863358407436,502.44232177734375,2585600
UNH,2023-10-30,502.76795054815216,509.29915265314423,500.7951872135457,507.546630859375,2555400
UNH,2023-10-31,512.3444538592291,513.9533041956041,509.1075814186196,512.8807373046875,2464200
UNH,2023-11-01,507.53701594121117,513.139322140005,504.4916858290182,509.0884094238281,2747400
UNH,2023-11-02,509.4715231887599,514.1065905841173,504.63538602152596,513.4266357421875,2350900
UNH,2023-11-03,511.93269231306266,513.2829576442248,506.4070144918971,508.4181213378906,2739500
UNH,2023-11-06,509.11716824386866,513.3212797609647,507.60405984296966,510.86968994140625,2684900
UNH,2023-11-07,512.6892534694501,516.7976235092161,509.0118975526246,515.0546875,2604800
UNH,2023-11-08,517.132704191961,518.4734419904405,511.52087072644474,514.0011596679688,1769200
UNH,2023-11-09,514.8343719120011,518.0042018813041,511.84649840107875,516.1751098632812,1819600
UNH,2023-11-10,519.6992260390439,519.6992260390439,513.3212815130486,518.29150390625,2480800
UNH,2023-11-13,518.2340818507536,521.1070416131331,515.1312362089503,519.5939331054688,1507900
UNH,2023-11-14,516.2038051978647,519.6896182394321,513.7905005571175,517.5732421875,2454000
UNH,2023-11-15,517.1806729225763,517.5733435230121,509.18429093936305,515.610107421875,2473700
UNH,2023-11-16,515.6100034832683,521.7868779514567,514.7098071899919,516.9603271484375,2360300
UNH,2023-11-17,517.3913336181103,517.6307469276194,505.9665375023974,513.579833984375,2676900
UNH,2023-11-20,511.0132916821722,513.6277245706815,509.2799417904076,512.440185546875,2518400
UNH,2023-11-21,514.9972373080618,518.7320501328638,511.56882210486356,516.7401733398438,2115700
UNH,2023-11-22,519.9769980076113,521.3464936993159,517.381794904253,520.7335815429688,2234500
UNH,2023-11-24,521.8539766919715,524.4013670603935,519.8237564850796,523.9320678710938,1135000
UNH,2023-11-27,523.9320534509473,527.561596564248,518.5979764502774,520.5707397460938,2675800
UNH,2023-11-28,522.5242046133935,522.7061610191665,517.1996563371663,517.6401977539062,2859300
UNH,2023-11-29,507.55616243123876,518.9139146039364,506.2633540769476,512.3252563476562,4550000
UNH,2023-11-30,513.1009916842812,530.482420803648,511.39639936693885,529.553466796875,7121200
UNH,2023-12-01,528.9095862192398,533.0223520974836,523.8551374800486,525.7769775390625,3462200
UNH,2023-12-04,526.834156381322,530.3030644785082,521.8181220761813,526.8533935546875,2709200
UNH,2023-12-05,527.6413420277594,530.9373504483299,524.0378907063625,528.7560424804688,2645600
UNH,2023-12-06,526.161521923454,530.3127046953258,525.7194774674487,528.0545654296875,2239700
UNH,2023-12-07,529.803403440117,529.9571835377311,523.2403597775607,526.8438110351562,2511700
UNH,2023-12-08,528.7175234520921,530.1685224455483,523.2595033498276,528.28515625,2039900
UNH,2023-12-11,528.275516909931,528.5061283819655,517.9936586823349,522.43310546875,3655300
UNH,2023-12-12,524.4702616241408,526.094219195437,521.4433980213734,524.3933715820312,2706100
UNH,2023-12-13,522.7405899735186,527.9487610472345,517.5420374858105,527.5548095703125,2876600
UNH,2023-12-14,523.0289165856949,523.6246824899821,508.7112390585734,513.362060546875,5386800
UNH,2023-12-15,509.28769620782657,512.6509168431613,502.52283924386506,510.3639221191406,9030100
UNH,2023-12-18,508.43248761667206,510.70024527812797,504.7041124410979,505.9725341796875,3260300
UNH,2023-12-19,504.0891303982618,507.00068797273497,501.3889471061325,503.5605773925781,3645600
UNH,2023-12-20,503.3780500919341,504.31979181998076,495.7099252559292,495.767578125,3847800
UNH,2023-12-21,498.6022512384254,500.4664386721109,496.31525659349444,499.56317138671875,2491600
UNH,2023-12-22,499.5632212450947,502.57090630142454,497.7759236668686,499.9764099121094,1759500
UNH,2023-12-26,499.56323596009463,501.10068493612954,497.7278453956621,499.7073974609375,1390800
UNH,2023-12-27,499.438320503991,502.7150328854598,499.0635475150779,502.3594970703125,1851800
UNH,2023-12-28,503.0129173308207,507.2409900775182,502.5036600737868,504.3870849609375,2001000
UNH,2023-12-29,505.4248188576568,507.59650802611066,503.4453254709093,505.8956604003906,2080100
UNH,2024-01-02,506.2512531552894,518.5701992174531,506.0878544839323,518.2627563476562,3415700
UNH,2024-01-03,521.8180141853708,525.4214644512307,518.3971410789775,520.8475341796875,2891400
UNH,2024-01-04,523.7015324589609,527.5452134311367,521.7796919728729,524.1051025390625,2994400
UNH,2024-01-05,525.6233816960863,525.6233816960863,512.8719510906225,516.3793334960938,2815400
UNH,2024-01-08,518.3203723109319,519.1371310098899,507.36585871952224,515.5529174804688,2648900
UNH,2024-01-09,516.9750916428645,518.5221591608342,511.5266902774529,517.3306274414062,2677000
UNH,2024-01-10,517.0711361466682,520.0500239565399,515.1973886766483,516.629150390625,2180000
UNH,2024-01-11,515.178222091741,519.0507005302724,513.6407730210932,518.5894775390625,2814100
UNH,2024-01-12,498.5831152669112,507.8271642778018,493.0770604675761,501.12957763671875,6327300
UNH,2024-01-16,503.2435800112774,504.00268591708624,496.3633579753944,498.8617858886719,3736700
UNH,2024-01-17,500.90856408607,509.9219425772333,499.6785579453195,504.4255065917969,3791300
UNH,2024-01-18,485.485721426677,496.6420201568358,478.01935273202247,496.16156005859375,7367000
UNH,2024-01-19,494.87394226919736,497.3242772436532,482.2090200662012,483.8810119628906,6143400
UNH,2024-01-22,484.2461577497718,493.49982453752733,477.096908675585,492.9424743652344,5922900
UNH,2024-01-23,492.4716287821384,497.83358020627014,492.0680586985768,495.3736267089844,2672900
UNH,2024-01-24,497.66060483581714,501.34088704632063,492.9040380222069,493.1730651855469,2918800
UNH,2024-01-25,468.53509772681366,476.14559895372906,460.280796359118,474.1180419921875,14671000
UNH,2024-01-26,474.00272324612155,484.005906219388,470.7548082221939,483.5350646972656,6212200
UNH,2024-01-29,483.4485546784218,486.7157068652369,481.5651592704029,484.82269287109375,4554100
UNH,2024-01-30,484.822694201516,486.2736637873329,479.71059161219307,483.92901611328125,4931200
UNH,2024-01-31,484.793868088921,494.8739117818106,484.793868088921,491.7413024902344,5358100
UNH,2024-02-01,488.9450341882263,490.28072740155443,483.34288207628805,487.32110595703125,4242600
UNH,2024-02-02,488.38771160754715,492.8655741165688,485.6394937992231,490.29034423828125,3804500
UNH,2024-02-05,490.0308542036735,494.10517576955255,480.5081315566504,483.3044128417969,3646300
UNH,2024-02-06,484.24613121877286,490.9725726644002,482.8143694950472,490.713134765625,2745400
UNH,2024-02-07,493.9226815372259,500.6395054412113,492.65425962940316,499.0924377441406,4109100
UNH,2024-02-08,500.28392099383285,501.75409849760746,497.06486157419056,499.7650451660156,3343000
UNH,2024-02-09,498.7079754328373,500.05328720036937,496.11347910969164,497.9680480957031,2715400
UNH,2024-02-12,497.9680886640227,498.70801606143704,492.7695356579494,497.4107971191406,3194000
UNH,2024-02-13,501.60037411122016,506.337703939836,494.11482642379906,496.651611328125,3436000
UNH,2024-02-14,495.12382005858706,498.26604831479335,494.19169683781865,496.7381591796875,1918500
UNH,2024-02-15,497.122533178156,501.3601658898222,495.64267838208167,500.524169921875,2292100
UNH,2024-02-16,501.88865897214555,503.3204208294873,498.61194656808897,501.16796875,2135500
UNH,2024-02-20,503.7240660466051,504.83870782065844,499.11160155417406,500.6971435546875,2600200
UNH,2024-02-21,503.20504818429697,503.2242853556378,497.314602859775,501.57147216796875,2095900
UNH,2024-02-22,503.71436433535484,506.1550804507217,498.3236162630772,505.9244689941406,3186800
UNH,2024-02-23,506.16471756595627,509.7681683317319,503.675908431098,506.63555908203125,2502000
UNH,2024-02-26,507.67334887540886,511.98787103452173,503.8200496277644,504.79058837890625,2308900
UNH,2024-02-27,504.25251315336124,505.05009337236623,492.03919582224665,493.35565185546875,3780600
UNH,2024-02-28,476.07833252955845,479.066780440642,465.4601754630614,478.8073425292969,9558600
UNH,2024-02-29,479.0187450635376,482.14173587889667,472.38840119745936,474.31024169921875,6833200
UNH,2024-03-01,470.2936353506742,470.8701640820108,458.5992221673833,470.3993225097656,7315000
UNH,2024-03-04,464.3550606974506,468.0065749944971,461.33778656629465,463.0386047363281,5239800
UNH,2024-03-05,463.5382849137961,464.02833424898716,452.22823598814887,454.65936279296875,5296200
UNH,2024-03-06,455.8990101682731,461.04952868214053,449.8932585476483,454.13092041015625,5577500
UNH,2024-03-07,455.47616912926236,462.3851876272407,455.09180691903913,460.0693664550781,5102000
UNH,2024-03-08,461.4489041713062,467.15999021147593,458.0145450084243,459.75103759765625,4673600
UNH,2024-03-11,460.1658248415148,473.0060890033362,459.2011166133355,471.88702392578125,4410100
UNH,2024-03-12,470.9030413332666,474.9065746703294,470.15057007820553,472.0799865722656,4153800
UNH,2024-03-13,476.10285898928004,478.49534631948006,468.20189516960653,470.7776794433594,3669000
UNH,2024-03-14,471.4722534522742,472.3983652002896,468.06683424495327,471.74237060546875,3378500
UNH,2024-03-15,470.24710645085133,473.8840464049686,470.24710645085133,473.4981689453125,5713500
UNH,2024-03-18,474.73297021804075,474.73297021804075,469.21483744934494,469.8611755371094,2970500
UNH,2024-03-19,472.38876294626976,476.02570292146453,470.57510649075596,475.9099426269531,2511700
UNH,2024-03-20,475.089884778841,477.1447181125373,472.1668198868314,476.78778076171875,3548200
UNH,2024-03-21,474.9066377874326,478.6883075722364,473.9419294121887,474.33746337890625,3693400
UNH,2024-03-22,477.7235553896394,478.3312968802399,472.4851670175985,472.77459716796875,2847300
UNH,2024-03-25,473.28590735505134,474.1348553865581,466.9863632074005,468.73248291015625,2786100
UNH,2024-03-26,470.9030731953051,475.92919525905035,468.1054249777366,474.935546875,3113300
UNH,2024-03-27,476.27649321400503,478.23484985959243,473.97082627589975,475.6976623535156,2653100
UNH,2024-03-28,477.53061165318655,478.36990316923874,472.0317625306527,477.2412109375,3820000
UNH,2024-04-01,477.0193423550389,478.28310794717675,471.45298573501606,472.4176940917969,2928700
UNH,2024-04-02,443.37999314125915,447.3159905181176,433.73290899737,441.9715270996094,11867000
UNH,2024-04-03,445.6952036408147,446.515211526967,439.4728237618136,443.51495361328125,4460400
UNH,2024-04-04,444.55685300993474,445.4250845276426,435.9709556627195,439.308837890625,5182000
UNH,2024-04-05,434.7843630489997,441.59520093094216,434.12836850548643,439.6561279296875,5747400
UNH,2024-04-08,439.8780728662244,441.0646747497295,437.5820622548661,439.9070129394531,4532300
UNH,2024-04-09,438.24771171604095,443.53432411674197,436.4919354386601,443.4957275390625,3521200
UNH,2024-04-10,439.4149772138059,442.55027921069507,433.90650102570544,434.1669616699219,4493500
UNH,2024-04-11,434.49498483225915,434.8615492557356,425.89943035699963,426.1309509277344,5844100
UNH,2024-04-12,424.7996116746699,426.6325513942576,420.979375388295,423.6998596191406,6045700
UNH,2024-04-15,426.4011188842604,432.5270231997829,426.3914623791421,429.90301513671875,5376800
UNH,2024-04-16,459.9439479149622,462.8187891370728,449.16817310483134,452.3420715332031,11816500
UNH,2024-04-17,461.7094113856217,470.77766377514536,457.8409215717355,462.08563232421875,8759800
UNH,2024-04-18,468.97362936011405,484.2835446775791,468.81927250623414,475.7748107910156,8880400
UNH,2024-04-19,479.4600854465384,489.3965704109551,478.07090296444613,483.4443359375,6618600
UNH,2024-04-22,480.21250445259506,481.7946402226068,473.32450238413116,473.8936767578125,4697700
UNH,2024-04-23,473.6718438836729,476.86502646377386,467.8546531700154,469.0219421386719,3646700
UNH,2024-04-24,466.70656294755764,471.60726797658765,463.74490151028186,470.1023254394531,3724400
UNH,2024-04-25,471.7037519702625,479.5854315654401,470.32422619669416,476.4308166503906,4329700
UNH,2024-04-26,474.6365072784746,479.6819425377812,474.0576763814859,477.8682861328125,2727000
UNH,2024-04-29,478.2155147474822,479.79765039698526,470.55572894516706,471.7712707519531,2192100
UNH,2024-04-30,471.70377078036046,472.4273020186372,465.5585835070866,466.6294250488281,3367500
UNH,2024-05-01,462.34609082791826,471.9256367988882,460.2333773799864,467.02490234375,2729200
UNH,2024-05-02,467.18894789955465,476.26685679877255,466.86095060090673,475.572265625,3561400
UNH,2024-05-03,473.5367359786211,475.398645506023,468.63603041688543,475.0706481933594,2487600
UNH,2024-05-06,475.09955523125393,477.40519276425135,474.6364846476299,476.9324951171875,2029500
UNH,2024-05-07,478.4953283968884,483.94592453587774,477.56921664980007,483.2802734375,3752100
UNH,2024-05-08,486.3770078859799,489.1071194846804,482.4313249394448,485.45086669921875,3078900
UNH,2024-05-09,484.4186390931665,490.042875519028,484.4186390931665,489.13604736328125,2342900
UNH,2024-05-10,491.0365606312588,495.4549414552848,489.10714389007506,494.71209716796875,2784600
UNH,2024-05-13,493.97886678416,496.506397786644,489.4061589228891,493.6798095703125,2454500
UNH,2024-05-14,496.4196313409622,497.95348461965733,489.39652640162853,495.74432373046875,2949700
UNH,2024-05-15,496.6608116148462,504.14695776094754,496.6608116148462,499.2847900390625,2981200
UNH,2024-05-16,501.64827583622855,509.5202690262748,501.1755782280539,502.87347412109375,3655800
UNH,2024-05-17,504.48450894924724,507.2917839062608,501.6579209862581,506.1148681640625,2657200
UNH,2024-05-20,506.11497041796605,506.11497041796605,498.3104535879561,498.9761047363281,2476200
UNH,2024-05-21,500.02759268603535,506.2016902250322,497.71226930821194,505.072998046875,2521900
UNH,2024-05-22,504.36883551145576,507.70674765855244,502.2754348417363,502.95068359375,2299100
UNH,2024-05-23,500.0275853094291,501.87015215224915,497.0466109205419,498.5901794433594,3055400
UNH,2024-05-24,497.89559681791314,498.889274650281,489.6087558834089,490.23583984375,2527800
UNH,2024-05-28,488.76942047011374,488.76942047011374,484.1870563623439,485.90423583984375,2912800
UNH,2024-05-29,474.9645067740239,476.4694494487963,456.5675114246792,467.6134338378906,7521600
UNH,2024-05-30,465.2981008946321,468.8771603409942,461.13055409316036,464.6517333984375,5169700
UNH,2024-05-31,465.38490176283887,480.82023347586215,465.38490176283887,477.88751220703125,6694800
UNH,2024-06-03,476.69130890320884,481.08071981752533,475.6687204778002,479.8844909667969,2795100
UNH,2024-06-04,480.96499925065734,490.33230921492435,477.13510587074137,487.6504211425781,3178400
UNH,2024-06-05,490.74716394607174,491.1330414093802,481.19652744594765,485.36407470703125,2464400
UNH,2024-06-06,485.87531685478535,486.8882782079531,479.7301298530299,484.2063903808594,2419600
UNH,2024-06-07,484.322156115137,485.11319453477927,473.1122505430394,473.3727111816406,3416300
UNH,2024-06-10,473.67177592576155,477.90685949982566,469.03153135187625,477.5306091308594,3332800
UNH,2024-06-11,473.5366982922946,480.2124926297791,472.98683694043376,478.7075500488281,4599700
UNH,2024-06-12,482.3541531868887,482.3541531868887,470.2181356465535,475.6687316894531,4048200
UNH,2024-06-13,472.9771785783425,484.2835608988627,467.28540556346,479.7494201660156,4951700
UNH,2024-06-14,479.2960320018754,480.2800533514431,474.3760430162856,479.5758056640625,3188400
UNH,2024-06-17,476.00088871160096,477.73505043889224,473.45296741765776,473.9664306640625,2407200
UNH,2024-06-18,475.400276643127,476.3206493151767,464.09438680897483,466.0416564941406,3692700
UNH,2024-06-20,465.063202658589,470.7597568077689,463.193394410252,469.4034118652344,5258100
UNH,2024-06-21,469.3258873437064,473.0654444428849,465.595998148543,467.5335998535156,6368600
UNH,2024-06-24,473.60797240521237,475.57466652628005,469.3840148632897,474.69305419921875,5139800
UNH,2024-06-25,475.3324848844663,475.3324848844663,465.6057156291324,469.384033203125,2916100
UNH,2024-06-26,469.38399458849534,472.2322713481387,466.4485293034084,468.9383544921875,3153100
UNH,2024-06-27,469.9168413939542,473.7242512117165,467.0104388382168,471.26348876953125,2991900
UNH,2024-06-28,480.8836938296169,493.50716826445733,474.1408479024566,493.3715515136719,22734200
UNH,2024-07-01,490.9398739386172,493.0324875066151,477.51230716745357,479.2173767089844,4523100
UNH,2024-07-02,478.83953442087585,482.91817786447837,477.9966823822089,482.6953430175781,3312000
UNH,2024-07-03,481.61033868057297,482.5403793434951,471.3410423745033,474.6059265136719,2239200
UNH,2024-07-05,473.74364934721234,474.39275897168375,469.3840452121153,472.7845458984375,3499000
UNH,2024-07-08,473.9277143426346,478.47139292605635,471.00194627001173,474.0730285644531,3450600
UNH,2024-07-09,473.09449533204713,479.9439242817686,470.9243909382562,476.7565612792969,3056800
UNH,2024-07-10,475.6231107012088,485.8536457214529,474.8286868767024,485.3014221191406,3189800
UNH,2024-07-11,482.17220191083726,492.8580742597315,482.17220191083726,488.6243896484375,3535100
UNH,2024-07-12,491.10455139679755,498.5158721598449,487.72341624657173,495.5707092285156,3570600
UNH,2024-07-15,507.8841524363561,514.2685761094266,497.76986911162044,499.2908935546875,5128000
UNH,2024-07-16,517.242747561548,532.7628954720773,510.68394751797774,531.7456665039062,11062000
UNH,2024-07-17,536.7155977778298,555.7137656665994,534.0998240130208,555.3941040039062,10330800
UNH,2024-07-18,546.8880753788578,563.3576896949616,543.9041522284616,546.7330932617188,6834800
UNH,2024-07-19,549.4263931654424,552.1196882046354,544.02046727697,547.6922607421875,4290400
UNH,2024-07-22,545.483309774315,546.645882626908,539.6995970507588,541.1043701171875,3377300
UNH,2024-07-23,541.3562223484407,541.4047096971623,535.5628120089991,537.3938598632812,2785600
UNH,2024-07-24,542.5284550859759,543.6232047347471,535.7662443355451,542.2862548828125,3156200
UNH,2024-07-25,544.4660698595618,552.1099226474072,541.152787556929,542.2184448242188,3102900
UNH,2024-07-26,542.5284745752543,561.0616395175568,542.5284745752543,551.9451904296875,3201900
UNH,2024-07-29,548.0602785932516,553.5242697344538,544.2335039091415,549.0678100585938,2965000
UNH,2024-07-30,549.2132743268901,561.352319308134,548.3316323617267,558.3490600585938,4139100
UNH,2024-07-31,547.7986886304715,562.7763692442462,544.7760350751,558.1842041015625,4713200
UNH,2024-08-01,559.1918661474162,569.1705031422816,549.4069420191041,554.9000854492188,3680800
UNH,2024-08-02,564.1618496312052,573.0844681551434,557.3027226420317,571.4278564453125,5094000
UNH,2024-08-05,563.9583262799708,568.5117019413569,549.0775599376153,552.177734375,4587400
UNH,2024-08-06,550.4823937673017,559.5019279955611,544.9796116201483,550.6179809570312,3216500
UNH,2024-08-07,548.9322569647585,553.815051284121,539.6511870318665,548.4188232421875,4320700
UNH,2024-08-08,546.7620777859904,554.5900044490156,546.7620777859904,548.57373046875,2860800
UNH,2024-08-09,546.9267863544795,548.27343366777,540.2323987950016,541.3271484375,2976700
UNH,2024-08-12,544.7761320773681,551.2477150280331,543.5457360059401,547.6534423828125,2532400
UNH,2024-08-13,552.2067543460482,557.7676614349585,551.2476510222623,556.3241577148438,2369400
UNH,2024-08-14,557.2930576876245,562.9896120927269,555.3845481692715,561.5848388671875,2344400
UNH,2024-08-15,561.5847980517244,565.1403399093898,555.6170105582122,561.5266723632812,2751800
UNH,2024-08-16,562.7957656020992,563.5030304220387,556.1885367988868,559.6568603515625,2728900
UNH,2024-08-19,560.0443618191792,565.1014734208974,559.0658635872767,560.7225341796875,1847900
UNH,2024-08-20,561.7591527330803,565.5956254101995,557.544892661591,562.5342407226562,1677500
UNH,2024-08-21,563.3674677780864,565.1888183523738,559.4147432199605,560.0347900390625,2844300
UNH,2024-08-22,561.1778604799453,564.7624352474749,552.8171048889773,560.6643676757812,2282000
UNH,2024-08-23,562.8733638785825,566.9520372516492,560.4029332299119,566.2738647460938,2376400
UNH,2024-08-26,569.7033530183659,573.6173464679189,567.4654253218885,568.8120727539062,1800000
UNH,2024-08-27,571.0789382675595,573.8594507647333,565.5665188762715,569.0250854492188,1581900
UNH,2024-08-28,570.6334067052065,574.3439305731903,565.6537560698639,570.1780395507812,1657000
UNH,2024-08-29,572.2512784435181,574.1210569865484,566.13814745101,573.113525390625,1953200
UNH,2024-08-30,571.5925439074102,574.7508443736757,568.2889587814127,571.7863159179688,2944700
UNH,2024-09-03,574.0338611200939,581.919854585204,573.3556887431483,580.0016479492188,3175500
UNH,2024-09-04,581.2805583659169,588.9728401201959,579.2267051234974,585.3301391601562,2935000
UNH,2024-09-05,585.3398347786369,587.0933620922567,571.2728263887908,576.9112548828125,2144800
UNH,2024-09-06,577.2794361180469,581.8715433094266,573.7820787662397,578.2579345703125,2926400
UNH,2024-09-09,579.6530070975595,580.7767902121957,557.3221564253435,575.5646362304688,3411400
UNH,2024-09-10,576.6399938501957,585.9307611886236,572.7066646373235,580.3408203125,2863500
UNH,2024-09-11,570.7593264558675,572.9488257591555,560.9065795910717,571.3502807617188,3563600
UNH,2024-09-12,570.1683806088691,572.0865873295238,565.0143530998548,570.061767578125,3395800
UNH,2024-09-13,572.6388047676843,579.0328665220215,568.9088861352299,575.7777099609375,2241900
UNH,2024-09-16,578.4804925578634,582.1652460974286,571.4415125294679,572.783203125,2548600
UNH,2024-09-17,569.7401245135918,570.4303742127272,560.3872173540731,561.9136352539062,3416000
UNH,2024-09-18,560.8441784029258,568.2915411688264,556.4205154166021,564.5289916992188,2988300
UNH,2024-09-19,567.5136748402037,568.5929020994853,558.6274812486188,561.04833984375,2945700
UNH,2024-09-20,555.8274599723129,562.7692408389695,553.8343875853782,559.0358276367188,5398700
UNH,2024-09-23,560.4844332883839,563.342810068817,556.1191022772401,557.4899291992188,2386100
UNH,2024-09-24,554.971913313129,561.281717194458,550.2857273830945,559.2205810546875,3188500
UNH,2024-09-25,561.8261343573298,564.976170185657,557.169144270462,560.3094482421875,2658800
UNH,2024-09-26,559.0358625212326,560.5914168372283,555.0593900153509,558.8511352539062,2751900
UNH,2024-09-27,561.641409276644,570.4207307771425,560.5817050335593,565.6956176757812,2986200
UNH,2024-09-30,567.2998508674398,570.1387640970321,562.6719968311645,568.4470825195312,3009700
UNH,2024-10-01,568.758160038515,572.3554457393545,564.6456200241473,567.1053466796875,2648400
UNH,2024-10-02,587.483406831394,587.7361977168574,568.0289525933939,575.8651733398438,3667000
UNH,2024-10-03,574.2124299951391,576.759684190173,568.1456853675596,576.2930297851562,2645800
UNH,2024-10-04,575.6902443515264,579.5791892764873,572.1026902846263,574.7860717773438,2462600
UNH,2024-10-07,572.4429306320808,575.9916164970558,567.1345589599428,567.358154296875,2591100
UNH,2024-10-08,571.7332383214748,572.8513337286279,563.4692303190459,565.4331665039062,2231400
UNH,2024-10-09,565.996962902121,576.3415696323309,564.4900087592297,574.805419921875,2207700
UNH,2024-10-10,578.655475820177,582.3208249121369,576.3026810697057,581.1055297851562,2143200
UNH,2024-10-11,579.9291148048474,584.8194909810394,579.6471876921322,581.44580078125,1909700
UNH,2024-10-14,582.4763934311463,591.7321006928149,580.7944438579766,588.591796875,2447100
UNH,2024-10-15,536.6938069244792,553.8829345644864,527.924218051832,540.84521484375,11939400
UNH,2024-10-16,541.5453756333069,560.1831297381799,539.7078347008356,555.4775390625,5103900
UNH,2024-10-17,545.0161812553259,553.6593159053986,543.2077768389324,550.3148803710938,5588700
UNH,2024-10-18,551.1119681919681,555.0981715071829,547.407751302565,553.7953491210938,3687000
UNH,2024-10-21,553.8247320298286,563.1971047426716,552.9108274816368,555.6038818359375,3018000
UNH,2024-10-22,552.0842480843232,557.1301558392069,549.7897851199408,554.0384521484375,2593800
UNH,2024-10-23,556.2454792895211,558.1996834667442,544.4522499146584,548.9634399414062,2911900
UNH,2024-10-24,549.303747519172,555.8274740970306,544.7536890055645,545.2398071289062,2590200
UNH,2024-10-25,550.44117416894,555.6329411461995,547.9619839374543,548.8856201171875,2513700
UNH,2024-10-28,550.5287820816828,552.5510501173222,547.1842869745299,549.5468139648438,1826500
UNH,2024-10-29,547.1939776666005,551.9190312917659,545.0939142728021,546.5231323242188,2600300
UNH,2024-10-30,545.6675329648485,554.4759900097757,545.3758739912915,547.330078125,2323600
UNH,2024-10-31,545.3077806239903,552.6676149153546,545.3077806239903,548.8272705078125,2490000
UNH,2024-11-01,549.4301094931102,554.4954813922312,548.2440098279278,551.8023681640625,2548300
UNH,2024-11-04,551.0050475060842,552.8037197964801,539.9993283386916,542.2841186523438,2656600
UNH,2024-11-05,542.7801028972233,552.9496564832752,539.0078213556695,551.2871704101562,2608100
UNH,2024-11-06,587.133502034331,588.6890563164364,574.4457713497524,580.1236572265625,6591300
UNH,2024-11-07,582.068115434179,590.7696416283958,579.5986567534072,588.6404418945312,5254300
UNH,2024-11-08,592.0918424438405,602.5919814762048,588.3973567728997,598.7127685546875,3875800
UNH,2024-11-11,599.7725374748807,613.2185214395669,596.875233237819,607.8906860351562,3003200
UNH,2024-11-12,602.3781443065122,607.1420662632261,596.7391860003048,597.6044311523438,2809400
UNH,2024-11-13,595.9808162413336,595.9905480982464,586.3167856239272,589.0487670898438,3409400
UNH,2024-11-14,586.7250412723586,589.1750953111542,572.6373492304517,576.681884765625,3079200
UNH,2024-11-15,575.4860237082602,582.301408832347,573.570746914952,575.7874145507812,3423900
UNH,2024-11-18,573.0749227996824,577.6444449249979,569.0693143001948,573.2791137695312,2577100
UNH,2024-11-19,566.5414482076463,570.5471159324527,560.7566903082192,560.9802856445312,3198300
UNH,2024-11-20,566.5317597302557,585.9084194688302,565.403932542831,583.8278198242188,3928600
UNH,2024-11-21,583.3416894160507,587.2306340121578,580.162458219746,580.9013671875,2722900
UNH,2024-11-22,581.9417088585104,584.5667585178719,572.3262784110656,574.4652099609375,3197900
UNH,2024-11-25,580.9889388542027,592.9085644446978,578.4902846397983,589.0098876953125,5146200
UNH,2024-11-26,591.3529306129147,591.5765259475895,582.2528141177668,589.9431762695312,2693600
UNH,2024-11-27,594.0655244194553,600.3072643199879,589.8557249826204,591.4890747070312,2269800
UNH,2024-11-29,591.8973904968894,598.6836395681149,589.777922688135,593.258544921875,2010800
UNH,2024-12-02,596.9530184176677,596.9530184176677,584.0903526612718,591.6251831054688,3364900
UNH,2024-12-03,593.8904765295946,598.6544577861754,588.0279229279915,588.426513671875,2329900
UNH,2024-12-04,594.0557469495931,605.5378534221854,590.1181430988717,593.8320922851562,4147600
UNH,2024-12-05,588.8251512395667,592.0821188000466,557.9566516363685,562.8955688476562,5943700
UNH,2024-12-06,565.9483547052441,565.9483547052441,529.0325776383695,534.3604125976562,13003600
UNH,2024-12-09,538.7328142517995,549.4488935604217,531.5497243581414,547.1456298828125,7684700
UNH,2024-12-10,548.4925032448448,554.1043037673677,543.6419842555022,551.6058349609375,5360600
UNH,2024-12-11,542.3047804973326,544.6861378963755,519.8673507556628,520.7067260742188,10363000
UNH,2024-12-12,518.7548211221965,521.1654266188824,501.83155802535526,503.36383056640625,9403800
UNH,2024-12-13,503.24672904330816,514.8509700062265,498.4449669728362,507.9703674316406,8202900
UNH,2024-12-16,505.54993569575913,509.16101857865135,484.1567670107373,486.51861572265625,8880000
UNH,2024-12-17,475.29502507272537,483.68833126696774,464.3837419122565,473.8505859375,14132700
UNH,2024-12-18,476.6906648663276,494.3654097322328,474.3190766313533,487.7093200683594,10147600
UNH,2024-12-19,488.11927315553936,491.5448909209005,474.55333238872083,477.4909973144531,7418100
UNH,2024-12-20,477.5300076555199,490.5591486669448,476.9834695415748,488.1094665527344,10956900
UNH,2024-12-23,488.7243542157293,496.55158457575453,487.0554322411645,494.17022705078125,4286000
UNH,2024-12-24,492.2768214331446,493.93597412109375,488.5583965510906,493.93597412109375,1824400
UNH,2024-12-26,493.4967850405464,499.9088536077456,492.59891375816824,498.8645935058594,3387000
UNH,2024-12-27,497.1762053819639,500.84581428146595,495.5951167390291,497.73248291015625,3471800
UNH,2024-12-30,494.6776831469018,497.47872815461403,488.6267170688347,495.5950927734375,5408600
UNH,2024-12-31,497.10789057870045,498.7182272342818,491.2423300777744,493.7017517089844,4214000
UNH,2025-01-02,495.7903253514563,499.80152805744234,491.1935375642206,492.38421630859375,4234900
UNH,2025-01-03,494.17997303174275,503.88103948388664,493.23328561926184,500.6701354980469,3019500
UNH,2025-01-06,500.67018610691173,507.7947207012272,497.5666236803971,501.3240661621094,4444800
UNH,2025-01-07,506.3795531032499,507.01395435175624,498.9329631619217,501.89013671875,3914500
UNH,2025-01-08,502.1340789966087,512.0596280772745,497.26402233861074,511.91326904296875,4141700
UNH,2025-01-10,513.982328352714,522.5805794008622,506.00864976211363,508.1753234863281,5467500
UNH,2025-01-13,522.1803659799152,534.2433403571602,520.3260679586654,528.1337890625,6472500
UNH,2025-01-14,526.67966124315,531.4618551387367,523.6541332832248,530.6713256835938,3978300
UNH,2025-01-15,524.1908410598545,533.1599628771614,521.4874581893112,530.3589477539062,4103900
UNH,2025-01-16,517.6031374666634,526.8650975646193,497.742268803449,498.3180847167969,9059900
UNH,2025-01-17,493.46751592921737,509.27816396336783,490.71528693783443,497.5080261230469,7495700
UNH,2025-01-21,501.694886833502,512.3817174248579,500.4944687287836,512.3719482421875,5682100
UNH,2025-01-22,509.1219820560263,511.8351939155965,503.59804521196014,507.2286071777344,3756100
UNH,2025-01-23,515.1827516450967,518.7059717637237,506.83826099691015,517.037109375,4580800
UNH,2025-01-24,515.417032462217,521.7803454303585,511.90358112649733,519.7113037109375,3671200
UNH,2025-01-27,527.0017098438127,538.6449684199976,527.0017098438127,530.4566650390625,4263000
UNH,2025-01-28,529.9588795107662,533.3649885710969,524.9131560418033,529.4415893554688,3162700
UNH,2025-01-29,528.7095672454803,530.4175062114556,521.1751450854491,525.1668090820312,2737600
UNH,2025-01-30,526.5039130195032,533.9603013754406,522.141377208269,532.4573364257812,2924700
UNH,2025-01-31,530.1833288848422,535.9610262242701,528.3972958790782,529.4513549804688,4120500
UNH,2025-02-03,528.9731200580401,540.5968389769887,528.0654796016948,535.0045776367188,4083600
UNH,2025-02-04,532.09627967742,535.619500022703,528.4949654310673,532.3402709960938,2869900
UNH,2025-02-05,517.9739739994325,527.7043776894914,509.3659540786534,526.8357543945312,4621600
UNH,2025-02-06,524.961961075421,526.1428409008064,512.6452844220886,517.3005981445312,3926800
UNH,2025-02-07,516.4807426261206,519.594073676597,512.7623179793418,514.3629150390625,3349100
UNH,2025-02-10,514.9875237358008,521.3215281478717,510.80065460786915,520.550537109375,3143100
UNH,2025-02-11,522.1414004409136,534.3799830366062,515.5731734747583,521.0873413085938,2631900
UNH,2025-02-12,526.8747789021097,529.3146918535286,512.8794715709562,514.7240600585938,3859200
UNH,2025-02-13,518.1399077136267,521.487460937888,514.4311925910665,518.4131469726562,2835100
UNH,2025-02-14,516.2855906854321,520.3846564381602,510.34193640874815,510.92755126953125,3705300
UNH,2025-02-18,498.6596336339993,503.5980148856153,485.0546771281993,488.6950378417969,8759300
UNH,2025-02-19,489.28058972763296,499.55750144359104,486.1770277357123,498.7572326660156,4380300
UNH,2025-02-20,493.04789548847765,496.21001342181324,488.2168555044627,490.344482421875,4144300
UNH,2025-02-21,428.9854772243965,458.41085083556766,427.960725712724,455.2096862792969,19864900
UNH,2025-02-24,455.4634129908409,456.751694148159,446.0160774053604,450.42742919921875,6919300
UNH,2025-02-25,449.69548269475774,459.4453954740098,439.2526727344916,459.07452392578125,9101000
UNH,2025-02-26,453.4822441634337,461.6803462470969,447.18728621709204,452.4477233886719,5108400
UNH,2025-02-27,454.9657069682821,463.9738466347329,453.8433231694455,457.2982482910156,4216800
UNH,2025-02-28,455.7757587646318,464.91077894800276,453.31633712697686,463.54443359375,6146300
UNH,2025-03-03,462.96862716425017,465.7989204097334,454.02878197185214,455.8245544433594,5700200
UNH,2025-03-04,458.45964334536603,467.69226560943275,455.2487095633371,463.20281982421875,5864100
UNH,2025-03-05,459.7479243853947,467.56538522221905,459.68936885733564,464.5399169921875,3637100
UNH,2025-03-06,464.5594583123639,476.3881523593999,460.6555973181424,475.9977722167969,4964000
UNH,2025-03-07,472.2012056828636,487.9045111651235,471.7522700531592,481.6192932128906,5434100
UNH,2025-03-10,482.5014084650127,487.9607738378904,468.22081800284997,470.68096923828125,5108900
UNH,2025-03-11,472.91568567949923,477.10085621264864,467.6621703473412,476.3853759765625,4101000
UNH,2025-03-12,473.5429887694076,477.91438757615003,469.30879346826936,471.55328369140625,3680800
UNH,2025-03-13,469.92628010108064,474.4446933087641,465.56466235238486,471.95513916015625,2876600
UNH,2025-03-14,471.44547658165396,479.7276388104786,468.7402913023918,478.9435119628906,3915900
UNH,2025-03-17,477.82619689546624,490.6659568763152,476.29718685329823,489.1075439453125,5152300
UNH,2025-03-18,492.2635620463555,495.9194805918801,487.9313770872841,493.7925720214844,3617600
UNH,2025-03-19,495.0079757577674,496.2919517374039,490.12688690166647,493.20452880859375,3317600
UNH,2025-03-20,495.2137736553017,504.172232131932,493.50834638150013,501.1435852050781,4965400
UNH,2025-03-21,501.5160261653485,508.6906295058969,495.05693293690314,506.58331298828125,10244900
UNH,2025-03-24,504.84854933286636,507.9555642053211,500.9671886085324,506.2403259277344,3840900
UNH,2025-03-25,507.98498891184386,508.6906582198818,501.3690400351751,503.2312927246094,3015100
UNH,2025-03-26,504.96617712294943,512.5622325965084,502.66282118246903,507.9065856933594,3253800
UNH,2025-03-27,506.034453807836,510.7293440901765,502.760832681049,505.47576904296875,2822200
UNH,2025-03-28,506.6029584519804,510.63130360253183,504.8191035105759,505.7894287109375,2379100
UNH,2025-03-31,508.8670235468622,517.6294421628296,508.2887767823258,513.3462524414062,5238700
UNH,2025-04-01,515.2967727419767,517.6784964207452,510.60194209404585,512.7288208007812,2962500
UNH,2025-04-02,512.5622169365147,514.5714841003538,506.53435562223365,512.8072509765625,2378900
UNH,2025-04-03,519.4623384172891,537.6046677709553,518.7762311611419,529.7047729492188,6457900
UNH,2025-04-04,529.9007697426621,540.7802559955209,514.4146320788357,514.6204223632812,9919000
UNH,2025-04-07,503.2019389463481,518.6880786321115,493.58677549815445,514.2774658203125,7356700
UNH,2025-04-08,570.6058787546779,573.3894919039695,536.5853893036797,542.09375,11762300
UNH,2025-04-09,549.0134437736011,577.692235336738,543.446277961502,567.0087280273438,12691900
UNH,2025-04-10,568.7141950378262,589.9243558652828,568.4789719314278,582.5929565429688,8646000
UNH,2025-04-11,577.2217703059817,594.3153473206794,574.8792903500624,587.5621948242188,6121500
UNH,2025-04-14,583.1810263275843,583.7985169059876,567.7830654239833,575.3987426757812,4839300
UNH,2025-04-15,580.4758224466136,581.0835020722665,570.449048800578,571.9976806640625,3871300
UNH,2025-04-16,573.6933511394554,582.9948344848275,571.3802439706653,573.4188842773438,4192100
UNH,2025-04-17,472.3766479321924,480.0609120593661,438.218895786471,445.0896301269531,29120200
UNH,2025-04-21,440.82603498719664,444.4917345383184,416.37162660206866,416.88128662109375,13029900
UNH,2025-04-22,416.20499496231844,422.9287140424726,408.83435257546824,418.69451904296875,10156900
UNH,2025-04-23,418.58673981754424,430.13274211111457,415.3326807214203,419.45904541015625,8345700
UNH,2025-04-24,419.07681304247996,421.36051706851197,415.2346662449078,415.82275390625,7629100
UNH,2025-04-25,415.14647193468073,415.14647193468073,403.83569220775985,410.32421875,9263800
UNH,2025-04-28,411.41216199965703,415.69535232506513,407.2955780746548,411.6571960449219,6614300
UNH,2025-04-29,412.82355546130185,413.37242932309414,400.9737127661005,401.10113525390625,9909100
UNH,2025-04-30,400.9050802502607,405.05106685025186,393.0345883190306,403.2672119140625,9192800
UNH,2025-05-01,403.1496103085428,403.80628478178323,391.917228440082,392.720947265625,9316800
UNH,2025-05-02,392.0152581297499,394.01474431189285,385.30131931529314,391.97607421875,11392900
UNH,2025-05-05,391.1919436938183,401.56180113098975,389.6923365489881,396.7689208984375,8157200
UNH,2025-05-06,394.79883011419787,396.6807046872991,385.60517813276067,386.67352294921875,7858600
UNH,2025-05-07,387.4968149693618,387.66342135678536,378.03850754143076,383.2920227050781,8517200
UNH,2025-05-08,382.2530973106695,383.15483572687174,377.71506216446795,377.8914794921875,7218300
UNH,2025-05-09,378.00912419226535,378.8716188834068,371.0207486188464,373.07904052734375,8381100
UNH,2025-05-12,373.4318688118812,379.51850585748656,369.3544988858818,371.2265625,11004800
UNH,2025-05-13,329.0708626246093,335.2065237717209,302.9600542215707,305.19476318359375,59478300
UNH,2025-05-14,315.06478679276836,316.525180128247,301.0096076599364,301.8917541503906,40029600
UNH,2025-05-15,269.43939244936445,271.1546305259573,243.93626335863462,268.90032958984375,121849200
UNH,2025-05-16,273.74219935556937,288.6402490191184,263.79382466381117,286.11151123046875,71094300
UNH,2025-05-19,298.7160654100118,310.0072523111838,291.34545278059767,309.6152038574219,62524700
UNH,2025-05-20,314.5452751990946,318.19138251165873,306.37091419741785,315.192138671875,41487000
UNH,2025-05-21,295.02098952170763,303.8030012997249,294.10947005507336,296.961669921875,45506900
UNH,2025-05-22,288.05223072540565,299.5982335059974,286.6898271040973,290.7770080566406,27159600
UNH,2025-05-23,290.2183235083919,293.7468196733566,285.8469246016927,289.6988525390625,16873600
UNH,2025-05-27,293.5507799568823,293.99185319349044,283.38677276222637,289.1401672363281,20144600
UNH,2025-05-28,288.16000953271276,297.7457392656111,287.4543103537285,292.1883544921875,16114200
UNH,2025-05-29,290.90438080813425,297.3536930586561,289.1401478030405,292.2471923828125,16221100
UNH,2025-05-30,292.05116408386226,299.5688213679239,289.9634693394878,295.91290283203125,16309300
UNH,2025-06-02,297.098859944654,307.3216726363991,294.9915732403027,298.6670837402344,19074400
UNH,2025-06-03,297.0792634716304,299.6472153160375,294.0506464551164,295.2366027832031,12805700
UNH,2025-06-04,297.5105333632695,301.52909753376196,294.23688223345425,294.4132995605469,11255600
UNH,2025-06-05,294.4132968850753,296.4127829747652,288.26782417809767,289.9634704589844,13529000
UNH,2025-06-06,291.32589315454794,298.3436719277344,291.24746550826484,297.1968994140625,12589000
UNH,2025-06-09,298.98076902473423,301.2938762091427,295.1582436454414,297.1675109863281,12170300
UNH,2025-06-10,297.76533522048055,299.0591220512336,294.61910671461374,297.75555419921875,11384100
UNH,2025-06-11,296.6676050546351,305.3908108764983,296.22656173046835,304.3910827636719,14711400
UNH,2025-06-12,305.2143975672293,312.467399247979,302.3818195878851,312.1733703613281,15957200
UNH,2025-06-13,309.62501145293294,311.11483758102776,305.7142776894487,307.3020935058594,13762400
UNH,2025-06-16,308.9604091811427,309.2269137055468,300.85637621202255,303.6893310546875,14240100
UNH,2025-06-17,303.482040997663,305.9497758240427,301.5769268176736,304.8836975097656,11593900
UNH,2025-06-18,303.58071877793554,307.7660174240138,302.2777777158799,303.2352600097656,12205600
UNH,2025-06-20,305.5055674545465,305.5944022922722,297.69765095257475,298.11224365234375,16177900
UNH,2025-06-23,298.00366380850596,298.5663146016462,291.7059994539774,296.7994079589844,12274700
UNH,2025-06-24,297.55949412737453,301.8730900263734,295.4668295731443,301.6756591796875,8781400
UNH,2025-06-25,300.4516581921528,300.4516581921528,295.9307510789483,298.1221008300781,8722100
UNH,2025-06-26,298.66504333506776,302.75159689265377,297.40156420087226,298.7143859863281,6532700
UNH,2025-06-27,299.0401330653983,306.4433379098259,298.2998125809556,305.12060546875,15304400
UNH,2025-06-30,305.0120248863478,308.3484071951905,302.38635141325693,307.9436950683594,10074100
UNH,2025-07-01,307.9436829352748,322.3354986375609,307.06515491131813,321.9308166503906,17865500
UNH,2025-07-02,316.6004974566706,318.2588381530323,302.47518572880057,303.5906066894531,18177200
UNH,2025-07-03,305.8412002663213,308.2201004127761,304.2519933913119,304.5678405761719,6161100
UNH,2025-07-07,304.0249245149377,304.62703734111955,297.31269797123696,299.790283203125,9031200
UNH,2025-07-08,300.30360358554015,304.3210530724636,299.8791302925454,303.72882080078125,9613800
UNH,2025-07-09,299.27702597838163,299.6817381247198,294.89432630061896,299.0006408691406,12816700
UNH,2025-07-10,299.14870287290086,300.9945638185611,292.7720841177878,295.64453125,11355600
UNH,2025-07-11,296.1479325587523,300.1950240043129,294.1540135130348,300.17529296875,9808200
UNH,2025-07-14,297.7470308852492,300.1160503194042,295.1410884210772,296.70068359375,10681400
UNH,2025-07-15,295.84191129798575,296.7993936084719,287.27394327400174,287.9451599121094,16019000
UNH,2025-07-16,288.77431111528557,292.1699165731637,286.99755412803756,288.715087890625,9714000
UNH,2025-07-17,288.55717276368927,289.21853899124505,280.16687385097396,284.3521728515625,14792700
UNH,2025-07-18,284.1744986205289,284.3521683061481,277.1858564156644,279.0021057128906,14979700
UNH,2025-07-21,280.96642249714233,282.80240269399224,277.5708170671148,278.4986877441406,10319200
UNH,2025-07-22,278.982368876204,283.40453050836766,278.3604948657518,281.4501037597656,14600300
UNH,2025-07-23,283.78951291230186,288.863190315579,281.2724353690013,288.73486328125,13111100
UNH,2025-07-24,279.4463340833569,285.4774643235054,274.62931025640506,274.9846496582031,22585200
UNH,2025-07-25,277.3733939616759,282.44707121452234,276.3270768071626,277.4326171875,16486600
UNH,2025-07-28,279.84113735419993,281.32177829258194,276.08031178060696,278.47894287109375,15779400
UNH,2025-07-29,262.2708723279146,269.3878112120827,257.18731442979237,257.70062255859375,41706000
UNH,2025-07-30,261.3824588808696,263.1888576300695,254.78867870189532,262.6064758300781,22371800
UNH,2025-07-31,258.02636152497956,258.02636152497956,244.55253466122383,246.33917236328125,29606900
UNH,2025-08-01,247.37562280354035,248.24427032529016,231.57225361410582,234.7013397216797,39989200
UNH,2025-08-04,235.16526060807587,239.12350179970514,233.89190101834103,237.86988830566406,17427900
UNH,2025-08-05,238.0475737663687,248.81677206670605,236.9518989108334,247.7605743408203,23795900
UNH,2025-08-06,247.40521769232836,249.89269856981016,242.1440053298811,242.60794067382812,12946400
UNH,2025-08-07,243.23969779767694,245.53962858846128,236.40900923391547,241.5122833251953,11369900
UNH,2025-08-08,241.63072875348584,247.83955832275083,241.21615108928057,247.65200805664062,10185700
UNH,2025-08-11,250.59354073165474,255.0650751998776,248.8858723850487,249.11289978027344,11779500
UNH,2025-08-12,250.74162067938164,259.4872740723995,250.39613175659173,258.1941833496094,12171800
UNH,2025-08-13,260.97778177309374,268.67710247086285,259.49714086015996,268.302001953125,19480300
UNH,2025-08-14,268.58825744804994,270.3156717809819,263.55407251019085,267.9861145019531,25011100
UNH,2025-08-15,297.816091740027,306.2952247149541,290.90643444917595,300.08642578125,68198500
UNH,2025-08-18,309.1380790374468,312.31652279230343,303.45243831428553,304.50860595703125,39600500
UNH,2025-08-19,304.9133073493872,306.49266365382806,295.348364808071,300.3134460449219,22348600
UNH,2025-08-20,302.4455792417313,303.235272473315,291.88369208635527,295.9702453613281,16679000
UNH,2025-08-21,298.38864982448405,302.6134108847393,293.95657733784043,299.4349670410156,13359000
UNH,2025-08-22,302.1494519046866,306.6703287584848,300.64904988216495,303.4524230957031,14930000
UNH,2025-08-25,304.50860139611046,304.8837019149344,298.82296075810854,300.9254455566406,8917100
UNH,2025-08-26,300.3825723573073,304.9725534268672,290.40306648907733,296.5526428222656,16303200
UNH,2025-08-27,296.66123953388853,302.02115273032547,296.6217473392023,299.9581298828125,9982800
UNH,2025-08-28,300.32333708278856,300.54049895875846,295.5359253559859,298.3886413574219,11235000
UNH,2025-08-29,298.39848036026683,305.9991156037826,297.02643547398856,305.87078857421875,12065400
UNH,2025-09-02,304.3309393074557,308.85184655676227,303.333964758734,304.8146057128906,10957100
UNH,2025-09-03,304.1335064729303,305.5944163826719,299.78044860508044,303.906494140625,9654600
UNH,2025-09-04,302.14944589671825,307.88445899043484,300.17525811578406,306.37420654296875,7725700
UNH,2025-09-05,306.43345290192906,313.836657639367,304.2223720599371,311.319580078125,14126700
UNH,2025-09-08,315.5837821487358,317.49874672350666,309.7500535883213,316.1168212890625,18438600
UNH,2025-09-09,328.20874620843756,347.1708130058691,322.9376680044775,343.42974853515625,46408900
UNH,2025-09-10,341.1001875193018,344.0713499881739,336.99387301747385,342.304443359375,17804300
UNH,2025-09-11,344.4958062816796,356.3212032558873,341.376585624283,349.0462951660156,18943500
UNH,2025-09-12,351.3067123873006,357.63398789037683,347.911106967183,347.9604797363281,14016200
UNH,2025-09-15,348.9140775550594,349.36105398769394,340.24237099679607,345.56658935546875,11035900
UNH,2025-09-16,345.1791845650643,346.70890800034306,336.06050143948323,337.5107421875,12695800
UNH,2025-09-17,335.4347186690546,340.7092530773076,335.4347186690546,339.3285217285156,8467700
UNH,2025-09-18,341.2357141029858,342.62635806043994,331.88855568665616,332.5838928222656,11255600
UNH,2025-09-19,334.25264224631997,338.682847085119,331.610403754656,334.4413757324219,13656800
UNH,2025-09-22,332.2262842727465,340.19274171679007,330.3787209230526,339.0205993652344,8903700
UNH,2025-09-23,338.7225973321059,350.3444698352818,337.68953458845925,345.367919921875,12504100
UNH,2025-09-24,347.86118570903363,352.13245584054977,345.51693131178916,349.4604187011719,9016300
UNH,2025-09-25,346.5698260269809,347.8512191046762,341.3052347988731,343.25213623046875,8104900
UNH,2025-09-26,345.6063063806306,347.632690518351,339.02058066836184,341.7820129394531,6774700
UNH,2025-09-29,341.68272725861203,343.2422189147916,339.16962517342876,342.87469482421875,6878900
UNH,2025-09-30,341.454229928262,346.98703738014825,340.0437002076662,342.9938659667969,7429700
UNH,2025-10-01,341.6032381495527,346.37119926371753,339.3484093871316,345.9738464355469,8825500
UNH,2025-10-02,344.97061633999635,352.7085686428199,342.3482331501261,351.357666015625,8564200
UNH,2025-10-03,354.864062367354,365.5422671831666,354.2283221346902,357.79437255859375,13494800
UNH,2025-10-06,358.61881739128955,360.0988565503146,354.7249842351383,356.3739013671875,7181700
UNH,2025-10-07,357.00964627753706,362.2841804608158,355.668656331298,361.23126220703125,7236200
UNH,2025-10-08,364.47941131337603,372.12799816194246,363.3569532895299,367.449462890625,9438300
UNH,2025-10-09,370.03207346027585,373.7073747304739,363.63508128062847,365.2343444824219,8759800
UNH,2025-10-10,366.93292950616024,366.93292950616024,350.15574634739306,352.1324462890625,13141900
UNH,2025-10-13,352.3708153046097,356.76130912561666,350.9603159260655,356.2646484375,5659400
UNH,2025-10-14,352.579462636122,359.91014951167284,351.0397961923581,357.52618408203125,5974800
UNH,2025-10-15,356.9898119634027,361.7875412489689,353.4734455278001,358.738037109375,6579600
UNH,2025-10-16,359.4234186279184,359.58235369261655,352.03310484515686,354.2879638671875,5872100
UNH,2025-10-17,348.65580845093854,355.9964680854549,348.48693047631104,354.2184143066406,8608400
UNH,2025-10-20,356.14547514647154,363.1285236092991,355.1223552828288,362.0458068847656,5996500
UNH,2025-10-21,362.70139556353934,368.5718984426291,359.08569106692,362.9298400878906,6885300
UNH,2025-10-22,361.5292497093187,361.5689910533322,355.6090626293762,359.07574462890625,7833000
UNH,2025-10-23,353.20522374063466,359.8604895036545,351.2782080387343,358.042724609375,5756700
UNH,2025-10-24,358.9565519697399,362.9795218560382,357.62550492211403,360.0790100097656,5462100
UNH,2025-10-27,361.07234899707174,363.77418456800484,358.9863678782146,363.5357971191406,7766400
UNH,2025-10-28,378.1376057114592,378.45547585362146,356.234879667484,365.38336181640625,18858700
UNH,2025-10-29,361.8471387563185,363.70464502871897,351.51660167732274,352.88739013671875,11874900
UNH,2025-10-30,345.19906031166386,352.17219631007026,341.30525719298777,342.44757080078125,11441900
UNH,2025-10-31,342.08998628816306,343.9673480521809,334.868519997107,339.27886962890625,8390800
UNH,2025-11-03,336.8650931668587,338.4246150491184,324.41877716592853,331.5607604980469,11181400
UNH,2025-11-04,325.4419035421334,334.25265973761503,325.0147826043991,328.6205139160156,9646600
UNH,2025-11-05,324.12076221313447,328.0046525429837,322.05466702950986,325.5511474609375,9697100
UNH,2025-11-06,326.72330675001416,330.1502475860505,319.3031942587717,319.4124450683594,7922100
UNH,2025-11-07,317.52513829819844,322.38246442483006,312.0618703239977,322.04473876953125,9402900
UNH,2025-11-10,317.8529041106367,322.0844629620614,315.0517608096889,319.4322814941406,9283800
UNH,2025-11-11,321.14081426941607,325.6703576790221,317.7436718690941,325.26312255859375,7157800
UNH,2025-11-12,326.2564368876053,340.878129598095,324.8955610604442,336.7955627441406,10403300
UNH,2025-11-13,336.0903056585224,336.7657569430687,329.07745891812584,330.2992248535156,7788700
UNH,2025-11-14,324.76645142106594,326.0180158008625,318.3495732016726,319.7104187011719,8676500
UNH,2025-11-17,318.4588467013291,325.6902252762048,317.29664732600827,318.3793640136719,6485400
UNH,2025-11-18,314.8928332849909,315.37955108074254,306.707844164843,311.4857177734375,9182100
UNH,2025-11-19,311.83339854530067,312.8962597824049,302.4961828875629,307.0257263183594,8181100
UNH,2025-11-20,308.7342150670524,312.6479037214223,307.9296271759839,309.4593505859375,7337600
UNH,2025-11-21,309.82690030316985,321.67721804860815,309.36003800430336,317.83306884765625,8406300
UNH,2025-11-24,322.36260179109473,323.67379335125565,315.49874708649946,316.919189453125,10773800
UNH,2025-11-25,318.9753793090345,325.80943573813437,318.75684737739124,324.1009216308594,6149100
UNH,2025-11-26,324.40883763752424,332.95140787850204,323.7135308345317,327.50799560546875,5504200
UNH,2025-11-28,329.45493139997114,329.8423109937774,326.6934990423703,327.5675964355469,2464500
UNH,2025-12-01,324.97505403022774,327.8556802151164,320.8726315307976,321.0514221191406,6154600
UNH,2025-12-02,321.2103287273986,326.5047486408198,320.64412826738686,322.3725280761719,7978100
UNH,2025-12-03,323.8227944781068,339.1298817443096,322.8394159376119,337.44122314453125,9770000
UNH,2025-12-04,337.13328967838436,338.98088331448986,326.5246240057935,331.26275634765625,8061600
UNH,2025-12-05,332.76266249842416,333.4679121907911,326.3160164387842,328.6999816894531,5906000
UNH,2025-12-08,328.70001220703125,329.1000061035156,322.8299865722656,323.6199951171875,4782800
UNH,2025-12-09,323.1600036621094,326.3599853515625,322.4800109863281,323.6000061035156,4628400
UNH,2025-12-10,322.75,328.7300109863281,319.6000061035156,328.3699951171875,5910500
UNH,2025-12-11,330.3699951171875,339.25,328.760009765625,336.7300109863281,7513200
UNH,2025-12-12,337.5,344.9800109863281,337.3699951171875,341.8399963378906,7979000
UNH,2025-12-15,340.989990234375,344.9599914550781,337.0,341.1000061035156,6447200
UNH,2025-12-16,340.4200134277344,340.989990234375,331.0299987792969,334.20001220703125,6334000
UNH,2025-12-17,333.6099853515625,335.5199890136719,330.4800109863281,331.6300048828125,4685600
UNH,2025-12-18,328.92999267578125,330.17999267578125,324.57000732421875,328.1400146484375,6354900
UNH,2025-12-19,328.05999755859375,334.6000061035156,326.07000732421875,327.4200134277344,10553000
UNH,2025-12-22,322.8999938964844,329.79998779296875,321.6499938964844,325.1600036621094,7872400
UNH,2025-12-23,324.0,327.79998779296875,323.760009765625,324.79998779296875,4463300
UNH,2025-12-24,325.20001220703125,328.989990234375,324.1300048828125,327.5799865722656,2842700
UNH,2025-12-26,327.20001220703125,331.8900146484375,326.260009765625,331.8299865722656,4359300
UNH,2025-12-29,330.8900146484375,334.25,328.2799987792969,328.94000244140625,4346800
UNH,2025-12-30,329.7300109863281,336.1499938964844,329.510009765625,332.1600036621094,4432500
UNH,2025-12-31,332.32000732421875,333.3299865722656,329.8800048828125,330.1099853515625,4285200
UNH,2026-01-02,330.8999938964844,340.260009765625,327.5,336.3999938964844,6863600
UNH,2026-01-05,335.45001220703125,346.94000244140625,333.8500061035156,342.0199890136719,7956600
UNH,2026-01-06,348.3500061035156,352.6099853515625,345.1199951171875,348.9700012207031,9441900
UNH,2026-01-07,348.9800109863281,350.1099853515625,338.0400085449219,341.70001220703125,7461400
UNH,2026-01-08,341.010009765625,347.8999938964844,340.79998779296875,346.8500061035156,5059300
UNH,2026-01-09,347.25,349.05999755859375,342.4800109863281,343.9800109863281,4129100
UNH,2026-01-12,341.4200134277344,342.6499938964844,333.94000244140625,340.510009765625,7146400
UNH,2026-01-13,341.5,341.8399963378906,332.8500061035156,333.92999267578125,5605900
UNH,2026-01-14,335.3699951171875,340.1099853515625,334.1000061035156,334.9599914550781,5740900
UNH,2026-01-15,335.20001220703125,339.45001220703125,328.05999755859375,338.9599914550781,6943500
UNH,2026-01-16,334.8599853515625,336.20001220703125,330.42999267578125,331.0199890136719,8039100
UNH,2026-01-20,327.3999938964844,339.8900146484375,326.5,338.42999267578125,7596500
UNH,2026-01-21,339.42999267578125,348.0799865722656,338.69000244140625,347.75,8933300
UNH,2026-01-22,347.17999267578125,354.95001220703125,346.7699890136719,354.4700012207031,7491400
UNH,2026-01-23,354.2799987792969,357.8699951171875,352.989990234375,356.260009765625,9082200
UNH,2026-01-26,353.95001220703125,354.7900085449219,347.2699890136719,351.6400146484375,10399500
UNH,2026-01-27,293.9700012207031,299.5,280.3999938964844,282.70001220703125,65836900
