ticker,date,open,high,low,close,volume
V,2020-01-02,181.1542435115016,183.20540737682876,180.88586802447688,183.1862335205078,8733000
V,2020-01-03,180.5886606682853,183.03280708761682,180.1189964571997,181.72926330566406,4899700
V,2020-01-06,180.19574641197875,181.35552334266387,179.39061999128975,181.3363494873047,10109500
V,2020-01-07,181.71973478255805,182.20857301841474,180.77084103129005,180.8571014404297,4392300
V,2020-01-08,181.62389933087653,184.50894299253702,180.9625402600914,183.95301818847656,5712000
V,2020-01-09,184.98817647166578,185.86998364073554,184.52810634549147,185.22779846191406,6748000
V,2020-01-10,185.46746142247946,186.49305078747332,185.09365162013108,185.72625732421875,6586400
V,2020-01-13,186.36838193604288,187.48023136431243,186.2150203682752,187.221435546875,11290500
V,2020-01-14,188.57294968990706,188.7742239960376,187.03936291529308,187.91159057617188,6236500
V,2020-01-15,188.82213582872828,191.84136717584317,188.17037100949523,191.5059051513672,10831100
V,2020-01-16,192.65612740811906,193.1353715061492,191.48677063889596,192.6082000732422,9983700
V,2020-01-17,193.38452716478992,196.25041145433406,191.6784197517241,196.20248413085938,12518900
V,2020-01-21,195.65617116411883,199.73932500946455,195.33986835122087,198.6849822998047,14861700
V,2020-01-22,198.8958892683743,201.4071384005459,198.68502068570257,199.2696990966797,8065000
V,2020-01-23,199.26967940223923,199.7489234745153,196.77761900162474,197.9469757080078,8520800
V,2020-01-24,198.80955972968852,199.35590485634464,195.73282174128903,196.49002075195312,7812900
V,2020-01-27,191.69758168358254,194.889348173658,190.83494841615234,193.3174285888672,7198900
V,2020-01-28,193.9883798696544,195.37818450255975,193.40370162231778,194.42929077148438,7215700
V,2020-01-29,195.8190992853761,197.37184514908515,194.10339759304216,196.35585021972656,7041700
V,2020-01-30,195.53156185987345,199.84475807737064,194.87979700718333,199.56680297851562,8571900
V,2020-01-31,193.1257515101752,195.51237725912824,190.02982475393765,190.71035766601562,16699600
V,2020-02-03,191.64010383786834,193.8637885177376,191.55384342310495,192.47398376464844,10885900
V,2020-02-04,195.0523105641854,196.41336178703403,193.8350266930803,195.1098175048828,10205900
V,2020-02-05,196.96928044813487,197.06513509655286,191.64966921898798,194.3909454345703,8672400
V,2020-02-06,194.62099865954124,196.1354115116572,194.07465345877597,194.6114044189453,7001200
V,2020-02-07,193.59540753732657,195.3686162368642,192.74235377858017,194.32386779785156,5691100
V,2020-02-10,193.5858685894602,197.57318312824046,193.4804342993598,197.43899536132812,6239500
V,2020-02-11,198.8863063106472,199.04924755354412,195.18654118414278,195.47409057617188,10231900
V,2020-02-12,196.49002249979918,199.5092535807477,196.49002249979918,198.8287353515625,7355800
V,2020-02-13,198.3295754756785,200.10535194363152,197.78245376900603,199.07827758789062,9495300
V,2020-02-14,199.932664046858,202.3227617365522,199.6638998062361,201.8524169921875,6548800
V,2020-02-18,201.57401202771175,203.01382639933826,200.95969181501306,202.72586059570312,7651500
V,2020-02-19,203.99289443089123,205.5766843046465,203.22499054043018,204.75119018554688,5927500
V,2020-02-20,203.61851313140252,205.11591744035425,199.92298444474764,202.96578979492188,8531900
V,2020-02-21,201.47800898174245,201.78517639678756,199.09752010133678,200.43174743652344,9231500
V,2020-02-24,189.94985345509232,195.59392879619259,186.22553003719133,190.81373596191406,13316800
V,2020-02-25,190.81378071905397,191.86965038309552,180.18795894796423,180.84066772460938,18539000
V,2020-02-26,182.37645789243535,185.7456177102177,179.5256247210246,179.6984100341797,14214700
V,2020-02-27,174.81264708660717,178.8633257813059,172.7777142501124,172.7873077392578,17536600
V,2020-02-28,166.81687257143443,175.014223237371,166.03937521983121,174.4670867919922,22659000
V,2020-03-02,178.8441110788916,184.71854776585434,175.75330905360238,184.6129608154297,17434500
V,2020-03-03,185.4480778587218,186.25437034697643,177.09715789540274,178.27780151367188,15226400
V,2020-03-04,182.7220176330768,186.68631067049196,178.70013437227357,186.49432373046875,10789100
V,2020-03-05,183.5667346498675,184.21944345290845,178.19142192808224,179.45846557617188,10106900
V,2020-03-06,176.17567826801778,178.52738676822327,172.75852120438,176.96278381347656,15183200
V,2020-03-09,164.340417955634,172.364983930394,161.5567680639002,164.2636260986328,20486400
V,2020-03-10,172.26895967500536,175.2829699527993,164.98350380955634,175.27337646484375,16119400
V,2020-03-11,170.5219578915452,171.55862568262438,163.3708849416607,166.0105438232422,14598200
V,2020-03-12,152.14037628242028,165.09870486168006,150.6909685066827,153.656982421875,27467700
V,2020-03-13,161.9503044339701,169.24536899809573,155.70151599977356,168.7750244140625,19948900
V,2020-03-16,145.07567904761396,158.67712217825343,142.04246693351584,145.9107666015625,23692000
V,2020-03-17,149.50072082774946,157.131733825121,143.26152541599745,151.5548553466797,22298000
V,2020-03-18,142.5032281825015,144.63413988791663,134.19069671197988,142.5224151611328,22787500
V,2020-03-19,141.0250168877022,150.94054030745684,135.79369425468684,146.1411590576172,19362800
V,2020-03-20,148.60799726297046,151.9099581312998,139.8251237894183,140.93858337402344,18692100
V,2020-03-23,135.65931443088994,137.59826858923697,128.55622127458517,130.29360961914062,30344100
V,2020-03-24,139.0284921378551,149.02080882444423,137.81905316508184,148.32969665527344,24488300
V,2020-03-25,152.9274552473235,161.43194276335595,147.4177615941661,155.2887420654297,20619600
V,2020-03-26,155.57669208224115,162.72776481259842,155.29831986120948,162.10385131835938,17062900
V,2020-03-27,154.61686969746802,160.3953288829201,151.80442463984284,155.07760620117188,14950700
V,2020-03-30,154.57842962233002,159.21463261068237,154.2424817993324,158.9266815185547,15714500
V,2020-03-31,159.75219877106474,161.44159036086594,154.09852819084912,154.65525817871094,20613100
V,2020-04-01,150.04785330673926,151.72763664210063,145.34445117979834,146.96664428710938,12595200
V,2020-04-02,146.40992154739055,151.99640828812056,145.21966973839935,151.07492065429688,14051100
V,2020-04-03,149.3183501656154,151.39168642326337,144.5573720701455,145.75721740722656,11994700
V,2020-04-06,153.59938681170175,163.8796522556246,151.9004019120314,162.64141845703125,16479100
V,2020-04-07,170.62762650411602,171.62590617922703,161.3552314532012,161.8255615234375,15379000
V,2020-04-08,164.14843965918544,168.93822763593963,161.1920189179705,167.92076110839844,11146500
V,2020-04-09,169.19741484296168,170.0804993614439,165.91463935690234,166.72093200683594,12231800
V,2020-04-13,165.34830372136682,165.4059086085851,159.48345831979532,162.2095184326172,14043700
V,2020-04-14,166.14494668185964,168.39105318726186,163.97563202021644,167.61355590820312,9980500
V,2020-04-15,161.93109173429812,162.56461346214257,158.33155643501817,159.30104064941406,12118700
V,2020-04-16,160.4048974753593,161.25918662818242,153.38820544825913,155.903076171875,20308200
V,2020-04-17,162.84299847142418,164.12924376609215,158.33158306680411,162.73741149902344,15375800
V,2020-04-20,160.61604363219195,160.71202243876388,156.65175129250306,157.63082885742188,10505200
V,2020-04-21,155.4999474359284,156.04708391095377,152.76429435389903,154.08892822265625,10562100
V,2020-04-22,158.05320780965184,160.97122481382405,156.3830180629946,159.90576171875,14502500
V,2020-04-23,161.1440380841821,163.57252395376818,159.5410464192433,159.7042236328125,11411300
V,2020-04-24,161.6815477344218,161.9791070097772,157.42928859790075,160.6064910888672,8391400
V,2020-04-27,161.88316126945463,165.43471593584513,161.7871824101119,164.86837768554688,9903300
V,2020-04-28,167.97830400675753,167.98789749423003,163.54368146787377,164.37876892089844,8614400
V,2020-04-29,169.7541487471677,174.9374754958309,169.03424144060048,174.4959259033203,12862800
V,2020-04-30,174.48629103647528,174.53428777484208,170.53160585706098,171.549072265625,11331600
V,2020-05-01,167.4504108057377,172.43217094388262,167.2776401090977,168.52548217773438,10109600
V,2020-05-04,166.01055301730494,169.84046357035618,164.829909625916,169.0821533203125,9386200
V,2020-05-05,171.90418697033638,173.83354707769988,171.10748814366295,171.2802734375,13513000
V,2020-05-06,172.50896020958209,173.26725599990965,170.7427914310211,171.60667419433594,8540500
V,2020-05-07,174.45749923714405,177.55789526010486,174.4191106336502,175.38858032226562,9262200
V,2020-05-08,177.60589243735862,178.2970044743397,176.25246347772497,177.66348266601562,6470100
V,2020-05-11,176.4924139841572,177.21232105982637,174.15031395453266,176.19485473632812,8683100
V,2020-05-12,176.19485645047644,176.60761079408007,172.1729732051628,172.2689666748047,8219700
V,2020-05-13,171.62479921625192,174.11503787990068,168.2980599582444,170.26910400390625,13377100
V,2020-05-14,169.16342272525353,174.07660438593408,167.12508223867945,173.932373046875,9695100
V,2020-05-15,173.04780601518974,177.04758112260205,171.98055868294932,176.42262268066406,10785900
V,2020-05-18,180.75890890651462,185.4028762522482,180.24932379445352,184.00872802734375,11802200
V,2020-05-19,183.77796789105815,187.00855325390694,181.94153076221116,182.0665283203125,7446800
V,2020-05-20,185.5663272859907,187.47968485410158,184.99905550601895,186.39320373535156,9545600
V,2020-05-21,186.0470308838795,186.16240419278543,182.701072885961,183.2779541015625,11338100
V,2020-05-22,183.64331985071234,183.9990639954708,181.94149021330568,183.5087127685547,5807600
V,2020-05-26,188.2584610747335,188.71035946663204,185.33554319219525,185.77783203125,9662200
V,2020-05-27,186.8258504908642,186.8258504908642,181.25886766131646,185.39324951171875,7650300
V,2020-05-28,186.08548653142702,190.65253257713755,185.2874682381936,186.7777557373047,8352200
V,2020-05-29,187.00849831058386,189.16222614340685,185.83548753309918,187.72000122070312,10211900
V,2020-06-01,187.2104534847823,188.33538738767356,186.06628580453028,186.86431884765625,6011300
V,2020-06-02,188.3930537453854,189.9121992295481,187.4123366007088,188.796875,8462100
V,2020-06-03,190.3737123773608,190.5083194659362,188.03731476757153,189.2872314453125,8879400
V,2020-06-04,188.43152365038526,188.8930462725639,185.68168037863217,186.18165588378906,7829800
V,2020-06-05,188.64304515126648,192.07554802245974,187.9507759112119,191.9217071533203,8561200
V,2020-06-08,191.89292136918874,192.25828987519353,189.53728920449038,191.9121551513672,7628100
V,2020-06-09,190.7198705882157,193.90237867492604,190.60449726118003,191.41213989257812,6892300
V,2020-06-10,192.20054703435184,194.3927282549548,191.28714063761296,192.75820922851562,8405300
V,2020-06-11,187.6238767434184,188.79688770670617,181.47999818636274,181.60499572753906,11974600
V,2020-06-12,186.72971718589363,187.48928269641684,180.61468153264445,184.8548126220703,11706300
V,2020-06-15,179.79741307180774,185.06633850205418,179.03784756811373,184.3740692138672,6752700
V,2020-06-16,189.27764323215112,190.73910226650145,184.4125390480526,185.45094299316406,11057200
V,2020-06-17,186.20087527596314,187.84500364335437,185.62397937834425,186.10472106933594,5968900
V,2020-06-18,185.18168241672973,186.76812393306122,184.710550336034,186.44122314453125,5803200
V,2020-06-19,189.30647894133182,189.50839692436537,183.99908610370642,184.797119140625,11483300
V,2020-06-22,184.59521388658513,188.79689189200235,183.9221637309365,187.45082092285156,6674500
V,2020-06-23,188.69114157430747,192.44092144926526,188.27771070112655,190.3448944091797,9866800
V,2020-06-24,189.43147465623,189.8737488302992,183.3452826177044,184.0375518798828,9453100
V,2020-06-25,183.7394827195994,186.758539994152,182.5856909083229,186.508544921875,9936600
V,2020-06-26,185.66243278413518,186.6527594184411,181.79726577514188,181.97994995117188,11836000
V,2020-06-29,182.5953460233781,184.0760242474458,180.0858733501202,184.00872802734375,8020400
V,2020-06-30,184.11446647380976,186.28741373436372,182.83569175706577,185.72975158691406,9040100
V,2020-07-01,186.38354927849466,187.82577427264013,185.2393817691012,186.3162384033203,6394100
V,2020-07-02,188.4507446487207,190.29679099903663,187.4892612576558,188.13345336914062,6299300
V,2020-07-06,191.07561503777524,191.5082796857853,188.14308737959163,190.14297485351562,7292200
V,2020-07-07,189.22956529538328,191.2390622894079,186.3451147952651,186.7200927734375,7660100
V,2020-07-08,187.5662044021211,187.98925949278953,185.68169027216365,187.5565948486328,8368000
V,2020-07-09,187.4892799091824,187.96041209925866,182.63378536706318,184.80674743652344,8548200
V,2020-07-10,184.26823183933266,185.39317998659604,182.1433623857639,185.13357543945312,7674200
V,2020-07-13,186.15281435042857,187.67195998651374,181.43192701355977,181.73960876464844,8564100
V,2020-07-14,182.201107452008,186.01819778972794,179.97045888330388,185.8835906982422,8003900
V,2020-07-15,187.71043364194662,190.15261013047626,187.00855474233143,188.97959899902344,7681100
V,2020-07-16,187.80654387289383,188.17191223938556,185.10477801601738,186.04702758789062,5064000
V,2020-07-17,187.32579476784358,188.0372976977657,185.68165185492973,187.57577514648438,6395000
V,2020-07-20,187.23924846195126,191.79666955760035,186.21045436939622,190.82557678222656,6985300
V,2020-07-21,192.2966567113317,192.46010710900788,188.14304188425305,188.9122314453125,7218700
V,2020-07-22,188.9122719001589,191.33521440148542,188.69113480548498,191.2006072998047,6823400
V,2020-07-23,190.79677599791594,193.21009414841427,188.86418489588343,189.82566833496094,6106700
V,2020-07-24,188.1334593739308,189.87374201993256,186.55662714909838,187.63348388671875,7160300
V,2020-07-27,187.64310291109325,190.19102803971083,186.72007239651404,189.32569885253906,5604700
V,2020-07-28,190.07562232194297,191.69090710823392,189.13337286327322,189.16221618652344,6897300
V,2020-07-29,185.65283191507854,191.22943874141382,185.61437903316354,190.93138122558594,9471300
V,2020-07-30,187.6815703046713,188.9891884099819,184.72019945820105,186.58547973632812,10499400
V,2020-07-31,186.93158863169126,187.19119324059886,182.14340572100647,183.06642150878906,14180800
V,2020-08-03,184.41252306294882,185.89320107586374,182.88376794477432,183.34527587890625,11405200
V,2020-08-04,183.76831171422242,185.50859417669386,182.7587512936353,184.8836212158203,8204000
V,2020-08-05,186.10469927989567,190.54674728983375,185.66242519176586,188.546875,8876800
V,2020-08-06,188.43148245830946,191.25824554914763,187.2873150481064,191.11402893066406,7480300
V,2020-08-07,189.9794954364479,190.3544733636666,187.77770497581952,188.796875,5654000
V,2020-08-10,188.79688106963445,190.67177076600382,187.80655434101183,189.21031188964844,5525400
V,2020-08-11,190.200664997814,195.07537850845446,188.7776589146006,190.152587890625,11549600
V,2020-08-12,191.33520074474313,192.51782124446103,190.6044786265001,191.08522033691406,5432500
V,2020-08-13,189.82379184706454,192.52964269899522,189.72749226147647,190.25711059570312,7014800
V,2020-08-14,189.708210694616,190.72893624411128,188.51417823331406,189.3519287109375,5014400
V,2020-08-17,189.9874976172408,193.03038245727794,189.4193682401228,192.03854370117188,6256200
V,2020-08-18,192.56815967179222,192.68372211672204,189.52528956272062,191.6341094970703,6519900
V,2020-08-19,191.54743893353776,195.32215045976608,191.52817607815422,193.5407257080078,9467600
V,2020-08-20,192.4910754106776,196.86281705084104,192.20220610281493,196.58355712890625,8849200
V,2020-08-21,196.92062832302673,197.53690745229775,195.8036178095813,196.56434631347656,9998300
V,2020-08-24,197.41170606479838,198.79833767453684,197.08431101618024,198.75982666015625,6159600
V,2020-08-25,199.51093078478223,200.483491920802,197.9220758280132,200.38720703125,5828300
V,2020-08-26,200.38719977169532,202.98712678746506,199.6168472169202,202.46713256835938,7035200
V,2020-08-27,203.381923941612,204.315959284917,201.30197655959296,203.20858764648438,8619600
V,2020-08-28,204.14264615307133,208.1484676417009,203.39155646060985,207.71514892578125,7349800
V,2020-08-31,207.5514097937024,207.95585621559138,203.718925104297,204.13299560546875,9326900
V,2020-09-01,204.34487929606283,205.9626064987846,203.2952667372397,205.442626953125,5642900
V,2020-09-02,206.19368061454293,209.29433857064512,205.84702274698955,208.45657348632812,9863800
V,2020-09-03,206.9640683852106,206.9640683852106,199.41464488216948,201.21534729003906,11310200
V,2020-09-04,200.76274227982447,202.69824037818773,192.7318364585387,197.07469177246094,13243600
V,2020-09-08,193.33848382163936,194.7540023441746,191.8266804179754,192.70294189453125,14186900
V,2020-09-09,196.7761318355165,198.6442167985897,194.4650748066985,196.4968719482422,7532600
V,2020-09-10,197.26727032662185,199.32795487625987,193.02071471809492,194.0703125,7243000
V,2020-09-11,194.10882427703694,194.9080636763343,191.53778448793037,193.24217224121094,7439000
V,2020-09-14,195.81323525811533,198.75981998319844,195.6110120329666,197.3828125,11730500
V,2020-09-15,199.08719788039602,200.49309217568205,197.18058699183058,197.77760314941406,6328600
V,2020-09-16,199.07761196050268,200.05017309609175,197.35394640452145,197.52728271484375,6135000
V,2020-09-17,195.33177311888852,197.96058697159833,194.51327080503177,197.66207885742188,7474900
V,2020-09-18,197.85464710957385,198.0953813359014,194.2436337146601,195.10064697265625,9084100
V,2020-09-21,192.50071287499867,193.79104475218588,187.4838053259491,190.1318817138672,9656000
V,2020-09-22,190.74816217329803,193.27106677894017,189.50598006872568,193.12661743164062,7543100
V,2020-09-23,193.35773769298197,193.6369829365109,187.35864475769256,188.1289825439453,6310600
V,2020-09-24,187.91715606525685,190.3437615019157,185.9720338382296,188.27345275878906,9865300
V,2020-09-25,187.7919855705629,190.79634443217245,186.33794123713395,189.9393310546875,5496100
V,2020-09-28,193.1940617183091,194.24365955836382,192.42370915291684,192.8955535888672,5565300
V,2020-09-29,193.14590432544884,194.87919385604303,191.98074409583336,192.04815673828125,5513500
V,2020-09-30,193.40590673721712,195.03325796199078,191.51854370915157,192.5585174560547,9157600
V,2020-10-01,194.7154848991511,197.59465694306422,194.16660379116334,195.813232421875,7234600
V,2020-10-02,192.58740685651762,195.31252042672773,192.00963875864684,193.99330139160156,6019700
V,2020-10-05,195.19696054405085,196.10210895764757,193.59848164017947,195.99618530273438,6090500
V,2020-10-06,196.54508996906677,197.49840297745413,192.30817265163077,193.02073669433594,5841100
V,2020-10-07,194.51326927561033,195.27398302210278,192.57777124219115,194.96585083007812,6713400
V,2020-10-08,196.43917017985422,196.7280542511225,194.73476738330018,195.45697021484375,3955600
V,2020-10-09,196.43913973924336,199.40498733771238,196.13099285944048,198.98129272460938,5562900
V,2020-10-12,199.27017729323782,200.26200118876724,198.1050171040347,198.75018310546875,6622700
V,2020-10-13,195.84209047785885,197.60426657957822,195.50505672160537,196.74725341796875,5621700
V,2020-10-14,197.12283757038244,197.37319589806228,193.67552138504786,194.7058563232422,5320000
V,2020-10-15,193.5599476876673,197.11318732273264,190.2763439117377,192.15406799316406,8885500
V,2020-10-16,192.57774041539327,195.1391411962942,192.01923529517052,192.8377227783203,6385900
V,2020-10-19,193.40592419502195,193.61777153443498,189.21714189411017,189.6697235107422,7449600
V,2020-10-20,190.22821546757538,192.2600132126633,189.41935187917863,190.37265014648438,7427000
V,2020-10-21,190.49779298822094,192.99179582727004,190.49779298822094,191.07554626464844,6067200
V,2020-10-22,191.9518420117361,192.36591252762253,188.50452607664639,190.65188598632812,4908200
V,2020-10-23,192.34667357464483,192.4718600915782,188.75492253264343,190.67115783691406,5877200
V,2020-10-26,188.73564384073512,189.14007560006075,183.6513378759959,185.91424560546875,12608700
V,2020-10-27,185.84682980709664,186.5208827278503,182.20692934177532,183.0157928466797,8690400
V,2020-10-28,177.16113152216096,177.85444728430505,172.69310477348327,174.16639709472656,17809500
V,2020-10-29,176.21744026729087,180.06918759553767,172.69308793556505,178.01812744140625,16820900
V,2020-10-30,175.8900986085099,177.39227817113414,172.5872166324668,174.97531127929688,10252900
V,2020-11-02,177.6714735392943,179.99215488247327,177.07445739199943,177.89295959472656,8057100
V,2020-11-03,179.90552846850227,182.5054555309454,178.2974253791643,181.35955810546875,6467900
V,2020-11-04,185.7409101063863,189.58303387628013,184.4313152496739,186.7808837890625,8102700
V,2020-11-05,191.0081809169089,193.54070988909518,189.97783129028096,190.3148651123047,7132100
V,2020-11-06,190.03557498161547,192.2792046966695,188.18672347704273,191.1140594482422,6180500
V,2020-11-09,206.73289078856263,209.58317530698008,204.41220972184706,204.79737854003906,17916900
V,2020-11-10,204.08487946226455,206.12630129376336,202.74639755879542,205.4040985107422,7943600
V,2020-11-11,204.30632551366404,206.33812301214567,203.8248570514006,204.81668090820312,5337200
V,2020-11-12,203.90050662501298,204.97097767758413,199.76328941476717,200.84339904785156,7302500
V,2020-11-13,202.43465107635018,203.75585768244684,199.91759827444528,202.98434448242188,6377500
V,2020-11-16,206.92872057097475,207.4301916882661,204.28629240438968,205.12530517578125,12083200
V,2020-11-17,203.06149449858896,204.5370066676019,202.0392457765685,203.20616149902344,7268800
V,2020-11-18,202.2514186220291,203.6304861673869,200.27442061046997,200.42872619628906,6977900
V,2020-11-19,199.85975925150584,201.29668784461526,198.21064942187292,200.17800903320312,5657200
V,2020-11-20,199.7536450421812,200.69874094372597,196.55187055781983,196.619384765625,9653500
V,2020-11-23,197.41019031780914,201.55706102357328,197.41019031780914,200.74697875976562,6101900
V,2020-11-24,203.34120696859375,206.20544038303092,201.94283265622983,202.21286010742188,10110800
V,2020-11-25,202.20319117321705,204.40199421166318,201.43167797902416,203.37974548339844,6772900
V,2020-11-27,204.45025837251927,204.47918883562355,201.37385826235663,203.48587036132812,3512900
V,2020-11-30,202.07784219779626,203.0422301364837,199.24255401898455,202.8590087890625,7725500
V,2020-12-01,204.57561461580994,206.06076554101207,203.5244205970652,203.67872619628906,8047900
V,2020-12-02,203.48584296790352,203.87159223429282,201.0555813865555,202.69503784179688,9728900
V,2020-12-03,202.30928655600064,203.59192419125932,200.21656664017576,200.64089965820312,9203300
V,2020-12-04,202.27068476710687,205.14455603928067,201.0844772818412,205.10597229003906,5720100
V,2020-12-07,204.42126504342733,206.8611647841633,204.25732089779004,205.07704162597656,10624500
V,2020-12-08,202.4732894434114,205.54005141686991,202.41542850879065,205.19287109375,8646200
V,2020-12-09,205.63645015082938,205.89683903244511,201.50887066736357,202.11643981933594,6251100
V,2020-12-10,201.0845111974372,201.84638586187782,199.86938776837655,200.21656799316406,10492000
V,2020-12-11,198.04667401509923,199.52218613326406,197.21729994018264,198.8953399658203,9227600
V,2020-12-14,200.44802337004134,203.77515855695788,199.59935734100165,199.869384765625,11967700
V,2020-12-15,201.11343260039732,201.98139048097744,198.81819955997068,200.93984985351562,9796100
V,2020-12-16,201.05557106539956,201.68243198534142,199.76329490240386,200.85305786132812,7504400
V,2020-12-17,201.55708043097445,204.23807773985843,201.41242812543447,203.65943908691406,6517200
V,2020-12-18,203.50510880523606,204.43091281226057,202.3960540543473,203.78477478027344,13298200
V,2020-12-21,200.85308899622217,202.32860143045733,197.4970082260389,201.5667266845703,7576700
V,2020-12-22,200.96875892088525,200.97839750066703,198.27812362286735,198.5095672607422,7396200
V,2020-12-23,199.94655215429952,199.94655215429952,197.80560976324304,197.9888458251953,6523100
V,2020-12-24,199.28112441771776,201.3834977903654,199.2425553746804,201.26776123046875,3367900
V,2020-12-28,202.37677303659495,205.85821336508704,201.50881524174133,205.05776977539062,5816200
V,2020-12-29,206.96728297309528,207.57485204482845,205.9353808808114,206.73582458496094,6093400
V,2020-12-30,208.30775403776866,212.5414156724207,207.97021243905175,210.58370971679688,8875100
V,2020-12-31,210.6222867635137,211.99173037039432,208.50063657550524,210.94053649902344,5922200
V,2021-01-04,212.406489252875,212.406489252875,206.61052179032748,210.00515747070312,10318300
V,2021-01-05,208.6067046663237,210.68014708667476,206.0317912283171,206.8708038330078,6869700
V,2021-01-06,206.18614214641198,208.47173682902957,204.5177551496882,205.04815673828125,7206200
V,2021-01-07,204.6431354760705,207.5555914249661,204.6431354760705,206.19580078125,10967900
V,2021-01-08,206.54292857184876,208.4234817951737,205.17349969344318,207.77734375,6513000
V,2021-01-11,206.34043479741837,207.20837799282103,204.9131301571063,205.30853271484375,7353100
V,2021-01-12,204.77809286314553,205.21206441087332,200.08152919379535,201.42202758789062,9331600
V,2021-01-13,201.9524837251524,203.48585703079937,201.20026230293345,201.89462280273438,6688500
V,2021-01-14,203.071134142582,203.68834170959488,194.54593530926812,194.6713104248047,12887500
V,2021-01-15,194.36272736982662,196.0214757050053,193.29225623160542,194.41094970703125,8755000
V,2021-01-19,195.8189684575801,196.89907821000043,192.9450966003807,194.4784698486328,9772000
V,2021-01-20,195.79963642263044,199.8114928451055,195.0281233082485,198.6735076904297,12675700
V,2021-01-21,198.71214554068024,199.7922553656508,197.45843822790073,197.8345489501953,6513500
V,2021-01-22,196.7254522462844,198.01772823276028,194.61344082854583,194.8256072998047,7316200
V,2021-01-25,193.20546993985522,194.4591771632221,188.7789329742226,193.8226776123047,19282400
V,2021-01-26,194.57486680803157,196.24326820774425,193.8130069616123,194.8159637451172,9605300
V,2021-01-27,190.60161670996905,192.5882533538625,187.0526764364877,188.02670288085938,13772400
V,2021-01-28,192.87755880314808,194.80633439117955,191.11272737425247,191.16094970703125,11041300
V,2021-01-29,190.77520994014102,195.81895423275967,185.9436174345722,186.36795043945312,21503000
V,2021-02-01,188.1906446736942,192.11571029103075,188.07492284048809,191.2959747314453,12970700
V,2021-02-02,193.6972903586793,197.07264756880542,192.87755486434997,195.3946075439453,11305100
V,2021-02-03,195.83825773143357,196.26257604610393,193.82267583863955,194.18914794921875,13458600
V,2021-02-04,196.00223554402763,202.2128823190313,195.86722180360132,201.79820251464844,14534800
V,2021-02-05,202.50215188507323,202.64681888842316,201.22916760485842,201.3352508544922,10284000
V,2021-02-08,202.52146382596086,203.1483100897416,198.57712075266357,199.522216796875,8637100
V,2021-02-09,198.43243060198887,200.2358458141896,196.44579406671068,199.16537475585938,7619400
V,2021-02-10,200.56373852353832,200.56373852353832,198.60603240253903,199.08822631835938,8467600
V,2021-02-11,200.25694399379864,204.37160889436853,200.1217206798335,203.4733428955078,8411100
V,2021-02-12,202.21767382776105,203.92729431686487,200.59497944702653,202.79721069335938,6911000
V,2021-02-16,203.4733781986618,203.85007283422473,200.2763005694567,200.80752563476562,9652700
V,2021-02-17,198.25756002940662,201.1745370067033,198.06438596708097,200.43080139160156,8373200
V,2021-02-18,198.8564310795159,202.5461045342829,197.96781854727757,202.2080535888672,7328600
V,2021-02-19,202.1983821197251,202.38190264577466,196.80874152451244,197.7456512451172,15011500
V,2021-02-22,196.60590473018314,203.46367973718495,196.1809129503787,201.2131805419922,8337700
V,2021-02-23,200.32456087012616,206.61248221022976,199.50356739025912,204.87388610839844,10571700
V,2021-02-24,205.11535308335377,213.0066322992942,204.08184898899464,211.94415283203125,12039000
V,2021-02-25,211.80891261039986,212.9293427340621,205.32783259198462,206.45791625976562,11404300
V,2021-02-26,206.74769028809675,207.86812044202136,203.55061324842472,205.14431762695312,11730000
V,2021-03-01,207.63631232339128,210.3697688090958,207.46244534887907,209.23968505859375,6982000
V,2021-03-02,209.55843269885324,210.4953276639547,207.49143922450907,208.40902709960938,6155200
V,2021-03-03,207.81015471437547,209.78056839490213,205.5982845187616,207.52040100097656,6484600
V,2021-03-04,208.60219047764804,209.6163727037298,201.55122683231275,204.28468322753906,10658900
V,2021-03-05,206.4386000670702,208.72775757393106,202.4784803497043,208.06129455566406,7582000
V,2021-03-08,209.5777382902258,218.41559552064547,208.4476545273006,212.75550842285156,14750400
V,2021-03-09,214.48442406313052,217.32412836522045,212.67822380139722,212.84242248535156,9228600
V,2021-03-10,213.19017909433938,216.54180186349458,211.9152035764902,215.5565948486328,7822900
V,2021-03-11,216.8701162869689,220.44388715406564,216.17467804125755,218.43484497070312,10053400
V,2021-03-12,217.5945909037134,218.81160080579747,215.7980440549778,216.7059783935547,8172400
V,2021-03-15,216.58040915567736,219.34284109688866,214.17536471902733,215.65316772460938,9306100
V,2021-03-16,216.0781916226286,217.88439228928826,214.71628990904293,217.03440856933594,8949300
V,2021-03-17,217.3724583434685,218.52186404271535,214.19468791164047,215.41171264648438,8675600
V,2021-03-18,213.8758924134761,214.92871818546737,212.0890141406127,213.13217163085938,9321800
V,2021-03-19,211.6447142661266,212.65889645314698,199.82229142247402,199.8415985107422,32209700
V,2021-03-22,199.5035529269304,205.04772348420093,199.19446264757426,200.90408325195312,11371600
V,2021-03-23,201.91830148375686,202.7972605419475,200.42117649482256,201.0489959716797,8820700
V,2021-03-24,201.62853558457726,203.93700062401606,200.83650264589053,200.97174072265625,10101600
V,2021-03-25,200.58533836072806,201.6961149657377,198.7598162804236,200.87510681152344,8390800
V,2021-03-26,201.1455507548931,206.40962104428883,200.61431105855362,206.24542236328125,7399900
V,2021-03-29,205.20226534172033,207.9453752050701,203.91763652288563,207.19198608398438,7792300
V,2021-03-30,205.74316875936228,206.84427712450278,204.19776152557426,204.67103576660156,5498000
V,2021-03-31,205.29886874676407,206.80564705506183,204.33298370419,204.5068359375,13180000
V,2021-04-01,206.48694005574603,210.31185199145438,205.057434064446,209.4618682861328,6138400
V,2021-04-05,211.14245159977105,212.9872806150695,209.89645178662158,211.5674285888672,10440500
V,2021-04-06,210.1959201213327,211.91519449696017,207.99370317416407,211.19078063964844,7828100
V,2021-04-07,211.6447354692566,213.49923306702516,211.18111475437365,211.7896270751953,5614300
V,2021-04-08,212.46571499344844,215.21849301390037,210.66916838539487,213.17080688476562,11042000
V,2021-04-09,213.46059207967926,215.00601402622922,212.02141807618253,214.92874145507812,5724900
V,2021-04-12,212.72654671353158,214.33957311489843,211.74133975248108,213.91458129882812,6315200
V,2021-04-13,213.46061286315478,214.05945692508695,212.70722364387322,213.4799346923828,4764000
V,2021-04-14,213.46060227743516,215.48896683690455,212.5623362290828,214.40716552734375,4972600
V,2021-04-15,216.2519907755118,219.8644059598118,216.22301540474282,218.56045532226562,8698100
V,2021-04-16,219.4200718599035,220.0285840656218,218.0581706081692,218.68600463867188,6829400
V,2021-04-19,218.04855980179724,219.81613129103812,217.40141855790637,218.08718872070312,6541600
V,2021-04-20,217.11165420547988,217.6911911677323,214.25264252856866,215.66282653808594,5799100
V,2021-04-21,215.69178823883192,220.09622171037734,215.26679645855364,219.6905517578125,9490600
V,2021-04-22,219.54566444164456,223.05181698551863,219.14964805267508,219.80645751953125,7303000
V,2021-04-23,220.8110151384532,223.9115131009127,219.94172435777628,222.15359497070312,5345200
V,2021-04-26,222.8972717819278,225.002893877261,221.68991560664927,222.48193359375,5650000
V,2021-04-27,223.14842167037838,223.27399144297215,221.17802265542804,222.06663513183594,6642100
V,2021-04-28,223.07117274190168,228.2096888210984,222.80072607860055,225.4858856201172,10111400
V,2021-04-29,227.20515877017513,229.39772217833354,225.1961158978774,228.77955627441406,7411400
V,2021-04-30,227.29205373818132,227.88122940957174,224.3654087775461,225.5920867919922,10260200
V,2021-05-03,226.06542226193812,227.69777052324417,223.49616422625215,224.67454528808594,8174400
V,2021-05-04,223.69894963696728,224.46199222622,222.37567729663442,224.11427307128906,5884500
V,2021-05-05,225.87222421866244,225.87222421866244,220.8592784647855,221.39051818847656,6523200
V,2021-05-06,221.79616465791764,223.67963735320185,220.85925508211875,223.4285125732422,6124100
V,2021-05-07,224.41374407329613,225.26372769069937,222.83936135790796,224.2012481689453,4528700
V,2021-05-10,223.6990005857469,224.08534874000367,217.47869802984604,218.2610626220703,9627400
V,2021-05-11,216.1071197413389,218.69568452131367,214.46510341628849,217.78775024414062,7633300
V,2021-05-12,216.0008963570506,217.3241542690305,212.79415065081582,213.10324096679688,7721300
V,2021-05-13,214.26395766006215,217.54306336049976,213.6642438284842,216.4210205078125,6650100
V,2021-05-14,218.43302987128573,220.06773454212876,217.56246162966832,219.51638793945312,4777200
V,2021-05-17,218.78119525591453,219.72914813369243,217.94934173566472,219.03269958496094,5534200
V,2021-05-18,220.91892205471984,221.68307313694464,218.05574286889814,218.19117736816406,6900000
V,2021-05-19,215.47308615026154,217.49472944318498,214.53481553727673,217.24322509765625,9311900
V,2021-05-20,218.0654115739054,220.15475722009987,217.87195692362303,219.03269958496094,7478600
V,2021-05-21,219.45833099336195,221.8088340146771,219.13912414608856,219.3519287109375,5603900
V,2021-05-24,220.49331724255737,222.5826630600206,220.18379272866184,221.81851196289062,4040100
V,2021-05-25,222.3794931518796,222.66001492196054,220.94791112275925,221.52828979492188,4689100
V,2021-05-26,220.59002793637217,221.84750526883045,218.97465877254135,219.64208984375,4295600
V,2021-05-27,220.30950285458124,220.9479164574458,218.96497316592942,219.43894958496094,5969600
V,2021-05-28,220.1450700110225,221.9248763695743,219.71946093405504,219.86456298828125,5779700
V,2021-06-01,221.9345687111167,222.55363246201287,218.87793498372258,219.21649169921875,5091500
V,2021-06-02,221.72176029601422,225.48451008935717,221.29615120726282,222.14736938476562,9081100
V,2021-06-03,221.50894171993463,222.85347138715028,220.3191816678507,220.64805603027344,6382400
V,2021-06-04,221.84752798497803,223.15335804268366,221.24779933629705,222.61167907714844,5085700
V,2021-06-07,225.23301647432186,227.00314052403158,222.55362458435224,223.75306701660156,5421300
V,2021-06-08,224.55590268320768,225.2330160890743,222.63100901463363,224.4591827392578,4170600
V,2021-06-09,224.89448045763626,227.1676133682703,224.52690626111374,224.710693359375,4659000
V,2021-06-10,225.47485683634636,226.59689978925095,224.53658622011997,226.2970428466797,4452500
V,2021-06-11,226.72264081333967,227.73829619700155,226.06489203741788,227.2740020751953,5378300
V,2021-06-14,227.02250440058714,227.52549832375757,223.99490281373943,226.42279052734375,5805800
V,2021-06-15,226.77099633432766,227.1192205974237,225.0105251265524,225.35874938964844,7093800
V,2021-06-16,225.97782750945674,226.5195064510993,220.54167343985864,222.08934020996094,8905400
V,2021-06-17,221.71210888463187,225.70699864682692,221.71210888463187,224.55592346191406,6876700
V,2021-06-18,222.91151827799283,224.5849223975285,221.72175816199353,222.87283325195312,8840000
V,2021-06-21,223.8787959960798,227.3223387814581,222.86314068340195,226.65492248535156,7298400
V,2021-06-22,226.6356258194305,228.3670651849079,225.61030269979787,228.21229553222656,8858400
V,2021-06-23,227.7479592116308,228.2025857575196,226.2873596286618,227.00314331054688,6814700
V,2021-06-24,229.2472643305468,230.45637437448428,227.7092798969729,228.5121307373047,4611500
V,2021-06-25,228.6668752722807,230.67883606563066,228.5895052214518,229.55679321289062,7825200
V,2021-06-28,230.21454904603397,230.57244089079262,224.27540118624054,226.4324493408203,9301700
V,2021-06-29,226.89678085210986,228.7829897296841,226.49050685419047,228.23162841796875,11897700
V,2021-06-30,227.419090235475,228.66688530493442,226.17129516601562,226.17129516601562,7797100
V,2021-07-01,226.53885823558977,228.5218016889465,226.39377093202592,227.45777893066406,5329600
V,2021-07-02,228.11551961402236,230.9690161220287,228.10585204796857,230.8239288330078,4383700
V,2021-07-06,231.6654875813457,232.73917790540702,229.45040444485315,231.76222229003906,8048700
V,2021-07-07,232.40064426716512,233.1551278390485,230.50476776948489,232.14915466308594,4366100
V,2021-07-08,229.21820407642656,229.31493876573936,226.87736923954247,228.86997985839844,6388000
V,2021-07-09,230.94969650188034,231.61712763814538,229.65353401792365,230.669189453125,5615900
V,2021-07-12,229.80828386894794,230.7078546206308,229.5084269517203,230.0887908935547,7010700
V,2021-07-13,230.4563547015139,234.5479786082154,230.4563547015139,234.4222412109375,8079200
V,2021-07-14,235.26381459765042,238.73637535994288,234.8769052586553,237.94320678710938,8693400
V,2021-07-15,237.2854151831973,240.66125559198156,237.2854151831973,240.41943359375,10135100
V,2021-07-16,241.81231748867168,242.26694400134573,239.4231150955608,240.00347900390625,8674500
V,2021-07-19,236.00860819843072,236.45355242012837,231.0851009825587,232.54571533203125,11474600
V,2021-07-20,232.7681619728696,236.22138689472698,231.67512191194967,234.76077270507812,7072300
V,2021-07-21,235.33153120854087,238.82344207516928,234.37392537120186,235.68943786621094,11241400
V,2021-07-22,235.8054622607286,237.3241114718778,235.19606611107724,236.1536865234375,10293600
V,2021-07-23,238.68800394155738,241.83169023625203,238.68800394155738,240.87408447265625,6766000
V,2021-07-26,241.0578848567264,242.17026031845074,239.59727031313588,242.06385803222656,4879000
V,2021-07-27,241.03851634042587,244.40467468874996,240.1002457324722,242.72158813476562,7038300
V,2021-07-28,241.8703726596427,243.2729373384925,237.8658008421503,238.8621063232422,9036500
V,2021-07-29,239.99384569016462,242.18959376053996,239.01689004458316,239.81005859375,7495300
V,2021-07-30,239.12329195015104,240.33240204610138,237.9528668830274,238.33010864257812,5804700
V,2021-08-02,238.18501230650025,239.72299674793692,230.5724453943934,231.9363250732422,9989500
V,2021-08-03,232.7585280283141,233.49366163231699,226.37442099901688,229.33432006835938,9839000
V,2021-08-04,229.24726162856481,229.77927299355568,227.36105293418262,228.9280548095703,8171800
V,2021-08-05,228.8700215890859,232.39094943129075,228.69590206850333,232.35226440429688,5337500
V,2021-08-06,232.14911389668652,234.66406853442453,232.0136941706325,233.50331115722656,4509700
V,2021-08-09,233.8419089158376,234.25783573331233,230.2629457333775,232.14915466308594,5226900
V,2021-08-10,232.6424273592949,233.44527815593295,227.85435479781376,230.28225708007812,7185700
V,2021-08-11,230.29191068424782,230.5627501221578,226.90640295073044,227.37069702148438,7375700
V,2021-08-12,226.54743152154705,226.76052618832185,223.76753488648387,224.5133514404297,9867000
V,2021-08-13,224.71675554783087,225.94689020144855,224.1355856129562,225.34634399414062,5445400
V,2021-08-16,224.92017763933674,228.08751103828038,222.97326863253303,227.97128295898438,7575900
V,2021-08-17,227.62255892229604,228.2715235933113,225.89844029667,227.1673126220703,6850500
V,2021-08-18,226.57650151257147,226.99301012320862,224.20341780192493,224.3583984375,4996500
V,2021-08-19,221.84970406686688,225.1332806623343,221.71409970049646,224.30029296875,5761300
V,2021-08-20,224.59081633987142,224.87172054145483,223.07011160425537,224.09683227539062,5522200
V,2021-08-23,225.39477006483432,227.28355012302202,224.7167483490445,226.78956604003906,6342000
V,2021-08-24,227.66130233539926,228.77520885967516,226.60552462559096,226.8864288330078,5081800
V,2021-08-25,227.6225843202442,227.6225843202442,224.79425440779434,225.28823852539062,5277100
V,2021-08-26,224.84269111170488,225.32699448994592,222.92483909243876,223.28323364257812,5889100
V,2021-08-27,223.76751471108986,225.73378504832905,223.00230717309154,225.3850860595703,6369000
V,2021-08-30,225.38507363788557,226.33430397394963,222.70202919946766,223.9709014892578,6448000
V,2021-08-31,223.6609822022897,224.5617793613878,221.4816170731308,221.90780639648438,9405100
V,2021-09-01,221.90778383644508,223.5350358731632,221.588141876426,222.895751953125,8177600
V,2021-09-02,223.19600292486712,223.31224576251356,214.99191894440685,217.1422119140625,19708800
V,2021-09-03,216.96789106400007,220.16429598652087,216.33830264915773,218.0430450439453,11532000
V,2021-09-07,219.62193343629093,220.84237280740473,218.76955463628033,219.16668701171875,9662600
V,2021-09-08,220.2417775079083,222.99261675560444,219.9124400252012,221.89808654785156,10652600
V,2021-09-09,222.11118401829978,222.77952495793588,219.97057164211108,220.34832763671875,5853000
V,2021-09-10,222.6342385476808,222.81826139132932,217.7621484089484,217.8493194580078,6715400
V,2021-09-13,218.44983446722506,220.06740563532352,216.396393306725,217.57809448242188,6808100
V,2021-09-14,217.9365072089107,218.72107627010033,215.30189580604844,216.02835083007812,6575700
V,2021-09-15,215.53433279387755,217.78149229553392,214.41074565316788,216.78382873535156,6535800
V,2021-09-16,216.83229030262584,218.1302196966657,215.75713630493254,217.28753662109375,5928500
V,2021-09-17,215.46653484648434,216.67729309441893,212.4154299735947,214.78851318359375,13787400
V,2021-09-20,210.14891559018568,213.57777679619798,209.51931236895902,213.14190673828125,8822600
V,2021-09-21,213.81992658773845,215.19534631248865,212.10548860994646,213.2581329345703,7033600
V,2021-09-22,214.44950099801383,217.06475071097054,214.15893083414238,215.7571258544922,6005900
V,2021-09-23,217.93650757051418,221.52034940572068,217.31659987350423,221.14259338378906,7952700
V,2021-09-24,221.74312844229232,224.66832486350995,221.44286272503697,224.3196258544922,6461200
V,2021-09-27,224.4455311853731,226.00498846267112,221.58814456119123,222.39208984375,6881100
V,2021-09-28,221.68499798182611,221.68499798182611,216.96788835296266,218.47891235351562,6951400
V,2021-09-29,219.6800093373421,221.83031746049357,218.99229205589072,219.5637664794922,6432700
V,2021-09-30,220.43549762975726,221.6075033700767,215.64089778894362,215.7571258544922,7128500
V,2021-10-01,217.13253863795217,224.2905407841536,216.45451697737252,223.22508239746094,7925400
V,2021-10-04,222.7795182003143,223.09916015217337,213.87802117354823,217.67495727539062,10283400
V,2021-10-05,218.40144562624556,220.2418073172057,216.8904214625677,217.23912048339844,5814000
V,2021-10-06,215.0694355463434,219.50565622005243,214.30424271950415,219.39910888671875,5420900
V,2021-10-07,221.72374161750716,223.90310647993482,221.316928616759,223.312255859375,6561900
V,2021-10-08,223.74814013011087,225.42382552608447,222.95387556869522,223.0410614013672,3735200
V,2021-10-11,222.78921174906446,223.08949222759284,217.81057412566147,218.0430450439453,5620200
V,2021-10-12,218.47888692889396,219.11817078696896,215.9217662763566,217.01629638671875,5448200
V,2021-10-13,216.12519144322533,218.76948327463296,211.7664618227724,215.47622680664062,9076000
V,2021-10-14,217.0841191524935,218.5660861547433,216.05739846123703,218.11083984375,5590500
V,2021-10-15,220.08679799079135,223.83530089109055,219.61217542495646,223.7384490966797,6355100
V,2021-10-18,222.95387234295112,225.4528792818199,220.97792127348708,223.40911865234375,5580200
V,2021-10-19,224.6683063654146,226.305253945754,223.43817179880665,226.18902587890625,4409700
V,2021-10-20,226.13093427268885,226.46025701459527,224.04842092995307,224.15496826171875,5401800
V,2021-10-21,223.4575594658071,223.58348306449025,219.19569596004627,223.0120086669922,5982200
V,2021-10-22,223.06040891435876,225.51099722625872,221.53002348223592,223.9709014892578,3788000
V,2021-10-25,226.1212416583233,227.48698071588106,224.99765428700914,226.53775024414062,4938700
V,2021-10-26,228.1359266252899,229.52104184171893,224.06778158823892,224.5424041748047,7814500
V,2021-10-27,217.69437003504189,217.69437003504189,208.88973810446151,209.00596618652344,22958100
V,2021-10-28,212.36700278808854,213.08377701217051,202.44846561537787,203.25241088867188,23199400
V,2021-10-29,202.64221068654246,206.96218821675788,201.99323120263347,205.12184143066406,14329800
V,2021-11-01,206.7878400637114,208.49258245552446,204.8118742111581,205.79017639160156,13210300
V,2021-11-02,206.46820487414902,206.65224250937555,201.29584871456433,202.57440185546875,14688700
V,2021-11-03,203.1071435005648,203.5526943107504,200.24006113423192,201.5670623779297,11486700
V,2021-11-04,202.5937527145167,205.69329076705324,201.3442419688021,202.22567749023438,11368200
V,2021-11-05,205.2961269722821,210.79781910216627,204.724652733826,209.86795043945312,14273600
V,2021-11-08,211.51464368892502,214.6529347671887,211.3015490291794,213.56809997558594,13500100
V,2021-11-09,212.79320404828474,213.4906020407717,206.2357326815949,206.69097900390625,11535000
V,2021-11-10,207.21009420172263,210.50914850051865,206.99662441471756,209.16041564941406,10063600
V,2021-11-11,210.04339341445976,210.34418769907217,203.92072841621507,204.17300415039062,13546900
V,2021-11-12,205.22093088759118,207.23918106261215,205.15300195971827,205.7934112548828,7660500
V,2021-11-15,207.27801157791285,209.9754773223792,205.52174950749955,205.99720764160156,9596900
V,2021-11-16,205.86138611119785,209.2477653285889,205.37623013797526,208.79171752929688,8719600
V,2021-11-17,199.83569904509235,201.15532359813207,193.53838535487614,198.9721221923828,38379600
V,2021-11-18,200.36940497627282,201.69872752567358,195.29467794501156,197.29351806640625,18292200
V,2021-11-19,196.04178083463884,197.45844251414948,193.9168105240465,194.89682006835938,18032600
V,2021-11-22,194.06236661335166,195.71189376840843,188.8226886371046,189.77359008789062,21185800
V,2021-11-23,191.1223506581542,193.01445604585066,188.60924619947565,192.59722900390625,14742700
V,2021-11-24,192.28668054965695,197.89508136270308,191.77241649905386,197.2158660888672,12026800
V,2021-11-26,187.58069764555486,193.27642357945354,186.8335533607109,191.78213500976562,10987600
V,2021-11-29,195.032715796357,195.27529380107882,189.5601566020638,190.46253967285156,14633500
V,2021-11-30,189.4727710261805,191.7918154119005,186.8432197876835,188.01730346679688,16023000
V,2021-12-01,190.21023712016836,190.9670792039687,184.45629476438063,184.51451110839844,13204900
V,2021-12-02,186.29988196350126,193.51900475851244,186.15434110303104,192.40313720703125,13976300
V,2021-12-03,192.3837125954996,192.57777198210113,188.27928328025502,190.49160766601562,10660500
V,2021-12-06,192.86888799015384,198.157084540758,191.86946798248556,196.6627960205078,10722100
V,2021-12-07,199.88422436755897,201.76663156790684,199.77748948076248,201.2135467529297,11897200
V,2021-12-08,201.49492983786485,203.260889421136,199.60282499658095,202.7854461669922,11749200
V,2021-12-09,202.3294218913333,205.90016222990667,201.01949503118811,205.1142120361328,10176800
V,2021-12-10,205.60907689001147,207.88931567975763,204.59995907173519,207.06454467773438,8882700
V,2021-12-13,206.14271131068492,206.98689253143556,203.746040301551,204.7551727294922,8844300
V,2021-12-14,204.47379706675625,207.0354195713819,202.2614873948424,203.74606323242188,9832300
V,2021-12-15,203.18330111606247,206.18157606830846,201.68902734006744,206.0069122314453,10892500
V,2021-12-16,208.8984223903303,209.84933862124424,205.3276820477591,208.0057373046875,8548400
V,2021-12-17,206.4823610129404,206.880192417838,201.62108925415885,205.5896759033203,11578400
V,2021-12-20,202.88250799030132,203.5423277695125,200.71871663760717,202.54290771484375,9434400
V,2021-12-21,204.35735712362765,209.74259026734546,204.11477918747624,208.98574829101562,6993700
V,2021-12-22,207.5011841729809,212.44006767732455,207.5011841729809,211.48916625976562,6003400
V,2021-12-23,211.95492427029654,212.03255099549872,210.18894958496094,210.18894958496094,4798200
V,2021-12-27,211.21746431638684,211.64440387488486,208.50060313645952,211.16896057128906,4818400
V,2021-12-28,209.59707816568798,213.206639789965,209.17985113560468,211.57652282714844,4279800
V,2021-12-29,211.29510072154514,212.4400763905238,210.8778737375691,211.69293212890625,3223100
V,2021-12-30,211.49887731827894,212.64383820635467,210.70321448626646,211.40184020996094,3812800
V,2021-12-31,210.3732979308077,211.5085609544029,209.0924940602579,210.27627563476562,4723300
V,2022-01-03,211.0622321562999,215.46744132384643,210.5673636502314,214.85614013671875,7694500
V,2022-01-04,215.40921037929607,220.05699718780056,215.22484877626246,215.85556030273438,10629300
V,2022-01-05,216.03021998882335,218.5821447775551,213.3909706909019,213.46859741210938,9594600
V,2022-01-06,211.33390817793344,215.321890177148,211.09133023346973,213.22601318359375,7877500
V,2022-01-07,210.85847540163718,213.66267618420184,209.23805631469486,210.5188751220703,10702100
V,2022-01-10,207.6273234218588,207.840793211167,200.3693950027304,205.677001953125,11978600
V,2022-01-11,205.1433125421113,208.56851190416927,202.54288410648604,208.01544189453125,8803100
V,2022-01-12,208.11249021111854,211.1204629951718,207.46238302092058,209.3059844970703,6923300
V,2022-01-13,210.41213303654303,213.93435502498366,208.2871476914582,208.61705017089844,8867700
V,2022-01-14,207.81165810761746,211.77053167927784,207.36532301020708,208.29681396484375,8838100
V,2022-01-18,209.4709357418264,210.47035580497388,207.96694934979976,209.3059844970703,9099300
V,2022-01-19,206.67641706732718,211.75114372575536,205.81284014223493,208.30653381347656,9399800
V,2022-01-20,208.3453540173438,213.0804804104872,207.5885119864113,207.98634338378906,8532700
V,2022-01-21,209.0633844013996,209.1992274595171,199.7095793553255,199.81629943847656,16200200
V,2022-01-24,196.177642273249,196.7016189622781,189.8415070918419,195.85745239257812,16054000
V,2022-01-25,193.69361365887124,199.28261843546855,191.1417039973998,196.00296020507812,12125500
V,2022-01-26,198.21529493700166,204.59994840979527,197.62340414194043,199.75808715820312,10817600
V,2022-01-27,203.28028930783347,204.69695082184924,199.7386577314651,200.0297393798828,12009800
V,2022-01-28,214.08961355850192,221.34754230740498,209.6844041183501,221.23110961914062,26425300
V,2022-01-31,218.8538404687138,219.6592010799513,215.4577489977475,219.45542907714844,12380600
V,2022-02-01,220.16373072107524,227.64484084743316,219.6979852254919,225.46163940429688,12247200
V,2022-02-02,224.43312152723746,228.84804316317,223.18141101831526,228.43080139160156,10590500
V,2022-02-03,226.1214835061839,226.558135715167,223.70541629912097,224.666015625,9968000
V,2022-02-04,221.71623195363745,223.3851693261099,218.27162232536762,221.6094970703125,10848100
V,2022-02-07,221.2311045533338,223.0941015518257,219.30017861772026,220.41604614257812,5984500
V,2022-02-08,219.5427504979666,221.7162543388541,218.07758495692542,221.17288208007812,7542000
V,2022-02-09,223.29790876035062,226.22824038562285,223.28819616449687,224.01593017578125,7772800
V,2022-02-10,221.62016369565455,223.48619145855807,218.54898651447428,219.24874877929688,6794600
V,2022-02-11,220.8621064116658,222.66010968953995,217.25638629009867,218.3740692138672,7535200
V,2022-02-14,217.01341987953649,220.87182629153676,216.5469165990812,219.00579833984375,8280800
V,2022-02-15,220.88156442143125,222.84477261022087,218.58790218246259,221.41610717773438,9461700
V,2022-02-16,221.10506751557153,223.41817142898537,219.25848167486228,222.38796997070312,9561300
V,2022-02-17,221.97978415151627,222.3782628154764,217.8686914910387,218.29632568359375,8131200
V,2022-02-18,218.28659687635846,219.3945513752234,215.60416979393833,216.43028259277344,8121200
V,2022-02-22,214.8072305593619,218.03389912903066,213.7381451366537,215.0988006591797,9928800
V,2022-02-23,216.57607027485824,217.97559493412578,209.36464471712242,209.87974548339844,8669900
V,2022-02-24,197.6533466827462,211.7360439730959,195.78731888696387,211.19178771972656,13463400
V,2022-02-25,211.18207622262696,214.47678436207022,208.22753568369387,213.10643005371094,8463600
V,2022-02-28,209.92831503765981,212.5038185263128,207.2459030175984,210.04493713378906,8409400
V,2022-03-01,208.45102695097336,209.10219167101252,201.45341977174004,203.09591674804688,9317800
V,2022-03-02,201.0841468842995,204.62182785829236,200.39411290531856,202.61973571777344,8865700
V,2022-03-03,204.63154498507822,205.55483798166927,200.7536966035496,201.4048614501953,8610000
V,2022-03-04,199.23752219320053,200.56900723010406,191.32633531979704,194.659912109375,10912300
V,2022-03-07,194.22257029213114,194.55300946269324,184.70776998178454,185.33949279785156,13412400
V,2022-03-08,184.66891074125198,190.89873247879532,181.42279999218903,186.32113647460938,11070900
V,2022-03-09,190.976493817998,194.86405603312264,189.751917058988,194.1448516845703,8457600
V,2022-03-10,191.36523665558772,194.31979212875765,190.78211124395034,192.40516662597656,7061600
V,2022-03-11,195.10700331153953,195.19446989084142,190.93759990290195,191.18057250976562,5432100
V,2022-03-14,192.84244718862917,198.68350181509703,192.58976108129863,194.69876098632812,7994700
V,2022-03-15,196.40936027427293,200.60793462384797,195.73875341317083,200.34552001953125,8277700
V,2022-03-16,204.09698315721184,207.66381913089864,201.18131196925165,205.91441345214844,9232300
V,2022-03-17,204.02895369341653,207.5374787877805,202.85297456146446,207.45001220703125,6668500
V,2022-03-18,205.7492008380612,213.0966901079767,204.37883177410382,212.95091247558594,14620800
V,2022-03-21,210.2588122254659,211.9304652707334,208.51913454863902,210.9391326904297,6101500
V,2022-03-22,211.7166226972345,213.39800393764904,211.0751714088638,212.32891845703125,6259900
V,2022-03-23,209.24801367271462,211.18206614772072,208.17892826200438,208.6454315185547,6008000
V,2022-03-24,208.94674457179673,211.54169043513602,207.98456763510464,211.20152282714844,5487000
V,2022-03-25,212.28031023796788,212.77596902854737,209.6270534627249,212.29002380371094,5051400
V,2022-03-28,212.35805932839904,214.76834344667324,211.3958824622536,214.5642547607422,4316800
V,2022-03-29,218.51984215662415,222.37824837544443,217.4896406668402,221.7076416015625,8032500
V,2022-03-30,219.491733791792,219.80274585147055,216.4691539249455,217.6548614501953,7084000
V,2022-03-31,217.61597762370025,219.56947194047692,214.2435168329878,215.5361328125,10759500
V,2022-04-01,216.80931669730225,220.25953065466024,215.983203908262,219.9971160888672,6559600
V,2022-04-04,219.41397938999552,222.79616878320104,218.63647890545604,221.3383331298828,8521200
V,2022-04-05,220.45389966427584,222.55318647271042,218.9766221142807,219.7346954345703,4658000
V,2022-04-06,216.51772947678216,216.60519604850347,212.47466208980666,212.85369873046875,7430000
V,2022-04-07,212.17341425196634,212.53300899406767,207.67355645811546,210.07412719726562,6995100
V,2022-04-08,208.77175239784296,213.24245369753353,207.09038633581602,210.88075256347656,5438600
V,2022-04-11,209.19943096973566,211.1918094687552,207.41115600168402,208.71348571777344,6942700
V,2022-04-12,210.41432023680719,210.89055198164053,204.77735164786017,205.45767211914062,7446600
V,2022-04-13,204.51492028919162,207.83879900375646,201.34656245088672,207.2751007080078,8052900
V,2022-04-14,208.24697178220336,209.87974062698697,206.5558770530734,206.80856323242188,8191600
V,2022-04-18,205.72006642864176,209.76313458716973,205.574288781287,207.1779022216797,4744400
V,2022-04-19,207.1098432104365,210.42397809233796,206.46839200882843,209.63674926757812,5028800
V,2022-04-20,212.51356930196405,214.61285623259772,211.2792642784149,211.6680145263672,7178300
V,2022-04-21,213.3396901192163,217.62573102050987,209.29663668623812,210.36570739746094,8850300
V,2022-04-22,210.1615829642975,210.47258017710902,202.10460333828001,202.31842041015625,6201100
V,2022-04-25,200.54960409051552,204.61209913017473,199.55827166036255,204.04840087890625,6839400
V,2022-04-26,201.16187979434335,202.69746847428445,195.44717407226562,195.44717407226562,8155300
V,2022-04-27,211.25986512749313,215.56534840390623,207.06130524528632,208.0915069580078,15955800
V,2022-04-28,214.20466591557872,218.60732881026559,213.1064397059369,214.45736694335938,10799100
V,2022-04-29,212.47467642143192,214.982155455663,206.3809342359024,207.13900756835938,7965000
V,2022-05-02,205.81724342024793,206.1768381388678,201.14245275870462,205.583984375,8803700
V,2022-05-03,207.6055292133748,207.6055292133748,200.47185653982035,202.69747924804688,6616900
V,2022-05-04,203.46527258767546,208.7620725988863,199.55826880810332,208.4899444580078,7191100
V,2022-05-05,206.30318312812622,208.54824762034906,197.3617942508017,199.47079467773438,7749600
V,2022-05-06,198.0226558251678,199.93728097217368,194.59188412781333,197.11880493164062,8825300
V,2022-05-09,194.42667454259754,195.10699484632423,186.68070698547214,187.57484436035156,10314100
V,2022-05-10,191.1805715732784,192.19133108773693,185.60191520826135,188.1385498046875,11016500
V,2022-05-11,188.0511053351706,192.7453384082728,186.0198428422207,191.1903076171875,9427300
V,2022-05-12,189.42293551974115,190.91276671253752,184.96317405894737,188.8776397705078,9308600
V,2022-05-13,191.82809135238,195.27514797917743,191.34121802407446,193.99954223632812,6684500
V,2022-05-16,192.13971016369752,194.69092181867967,190.73751250782476,192.61683654785156,5161300
V,2022-05-17,197.52451491694185,199.42331792261936,194.895387061794,198.64431762695312,7265600
V,2022-05-18,197.49529824641087,200.0659887503092,193.90217081135188,194.73959350585938,8748200
V,2022-05-19,191.19517405513744,195.15831547181054,188.2349757113237,192.18838500976562,9012400
V,2022-05-20,194.42800688024906,196.36576821277163,188.92634382494342,193.8048095703125,6966600
V,2022-05-23,195.60624928987954,202.5003779710591,195.49913655447804,202.11087036132812,12187400
V,2022-05-24,198.55666663763446,199.29670868182134,193.80477862182016,197.31027221679688,7458500
V,2022-05-25,195.32384858965892,199.56938483082124,195.20700373932277,198.488525390625,5457200
V,2022-05-26,199.72516888475735,204.23362046881098,199.29671799665797,203.07485961914062,9212300
V,2022-05-27,204.48681857982595,207.63201643863974,204.13626915364696,207.2912139892578,4897200
V,2022-05-31,204.85682304859944,208.72259840127768,203.62016065447403,206.59982299804688,9586400
V,2022-06-01,206.48300868280086,208.48892468212222,203.33781072827847,204.4186553955078,5246100
V,2022-06-02,206.3271775933453,209.59896693990578,205.5384451821718,209.4042205810547,5337200
V,2022-06-03,207.35931136588326,208.58624144833726,205.72342440020088,207.0671844482422,4352500
V,2022-06-06,209.79372350134923,211.86780872655646,206.5219339956766,207.34962463378906,3965100
V,2022-06-07,205.57739899478557,209.3263297411863,205.1879062572199,208.86866760253906,4493300
V,2022-06-08,208.14806622599167,209.91056003897893,207.24248902706444,207.8948974609375,3646300
V,2022-06-09,207.00878742134614,208.09939372373177,200.61127994563782,200.69891357421875,5138600
V,2022-06-10,196.35601891147027,198.07955475534013,193.95086333952065,194.27220153808594,5162500
V,2022-06-13,187.92341611221545,190.7472761268276,186.06355600156766,187.2125701904297,7119200
V,2022-06-14,187.66045284470172,189.23791764011472,186.71591741929663,188.439453125,6441200
V,2022-06-15,190.834880215642,193.61006434277292,187.18332997373076,191.01016235351562,6490000
V,2022-06-16,186.38484994051322,186.8327650791598,182.60670818190346,184.08680725097656,9887200
V,2022-06-17,182.0224497933656,186.28746477284633,181.02923893205192,185.02159118652344,15089300
V,2022-06-21,190.57197387426797,191.56518481390944,188.64394470349103,189.28662109375,6241600
V,2022-06-22,186.22906167819278,191.23411926439258,186.01483620943668,188.73159790039062,5138500
V,2022-06-23,190.99066574156623,192.27601844076477,188.37128489763148,191.4775390625,4752800
V,2022-06-24,192.53893669067946,200.24127688806917,192.3247112215038,200.11468505859375,7754800
V,2022-06-27,200.34837363389758,201.6531905815125,197.29080974117588,198.2158660888672,6121200
V,2022-06-28,198.6443682343612,201.36111555642964,192.3150133641487,192.91873168945312,4354200
V,2022-06-29,192.13969066694267,195.3725217271008,192.13969066694267,194.262451171875,4324600
V,2022-06-30,190.24089385235501,193.6295431700661,187.78706279108334,191.7209930419922,7045200
V,2022-07-01,191.6235975313538,194.55458446957132,189.5982175659461,193.9508514404297,4131800
V,2022-07-05,191.0783008038187,195.30437255338887,189.04317387304695,195.275146484375,4110200
V,2022-07-06,194.74932855863923,197.19342728310008,193.4542437407409,195.8399200439453,4111200
V,2022-07-07,197.22266167078982,198.08929569039242,194.78829477772678,197.47584533691406,4650700
V,2022-07-08,197.00844828444528,198.7417162992864,195.19727874713766,198.2256317138672,3621800
V,2022-07-11,196.69683585126424,201.31240061573445,196.69683585126424,199.67649841308594,5353600
V,2022-07-12,197.91399029462974,202.6561313345212,197.4368491265196,199.44277954101562,6779500
V,2022-07-13,195.16802101016307,200.173092723764,194.26244381753312,198.7903594970703,7597300
V,2022-07-14,194.7493048658722,200.66968551677786,192.7823327264329,200.504150390625,5605500
V,2022-07-15,203.87331788893786,206.15189619165338,201.74081048899038,204.52572631835938,7245700
V,2022-07-18,205.94743221783375,207.32041866525296,201.2150225427557,201.7700653076172,4648900
V,2022-07-19,202.75352100258485,208.48888796038486,202.44191495440703,208.0507049560547,4927100
V,2022-07-20,206.43426727775244,208.50835217058938,205.66501404578466,207.76829528808594,4460300
V,2022-07-21,207.5541142967402,211.2056646176413,207.14514244378285,210.51431274414062,4801300
V,2022-07-22,212.20862046385403,212.3449592716741,206.55115426716677,208.0896759033203,5071500
V,2022-07-25,208.94654290035214,209.16076833658812,206.06424648620944,208.64468383789062,4357200
V,2022-07-26,208.23573407128848,209.50159287244054,206.19086009402008,206.91143798828125,6141000
V,2022-07-27,205.23658497358716,211.15696637105466,195.91782242872392,204.9444580078125,17432200
V,2022-07-28,205.10997921512185,207.13537388646276,202.46138732630635,205.8013458251953,7477100
V,2022-07-29,206.4342996225912,208.53759605263733,204.32127107453206,206.54141235351562,6059700
V,2022-08-01,202.97747477493783,208.37203923232676,202.1108408996352,205.8110809326172,8028400
V,2022-08-02,202.34454880515557,203.35723874332905,198.5761393157524,200.844970703125,9939400
V,2022-08-03,202.52955703345114,204.80812047042582,201.4486977326,203.00668334960938,9520100
V,2022-08-04,205.0028746988553,209.23867843869726,203.07486055174803,207.86569213867188,6789700
V,2022-08-05,205.17817601725642,210.28059927377157,204.9736826703355,210.20269775390625,5553700
V,2022-08-08,209.57949514729452,210.9427494231308,206.48298781656908,207.7196502685547,4063400
V,2022-08-09,206.4342995757714,207.84622931349492,204.2433695095191,204.73997497558594,4596800
V,2022-08-10,209.19000152831057,209.1997336461827,205.7624090465359,206.53167724609375,5746400
V,2022-08-11,208.05827970693855,208.26313524160727,205.42451001333814,205.90249633789062,6639600
V,2022-08-12,207.77536691528056,207.9899717713998,204.94650637117672,206.14633178710938,6443700
V,2022-08-15,205.20990648963286,211.42366921213502,205.20990648963286,211.11151123046875,5290600
V,2022-08-16,209.28739069244585,212.27233077845855,206.92675170360891,211.81385803222656,6564400
V,2022-08-17,209.72633975501293,210.87738880073073,207.53152922269302,209.25811767578125,4902500
V,2022-08-18,208.6240595743908,210.70181837979095,207.21937840367028,209.97021484375,4516400
V,2022-08-19,208.85817450943395,209.95069767494905,207.18036257124334,207.59982299804688,4178800
V,2022-08-22,204.79049721876177,206.06836255295244,203.09317138297735,203.4931182861328,5139500
V,2022-08-23,202.8980560170208,204.16617184402972,201.4641118342164,201.7274932861328,3525500
V,2022-08-24,201.56168043828112,203.23949260596427,200.63497060737006,201.60069274902344,4230800
V,2022-08-25,202.30302797961357,204.76122025667982,201.43485896492734,204.67343139648438,4495000
V,2022-08-26,204.62462331049807,205.10259473202015,197.72803392185662,197.9133758544922,5060200
V,2022-08-29,196.31360040902274,198.95713419849795,195.6990487229597,197.3671112060547,4476200
V,2022-08-30,198.91812042358697,199.39610675436694,195.29912996822077,196.4404296875,3918200
V,2022-08-31,196.0697451265521,198.1865162106824,193.76763210083004,193.83592224121094,6559000
V,2022-09-01,193.8456815804003,195.51372937161452,191.83621283872057,195.22109985351562,5608300
V,2022-09-02,197.47440827596984,197.51342057797956,192.0215273938463,192.90919494628906,4508100
V,2022-09-06,193.04576976058513,195.13327780607784,191.5825627693189,193.7676239013672,4547800
V,2022-09-07,193.83593473116127,196.20632316549,192.38247693958712,195.5039825439453,4098300
V,2022-09-08,192.55804249647906,196.17704782859514,192.12884759664163,195.786865234375,4377600
V,2022-09-09,197.1135023331019,201.33728016938989,196.4111617721438,200.16671752929688,4885600
V,2022-09-12,201.43482947197782,202.10790707062148,199.9228459348743,201.5616455078125,3812300
V,2022-09-13,197.0939960408668,198.47916361949066,193.99198930095318,194.77236938476562,5217900
V,2022-09-14,195.09424699051937,195.9526664403208,193.20183041318975,194.5187225341797,4632800
V,2022-09-15,193.23111837634983,195.3966659890703,189.7584427118465,190.5778350830078,6099300
V,2022-09-16,185.55418559034274,189.065888862193,183.60324263587336,188.5586395263672,9398200
V,2022-09-19,186.89057262969507,189.23171305413828,186.03216787012775,188.39280700683594,8133600
V,2022-09-20,186.41257155459877,188.2952240207585,185.62242729788574,187.35877990722656,5292500
V,2022-09-21,187.807504947797,188.35376654299347,182.41314936846385,182.4326629638672,6705900
V,2022-09-22,181.7790950716571,182.6180010420918,180.13054608101706,181.23281860351562,6604700
V,2022-09-23,178.96972183117543,180.0524955769939,177.7601320524424,179.4477081298828,10755800
V,2022-09-26,178.55027173551025,179.9744664746848,175.48729225105055,176.16036987304688,9914600
V,2022-09-27,178.03328209445314,180.3158965113878,172.6779535671945,173.50709533691406,9799600
V,2022-09-28,172.91200930255047,175.68235865853836,170.5416215716425,174.784912109375,9751000
V,2022-09-29,174.44354597086988,177.76990689745526,174.34599288057535,175.64337158203125,9105200
V,2022-09-30,175.64337000938832,178.43321868339814,173.24371880855114,173.29248046875,9472300
V,2022-10-03,174.94102999671824,178.86242902859132,173.78021669768154,177.19436645507812,8842300
V,2022-10-04,180.51099376425944,181.64254421205368,178.5795644719989,181.0962677001953,7081400
V,2022-10-05,178.8429036730283,184.18849708707413,177.88694597148432,183.0666961669922,6119900
V,2022-10-06,182.07171695006673,183.43738573646814,180.70606304817647,181.0377197265625,5163000
V,2022-10-07,178.9502237011514,180.08177408698864,177.4675030191754,179.32090759277344,5610300
V,2022-10-10,179.61354580062803,180.2475962291317,176.462762599386,177.71136474609375,4743800
V,2022-10-11,175.94575141966652,177.18460412285114,173.81923115680073,174.7459259033203,6294500
V,2022-10-12,174.69715315655293,176.16036012005313,173.8484978807663,173.86801147460938,4884300
V,2022-10-13,170.70746788225762,180.8230999302945,170.31728533804502,180.13052368164062,8426400
V,2022-10-14,182.2082774979188,182.5399490520016,177.60406665768764,178.14056396484375,6449400
V,2022-10-17,181.43767346833883,183.9446420151283,178.36494462953456,180.70606994628906,13952100
V,2022-10-18,184.84208027657667,185.5249072772071,181.18406253979336,182.5789794921875,5209200
V,2022-10-19,180.94016893712492,183.03742618723592,180.2280642022041,181.8376007080078,4927000
V,2022-10-20,181.88640891437126,186.29552904966536,181.85713107779557,182.6277618408203,5706700
V,2022-10-21,181.24258868165222,186.2662604263374,180.5109851333284,185.7004852294922,7582500
V,2022-10-24,186.71500787564423,188.39282008673752,184.46167103799945,186.0321807861328,7299200
V,2022-10-25,186.18820769317708,190.4412632804846,186.04189294771803,189.61212158203125,11907200
V,2022-10-26,191.75818825885344,201.3080476450008,191.68014875311763,198.34262084960938,15450000
V,2022-10-27,198.33285913699632,201.25927343946182,196.6452828390586,199.279052734375,7946700
V,2022-10-28,199.97165745847494,206.33173580481812,198.32310824229506,204.2052001953125,8455600
V,2022-10-31,203.79545258856297,204.47827948942418,201.14216958706507,202.07862854003906,8674100
V,2022-11-01,203.7857379519516,204.81973527576898,200.29354848173938,201.8542938232422,5919500
V,2022-11-02,200.7129804065947,201.92257024377386,195.66004593829678,196.02096557617188,6985600
V,2022-11-03,193.41643471966123,193.97246046655061,189.4169967140481,189.9730224609375,8236200
V,2022-11-04,192.16787480263233,196.50871975908865,190.54858863048943,192.1483612060547,9680100
V,2022-11-07,193.45548046822233,195.52347491577856,192.33367951289782,195.1918182373047,7821300
V,2022-11-08,196.713545131347,199.11319618427495,194.8406420290949,196.83059692382812,6943700
V,2022-11-09,196.21468364671338,196.83060896139497,189.0093957424505,189.59597778320312,7320200
V,2022-11-10,198.55127371772537,201.16160188172847,195.54989085354805,200.97586059570312,8048900
V,2022-11-11,201.39623070693597,201.81661373671236,197.63226605913624,200.4185791015625,9601000
V,2022-11-14,198.95211974055485,204.4954030557231,198.66860731310203,202.23703002929688,5796100
V,2022-11-15,205.29708862304688,208.95349648299526,202.8725016335346,205.29708862304688,7316100
V,2022-11-16,203.91860648155435,206.1769796668503,203.56665125022369,205.44374084472656,6125300
V,2022-11-17,203.31245108338436,206.5582469220459,202.68675460136643,206.2747344970703,5385600
V,2022-11-18,208.40601910210145,209.38367083964536,205.05268080286103,206.0889892578125,8028500
V,2022-11-21,205.6001404916284,205.84455339879443,201.28869322895227,201.70909118652344,10450900
V,2022-11-22,202.9018294574084,205.77612787346428,200.76078474209572,205.62948608398438,5273100
V,2022-11-23,205.30685098959444,208.07360700973072,205.22863706575043,206.99818420410156,3807300
V,2022-11-25,206.97864363038457,209.2174594126119,206.6657879324104,209.01214599609375,1993500
V,2022-11-28,207.51633267469583,209.6769493726926,205.94231293046457,206.53868103027344,10229400
V,2022-11-29,204.67139050772406,205.45349993787693,202.7160870967796,204.3878631591797,8986900
V,2022-11-30,203.56666960207582,212.15045166015625,203.36135614954776,212.15045166015625,13918100
V,2022-12-01,212.15045166015625,213.76357124714087,210.48844649706655,212.15045166015625,11261500
V,2022-12-02,210.9088242914088,213.59736681348764,209.45213261773628,212.7957000732422,5132800
V,2022-12-05,210.8306232358732,212.06247415953945,208.28873728309924,208.90464782714844,9006300
V,2022-12-06,207.26213523645393,207.3892347157128,202.9995737452572,204.4073944091797,5986000
V,2022-12-07,204.1336825773249,204.34876714962974,200.54570254701264,203.16580200195312,7923800
V,2022-12-08,204.82776670781172,205.60011977057292,203.1071053851775,204.42694091796875,4896500
V,2022-12-09,203.26356566237342,205.8152371601202,202.88228210145869,204.03590393066406,4928400
V,2022-12-12,205.3068780811427,210.0191669195408,204.78872382036053,209.79429626464844,5941700
V,2022-12-13,214.63365157124758,215.06382071394313,207.86830347391347,208.27891540527344,14585000
V,2022-12-14,208.0931453848858,211.4464831536586,206.9004092603397,208.55264282226562,7001700
V,2022-12-15,204.91576802952488,207.08615563410441,202.19789795131783,203.26353454589844,10831800
V,2022-12-16,202.85295440262337,203.7426061024578,200.71189481600703,202.266357421875,12472900
V,2022-12-19,202.012177209622,202.83340106412285,199.39206287478154,200.2426300048828,4893600
V,2022-12-20,199.32366354835256,201.9144349784967,199.0010366483714,200.7705841064453,5024900
V,2022-12-21,201.953514014115,203.31244924800103,200.98563348379216,202.18814086914062,4086900
V,2022-12-22,201.1518618051953,202.0317424753831,197.61276699329744,200.47727966308594,5690300
V,2022-12-23,199.56802154479084,201.63086697267343,198.97165348503958,201.2300262451172,3246000
V,2022-12-27,201.31802220512478,202.25657433535943,200.02752980855462,201.67974853515625,2904900
V,2022-12-28,202.06103220422239,203.8696936910983,200.22305727957976,200.4088134765625,3139200
V,2022-12-29,201.3473564267151,203.86969950006554,200.9074161631985,203.4102020263672,3675500
V,2022-12-30,201.69932085323293,203.3906541257493,201.1029527165263,203.11691284179688,4159400
V,2023-01-03,204.6029491275536,207.58478983319975,201.55268055930242,202.75518798828125,4202800
V,2023-01-04,204.9353216230826,208.43531610714058,204.9353216230826,207.85850524902344,6606200
V,2023-01-05,209.02194489231803,209.37390011525545,205.75659166259842,206.39205932617188,5246000
V,2023-01-06,209.21745796072224,213.26493528904552,208.32779135828545,212.88365173339844,6829700
V,2023-01-09,214.17417341362307,217.24399927436696,213.47026296880955,213.7146759033203,6294500
V,2023-01-10,214.09595765233192,217.41996756612056,213.3040472203572,216.14901733398438,10857000
V,2023-01-11,216.34454890321243,217.21465836283295,214.7900862030671,217.13645935058594,5408200
V,2023-01-12,217.13644720692145,218.80822324972266,215.67974081244412,218.62246704101562,4264400
V,2023-01-13,216.9507034029576,218.75935018962335,215.2202556286367,218.0749969482422,4283200
V,2023-01-17,217.4101571973597,219.38500259423236,217.4003711344482,218.01629638671875,6101100
V,2023-01-18,219.07219655752203,219.96186319222687,214.53589322831093,214.55545043945312,6558000
V,2023-01-19,213.22583419306773,216.5694010986368,212.6392372267094,215.4842071533203,4853100
V,2023-01-20,216.19791894142307,219.41438680683117,215.48423730279745,219.2970733642578,5211000
V,2023-01-23,219.5805792369367,221.14481301659623,218.16297232835183,219.16995239257812,5501500
V,2023-01-24,217.05824013991852,224.8598967276648,211.78869793940322,218.88644409179688,5274900
V,2023-01-25,216.6671592924241,219.94229836855848,216.2272190225295,219.8738555908203,4729600
V,2023-01-26,220.94928977132867,222.0051554240865,218.671359462756,219.68812561035156,7043400
V,2023-01-27,222.9045761334714,227.63640653779186,222.17133739619027,226.2677001953125,11382600
V,2023-01-30,225.05541890829647,225.27050347624635,222.83614536687594,223.98001098632812,5677400
V,2023-01-31,223.69646433098723,225.64199642123623,223.3445091517909,225.065185546875,11294200
V,2023-02-01,224.24397067029844,227.4604531891892,222.709065224218,225.73977661132812,5792700
V,2023-02-02,228.73137882324326,229.0637767926778,223.26629494798846,224.42970275878906,7190000
V,2023-02-03,223.57916345714156,225.7006657971515,222.5526262170643,224.9869842529297,5243600
V,2023-02-06,223.588925609249,225.11405977074165,222.94367195083902,224.31239318847656,3402400
V,2023-02-07,222.92412210131866,226.94227077569425,222.8556793287561,226.15037536621094,4042600
V,2023-02-08,225.19230583218473,226.6783407042533,224.8501366622742,225.05543518066406,4978600
V,2023-02-09,227.66109159047267,227.72965348439854,224.44811413363402,224.6636199951172,5238400
V,2023-02-10,224.28155701742148,225.21214222211105,221.53876777175824,222.55751037597656,4509700
V,2023-02-13,222.24406815421355,225.13378654591799,221.64653194871536,224.2032012939453,4946700
V,2023-02-14,223.99746971345346,226.69127758787732,222.52811996376772,224.7027587890625,4829400
V,2023-02-15,222.9395301431298,224.38929928592108,222.16567920565186,224.2423553466797,4407300
V,2023-02-16,221.4506317639604,223.69383273498548,221.0587961498728,221.2155303955078,3865900
V,2023-02-17,219.59920876556535,220.1771643549419,217.20907908313742,218.99188232421875,4520200
V,2023-02-21,215.6614072022482,217.89481807154132,215.49488265770458,216.11199951171875,7276100
V,2023-02-22,215.90624601796114,217.2188614808931,214.9658556441156,215.5242156982422,4621800
V,2023-02-23,217.03276345076412,217.55193252895438,214.45649862906566,216.61155700683594,5533800
V,2023-02-24,214.0156841877684,215.73973078944044,213.01653712216142,215.06382751464844,4414400
V,2023-02-27,216.2197288016196,216.915227655836,214.85813184206916,215.84750366210938,4255300
V,2023-02-28,215.50464867876954,217.2384857192087,215.01486538631778,215.4458770751953,5385400
V,2023-03-01,214.97567674226008,215.76912323816447,212.00757641213778,213.8981475830078,4792700
V,2023-03-02,213.43772561614324,215.1127907628619,212.6540694945614,214.5838165283203,5539300
V,2023-03-03,215.70052670066303,219.44247766911852,215.40665377980565,219.1975860595703,6055400
V,2023-03-06,219.3542995030777,222.7729916624764,219.1192131302347,222.11668395996094,5737600
V,2023-03-07,222.116682286465,222.7338139045227,218.52167537451996,218.60983276367188,4386800
V,2023-03-08,217.42460621391376,218.37477205200577,216.66053052486052,217.64990234375,4194900
V,2023-03-09,216.8760317433745,219.7853456402856,215.17159548453745,215.51443481445312,5066700
V,2023-03-10,214.55445743667727,214.64261483774115,211.07699324038728,211.7235107421875,6638900
V,2023-03-13,210.24435018476296,213.3985553230916,208.15786888070767,210.08761596679688,6810800
V,2023-03-14,213.5454991178709,215.37728370799837,211.62554218215004,214.1920166015625,7985600
V,2023-03-15,210.02886472108324,212.47778106283275,209.3039801030057,211.9488067626953,8372200
V,2023-03-16,210.77333383523657,213.1340928199491,204.4943086307187,213.00674438476562,13674600
V,2023-03-17,210.4794707684688,214.19203655648428,210.4794707684688,212.94798278808594,18801200
V,2023-03-20,212.5659482573504,216.04341261225082,212.40921401697747,213.69244384765625,9817400
V,2023-03-21,216.81725872261688,217.96334980375138,214.21160808670444,217.414794921875,8971400
V,2023-03-22,217.95356360069988,220.30451740905357,215.42628003586975,215.5438232421875,6700600
V,2023-03-23,215.93564028760971,220.64735273132945,215.7593105462842,218.0417022705078,6427700
V,2023-03-24,216.1609568696337,216.80747440406446,213.79040752372086,216.5233917236328,4791500
V,2023-03-27,218.0417249333996,219.5012845418043,216.86624800804685,217.2776641845703,7210900
V,2023-03-28,218.26702216748146,218.76659571864323,214.18221656945622,215.82789611816406,6418400
V,2023-03-29,217.74785654508216,218.98212004761217,216.4058550638872,218.7372283935547,4483000
V,2023-03-30,219.34454295528414,219.6580114299496,216.68992594033423,217.81642150878906,5383900
V,2023-03-31,219.03107880374708,221.22529823197857,218.7274006285197,220.8530731201172,9509000
V,2023-04-03,220.62776967079083,224.47747398123113,219.54045020339922,224.32073974609375,6421500
V,2023-04-04,224.32074857475834,225.34929648120416,222.19509087317027,223.0081329345703,5254700
V,2023-04-05,222.14610873453054,223.8015786530908,221.92081260535957,223.50770568847656,4813600
V,2023-04-06,221.53877794038837,222.0971231100306,220.08900866226548,221.37225341796875,4285200
V,2023-04-10,220.9510502338165,221.85224975430705,219.73639715911224,221.8032684326172,4952200
V,2023-04-11,222.3616290308802,224.45790105910626,221.57797272330953,223.78199768066406,4513300
V,2023-04-12,225.23172077665427,226.85780477274977,222.684856815383,223.15504455566406,4373000
V,2023-04-13,224.77136770865175,228.08229278667707,224.12485013920866,227.93536376953125,7615500
V,2023-04-14,228.22923725198018,230.18837053556368,227.49456227063638,229.23818969726562,9781300
V,2023-04-17,229.23814172666303,229.26752752400742,226.22107530765868,228.70916748046875,4865000
V,2023-04-18,228.9737112496334,229.5418617171764,226.95580628211943,228.8267822265625,4796200
V,2023-04-19,229.21853705634567,229.27730864868673,227.1124752801396,227.81776428222656,3833900
V,2023-04-20,227.7100483568822,229.8748820769619,226.76965788573028,229.8063201904297,4925700
V,2023-04-21,230.19814813522999,230.75650826484136,228.61125504601858,229.26756286621094,6771500
V,2023-04-24,229.4438702834359,230.34506972153872,226.77944805469733,228.00390625,9124100
V,2023-04-25,228.25860269470462,230.21773580353258,224.7419474046389,224.898681640625,6076500
V,2023-04-26,226.4953900343919,228.01372125102088,222.08734034243687,223.4881134033203,8400400
V,2023-04-27,223.9975020766928,224.93789262903903,221.97959718709652,224.33055114746094,7128200
V,2023-04-28,223.9778995164949,228.79738039361132,223.3999588035684,227.9745330810547,11627900
V,2023-05-01,228.11167779003887,229.79653360007165,226.77946656691992,227.759033203125,4571100
V,2023-05-02,227.21047302190482,227.62188920595284,221.58777022624804,222.34202575683594,5244000
V,2023-05-03,222.34200855435606,223.99747839468102,221.30367041585615,221.36244201660156,4093300
V,2023-05-04,220.24572376657457,221.44079606788372,218.91351275595116,220.99020385742188,5648700
V,2023-05-05,223.67420375292352,227.5924696255731,222.64565597195335,227.04391479492188,6237500
V,2023-05-08,226.52478534832952,228.67982896548645,226.52478534832952,227.48475646972656,2938400
V,2023-05-09,226.3582350055863,229.3067248729268,226.10355308931403,228.49368286132812,4352100
V,2023-05-10,229.5124427124997,230.01201626567638,224.22277444210326,226.5443572998047,5245000
V,2023-05-11,226.47565651402218,227.23139745930578,224.04159948023505,226.7308349609375,3818000
V,2023-05-12,227.7025046624443,228.41897817776126,225.5628934882151,227.093994140625,3432700
V,2023-05-15,226.9075107272021,228.51713127813215,226.2793664872328,228.49749755859375,2843200
V,2023-05-16,228.2521179829311,228.78212355311197,225.37639971262521,226.20083618164062,4289700
V,2023-05-17,228.41897400232,229.55749009909403,226.27936286720234,228.3404541015625,4990100
V,2023-05-18,228.09507418677103,229.81265762184051,226.848610133855,229.27285766601562,6621900
V,2023-05-19,229.66547182758322,229.9991702009221,227.64363289058278,228.98825073242188,5399400
V,2023-05-22,228.98821462143178,229.53783890876022,226.89766547928593,226.99581909179688,3987800
V,2023-05-23,225.02306312391954,225.23898909614044,219.51698078456488,220.41993713378906,8537200
V,2023-05-24,218.4275330157366,218.96734792519155,215.95420877904925,218.13308715820312,6730800
V,2023-05-25,218.32940672503977,220.52791909677575,216.40572150389355,219.2421875,6827600
V,2023-05-26,219.6740357469846,222.01976353796076,219.2029163335318,220.84197998046875,5067300
V,2023-05-30,220.841978938934,221.29346463066196,215.67941894401662,217.53440856933594,6916000
V,2023-05-31,215.8855276381805,217.42643759948064,212.13628108608586,216.93569946289062,20460600
V,2023-06-01,218.60421247367088,222.51049893706724,218.30976658794725,222.30438232421875,7003600
V,2023-06-02,224.57157463596155,226.00453652665982,223.20732327016867,224.55194091796875,5897100
V,2023-06-05,223.68827941708395,224.10049768859514,221.1364349064254,222.56939697265625,4858900
V,2023-06-06,222.49085049053184,225.0034272602658,221.97066928317938,223.9925079345703,6020100
V,2023-06-07,222.79511775657127,223.3349327111213,216.92589373762476,221.09716796875,8517200
V,2023-06-08,220.92049422396937,220.96957103363113,218.29014495886278,218.9182891845703,6248200
V,2023-06-09,219.4973584018518,221.00882530931588,218.6336544683639,219.41883850097656,6385000
V,2023-06-12,220.2530911819632,222.2552961635991,219.4875408969725,221.98048400878906,8621100
V,2023-06-13,221.4406735844553,222.9423310953285,218.50606909088177,219.2617950439453,6868700
V,2023-06-14,219.59551705799197,221.29346689695657,218.45700093340085,219.3010711669922,9160700
V,2023-06-15,217.90736351874517,222.903074089711,217.26939496382676,221.98048400878906,12534000
V,2023-06-16,222.25530053208465,225.54325205937639,221.89215910097786,224.66973876953125,13628900
V,2023-06-20,222.79512938269923,225.3175307673415,221.99031159461958,222.2749481201172,12312300
V,2023-06-21,221.93142377676153,224.39493895899935,220.81254135542503,223.04049682617188,7032100
V,2023-06-22,222.1669520568014,224.6893380898776,221.3228819302171,224.1593475341797,6275500
V,2023-06-23,223.0110556644893,225.7199249774501,222.1964285033567,225.2978973388672,5424400
V,2023-06-26,225.18991282378772,225.8376907419899,222.00992438763637,222.1080780029297,5165400
V,2023-06-27,223.26622077791043,224.37529377063333,222.32401193238587,223.12881469726562,4628500
V,2023-06-28,223.28589521919181,223.83551964201013,221.83331424800878,223.7373809814453,5324500
V,2023-06-29,224.55196014865749,230.35248878083715,224.36549222824254,229.9795379638672,7118900
V,2023-06-30,231.89341568479136,233.86617770819387,231.57933607199524,233.08099365234375,6879400
V,2023-07-03,232.60987174461107,233.98393250707718,231.04932809806618,233.56190490722656,3087400
V,2023-07-05,230.06786191216167,235.5543108071036,229.65564366538604,235.01449584960938,7601200
V,2023-07-06,233.85636172536593,235.16172699888506,232.30562737733885,234.45506286621094,6441800
V,2023-07-07,232.34488052554386,234.02321158963358,231.75600373067053,232.070068359375,5729500
V,2023-07-10,232.6197062882132,234.6710032589178,232.11915873689316,233.7484130859375,4858900
V,2023-07-11,234.38637243211247,236.24136219538613,233.70915133222599,236.09414672851562,3856500
V,2023-07-12,237.07562591648525,239.4311632711375,236.76154628192296,237.72340393066406,6116000
V,2023-07-13,239.27411348928618,239.74523292150988,238.6459692224619,238.80300903320312,5819600
V,2023-07-14,240.19665624227858,240.20648058859848,237.47797806417506,238.65574645996094,4941200
V,2023-07-17,238.60667884473074,240.82480965847603,238.49871586401835,239.4703826904297,4328100
V,2023-07-18,238.5968694116523,238.6753743283878,233.27725524646024,236.31002807617188,7674000
V,2023-07-19,236.78114887899855,238.09632347953487,235.6720759074287,236.947998046875,4835500
V,2023-07-20,236.69281726867547,237.13447858823233,234.64153548983765,235.18133544921875,4695000
V,2023-07-21,235.2991355696407,235.8978367168164,234.30783491341694,234.81820678710938,5427400
V,2023-07-24,235.24021648448098,236.81058444872173,233.77782648112233,236.2805938720703,6010000
V,2023-07-25,235.57396585156098,236.33951623289403,234.14100374159796,234.2686004638672,4997500
V,2023-07-26,227.1332302266781,234.4256064955466,223.46250368856914,232.70802307128906,7551400
V,2023-07-27,233.02211592021493,234.23915199972905,228.64473973512693,230.09732055664062,8160100
V,2023-07-28,230.23470070676274,231.5106228280137,229.3808211609425,231.38302612304688,6794800
V,2023-07-31,231.62839003886617,234.00356071585688,231.62839003886617,233.3263397216797,4799600
V,2023-08-01,232.74726706078516,236.27076304861023,232.60986099089092,235.33836364746094,4627300
V,2023-08-02,234.2096869186932,234.36671173990405,232.40375920144427,233.1595001220703,4868200
V,2023-08-03,231.62841102740873,234.62191679227064,230.89230378897417,234.3372802734375,5033800
V,2023-08-04,233.59136709718896,237.42894315091647,233.4343272897407,234.5630340576172,5169700
V,2023-08-07,234.78877219740707,237.6939337888554,234.77896282537816,237.03634643554688,5649800
V,2023-08-08,235.96652538106358,236.88911548021366,232.99265345150334,234.85745239257812,5080600
V,2023-08-09,236.04506927456026,237.48784075054596,235.05378352265583,235.3187713623047,4055000
V,2023-08-10,236.60690645532236,239.88137012303494,236.08574705818475,236.1545867919922,4778000
V,2023-08-11,235.9972490444345,236.7052419919119,234.4435986877092,236.0365753173828,3607100
V,2023-08-14,236.70524247202127,239.2717131607571,236.25290780854283,238.848876953125,4351100
V,2023-08-15,237.9737279265083,238.6227239823835,235.3581030723805,235.83009338378906,3770100
V,2023-08-16,232.58512452030993,237.0494142856399,232.08363575994431,235.29908752441406,3218600
V,2023-08-17,235.99727441264878,236.37094156517898,232.54581967591275,233.4111328125,4177600
V,2023-08-18,231.65098420271235,235.06311253157176,231.37565526012156,234.19778442382812,4344800
V,2023-08-21,235.38761052054855,236.51842474849207,233.7946187767047,235.46627807617188,3573600
V,2023-08-22,235.99725383667482,237.4033969387204,234.6894339211471,236.55775451660156,3848400
V,2023-08-23,237.29522943029696,238.4948682499046,236.70523033502081,238.25888061523438,4947700
V,2023-08-24,238.20970764065999,239.4978568065737,235.3679082198557,235.47607421875,4570700
V,2023-08-25,237.35422816633877,239.35037028122747,236.20374342556306,238.52438354492188,3541500
V,2023-08-28,238.95705079363677,241.1400266236394,238.5539002157528,239.7633819580078,3741500
V,2023-08-29,239.43886041833736,241.7300020331233,239.3405222357474,241.2481689453125,3975600
V,2023-08-30,242.31015507505805,244.08996512443414,241.94633081205626,242.12332153320312,4573300
V,2023-08-31,241.49400890722515,243.88348879869585,241.35634444875816,241.58250427246094,5532600
V,2023-09-01,243.34267469872856,244.7193193734444,242.65435236137063,243.9720001220703,4112900
V,2023-09-05,244.20797719225015,244.54230300617598,241.11050449226656,241.2481689453125,4459600
V,2023-09-06,241.32684084142645,242.5461653077452,240.13702983385684,242.05450439453125,4520300
V,2023-09-07,241.40551074804924,243.27381623480684,241.0220158321653,243.01815795898438,4007900
V,2023-09-08,243.6573256200689,244.00149428484156,242.32985006516293,243.16566467285156,3309100
V,2023-09-11,243.20498301496056,244.21780327036748,242.16266430584662,243.09681701660156,2995800
V,2023-09-12,242.82151011094248,243.62782625914886,241.90701295027648,243.17550659179688,3499600
V,2023-09-13,243.02800383180323,245.88947418831023,242.4970166027831,243.69667053222656,5657000
V,2023-09-14,240.91387099114016,241.4448582273503,234.76810897606006,237.4722442626953,12000000
V,2023-09-15,237.86555189888503,240.028871994022,236.02674482231947,237.04940795898438,13077900
V,2023-09-18,236.92157030516734,241.1400144640877,236.75440739022,240.57952880859375,4771600
V,2023-09-19,240.9138649618455,241.03185878820545,237.43291204551392,239.4978790283203,4709000
V,2023-09-20,239.5667014861635,240.45168512864282,237.63938410357036,237.8262176513672,5756600
V,2023-09-21,236.7543948875967,236.7642227040861,232.32944677076833,232.6637725830078,6881500
V,2023-09-22,232.80143207576845,233.82408012797922,230.96262514332517,231.15928649902344,5935500
V,2023-09-25,231.45430139480712,231.54279676009924,228.33717293701247,229.46798706054688,5921600
V,2023-09-26,228.06184274327202,228.78950635617554,225.77071590319662,225.8198699951172,6193200
V,2023-09-27,226.41968248141745,226.83267585553375,224.11871296664077,225.67236328125,6006700
V,2023-09-28,226.82286211329796,228.6616692749805,225.8395402079188,227.79635620117188,4203900
V,2023-09-29,228.95663045105883,229.14346398243683,225.81983169825722,226.173828125,6045200
V,2023-10-02,225.41672994983043,227.51119550719034,224.95456743148898,227.41287231445312,5175200
V,2023-10-03,226.62618380885877,227.88483455340517,223.9810456802369,224.99386596679688,5585700
V,2023-10-04,225.65270771230524,227.83568355291428,225.06272356886865,227.3636932373047,5430900
V,2023-10-05,226.56720803175403,230.2841637028483,226.38037446557016,229.58599853515625,6126200
V,2023-10-06,229.28115751302275,232.64411649156185,228.8681641301461,231.11996459960938,6401300
V,2023-10-09,228.91735139251745,231.2478195966744,227.83569125320713,230.52999877929688,5372200
V,2023-10-10,230.98231714304976,234.24695317798248,230.37266234310772,232.6539764404297,4644000
V,2023-10-11,233.58812025088042,234.53210087208777,230.9724803969116,231.74929809570312,4760900
V,2023-10-12,232.76212314828922,233.76510063836713,230.97247016820768,232.83094787597656,4472800
V,2023-10-13,232.44746488265173,234.66976698984374,232.29012977657578,233.70611572265625,4966800
V,2023-10-16,235.01392422457744,236.695411204813,234.35510037977778,236.0660858154297,6227300
V,2023-10-17,235.6334233091616,237.45255975681434,234.31576060680501,237.17723083496094,4527600
V,2023-10-18,235.95793746204342,236.81342274171502,233.03747012294843,233.50946044921875,9528300
V,2023-10-19,233.50946921020548,233.95196109545452,229.5171844162165,229.91050720214844,5927400
V,2023-10-20,230.225147019067,231.83779423522356,228.75999207707392,229.48765563964844,5748300
V,2023-10-23,227.50135514409882,230.54965903260268,227.42268759166566,227.66851806640625,5071700
V,2023-10-24,229.0058395488406,232.58513070933842,229.0058395488406,230.73648071289062,6844100
V,2023-10-25,228.37649387631987,234.50258464540414,227.43249832234477,232.8997802734375,10365300
V,2023-10-26,230.6578056348318,231.68045372181757,226.51801418661685,227.42266845703125,6414500
V,2023-10-27,227.31450296303865,227.53083496343447,224.22687305337996,225.44619750976562,5540900
V,2023-10-30,228.31748642815717,229.4876417466826,226.19350778298326,229.19264221191406,5170300
V,2023-10-31,229.6745194426512,231.78865567373947,229.10419090026076,231.1790008544922,4828400
V,2023-11-01,232.20164419468966,235.05327184209685,231.74930949672813,234.6009521484375,4996200
V,2023-11-02,235.90874757718214,239.1930389404297,235.21058246491904,239.1930389404297,6286700
V,2023-11-03,241.03182393438098,241.2285002889429,238.219523113157,239.5371856689453,5029800
V,2023-11-06,239.93055067188115,240.69754057614384,238.5637337907667,239.42906188964844,5254100
V,2023-11-07,239.35038002064599,240.98269792617089,239.3208815648848,240.6876983642578,4219700
V,2023-11-08,239.93877325849883,241.18039110507263,239.25883430576414,240.35264587402344,5117500
V,2023-11-09,240.76652274423364,240.9143290251601,237.4555267252829,238.11575317382812,4866600
V,2023-11-10,240.42162927604022,241.6928234787669,238.4409498653026,241.67311096191406,4094400
V,2023-11-13,241.42676663656735,242.0968418735078,240.54974755513328,241.10157775878906,4088500
V,2023-11-14,242.5796964245831,244.3140220383981,241.99830497314025,243.33847045898438,14092000
V,2023-11-15,243.21036630696128,244.61951811211108,241.761804502758,244.4914093017578,13258900
V,2023-11-16,244.96439962945223,245.81185743668186,243.66365917896317,244.9447021484375,7051600
V,2023-11-17,245.81183077197846,246.5903172387193,245.03335934148103,245.92022705078125,7238200
V,2023-11-20,245.9695144157905,247.27025479707544,242.01800446328616,246.3242645263672,8604200
V,2023-11-21,246.38340449438857,249.6451269730353,246.38340449438857,248.5513153076172,7213700
V,2023-11-22,249.31007679070356,250.82760977261242,248.9750391894859,250.0195770263672,5701400
V,2023-11-24,250.4827139465857,250.98527032938273,249.80277499346718,250.5911102294922,1640900
V,2023-11-27,250.59111121718465,251.26118639688838,248.8370732041436,250.43344116210938,5478900
V,2023-11-28,250.1476928818772,250.44330545820014,247.94035708244755,249.25096130371094,5234900
V,2023-11-29,250.21666414988434,252.33531617652105,249.8225040239377,250.5221405029297,4955100
V,2023-11-30,250.5418493167786,253.02508513877788,249.47759894895972,252.9364013671875,6874700
V,2023-12-01,252.05938505790056,253.1630604714705,250.19695065304217,252.70977783203125,3939400
V,2023-12-04,252.17762659835128,253.63605203124098,250.64038117536728,250.72906494140625,5247500
V,2023-12-05,250.48271856313727,251.10353501633867,248.4626141824176,250.89659118652344,4199100
V,2023-12-06,252.06925514534876,253.08421673928532,249.83235804093312,250.58126831054688,3874000
V,2023-12-07,251.17252986125257,252.40431414336263,249.80280306130118,252.08897399902344,3589300
V,2023-12-08,251.28090383532347,252.30574417714476,250.1673797243766,252.01011657714844,3732300
V,2023-12-11,251.2808966400802,253.87254364055434,251.2808966400802,252.77871704101562,6479300
V,2023-12-12,253.547365676711,255.93208413226736,252.66049784769913,255.7744140625,5946600
V,2023-12-13,255.37038129285094,258.65183124065527,254.91709865329327,258.55328369140625,4859900
V,2023-12-14,259.3514407652595,259.4105632741669,252.66046283069315,254.9564971923828,8168700
V,2023-12-15,250.79804231172312,254.60174596695316,250.7389197995878,254.26670837402344,13374000
V,2023-12-18,254.92693421596059,255.80393814048793,254.18787278712324,254.6017303466797,6041100
V,2023-12-19,254.83827251590117,256.5430520532808,253.44886320922768,256.1981506347656,8731200
V,2023-12-20,256.70069510550763,257.01603523052034,253.3305614234747,253.36012268066406,7240900
V,2023-12-21,253.75432295654682,256.19813384128054,253.29117652718347,255.7547149658203,6246700
V,2023-12-22,256.2079980312306,257.40034221715547,254.45395986299334,254.660888671875,5111500
V,2023-12-26,254.75943253329572,255.9517767019467,254.75943253329572,255.3802490234375,2085100
V,2023-12-27,255.46890455174292,255.9813096576318,254.54261180735713,255.153564453125,4034700
V,2023-12-28,254.76931458017273,257.16386686601777,254.76931458017273,256.6021728515625,3020500
V,2023-12-29,256.76967953820673,257.64668354347015,255.8828117564551,256.5528869628906,4074900
V,2024-01-02,255.8236648998044,256.2966750944945,253.91198678509568,255.09446716308594,5471000
V,2024-01-03,254.77914746065284,255.08462383822916,253.11379297774067,254.2174835205078,4148300
V,2024-01-04,254.306181754539,257.23286695160823,254.23719545310277,255.82369995117188,3843000
V,2024-01-05,256.976641352346,257.6467166448701,254.9762491800362,255.9025421142578,3748400
V,2024-01-08,257.134236696959,258.78972696407703,256.15868530249384,258.7109069824219,4659000
V,2024-01-09,258.17882121922673,259.7751892716556,257.3313784546,259.4894104003906,7055800
V,2024-01-10,261.1055009443953,261.49966106152215,259.02625896238055,260.70147705078125,4355800
V,2024-01-11,261.58839723937535,262.30776139980486,258.5730281341428,260.17926025390625,5599000
V,2024-01-12,261.2631900716681,261.67704769948165,259.8638869703896,260.31719970703125,4656100
V,2024-01-16,259.6766056299264,261.7854086166924,258.52368667341176,261.37152099609375,6196400
V,2024-01-17,260.56351269829725,263.2044183413874,260.53395144380323,262.74127197265625,5118700
V,2024-01-18,263.9730914458245,264.8599593225116,262.5343933315324,264.22930908203125,6694300
V,2024-01-19,264.26867424408033,267.19535895783304,263.15515011690496,266.9490051269531,7226500
V,2024-01-22,268.269377848981,268.3777891398515,266.41679278302155,267.24456787109375,5984300
V,2024-01-23,267.589520766093,267.9048608890122,265.9734552629885,267.30377197265625,5883000
V,2024-01-24,268.59467520827155,268.880424014006,267.12638585445285,267.6880798339844,5021700
V,2024-01-25,267.9836856107852,268.8015670252338,266.850434030755,268.634033203125,6894900
V,2024-01-26,262.0613653093906,266.91945585507744,261.72632769304914,264.0321960449219,8586500
V,2024-01-29,263.0763014868982,271.0581707530731,262.8200839074761,269.6687316894531,6574500
V,2024-01-30,270.58518831510463,274.57613839287234,270.1910282027605,273.10784912109375,6549000
V,2024-01-31,273.0782858288443,275.90642295625474,269.19574710259434,269.27459716796875,6139300
V,2024-02-01,269.4026840670425,273.1472499106935,269.37309274056645,273.00927734375,7065000
V,2024-02-02,273.5611420391968,274.4381761392125,271.6592976230264,273.1374206542969,4848700
V,2024-02-05,273.35425444802655,273.9455097641748,271.1173720828848,271.560791015625,4899100
V,2024-02-06,270.7921056676711,272.8417862812229,270.0333467316617,272.7235412597656,4400000
V,2024-02-07,275.30532177102106,275.46299182224766,273.01915113696623,275.315185546875,4785900
V,2024-02-08,275.9766986608908,276.0951641945695,271.7709914438811,272.2646179199219,5833400
V,2024-02-09,271.4945162638614,273.64672010738866,270.59611261279696,272.9062805175781,4618300
V,2024-02-12,272.9063091365814,273.1432703175939,270.74422289731694,271.56365966796875,3676200
V,2024-02-13,270.2604814067496,274.4563062322425,269.2831106767764,272.2942199707031,5493800
V,2024-02-14,272.94577918129363,274.10087819845825,271.2082046353243,274.0218811035156,4218400
V,2024-02-15,274.11074658152603,277.53651516123057,274.02189744084137,277.3983154296875,4834800
V,2024-02-16,277.37858690086716,277.5365509919999,274.32797882925496,275.0091857910156,6630700
V,2024-02-20,271.0700152609218,273.31106832631207,269.8556834404715,271.6426086425781,6157200
V,2024-02-21,271.12923296162234,273.4394008272786,270.04324888924623,273.2320861816406,4770100
V,2024-02-22,275.621242859487,280.4390415780476,275.42381036703677,280.13299560546875,5100200
V,2024-02-23,281.09058145125226,282.30491308182286,279.88613198852255,279.98486328125,5107700
V,2024-02-26,279.43208725609094,281.7126391917438,279.0569263093481,280.5279235839844,3856900
V,2024-02-27,280.5476777324274,280.5476777324274,277.9511977119005,279.5604248046875,4145200
V,2024-02-28,278.50404273740935,282.48267062814807,278.4842783975788,281.9890441894531,4358800
V,2024-02-29,281.86069920492776,282.01866328225697,278.583012389622,279.03717041015625,6633700
V,2024-03-01,279.59000513981306,281.2781989925902,278.5138730741822,279.5505065917969,3955700
V,2024-03-04,279.204914286724,279.39249469698194,274.5845792024479,276.9539794921875,5920300
V,2024-03-05,276.6973344030109,277.40815763184315,274.1403532387774,275.8186950683594,6227900
V,2024-03-06,276.43077418645726,278.4052797163605,275.74956736835554,276.85528564453125,4535200
V,2024-03-07,277.29957977233636,277.585891529098,272.6397452085625,274.7129821777344,5668500
V,2024-03-08,275.4435549599182,278.0795334198675,275.2757087128713,276.4703063964844,3928800
V,2024-03-11,275.88786722781055,277.1910183105325,274.44645613263606,276.98370361328125,4614000
V,2024-03-12,277.7240966811203,280.8537014705881,276.71710962091925,280.30084228515625,7988700
V,2024-03-13,281.0313568816878,282.4530031783755,280.2020682300469,281.5052490234375,5783800
V,2024-03-14,285.2765769708647,285.3555740713797,280.92278825838434,282.75909423828125,5484500
V,2024-03-15,279.9355157876153,281.9890184571961,279.0371422643083,279.4320373535156,9845000
V,2024-03-18,280.25143083214215,282.5813629682955,279.6393389531501,281.4163818359375,4095600
V,2024-03-19,283.0058659724974,284.38801374326835,281.613836033469,283.68707275390625,6595200
V,2024-03-20,283.9733894528879,286.1749437564456,283.06510368557133,285.59246826171875,6105000
V,2024-03-21,286.27371449881304,287.25108519412294,284.2300938371956,286.6686096191406,5057600
V,2024-03-22,286.30330502580085,286.78704924487647,279.28395225049957,279.64923095703125,8744100
V,2024-03-25,279.40240870962737,279.8861529130283,276.47026685491977,277.6253356933594,8519200
V,2024-03-26,280.5081024835605,280.5081024835605,274.86101607575625,277.0231018066406,8752400
V,2024-03-27,276.6776192405342,277.66487211918025,273.449313173646,275.4632873535156,5190700
V,2024-03-28,274.94001593269627,276.23331465890345,273.58748445021735,275.5224914550781,5844400
V,2024-04-01,276.7861997607648,277.30947270451225,273.2617299178054,274.73272705078125,5084000
V,2024-04-02,274.456292370759,275.76932540502844,273.4493053097831,274.89068603515625,6912300
V,2024-04-03,276.9046841502886,276.9046841502886,273.03463980647047,273.4295349121094,4536600
V,2024-04-04,274.811701869157,275.5225251599378,270.07290001632987,270.5072937011719,4018600
V,2024-04-05,272.580487484143,274.4167631184586,271.5241198217034,273.60723876953125,4392100
V,2024-04-08,272.7285685601716,274.4365266412382,271.64258452390277,274.2193298339844,5542400
V,2024-04-09,274.0910001003374,274.4562788163212,269.83594293616807,273.1925964355469,7313900
V,2024-04-10,271.90916011306683,273.29130790915053,270.62571348711873,270.98114013671875,5276000
V,2024-04-11,270.5072551204508,272.95565280140033,268.71044787383204,272.16583251953125,8102300
V,2024-04-12,272.03751397106885,273.46904267186073,270.5665168483795,272.4422912597656,9038400
V,2024-04-15,274.3477176618393,274.3674518731823,266.8939403304584,267.82196044921875,10267500
V,2024-04-16,267.0913798915419,270.6356138140953,266.7261011775571,267.89105224609375,8237100
V,2024-04-17,269.81616846482075,270.50725745134076,268.03912554028835,269.2139587402344,5940900
V,2024-04-18,269.0955125730345,269.66810596099174,266.4200356965612,267.9107971191406,8231800
V,2024-04-19,268.0094934196985,268.532736148964,264.87003704410586,266.3410339355469,7905400
V,2024-04-22,267.4961066965985,270.2702841200578,265.92634853376825,268.8584899902344,6463700
V,2024-04-23,270.5171435515367,271.3859308174233,269.2336968619992,270.6158447265625,6438000
V,2024-04-24,278.9680283574714,279.39253982670607,270.9910089349462,271.5142517089844,8807200
V,2024-04-25,269.4904101979128,272.6989819428903,267.04201229700016,271.6524963378906,8064600
V,2024-04-26,271.5043736738846,273.24191793209985,270.33939259444406,271.0205993652344,6840600
V,2024-04-29,268.84870911899645,270.97129676638644,267.6343772411231,268.37481689453125,4128600
V,2024-04-30,267.0815128535535,268.61174272276793,265.1563577406756,265.18597412109375,6376400
V,2024-05-01,264.73182108351295,267.4566483372635,263.3101747014312,263.91241455078125,6119900
V,2024-05-02,265.9165709785178,266.03503650431554,263.2509761338013,264.19873046875,5061700
V,2024-05-03,265.57101347142725,266.01528930003616,263.10288137596785,265.0675048828125,3862000
V,2024-05-06,266.21272153404135,269.3028277351497,266.1337545636316,269.1942443847656,3958700
V,2024-05-07,270.23084993184557,274.3378253823717,269.3521804381058,272.9359130859375,6377100
V,2024-05-08,274.2587953948685,274.9992349398099,271.4155328502858,273.6565856933594,9029700
V,2024-05-09,273.27160032384785,275.2362541516892,272.87670517560883,274.98944091796875,8948800
V,2024-05-10,275.9864827838278,277.4476276396116,275.68043685428466,277.16131591796875,8986400
V,2024-05-13,277.8721424813322,278.5533492692657,275.54224052093974,275.82855224609375,10528400
V,2024-05-14,275.877926784177,276.42090377657325,270.7738165156811,274.1995849609375,18526100
V,2024-05-15,273.6170960846944,278.13873059214234,273.53812912055565,277.9116516113281,21288400
V,2024-05-16,278.6633951710242,279.2964208722902,276.21049603943555,276.7841491699219,10341500
V,2024-05-17,276.99181817684916,277.84244259976583,275.06313045281155,277.0412902832031,6177800
V,2024-05-20,276.17088861543755,277.20941042817236,275.1422370762819,275.4983215332031,5460900
V,2024-05-21,274.9641860007321,275.38948307297125,271.87826183625833,272.93658447265625,6578200
V,2024-05-22,272.5212062679833,275.043348148676,272.11567985319226,272.5706481933594,4202500
V,2024-05-23,272.23436284775386,274.4103508679846,270.0485045531076,271.23541259765625,6115900
V,2024-05-24,272.0068946178612,272.23436369500774,270.36501823099996,271.4925537109375,4339700
V,2024-05-28,271.23535271716054,271.4628217433809,267.2790336878668,268.0208435058594,6212100
V,2024-05-29,266.0624969069254,268.17914241168626,265.3305874294363,265.92401123046875,5469700
V,2024-05-30,265.76578816626005,268.67368556318695,265.3800325066789,268.3373718261719,4901900
V,2024-05-31,268.475829622479,269.78142223333185,266.07237289635503,269.48468017578125,8910000
V,2024-06-03,270.10782728670864,270.14739893446824,265.13275657833435,267.42742919921875,4838800
V,2024-06-04,266.68558833167265,270.0088819341658,266.36907555496293,269.44512939453125,4188500
V,2024-06-05,270.5430326645817,271.92773853288537,269.04951230788055,271.50244140625,5368700
V,2024-06-06,271.7991801974702,274.12352430506826,271.08704136842584,274.0147399902344,4862400
V,2024-06-07,274.6773841238801,277.2687687601898,273.83666013055273,275.6269226074219,4515600
V,2024-06-10,275.1027139647928,275.5181106438678,270.39468370644425,272.03656005859375,5213800
V,2024-06-11,271.5420385465397,271.85852121448784,269.24736564403565,271.6706237792969,6244600
V,2024-06-12,273.7476194367676,274.5685726161433,266.95264569133235,267.3680725097656,7536600
V,2024-06-13,267.3680819889528,268.8912432804594,266.3790021030963,268.22857666015625,7361200
V,2024-06-14,267.1504938772461,268.58464165842724,266.32954063597396,267.7043762207031,8537300
V,2024-06-17,266.0624846734061,268.8615674206528,266.0624846734061,268.20880126953125,9258200
V,2024-06-18,268.3374071040944,270.9090212864164,268.3374071040944,270.632080078125,6707500
V,2024-06-20,270.20675409083145,275.00379788760347,270.11774051740576,273.797119140625,10164400
V,2024-06-21,274.14325622118014,274.5092109107128,271.5815130258123,272.21453857421875,14594700
V,2024-06-24,272.3134968537918,277.3281394035666,272.2640247461011,273.28277587890625,24149600
V,2024-06-25,273.8267514815691,274.89494439544836,270.5429992675781,270.5429992675781,18325800
V,2024-06-26,269.929806605279,271.4628684189991,268.7824702673913,270.6122741699219,12172000
V,2024-06-27,265.5778491474409,267.6351220237856,263.5897889228482,263.6788024902344,10529100
V,2024-06-28,264.2821799228507,265.6668858432789,258.3971420306241,259.60382080078125,13957300
V,2024-07-01,260.9093990263112,262.8677579385193,258.44656951453874,260.3653869628906,7955800
V,2024-07-02,260.36537426369347,265.3009033203125,259.5345507983822,265.3009033203125,8697800
V,2024-07-03,266.1317556057575,266.8043227432262,265.2217887494041,266.0526123046875,5017800
V,2024-07-05,266.06251949960017,267.5955814229864,265.3108090420296,267.40765380859375,7986400
V,2024-07-08,267.2988388370557,268.4758463145808,263.065578137962,263.4908752441406,8561100
V,2024-07-09,264.08437482538966,264.62835678219767,261.03802153547446,262.5414123535156,6431300
V,2024-07-10,256.2903562201463,260.60275989907575,255.6870320229136,260.12799072265625,9635500
V,2024-07-11,259.26752569779745,260.75114558603025,257.91249102937,259.68292236328125,8803600
V,2024-07-12,261.4533679559941,264.47994992888937,260.78080089186676,262.83807373046875,6627800
V,2024-07-15,262.76888312127915,266.29987559629177,262.35345626192935,265.5185241699219,6845200
V,2024-07-16,265.58771425079533,267.25926163592686,264.4502784439061,266.30975341796875,7869900
V,2024-07-17,265.50861680485207,269.9298052657036,265.3107887466269,269.72210693359375,5324700
V,2024-07-18,269.31654041195594,270.6320032317305,265.62726198450036,266.2108154296875,5550800
V,2024-07-19,267.3680704425038,267.991195573175,261.4236909262348,262.5611267089844,6839900
V,2024-07-22,264.31182104521275,265.4690275746508,262.12593282859103,264.78656005859375,5313600
V,2024-07-23,264.60856804392347,264.776724923026,260.9786312060143,261.89849853515625,8109200
V,2024-07-24,253.2737005874205,254.39136571869614,250.36580322821038,251.39443969726562,13065900
V,2024-07-25,252.60110721720952,255.40020505839192,249.94047995404284,250.96913146972656,8573300
V,2024-07-26,252.79894384367867,258.34769812586956,252.79894384367867,256.6266784667969,7062200
V,2024-07-29,257.47726517457824,259.841150241076,255.7562457678681,258.7432861328125,6068100
V,2024-07-30,260.35551392791547,261.4138064848319,258.1597553342391,260.2269287109375,5941800
V,2024-07-31,261.6512251790154,263.4513277943975,261.36438353449984,262.7688903808594,7642500
V,2024-08-01,263.42165744875956,264.08435431559855,261.2951415313979,263.0260314941406,7269700
V,2024-08-02,260.94894498394933,265.0338499295563,260.00933715984416,263.6689147949219,7017900
V,2024-08-05,258.59496388335174,260.04891261093945,251.73073155311678,253.63966369628906,9631300
V,2024-08-06,253.69901366165547,257.64543310407487,252.9769895055,255.43980407714844,21586800
V,2024-08-07,256.8244906354326,259.1686051705775,253.51106693125453,253.71876525878906,12908600
V,2024-08-08,255.31122736023502,257.6059002236239,255.103529010113,256.9926452636719,8223700
V,2024-08-09,256.8538749466604,259.18284938045,256.69530119781155,257.4385986328125,7228100
V,2024-08-12,258.17197791565036,259.26215354507036,256.92322853605555,257.56744384765625,26769400
V,2024-08-13,257.80523681640625,259.3413724506206,256.95290686350614,257.80523681640625,12005700
V,2024-08-14,258.53869846299483,259.1630732300297,256.4277286296309,258.8063049316406,8552300
V,2024-08-15,260.491047614301,265.00040331698085,260.491047614301,264.4156494140625,7397800
V,2024-08-16,264.4652466959,266.0410337078093,263.01830275170033,264.9905090332031,5111100
V,2024-08-19,265.0301758501714,265.91220650929137,262.8597446819184,264.0886535644531,6555900
V,2024-08-20,264.6138780742867,265.64459228515625,263.40477974370384,265.64459228515625,6803600
V,2024-08-21,266.15992985460423,266.863576256149,265.0004028508466,265.80316162109375,6639700
V,2024-08-22,266.5365650040855,267.09155802975397,264.18774983387203,265.5455017089844,4425200
V,2024-08-23,266.29873730668857,266.8041590545032,262.93901799400567,265.04998779296875,3697400
V,2024-08-26,265.32749895604917,267.953810959624,265.27795788318855,265.8131103515625,4612200
V,2024-08-27,266.120277540843,268.52858408451175,265.49593313529016,268.3006286621094,6594100
V,2024-08-28,268.73675892804084,269.54943818616033,265.2779572920697,266.78436279296875,5455100
V,2024-08-29,268.5583518653368,273.52355857869435,268.0330895105951,271.8684997558594,5565100
V,2024-08-30,272.542364300186,274.5145702762254,271.80898725278377,273.9001159667969,6296100
V,2024-09-03,273.90016057192076,279.5690438823462,273.90016057192076,276.05078125,7278300
V,2024-09-04,276.21924592504155,279.13297446826067,276.2093558584673,277.98333740234375,6107500
V,2024-09-05,278.4888015316841,278.98433320700735,274.9308877322453,276.13006591796875,6447400
V,2024-09-06,275.2876447059526,277.7752232921829,274.9506868099649,276.87335205078125,7187700
V,2024-09-09,279.5690545932574,284.4054485427408,279.1329843030677,283.0575866699219,10933900
V,2024-09-10,283.37470170285235,283.8405026301015,281.03580700081795,282.78997802734375,5314400
V,2024-09-11,282.4728574665874,282.6215411609369,275.81291072544883,281.4223327636719,6281800
V,2024-09-12,281.461980766985,283.4441073921046,278.9545917960028,282.8197326660156,4160800
V,2024-09-13,283.9297132972361,286.15960570777423,282.9981113816898,284.78204345703125,4987600
V,2024-09-16,285.47575703734657,288.30029334854737,285.1685298494639,287.8840637207031,4458900
V,2024-09-17,288.3003013458171,290.450921965503,287.48762219958735,288.95440673828125,5135700
V,2024-09-18,289.2319051377884,289.41028927012223,285.5550688231566,285.9019470214844,5890000
V,2024-09-19,288.48864497808967,288.87517422631134,280.3421025214185,282.69091796875,10382100
V,2024-09-20,282.9485541898953,284.43514904553393,280.71866190643726,282.2250671386719,27810900
V,2024-09-23,282.3539513607008,286.2983945075022,282.076454823655,286.0506286621094,6505600
V,2024-09-24,277.67614859590964,278.488827879091,270.27290345637584,270.34228515625,13690200
V,2024-09-25,271.73967513574445,271.7991365199526,265.83294576051554,267.2204284667969,11671300
V,2024-09-26,268.08262564842414,270.79812944244367,267.58709399288176,269.2619934082031,9552500
V,2024-09-27,270.71886003152446,275.4957924911176,270.342251130872,272.7109069824219,6509600
V,2024-09-30,272.54239995240613,273.2262360300566,270.7584981597489,272.49285888671875,5969900
V,2024-10-01,274.49482688857665,276.56614573335617,271.9081357270118,275.11920166015625,5781600
V,2024-10-02,274.09838616942136,275.15883116703816,272.9090981026742,274.5245361328125,4741600
V,2024-10-03,274.1974985019799,275.20837218714485,273.3748990199132,274.3857727050781,3036700
V,2024-10-04,274.87142459537506,275.95168001129855,272.6415320706611,275.44622802734375,4259300
V,2024-10-07,275.11917997998853,275.1389903579752,270.79812823559337,271.3432312011719,4339300
V,2024-10-08,272.25501125587925,273.6326038645488,271.5612850403472,272.5027770996094,4370900
V,2024-10-09,272.5423943422637,275.0101321617743,271.96759096374865,274.45513916015625,4115800
V,2024-10-10,274.30652029554614,275.18858121866805,272.8893069251015,274.9903564453125,4063900
V,2024-10-11,273.5731232946822,276.308437451122,272.9090975723209,275.3570251464844,4746300
V,2024-10-14,276.58592358128624,278.85546693402046,275.50566824833123,278.171630859375,3996600
V,2024-10-15,278.4887770951537,280.11413536512345,276.3381565052255,276.7940673828125,5807000
V,2024-10-16,276.1300434346839,285.0298024869938,275.8624672399433,284.95050048828125,9442700
V,2024-10-17,285.99114886036193,288.33004377271044,285.0397062990334,287.7948913574219,8815800
V,2024-10-18,287.32904005928543,288.4390259415563,285.5054572585868,288.02276611328125,5350900
V,2024-10-21,287.0119845784699,287.8444742569765,283.7711877017635,284.28656005859375,6313100
V,2024-10-22,282.5025899812062,283.96937459704,280.9961846084856,282.24493408203125,5736500
V,2024-10-23,283.4837441228448,283.5035544999521,280.99616565518954,281.22412109375,5249300
V,2024-10-24,279.86639556615893,281.08538413710534,279.21229012193857,280.68896484375,4679900
V,2024-10-25,281.46195236017,282.5422076324522,278.2707276060107,279.2122497558594,4464600
V,2024-10-28,279.5195491811071,282.0963202487021,279.01409713371515,281.65032958984375,4306200
V,2024-10-29,281.7295877626174,283.14683144055186,278.8356995107955,279.3609619140625,7534800
V,2024-10-30,289.72743574117493,293.1366958450851,285.75326230871457,287.5669250488281,9606800
V,2024-10-31,289.47967671149655,293.6916957516853,287.03174914187514,287.25970458984375,7950200
V,2024-11-01,285.91186157071576,290.0545294381562,284.6234912892896,288.1417541503906,5470700
V,2024-11-04,288.9445146474709,290.53022209514745,288.1615963581548,289.2418518066406,4281600
V,2024-11-05,289.1030788137515,292.1456505302197,288.97423574020974,290.6689758300781,3753700
V,2024-11-06,303.5825274568053,306.23856993077356,300.1138057909227,304.6528625488281,10320500
V,2024-11-07,304.7519890316347,304.88083211007677,301.69952713215935,303.0671691894531,6237300
V,2024-11-08,304.1474296696002,308.36933874742914,302.95814161551084,305.11865234375,6240600
V,2024-11-11,307.3187885343577,309.64779313724665,306.5358401263973,308.1413879394531,4674100
V,2024-11-12,306.86050985541385,308.35984000398713,305.93704563265726,307.664794921875,4616400
V,2024-11-13,307.3073026679247,308.75702779122554,305.66894540356486,307.2973937988281,4046400
V,2024-11-14,307.1186325006,309.0946185209963,305.65899854491175,306.0760498046875,4415800
V,2024-11-15,305.3909509218839,308.5286688661831,304.4973041731097,307.456298828125,5106300
V,2024-11-18,307.29737380337804,310.20670242741795,306.5228760395843,309.9584655761719,4585600
V,2024-11-19,307.8137064583845,310.02799015885086,306.3342244692562,309.6506652832031,4885500
V,2024-11-20,309.660583553308,310.08757399533926,304.06037557784595,305.2221374511719,6349900
V,2024-11-21,305.13277726945773,308.7272729401404,304.48736740703987,307.7144470214844,5757100
V,2024-11-22,305.7980541469738,309.39251938212567,305.7285405468268,307.73431396484375,5919200
V,2024-11-25,309.66059453774517,311.44791822915886,307.674699526632,310.9812316894531,14189300
V,2024-11-26,311.98413064916883,312.2820027916214,309.3428865441241,309.62091064453125,7071500
V,2024-11-27,308.57831424638226,314.1388268579018,307.3073425325226,312.4806213378906,5204300
V,2024-11-29,312.0734729447252,314.01964152692113,311.487637565985,312.8578796386719,3853300
V,2024-12-02,314.6650154068856,315.1813674326483,311.4975108732597,314.4167785644531,5597500
V,2024-12-03,314.863641658311,315.082091308852,310.56416224137945,310.802490234375,5009900
V,2024-12-04,310.2166943006533,310.6436544847684,306.62219862997057,307.7144470214844,5981800
V,2024-12-05,307.79388453340624,308.89604174040005,306.65197063842237,306.90020751953125,5200100
V,2024-12-06,306.69169762148556,310.3556764179787,306.6221840220748,308.8166198730469,4302700
V,2024-12-09,309.63077449762847,310.80247545974987,305.470352768599,306.12567138671875,5785300
V,2024-12-10,305.19232513842894,310.7727154707939,304.4774320378618,310.17694091796875,4539500
V,2024-12-11,310.83231568994506,313.3245934841816,309.01520466815475,311.5770263671875,4321800
V,2024-12-12,312.5997208523374,313.324553091236,311.21950936331746,312.0138854980469,3218500
V,2024-12-13,313.6026033549625,314.71473003646884,312.123121240092,312.5202941894531,4682200
V,2024-12-16,312.5202566521637,315.3203756077167,311.884786069984,313.66217041015625,6562500
V,2024-12-17,313.5926853852571,316.5913759136222,312.9174883607011,316.05517578125,8843900
V,2024-12-18,316.253779306229,319.3517706633013,307.37682621642796,307.59527587890625,10479200
V,2024-12-19,309.63082403855225,314.63528822135737,309.0350797449425,312.6593322753906,8317100
V,2024-12-20,311.3585732162687,317.7432187453683,310.07766238104216,315.4693603515625,24387000
V,2024-12-23,313.4238533327858,315.7274986658359,311.1400863420377,314.9827880859375,7984600
V,2024-12-24,315.9261204254196,319.27234866281907,315.04238260244426,318.38861083984375,2684100
V,2024-12-26,317.51478443337896,319.18295912271725,317.20697315848304,318.6467590332031,2856000
V,2024-12-27,317.018311554288,319.2325952074972,315.32037995246145,316.4126281738281,3489200
V,2024-12-30,312.4607114211966,314.8735665689505,311.0209557304018,313.0862731933594,3478500
V,2024-12-31,313.8905491735003,315.4196967610112,312.967115299537,313.8111267089844,3963800
V,2025-01-02,315.53884551657,317.425439647378,310.206722455912,312.18267822265625,5369500
V,2025-01-03,311.9642243625473,313.6919735410826,309.80954535297246,312.6890869140625,4271300
V,2025-01-06,312.78841377096296,313.16573868393505,309.8691455838523,310.8323059082031,6567300
V,2025-01-07,310.68335148308825,312.9671185655649,309.1244166673213,309.4719543457031,4958600
V,2025-01-08,308.80666372685226,311.825232525754,308.02222673947915,310.3953857421875,5161600
V,2025-01-10,309.00526321532783,309.65067300707904,303.8319851052124,305.53985595703125,6660100
V,2025-01-13,302.84899009710006,304.7554626464844,301.69716735094016,304.7554626464844,9568400
V,2025-01-14,306.572527233451,307.9725867835767,305.3511909529538,306.9101257324219,5107600
V,2025-01-15,311.4677688800146,314.95302435047194,310.92165986832424,314.0494384765625,5222000
V,2025-01-16,313.52318246539323,316.9289852192932,313.52318246539323,315.0126037597656,4606700
V,2025-01-17,315.2608010764125,318.32900492147263,314.4763641418321,317.3658447265625,5805800
V,2025-01-21,318.0510023352074,322.2908771318416,317.74319104307256,321.34759521484375,5653000
V,2025-01-22,322.47956473967923,323.4427250747807,320.1064358536176,321.2781066894531,5026500
V,2025-01-23,321.4766658419005,326.19316607877187,321.28800340823767,325.895263671875,5297100
V,2025-01-24,325.70665859022927,328.75501497370914,325.49814808033125,327.8713073730469,4327500
V,2025-01-27,327.6726739423913,333.12394600304367,325.73641420269973,332.1806640625,6636500
V,2025-01-28,332.3097562009158,335.4474436635763,330.5423108468258,332.12109375,5999600
V,2025-01-29,332.1409275988005,334.7325059416622,332.1409275988005,333.5111999511719,5087300
V,2025-01-30,337.11560303126134,342.0108267537755,336.6091901281213,340.630615234375,8081300
V,2025-01-31,344.02654379001,348.77283193492343,339.30010368753335,339.38946533203125,8624100
V,2025-02-03,337.6021419311797,343.55982678878877,336.8474921524632,343.381103515625,8004500
V,2025-02-04,342.1697113136232,343.56977091162037,340.1242419072209,342.7158203125,5532600
V,2025-02-05,343.5598138064443,347.01528180213006,342.8151032273841,346.9755554199219,4939100
V,2025-02-06,347.313155425861,348.17701485295805,344.15558982945424,345.0293884277344,4294500
V,2025-02-07,345.5457037181692,348.2763091354823,344.76126676817375,345.5655517578125,4261200
V,2025-02-10,346.24080425030303,349.4182180586073,345.24785675351677,348.7529602050781,6067000
V,2025-02-11,346.4255299716075,350.2249790332437,344.38657466726033,348.83251953125,5154800
V,2025-02-12,347.28091099273627,349.9365247160979,345.619885163687,349.5983581542969,6760100
V,2025-02-13,351.2195934369595,354.16365497356094,348.84247159065154,353.7160949707031,4279200
V,2025-02-14,352.52254225310895,353.5171605121105,351.31906265865246,351.9058837890625,5720300
V,2025-02-18,351.78653267307425,354.82010620633076,350.5034666265244,354.8101806640625,5822000
V,2025-02-19,354.1039638353811,355.22788726806755,352.27386997325067,353.3182373046875,4152300
V,2025-02-20,353.31824023804415,354.213390562894,347.18143248219235,348.6037292480469,5697000
V,2025-02-21,348.60377083198074,351.41855772041305,345.6099902812338,346.6543273925781,6924100
V,2025-02-24,346.883086491482,348.91208596012905,345.49059659494884,347.9771423339844,5055900
V,2025-02-25,349.4790335090772,350.6924690710666,344.13793799841125,350.1951599121094,6191900
V,2025-02-26,348.1163971032889,349.9365351955303,347.1118229300074,348.7430114746094,5960600
V,2025-02-27,350.00616990013975,358.37091335474446,349.78735266238124,353.82550048828125,7298100
V,2025-02-28,352.8010491941891,362.04106171322326,351.80643089277913,360.75799560546875,15857300
V,2025-03-03,361.04641443345963,364.567371436787,357.60504388572855,359.8727722167969,9099600
V,2025-03-04,358.17194705828916,358.3310896134122,348.5142127913835,350.3343811035156,8955800
V,2025-03-05,348.9419324560116,352.20427933714245,347.0621196116856,350.781982421875,8244200
V,2025-03-06,344.0981315728095,346.99247440936233,338.5581308229893,342.3078308105469,8611100
V,2025-03-07,339.0355451783467,344.5258577842687,337.3148748941555,343.46160888671875,6358700
V,2025-03-10,338.1105522460136,343.15327438513106,335.822942264091,339.64227294921875,8204300
V,2025-03-11,336.58878492029856,337.7823086767148,327.80628827145983,330.3525390625,9776100
V,2025-03-12,334.1619273735867,334.3509072878508,327.3388297270217,331.04876708984375,6295400
V,2025-03-13,329.20867016639573,334.39065287210036,325.93639812429694,326.78179931640625,7915300
V,2025-03-14,325.4490488592131,330.9791242369765,324.62352901702076,330.01434326171875,7810600
V,2025-03-17,328.25387841898765,334.3011443659121,327.9853424034857,332.7495422363281,6149400
V,2025-03-18,333.4855742072662,333.99280889375973,330.5116448865446,332.9683532714844,7778300
V,2025-03-19,334.9874082985368,339.1946543458717,332.69979850694,338.0408935546875,5614900
V,2025-03-20,337.17557297539463,340.3981262606751,335.8427882172436,337.6728820800781,5432700
V,2025-03-21,335.5543960989417,337.60330752184143,333.71434603571987,333.8536071777344,17279700
V,2025-03-24,336.8274700935473,343.3621193934056,335.8328518264154,342.0193786621094,5675100
V,2025-03-25,342.70567567264703,343.670456628358,338.8366263071723,342.7653503417969,3931200
V,2025-03-26,344.1279850138744,345.5105190570776,341.1540859312171,342.3277282714844,6187100
V,2025-03-27,342.14869369128905,348.95187919088926,341.47236053507334,347.9771423339844,7254800
V,2025-03-28,347.3107590550144,349.7276741866706,339.77153550703963,341.0048828125,5687600
V,2025-03-31,337.52371906366284,349.9663730942097,332.68985844378005,348.57391357421875,9950800
V,2025-04-01,348.554038661844,348.56399455789,340.7263975157584,344.4860534667969,7473300
V,2025-04-02,341.59172478975864,346.3261177966808,341.20380906792667,344.4661560058594,5682500
V,2025-04-03,332.10303217220144,342.88469050809556,329.2186452781965,337.5635070800781,8792900
V,2025-04-04,328.2240296028203,332.8489984947373,310.44025005144204,311.44482421875,13201700
V,2025-04-07,300.44435323230175,320.4461124138292,297.3908678064768,310.6391906738281,12163400
V,2025-04-08,320.5057803033753,324.5240465967075,302.2943222822846,306.6109619140625,9569300
V,2025-04-09,303.9951577662029,332.2323560753567,303.9951577662029,330.6409606933594,11361800
V,2025-04-10,326.25468921062,328.38318697726993,311.58406904406644,322.863037109375,8709800
V,2025-04-11,322.68398612435345,335.1664631634845,320.8041734472717,331.605712890625,6804500
V,2025-04-14,334.5995511231029,337.78231152034897,331.3471601589774,333.37615966796875,5011800
V,2025-04-15,334.9078528169676,337.56349685603044,333.1971082411184,334.00274658203125,4386200
V,2025-04-16,333.1971067385796,335.40516042124943,327.09013624248445,329.5468444824219,5850600
V,2025-04-17,329.28831581872555,332.52082556812974,326.67246461113416,327.8361511230469,5655900
V,2025-04-21,327.22941600835236,327.37860268054504,314.94587410879916,318.3773193359375,6362300
V,2025-04-22,322.11708523273086,330.7702770451616,320.6550253930315,329.61651611328125,5435500
V,2025-04-23,335.4250758734188,339.41350508951837,331.4068396748975,332.5705261230469,8906000
V,2025-04-24,331.48640498846805,334.9576133432302,329.4673309367854,333.9033203125,8055200
V,2025-04-25,332.9584442944002,334.55976524778504,330.3823864432966,333.3662414550781,4452800
V,2025-04-28,334.9675517429184,337.5137721769649,333.21701381200825,335.6936340332031,5422900
V,2025-04-29,336.6783009575525,340.4280010927126,334.649271088001,339.6820373535156,5519500
V,2025-04-30,332.64011941437764,344.6550941380622,331.44656541087437,343.6405944824219,9526700
V,2025-05-01,343.7201547108738,343.8594158327347,338.2895476717505,340.6070251464844,5849900
V,2025-05-02,345.3513492912497,348.20589880652943,344.25726314776085,345.72930908203125,6113700
V,2025-05-05,345.1325443557013,349.1607362623204,344.2572754097344,346.76373291015625,3865300
V,2025-05-06,344.53577437972086,347.76828386720285,343.89923444900063,345.82879638671875,3438500
V,2025-05-07,346.82341912771193,349.26021579129196,345.3414171957567,347.96722412109375,5454000
V,2025-05-08,350.1056599610006,353.4177257182288,349.06132283256784,349.37957763671875,4156400
V,2025-05-09,349.9365298922067,351.89592908319827,348.7827994188036,350.6427307128906,3086600
V,2025-05-12,357.2072393070147,359.94243969691246,349.24033682191566,353.9349365234375,7985400
V,2025-05-13,354.19393251101434,357.53144340324855,353.2574361913128,354.8116455078125,5406200
V,2025-05-14,355.3396707410757,357.0731709897608,353.8850945011151,355.13043212890625,6207600
V,2025-05-15,355.5588445221869,362.3733282415818,355.34960591405303,360.9486389160156,5826100
V,2025-05-16,361.59622868218145,364.82413393170333,359.54391480084973,363.75811767578125,5838100
V,2025-05-19,361.6659679468374,367.773108645852,360.9685971052235,366.52777099609375,5081500
V,2025-05-20,366.4082371024781,366.876485292389,363.3297659659902,365.47174072265625,5281400
V,2025-05-21,362.36335929117985,364.6248814559977,356.7443813752,356.96356201171875,6125500
V,2025-05-22,356.42561844179573,358.65725384764704,355.2300821008027,356.63482666015625,4936600
V,2025-05-23,352.4305827403652,354.6721906871237,350.90629055271955,352.22137451171875,5345900
V,2025-05-27,354.0843941309408,358.6572706837076,353.15787014524204,357.9598693847656,6316000
V,2025-05-28,357.99971519077724,359.5638666368891,356.7045761459249,358.3882751464844,3299000
V,2025-05-29,359.0059676063702,361.68593683901435,357.3820423385873,361.0483093261719,4590400
V,2025-05-30,360.0022073174311,365.6709866282055,360.0022073174311,363.827880859375,8726900
V,2025-06-02,361.41692078756654,364.0968899931985,358.6174040254199,363.9574279785156,3845700
V,2025-06-03,363.22016723710453,365.51160688320164,360.1516684739542,364.4953918457031,5221300
V,2025-06-04,365.34221389723444,368.28122296667425,364.943711922671,366.6274108886719,4202300
V,2025-06-05,368.6199717281593,369.6162419220192,364.5651447422487,365.4020080566406,6881900
V,2025-06-06,367.6336634586357,369.61623135855484,366.17908712646886,368.8391418457031,5008500
V,2025-06-09,368.4107498897708,368.4107498897708,360.6995981996271,365.29241943359375,4999900
V,2025-06-10,365.6311406230525,370.054582467795,365.3123268820121,369.3173522949219,4109300
V,2025-06-11,368.61995081675866,374.1094090027169,368.0022681962065,371.9176025390625,5562700
V,2025-06-12,370.8416612684603,372.77442785632786,368.17163407041176,370.0147399902344,4874000
V,2025-06-13,360.1616076005028,361.6560127256915,343.71317879339284,351.5339050292969,14181700
V,2025-06-16,355.1603259177902,358.87642441668567,353.0083788066973,354.15411376953125,7234700
V,2025-06-17,352.17152878606583,358.2587552676861,352.0021798851322,356.50531005859375,5559600
V,2025-06-18,356.5152840876527,357.1429391552553,336.77917458110494,339.1104431152344,15008600
V,2025-06-20,337.6857774607158,338.73184895038537,333.6708099966599,337.30718994140625,19332100
V,2025-06-23,336.2411765358665,343.01580141271785,334.37815621491995,342.4678649902344,7553300
V,2025-06-24,350.20884540966244,353.2375149471754,346.62229746685085,350.3184509277344,10172000
V,2025-06-25,349.14287332358316,349.9797365701998,343.97222900390625,343.97222900390625,6836300
V,2025-06-26,342.4977415890065,345.61607193787034,340.7542688741627,344.7393493652344,8829500
V,2025-06-27,345.2972681398286,350.6970657382951,344.3707441958881,347.3097229003906,6601900
V,2025-06-30,348.0469863402904,354.28361686489353,347.758059480953,353.7257080078125,7080100
V,2025-07-01,352.5003253091743,355.66845721095933,350.10928293808655,354.1441650390625,6653400
V,2025-07-02,353.2774217720861,355.03083666328854,348.69457273538455,352.8988342285156,5131400
V,2025-07-03,353.2674218638584,357.66097678704637,352.29106619078834,357.521484375,3702800
V,2025-07-07,357.5813092656852,358.318539475627,353.16780922585605,355.309814453125,5138000
V,2025-07-08,355.34962986453337,356.94366818555045,351.93243054636235,353.2275695800781,6966800
V,2025-07-09,353.74562916248493,356.42559814453125,352.43054534303275,356.42559814453125,7297100
V,2025-07-10,355.4990506687876,356.2861125702769,352.13168322955386,354.5526123046875,6121300
V,2025-07-11,351.19519745971826,352.490336482722,343.10548877187523,346.63226318359375,7580200
V,2025-07-14,346.09430241191524,350.65720632666466,343.7231745875086,349.19268798828125,5598900
V,2025-07-15,346.8215501881821,348.90375109580543,345.4666374153511,345.72564697265625,4891700
V,2025-07-16,345.99465924289495,349.36205712044364,344.5101960863047,348.59490966796875,5544200
V,2025-07-17,348.69454277896045,350.05942798180934,347.180223138528,348.5052490234375,4747100
V,2025-07-18,348.1964111134523,348.1964111134523,345.86514265316004,347.7480773925781,4927600
V,2025-07-21,347.75804976811514,352.3309260245521,347.10050783268775,349.63104248046875,5216300
V,2025-07-22,349.7904323155645,353.1578300616048,348.8937953213748,350.5475769042969,4614200
V,2025-07-23,351.68334618463285,354.45297585344963,349.90001418809686,353.9648132324219,4385600
V,2025-07-24,353.4965854726207,355.8477684564496,352.5401442283067,352.6497497558594,5887200
V,2025-07-25,352.67964313307067,356.3160232032684,351.6933453857131,355.70831298828125,3915400
V,2025-07-28,355.050774558835,356.98354115637125,353.4069348289467,354.1441650390625,3921000
V,2025-07-29,354.9610868905531,356.9835140027489,349.50151572878156,349.979736328125,7402300
V,2025-07-30,350.3882277115597,355.2898598765481,345.9348988766755,349.6011657714844,12129700
V,2025-07-31,347.6285129782043,351.50401819725914,343.80283950558015,344.1814270019531,8641700
V,2025-08-01,342.81657287620527,344.8788594328171,336.8389518335644,338.08428955078125,8658700
V,2025-08-04,340.4255065101513,343.09550309049547,338.7318351727871,340.8738098144531,7335300
V,2025-08-05,340.8738133900855,341.1826546930944,334.2984245575962,336.1714172363281,7295600
V,2025-08-06,337.03817739888945,340.1565078127774,334.1788869515231,338.4728088378906,5944100
V,2025-08-07,340.1565083848378,340.87382410554477,327.47400889461557,330.8513488769531,8797100
V,2025-08-08,332.4353909190749,336.1216023535283,331.48895259124214,335.5238342285156,6073900
V,2025-08-11,335.474046464941,336.59980615471875,333.26232559549754,334.6471252441406,5715800
V,2025-08-12,334.537376560292,337.9805381997309,334.14813290707946,336.0743103027344,5682800
V,2025-08-13,336.3138672035153,342.8010179707801,336.11425038162224,341.8728332519531,5693400
V,2025-08-14,342.26205999749146,345.3958368369868,340.99458156715644,344.8070068359375,6224000
V,2025-08-15,345.5655119519281,347.6713261561845,342.18219889052205,343.7890319824219,4946600
V,2025-08-18,343.1602705029361,345.04654884437423,340.2759994854355,342.06243896484375,3999600
V,2025-08-19,341.8828086987844,345.65533499710955,341.21415024263985,341.7730407714844,4457200
V,2025-08-20,342.72114050632774,346.75316252374313,342.172239961712,343.2500915527344,5834400
V,2025-08-21,342.2121832375114,343.83893543885483,339.04843635176593,343.0105895996094,6073600
V,2025-08-22,344.5375436989163,350.5057329383481,344.5375436989163,349.3480224609375,4973200
V,2025-08-25,348.9188484647155,350.02666996600544,346.8130343003853,348.13043212890625,8019800
V,2025-08-26,348.0006804946336,352.7013608124369,346.76314158515,350.4857482910156,5876200
V,2025-08-27,350.0166833752698,352.7313075070124,349.14840812537676,349.65740966796875,5531100
V,2025-08-28,349.9069233222199,350.346055945855,347.91087701742373,349.1683654785156,4987100
V,2025-08-29,349.7671968129017,351.9329205250827,348.31009149114084,351.0845947265625,3671900
V,2025-09-02,348.61945288912835,349.47776860832124,345.3958272535904,349.3779602050781,4940300
V,2025-09-03,348.6494173400271,350.1963715579915,346.57354250720647,350.1763916015625,4176400
V,2025-09-04,350.0366772649394,351.932915195873,348.45978360079187,350.296142578125,4324000
V,2025-09-05,350.6853763972418,351.9229153466072,339.52748498298126,342.54150390625,5448300
V,2025-09-08,341.66325098834,343.69922679881483,340.3259035851335,341.6233215332031,4711600
V,2025-09-09,341.0145260229184,345.63537799199776,340.61532286202095,343.3099670410156,4646200
V,2025-09-10,341.9326826147683,341.9326826147683,335.7748970908229,337.4515686035156,6557900
V,2025-09-11,338.06040447070677,342.8509035765299,337.20208869370686,342.81097412109375,5157600
V,2025-09-12,340.54547271636574,342.5115796109092,338.4995373681392,338.7590026855469,3518300
V,2025-09-15,339.9366438716623,342.0324985372332,337.721061760836,338.3797302246094,4367500
V,2025-09-16,335.575302246398,339.8668201685256,332.8107890193003,339.3578186035156,5527700
V,2025-09-17,339.26799036565296,345.515625,338.8488072435413,345.515625,5763500
V,2025-09-18,344.04854476902375,344.5874553616447,337.511474609375,337.511474609375,7526600
V,2025-09-19,339.77698185363715,342.01254388602956,337.5813188166458,340.9346618652344,13674300
V,2025-09-22,338.3398303673624,344.1782413003248,337.99051618111497,343.6792297363281,5621800
V,2025-09-23,343.9087971187826,344.57748603730715,336.96256445181376,338.03045654296875,10142700
V,2025-09-24,338.4595901222519,339.2280569704037,337.25199065879923,338.0104675292969,5207400
V,2025-09-25,337.68113584414385,339.5274847464182,333.8487306376266,334.26788330078125,5398700
V,2025-09-26,336.56335656214355,338.8288581394381,335.5653334159302,336.70306396484375,9619200
V,2025-09-29,336.71304576730614,339.96661089128565,334.8866463980206,339.487548828125,7217800
V,2025-09-30,339.14822552230964,344.92675748471197,337.84081766562116,340.70513916015625,8164400
V,2025-10-01,339.6372416890515,348.6693386399919,339.6372416890515,347.1423645019531,8381000
V,2025-10-02,345.5355685611745,346.49366223593256,342.8808233860803,345.26611328125,5198000
V,2025-10-03,345.4257697553006,352.46185107273504,345.3160018308454,349.1484069824219,5199700
V,2025-10-06,349.31810646750665,350.4258975888923,343.6692915574098,348.58953857421875,4735600
V,2025-10-07,349.3679771936605,353.7393234105342,349.3679771936605,351.72332763671875,5044600
V,2025-10-08,353.0806347383253,354.29822422013234,350.40593996099494,350.6654052734375,3927500
V,2025-10-09,350.7752087723753,352.17243513483515,344.8968376146598,346.3539733886719,4434800
V,2025-10-10,346.9427851067203,349.70729820863824,342.5714389298094,342.97064208984375,6296200
V,2025-10-13,343.0405210180918,346.9727346964128,340.0564415225829,342.621337890625,4030700
V,2025-10-14,340.3258988748494,349.31809732751066,339.5474420253318,347.6913146972656,5731000
V,2025-10-15,347.6913070023897,349.3879280690462,343.31996076828483,345.0066223144531,3778200
V,2025-10-16,344.317997628291,345.0066360601276,333.5094199734974,334.7369689941406,6241500
V,2025-10-17,337.1022609743228,342.7710554887772,336.3337941303852,341.2141418457031,6267100
V,2025-10-20,341.224108643159,344.27805704333804,338.2699686493566,343.7291564941406,4665000
V,2025-10-21,342.441709444648,348.9587996069108,342.3219515359296,346.52362060546875,4121800
V,2025-10-22,347.1324048696057,347.48171904899147,343.8189608400146,344.67724609375,5074400
V,2025-10-23,345.5156388046097,346.46374255594,343.77905775190646,345.2760925292969,7217200
V,2025-10-24,347.5116846600124,348.3899194773576,344.63737301851785,346.69329833984375,3576700
V,2025-10-27,348.3100757666289,348.8290368346801,344.3279731854161,347.1324157714844,5400300
V,2025-10-28,347.8909050230964,349.1983434033278,345.81503021979256,346.2142333984375,7445400
V,2025-10-29,345.31601726646807,350.2861836241041,338.32985506743546,340.6053466796875,8361700
V,2025-10-30,341.54348825515194,349.02866198192555,341.1143456045569,344.3479309082031,6411800
V,2025-10-31,341.40375364706125,342.3219483674877,337.5015098426867,340.06640625,7301600
V,2025-11-03,340.32590998591513,340.53548632913726,334.15813394165843,336.2340087890625,5538000
V,2025-11-04,335.81483309904655,339.64723825598196,333.5892305588313,339.62725830078125,5920200
V,2025-11-05,339.4576162795038,341.4336826087105,335.69504954021767,339.3677978515625,4984600
V,2025-11-06,337.92066694392963,337.98054589851864,333.0503089223536,336.29388427734375,8507900
V,2025-11-07,336.0643618066955,337.62127555612096,334.18807332475944,335.3557434082031,5318400
V,2025-11-10,335.9844787575322,338.0104644818932,333.65909827873315,334.18804931640625,5295800
V,2025-11-11,334.8367778311937,338.4196774025948,332.54133669364154,338.2500305175781,4453300
V,2025-11-12,338.25,344.260009765625,337.3999938964844,338.8800048828125,6389600
V,2025-11-13,339.0400085449219,341.4599914550781,335.6000061035156,336.0799865722656,4961700
V,2025-11-14,335.8900146484375,336.0799865722656,329.0299987792969,330.0199890136719,6422300
V,2025-11-17,331.1600036621094,333.3599853515625,324.92999267578125,325.75,6494800
V,2025-11-18,324.5,325.0,318.0,321.17999267578125,9170400
V,2025-11-19,321.5199890136719,324.57000732421875,319.8699951171875,324.1199951171875,7066700
V,2025-11-20,324.1199951171875,328.3999938964844,323.1400146484375,323.7699890136719,6510300
V,2025-11-21,325.3800048828125,331.0799865722656,324.2900085449219,327.9800109863281,8930000
V,2025-11-24,329.239990234375,330.7300109863281,326.0,329.29998779296875,9337100
V,2025-11-25,328.8999938964844,336.05999755859375,328.8999938964844,334.5299987792969,5854300
V,2025-11-26,334.5299987792969,335.7099914550781,333.05999755859375,333.7900085449219,4309900
V,2025-11-28,333.42999267578125,335.0199890136719,332.0,334.44000244140625,4586200
V,2025-12-01,332.94000244140625,333.29998779296875,330.1400146484375,330.3900146484375,7082300
V,2025-12-02,331.45001220703125,332.79998779296875,327.2099914550781,329.6199951171875,8201900
V,2025-12-03,329.6099853515625,332.3500061035156,329.3500061035156,329.6099853515625,6296700
V,2025-12-04,331.2799987792969,332.3800048828125,324.2799987792969,327.1000061035156,6277500
V,2025-12-05,326.8299865722656,334.1099853515625,326.3999938964844,331.239990234375,5266600
V,2025-12-08,329.8800048828125,331.3399963378906,324.7099914550781,326.8399963378906,6059400
V,2025-12-09,326.6099853515625,328.2300109863281,325.07000732421875,326.5,4325400
V,2025-12-10,326.6400146484375,328.760009765625,325.29998779296875,325.7300109863281,5467500
V,2025-12-11,332.6000061035156,347.32000732421875,330.05999755859375,345.6300048828125,12953600
V,2025-12-12,348.0,349.8399963378906,345.9700012207031,347.8299865722656,6942300
V,2025-12-15,347.8299865722656,348.45001220703125,343.8299865722656,346.8900146484375,7004600
V,2025-12-16,346.0,347.6199951171875,343.7200012207031,345.1099853515625,7269300
V,2025-12-17,345.54998779296875,347.7900085449219,343.67999267578125,344.4100036621094,7263500
V,2025-12-18,345.1700134277344,347.5299987792969,344.2699890136719,346.010009765625,6805000
V,2025-12-19,346.04998779296875,349.9100036621094,346.04998779296875,349.25,18623900
V,2025-12-22,350.0,353.44000244140625,349.5899963378906,352.0899963378906,5043500
V,2025-12-23,352.0,356.3800048828125,352.0,353.3800048828125,3703200
V,2025-12-24,353.3800048828125,355.989990234375,353.010009765625,355.1400146484375,2023600
V,2025-12-26,355.1000061035156,356.7300109863281,353.7099914550781,355.0,2017000
V,2025-12-29,355.489990234375,356.54998779296875,353.79998779296875,354.6099853515625,3989900
V,2025-12-30,354.0,354.8699951171875,352.6600036621094,353.6199951171875,3366500
V,2025-12-31,353.6499938964844,355.20001220703125,350.69000244140625,350.7099914550781,3503200
V,2026-01-02,349.8699951171875,350.04998779296875,343.4800109863281,346.4800109863281,5403800
V,2026-01-05,344.5,357.5400085449219,344.04998779296875,353.79998779296875,7592200
V,2026-01-06,353.67999267578125,358.6199951171875,352.0,357.55999755859375,6775400
V,2026-01-07,357.1499938964844,358.2799987792969,354.510009765625,355.8800048828125,6333900
V,2026-01-08,355.0,356.3500061035156,349.5,352.2300109863281,6357600
V,2026-01-09,352.1600036621094,354.70001220703125,349.1600036621094,349.7699890136719,4902900
V,2026-01-12,342.7799987792969,346.510009765625,337.32000732421875,343.20001220703125,13281300
V,2026-01-13,337.0,337.5199890136719,323.8299865722656,327.8800048828125,20383500
V,2026-01-14,328.6600036621094,329.8999938964844,323.94000244140625,329.1700134277344,9388400
V,2026-01-15,329.3299865722656,331.69000244140625,326.3699951171875,327.75,8587700
V,2026-01-16,326.7799987792969,329.25,325.3999938964844,328.29998779296875,8341600
V,2026-01-20,322.2300109863281,328.32000732421875,321.55999755859375,325.82000732421875,8279900
V,2026-01-21,326.42999267578125,328.6700134277344,323.0,325.2799987792969,8974600
V,2026-01-22,326.4599914550781,328.3900146484375,324.0,326.3599853515625,6938700
V,2026-01-23,325.8599853515625,327.79998779296875,324.6199951171875,326.17999267578125,5667900
V,2026-01-26,328.0,332.0,325.0299987792969,328.489990234375,7540200
V,2026-01-27,328.4800109863281,328.92999267578125,324.9100036621094,325.260009765625,6365800
