ticker,date,open,high,low,close,volume
WMT,2020-01-02,36.40932665737526,36.72483819964082,36.360315325837256,36.433834075927734,20294700
WMT,2020-01-03,36.22859640948828,36.38788586289192,36.02029913111968,36.1121940612793,16197600
WMT,2020-01-06,35.962094604948675,36.17345924493651,35.76911315685548,36.03867721557617,19336500
WMT,2020-01-07,35.919213220959904,35.998856196244915,35.594513588810635,35.70478820800781,20540700
WMT,2020-01-08,35.62514754968588,35.756865730414944,35.435229942851954,35.5822639465332,17627400
WMT,2020-01-09,35.579193492168415,35.95290441079079,35.55774994177948,35.9498405456543,16691100
WMT,2020-01-10,35.91308274840221,35.943714386985974,35.52711639000089,35.64964294433594,18164400
WMT,2020-01-13,35.649648696145384,35.70172389236627,35.34026839541989,35.496490478515625,18337800
WMT,2020-01-14,35.370901158612384,35.59757813233342,35.26675076287375,35.58838653564453,19757400
WMT,2020-01-15,35.11358537552201,35.49342403770374,35.079889868974966,35.31269454956055,22362600
WMT,2020-01-16,35.38010170529813,35.5118199263408,35.312710661456,35.502628326416016,16108200
WMT,2020-01-17,35.54856714155071,35.62514625352542,35.116653237765874,35.21467590332031,30135000
WMT,2020-01-21,35.10134144931923,35.438293086298444,35.07989789327514,35.40766143798828,22061100
WMT,2020-01-22,35.294316852841334,35.69559908877822,35.282064896742796,35.563880920410156,14778300
WMT,2020-01-23,35.59757432091844,35.628205962134324,35.23917921089933,35.47504425048828,12915300
WMT,2020-01-24,35.53324418588664,35.54243227525229,34.966548354336396,35.033939361572266,13150200
WMT,2020-01-27,34.67247978947822,35.603694908458976,34.516257734123926,35.4903564453125,21055200
WMT,2020-01-28,35.5271237241034,35.80893976504404,35.51793563285804,35.717044830322266,15810600
WMT,2020-01-29,35.704787090434316,35.87632849765345,35.49955368041992,35.49955368041992,11326500
WMT,2020-01-30,35.41377520320331,35.753790572029956,35.328004518421096,35.710906982421875,13744500
WMT,2020-01-31,35.4719841631642,35.612893934444685,34.889975906942915,35.07070541381836,23327400
WMT,2020-02-03,35.196296438664845,35.346394303541324,34.951239773223776,35.00331497192383,13041300
WMT,2020-02-04,35.30044325731928,35.60676318167425,35.19322900517668,35.30963134765625,15696600
WMT,2020-02-05,35.410721453811114,35.82425567217061,35.180980610896626,35.7813720703125,17048700
WMT,2020-02-06,35.7874941067776,35.910024184767884,35.55162905263574,35.62820816040039,16058700
WMT,2020-02-07,35.566942294470635,35.76604796021733,35.459728045809676,35.67108917236328,11068800
WMT,2020-02-10,35.45666697503623,35.83344179651185,35.24224196638153,35.30350875854492,18434700
WMT,2020-02-11,35.3586448780186,35.38008843089603,35.055388800077154,35.349456787109375,17390400
WMT,2020-02-12,35.380079013127165,35.661894968741954,35.352511242170785,35.4872932434082,14206800
WMT,2020-02-13,35.48730432165713,36.0049854354785,35.40459747740297,35.9743537902832,15999600
WMT,2020-02-14,36.04480304360216,36.32049484521478,35.88858096121742,36.1121940612793,24391800
WMT,2020-02-18,36.28984862133555,36.74320237021543,35.94982980411018,36.645179748535156,34539600
WMT,2020-02-19,36.60537889031547,36.74016095386771,36.047874450683594,36.047874450683594,21563400
WMT,2020-02-20,35.90388463724509,36.17957284003026,35.79667392165973,36.05091857910156,15068700
WMT,2020-02-21,35.97434042774568,36.37561903743118,35.93451720044373,36.32354736328125,18726300
WMT,2020-02-24,35.980474891662155,36.28679832815015,35.51793288269683,35.63127136230469,19848000
WMT,2020-02-25,35.640453572260085,35.86100626991817,34.93591539349146,35.04006576538086,23292900
WMT,2020-02-26,35.13503028257603,35.27900040448455,34.813391025344814,34.853214263916016,20019900
WMT,2020-02-27,34.47950289291323,34.94204840099118,33.802532384512396,33.817848205566406,28476900
WMT,2020-02-28,32.98770970792177,33.24195436539144,31.970724066911696,32.98464584350586,52369200
WMT,2020-03-02,32.96015323555768,35.655776427077335,32.86519093394695,35.496490478515625,51222600
WMT,2020-03-03,35.55776207893149,36.00192802503708,34.41212151649033,34.58672332763672,33340800
WMT,2020-03-04,34.99412200862228,35.79055518403112,34.7582534672883,35.76911163330078,24625200
WMT,2020-03-05,35.04313011533789,35.9161459052377,34.8930357757002,35.50873947143555,25638300
WMT,2020-03-06,34.88078114003159,36.118316166825146,34.61734133569045,35.91001892089844,29411100
WMT,2020-03-09,34.865470330597084,36.95151768102806,34.531582583684894,35.88858413696289,59243400
WMT,2020-03-10,36.17651762663727,36.966822985543935,35.20241543231112,36.69419860839844,37797300
WMT,2020-03-11,35.995781733066224,36.46139099680974,34.55300999506094,35.05231475830078,31620000
WMT,2020-03-12,32.476166837025644,34.15174381755074,31.54495147573197,31.87271499633789,56323200
WMT,2020-03-13,33.1562008640335,35.101338407718245,31.820639378921385,34.95124053955078,42962100
WMT,2020-03-16,32.22497381996851,34.10272336935395,31.244747385819295,32.70283508300781,36753900
WMT,2020-03-17,34.54383560938343,36.53492421738041,33.83623334484055,36.5318603515625,52806000
WMT,2020-03-18,35.22692756890064,39.23360837227391,35.07376934621739,37.54884338378906,77355900
WMT,2020-03-19,38.29342200840831,39.07491833283959,36.19198956087351,36.75196075439453,57100500
WMT,2020-03-20,36.7673395399432,37.77959665178958,34.42592125315013,35.06589126586914,55423500
WMT,2020-03-23,35.12742172882151,36.16429106095093,34.52437380701103,35.1612663269043,39366000
WMT,2020-03-24,35.6504759434223,36.11199069623221,34.247470672350794,35.39202880859375,42705000
WMT,2020-03-25,34.75820899586961,35.07511654876323,33.244441371348046,33.65980529785156,53287500
WMT,2020-03-26,33.659800819990046,34.11208670669778,32.87522735736235,33.789024353027344,58250700
WMT,2020-03-27,33.87825521540478,34.545911373744545,33.41366311939915,33.715187072753906,36160500
WMT,2020-03-30,34.41669044404945,35.628934150971254,34.1336274786805,35.441253662109375,29212500
WMT,2020-03-31,35.170498717005046,35.74893084513297,34.65667836990031,34.95820236206055,26258400
WMT,2020-04-01,34.505914076427125,35.54586086895452,34.3982289555841,35.11819076538086,28269600
WMT,2020-04-02,34.82282287971716,36.647346844941275,34.56437576361006,36.50581359863281,29515500
WMT,2020-04-03,36.06275780949144,36.89348566486542,36.00737477877394,36.76118469238281,28625100
WMT,2020-04-06,36.63196830938114,38.88723660555724,36.595046281678464,38.788780212402344,47768700
WMT,2020-04-07,38.14574324693838,38.91801094278449,37.425777658694614,37.53346633911133,41369700
WMT,2020-04-08,38.056496804457666,38.093418820728424,37.10270035095251,37.48729705810547,27876600
WMT,2020-04-09,36.373506042568664,37.80420423084951,36.20120917000602,37.4749870300293,32828700
WMT,2020-04-13,37.3119312419341,38.66570842460531,37.28116405883862,38.5518684387207,24194100
WMT,2020-04-14,39.10569350085719,39.933340695267,38.77955357027835,39.690277099609375,34098900
WMT,2020-04-15,39.69026861087064,39.961021912875516,39.11183646062089,39.616424560546875,22435200
WMT,2020-04-16,39.690265266312736,40.89635765836891,39.459507910113246,40.71482849121094,31882200
WMT,2020-04-17,40.45330619655556,40.91174351231719,39.91486998822949,40.65021896362305,30915300
WMT,2020-04-20,40.73328955874906,41.03788743839451,39.92410009991958,39.95178985595703,24401700
WMT,2020-04-21,40.01948096703742,40.31485011580013,39.431820091680386,39.754878997802734,27900600
WMT,2020-04-22,39.997944067328376,40.730215644067584,39.65950155845876,40.487152099609375,19448100
WMT,2020-04-23,39.95179364467042,40.33331302672127,39.29952095737836,39.54566192626953,28839900
WMT,2020-04-24,39.797959501585495,39.96410158199851,39.55489242316923,39.82564926147461,17343600
WMT,2020-04-27,39.997948463680494,40.09333095965395,39.43489984002798,39.47489929199219,17923800
WMT,2020-04-28,39.46873794037823,40.071785916583366,39.290286189426205,39.382591247558594,20732100
WMT,2020-04-29,38.63493425643126,38.69339118952814,37.705750002196694,38.028812408447266,44612100
WMT,2020-04-30,37.868822079824156,37.97958462433668,37.241161792456836,37.398075103759766,40497900
WMT,2020-05-01,37.376537809590225,38.05650372846787,37.16116403692868,37.8195915222168,31143900
WMT,2020-05-04,38.102658922393296,38.27495936896687,37.4473087830798,38.05958557128906,17807700
WMT,2020-05-05,38.090362487819284,38.53957121161063,37.924216843692065,38.376502990722656,19337400
WMT,2020-05-06,38.52417642359059,38.61032664386317,37.79805967758126,37.9365119934082,17309100
WMT,2020-05-07,38.152838169182495,38.3135362507972,37.547140897149546,37.66766357421875,27345600
WMT,2020-05-08,37.93343144503165,38.013778721603565,37.58422723551594,37.99214553833008,20830800
WMT,2020-05-11,38.02303586912253,38.41550631930077,38.013766528731296,38.21772384643555,25341900
WMT,2020-05-12,38.46804927222164,38.83270473043754,38.25172805786133,38.25172805786133,19100100
WMT,2020-05-13,38.16519509674012,39.01193756956615,38.038490522974065,38.2300910949707,29175300
WMT,2020-05-14,38.58238765264371,38.66891329586943,37.48533048632346,38.140472412109375,22233000
WMT,2020-05-15,38.155927062312706,38.91923141479492,38.03849535142567,38.91923141479492,31770000
WMT,2020-05-18,39.401318957130016,39.72888995242359,38.96867655194081,39.45076370239258,38633700
WMT,2020-05-19,40.714688020766765,40.788853353229,38.570018712241826,38.613285064697266,74746200
WMT,2020-05-20,39.08919577628417,39.12009829727698,38.51439756880408,38.76780319213867,32246400
WMT,2020-05-21,38.59474597945425,38.981031004532184,38.39696702808317,38.625648498535156,22448100
WMT,2020-05-22,38.659642430744064,38.7368987293534,38.24863326363574,38.421688079833984,22359600
WMT,2020-05-26,38.42477386203256,38.78633824200317,38.20536175966396,38.27643966674805,23730600
WMT,2020-05-27,38.31044096759245,38.47113549450526,37.401893393790154,37.8499870300293,31073700
WMT,2020-05-28,38.23317653245196,38.613283125720365,38.060118204453026,38.22390365600586,24424800
WMT,2020-05-29,38.393879682761806,38.539122950740015,37.68002010778627,38.338253021240234,29311200
WMT,2020-06-01,38.14665183245187,38.44641121443001,37.81289897265904,38.30734634399414,20550300
WMT,2020-06-02,38.19301151716207,38.36606635560993,37.95196971257027,38.301170349121094,19187700
WMT,2020-06-03,38.28881254673768,38.316627648882445,37.90561486553086,38.15592956542969,20262900
WMT,2020-06-04,37.94887551683636,38.285715822609916,37.64602515466919,37.73564529418945,24015000
WMT,2020-06-05,37.87779734451589,37.9117908244624,37.05577898019143,37.565677642822266,39337200
WMT,2020-06-08,36.95380713370601,37.466796875,36.916722685764846,37.466796875,28344300
WMT,2020-06-09,37.57804213769801,37.70165577036327,37.25665305858928,37.50078582763672,20746200
WMT,2020-06-10,37.5656798186559,37.85616635814511,37.4327968505441,37.44206619262695,28141500
WMT,2020-06-11,37.38953419461895,37.880890668259575,36.92289832435505,37.11140441894531,34162800
WMT,2020-06-12,37.241185442803605,37.31535430418968,36.175034584623475,36.38517379760742,32359200
WMT,2020-06-15,36.58914292838557,36.67567210743909,36.15959152903783,36.49025344848633,32703300
WMT,2020-06-16,37.02179831247709,37.154681318879376,36.63241863802404,36.975440979003906,25167600
WMT,2020-06-17,37.04033682175607,37.12377152587235,36.58915213003673,36.78384017944336,20166900
WMT,2020-06-18,36.6324081788781,36.79310624679601,36.36046385940481,36.46244430541992,20070000
WMT,2020-06-19,36.74057061476466,37.17630042598608,36.38827549237046,37.03723907470703,40078800
WMT,2020-06-22,37.383351977724665,37.72946517821092,37.207202649658825,37.60276412963867,27338400
WMT,2020-06-23,37.933420918689805,37.96432343675236,37.38025594298391,37.414249420166016,19727700
WMT,2020-06-24,37.31226631843129,37.42969800060509,36.95379289067941,37.176292419433594,20614800
WMT,2020-06-25,37.00941640701933,37.133030008334,36.582956025131345,36.99396514892578,20569800
WMT,2020-06-26,36.959984104881876,37.34317822707148,36.471715036550286,36.564422607421875,26991600
WMT,2020-06-29,36.620059100570934,36.98471463571211,36.533529889259725,36.79311752319336,16511400
WMT,2020-06-30,36.84255488987649,37.12376858122405,36.632412056486075,37.01560974121094,20509200
WMT,2020-07-01,36.91361647411742,37.05885970921476,36.66948377641344,36.98778533935547,19733700
WMT,2020-07-02,37.11139893064075,37.35553165157501,36.731292301542325,36.839454650878906,17695800
WMT,2020-07-06,37.0217834189708,37.04341659678426,36.53351442625209,36.74056625366211,21695100
WMT,2020-07-07,36.60459307429658,39.41676478367949,36.533515157605585,39.231346130371094,93458100
WMT,2020-07-08,39.55582498533169,39.59599684125383,38.443316733461295,38.4556770324707,52217100
WMT,2020-07-09,38.81724147446505,39.61144815616401,38.61328416253443,39.47856521606445,42771600
WMT,2020-07-10,39.784514374398704,40.597263434014536,39.32714785407646,40.384033203125,44236800
WMT,2020-07-13,40.58490933666714,41.29567452390748,39.830874246224994,40.02556228637695,42338400
WMT,2020-07-14,39.95138859603559,40.94646530911415,39.87412875883337,40.795040130615234,26455800
WMT,2020-07-15,40.8753922698002,41.450186995587,40.421116680077496,40.791954040527344,31731300
WMT,2020-07-16,40.80739454783516,41.017533777206026,40.55707992598624,40.8537483215332,17676600
WMT,2020-07-17,41.21532538634554,41.21532538634554,40.6281668462306,40.711605072021484,18189600
WMT,2020-07-20,40.779579899827205,41.02062162672575,40.52617433829338,40.62815475463867,18342600
WMT,2020-07-21,40.65597038447836,41.40691426837223,40.621976908956015,40.893924713134766,21712500
WMT,2020-07-22,40.96809554664491,41.11025138575989,40.54163510243357,40.99591064453125,16164600
WMT,2020-07-23,41.10098461203478,41.147338399974196,40.578725568762806,40.68070602416992,16796400
WMT,2020-07-24,40.46746272803223,40.91555273693119,40.33148883131278,40.55707931518555,13037400
WMT,2020-07-27,40.43965106611749,40.785764218409334,40.43965106611749,40.547813415527344,14045700
WMT,2020-07-28,40.63743761256383,40.90938547995123,40.45820085295266,40.7177848815918,14414100
WMT,2020-07-29,40.65597617672699,40.74868727616297,40.1275352879258,40.38711929321289,14223300
WMT,2020-07-30,39.99465824638582,40.303687038262815,39.778337031101714,40.21097946166992,13788300
WMT,2020-07-31,40.065739471004406,40.20171342377346,39.43840895607548,39.98847961425781,21631500
WMT,2020-08-03,40.14608641524881,40.21098243096942,39.63927859329555,39.957576751708984,14971500
WMT,2020-08-04,40.06573586845178,40.70233566993459,39.84632369499108,40.68070602416992,18219600
WMT,2020-08-05,40.31296379561219,40.40567138112273,39.812334346092804,40.11518478393555,25483500
WMT,2020-08-06,39.905031964017844,40.24496676578206,39.87412944323325,39.9730224609375,14496300
WMT,2020-08-07,40.044100588913764,40.31604845575684,39.89885731301673,40.16462326049805,16558500
WMT,2020-08-10,40.24805982063696,40.89702340060143,40.065732109261724,40.75486755371094,17683200
WMT,2020-08-11,40.97427498778763,41.0608041624645,40.090448095537994,40.235694885253906,25360200
WMT,2020-08-12,40.319132927044464,40.863025036637154,39.88958155127392,40.75795364379883,19094400
WMT,2020-08-13,40.714505368711215,40.94723060574973,40.565561359050776,40.9130973815918,19867200
WMT,2020-08-14,41.06515448190717,41.26064287361964,40.84484030733436,41.14583206176758,20106300
WMT,2020-08-17,41.68885975266599,42.241195289273364,41.533711914539374,42.07673645019531,39465000
WMT,2020-08-18,42.253599422444196,42.706638847329806,41.32269834311789,41.800559997558594,80232600
WMT,2020-08-19,41.6454110491573,41.78504407658415,40.91310203066938,41.08686828613281,38155200
WMT,2020-08-20,40.714518437710865,40.98137698456654,40.35456763549481,40.515926361083984,26810700
WMT,2020-08-21,40.50971979468017,41.16755517319603,40.37008673565324,40.844844818115234,24864000
WMT,2020-08-24,41.03723204492662,41.10860218785177,40.44145576774288,40.75175857543945,19813800
WMT,2020-08-25,40.58728995133564,40.72382288171522,40.23665017609089,40.53453826904297,21722400
WMT,2020-08-26,40.40421524700483,40.61211832262339,40.245963741148486,40.5562629699707,18814800
WMT,2020-08-27,40.67417370629263,43.24035920690488,40.61831835879216,42.396339416503906,119018700
WMT,2020-08-28,43.752351483543386,43.77407359810839,42.77180237707588,43.53514099121094,64050900
WMT,2020-08-31,42.660098871541486,43.097620008870585,42.055011687582336,43.085208892822266,45236400
WMT,2020-09-01,43.81441678908798,46.417839397733424,43.457573212781504,45.797237396240234,106798200
WMT,2020-09-02,46.932935656691726,46.957757888921385,45.18284044467845,45.82516098022461,51666000
WMT,2020-09-03,45.521068612478494,46.42094021654489,44.003698711767576,44.8508186340332,48015000
WMT,2020-09-04,44.68946006713702,45.00596658271422,43.47308201607352,44.3202018737793,33982200
WMT,2020-09-08,43.87957268753088,44.03162038479778,42.90212726350743,42.96108627319336,33966900
WMT,2020-09-09,43.4699761458392,44.25193317108849,43.27138411092545,43.40791702270508,33669000
WMT,2020-09-10,43.46067281588248,43.60961685618083,42.38392775150886,42.45219421386719,33709200
WMT,2020-09-11,42.526667327874776,42.95798465960227,42.061216765515276,42.418060302734375,28879800
WMT,2020-09-14,42.24429240694905,43.78338073941346,42.163611282303876,42.61044692993164,45733800
WMT,2020-09-15,42.892833651543036,43.156588569210214,42.41186817501343,42.62287139892578,30427800
WMT,2020-09-16,42.94867864455919,43.03245989755218,42.21636948539271,42.281532287597656,27860400
WMT,2020-09-17,42.023989723709114,42.688032492347375,41.89676777121155,42.41496658325195,37245000
WMT,2020-09-18,42.3373770895648,42.67560568423322,41.81297113562379,41.980533599853516,54709200
WMT,2020-09-21,42.35600510930665,42.585626745194546,41.98054308858252,42.532875061035156,47275500
WMT,2020-09-22,42.532871511388656,43.12865121976011,42.37772368987537,42.91764450073242,33102000
WMT,2020-09-23,43.131751340719184,43.20622513593972,42.14499841178919,42.197750091552734,23133300
WMT,2020-09-24,42.11706856029059,42.75628894243235,41.912272727604474,42.418060302734375,29453100
WMT,2020-09-25,42.36220728170924,42.67871379699609,42.18843746695706,42.594932556152344,22618800
WMT,2020-09-28,42.56080395877972,42.83696994141553,42.42427102534376,42.58872985839844,21197100
WMT,2020-09-29,42.588721544566866,42.864887473291766,42.3218630635292,42.554588317871094,27702900
WMT,2020-09-30,42.63216646072091,43.98197378042674,42.573211000256265,43.41412353515625,34826400
WMT,2020-10-01,43.69029425660692,44.801168996540184,43.52273176806383,44.39777755737305,43290900
WMT,2020-10-02,44.16814850320609,44.40397741412218,43.48238388230955,43.59719467163086,24585000
WMT,2020-10-05,43.84234359830543,44.121613239258835,43.77407713367809,44.00059509277344,14259000
WMT,2020-10-06,44.02232341289719,44.35434478249844,43.51963585767661,43.637550354003906,21475500
WMT,2020-10-07,43.8330267399743,43.923015308894705,43.51962390859153,43.71821594238281,16949100
WMT,2020-10-08,43.91061143115899,44.090588613215566,43.78959682222241,43.86406707763672,14676900
WMT,2020-10-09,43.95715141808389,44.4784537654051,43.92612185465819,44.3046875,14494800
WMT,2020-10-12,44.379160589145556,45.11457336327513,44.379160589145556,44.76082992553711,18402300
WMT,2020-10-13,44.8942634697919,45.490043256376936,44.79496743054547,45.37522888183594,23800200
WMT,2020-10-14,45.42797332852956,45.46831389165331,44.60877935975063,44.664634704589844,19710900
WMT,2020-10-15,44.400885126800844,44.98114655438708,44.32331120902931,44.84771728515625,13692600
WMT,2020-10-16,45.11767510092571,45.35040038270414,44.8290944731223,44.903568267822266,16935000
WMT,2020-10-19,45.02459111415233,45.108372366392736,44.29538207741215,44.357444763183594,14643300
WMT,2020-10-20,44.717388290590854,45.15801308165616,44.565340582407956,44.652225494384766,14523000
WMT,2020-10-21,44.633599175272316,45.22006778882389,44.633599175272316,44.80736541748047,13114200
WMT,2020-10-22,44.74220546671476,44.85701981488325,44.276754945771394,44.54361343383789,13344000
WMT,2020-10-23,44.6739480190944,44.72669614899661,44.32641191911192,44.63671112060547,10540500
WMT,2020-10-26,44.32331142664468,44.41019634563917,43.73373899536742,44.1123046875,16111800
WMT,2020-10-27,44.07817887683127,44.59017747618569,44.05335663928454,44.33262634277344,11831100
WMT,2020-10-28,43.73994475350272,44.102995648925685,43.4048197573873,43.4544677734375,16849200
WMT,2020-10-29,43.442058297943575,43.78649075646814,43.038666820635356,43.417232513427734,15153900
WMT,2020-10-30,43.18760558434108,43.46997887364752,42.62596267230079,43.054176330566406,18601800
WMT,2020-11-02,43.6251325681719,43.69339903198512,43.141063539109304,43.5661735534668,16575600
WMT,2020-11-03,43.95404775152014,44.732901157044104,43.92922197011603,44.3046875,15413100
WMT,2020-11-04,43.92923283889334,44.80428236886497,43.857866245799386,44.05025100708008,17927400
WMT,2020-11-05,44.68325383277762,44.754623960418286,44.35433619407784,44.518795013427734,14202600
WMT,2020-11-06,44.7949658286582,45.372127143356686,44.54362207247138,45.23249053955078,16198500
WMT,2020-11-09,45.92445287730147,45.986515554501175,44.52189745160887,44.5405158996582,28198500
WMT,2020-11-10,44.60568113186239,45.44038636657294,44.53741466898317,45.16732406616211,18199200
WMT,2020-11-11,45.58932984295472,46.22234289898344,45.4279746878434,45.918251037597656,18805800
WMT,2020-11-12,46.07339681394873,46.14476693947047,45.64518316303001,45.99582290649414,12564300
WMT,2020-11-13,46.216143418022426,46.83674186518048,45.77551504045599,46.712623596191406,19738200
WMT,2020-11-16,46.7095126046746,47.60007311878297,46.32163597269442,47.30218505859375,34560300
WMT,2020-11-17,46.70021869575967,47.550442445711845,46.29061983091898,46.349578857421875,42711600
WMT,2020-11-18,46.50161648761623,47.06325941987268,46.250272752776965,46.2626838684082,24936900
WMT,2020-11-19,46.37748728648641,47.30528461529021,46.33404661314749,47.20288848876953,18590700
WMT,2020-11-20,46.90810679817992,47.4014832546851,46.48610046909198,46.619529724121094,21937200
WMT,2020-11-23,46.659875017463605,46.9794852631563,46.34957577322871,46.83364486694336,18557100
WMT,2020-11-24,47.084978372148356,47.159448612038524,46.628835280062496,46.967063903808594,17155200
WMT,2020-11-25,46.932930004110005,47.2866698529685,46.920515338384206,47.1129035949707,13833300
WMT,2020-11-27,47.21220056995538,47.38907049796536,46.88638661017228,47.041534423828125,10999500
WMT,2020-11-30,47.041542680534484,47.460448953143114,46.576092055659664,47.41080093383789,32695500
WMT,2020-12-01,47.66213825869495,47.680756707307545,47.06015477427647,47.36425018310547,22935300
WMT,2020-12-02,47.16565621554169,47.35804092487518,46.39921394248967,46.7064094543457,23547000
WMT,2020-12-03,46.63194194135325,46.63194194135325,46.045473228465816,46.32784652709961,25725900
WMT,2020-12-04,46.39300618208449,46.39300618208449,45.79412639414626,46.206825256347656,20889300
WMT,2020-12-07,46.067198495604764,46.2316573295769,45.66380702678678,45.95859146118164,18479100
WMT,2020-12-08,45.72586558495964,46.498515279327634,45.670013786113145,46.374393463134766,20716500
WMT,2020-12-09,46.545052766935555,46.545052766935555,45.89031765158645,46.00823211669922,20139600
WMT,2020-12-10,46.01446205879558,46.13903399770272,45.64696913648168,45.79334259033203,20652300
WMT,2020-12-11,45.755982514576544,45.93972902766391,45.450779039545786,45.78089904785156,16860900
WMT,2020-12-14,45.998896521132,46.005126544518305,45.28259708743032,45.36045455932617,25088100
WMT,2020-12-15,45.31997468588429,45.58157866919755,45.11442666237417,45.338661193847656,31871400
WMT,2020-12-16,45.54419743288459,45.74663040784868,45.182934515029906,45.291934967041016,25650900
WMT,2020-12-17,45.48813861186144,45.60648052665461,45.204729613532216,45.50059509277344,30679500
WMT,2020-12-18,45.66254739366956,45.83695241088073,45.207851908306665,45.453887939453125,41384100
WMT,2020-12-21,45.313736250253136,45.67811417768178,45.176704260017054,45.46010971069336,25553100
WMT,2020-12-22,45.20473263193183,45.541082587617275,44.57875076425109,44.908870697021484,37599000
WMT,2020-12-23,44.70331955063015,44.91509396476856,44.31714016196424,44.603660583496094,20430600
WMT,2020-12-24,44.70333605563658,44.96805506206847,44.59121700315073,44.69087600708008,9054600
WMT,2020-12-28,44.85904662533202,45.25145614240037,44.637930682344034,45.226539611816406,19344900
WMT,2020-12-29,45.35733632052382,45.42274086916683,44.718897968228575,44.94001388549805,17938200
WMT,2020-12-30,45.12064218692203,45.20472967033439,44.82789528264858,44.90264129638672,18751200
WMT,2020-12-31,44.90887822799025,44.93067974776255,44.48844427696536,44.893306732177734,17814000
WMT,2021-01-04,44.94002371653376,45.74664078796904,44.93379725631496,45.634525299072266,32182200
WMT,2021-01-05,45.6563202815866,45.80269375502948,44.99919181081716,45.391597747802734,26498100
WMT,2021-01-06,45.18604936435841,46.12346821745322,45.1611328369649,45.67499923706055,21918900
WMT,2021-01-07,45.9739858184208,46.01758529201095,45.48191730519613,45.67189025878906,20538000
WMT,2021-01-08,45.74352215006882,45.78089516476784,45.41028715785738,45.66566467285156,24478200
WMT,2021-01-11,45.46945345123398,46.089208837006204,45.46945345123398,45.8712043762207,26264400
WMT,2021-01-12,46.4037656594944,46.69339761309937,46.191987618994204,46.3944206237793,23373300
WMT,2021-01-13,46.32590585226431,46.4255648513591,45.91481337202007,45.921043395996094,16069500
WMT,2021-01-14,46.03626818563679,46.09232413812621,45.481913735340996,45.771549224853516,23017200
WMT,2021-01-15,45.201628402556594,45.43831584982837,44.74381787552702,45.0459098815918,35920500
WMT,2021-01-19,45.0459068907615,45.17982388323719,44.43238144758916,44.656612396240234,24123600
WMT,2021-01-20,44.71889866484094,45.363567050121624,44.50089419156067,45.31685256958008,23775600
WMT,2021-01-21,45.270127265494374,45.385357715581186,44.91197587213276,45.11129379272461,14325900
WMT,2021-01-22,45.34488557436572,45.886783588192394,45.195397081600916,45.572235107421875,19219500
WMT,2021-01-25,45.27014194605411,45.54731740548507,44.93067694317428,45.53174591064453,19031100
WMT,2021-01-26,45.354218955864944,46.03314885797766,45.30439303125113,45.93971633911133,15031500
WMT,2021-01-27,45.76842973746222,46.048720164758656,44.70643542249526,44.7967529296875,29910300
WMT,2021-01-28,44.98984609419923,45.55043057808409,44.73135715183125,44.76873016357422,22301700
WMT,2021-01-29,44.591220304116085,44.76874036831645,43.70986070011583,43.75346374511719,32509200
WMT,2021-02-01,43.88425581432684,44.06488728590543,43.34858785883315,43.37350082397461,25945200
WMT,2021-02-02,43.52610779494427,44.270435258267774,43.42644879824605,43.84065628051758,27002400
WMT,2021-02-03,43.80639623343608,44.23929020289853,43.79705476221954,43.974571228027344,14966700
WMT,2021-02-04,44.158325302730816,44.59121934655426,43.993265291553875,44.38878631591797,17346300
WMT,2021-02-05,44.67840026110737,45.11129409555414,44.3887648465156,44.95869064331055,20451600
WMT,2021-02-08,45.09885002780212,45.33865602790681,44.989846004450335,45.16736602783203,15825300
WMT,2021-02-09,45.02722085177933,45.569118850803676,45.02722085177933,45.4165153503418,15906900
WMT,2021-02-10,45.41651888878145,45.4383168447695,44.703334391221105,44.88707733154297,18576900
WMT,2021-02-11,44.890194618705706,45.1424571440611,44.75627760761903,44.85282516479492,12791400
WMT,2021-02-12,44.89641409843381,45.036561100966786,44.74381061418951,44.992958068847656,13423500
WMT,2021-02-16,45.45076603297492,45.59090946374817,45.13621761144715,45.363563537597656,27891000
WMT,2021-02-17,45.04902464220038,45.936614147799766,45.002310155397645,45.84318161010742,25571100
WMT,2021-02-18,43.28941953606959,43.81886110822962,42.82226751386709,42.87209701538086,96927300
WMT,2021-02-19,42.91569114120255,43.42021251166285,42.87520312034573,43.083866119384766,36606000
WMT,2021-02-22,42.89699925617223,43.083860715613945,42.432962400684,42.88142776489258,32106600
WMT,2021-02-23,42.700799332430826,42.78799826409866,42.06235745278058,42.19004440307617,31300200
WMT,2021-02-24,42.31462839919138,42.40494236027856,41.436380370964876,41.486209869384766,46565700
WMT,2021-02-25,41.45194723020668,41.73534910507359,40.94742232198179,41.09379577636719,33324600
WMT,2021-02-26,40.94742828852838,41.05020229192957,40.44290330678796,40.46158981323242,42470700
WMT,2021-03-01,40.978563209079894,41.28688159448781,40.83841622038523,40.91316223144531,34634400
WMT,2021-03-02,40.95677240484884,41.342951913439705,40.48962040582692,40.5207633972168,29230800
WMT,2021-03-03,40.33078530551731,40.464702289907265,39.723486358422484,39.73594284057617,41837400
WMT,2021-03-04,39.82002863124409,40.35569654592138,39.327963748371786,39.717254638671875,45348000
WMT,2021-03-05,39.499263581288744,40.40865111988484,39.47434704774877,40.21244812011719,34073700
WMT,2021-03-08,40.27784390844209,40.43667386939217,39.804461909218716,39.826263427734375,40988400
WMT,2021-03-09,40.11278013008998,40.44912652689437,39.96329165459257,40.14080810546875,31988700
WMT,2021-03-10,40.13146534822955,41.43637356446295,40.01000485200551,41.165428161621094,44929200
WMT,2021-03-11,41.53292844284783,41.57341290602481,40.96300243371823,41.14986038208008,35489700
WMT,2021-03-12,41.2713166698519,41.894187126146925,41.13428823458141,41.769615173339844,28437600
WMT,2021-03-15,41.96270666784339,41.96582167974381,41.364752690089176,41.554725646972656,25071900
WMT,2021-03-16,41.36474658384213,41.81943845975035,41.36474658384213,41.54226303100586,19881000
WMT,2021-03-17,41.26509116605976,41.46440914643507,41.10314263393986,41.19657516479492,24156300
WMT,2021-03-18,41.018311516331416,41.26537118600271,40.633647724171354,40.65866470336914,29815500
WMT,2021-03-19,40.69619598346945,41.437378612106926,40.62426590113797,41.19969940185547,57703500
WMT,2021-03-22,40.96827179909064,41.42173762836665,40.96514378211561,41.3967170715332,24654000
WMT,2021-03-23,41.19032079994903,42.000305600776805,41.165303816068885,41.88772201538086,29154900
WMT,2021-03-24,42.040967244253494,42.040967244253494,41.60939022520454,41.62815475463867,23547300
WMT,2021-03-25,41.67505193892782,42.072227799478085,41.55308790220034,41.909603118896484,28125900
WMT,2021-03-26,41.906477616546795,42.281757347586584,41.72508841669787,42.259864807128906,28653600
WMT,2021-03-29,42.219210080513925,42.847805490475295,42.09411803350209,42.741477966308594,30146400
WMT,2021-03-30,42.635155301113116,43.029203200913464,42.36620305204911,42.45064163208008,27230100
WMT,2021-03-31,42.39122749227,42.80090835955676,42.20671380635531,42.47879409790039,24546000
WMT,2021-04-01,42.5131956132095,42.81029649712035,42.32242945231643,42.413124084472656,25595100
WMT,2021-04-05,42.75711934874204,43.832928254783056,42.594498237492594,43.60462951660156,40043100
WMT,2021-04-06,43.50455013014778,44.079983576185555,43.32003649484981,43.81415939331055,31044600
WMT,2021-04-07,43.87672086800273,44.01745305153558,43.673442637996644,43.72035217285156,20361600
WMT,2021-04-08,43.92361523283487,44.133149426708094,43.67655557141883,43.69219207763672,19095600
WMT,2021-04-09,43.6671791488226,43.81103932591925,43.37946595256425,43.71409225463867,20676600
WMT,2021-04-12,43.80479076717766,43.901737855004775,43.57649555016952,43.72035217285156,18723000
WMT,2021-04-13,43.720349023487316,43.78289864442292,43.42950778095649,43.58587646484375,17397900
WMT,2021-04-14,43.507682545887626,43.614013661374685,43.28876785921659,43.570228576660156,21924600
WMT,2021-04-15,43.59525228966672,43.929878589057886,43.53270625437013,43.83293151855469,21710400
WMT,2021-04-16,44.06122611101641,44.08311865466715,43.69219878130774,43.97365951538086,26488500
WMT,2021-04-19,43.87357769714427,43.96114427934453,43.66091906520095,43.69219207763672,19281000
WMT,2021-04-20,43.60150030060961,44.336430456287616,43.4138622138497,44.02994918823242,24452100
WMT,2021-04-21,44.02369268459951,44.314537442325225,43.94863816648881,44.15816879272461,17335200
WMT,2021-04-22,44.120648741766985,44.2363603398336,43.60150519081111,43.679691314697266,19705200
WMT,2021-04-23,43.50143708303077,43.889225399331025,43.47954453715429,43.75162124633789,22971000
WMT,2021-04-26,43.75473989318396,43.78288846870163,43.044833892318515,43.1292724609375,22846200
WMT,2021-04-27,43.15742457158466,43.454521829823776,43.01669240769898,43.27626419067383,16151400
WMT,2021-04-28,43.26688034246659,43.34193486610965,43.116767716213154,43.12302017211914,14286600
WMT,2021-04-29,43.12614640474041,43.78289045953199,43.12614640474041,43.66717529296875,19596000
WMT,2021-04-30,43.69219563873188,43.77976222806918,43.50455396985686,43.75474166870117,19680000
WMT,2021-05-03,43.68281690222153,44.63978623045339,43.68281690222153,44.44588851928711,27139500
WMT,2021-05-04,44.2645042066427,44.41774485393293,43.81416631730242,44.008060455322266,19084200
WMT,2021-05-05,44.00493273426137,44.15817338258394,43.86107613853243,43.97053527832031,18351000
WMT,2021-05-06,43.954836479964925,44.38182410470091,43.78215581178798,44.28449630737305,16302000
WMT,2021-05-07,44.46659000233455,44.494849122690745,43.74133485891201,44.01762390136719,23408400
WMT,2021-05-10,44.09611807217549,44.60787947717723,44.05216462584752,44.212284088134766,26307600
WMT,2021-05-11,44.22798262076139,44.22798262076139,43.427374584136246,43.81354904174805,26464200
WMT,2021-05-12,43.600048013433224,43.63458413929179,42.67071650935585,42.68013381958008,25998300
WMT,2021-05-13,42.77119213953096,43.634591845455446,42.623630299812056,43.402259826660156,21475200
WMT,2021-05-14,43.58121206040033,44.03017812682646,43.46190576424828,43.80412673950195,16091700
WMT,2021-05-17,43.95482863281062,44.080411937775466,43.56865422120851,43.606327056884766,19675800
WMT,2021-05-18,45.056848743557545,45.39278920045401,44.334733776331696,44.554508209228516,58183800
WMT,2021-05-19,44.17774643048878,45.122776034637894,44.11181446675955,44.55764389038086,34874700
WMT,2021-05-20,44.4257794185804,44.855907328402985,44.174609180541204,44.714622497558594,30540900
WMT,2021-05-21,44.74602157040499,44.92183893914279,44.45717490066881,44.504268646240234,22927500
WMT,2021-05-24,44.50740432739258,44.7146175049997,44.381817425883995,44.50740432739258,18945900
WMT,2021-05-25,44.51996617376294,44.7836940210844,44.29077445816428,44.68950653076172,21505200
WMT,2021-05-26,44.705211189881226,44.859053655034344,44.507415274551356,44.636138916015625,19294200
WMT,2021-05-27,45.006606515274385,45.110214905352464,44.48542785644531,44.48542785644531,56577000
WMT,2021-05-28,44.560782514896474,44.724042267221904,44.46973173397128,44.59217834472656,21186300
WMT,2021-06-01,44.64869025094556,44.833928524886396,44.35356657050812,44.47601318359375,20767500
WMT,2021-06-02,44.39123497946052,44.49170305587585,43.98308207164007,44.37867736816406,23298000
WMT,2021-06-03,44.39125186223184,44.535673429621745,44.190315632981616,44.457183837890625,18374400
WMT,2021-06-04,44.41320938581159,44.67380047706595,44.347277435992666,44.5356559753418,13635900
WMT,2021-06-07,44.53566403360615,44.5733404668975,44.07727700995465,44.23740005493164,16630800
WMT,2021-06-08,44.114952536124584,44.2373991452924,43.89517813714082,43.901458740234375,20120700
WMT,2021-06-09,43.747618801888834,43.9579723082543,43.65029100651045,43.66598892211914,17085300
WMT,2021-06-10,43.66598978644641,44.01448783148459,43.66598978644641,43.91716003417969,16378500
WMT,2021-06-11,44.02704426576906,44.22170344818498,43.91087825386938,44.1903076171875,25232400
WMT,2021-06-14,44.246823219874734,44.246823219874734,43.96425711885566,44.13065719604492,15140700
WMT,2021-06-15,44.218561831328024,44.24054034958159,43.848085287740474,43.954833984375,19327200
WMT,2021-06-16,43.90774132503538,43.96739268502699,43.00352486893805,43.06003952026367,28794900
WMT,2021-06-17,43.012939397942894,43.43679023749885,42.921888627585695,43.238990783691406,19341900
WMT,2021-06-18,42.523162819460325,42.82142680484064,42.19663971196495,42.438392639160156,44812800
WMT,2021-06-21,42.59223766591729,42.93445511651943,42.49490986601272,42.82456970214844,20775000
WMT,2021-06-22,42.77119531582331,43.238999689790795,42.77119531582331,43.02236557006836,19107000
WMT,2021-06-23,42.85596079279039,43.009803230305224,42.67700312912173,42.68642044067383,19390500
WMT,2021-06-24,42.752351982228646,43.088292381649424,42.73037705781467,42.984683990478516,23444100
WMT,2021-06-25,43.05375641404521,43.59691359786148,42.98782445450939,43.49330520629883,28640700
WMT,2021-06-28,43.33946104010948,43.52783959970351,42.88735465289708,43.358299255371094,15549000
WMT,2021-06-29,43.295510530352466,43.47446819791756,43.08515343987792,43.10713195800781,35962500
WMT,2021-06-30,43.81669078238643,44.764860688274894,43.543542022342734,44.27507781982422,45511200
WMT,2021-07-01,44.083557839454926,44.347285687803144,43.64400903019292,43.741336822509766,26348700
WMT,2021-07-02,43.75076341571826,44.29392069117152,43.75076341571826,43.989376068115234,26280600
WMT,2021-07-06,43.923435802478956,44.19030755160655,43.80099278037502,43.935997009277344,18279300
WMT,2021-07-07,43.8794788895765,44.32844498552452,43.7538955756989,43.8637809753418,25607400
WMT,2021-07-08,43.43365933457608,44.15891098105475,43.395982897791455,43.82611083984375,21267000
WMT,2021-07-09,44.08355117179968,44.218555377181815,43.932849053676954,44.049015045166016,15185400
WMT,2021-07-12,44.17146764845723,44.20286347820977,43.744476459173384,43.97053146362305,19515000
WMT,2021-07-13,43.95169409949674,44.32531094823764,43.93599618431605,44.136932373046875,18947700
WMT,2021-07-14,44.17775106831899,44.519972129714674,43.90146557059708,44.44148254394531,18812100
WMT,2021-07-15,44.5827582884431,44.783694477597734,44.29705191992495,44.47601318359375,17974800
WMT,2021-07-16,44.488564033014484,44.623568239140305,44.25309174758675,44.444610595703125,18095400
WMT,2021-07-19,44.39752210758814,44.89044529179391,43.882623996860545,44.34101104736328,27383100
WMT,2021-07-20,44.25937654573924,44.73032116124051,44.19972159692357,44.54194259643555,19020300
WMT,2021-07-21,44.73975209845502,44.75230971512726,44.17775653434758,44.322181701660156,18591900
WMT,2021-07-22,44.309608180390164,44.62043335957208,44.206003380351895,44.35356521606445,13013400
WMT,2021-07-23,44.43205562822317,44.808812775004014,44.27193617630589,44.7177619934082,15947400
WMT,2021-07-26,44.69578532834789,45.166729946980716,44.413215682750355,44.78055191040039,18517200
WMT,2021-07-27,44.896720699664584,44.896720699664584,44.57019761817062,44.78369140625,15395700
WMT,2021-07-28,44.733460758247,44.97521368454328,44.476013509644346,44.60159683227539,14071500
WMT,2021-07-29,44.78369872057153,44.84963428234345,44.58904311626901,44.65811538696289,11063100
WMT,2021-07-30,44.33158885381709,44.884163383986646,44.33158885381709,44.75543975830078,16332300
WMT,2021-08-02,44.84334763544094,44.855905248504996,44.479148112404594,44.65182876586914,19958400
WMT,2021-08-03,44.720899003499824,45.17928599330672,44.69578377850825,45.15416717529297,18915300
WMT,2021-08-04,45.0160218862787,45.19184283029126,44.815089310727664,44.84648513793945,15301500
WMT,2021-08-05,45.28290169457812,45.69419141616659,45.20754882138841,45.67849349975586,27005400
WMT,2021-08-06,45.90454769790297,45.98617758037022,45.508952306841444,45.59686279296875,19263600
WMT,2021-08-09,45.81034994186072,45.98931118990318,45.650230502056594,45.70674514770508,15811800
WMT,2021-08-10,46.14315048643253,46.7647971742616,45.91709551221199,46.68002700805664,38262000
WMT,2021-08-11,46.940623906737514,47.590529842000635,46.83073849531473,47.09760665893555,41455800
WMT,2021-08-12,46.95264626434674,47.3339380658822,46.89277179251829,46.971553802490234,18269100
WMT,2021-08-13,47.07239258543531,47.38120972815092,47.00306974714185,47.11966323852539,15981300
WMT,2021-08-16,47.16692040591334,47.81291406289489,46.96524482995239,47.50409698486328,47791500
WMT,2021-08-17,47.39381983148525,48.0555693937257,46.98416843164164,47.48835754394531,50950200
WMT,2021-08-18,47.441091071132824,48.07762938242167,46.958957747301596,46.984169006347656,28211700
WMT,2021-08-19,46.74152509778374,47.47575296015372,46.637535418859486,47.30243682861328,22630500
WMT,2021-08-20,47.41902041227086,47.80976778787783,47.18898530853384,47.72468566894531,19400400
WMT,2021-08-23,47.74988597438875,47.83181982955532,47.39695372951255,47.40956115722656,16166100
WMT,2021-08-24,47.42533144625296,47.42533144625296,46.85811603041636,46.921138763427734,18828900
WMT,2021-08-25,46.76672809370304,47.04087839141531,46.646982751816765,46.940040588378906,21921300
WMT,2021-08-26,46.47051258049472,46.72260707608122,46.21841808490823,46.432701110839844,23466900
WMT,2021-08-27,46.48312324337403,46.53984586556887,46.06401630818314,46.17115783691406,23088600
WMT,2021-08-30,46.13964043863067,46.637525723237246,46.01359138564829,46.542991638183594,16440600
WMT,2021-08-31,46.63438508456598,46.77618623529378,46.3980462271082,46.66904830932617,25078500
WMT,2021-09-01,46.498880134963464,46.61547362492612,46.18691113834446,46.56820297241211,19056600
WMT,2021-09-02,46.67534628332863,46.88647748016135,46.539845248419454,46.81399917602539,20018100
WMT,2021-09-03,46.70055635634929,47.15747474912489,46.60601865633972,47.031429290771484,17211900
WMT,2021-09-07,46.94319784547447,47.00622057806026,46.34132281554184,46.40749740600586,25345200
WMT,2021-09-08,46.30665658598018,46.73836732491657,46.237330142137345,46.46736526489258,19508400
WMT,2021-09-09,46.46736569903677,46.51463635209452,45.95687654471153,46.139644622802734,22328700
WMT,2021-09-10,46.38544042395278,46.398047856122595,45.82768055651994,45.97263717651367,15775200
WMT,2021-09-13,46.171160170934264,46.369683949284884,45.57873708762628,45.71108627319336,19529400
WMT,2021-09-14,45.84343182527261,45.96948089111663,45.35184659909666,45.47159194946289,16533900
WMT,2021-09-15,45.399120167113736,45.61339962593536,45.31088617598314,45.550376892089844,14850000
WMT,2021-09-16,45.51571350419498,45.78986744418369,45.27937464687604,45.70163345336914,18428400
WMT,2021-09-17,45.42117766889826,46.05771956591611,45.3833661909154,45.60709762573242,73032600
WMT,2021-09-20,45.21949808431301,45.75205025638183,44.62707864555373,44.980010986328125,25054500
WMT,2021-09-21,44.96739569596444,45.559818637426986,44.95794373050626,45.068233489990234,17437500
WMT,2021-09-22,45.210039224856864,45.251006157326145,44.83819940030515,44.9642448425293,15044400
WMT,2021-09-23,45.13127238592566,45.260469718554084,44.88862979873841,44.98946762084961,15585300
WMT,2021-09-24,44.90437384620857,45.279365526958095,44.901221988913456,45.115501403808594,13360500
WMT,2021-09-27,45.02097539751842,45.235254850847376,44.69640255654221,44.82560348510742,21250800
WMT,2021-09-28,44.70900583606542,44.76888031594895,44.11343453252005,44.27414321899414,20580900
WMT,2021-09-29,44.32140835106977,44.69325182684582,44.21742229115374,44.25523376464844,21375600
WMT,2021-09-30,44.31825853876713,44.661735283275014,43.88024409824084,43.921207427978516,22457700
WMT,2021-10-01,43.88338635305242,43.999979823672724,42.830893260325745,43.18697738647461,30014400
WMT,2021-10-04,43.19958910514897,43.55882515410566,42.44960564252362,42.771026611328125,29970300
WMT,2021-10-05,42.840344375371664,43.39495221565918,42.82458869620828,43.051475524902344,20597400
WMT,2021-10-06,42.93173367185244,43.42016697790968,42.89707045364066,43.36659622192383,19376700
WMT,2021-10-07,43.73214146571304,44.33717198206582,43.72584135596911,43.877098083496094,21068100
WMT,2021-10-08,44.00944519042969,44.144946227828925,43.80461770540808,44.00944519042969,13847400
WMT,2021-10-11,43.965323275980225,44.36237075392339,43.940112023316274,43.96847152709961,13048200
WMT,2021-10-12,43.908603603924185,44.24578023952708,43.823521480629786,43.921207427978516,15789300
WMT,2021-10-13,43.959019945074644,44.119728609575574,43.52730563860755,43.602935791015625,17937900
WMT,2021-10-14,43.64390043690819,44.13863383404242,43.64390043690819,44.07561111450195,19783500
WMT,2021-10-15,44.31195731672065,44.46321403261584,44.10397798002305,44.28989791870117,20737200
WMT,2021-10-18,44.116576608683246,44.7499628531667,44.06300585632153,44.645973205566406,19887000
WMT,2021-10-19,45.57558251071009,45.88439966277323,45.26991721644763,45.59449005126953,33444300
WMT,2021-10-20,45.65750963430612,46.16170226655726,45.65750963430612,46.007293701171875,17453700
WMT,2021-10-21,46.1900606122925,46.29719852372552,45.947418071888606,46.26253890991211,13954500
WMT,2021-10-22,46.35391967863897,47.1700776467712,46.35391967863897,46.744667053222656,21195600
WMT,2021-10-25,46.883330837102434,47.43163514705637,46.64068824789451,47.28668212890625,19287900
WMT,2021-10-26,47.26776244265164,47.441078533273114,46.78248099515558,46.873863220214844,17418600
WMT,2021-10-27,46.94004009590285,46.95894763455434,46.44530665845844,46.48942184448242,14565600
WMT,2021-10-28,46.744671799488245,46.946347418945,46.546148037756346,46.779335021972656,12598500
WMT,2021-10-29,46.609165779092166,47.299274690954555,46.49887601423712,47.08499526977539,22022700
WMT,2021-11-01,47.26147381917191,47.504116423520784,47.062950019020235,47.201602935791016,12549600
WMT,2021-11-02,47.25830928896829,47.32448386622503,47.04087441370301,47.179527282714844,13638900
WMT,2021-11-03,47.141721519618656,47.35915281495381,46.96210169711765,47.32448959350586,14209500
WMT,2021-11-04,47.32448728392557,47.85073568897915,47.21419390970312,47.67111587524414,15149100
WMT,2021-11-05,47.8980079358359,47.8980079358359,47.14802444962984,47.340248107910156,15081900
WMT,2021-11-08,47.33708505085611,47.428467268525495,46.86755932172749,47.037723541259766,15373200
WMT,2021-11-09,47.11652079197669,47.226814196224446,46.91169327515535,47.201602935791016,15001800
WMT,2021-11-10,46.86756610447266,47.14802011845939,46.63122727716828,46.776180267333984,16803600
WMT,2021-11-11,46.8801756688747,46.94950211803914,46.69740757846151,46.79509353637695,13603200
WMT,2021-11-12,46.95264848473703,47.02827503464325,46.49257465147274,46.5619010925293,18313800
WMT,2021-11-15,46.68478437962484,46.77932205394056,46.13332843671668,46.29404067993164,28896000
WMT,2021-11-16,45.723683643223936,46.22156890853053,44.84135112528248,45.115501403808594,73986600
WMT,2021-11-17,45.11235636817137,45.60394156016985,44.690097616630496,44.727909088134766,33116100
WMT,2021-11-18,44.79094092011434,45.1533252420133,44.38758965791631,45.112361907958984,24394200
WMT,2021-11-19,45.25731219993931,45.37705754949998,44.72791189694711,44.86971664428711,28119300
WMT,2021-11-22,44.954795163293745,45.80561636655632,44.74681584555306,45.62284469604492,29126400
WMT,2021-11-23,45.45582547404147,46.00098133360392,45.14070829361925,45.947410583496094,29907900
WMT,2021-11-24,45.92220954282287,46.341316426730025,45.89384643207375,46.17745590209961,18089400
WMT,2021-11-26,46.14594125870276,46.599711365196065,45.50940308787463,45.66065979003906,21039600
WMT,2021-11-29,45.692186253161424,45.770968290868566,44.81930897133118,44.94535446166992,33039600
WMT,2021-11-30,44.58295946241134,44.90438043503824,44.11973374064965,44.31510925292969,64818900
WMT,2021-12-01,44.277292301367005,44.34346688650178,43.18383211158661,43.2153434753418,36621300
WMT,2021-12-02,43.36976315910638,43.62500959844046,42.61663127483323,42.68910598754883,39805800
WMT,2021-12-03,42.811991181091976,43.44852936805122,42.63237496967121,43.33193588256836,44142600
WMT,2021-12-06,43.34769393796734,43.914909321204746,43.20274093912302,43.80146408081055,32589300
WMT,2021-12-07,43.99053325518741,44.063011553415095,43.514703742900096,43.65966033935547,37739100
WMT,2021-12-08,43.505248306851755,43.643901177187765,42.859254601872834,43.21849060058594,34496400
WMT,2021-12-09,43.22798230532029,43.84177426343087,42.936909066100675,43.81962966918945,32351700
WMT,2021-12-10,43.76900418071918,44.70550753952235,43.525384697894204,44.62008285522461,38575500
WMT,2021-12-13,44.370143648121726,45.48066468791604,44.297373524461236,45.42371368408203,54039300
WMT,2021-12-14,45.33829637278879,45.96474303393211,44.97444931599238,45.85717010498047,46721400
WMT,2021-12-15,45.94259154681944,46.34124136870318,45.3699313908796,46.11977005004883,33489900
WMT,2021-12-16,46.119762914246564,46.36021786538328,45.20856863487354,45.3509407043457,39069600
WMT,2021-12-17,45.16427903324901,45.54394518409925,43.784832834740286,43.89873123168945,78581100
WMT,2021-12-20,43.69940457920395,44.21511368232925,43.534884283567415,44.04110336303711,31017900
WMT,2021-12-21,43.94618413604019,44.249915577594194,43.66460091025503,44.17398452758789,24620400
WMT,2021-12-22,44.26256856647087,44.29104587737383,43.82911963540722,44.23093032836914,17028000
WMT,2021-12-23,44.23093373148432,44.34483574233125,43.93036682562811,44.13285446166992,17592600
WMT,2021-12-27,44.167656227418576,44.56947056275357,44.15816620378341,44.534664154052734,16040700
WMT,2021-12-28,44.48404783237095,45.23388283867002,44.48404783237095,45.173770904541016,15783000
WMT,2021-12-29,45.13579983822581,45.411057583006645,45.028226930417034,45.15161895751953,13045200
WMT,2021-12-30,45.32563078291638,45.46484192283942,45.078846740186606,45.29715347290039,14949000
WMT,2021-12-31,45.3066484633607,45.888802181746385,45.21805922434301,45.7780647277832,17947800
WMT,2022-01-03,45.55975920333615,45.80970418726082,45.24653412084633,45.765411376953125,20706600
WMT,2022-01-04,45.57241308152927,45.92044094566847,44.851051831585586,44.92698287963867,33930000
WMT,2022-01-05,45.19592368238549,46.17672374164737,45.16112088939952,45.534454345703125,35418000
WMT,2022-01-06,45.439524739164675,45.762239795418736,45.05353321483517,45.40788650512695,21828900
WMT,2022-01-07,45.40156488313851,45.99004771954888,45.230715494601874,45.84134292602539,19723500
WMT,2022-01-10,46.01535758846055,46.06281494807721,45.281341736554914,45.75275802612305,22731600
WMT,2022-01-11,45.62619997893376,45.755921102631156,45.300320326824,45.6230354309082,21668700
WMT,2022-01-12,45.45850682974461,45.547096054441106,45.243364673279096,45.382572174072266,18946800
WMT,2022-01-13,45.37941874124322,46.09128996229166,45.278174930803374,46.02484893798828,24252600
WMT,2022-01-14,45.62936604670187,46.391859211861245,45.62936604670187,45.8951301574707,26867400
WMT,2022-01-18,45.689480049038316,45.781233845172494,44.96811873535624,45.09151077270508,21123900
WMT,2022-01-19,45.09783271524081,45.87298404732802,44.90167418677242,45.540775299072266,22674000
WMT,2022-01-20,45.0377203717831,45.705295168655674,44.63274512646325,44.68020248413086,22387200
WMT,2022-01-21,44.680200158367015,45.00924071767952,44.31319226659104,44.35432052612305,27508200
WMT,2022-01-24,43.99997641040745,44.46190272998444,43.44313536057821,44.35749435424805,28699200
WMT,2022-01-25,44.29104146248234,44.4112689277433,43.28492893562017,43.39250183105469,29479500
WMT,2022-01-26,43.452620417654046,43.9113821362892,42.762897376017065,42.94956588745117,26185500
WMT,2022-01-27,43.3197375646185,44.0031351181719,42.829337615211756,42.9780387878418,27759000
WMT,2022-01-28,43.028661144466014,43.52539019521375,42.38006999219073,43.50957107543945,25131900
WMT,2022-01-31,43.3735241080185,44.306866649907846,43.250132078205496,44.23409652709961,20193600
WMT,2022-02-01,44.04426189191891,44.65805385013766,43.974659940451005,44.582122802734375,20323200
WMT,2022-02-02,44.610594409449526,44.8130820207538,44.3416657769838,44.56313705444336,18149700
WMT,2022-02-03,44.37647579598128,44.923826793604704,44.221445514409254,44.60743713378906,20741100
WMT,2022-02-04,44.57579795680953,44.61060074624383,43.77217649308037,44.08223342895508,22036500
WMT,2022-02-07,44.31319469420698,44.31635562144867,43.538043367129575,43.648780822753906,20010300
WMT,2022-02-08,43.7626763275995,44.05375317201628,43.506402267431376,43.658267974853516,19458900
WMT,2022-02-09,43.81964007098694,43.91139025922769,43.49376034753659,43.5633659362793,21473700
WMT,2022-02-10,43.20267915450758,43.34821579430057,42.85781579354917,43.053977966308594,27810600
WMT,2022-02-11,43.28810102311191,43.401999412916325,42.449673167896925,42.81668472290039,23733300
WMT,2022-02-14,42.8166870829837,43.01601018131936,41.987752826673656,42.38007354736328,29363400
WMT,2022-02-15,42.63001765388884,42.92425547259653,42.329450738568866,42.51295471191406,21824400
WMT,2022-02-16,42.50029791395026,42.67430823326507,41.9845851899933,42.24718475341797,28490700
WMT,2022-02-17,42.39588736556038,44.12652579123609,42.32628179311492,43.93985366821289,53831400
WMT,2022-02-18,43.69307075910218,44.164486999593976,43.39566843985368,43.658267974853516,31103400
WMT,2022-02-22,43.588673290498626,43.73737810801871,43.009684004888655,43.171043395996094,25380900
WMT,2022-02-23,43.300752267581274,43.40516062553033,42.66165116959307,42.728092193603516,21030900
WMT,2022-02-24,42.36741358210505,42.71544147330968,41.76627976386371,42.563575744628906,31717500
WMT,2022-02-25,42.652158444941676,43.275440384438056,42.42435807650293,43.14888381958008,24997800
WMT,2022-02-28,42.712275583484846,43.050809819333566,42.323119439665895,42.76289749145508,26286600
WMT,2022-03-01,42.98752629188201,43.6266273226319,42.71859767617799,43.02549362182617,24024900
WMT,2022-03-02,42.921085862912676,43.291258283030174,42.769220161819234,43.07927703857422,23863800
WMT,2022-03-03,43.436796855147186,44.442909433414705,43.20267100795824,44.06957244873047,29885100
WMT,2022-03-04,43.601325965308774,45.224391592091806,43.531720388242306,45.186424255371094,35576400
WMT,2022-03-07,44.70551168477363,45.44269567625497,44.43658303687613,44.822574615478516,45870000
WMT,2022-03-08,44.76879569877796,45.072527159732914,43.844943122799826,43.895565032958984,28305600
WMT,2022-03-09,44.29421671619584,44.3701477742712,43.70573381747913,44.12336730957031,22122900
WMT,2022-03-10,44.13285767186164,45.24337882342814,43.980991933783685,45.126312255859375,27512700
WMT,2022-03-11,45.02189349090524,45.57556980977034,44.88900784327503,44.94912338256836,19162200
WMT,2022-03-14,44.9333073793318,45.828682469755805,44.92381735708252,45.5755729675293,22646400
WMT,2022-03-15,45.72745474314104,46.24000302310896,45.51231249581193,46.12294006347656,22872600
WMT,2022-03-16,45.99955109010967,46.48995118223509,45.46485817434171,45.98689651489258,24615900
WMT,2022-03-17,45.87889495282495,46.148863727269,45.30719316450087,46.05675506591797,19023000
WMT,2022-03-18,46.11076198015909,46.23463127957556,45.770918329909954,46.19334030151367,31233300
WMT,2022-03-21,46.1901557401948,46.780914678138814,45.61528074096249,45.809024810791016,21350700
WMT,2022-03-22,45.92972013545856,46.04405905785748,45.41201274457184,45.672454833984375,20235000
WMT,2022-03-23,45.462831003839696,45.65022151203948,44.94830039459239,45.08487319946289,19625400
WMT,2022-03-24,45.22461885803037,45.70738881504479,45.062635398202424,45.3643684387207,13440900
WMT,2022-03-25,45.56128692626953,45.713740027235424,45.18332914425972,45.56128692626953,14085300
WMT,2022-03-28,45.57717450159206,46.39026147122779,45.513653274747924,46.3712043762207,20105700
WMT,2022-03-29,46.561758276632716,47.038174610242095,46.45059252691417,46.7618522644043,19934400
WMT,2022-03-30,46.730091360236656,47.69880803349138,46.701507541306036,47.60034942626953,24991500
WMT,2022-03-31,47.25733098038045,47.813148886920615,47.06358691090283,47.29861831665039,27163800
WMT,2022-04-01,47.53365353699623,48.04500736056626,47.273215077992795,47.96242904663086,20939700
WMT,2022-04-04,47.93066718712435,48.657995323168,47.6670519469995,47.97195816040039,25332600
WMT,2022-04-05,47.92113020944564,48.69927957509335,47.92113020944564,48.108524322509766,18657900
WMT,2022-04-06,47.96560470820083,49.363093340607584,47.80044808420856,49.22652053833008,28018500
WMT,2022-04-07,49.26145177111189,50.03642072649497,49.051827412053434,49.71881103515625,27088200
WMT,2022-04-08,49.836321983662764,50.31273829268188,49.61399413046931,49.9951286315918,23294400
WMT,2022-04-11,49.855385889703165,50.25875068696579,48.79456416983827,49.004188537597656,24712800
WMT,2022-04-12,48.988308927131044,49.356736334979125,48.45154448430271,48.66752243041992,26761200
WMT,2022-04-13,48.73740431251398,50.11583595697856,48.7056437004678,49.93479537963867,29284500
WMT,2022-04-14,49.899842736317545,50.274623659606995,49.683868459516695,49.890316009521484,22360500
WMT,2022-04-18,49.785508143967675,50.17616940219468,49.29638828301034,49.509185791015625,14671800
WMT,2022-04-19,49.760105560390876,50.16665082195629,49.5600115349711,50.07136535644531,15855000
WMT,2022-04-20,50.293688060035784,50.92891110357566,50.27463096890505,50.70022964477539,19821600
WMT,2022-04-21,50.79234285983414,51.06231167794553,50.52237404172276,50.77646255493164,18168300
WMT,2022-04-22,50.89714798414544,50.932085377032394,49.756924803616485,49.8204460144043,21046200
WMT,2022-04-25,49.66481879854777,50.01419274611809,49.0232458118058,49.845855712890625,18057600
WMT,2022-04-26,49.664825318649555,50.22382007337958,49.29322107818959,49.324981689453125,19601100
WMT,2022-04-27,49.39802632309386,49.61082384251438,48.91843316402886,48.98830795288086,17496900
WMT,2022-04-28,49.30274245555924,49.8585639966404,48.94384540638024,49.6140022277832,14955900
WMT,2022-04-29,49.48696232887693,49.617181554538774,48.50236526236215,48.5912971496582,21088800
WMT,2022-05-02,49.216990893208816,49.22652125709875,47.743277503121725,48.270511627197266,20016000
WMT,2022-05-03,48.41343574045837,49.00101426924835,48.20698814973606,48.4388427734375,17950500
WMT,2022-05-04,48.28638386874838,49.172518554553946,48.121227269924645,49.1089973449707,20022600
WMT,2022-05-05,48.97511674274416,49.03568416406341,48.26108291485155,48.688228607177734,23234400
WMT,2022-05-06,48.359902890194526,49.07393676943686,47.26334903736766,47.674556732177734,34258200
WMT,2022-05-09,47.327108857826374,48.80299082760949,47.237853703269906,48.23240280151367,28207200
WMT,2022-05-10,48.27063542253245,48.544773815767144,47.35578043226031,47.55341339111328,24861300
WMT,2022-05-11,47.62355195760628,48.05388599461689,46.82982797643618,47.05615234375,27878700
WMT,2022-05-12,47.13265540104524,47.862627291869515,46.705509687745064,47.01152420043945,25244400
WMT,2022-05-13,47.08484037344936,47.29841140182729,46.58437755318907,47.19321823120117,19962300
WMT,2022-05-16,47.61717568618134,47.72874552722017,46.68638247239046,47.24422073364258,21449100
WMT,2022-05-17,43.48915854107839,43.81111103144913,41.643506747149544,41.86983108520508,132940200
WMT,2022-05-18,40.81153972342104,40.88804518160658,38.73956310532236,39.02645492553711,104253000
WMT,2022-05-19,38.529170779484616,38.82243554940067,37.805572034581964,37.95539093017578,71008500
WMT,2022-05-20,38.13709900522959,38.51961535188525,37.38162402221168,37.99684143066406,49356000
WMT,2022-05-23,38.226351354903336,39.45360151152624,38.207228637931294,39.08064651489258,43680900
WMT,2022-05-24,38.63755487511711,39.7022326377213,38.59611746221401,39.56835174560547,34584900
WMT,2022-05-25,39.52691695106537,39.740491663665644,39.08064845592429,39.32609558105469,27121800
WMT,2022-05-26,39.94130033968707,40.29194054185479,39.65441223828072,40.16443634033203,28197600
WMT,2022-05-27,40.00187482048611,40.99960850638884,39.944495730876255,40.95498275756836,25299900
WMT,2022-05-31,40.62983743666469,41.40762333265879,40.617084097269746,41.00279235839844,36912300
WMT,2022-06-01,40.9613547594615,41.09523565056818,39.74367339902975,39.98912048339844,28534800
WMT,2022-06-02,40.02737297406364,40.65215167822361,39.63210332531727,40.64577865600586,23214300
WMT,2022-06-03,40.378015658504665,40.61708973361031,39.87436812192576,39.94768524169922,18302700
WMT,2022-06-06,40.10705969600855,40.26006693591396,39.71497841575214,39.80423355102539,19855500
WMT,2022-06-07,38.64712600741023,39.3643483128609,38.5323678119916,39.32609558105469,47707800
WMT,2022-06-08,39.000953899086745,39.49822845896427,38.87344965951781,38.985015869140625,22522800
WMT,2022-06-09,38.88938322274563,39.6384814881176,38.567430677235116,38.57699203491211,19880100
WMT,2022-06-10,38.17215662720279,39.12526446131548,38.04146043409698,38.79374694824219,25238100
WMT,2022-06-13,38.168967268327606,38.64711533998232,37.96176928421319,38.06377410888672,24897900
WMT,2022-06-14,37.9745225593906,38.25184934264009,37.66850805648793,38.079715728759766,21544200
WMT,2022-06-15,38.242289775564686,38.38254369330832,37.582443008808646,38.05421447753906,25914000
WMT,2022-06-16,37.72588319454816,38.81287186827992,37.68763047369455,38.44948196411133,30706800
WMT,2022-06-17,38.258229502930206,38.53236432813908,37.604759377585,37.706764221191406,36838800
WMT,2022-06-21,37.70994979240094,39.138017498212875,37.68444675937824,38.94356918334961,23916600
WMT,2022-06-22,38.921258350812344,39.28783663670829,38.439921887644346,38.471797943115234,20235000
WMT,2022-06-23,38.8096861874491,39.51415864475906,38.63436789284512,39.40578079223633,18040800
WMT,2022-06-24,39.555599258642744,39.944492214930136,39.259146127057036,39.43765640258789,31845900
WMT,2022-06-27,39.45678876230423,39.762806973453685,39.14121284002895,39.56517028808594,19889100
WMT,2022-06-28,39.73730385793811,40.027380390037855,38.98182881060653,39.00733184814453,15399000
WMT,2022-06-29,39.173083009834336,39.319717245955246,38.56105397554043,38.8638801574707,19111500
WMT,2022-06-30,38.532361112709886,38.90850804609857,38.216785250128254,38.75550079345703,19166100
WMT,2022-07-01,38.87025843096871,39.18264598345153,38.62161934554458,39.090206146240234,17460900
WMT,2022-07-05,38.956320014652654,39.68948018310721,38.76506004723397,39.60660171508789,18218100
WMT,2022-07-06,39.679928857141846,40.25370895719613,39.62255340072362,39.88712692260742,21300000
WMT,2022-07-07,39.90624417887573,40.01462569089033,39.56516526233784,39.94768524169922,17487300
WMT,2022-07-08,40.10705591512691,40.35888327104891,39.89348492555028,39.973175048828125,14751000
WMT,2022-07-11,39.85205125717385,40.269635606083426,39.72454703630299,39.98912048339844,11532900
WMT,2022-07-12,39.88074192667402,40.5246469859464,39.75642239511805,39.86798858642578,13732200
WMT,2022-07-13,39.66716609572779,40.31107113620992,39.498220822174964,39.963619232177734,12689100
WMT,2022-07-14,39.577915712488505,40.90398232445097,39.57154268976515,40.744598388671875,20905500
WMT,2022-07-15,41.05698815057127,41.52557128744837,40.81791407927211,41.1430549621582,21184200
WMT,2022-07-18,41.009167777248905,41.53513361862353,40.88485189472453,41.047420501708984,14243700
WMT,2022-07-19,41.24505318055716,41.42674813230243,40.99322945670452,41.29924392700195,16995300
WMT,2022-07-20,41.6020676912669,41.857079735312496,41.2801152136581,41.64350509643555,18564900
WMT,2022-07-21,41.65626648673113,42.25554581807328,41.598887397737045,42.252357482910156,18764700
WMT,2022-07-22,42.24916747252699,42.520117582957596,41.83158313425261,42.14397430419922,13616400
WMT,2022-07-25,42.20136268627704,42.300179206296924,41.90490947823598,42.08341979980469,20535300
WMT,2022-07-26,38.61205313203568,39.10932759237098,38.270974252290756,38.88300323486328,95391600
WMT,2022-07-27,38.64712159576109,40.40989526547578,38.58018114673226,40.352516174316406,42159600
WMT,2022-07-28,40.25050645018053,41.60207225590799,40.25050645018053,41.35980987548828,33262200
WMT,2022-07-29,40.90398190107519,42.15991606623362,40.805161746086036,42.09297561645508,30141900
WMT,2022-08-01,41.77740071580904,42.78788415693341,41.7582743514244,42.24917221069336,24996300
WMT,2022-08-02,42.44362312238825,42.62213345085313,41.88578472990323,42.29380416870117,19695000
WMT,2022-08-03,42.1280350963854,42.376670502571805,41.39487492165464,41.59888458251953,32003100
WMT,2022-08-04,41.65308263217686,41.694520049812716,39.95087627003474,40.02737808227539,53106000
WMT,2022-08-05,40.00824817804493,40.42264420563231,39.88393228815336,40.349327087402344,32007000
WMT,2022-08-08,40.371635977831176,40.86891040979834,40.35888628675004,40.677650451660156,18175200
WMT,2022-08-09,40.766904973388996,41.11117216327516,40.550141988361275,41.07929611206055,19325100
WMT,2022-08-10,41.43950559686272,41.48731968281983,40.92629304869836,41.165367126464844,25251000
WMT,2022-08-11,41.52393952880679,41.73844438686816,41.17177213134154,41.56235885620117,23854500
WMT,2022-08-12,41.61998748060539,42.52922420571376,41.56236214881739,42.33073043823242,26625000
WMT,2022-08-15,42.14183544261255,42.76293445484839,42.055393789735724,42.45238494873047,26516100
WMT,2022-08-16,44.46934458095848,45.11925614829474,44.242034544263454,44.61981964111328,91773300
WMT,2022-08-17,44.36369418172093,45.69233366541622,44.30926742097303,44.667842864990234,41792100
WMT,2022-08-18,44.67105002974266,44.95598910742684,44.34129450872259,44.523780822753906,19197600
WMT,2022-08-19,44.475748208010316,44.52377052545225,43.83223742991091,43.867454528808594,22918800
WMT,2022-08-22,43.60493621032719,43.77141506266504,43.04146256142665,43.08308410644531,18667200
WMT,2022-08-23,43.095891958709366,43.20794771668473,42.64767625454516,42.90060043334961,16955100
WMT,2022-08-24,43.01264991002355,43.31359639656036,42.77253463053784,43.21114730834961,15766500
WMT,2022-08-25,43.310395908672405,43.53770597719483,43.23035503639535,43.49928665161133,19414500
WMT,2022-08-26,43.57612300302128,43.80663529986973,42.10341633899166,42.132232666015625,21331800
WMT,2022-08-29,41.885714045024535,42.85898047841877,41.80887538940114,42.54202651977539,17381700
WMT,2022-08-30,42.68929186418072,42.78853872364411,42.17704646320699,42.41395950317383,14468100
WMT,2022-08-31,42.51001507011087,42.83337349747882,42.23788485987782,42.43638229370117,22460700
WMT,2022-09-01,42.43318024259826,43.26557832054485,42.38835646839242,43.05427932739258,21741900
WMT,2022-09-02,43.172730683090016,43.435254198123005,42.401160252295604,42.5804443359375,17234400
WMT,2022-09-06,42.59645467964592,42.77894466076973,41.85049830362509,42.36914825439453,21899700
WMT,2022-09-07,42.59966365596971,43.53131238224381,42.4972145381308,43.45767593383789,17058900
WMT,2022-09-08,43.348806854048874,43.81943438157128,43.18232801312461,43.678565979003906,16956000
WMT,2022-09-09,43.636957834992465,44.02114014312415,43.58253106150766,43.80984115600586,16140600
WMT,2022-09-12,43.88666700025905,44.26124622971957,43.85144989910511,44.20362091064453,14284500
WMT,2022-09-13,43.81623798111966,44.165206813131554,43.159925528658434,43.29118728637695,17687400
WMT,2022-09-14,43.4224509224417,43.710588555970325,42.9326173118299,43.19514083862305,19934700
WMT,2022-09-15,43.236763768494775,43.26877865503464,42.57084460240636,42.73092269897461,20189400
WMT,2022-09-16,42.260286020662775,43.07667644415106,42.029773757539004,42.64126968383789,41874300
WMT,2022-09-19,42.52281947337847,43.14391482633009,42.410763713996495,43.00625228881836,16853100
WMT,2022-09-20,42.73411506414361,42.862178255614985,42.433172243181865,42.756526947021484,13963500
WMT,2022-09-21,43.361618639016996,44.00512582818472,43.0990914770147,43.14711380004883,24903600
WMT,2022-09-22,43.083084667735996,43.131106991474276,42.52921767456319,42.70530319213867,16744500
WMT,2022-09-23,42.53882815554662,42.63807503295362,41.22619587234581,41.63919448852539,27195300
WMT,2022-09-26,41.219793981638574,42.30511248895475,41.06612033770814,42.03938674926758,23011200
WMT,2022-09-27,42.33392969308503,42.718111978935454,41.716032883339096,41.92413330078125,17171700
WMT,2022-09-28,42.07140126163782,42.788544926969884,41.530343123377484,42.61566162109375,16838400
WMT,2022-09-29,42.74052543829142,42.939022863042474,42.141838270367835,42.34033203125,15241500
WMT,2022-09-30,42.337129178691846,42.37554484008647,41.5239372253418,41.5239372253418,19602300
WMT,2022-10-03,41.69681873729307,42.513209212853,41.623182311007504,42.429969787597656,17574900
WMT,2022-10-04,42.855779424522076,43.28478549312223,42.6989072154438,42.98064041137695,16134300
WMT,2022-10-05,42.823760406820114,43.099092797292236,42.42356704153963,42.554832458496094,14553900
WMT,2022-10-06,42.60605255706567,43.05426820006883,42.12582203440058,42.1578369140625,14200500
WMT,2022-10-07,42.03938232160846,42.148232184677006,41.00208258642666,41.158958435058594,17080500
WMT,2022-10-10,41.46951088811919,41.5975740857001,41.06931751753093,41.402278900146484,11411700
WMT,2022-10-11,41.46311049186977,42.83657037539516,41.44710304859372,42.474796295166016,21276000
WMT,2022-10-12,42.58364820516528,43.14711824735472,41.93053428575124,41.994564056396484,16947600
WMT,2022-10-13,41.3894687652909,42.56122874788146,41.098128964044385,42.34992980957031,20545500
WMT,2022-10-14,42.401155475280866,42.65087374132028,41.63598590918781,41.75764465332031,16641000
WMT,2022-10-17,41.92733594079325,42.52602680883144,41.80887938860027,42.05860137939453,17812500
WMT,2022-10-18,42.71810924475746,43.252766586079474,42.68609436164143,42.94541931152344,16842300
WMT,2022-10-19,43.006250951333385,43.13431048508025,42.57084047608323,42.823760986328125,11339400
WMT,2022-10-20,42.89419192523042,43.34880836478831,42.788540619622864,42.92940902709961,12754800
WMT,2022-10-21,43.15992480930159,43.9923227744885,42.90059985550516,43.797027587890625,18134700
WMT,2022-10-24,44.00513350246746,44.97520145072653,43.902684396580675,44.63263702392578,18806700
WMT,2022-10-25,44.53018502896429,44.96238964747319,44.28366528097547,44.84393310546875,15051300
WMT,2022-10-26,44.93678222707353,45.47464186619463,44.76389890249421,45.186500549316406,20754300
WMT,2022-10-27,45.14488069633697,45.49384955185179,44.91436838563925,45.05523681640625,16602900
WMT,2022-10-28,44.83753271107778,45.74996794808005,44.834330489723676,45.6251106262207,13648200
WMT,2022-10-31,45.57068040104305,45.804391248016124,45.38819410024684,45.56747817993164,22572000
WMT,2022-11-01,45.7723757092505,45.95806422849934,45.301751800931534,45.362579345703125,14814300
WMT,2022-11-02,45.192899635128875,45.96447006118798,45.045630436474404,45.06163787841797,15522000
WMT,2022-11-03,44.66464796822877,45.36898642498382,44.526981765355714,45.052032470703125,10976400
WMT,2022-11-04,45.47143846066598,45.52906379144594,44.43413854019932,45.132076263427734,14669400
WMT,2022-11-07,45.224912301553886,45.77237484969144,45.224912301553886,45.60589599609375,11364000
WMT,2022-11-08,45.647516398611394,46.12454472816064,45.304948373107734,45.71474838256836,15068400
WMT,2022-11-09,45.70514378205846,45.83320697776857,44.56859711762169,44.65184020996094,15932100
WMT,2022-11-10,45.62510591138897,45.68273123433257,44.98159504886064,45.577083587646484,20310600
WMT,2022-11-11,45.67633081966008,45.82040145590254,44.81831877203963,45.647518157958984,19270800
WMT,2022-11-14,45.3465705544638,45.884430097544126,44.26765291120132,44.30607223510742,37525800
WMT,2022-11-15,46.617586390900975,48.1095027741008,46.27822420729574,47.203468322753906,76548600
WMT,2022-11-16,47.34432639963537,48.08708409693403,47.10101257095165,47.542823791503906,32593200
WMT,2022-11-17,47.06580496221356,47.616469820468346,46.969756635849926,47.382755279541016,24791400
WMT,2022-11-18,47.91740339973462,48.099893352494306,47.62926580427043,48.0966911315918,18987000
WMT,2022-11-21,48.21835190342242,48.70818546989205,48.0838842669493,48.391231536865234,21157200
WMT,2022-11-22,48.66336414725918,48.807431115495305,48.38162732496359,48.56411361694336,16898400
WMT,2022-11-23,48.68897514375452,49.10197371904893,48.624945379362075,48.797828674316406,16920600
WMT,2022-11-25,48.7017830012288,49.01232881753407,48.61853991263106,49.00592803955078,8777400
WMT,2022-11-28,48.89388045751159,49.50857507868477,48.89388045751159,49.14680099487305,17674800
WMT,2022-11-29,48.99312109867747,49.21082816384578,48.83944746295962,48.973915100097656,13841700
WMT,2022-11-30,48.85865621771554,48.90988076200318,48.407241982106726,48.797828674316406,31338000
WMT,2022-12-01,48.6793729062867,49.17881313687258,48.256767661400254,49.10197448730469,22732200
WMT,2022-12-02,48.496889598637836,49.06036333578769,48.496889598637836,49.053958892822266,20733000
WMT,2022-12-05,48.90348254324604,48.98351975292534,48.18633522181884,48.55131149291992,23608200
WMT,2022-12-06,48.407241760477994,48.63454815580415,47.77013534885857,47.98783874511719,20625600
WMT,2022-12-07,48.18313449344337,48.4104408914641,47.645274942575526,47.738121032714844,17550300
WMT,2022-12-08,47.93415581208801,47.97271629511596,47.6063678014253,47.81203842163086,13512600
WMT,2022-12-09,47.39105113075273,47.47139373979947,46.667989715415295,46.69691467285156,27929400
WMT,2022-12-12,46.886515758859595,47.59351309491048,46.77725554320866,47.56780242919922,19432200
WMT,2022-12-13,48.204086896262865,48.26835803140989,47.15645194711048,47.3974723815918,23408100
WMT,2022-12-14,47.268931593491104,47.73169043688836,46.90579375598236,47.13396072387695,20334600
WMT,2022-12-15,46.78368190798297,47.053623657891755,46.15702721405983,46.712982177734375,17514000
WMT,2022-12-16,46.43018440861949,46.507312726324336,45.81638687055432,45.874229431152344,40343100
WMT,2022-12-19,45.95777473415816,46.13452403369454,45.54643358445892,45.890289306640625,15067500
WMT,2022-12-20,45.928858166690695,46.481598812676616,45.71354837056009,46.291996002197266,17009400
WMT,2022-12-21,46.3787619798544,46.89936703770719,46.3594799024139,46.65513229370117,13726500
WMT,2022-12-22,46.523381203206874,46.59086664335965,45.61071693701437,46.10882568359375,13082400
WMT,2022-12-23,45.970648724657316,46.21166924760703,45.72319961476125,46.2020263671875,9547500
WMT,2022-12-27,46.2887884350217,46.42054870808943,46.01563236496749,46.21487808227539,10044600
WMT,2022-12-28,46.10560959542298,46.16988074017432,45.28292717402821,45.40504455566406,15246300
WMT,2022-12-29,45.67820112803369,45.96099637482602,45.55286945217134,45.68141174316406,9171900
WMT,2022-12-30,45.4918092636633,45.62999442295597,45.25078880804493,45.56571960449219,11505900
WMT,2023-01-03,45.80995758993287,46.18273464603644,45.662133220148505,46.14738845825195,17249700
WMT,2023-01-04,46.089546540937135,46.29200287429698,45.6557089139654,46.19880676269531,13338300
WMT,2023-01-05,46.102400547889175,46.317710378374954,45.84209796881405,46.041343688964844,13274400
WMT,2023-01-06,46.468746497994225,47.41676057442639,46.35305770426975,47.1693115234375,21231900
WMT,2023-01-09,47.02149255842496,47.51638703956106,46.53302298576229,46.58122634887695,17756700
WMT,2023-01-10,46.57801411930059,46.74190997436841,46.18916922639865,46.55230712890625,11970600
WMT,2023-01-11,46.835094532679825,46.9764903003211,46.51051719585383,46.96042251586914,14834700
WMT,2023-01-12,47.050404641316405,47.05361893376509,46.40125731852816,46.53622817993164,12472800
WMT,2023-01-13,46.76760772689158,46.86080382344464,46.23093855102629,46.69048309326172,13699800
WMT,2023-01-17,46.69048706951638,46.82545794812325,46.3402027015657,46.40768814086914,15122400
WMT,2023-01-18,46.3402000265289,46.356267812212636,45.14474058986525,45.26042938232422,22674300
WMT,2023-01-19,45.43718445282402,45.482173522895984,44.60164478080655,44.614501953125,17342100
WMT,2023-01-20,44.79767220594701,45.24114899165026,44.40239877909315,45.164024353027344,29543100
WMT,2023-01-23,45.13831358921676,45.957781720898,45.0547603651919,45.8388786315918,13149900
WMT,2023-01-24,47.09539731496748,47.09539731496748,45.31184734787848,45.960994720458984,13669200
WMT,2023-01-25,45.710334216595925,45.903151320286675,45.1158151200228,45.742469787597656,12491700
WMT,2023-01-26,45.96421572683173,46.19559702483912,45.55608875925529,45.70069885253906,15819000
WMT,2023-01-27,45.82602692035889,46.42697097583268,45.55287086584178,46.05097961425781,18412800
WMT,2023-01-30,45.67177254241184,45.77782213908917,45.398616496371744,45.68141174316406,15897600
WMT,2023-01-31,45.73604136224893,46.2373643625257,45.5239458573598,46.234153747558594,14103600
WMT,2023-02-01,46.16667153976278,46.793326303252314,45.85816559771034,46.49124526977539,12849300
WMT,2023-02-02,46.40768253367825,46.55229627338735,45.935284515631515,46.15380859375,17806800
WMT,2023-02-03,46.070264341647714,46.263081472882156,45.266863918798585,45.54001998901367,17155500
WMT,2023-02-06,45.57536320598921,45.66534501112324,45.00012618933698,45.20901107788086,17454000
WMT,2023-02-07,44.916578864407796,45.4082590480274,44.56950876882651,45.305423736572266,16341300
WMT,2023-02-08,45.096537608475394,45.34398298113833,44.98727372277149,45.061187744140625,11691300
WMT,2023-02-09,45.27007689461122,45.61392901451523,45.17366649295894,45.47895812988281,13064400
WMT,2023-02-10,45.983494908470966,46.256650967351916,45.68784247653653,46.185951232910156,15002700
WMT,2023-02-13,46.50409421097754,46.95721384214945,46.43981939283269,46.88972473144531,16015800
WMT,2023-02-14,46.83188142225316,47.28178307594351,46.45589010783525,46.75475311279297,13831200
WMT,2023-02-15,46.58443492263772,47.11146859215889,46.45589263678015,47.10182571411133,14674200
WMT,2023-02-16,46.75154243817719,46.91543826962315,46.333776321872804,46.36269760131836,16312200
WMT,2023-02-17,46.63263438588565,47.14038593459351,46.45909937232424,47.06004333496094,24770700
WMT,2023-02-21,45.91600667295995,47.67063540002361,45.68141111085654,47.34606170654297,54393900
WMT,2023-02-22,47.166093508935084,47.42318174008112,45.87743806075059,46.35305404663086,29844000
WMT,2023-02-23,46.394832866506185,46.394832866506185,45.218651807763635,45.662132263183594,22021200
WMT,2023-02-24,45.26043275248485,45.87101968697322,44.83944864532699,45.78425216674805,20623500
WMT,2023-02-27,45.86137782960828,45.98349521922561,45.202587519807594,45.453250885009766,16647300
WMT,2023-02-28,45.31184614464227,45.84209041718181,45.295778359273214,45.674983978271484,18054000
WMT,2023-03-01,45.3311267571472,45.40182648155759,44.78802900940586,45.03868865966797,14180100
WMT,2023-03-02,44.93907330105843,45.2282971423495,44.829809408216626,45.15116882324219,14785500
WMT,2023-03-03,45.32470219228875,45.37290555111307,44.91657527215672,45.2057991027832,16888800
WMT,2023-03-06,45.15116416756203,45.30541711219047,44.99691122293359,45.19936752319336,16720800
WMT,2023-03-07,45.36969974975946,45.53037762955525,44.60164550914811,44.749473571777344,17387400
WMT,2023-03-08,44.527733758675446,44.643422564035426,44.11638883733176,44.379905700683594,19090800
WMT,2023-03-09,44.614505607898444,44.662708974998786,44.00070429824096,44.0810432434082,15415800
WMT,2023-03-10,44.03283338114576,44.43774969595914,43.73397034259938,44.01676559448242,20065200
WMT,2023-03-13,43.92357865185104,44.50845498585996,43.89144307451179,44.14531707763672,28142100
WMT,2023-03-14,44.248149107848086,44.434537649172725,44.02641069854112,44.379905700683594,25542600
WMT,2023-03-15,43.99105478362826,44.929425947327175,43.9332085500593,44.874794006347656,33133500
WMT,2023-03-16,44.990958124034925,45.06194762383432,44.49080785133776,44.61988067626953,28905600
WMT,2023-03-17,44.59083901543862,45.01032109791043,44.39723530914762,44.98128128051758,43081200
WMT,2023-03-20,45.207159525525874,45.79443301015232,45.11358143924295,45.465301513671875,33928500
WMT,2023-03-21,45.6234111931656,45.6234111931656,45.02322787877691,45.3104133605957,19013400
WMT,2023-03-22,45.381395342963394,45.56854777953016,45.000635536834885,45.019996643066406,18548400
WMT,2023-03-23,45.23942170643187,45.69439852476753,45.010319563824545,45.38462448120117,22044300
WMT,2023-03-24,45.50079228850055,45.9719027604482,45.36849568513163,45.755706787109375,22752300
WMT,2023-03-27,46.07515997359859,46.78182384169088,46.071932506607695,46.52045440673828,26775600
WMT,2023-03-28,46.352658372200736,46.59789415973734,46.159054669912386,46.339752197265625,21282900
WMT,2023-03-29,46.584991271895916,46.77537121344937,46.28812707091787,46.539817810058594,24216900
WMT,2023-03-30,46.94961115463869,47.304558637991185,46.79472598719951,47.00446701049805,21879000
WMT,2023-03-31,47.298107804087564,47.89828741834021,47.26261305267584,47.57883834838867,20868000
WMT,2023-04-03,47.66918775201123,48.062857505049614,47.59497447108134,47.97895812988281,19766700
WMT,2023-04-04,47.927329053079795,48.01122842705536,47.440088608572495,47.507850646972656,18113700
WMT,2023-04-05,47.488488079841744,48.36294331073493,47.47880567879361,48.29518127441406,26540700
WMT,2023-04-06,48.01445608394825,48.73725737325379,47.92410915394518,48.659812927246094,17891700
WMT,2023-04-10,48.51782984559755,48.763065647098884,48.32744990663653,48.56623077392578,14519100
WMT,2023-04-11,48.724347180191984,48.724347180191984,48.279052696868064,48.424259185791016,18370500
WMT,2023-04-12,48.333908117220496,48.7146680209528,48.13384576337989,48.18870162963867,11209800
WMT,2023-04-13,48.28872339193616,48.4016625740777,47.82084410029029,48.237098693847656,13272600
WMT,2023-04-14,48.08867143448387,48.36617453535887,47.8047133990753,47.911197662353516,10464900
WMT,2023-04-17,47.96282238187724,48.29518132253465,47.917648921869656,48.24678039550781,16166700
WMT,2023-04-18,48.33067909188656,48.51138032870747,48.220967362905704,48.353267669677734,13482300
WMT,2023-04-19,48.67271647615304,48.85664517911378,48.32745134064424,48.4048957824707,12433500
WMT,2023-04-20,48.46942486354015,48.85018470961743,48.272593699583105,48.71466064453125,13641600
WMT,2023-04-21,49.034117001554975,49.14382873379908,48.782429942162125,48.959903717041016,25335000
WMT,2023-04-24,48.95344900161752,49.35357001733874,48.95344900161752,49.292259216308594,13579500
WMT,2023-04-25,49.463281817839025,49.611712080489326,48.83083115921006,48.90827560424805,17246700
WMT,2023-04-26,48.7178896317121,48.856641167964426,48.472653843067896,48.6953010559082,12910200
WMT,2023-04-27,48.65335456646613,49.027663207888196,48.65335456646613,48.846961975097656,12861000
WMT,2023-04-28,48.81791742676394,49.101871731526934,48.45974615578563,48.71466064453125,14088600
WMT,2023-05-01,48.73725617629827,49.22127287369591,48.70176142154221,48.91472625732422,11409600
WMT,2023-05-02,48.8760068275664,48.88245806928679,48.22742254477039,48.78242874145508,11329500
WMT,2023-05-03,48.90504579210881,49.079292092335486,48.488791151873336,48.60173034667969,12334500
WMT,2023-05-04,48.76368037851505,48.906198731112646,48.42034340673497,48.73776626586914,14011200
WMT,2023-05-05,48.68270412468099,49.236578921875235,48.530470289998206,49.158843994140625,14556000
WMT,2023-05-08,48.99689608577709,49.541055463788624,48.92887662687346,49.466556549072266,14926200
WMT,2023-05-09,49.46654779975601,49.61554560283497,49.34346410856193,49.55076217651367,15209700
WMT,2023-05-10,49.78073868299853,49.9945162230263,48.983936206072315,49.4114875793457,15827700
WMT,2023-05-11,49.41147630512185,49.64468845073847,49.233332102528045,49.59610366821289,11926800
WMT,2023-05-12,49.75158256720892,49.90381638493574,49.46330615423041,49.57991409301758,16119300
WMT,2023-05-15,49.71919407047333,49.83255857837607,49.03251644811858,49.1944694519043,16113900
WMT,2023-05-16,48.860847463969776,49.08110072968661,48.44625133707606,48.5142707824707,15512100
WMT,2023-05-17,48.954781090234206,48.95801711071998,48.16769416940151,48.43329620361328,26985900
WMT,2023-05-18,49.168553445186234,49.97507499895045,48.56933365580415,49.061668395996094,46768500
WMT,2023-05-19,49.03899681181175,49.058431469168866,48.29725863879417,48.55638122558594,27594000
WMT,2023-05-22,48.488357898828724,48.61144158105502,48.031652754430674,48.128822326660156,16117800
WMT,2023-05-23,47.940966049818456,48.2162835854738,47.63973810709965,48.03813934326172,16302300
WMT,2023-05-24,48.10291925735634,48.11263473334791,47.38709143776089,47.8178825378418,20515200
WMT,2023-05-25,47.57494811307026,47.75633576462111,46.99516298709709,47.341739654541016,21299100
WMT,2023-05-26,47.19274834342518,47.55551998957778,47.11825314307441,47.425960540771484,15720900
WMT,2023-05-30,47.38708779706254,47.70775408187996,47.16035507126345,47.30935287475586,15742500
WMT,2023-05-31,47.10204843218249,47.71422712785214,46.969249272921815,47.571712493896484,30130800
WMT,2023-06-01,47.357941932791924,47.90533728596188,47.27048782057624,47.74662399291992,20239200
WMT,2023-06-02,47.68508198279835,48.26486717428155,47.646212666391094,48.20332717895508,19178100
WMT,2023-06-05,48.38146572265226,48.99040463651091,48.38146572265226,48.52074432373047,15553200
WMT,2023-06-06,48.48836037793073,48.647069945997046,48.102914382839934,48.5142707824707,15015600
WMT,2023-06-07,48.34260927200317,48.702141207584354,48.274589816806255,48.58553695678711,24256500
WMT,2023-06-08,48.711853321043044,49.372616824298895,48.51751046006513,49.28839874267578,18873000
WMT,2023-06-09,49.28515973943472,49.79044966468418,49.103772091691205,49.586387634277344,15603900
WMT,2023-06-12,49.69651882804491,49.978315789460325,49.61230445370069,49.913536071777344,14713500
WMT,2023-06-13,50.04957246573807,50.370235017703344,49.903814401438325,50.302215576171875,15738900
WMT,2023-06-14,50.49979816169665,50.959739323879454,50.40262488322032,50.81074523925781,21103200
WMT,2023-06-15,50.852850176182706,51.25125134788906,50.84637442885559,51.08930206298828,18160500
WMT,2023-06-16,51.20267300574288,51.22534739119494,50.2957420690446,50.3767204284668,34675800
WMT,2023-06-20,50.10787634673405,50.350804000266095,49.8422743087926,49.93296813964844,19994400
WMT,2023-06-21,49.94916918687398,50.3151805756552,49.67385164005618,50.030147552490234,19251000
WMT,2023-06-22,50.19857185688713,50.55486773760362,50.036618846854,50.44797897338867,13307400
WMT,2023-06-23,50.49007711658876,50.62287997447366,50.211519906542286,50.35403823852539,18975000
WMT,2023-06-26,50.41558397037936,50.45769301209478,49.98479290514681,50.22124481201172,14106300
WMT,2023-06-27,49.92973127745678,50.48037004203342,49.900581143530395,50.039859771728516,12093600
WMT,2023-06-28,50.11759637204956,50.42530374989308,50.08844253252348,50.31193923950195,18889800
WMT,2023-06-29,50.04633880951156,50.12407373492789,49.60258881540707,49.971839904785156,21530400
WMT,2023-06-30,50.1953317388785,51.02452402677456,50.133791745478305,50.91115951538086,19073100
WMT,2023-07-03,50.79130572739058,51.319266280637564,50.63583220347486,51.24153137207031,8647500
WMT,2023-07-05,51.228589645682376,51.53953677529769,50.96298758242598,51.21239471435547,17585400
WMT,2023-07-06,51.154086998677634,51.235061649393785,50.810750031502856,50.888484954833984,14427000
WMT,2023-07-07,50.46741116025715,50.62288470783549,49.70299862463487,49.7159538269043,19774800
WMT,2023-07-10,50.062526818206386,50.36699443639472,49.98478819675656,50.166175842285156,12967800
WMT,2023-07-11,50.130555566721384,50.37024351606062,49.83580336809456,50.0916862487793,11460900
WMT,2023-07-12,50.305456418498295,50.4933198186444,50.14674314914575,50.21800231933594,16509900
WMT,2023-07-13,50.34432768893059,50.399391932290385,49.78073375978914,49.92325210571289,11859600
WMT,2023-07-14,49.92001290508737,50.0981608393715,49.7451046981142,50.09492111206055,10427400
WMT,2023-07-17,50.0107017481483,50.19856513884721,49.822838357449385,50.15645980834961,10135200
WMT,2023-07-18,50.09816287111336,50.41882545904751,49.83580055001343,50.065773010253906,13437300
WMT,2023-07-19,50.140266665187376,50.26982981142175,49.80016942984266,50.081966400146484,12372900
WMT,2023-07-20,50.18237870266829,51.031005684798586,50.17265952006006,51.008331298828125,14987700
WMT,2023-07-21,51.14436662719329,51.42940332193685,50.995372531983946,51.29660415649414,16960500
WMT,2023-07-24,51.32251421511738,51.65613569690977,51.03424150179102,51.59783172607422,12529800
WMT,2023-07-25,51.973564790149446,51.989759720598606,51.26745247815088,51.555728912353516,15553800
WMT,2023-07-26,51.578407128791746,52.04806385348418,51.48123383209705,51.7403564453125,15094200
WMT,2023-07-27,51.85047831345306,52.03186226611079,51.54276723786038,51.552486419677734,13400400
WMT,2023-07-28,51.5945991617284,52.129039289785176,51.5945991617284,51.79541778564453,11020200
WMT,2023-07-31,51.81161044111672,52.031863713607635,51.47151320368354,51.77922058105469,13033200
WMT,2023-08-01,51.80837082029119,51.97032382771624,51.48770823959221,51.536293029785156,11782500
WMT,2023-08-02,51.34843310146409,51.963847899233826,51.34843310146409,51.57192611694336,12660000
WMT,2023-08-03,51.5071459013709,51.66261946312604,51.34195315694112,51.58488082885742,13202700
WMT,2023-08-04,51.74683305243865,51.905546339318896,51.16380442470824,51.286888122558594,14262000
WMT,2023-08-07,51.66260622058474,52.216480874038076,51.536282825669424,51.98326873779297,14268900
WMT,2023-08-08,52.14523133261174,52.34928967273153,51.6658517715583,52.03510284423828,11017500
WMT,2023-08-09,52.11931610107422,52.50476209531868,52.05453638308475,52.11931610107422,13209600
WMT,2023-08-10,52.26559760630739,52.57765012434578,52.01855509953714,52.09331512451172,15169500
WMT,2023-08-11,52.18758230547064,52.60365232703959,52.04130978098999,52.398868560791016,14195100
WMT,2023-08-14,52.65890790602941,52.91244915916532,51.74225418166529,52.00879669189453,20813700
WMT,2023-08-15,51.85927109946892,52.265591058913316,51.657734881841236,51.742252349853516,14559300
WMT,2023-08-16,51.96978964765016,52.32410087619437,51.478959638513125,51.76825714111328,26980800
WMT,2023-08-17,52.30134859622613,52.379363583417856,50.39002604954091,50.60781478881836,53614200
WMT,2023-08-18,50.484293726445884,51.90153127940189,50.484293726445884,51.3359375,27954900
WMT,2023-08-21,51.23842088965594,51.631739647919666,51.04664209739316,51.19941711425781,15679200
WMT,2023-08-22,51.023886864153944,51.134406860492156,50.78659808844133,51.036888122558594,16670700
WMT,2023-08-23,50.90687349742123,51.488719862300215,50.87436476802274,51.391204833984375,14210400
WMT,2023-08-24,51.40094778590182,51.758510280514194,50.97512775681543,50.99787902832031,14033100
WMT,2023-08-25,51.09215113065856,51.37169866260428,50.884116104090545,51.30018615722656,12267000
WMT,2023-08-28,51.31318016867175,51.62848390877129,51.31318016867175,51.59272766113281,11871000
WMT,2023-08-29,51.68374864555005,52.08356617495309,51.63824238072448,52.025054931640625,12702300
WMT,2023-08-30,52.13882479731043,52.42812232169526,51.982798539222074,52.398868560791016,10967700
WMT,2023-08-31,52.372861755838684,52.980714235697654,52.32084928744222,52.85719299316406,19582800
WMT,2023-09-01,52.941706999559315,52.9709607582091,52.05755455190363,52.519134521484375,12553500
WMT,2023-09-05,52.61015399642897,52.91895526325855,52.06731148613357,52.09656524658203,15209400
WMT,2023-09-06,52.13882074695046,52.71416822644827,51.97954325669954,52.486629486083984,14594700
WMT,2023-09-07,52.65890915903255,53.139989162564866,52.49313289726045,53.136741638183594,19120800
WMT,2023-09-08,53.139989258137525,53.26351050358323,53.006717999612064,53.234256744384766,12667200
WMT,2023-09-11,53.30902412965617,53.465050389315365,53.19850413407945,53.41954040527344,11912100
WMT,2023-09-12,53.47154392873504,53.61131767184003,53.322020172837206,53.47804641723633,11757300
WMT,2023-09-13,53.61132454789786,53.910375818008205,53.429295766065195,53.49105453491211,14364300
WMT,2023-09-14,53.6340771473774,53.874617162615635,53.44229464009943,53.71533966064453,14923800
WMT,2023-09-15,53.70233169185754,53.84860791741907,53.23425297800314,53.517051696777344,63925200
WMT,2023-09-18,53.53005845482531,53.69908596665476,53.065230937314645,53.120487213134766,12997800
WMT,2023-09-19,53.10748291015625,53.237506641002994,52.77267915014513,53.10748291015625,14019600
WMT,2023-09-20,53.17899220699749,53.539802179469646,52.970957226117086,53.27975845336914,10120800
WMT,2023-09-21,53.39353915629336,53.47155042799534,52.5906528469146,52.63290786743164,18782400
WMT,2023-09-22,52.73367088456698,53.058724626972165,52.632900913657814,52.77267837524414,13215000
WMT,2023-09-25,52.77917134183167,53.01971130796707,52.61664634847458,53.006710052490234,10459500
WMT,2023-09-26,52.96446293190299,53.159496686641,52.772684141696,52.821441650390625,14435700
WMT,2023-09-27,52.65890258291005,52.73366631356751,52.10305890879825,52.56788635253906,15711000
WMT,2023-09-28,52.658915935985746,52.92871345157862,52.52564466054859,52.83444595336914,11617200
WMT,2023-09-29,52.99372358666916,53.02622859441218,51.74550971357111,51.986053466796875,18842400
WMT,2023-10-02,51.843020561007194,52.09656181476391,51.459455576121485,52.04130554199219,12992700
WMT,2023-10-03,51.908035004609566,52.25259252761954,51.579729984385374,51.7130012512207,11253300
WMT,2023-10-04,51.89502591171062,52.35010336092783,51.68699093149234,52.3338508605957,15755700
WMT,2023-10-05,52.155074891054646,52.320851155134285,51.68374489402381,51.70975112915039,14269500
WMT,2023-10-06,51.569972772339405,51.68049275979571,49.294589056169336,50.84185028076172,42616200
WMT,2023-10-09,50.40953174024637,50.6598254938525,49.81793170441323,50.65657424926758,21022500
WMT,2023-10-10,50.783344443911005,51.3846944662513,50.59806071057318,51.228668212890625,16014300
WMT,2023-10-11,51.44321015505409,51.84302769636447,51.04664385846226,51.43345642089844,12026100
WMT,2023-10-12,51.53096940958145,51.78451066992792,51.28392691798691,51.6674919128418,13514100
WMT,2023-10-13,51.7682570772308,52.1583245525772,51.65123832261054,51.95354080200195,13809000
WMT,2023-10-16,52.18433374197723,52.68492126736023,52.11282123835108,52.402122497558594,14348100
WMT,2023-10-17,52.24934261596833,52.564642643591554,52.13557138170614,52.47037887573242,10893000
WMT,2023-10-18,52.61990042051743,52.77592666553169,52.24283792505608,52.50938415527344,10559100
WMT,2023-10-19,52.47363173580925,52.60040051165818,52.08031299034125,52.25909423828125,11745900
WMT,2023-10-20,52.278594355870936,52.36635935149753,51.589475647998704,51.60572814941406,15056700
WMT,2023-10-23,51.59598101951827,52.447624789130415,51.36519102257364,52.33710479736328,17097000
WMT,2023-10-24,52.46387380268721,53.13998752627778,52.46062255844685,53.06522750854492,17535000
WMT,2023-10-25,53.035976293606936,53.416293795501744,52.811688774003045,52.90595626831055,16621800
WMT,2023-10-26,52.88970215304265,53.26026590976954,52.53213965445722,52.58414840698242,16220100
WMT,2023-10-27,52.48988435983819,52.64916186110253,52.187581859890834,52.38911437988281,13829700
WMT,2023-10-30,52.48338081726502,53.0684783383656,52.265595799063576,52.9904670715332,12653700
WMT,2023-10-31,52.98396211482934,53.185498341348165,52.642655863410816,53.11723709106445,14168400
WMT,2023-11-01,53.377282273675696,53.75759602692388,52.97746477411233,53.591819763183594,14899500
WMT,2023-11-02,53.43254064601642,54.020893143072,53.18874938744424,53.803104400634766,15492300
WMT,2023-11-03,53.9201258609069,54.056652097303925,53.471550815481116,53.5235595703125,17240100
WMT,2023-11-06,53.471548632577,53.83886114607106,53.331774877176244,53.595069885253906,14529000
WMT,2023-11-07,53.884367293990415,54.15741229628233,53.74134230423402,53.845359802246094,15023400
WMT,2023-11-08,53.90712755940748,54.050152573029706,53.172506182089236,53.40654373168945,15591900
WMT,2023-11-09,53.42928862094245,53.478046124558,53.06522738600363,53.28301239013672,15080100
WMT,2023-11-10,53.48779682000682,54.10215178928971,53.27651058168353,54.02088928222656,14319900
WMT,2023-11-13,54.0826498299525,54.566984803931945,53.97538108511059,54.50522232055664,15408900
WMT,2023-11-14,54.6644955399473,54.983046785215976,54.36544431952534,54.49546432495117,19792500
WMT,2023-11-15,54.732765788996375,55.2398520774702,54.44996702273912,55.187843322753906,35769900
WMT,2023-11-16,51.60248172468276,51.830020469305474,50.54605051037759,50.721580505371094,97658700
WMT,2023-11-17,50.69232912990914,51.20916540616042,50.38677538649488,50.49729537963867,42487800
WMT,2023-11-20,50.55905976030327,50.71183477775716,50.38677727513583,50.48104476928711,26663100
WMT,2023-11-21,50.533054560396565,50.98488085275268,50.10073201619476,50.66307830810547,29382300
WMT,2023-11-22,50.61756665755211,50.724835408892844,50.18199288299121,50.27626037597656,26416500
WMT,2023-11-24,50.432284559039694,50.75083583540402,50.286008318697796,50.728084564208984,13975200
WMT,2023-11-27,50.69233130268357,51.15066007747016,50.69233130268357,50.95887756347656,23393700
WMT,2023-11-28,50.92311416075409,51.65773538715366,50.92311416075409,51.56672286987305,23535000
WMT,2023-11-29,51.60898368783308,51.60898368783308,50.58180988908772,50.734588623046875,29896500
WMT,2023-11-30,50.71508353622731,50.82235228363626,50.224249781697495,50.60781478881836,29925900
WMT,2023-12-01,50.507042281851895,50.581806020841206,49.613143538113576,50.16898727416992,39273600
WMT,2023-12-04,49.837435589654305,50.360774370487924,49.8341843450604,50.15599060058594,24883200
WMT,2023-12-05,50.20474148828461,50.65981895246563,49.973951512029,50.620811462402344,21883800
WMT,2023-12-06,50.5623021770156,50.65331841735324,49.944699680354155,50.07147216796875,26447400
WMT,2023-12-07,50.35858007001483,50.420568206145056,49.66690194509086,49.741943359375,25362600
WMT,2023-12-08,49.591868793529265,49.66038357499351,49.01764771689882,49.21992874145508,34069500
WMT,2023-12-11,49.311276861156905,49.412417360786456,48.78925776586721,49.343902587890625,31883400
WMT,2023-12-12,49.33737763461712,49.493983368554375,49.01437994189819,49.383056640625,21381900
WMT,2023-12-13,49.44504581123099,50.26070022583008,49.14814720106919,50.26070022583008,35348700
WMT,2023-12-14,50.08778607968981,50.22481564521869,49.56903022910888,49.64733123779297,30891300
WMT,2023-12-15,49.52009384261684,50.068212129201235,49.441789096661466,49.83330535888672,70003500
WMT,2023-12-18,50.032325226206424,50.593493041426974,49.960543388835816,50.56086730957031,26316000
WMT,2023-12-19,50.518455512257546,50.795777967696424,50.27375878877904,50.74357604980469,24417000
WMT,2023-12-20,50.707680806754276,50.94258754169839,50.12041023561876,50.14977264404297,21967800
WMT,2023-12-21,50.244384435113204,50.59022535170342,50.21502202790062,50.505393981933594,20087700
WMT,2023-12-22,50.71746589170756,51.27211072239989,50.62285202945601,51.10898208618164,19405500
WMT,2023-12-26,51.1089825284927,51.219912989101246,50.93280061283215,51.030677795410156,11679900
WMT,2023-12-27,50.998059099378516,51.533131559149986,50.94912050134197,51.510292053222656,19896000
WMT,2023-12-28,51.474400630965924,51.65710920241988,51.38630966504625,51.409149169921875,16776000
WMT,2023-12-29,51.39610076945738,51.57554603813784,51.27538406155668,51.43525314331055,21948300
WMT,2024-01-02,51.30474628576696,52.05188598308408,51.28517010033729,51.97032165527344,23539800
WMT,2024-01-03,52.12692173894273,52.29984033537106,51.852858906492465,51.973575592041016,18756000
WMT,2024-01-04,51.944218566944414,52.05188571937434,51.38304703338885,51.47113800048828,19282500
WMT,2024-01-05,51.523338743389665,51.58206729804367,50.76641284131848,51.128562927246094,21709500
WMT,2024-01-08,51.12529806287626,51.64405387843313,51.11877142352006,51.631004333496094,20680800
WMT,2024-01-09,51.526596158775,51.98662711641138,51.46134470582021,51.976837158203125,23322300
WMT,2024-01-10,52.058409789575855,52.69135565973484,52.058409789575855,52.622840881347656,20121900
WMT,2024-01-11,52.64241843736245,52.81860036745592,52.257428846976794,52.564117431640625,14355300
WMT,2024-01-12,52.64894225875743,52.70440749063654,52.32594082628363,52.63262939453125,13629000
WMT,2024-01-16,52.67178314890343,52.984994653025254,52.60326836573776,52.79902648925781,17032500
WMT,2024-01-17,52.65220786882434,52.851229315685224,52.40751114365926,52.55106735229492,14827800
WMT,2024-01-18,52.58043118390881,53.3079946874324,52.423825436047316,53.259056091308594,18190500
WMT,2024-01-19,53.32103991282182,53.36671891919015,52.67177746894547,52.97846603393555,19175400
WMT,2024-01-22,53.112230508201975,53.16443241819873,52.69135190877032,52.981727600097656,13938300
WMT,2024-01-23,52.89363659059405,53.13180663791075,52.77944281234212,53.11549377441406,12066600
WMT,2024-01-24,53.14812578768012,53.20359102363925,52.306368490098976,52.36509704589844,22932900
WMT,2024-01-25,52.658730440490054,53.13833762762169,52.33899231573563,53.12854766845703,16369500
WMT,2024-01-26,53.1970613626765,53.63098953240829,53.06982176633414,53.5951042175293,15746400
WMT,2024-01-29,53.62120439895507,53.96704161391981,53.350408602481885,53.8463249206543,18240300
WMT,2024-01-30,53.735396309147866,54.09754637629162,53.38303246705111,54.0257682800293,15270000
WMT,2024-01-31,54.746807881611865,54.746807881611865,53.869161611156734,53.91483688354492,26134800
WMT,2024-02-01,54.061656922261136,54.926253656749694,53.892001641701405,54.91320037841797,20792700
WMT,2024-02-02,54.86100450502804,55.65382323105962,54.78596308146181,55.32429885864258,21670800
WMT,2024-02-05,55.467848245269785,55.467848245269785,54.834902361421165,55.02739715576172,19145100
WMT,2024-02-06,55.06980785377971,55.44827452807279,54.9229920718881,55.40259552001953,14181300
WMT,2024-02-07,55.55267427430044,55.679913862504,55.203573769052,55.262298583984375,17082600
WMT,2024-02-08,55.262296603376605,55.64402282185638,55.18399560834804,55.259037017822266,14427900
WMT,2024-02-09,55.26556434091036,55.376494804325375,55.11222192414862,55.22967529296875,14329800
WMT,2024-02-12,55.213368920729486,55.58204566848953,55.154640362526536,55.562469482421875,14795100
WMT,2024-02-13,55.66686869289649,55.813688209315,54.90015284887852,55.18400192260742,18574200
WMT,2024-02-14,55.05675490563613,55.09916685760643,54.66197912486575,55.007816314697266,18484500
WMT,2024-02-15,55.399328815195815,55.415645412628805,54.802272031278775,55.23293685913086,16948800
WMT,2024-02-16,55.55920318927247,56.09427562308601,55.23294215108105,55.5820426940918,22373400
WMT,2024-02-20,58.23128687680869,59.167661705410225,57.17093577447113,57.37648010253906,71788500
WMT,2024-02-21,57.095898792685446,57.28513400511107,56.37812151472702,56.67176055908203,40501500
WMT,2024-02-22,56.730480503412196,57.249240032402554,56.54451236058183,57.22966384887695,29512800
WMT,2024-02-23,57.45152119898359,57.960490770739,57.19703827999351,57.278602600097656,74365800
WMT,2024-02-26,57.86587991473542,58.570607670628526,56.94582158192272,58.335697174072266,32154800
WMT,2024-02-27,58.374847256734284,58.531453003705565,57.96375857110049,58.32590866088867,18012700
WMT,2024-02-28,58.28675560560853,58.492299946009496,58.05184885480043,58.35527038574219,14803300
WMT,2024-02-29,58.18888034134673,58.228032712369334,57.347123033238695,57.36669921875,29245100
WMT,2024-03-01,57.55266402645577,57.60160262049424,56.96539343044337,57.513511657714844,19030900
WMT,2024-03-04,57.25902833676817,58.13014799953033,57.16115114936076,58.042057037353516,16033300
WMT,2024-03-05,58.599973144342115,59.06000420167262,58.31612776896615,58.7663688659668,19676900
WMT,2024-03-06,58.84465949560897,59.33405288001571,58.766358495667006,59.28511428833008,12698700
WMT,2024-03-07,59.70599371345986,59.77450848951099,59.06978081152765,59.07957077026367,16195300
WMT,2024-03-08,58.72720834142074,59.00126745220593,58.46293545583131,58.844661712646484,12143600
WMT,2024-03-11,58.82508514055406,59.42214568549187,58.59996462478289,59.373207092285156,14154000
WMT,2024-03-12,59.65705875357236,60.26390555002214,59.36342344779185,60.1072998046875,16613100
WMT,2024-03-13,59.96048057771095,60.15623869377905,59.588544264334615,59.98005676269531,15935200
WMT,2024-03-14,60.184339075116796,60.34147819490201,59.51649687940663,59.92898941040039,16584700
WMT,2024-03-15,59.595069885253906,60.05666770089479,59.379002184912686,59.595069885253906,50946300
WMT,2024-03-18,59.60487675081426,59.811124851087385,59.310241424484516,59.7718391418457,16801700
WMT,2024-03-19,59.879880086780645,59.978090625067445,59.51649285283733,59.78166580200195,12353600
WMT,2024-03-20,59.75220369089523,60.184335306623225,59.653993152113564,60.15487289428711,12007600
WMT,2024-03-21,60.18433306568905,60.55753984284864,59.958445837708496,60.351295471191406,14265900
WMT,2024-03-22,60.223620717276326,60.42986509557374,59.76202294504622,59.78166580200195,14029400
WMT,2024-03-25,59.78166922220297,59.899526370680185,59.28078945389717,59.48703384399414,14186600
WMT,2024-03-26,59.378991506309745,59.7423787090768,59.15310429043624,59.428096771240234,13738300
WMT,2024-03-27,59.781665630004404,59.958447595605534,59.300428748695005,59.63434982299805,14363400
WMT,2024-03-28,59.575421692145284,59.68345553264268,59.08436150551484,59.094181060791016,17535100
WMT,2024-04-01,59.23168187419894,59.673633051047126,58.85847507821261,58.927223205566406,13837600
WMT,2024-04-02,58.829012245584266,59.0254333243406,57.82724900866087,58.10224151611328,19510100
WMT,2024-04-03,58.318307299048996,58.43616069176257,57.886171948279525,58.36741256713867,14615100
WMT,2024-04-04,58.47544675456319,58.74061969962356,58.22991666615454,58.436161041259766,14436100
WMT,2024-04-05,58.485268046324215,58.9665086823517,58.426343221111175,58.779903411865234,10335900
WMT,2024-04-08,58.53436916695507,58.96650450250912,58.357587210863265,58.711151123046875,11070100
WMT,2024-04-09,58.79954546457616,58.897759749407314,58.23973715376021,58.720977783203125,10013500
WMT,2024-04-10,58.554016243228034,59.673632881514244,58.32812900449414,59.536136627197266,15097600
WMT,2024-04-11,59.66381285434262,59.80130910757236,58.99597069880511,59.0156135559082,10987600
WMT,2024-04-12,58.92722009166945,59.63434793164684,58.87811482422474,59.06471633911133,12280600
WMT,2024-04-15,59.42809875261836,59.61470401066398,58.83882806082263,58.85847091674805,10557200
WMT,2024-04-16,58.95668590676374,59.212039306606115,58.71115580887251,58.770084381103516,14726300
WMT,2024-04-17,59.07453716713431,59.34952965050456,58.5049055984484,58.58347702026367,15329700
WMT,2024-04-18,58.76025909791578,58.86828918340429,58.161165118019895,58.20044708251953,12061500
WMT,2024-04-19,58.38705427014929,58.60311819477355,57.915636962116714,58.46562194824219,14165800
WMT,2024-04-22,58.49508849306757,59.32006972421061,57.98438546936076,59.06471633911133,14910000
WMT,2024-04-23,59.172756415408585,59.27096696065473,57.51297422319903,58.03349685668945,17963900
WMT,2024-04-24,57.92546251940746,58.96651152408097,57.75850384460181,58.7995491027832,18529100
WMT,2024-04-25,58.97632570858317,59.44774302253093,58.7602617812478,59.13346481323242,19263000
WMT,2024-04-26,59.035256760228705,59.310249268305554,58.927222918772244,59.0843620300293,11045200
WMT,2024-04-29,59.10400096716469,59.31024533454313,58.86829044266669,59.16292953491211,9785100
WMT,2024-04-30,59.123649661907194,59.22186020469344,58.102243532365165,58.28884506225586,14209200
WMT,2024-05-01,58.24955727583033,58.34776780880859,57.67010613967855,57.79777908325195,15464300
WMT,2024-05-02,57.886169562736086,58.81918460395671,57.53260939916589,58.64240264892578,17574100
WMT,2024-05-03,58.55401767399095,58.9075816202979,58.0826003277457,58.75044250488281,14207400
WMT,2024-05-06,58.92722580771772,58.92722580771772,58.328131745900514,58.7995491027832,11119400
WMT,2024-05-07,59.094181705112725,59.71291859603108,58.97632830805416,59.536136627197266,14520200
WMT,2024-05-08,59.54596050644001,59.76202444539371,59.14329129496795,59.221858978271484,11015700
WMT,2024-05-09,59.328296673441514,59.702795275096754,59.081916706989894,59.5648193359375,14550500
WMT,2024-05-10,59.53525813862516,59.70279847972438,59.28887815894876,59.604244232177734,12356600
WMT,2024-05-13,59.7422098754202,60.4616388861374,59.41699029278956,59.53525161743164,19260500
WMT,2024-05-14,59.64366040395171,59.673224795745874,58.57929718584456,58.99321746826172,18780100
WMT,2024-05-15,58.963653564453125,59.072057588415454,58.608865822147834,58.963653564453125,22240600
WMT,2024-05-16,63.290084328978644,63.48718528630011,62.028616397254524,63.083126068115234,60545600
WMT,2024-05-17,63.30979660260275,63.94052874039575,62.70863261839762,63.713863372802734,29330400
WMT,2024-05-20,63.48718641409552,63.8222670701979,62.94515125291313,63.25066375732422,15001400
WMT,2024-05-21,63.59559425334354,64.24604095867798,63.51675086137821,64.20661926269531,17131700
WMT,2024-05-22,64.03908870703188,64.73880695885626,63.79270872319567,64.30517578125,14879400
WMT,2024-05-23,64.22632349690517,64.5712539227746,63.62515581799586,63.901100158691406,16222900
WMT,2024-05-24,64.18690859838122,64.738804857123,64.06865102208812,64.43328857421875,11795000
WMT,2024-05-28,64.27559177199743,64.5219716806488,63.80253903906282,64.09819793701172,13349600
WMT,2024-05-29,63.812409568403304,64.2657477920243,63.713859088297816,63.97994613647461,11538600
WMT,2024-05-30,63.989811562890786,64.22633424895159,63.83212475956984,63.95038986206055,13051900
WMT,2024-05-31,63.73356452774056,64.94575720654149,63.23095483653092,64.80778503417969,27632200
WMT,2024-06-03,64.56140411029119,64.88661992944397,64.21647368457197,64.86691284179688,11578700
WMT,2024-06-04,65.03445997025271,65.67504944720106,64.87678068669715,65.63562774658203,14780800
WMT,2024-06-05,65.6060632043753,66.17766658369432,65.3202615147158,66.1185302734375,14982700
WMT,2024-06-06,66.08896500569472,66.46346739633744,65.8031633198065,66.17766571044922,13256000
WMT,2024-06-07,66.42404273679522,66.59157931518631,64.68952560820233,64.9260482788086,20213200
WMT,2024-06-10,66.21708273038568,66.35505491121182,65.31039873205974,65.99040985107422,21659500
WMT,2024-06-11,65.9805485828802,65.9904058863241,65.38923819787742,65.76374053955078,13367500
WMT,2024-06-12,65.88199696159288,65.9706976532093,64.94575616150006,65.34981536865234,11704700
WMT,2024-06-13,65.33996709336385,65.79330530843086,64.99502914112372,65.73416900634766,11196600
WMT,2024-06-14,65.57648476209295,66.13823071622195,65.33996212849098,66.04953002929688,12590100
WMT,2024-06-17,65.95098853435054,66.4634630823071,65.44837880940696,66.4437484741211,12103000
WMT,2024-06-18,66.65070391847176,66.88723409314771,66.32548808640175,66.62113952636719,12093500
WMT,2024-06-20,66.37476836077029,67.14347273301176,66.325496873708,67.02521514892578,13860800
WMT,2024-06-21,67.271589084435,67.55739075177938,66.84781523546506,66.9266586303711,25883000
WMT,2024-06-24,67.06463047221392,68.04029304274293,66.91680098724409,67.9023208618164,12470400
WMT,2024-06-25,66.19736850423581,66.61128504910229,65.58635099102911,66.4437484741211,20869200
WMT,2024-06-26,66.42403544805342,67.6066561902353,66.23678428162222,67.3011474609375,14177500
WMT,2024-06-27,67.30115385916106,67.58695552812495,66.69012882355688,66.89708709716797,12899200
WMT,2024-06-28,66.88723237232216,67.11389771857222,66.3451934679512,66.72954559326172,18816700
WMT,2024-07-01,66.90693547087935,67.25186588085806,66.27620343008427,66.50287628173828,8666000
WMT,2024-07-02,66.46346053365718,67.09419263086345,66.28606666138545,67.08433532714844,9436500
WMT,2024-07-03,66.82809538592694,67.26172650498029,66.64085173636069,67.25186920166016,6287500
WMT,2024-07-05,67.17304308074081,69.13422566659041,67.11390677115688,69.02581787109375,21586100
WMT,2024-07-08,68.8878360685542,69.12435871712721,68.34579716669995,68.6710205078125,12077700
WMT,2024-07-09,68.88784790039062,69.23277838857804,68.66117499734133,68.88784790039062,9758400
WMT,2024-07-10,69.08494847877044,69.42002917882415,68.71045359651811,69.39046478271484,10803400
WMT,2024-07-11,69.16377856257965,69.42986559524539,68.2571021681907,68.7892837524414,15624800
WMT,2024-07-12,68.88784298779167,69.01595786886196,68.1684101475165,68.23739624023438,12145300
WMT,2024-07-15,68.29654197403488,68.95683859817392,68.29654197403488,68.60205078125,10171100
WMT,2024-07-16,68.80899541298186,69.22291194415826,68.57247275501246,68.97653198242188,9836800
WMT,2024-07-17,69.16378965771368,70.07046619755009,68.93711676329436,70.00148010253906,13533800
WMT,2024-07-18,69.656545335569,70.15916257906346,69.41016536586466,69.79451751708984,10682700
WMT,2024-07-19,70.16901347666892,70.29713587505519,69.62698204607814,69.72553253173828,11665500
WMT,2024-07-22,69.83394614662676,70.22815564106918,69.21307126815144,69.36089324951172,12666100
WMT,2024-07-23,69.44958975675432,69.67625512707791,69.09480198510671,69.62698364257812,9263600
WMT,2024-07-24,69.49885436380444,69.81422040529215,69.32146049553513,69.57769775390625,22490800
WMT,2024-07-25,69.57770689054426,69.74524347732113,68.93711741995685,69.006103515625,18821200
WMT,2024-07-26,69.21306549018739,69.22291527550867,67.83333613428024,68.76957702636719,16789300
WMT,2024-07-29,68.83856570321218,68.8878447073494,68.12899014959025,68.61190032958984,10315300
WMT,2024-07-30,68.54291338275038,68.83856484713588,67.98116732960564,68.18812561035156,12522500
WMT,2024-07-31,68.17826162352752,68.24724771034799,67.30114958298752,67.64608001708984,22908800
WMT,2024-08-01,67.91217187226529,68.78928387783684,67.52781223939532,68.77942657470703,17275500
WMT,2024-08-02,68.5921810079184,69.22291311915609,66.75911345997137,67.46868896484375,23578700
WMT,2024-08-05,67.1138995721199,67.58695240344653,65.94113607587624,66.61128234863281,20770500
WMT,2024-08-06,66.85765997380366,67.63622152216006,66.69998071481419,66.75910949707031,14815100
WMT,2024-08-07,66.88723741005275,67.02520959266253,65.84258121739582,65.9411392211914,18499200
WMT,2024-08-08,65.87214902570905,66.93651236294855,65.70461244084369,66.68028259277344,12489800
WMT,2024-08-09,66.86752159941597,67.23216665771105,66.35505457592548,66.96607208251953,13805600
WMT,2024-08-12,67.35042009219465,68.21768233563354,67.0843330522701,67.70520782470703,17385300
WMT,2024-08-13,67.43912975354678,67.61652364339467,66.16780812945697,67.14347076416016,26557900
WMT,2024-08-14,66.93650429297422,67.7939092422004,66.86751820641024,67.6657943725586,22928600
WMT,2024-08-15,73.04673717479545,73.36210323979358,71.72613660835827,72.12034606933594,49567500
WMT,2024-08-16,71.85151146807597,72.75089442968178,71.67361195590952,72.59275817871094,19872100
WMT,2024-08-19,72.53345355230809,73.11657149361703,72.48403409376725,72.85960388183594,13709300
WMT,2024-08-20,72.88926313703627,73.87759212872488,72.8596144737419,73.6700439453125,14434000
WMT,2024-08-21,74.4211746778267,74.69790558379104,73.7194544715364,74.36186981201172,14832000
WMT,2024-08-22,74.49035831213796,75.33043644129687,74.27292472898705,74.69790649414062,16511100
WMT,2024-08-23,74.71766641672424,74.92521458945095,74.13455596101846,74.81649780273438,12299100
WMT,2024-08-26,75.01417436047058,75.32055394471529,74.68802397316695,75.14265441894531,9508200
WMT,2024-08-27,75.55775058056315,75.55775058056315,74.8856865451916,75.24148559570312,11557800
WMT,2024-08-28,75.38973278560427,75.53798363949014,74.92521696225933,75.19207000732422,9814300
WMT,2024-08-29,75.10311729581707,75.57751852534201,74.7868523229177,75.5280990600586,11856800
WMT,2024-08-30,75.547870619104,76.56584827518535,75.33043703424161,76.32865142822266,23230000
WMT,2024-09-03,76.42747676081049,76.90187041712937,75.90366364263075,76.26934051513672,22666100
WMT,2024-09-04,76.42747738875626,76.57572823520567,75.83448154330985,76.3385238647461,18442800
WMT,2024-09-05,76.34841440738212,76.54607718905987,75.49845087353458,76.06179809570312,13082900
WMT,2024-09-06,76.00251212043501,76.41760854816505,75.40951614648455,75.74554443359375,14548600
WMT,2024-09-09,75.95308356313531,76.56585026912785,75.59728451324958,76.43736267089844,22260200
WMT,2024-09-10,76.44724596099579,77.97915891349142,76.37806323322609,77.89020538330078,17686300
WMT,2024-09-11,77.46522278421942,77.99892133858093,76.66467872285303,77.91985321044922,19518800
WMT,2024-09-12,78.0681071005197,78.97737552867898,77.70243018931026,78.73029327392578,14877700
WMT,2024-09-13,78.88842159217396,79.74827054884042,78.75994153488668,79.65931701660156,12994100
WMT,2024-09-16,79.8965200624388,80.07441960035578,79.20469271517969,79.61978912353516,15346400
WMT,2024-09-17,78.82912829808934,79.32329283035358,77.34663470129664,77.68266296386719,21065900
WMT,2024-09-18,77.72219540357582,78.48321298992228,77.36639634456878,78.1076431274414,15684900
WMT,2024-09-19,78.12740284147776,78.16692936211062,76.58560462450673,77.12918853759766,21525700
WMT,2024-09-20,77.316983587673,78.68087493900954,77.19838138915811,78.13729095458984,39534300
WMT,2024-09-23,78.1471746475312,79.50118810798341,78.1471746475312,79.39247131347656,12147300
WMT,2024-09-24,79.54071536811256,79.96569710836545,79.30351099656352,79.7284927368164,14651100
WMT,2024-09-25,79.94593179077741,80.64764447228386,79.73838360669959,80.44998168945312,14163800
WMT,2024-09-26,80.09418246801661,80.25231118585533,78.33495806758185,78.98725128173828,17061100
WMT,2024-09-27,78.96749441516248,79.35294215027928,78.67099267721765,78.84889221191406,11899100
WMT,2024-09-30,78.95760781826284,79.99535634501292,78.92795915298753,79.80757141113281,18997000
WMT,2024-10-01,79.73837698756527,80.57845505538818,79.50118015978789,80.32148742675781,16054200
WMT,2024-10-02,80.04476432232521,80.04476432232521,79.18492291037722,79.49130249023438,16618300
WMT,2024-10-03,79.36282243359956,79.63955334964497,78.91806985536776,79.49130249023438,11640400
WMT,2024-10-04,79.11574901518645,80.16337546871938,78.91807866711709,79.995361328125,11583400
WMT,2024-10-07,79.74827359014954,79.9953558530608,78.05823181667883,78.17682647705078,16791600
WMT,2024-10-08,78.69075524504775,78.88841802275418,78.14717129582765,78.77970123291016,15270000
WMT,2024-10-09,78.88841444782724,79.56047841806595,78.81923172472993,79.4616470336914,12413000
WMT,2024-10-10,79.37269732034137,79.38258272135884,78.53261920229708,78.68087005615234,10812700
WMT,2024-10-11,78.7698203848033,79.19480216775246,78.44367753677186,79.16515350341797,9570700
WMT,2024-10-14,79.11573133729071,79.57036172573689,78.82911505189726,79.3529281616211,9914500
WMT,2024-10-15,79.72849395032529,80.86507374182202,79.57036524057044,80.69705963134766,13276200
WMT,2024-10-16,80.57846669147169,80.70695429451696,79.67909117191626,80.27208709716797,11123300
WMT,2024-10-17,80.32149277832299,80.54881176117063,79.70873363737599,79.94593048095703,9424700
WMT,2024-10-18,79.92617852333105,80.73660809884342,79.71863031329951,80.36103820800781,12324100
WMT,2024-10-21,80.28197099162887,80.59823598184833,79.77792107147053,79.86686706542969,9750400
WMT,2024-10-22,80.16336863967291,81.27029987350454,79.88663771630303,81.062744140625,12240100
WMT,2024-10-23,80.93426536277167,82.36733947021973,80.84531936757317,82.29815673828125,13058200
WMT,2024-10-24,81.99177842264093,82.34757748968173,81.61621609203225,82.07084655761719,11645900
WMT,2024-10-25,82.22896946783047,82.32780839973209,81.47784485977058,81.54702758789062,8959400
WMT,2024-10-28,81.78423309326172,82.11038350621857,81.50750215148716,81.78423309326172,7990200
WMT,2024-10-29,81.70515554354871,81.89294046398655,80.7168265565736,80.74647521972656,9682400
WMT,2024-10-30,80.64764217229938,80.87496115238847,80.35114800650899,80.44009399414062,9268800
WMT,2024-10-31,80.34126755382026,81.47784744356524,80.27208482350633,80.99356079101562,15539000
WMT,2024-11-01,81.56678689001777,81.56678689001777,80.58834334257986,81.23075866699219,12181800
WMT,2024-11-04,81.24064205034738,81.94236228679637,81.04297926340668,81.48772430419922,11731000
WMT,2024-11-05,81.71504770132444,82.79232276683294,81.54703356933085,82.70337677001953,10612500
WMT,2024-11-06,84.14632748925504,84.54166058338355,81.1022724669227,82.46617126464844,19974000
WMT,2024-11-07,82.74290361380554,83.4050822223357,82.4464019029419,82.87138366699219,12665800
WMT,2024-11-08,83.29637417737416,84.42306873239902,83.24696224727634,83.83995819091797,14396500
WMT,2024-11-11,83.95853410066967,84.41317201426826,83.13822687304376,83.2271728515625,10433200
WMT,2024-11-12,83.5137907211874,84.5317682655339,83.5137907211874,83.9980697631836,12860200
WMT,2024-11-13,83.99807870513773,84.78874491286744,83.78064512099446,84.50212860107422,12802600
WMT,2024-11-14,84.03761558731573,84.7590990915866,83.35566614879208,83.4841537475586,15740700
WMT,2024-11-15,83.5434545642456,83.79053683021833,82.96034403591906,83.2667236328125,17370600
WMT,2024-11-18,83.83007049894785,83.85971916426719,82.68361271126975,83.09870910644531,25093800
WMT,2024-11-19,85.22360991321662,87.25956516685463,84.90734494624031,85.58928680419922,36340900
WMT,2024-11-20,85.5892963189698,86.18229225542845,84.90735438520093,86.16252899169922,18183200
WMT,2024-11-21,86.42936677808575,87.60548068391003,85.91543902330767,87.3583984375,18729200
WMT,2024-11-22,88.3664905186423,89.84898386780806,87.89208932915477,89.38446807861328,23990600
WMT,2024-11-25,89.44378875220954,89.88853385693565,88.02059235252106,88.45545959472656,25078600
WMT,2024-11-26,88.84088325851737,90.80765563698294,88.79146379791052,90.24430847167969,16657000
WMT,2024-11-27,90.9262651546825,91.17334739695065,90.24431575310984,90.80766296386719,14358900
WMT,2024-11-29,91.18323619431955,91.55879850202945,90.74836901881719,91.4204330444336,11041200
WMT,2024-12-02,91.73670691295685,91.90472105055166,90.87685787999986,91.55880737304688,17173000
WMT,2024-12-03,91.69716427160712,92.49770835618567,91.18323650455282,92.41864776611328,17775200
WMT,2024-12-04,92.35934250376069,93.41685423752698,91.96401693403087,93.34767150878906,17312600
WMT,2024-12-05,93.78254087850108,94.48425358364963,93.23895689687441,94.18775939941406,21932300
WMT,2024-12-06,94.42495538438119,95.05748535334169,94.21740719522403,94.58308410644531,18803500
WMT,2024-12-09,94.54356066045528,94.82029158834456,92.50759768747281,92.73491668701172,20931100
WMT,2024-12-10,92.95234581309688,94.12845220004758,92.67560735816835,93.4465103149414,13164500
WMT,2024-12-11,93.43662633908744,94.57320621874005,93.39709227349452,93.85172271728516,19682100
WMT,2024-12-12,94.5633295298265,94.60286359906189,92.99188232421875,92.99188232421875,14298600
WMT,2024-12-13,92.9106614934021,93.78231527023968,92.15786512968975,93.35639190673828,11495900
WMT,2024-12-16,93.5247744380531,94.80254447606669,93.20780875430958,93.97051239013672,16742000
WMT,2024-12-17,94.23796050327265,94.58464058096895,93.42573536821607,94.51530456542969,23560800
WMT,2024-12-18,94.43605445256868,94.99075009404066,92.2470089113697,92.66303253173828,24665600
WMT,2024-12-19,93.58421210585237,93.67335516337417,92.47482841754646,92.51445007324219,16606500
WMT,2024-12-20,92.12814397954185,92.86112568228451,90.76122337298166,91.36544036865234,49350600
WMT,2024-12-23,90.6324681619492,90.6324681619492,88.0670281550264,89.49337005615234,26205400
WMT,2024-12-24,89.51317384939067,91.80126953125,89.4933592442772,91.80126953125,8992400
WMT,2024-12-26,91.66260286500065,91.99937560097752,91.29610821962166,91.91023254394531,10994000
WMT,2024-12-27,91.25649206640023,91.4744074061399,90.16692292476043,90.79095458984375,11384400
WMT,2024-12-30,89.8697674464983,90.20654018636789,89.275450164515,89.7112808227539,9790200
WMT,2024-12-31,89.71128539638148,90.07778006468126,89.20611870376472,89.49337005615234,11267700
WMT,2025-01-02,89.12687569042124,89.74099244610794,88.67123043954294,89.14668273925781,14820400
WMT,2025-01-03,89.29527213556986,90.43437027723988,89.2853648315042,89.91929626464844,10834600
WMT,2025-01-06,89.96881589804183,91.59326597164883,89.81032927766164,90.56312561035156,14519900
WMT,2025-01-07,90.83055850432619,91.06828842486809,89.59241017380343,89.9489974975586,11238000
WMT,2025-01-08,90.24615852055985,90.97914023575296,89.95890719338979,90.92961883544922,13453600
WMT,2025-01-10,91.61306610902314,92.6927353469993,91.32581479904889,92.11823272705078,18140900
WMT,2025-01-13,91.24658801922344,91.55364640689831,90.23625468387687,90.66217803955078,18617100
WMT,2025-01-14,90.98905399074607,91.10791896260804,89.71128388219893,89.92919921875,13549200
WMT,2025-01-15,90.20653940632057,90.86028538802577,89.94900242349202,90.4739761352539,17348200
WMT,2025-01-16,90.63246504475605,90.85038037749025,89.26555189904826,90.43436431884766,13267700
WMT,2025-01-17,91.19706305969649,91.38526404468462,90.18673723709702,91.06829833984375,15868200
WMT,2025-01-21,91.60317714005367,93.34648469544993,91.43478320952951,92.1974868774414,23247500
WMT,2025-01-22,92.88094282780307,93.10876547268242,91.64279435077272,92.3460693359375,15567100
WMT,2025-01-23,92.07862330695366,92.92056274414062,91.44469190316171,92.92056274414062,14198400
WMT,2025-01-24,92.65312294664238,94.10918668943107,92.57387963451797,93.86155700683594,14973800
WMT,2025-01-27,94.99074628051787,96.53595305766915,93.9209842546171,96.47652435302734,18880600
WMT,2025-01-28,96.30813263898919,96.91234206910923,95.81287330897848,96.36756134033203,14641600
WMT,2025-01-29,96.50624077297293,97.23922252180532,96.29823274521205,96.57557678222656,11261400
WMT,2025-01-30,96.76377125789371,97.99201229230293,96.49632698513166,97.71466827392578,11012200
WMT,2025-01-31,98.06135646525874,98.06135646525874,96.77367906460877,97.22932434082031,16391200
WMT,2025-02-03,95.85248859884254,98.8438592213118,95.55533753137021,98.59622955322266,20484200
WMT,2025-02-04,99.02214955948172,99.99285359384288,98.74480554966425,99.81455993652344,15201200
WMT,2025-02-05,99.69571928844474,101.6074208854084,99.58676161527126,101.48855590820312,15926700
WMT,2025-02-06,101.55788933409318,102.0432414204593,100.97348688110966,101.8748550415039,13088500
WMT,2025-02-07,102.02342951951861,102.1323871847352,100.15134971833677,100.19097137451172,12451100
WMT,2025-02-10,100.98338655369773,101.95409828277594,100.29002643082656,101.9441909790039,15274600
WMT,2025-02-11,101.64703818817891,101.87485327173542,100.88433450865183,101.49845886230469,11953600
WMT,2025-02-12,101.15177659120872,102.91489874175221,101.0725332782036,102.62764739990234,15162100
WMT,2025-02-13,103.01394555960536,104.24218664068594,102.54840055804324,104.05399322509766,12604400
WMT,2025-02-14,104.30163709480172,104.30163709480172,102.6177505290149,103.05358123779297,14109500
WMT,2025-02-18,102.73660705922387,103.00404379948189,101.53808026573715,102.79603576660156,18247300
WMT,2025-02-19,102.8653672142917,103.21204725371298,101.57769741686151,103.01394653320312,18508000
WMT,2025-02-20,97.843436513985,99.17073550894138,95.76334874397789,96.28832244873047,55450900
WMT,2025-02-21,95.61477067213227,95.93173635971841,93.22762449060554,93.88136291503906,35014800
WMT,2025-02-24,93.28704988414393,93.74268757155963,91.2465838150523,92.7818832397461,29755900
WMT,2025-02-25,93.45543477763981,96.98168637313245,93.34647711963804,96.7637710571289,29331200
WMT,2025-02-26,96.77367324149525,97.79391384277339,95.15913049314317,95.28789520263672,19069700
WMT,2025-02-27,94.990753335857,97.11046293884509,94.90160271521465,95.872314453125,16431500
WMT,2025-02-28,96.86283136887374,97.92268614987567,96.24870701128947,97.67505645751953,25451300
WMT,2025-03-03,97.0510355425884,98.54671349248792,95.91193740890573,96.66472625732422,18372200
WMT,2025-03-04,94.85206782854405,96.12983779104272,93.56439056359135,94.0695571899414,25227700
WMT,2025-03-05,94.06956602126284,95.47610081948031,93.85165068916133,95.06999206542969,17639000
WMT,2025-03-06,93.90117766259957,95.27799807859704,93.28705333576475,93.74269104003906,19957800
WMT,2025-03-07,93.049332753403,93.05923249971036,89.89948286132123,90.85037994384766,35913200
WMT,2025-03-10,88.90896692563288,89.37451195673795,85.78883128821386,86.98735809326172,35148800
WMT,2025-03-11,86.46237497385157,88.50284100075326,86.31379566303517,86.61095428466797,28687600
WMT,2025-03-12,87.04677940668846,88.25521341275923,84.07522334863557,84.3921890258789,33301600
WMT,2025-03-13,84.13466029453846,84.63981938744432,83.07480559414101,83.6988296508789,31507800
WMT,2025-03-14,84.15446978702568,84.56058609078467,83.26300142504337,84.540771484375,35500600
WMT,2025-03-17,84.32284992545738,87.15573386806443,84.17427817365365,86.6307601928711,26297800
WMT,2025-03-18,86.61096151314983,86.84868389606159,84.68935272887917,84.77849578857422,17850900
WMT,2025-03-19,85.13508788742433,85.96712760958594,84.80822242659603,85.51148986816406,24555900
WMT,2025-03-20,84.99640655517578,86.25436952615934,84.70915522760518,84.99640655517578,18185500
WMT,2025-03-21,84.70340231551069,85.64698370731384,84.20678292334394,85.39867401123047,26797200
WMT,2025-03-24,85.88536014760979,87.05738223334612,85.7661687637379,86.8984603881836,17900700
WMT,2025-03-25,86.1733977036331,86.71967447979165,84.04786734460724,84.18692016601562,27908600
WMT,2025-03-26,84.61401917267868,84.98151269354145,83.99820836409832,84.63388061523438,27228800
WMT,2025-03-27,84.20678913600499,85.52779863530533,84.20678913600499,85.05104064941406,16782800
WMT,2025-03-28,84.85239307293742,85.24969011826583,84.12732539687725,84.57428741455078,14790600
WMT,2025-03-31,84.18692170880372,87.60365798320893,83.79955918809445,87.1964340209961,30269300
WMT,2025-04-01,86.94812172843686,88.50750627437615,86.77927295836052,88.22940063476562,22080300
WMT,2025-04-02,87.60365668122827,89.54047683379989,87.5242033385843,89.15311431884766,19384100
WMT,2025-04-03,85.69664368488351,89.27230190078171,85.69664368488351,86.6700210571289,33012900
WMT,2025-04-04,85.0609726876852,86.79914063799279,82.09119071151811,82.6275405883789,36209000
WMT,2025-04-07,79.6974827209007,85.67678480536443,79.27038971486756,83.26321411132812,36884900
WMT,2025-04-08,85.26953846525404,86.38196850577006,80.48212836990943,81.23699188232422,34351700
WMT,2025-04-09,82.76659015433486,90.18608512494347,82.45868097665402,88.99419403076172,46632800
WMT,2025-04-10,88.13008912261418,91.24885859838527,87.5639432643452,89.99737548828125,34735300
WMT,2025-04-11,90.066900162873,92.71884610142772,89.40143194508936,92.17256927490234,25508100
WMT,2025-04-14,92.6393803568035,94.79471433090221,92.27188684736912,94.08951568603516,27742900
WMT,2025-04-15,94.17890726698106,95.38072536375861,93.23533339247808,93.33465576171875,21871200
WMT,2025-04-16,93.36444677144178,93.66242144119829,89.99736786112209,90.57344818115234,22229100
WMT,2025-04-17,91.20912036090205,93.23532841198106,91.00054112329532,92.5897216796875,21393900
WMT,2025-04-21,92.39107072859692,93.44390901961405,90.72242922546772,91.78520202636719,18361200
WMT,2025-04-22,92.25201289692419,94.6457219353939,92.25201289692419,94.20869445800781,15407800
WMT,2025-04-23,94.37754691986089,95.9468660338572,93.52336852817025,94.31795501708984,18046900
WMT,2025-04-24,94.06964424579004,95.56943693018118,93.02674807013571,95.19200134277344,13444500
WMT,2025-04-25,95.15227342798096,95.81774155884612,93.7220072309369,94.44706726074219,15317200
WMT,2025-04-28,94.45700338545453,95.35091977389686,93.70213981545763,94.5761947631836,12950000
WMT,2025-04-29,94.19877194175649,95.52971598424284,93.7816134299459,95.39066314697266,12679000
WMT,2025-04-30,95.29133545310933,97.11889125678478,94.28816211641201,96.59247589111328,21639900
WMT,2025-05-01,96.36402607147411,97.23808107461278,95.93693307979792,96.75139617919922,13171800
WMT,2025-05-02,97.28774231475177,98.54915989767525,97.18841994532585,98.08233642578125,16031400
WMT,2025-05-05,98.27105420293324,99.06564073591537,97.8638226372537,98.65841674804688,12439100
WMT,2025-05-06,98.07240010545416,98.79746778672242,97.74463705017897,97.8836898803711,10626000
WMT,2025-05-07,97.88368329874507,98.55908596189789,97.64530053917791,98.16178894042969,11301300
WMT,2025-05-08,98.08233039123063,98.6584107073929,96.70172908106245,96.77125549316406,14461100
WMT,2025-05-09,96.32820020834116,96.77623531039197,95.87020657625087,96.29833221435547,13697800
WMT,2025-05-12,97.24418856844893,97.54288370393755,95.20313046305279,96.32820129394531,26783900
WMT,2025-05-13,96.07928240561151,96.89570709215587,94.81482265303787,95.46198272705078,19746700
WMT,2025-05-14,95.61132932720488,96.90566465458161,95.41220432120788,96.40784454345703,25620100
WMT,2025-05-15,93.88887379064772,96.29832124880949,91.48937726525956,95.929931640625,44026100
WMT,2025-05-16,95.72084837991969,98.75755403343601,95.58145935937782,97.81169128417969,33746200
WMT,2025-05-19,96.22863023434763,97.85152108283005,95.3922884869383,97.69222259521484,20041600
WMT,2025-05-20,98.1303078858792,98.38917649699208,96.09920071373095,97.37362670898438,15609600
WMT,2025-05-21,96.70653528937522,97.33379351191205,95.56155507237004,96.00959014892578,15742300
WMT,2025-05-22,96.11910565501822,96.53727271523083,95.4022434968641,95.51176452636719,13712200
WMT,2025-05-23,94.92434260959263,96.11911552794858,94.58582855354467,95.91998291015625,13668600
WMT,2025-05-27,96.87580110297303,97.37362123691199,96.15893889471975,97.15457916259766,17180900
WMT,2025-05-28,97.09483335107319,97.81169554286153,96.63683974990448,96.81605529785156,11220100
WMT,2025-05-29,97.2043543741771,97.34374340077137,96.42775619854268,96.67666625976562,14338000
WMT,2025-05-30,96.53727526481445,98.49868772264,96.1788441762711,98.28960418701172,29980100
WMT,2025-06-02,98.40907625893918,99.47441859269138,97.62252716525725,99.33502197265625,16999200
WMT,2025-06-03,99.13589702028851,100.4501418150458,98.14025679407446,99.54411315917969,15598600
WMT,2025-06-04,99.35493898826644,99.69345301870474,98.88698686702236,98.91685485839844,11115600
WMT,2025-06-05,98.86708276149882,99.15581175786579,97.18444825891419,97.53292083740234,15817100
WMT,2025-06-06,97.94113697437811,98.13030346200746,96.54723906462931,97.04505920410156,15599300
WMT,2025-06-09,96.97536140040049,97.42339647228155,96.3481031844083,97.02513885498047,13655700
WMT,2025-06-10,96.86584581249842,97.66235349575592,96.05937959931207,96.89571380615234,17162500
WMT,2025-06-11,96.86584133072888,96.86584133072888,94.93429680506229,95.38233947753906,16389600
WMT,2025-06-12,94.47630092451195,94.8446905446387,93.02266709859374,94.41656494140625,17845700
WMT,2025-06-13,94.10791235305601,94.90442758529099,93.60014129873512,94.02826690673828,18694700
WMT,2025-06-16,94.33690745258896,95.36241562692996,93.68973981363509,93.87891387939453,14881700
WMT,2025-06-17,93.54040094790363,94.40661072315135,93.21184542968706,93.83909606933594,14935600
WMT,2025-06-18,94.15770069608763,95.07368792789516,93.67979002080881,94.67543029785156,11333700
WMT,2025-06-20,94.82478227641647,95.8901171186397,94.78495575194339,95.7009506225586,20604900
WMT,2025-06-23,95.50181056149245,97.50304958262313,95.25290050002309,97.44331359863281,20432400
WMT,2025-06-24,97.30392674675831,98.67790758217167,96.82601607575708,97.57274627685547,22403700
WMT,2025-06-25,97.88139338207598,98.13030345178619,96.72645460860957,96.83597564697266,11154700
WMT,2025-06-26,96.47754003110352,96.91561656795477,95.50180926113107,95.60137176513672,19361400
WMT,2025-06-27,95.90006917251249,97.33379357219049,95.74077068151067,96.8459243774414,31431900
WMT,2025-06-30,96.80610875793572,97.71213747202401,95.89011391789576,97.35370635986328,17803000
WMT,2025-07-01,97.17448216280772,98.75755403343601,96.99526662266362,97.81169128417969,15635800
WMT,2025-07-02,97.70217017493765,97.95108022515049,96.63683546387195,97.18444061279297,12502000
WMT,2025-07-03,97.27404902324436,98.05065479609497,96.99527096966672,97.9311752319336,7686200
WMT,2025-07-07,97.80174266765383,98.91685485839844,97.19440152256668,98.91685485839844,12930900
WMT,2025-07-08,98.38917090452071,98.7376434788272,96.08924431796548,96.66670989990234,16875000
WMT,2025-07-09,96.72645346452117,96.86584249421958,95.95980620504753,96.38793182373047,13702600
WMT,2025-07-10,96.2385894961341,96.35806146372182,94.32695445727616,94.4464340209961,18894800
WMT,2025-07-11,94.59578262972485,95.1135122193439,93.81918444723011,93.98844146728516,14595000
WMT,2025-07-14,94.09795939035875,95.42215511090095,93.96852130013625,95.36241912841797,13779100
WMT,2025-07-15,95.18320463087022,95.3624201764207,94.52608602793985,94.97412109375,10450800
WMT,2025-07-16,95.00398797414678,95.41220411051087,94.19752182666814,94.73516845703125,11181600
WMT,2025-07-17,94.66547936429653,95.21307695899054,94.476305280896,94.67543029785156,11165100
WMT,2025-07-18,94.67543141474783,95.06373811581729,94.01831277413642,94.63561248779297,14636300
WMT,2025-07-21,94.84469062480107,96.21867141031821,94.68538454154174,95.25289916992188,13450400
WMT,2025-07-22,95.42215511833565,96.24853832469739,95.32259261547892,95.43211364746094,9049100
WMT,2025-07-23,95.59142627763465,95.87020434318461,94.87456405414474,95.26286315917969,9729700
WMT,2025-07-24,95.15334000704068,96.5372793703884,94.93429793293402,96.17884826660156,14991500
WMT,2025-07-25,96.41780096684172,97.22427475815687,96.10915491113133,97.04505920410156,12868500
WMT,2025-07-28,96.85587752344036,97.70217017493765,96.65675252172285,97.18444061279297,12293100
WMT,2025-07-29,97.35370098451938,98.28960523638933,96.9156168502599,97.90130615234375,14034300
WMT,2025-07-30,98.18009290624693,98.4489124512886,96.86584798309605,97.16453552246094,13864100
WMT,2025-07-31,97.0151945060971,98.20000131291124,96.88575640391335,97.55284118652344,15651300
WMT,2025-08-01,97.5727463055456,98.39912955140925,97.24418319389392,98.06060791015625,16750400
WMT,2025-08-04,97.7718681742371,99.47441966304625,97.7718681742371,99.15580749511719,19050200
WMT,2025-08-05,99.23546051164138,100.03197573899531,98.47877940140052,98.87702941894531,17977000
WMT,2025-08-06,99.02637951209924,103.23794116117384,99.02637951209924,102.90937805175781,23738400
WMT,2025-08-07,103.0089394542267,103.44702359541756,101.66482663463836,102.67042541503906,12509500
WMT,2025-08-08,102.91933227979546,104.26344505761853,102.70029021600627,103.27776336669922,12394700
WMT,2025-08-11,103.44702257211225,103.87514817964129,102.66046587008765,103.47689056396484,12856700
WMT,2025-08-12,103.79550169452514,103.85523768200413,102.9193409615916,103.16825103759766,17915300
WMT,2025-08-13,101.70465182755628,102.36177043462577,100.4103164797463,100.5497055053711,19398500
WMT,2025-08-14,100.77870608989483,100.99774815760154,100.2808859709731,100.41031646728516,10858400
WMT,2025-08-15,100.42528547311667,100.56500006176066,99.33750651669223,99.79656982421875,13604900
WMT,2025-08-18,99.79656715117491,100.67477420111067,99.71672807012425,100.4951400756836,11656100
WMT,2025-08-19,100.75461572112665,102.22162651198065,100.59494516903402,101.08394622802734,16999000
WMT,2025-08-20,100.94423389165462,102.44118246855348,100.72468021548957,102.36134338378906,18655000
WMT,2025-08-21,99.20777413620785,99.24768606409707,96.75277180794707,97.7607192993164,51825100
WMT,2025-08-22,97.87049380332749,98.84850351853576,96.56316120069988,96.63301849365234,32695200
WMT,2025-08-25,96.80267353616601,97.38149547329967,95.87456512451172,95.87456512451172,18956100
WMT,2025-08-26,96.08413447109376,96.27375038677074,95.22588337701491,95.85460662841797,22270400
WMT,2025-08-27,95.70491024558335,96.12405400390095,95.40551749599997,95.8845443725586,12925700
WMT,2025-08-28,95.8047052827861,96.3735454158477,95.50531253322784,95.91448211669922,19241600
WMT,2025-08-29,95.90450017385682,96.83260855934691,95.60511503865368,96.78271484375,15600300
WMT,2025-09-02,97.03220609473732,97.65093994140625,96.31366958930022,97.65093994140625,15351300
WMT,2025-09-03,97.65093966475304,99.23770904541016,97.30165320167563,99.23770904541016,18995900
WMT,2025-09-04,99.70675637935419,101.14382180469796,99.4472831664123,100.72467803955078,15640900
WMT,2025-09-05,100.87437450567226,101.27356230734831,99.34748820709488,100.30553436279297,13748500
WMT,2025-09-08,100.64483868511948,102.15176901446499,100.215713132281,102.07192993164062,13685700
WMT,2025-09-09,101.79249822205796,102.28149926790671,101.34341671662783,102.0819091796875,11819700
WMT,2025-09-10,101.74260239524709,102.24158525665365,100.18577830409839,100.20574188232422,17934900
WMT,2025-09-11,100.78455070421728,102.5709101640414,100.07599599342791,102.44117736816406,15900800
WMT,2025-09-12,102.33140038380196,103.76847338038394,102.15176625922922,103.27946472167969,11641900
WMT,2025-09-15,103.43914540009938,103.76847590547561,103.19963576613212,103.47906494140625,10756900
WMT,2025-09-16,103.63873553724218,103.99800379528428,102.920199021158,103.20960998535156,14481900
WMT,2025-09-17,103.51898182777715,105.89413737056609,103.51898182777715,104.05787658691406,25382000
WMT,2025-09-18,103.56887820855046,104.42712931204294,101.91225912046836,103.38924407958984,14869400
WMT,2025-09-19,103.5988188008776,103.72855921716187,101.8823165468405,102.12183380126953,34791600
WMT,2025-09-22,102.24158216707804,102.99005643657019,101.7126615681901,102.61083221435547,12861900
WMT,2025-09-23,102.20167029267503,102.47111767972763,101.12386551671665,102.31143951416016,13158700
WMT,2025-09-24,102.83038591029354,103.2595114627964,102.27152755870807,102.5210189819336,11391800
WMT,2025-09-25,103.01002252277597,103.2994334943591,102.37132507303184,102.84037017822266,13366700
WMT,2025-09-26,102.67070512420388,103.27946479044608,102.26154315977196,102.95014190673828,11859300
WMT,2025-09-29,102.84037016907702,103.099835773474,101.87234220549256,102.87030792236328,15477200
WMT,2025-09-30,102.79046629178549,103.72855647884923,102.51103711620242,102.850341796875,13873400
WMT,2025-10-01,102.3513566141991,102.65074936055977,100.34545110075354,101.75257873535156,16142800
WMT,2025-10-02,101.24361922679165,101.93221800988408,99.66683917607337,101.49311065673828,15605400
WMT,2025-10-03,101.25359841074464,102.61083236384428,100.9941251983913,101.86235809326172,11867500
WMT,2025-10-06,101.67274204483034,102.86032365574128,101.37335690530485,102.49107360839844,13303600
WMT,2025-10-07,102.17172478704231,103.03995767991614,100.74463354319167,103.02997589111328,15538900
WMT,2025-10-08,102.81042484131589,103.04994209544607,101.94219954018513,102.690673828125,13584100
WMT,2025-10-09,102.92019934688216,103.23954806461093,100.16581951167433,101.5629653930664,19508000
WMT,2025-10-10,101.84239962020298,103.4191795915026,101.31347141970265,101.63282012939453,18519400
WMT,2025-10-13,101.16378767365813,102.24158486360854,100.86439491241546,101.91226196289062,10871200
WMT,2025-10-14,103.83833005402624,107.70045228852622,102.6806862328139,106.99189758300781,30859500
WMT,2025-10-15,107.1016766200076,109.33711761439032,107.08172065648473,108.80819702148438,21416300
WMT,2025-10-16,108.97785246330739,109.3570843059063,105.44506055086686,106.25341033935547,16366200
WMT,2025-10-17,106.95198302549329,107.97988648580669,106.0039186490948,107.51084899902344,13735600
WMT,2025-10-20,107.63059759385466,108.02978539059006,106.39312227646148,106.83222961425781,10581200
WMT,2025-10-21,107.11165637377937,107.2613527459156,105.96399433923328,106.00391387939453,10899700
WMT,2025-10-22,106.33324674738252,107.55075848702862,105.44505789713409,106.92204284667969,12296500
WMT,2025-10-23,107.13161733749388,107.35117101169193,105.56481147893174,106.64261627197266,11408200
WMT,2025-10-24,106.85218830123837,106.95198334949725,105.29536422955222,105.95401763916016,10318000
WMT,2025-10-27,106.12366777324004,106.14363135080069,103.93812809053611,104.25747680664062,16375900
WMT,2025-10-28,103.84831003345347,103.92814911811166,102.84037014167207,102.96012115478516,13323000
WMT,2025-10-29,102.70065315620599,103.45910160115457,101.90227755598495,102.2515640258789,11986400
WMT,2025-10-30,101.9920883256824,103.15971394495,101.7525786970084,102.02203369140625,14065100
WMT,2025-10-31,101.49310566879795,101.89229345986908,99.9762011993763,100.97416687011719,20237000
WMT,2025-11-03,100.61490106379453,101.59291079498404,100.19575729923076,101.38333129882812,14811700
WMT,2025-11-04,101.92223609210998,102.41124477617736,101.25360088802708,102.06195068359375,12636400
WMT,2025-11-05,101.53302770989725,102.47111789993706,100.64483885017303,101.26358032226562,13356800
WMT,2025-11-06,101.13383986516854,101.72264358436624,99.82650724130652,101.47315216064453,14866000
WMT,2025-11-07,101.92223095676091,102.76052607730023,101.52305078056239,102.38129425048828,17248700
WMT,2025-11-10,101.9421996398742,102.46113846324867,101.39331544929854,102.2116470336914,14507600
WMT,2025-11-11,102.29148590125688,103.52896125734829,102.11185176780215,103.22957611083984,13182100
WMT,2025-11-12,103.1397552371754,103.38924666620285,102.45116407049406,103.22957611083984,12084400
WMT,2025-11-13,103.3792650752471,103.71857737858919,101.81245920250741,102.33140563964844,18088500
WMT,2025-11-14,99.99616191821406,102.28150432655978,98.67884747474339,102.27153015136719,23424200
WMT,2025-11-17,102.37132001481378,103.10981247698973,101.89229314423754,102.74056243896484,15289400
WMT,2025-11-18,102.77050808357984,103.12976872014482,101.17375691990785,101.1837387084961,17604500
WMT,2025-11-19,101.3733547630731,101.50308755940522,99.47721846398495,100.40532684326172,22157000
WMT,2025-11-20,103.72855570921556,107.69048069588757,102.47111681454754,106.89210510253906,50375900
WMT,2025-11-21,107.76033572860443,107.9299880641229,104.50696553269024,105.10574340820312,41420800
WMT,2025-11-24,105.1456631596475,106.05380795632709,103.54891961711417,103.84830474853516,42519200
WMT,2025-11-25,104.39718842355504,107.2014694949884,104.01796421330698,106.7823257446289,20212900
WMT,2025-11-26,106.98192298149024,109.36706046197568,106.95198522787419,108.87805938720703,17783300
WMT,2025-11-28,109.07765678343861,110.47480270728015,108.77826402040156,110.28519439697266,9846500
WMT,2025-12-01,110.2851941575838,111.5326513110733,110.13549777639021,111.30311584472656,17236800
WMT,2025-12-02,111.24323762682145,112.42083745557261,110.56462064730597,112.18132781982422,18711800
WMT,2025-12-03,112.27114317814386,114.65628063299626,111.99171399556478,114.17726135253906,24478300
WMT,2025-12-04,113.38886489688463,114.65627797820041,112.92980159129489,114.60637664794922,25905100
WMT,2025-12-05,114.49660738141537,116.03346784941175,114.44670605118377,114.8758316040039,23956400
WMT,2025-12-08,114.336926954716,114.75607071042629,112.07154822505665,113.3289794921875,22700700
WMT,2025-12-09,113.71818522982268,115.48458873227048,112.79007685070786,114.825927734375,24326700
WMT,2025-12-10,115.1153442209863,115.9935589270215,112.76014451386791,112.94976043701172,22859600
WMT,2025-12-11,112.90984037229758,115.63429012402182,112.62042940131778,115.28499603271484,21586600
WMT,2025-12-12,115.26000213623047,116.94999694824219,115.0199966430664,116.69999694824219,19092400
WMT,2025-12-15,116.93000030517578,117.44999694824219,115.63999938964844,116.79000091552734,18713700
WMT,2025-12-16,116.58000183105469,116.87999725341797,114.94999694824219,115.41999816894531,19642300
WMT,2025-12-17,115.19999694824219,116.38999938964844,115.06999969482422,115.66000366210938,16177800
WMT,2025-12-18,115.01000213623047,116.4800033569336,114.61000061035156,114.83000183105469,21476700
WMT,2025-12-19,115.13999938964844,115.27999877929688,113.52999877929688,114.36000061035156,50043800
WMT,2025-12-22,114.01000213623047,114.31999969482422,112.22000122070312,112.5999984741211,21473900
WMT,2025-12-23,111.98999786376953,112.3499984741211,110.69999694824219,110.9000015258789,20319900
WMT,2025-12-24,110.9000015258789,111.70999908447266,110.55000305175781,111.61000061035156,9009600
WMT,2025-12-26,111.72000122070312,111.97000122070312,111.36000061035156,111.73999786376953,9003800
WMT,2025-12-29,111.58999633789062,112.77999877929688,111.56999969482422,112.52999877929688,12979600
WMT,2025-12-30,111.88999938964844,112.69000244140625,111.83999633789062,111.91999816894531,11730600
WMT,2025-12-31,111.7300033569336,112.25,111.31999969482422,111.41000366210938,11487400
WMT,2026-01-02,111.43000030517578,112.79000091552734,111.12000274658203,112.76000213623047,14306600
WMT,2026-01-05,112.81999969482422,113.7300033569336,112.1500015258789,112.70999908447266,19557600
WMT,2026-01-06,112.4000015258789,114.79000091552734,111.98999786376953,114.33999633789062,20120800
WMT,2026-01-07,114.19000244140625,114.7300033569336,112.0999984741211,112.72000122070312,23306000
WMT,2026-01-08,111.29000091552734,113.47000122070312,109.80999755859375,113.06999969482422,24058300
WMT,2026-01-09,112.26000213623047,115.45999908447266,112.26000213623047,114.52999877929688,21902900
WMT,2026-01-12,117.5,118.83999633789062,116.41000366210938,117.97000122070312,49182100
WMT,2026-01-13,117.88999938964844,120.51000213623047,117.7300033569336,120.36000061035156,31222100
WMT,2026-01-14,120.19000244140625,121.23999786376953,119.02999877929688,120.04000091552734,32764000
WMT,2026-01-15,119.9800033569336,120.87000274658203,118.7300033569336,119.19999694824219,34559400
WMT,2026-01-16,118.66999816894531,120.5999984741211,116.9000015258789,119.69999694824219,415144600
WMT,2026-01-20,120.88999938964844,121.62000274658203,117.61000061035156,118.70999908447266,45334000
WMT,2026-01-21,118.08000183105469,120.48999786376953,117.55000305175781,119.36000061035156,34811700
WMT,2026-01-22,119.29000091552734,119.5199966430664,117.6500015258789,117.83000183105469,24547300
WMT,2026-01-23,118.16999816894531,118.61000061035156,117.13999938964844,117.7300033569336,20806900
WMT,2026-01-26,117.80999755859375,118.8499984741211,117.38999938964844,117.63999938964844,19552200
WMT,2026-01-27,117.5,117.62999725341797,115.4800033569336,116.94000244140625,22968600
