ticker,date,open,high,low,close,volume
XOM,2020-01-02,53.162179133092096,53.75253272206853,53.162179133092096,53.661712646484375,12456400
XOM,2020-01-03,53.994757253288164,54.01746805839757,53.101661916028846,53.23032760620117,17386900
XOM,2020-01-06,53.2227409962694,54.00988120678151,53.15462592512389,53.63901901245117,20081900
XOM,2020-01-07,53.35896455473871,53.37409930890316,52.609670073573525,53.20002365112305,17387700
XOM,2020-01-08,53.06380136650473,53.20003728658183,52.3523464756108,52.397762298583984,15137700
XOM,2020-01-09,52.329642255786155,52.90486123544568,51.943639513896876,52.79890060424805,14811800
XOM,2020-01-10,52.92756726515067,52.950272290206854,52.31450849094807,52.32964324951172,11995600
XOM,2020-01-13,52.375039121777476,52.88214289991946,52.30692406504758,52.82916259765625,9953900
XOM,2020-01-14,52.511277856936594,52.662654281910775,52.14041572098516,52.37504196166992,16261000
XOM,2020-01-15,52.3750417836955,52.6702185933669,52.14041554380802,52.291786193847656,11390300
XOM,2020-01-16,52.45073433033268,52.662655556003465,52.0723019203719,52.08743667602539,13340300
XOM,2020-01-17,52.03445404535973,52.284220810638274,51.68629693667755,51.890647888183594,18144100
XOM,2020-01-21,51.75442189064746,51.784697180810774,51.095953096464015,51.14893341064453,17982600
XOM,2020-01-22,51.13378076929386,51.23974137256223,50.70993835622038,50.85374450683594,17033100
XOM,2020-01-23,50.49044430463984,50.656955465384996,49.990916596823865,50.53585433959961,19605900
XOM,2020-01-24,50.36178170905944,50.467742313265425,49.983349329918106,50.19527053833008,18238600
XOM,2020-01-27,49.51408840459729,49.74872039349303,48.96914488440264,48.999420166015625,21231000
XOM,2020-01-28,49.27946969094816,49.34758475413052,48.91617203071436,48.931312561035156,19664700
XOM,2020-01-29,49.21891630126858,49.29460162527919,48.36366116855052,48.52260208129883,14202800
XOM,2020-01-30,48.27283455071614,49.10538465049012,48.00793303366351,49.037269592285156,18544700
XOM,2020-01-31,47.833852847576836,47.833852847576836,46.819653965601404,47.01643753051758,34282900
XOM,2020-02-03,46.45637225553852,46.48664465979023,45.69193702577138,45.96440887451172,27389300
XOM,2020-02-04,46.509338694720654,46.8574957810246,45.32862866487833,45.38917922973633,31922100
XOM,2020-02-05,45.979538326761755,47.62950388370302,45.86600744761407,47.47813034057617,32099200
XOM,2020-02-06,47.62950440664621,47.69005209223562,46.759108689518044,46.83479690551758,16055400
XOM,2020-02-07,46.47906979716886,46.66828600752816,46.21416825754994,46.52448272705078,15112500
XOM,2020-02-10,46.43235864440718,46.46306857942584,45.772109684809124,46.033138275146484,20934500
XOM,2020-02-11,46.509118698782366,46.74711329787758,46.19434635788413,46.47072982788086,14908700
XOM,2020-02-12,47.09258977856352,47.238457521697505,46.49376091567089,47.038848876953125,17862100
XOM,2020-02-13,46.87763401996328,47.154014590803286,46.493768699248854,46.777828216552734,16949400
XOM,2020-02-14,46.94673539129157,46.954411409994165,46.2788075464133,46.562870025634766,10855300
XOM,2020-02-18,46.179001655181416,46.3632553786578,45.6415895924984,45.97171401977539,18948500
XOM,2020-02-19,46.14830095204833,46.53984238921645,45.93333725545883,46.32487869262695,12804900
XOM,2020-02-20,46.240427076909285,46.478424686146404,45.84888564613665,45.95636749267578,14817200
XOM,2020-02-21,45.68765537444871,45.68765537444871,45.13489122919768,45.39591979980469,20315700
XOM,2020-02-24,44.236653453613535,44.37484524933048,43.26931381225586,43.26931381225586,32096600
XOM,2020-02-25,43.56871255024825,43.56871255024825,41.43442237042047,41.611000061035156,36414500
XOM,2020-02-26,41.87971285572583,42.087000514758,40.63598983019325,40.69740676879883,29801000
XOM,2020-02-27,39.69935106121619,40.25979408219604,38.23298564230727,38.24834060668945,48141300
XOM,2020-02-28,37.44222952071845,39.492069244384766,36.858752503005036,39.492069244384766,62446700
XOM,2020-03-02,40.37496018849569,41.373009576004804,39.25407399834947,41.365333557128906,38127600
XOM,2020-03-03,41.419077976273925,41.57262472471427,39.13891652288549,39.38459014892578,50580700
XOM,2020-03-04,40.09857420704703,40.29050688251365,39.2463926593896,40.244441986083984,24079600
XOM,2020-03-05,38.708983890872794,38.92395049725791,37.64951754037804,38.47098922729492,40788200
XOM,2020-03-06,37.495970620872846,37.626483444960904,36.236892636835435,36.61307907104492,55640500
XOM,2020-03-09,32.02205005774623,34.21776055211437,31.32341516668913,32.137210845947266,72896300
XOM,2020-03-10,35.44611778081741,35.5152136468655,31.82243160768326,33.32718276977539,60445900
XOM,2020-03-11,32.54409756404657,33.38092398115919,32.052750480358355,32.22932815551758,51986100
XOM,2020-03-12,30.632460130636712,31.208258231373037,28.406039636325357,28.544231414794922,65725300
XOM,2020-03-13,30.716910519728916,30.816716351878018,26.870580187250404,29.265899658203125,79891500
XOM,2020-03-16,26.40993854030973,29.08164115525371,25.527047020759188,26.479034423828125,48924700
XOM,2020-03-17,27.031793551468574,28.697770465792654,26.25638693900276,28.260164260864258,41204400
XOM,2020-03-18,26.525095524601163,28.183393746045773,23.9762297940226,25.4272403717041,54036400
XOM,2020-03-19,25.89555419729087,26.79380057112837,24.83608509154869,26.432966232299805,49412400
XOM,2020-03-20,26.747734996865177,27.008763525581735,24.229578028676613,25.135501861572266,76534600
XOM,2020-03-23,24.974277758175653,25.10479349498019,23.116370942514127,24.145130157470703,56952500
XOM,2020-03-24,26.425290237224832,27.76881901047347,25.58846655568672,27.208375930786133,61835600
XOM,2020-03-25,28.02984171956847,29.626722705084415,27.008761588106193,28.628673553466797,56607700
XOM,2020-03-26,28.789902254523444,30.371428606022974,28.191073224800654,29.803306579589844,46722000
XOM,2020-03-27,28.50584083441228,28.92809212069515,27.7918510710761,28.36764907836914,51558600
XOM,2020-03-30,27.814881533835045,29.288925927832025,27.530822008909503,28.789899826049805,45835000
XOM,2020-03-31,29.434797322340753,30.286978930669918,28.690097551339516,29.150737762451172,41491600
XOM,2020-04-01,28.298551045191374,29.711175499314294,27.899330772432737,28.812929153442383,36045900
XOM,2020-04-02,29.741892006413885,32.21398315151033,29.09699802754948,31.016324996948242,62000200
XOM,2020-04-03,31.822434296974265,32.3828772895449,29.572983380559887,30.10271644592285,48425700
XOM,2020-04-06,30.61710516231349,31.346450008957696,30.11807897022519,31.070066452026367,41301900
XOM,2020-04-07,32.935651620333985,33.25809714204839,31.599798775055916,31.661218643188477,48921800
XOM,2020-04-08,32.20630292255389,33.81086017638582,31.837792544036628,33.66498947143555,33355600
XOM,2020-04-09,34.901031494209455,35.86069472004227,32.045075725619625,33.112220764160156,60107300
XOM,2020-04-13,34.12563385806537,34.30988760576261,32.22166186945094,32.82816696166992,29651900
XOM,2020-04-14,33.01241624163765,33.588214199340634,32.17558975929626,32.57481002807617,30769000
XOM,2020-04-15,31.47696584366394,31.523030750435993,30.23324264742714,31.07774543762207,33125000
XOM,2020-04-16,31.077736117396526,31.077736117396526,29.88775420493941,30.056655883789062,30934000
XOM,2020-04-17,30.61711021869043,33.258103555832044,30.609431269362734,33.181331634521484,40829100
XOM,2020-04-20,31.285020354161013,32.8128054588395,31.123797639263287,31.615144729614258,39260800
XOM,2020-04-21,31.01632356852461,32.34449741874166,30.425170537735447,31.446250915527344,44381600
XOM,2020-04-22,32.70532528847255,32.95867781469369,32.13720623414771,32.3444938659668,27074200
XOM,2020-04-23,33.11221755505297,34.28684429246097,32.86654402734227,33.35789108276367,35271000
XOM,2020-04-24,34.087237899121774,34.46342423196769,33.11221974038249,33.57285690307617,28653800
XOM,2020-04-27,33.46537673169709,34.02581971424787,32.4212626545823,33.73408126831055,28274400
XOM,2020-04-28,34.06420878184872,34.847294411491916,33.86460009758362,34.52484893798828,26545100
XOM,2020-04-29,35.51522306719508,36.54398238530949,35.438451163960124,36.436500549316406,29502500
XOM,2020-04-30,36.60539841085607,36.60539841085607,35.139032955073866,35.67644500732422,37076300
XOM,2020-05-01,35.03155439043657,35.6150284626306,33.01242172973267,33.119903564453125,35399300
XOM,2020-05-04,32.6362295279379,34.501815292322746,32.41358985918184,34.455753326416016,27465600
XOM,2020-05-05,35.51522208602897,36.198504892048916,34.28685409624313,34.4173698425293,29276200
XOM,2020-05-06,34.494130341566475,34.755158819195216,33.70336889257027,33.772464752197266,22659000
XOM,2020-05-07,34.51716913331813,34.75516668784081,33.75711743400308,33.96440505981445,22160300
XOM,2020-05-08,34.78587912608652,35.48451394704008,34.53252658893073,35.45380401611328,19977400
XOM,2020-05-11,35.40006064889384,35.46915652436225,34.93942050288446,35.11600112915039,22258000
XOM,2020-05-12,35.54643827933476,35.742092394880494,34.52903747558594,34.52903747558594,25439100
XOM,2020-05-13,34.23165013618913,34.33338814091948,32.55684816613,32.81511306762695,30827900
XOM,2020-05-14,32.14206111989464,33.30033324303691,31.461185564728588,33.104679107666016,24856500
XOM,2020-05-15,33.16729106753857,33.66033735704384,32.75250225539813,32.869895935058594,22445600
XOM,2020-05-18,34.74817485528367,35.67166259231984,34.48208511774029,35.48383331298828,32026100
XOM,2020-05-19,35.648173483335945,36.49340055865132,34.38033585580729,34.388160705566406,21771600
XOM,2020-05-20,34.92034284669874,35.671656857799775,34.881212623883336,35.50730514526367,19352400
XOM,2020-05-21,35.56209441645776,35.836011996059504,34.74034764854286,34.87339401245117,19130700
XOM,2020-05-22,34.47425513919807,34.95947651794995,34.00468644820528,34.904693603515625,15406400
XOM,2020-05-26,35.79688063696442,36.235143973789114,35.58557382009034,35.92992401123047,20356500
XOM,2020-05-27,36.51688797705245,36.89254356149739,35.53861729294213,36.18819046020508,20788300
XOM,2020-05-28,36.336886667576074,36.360364208741515,35.16296184218063,35.24905014038086,19698000
XOM,2020-05-29,35.076873157515024,35.75774871281806,34.72469511668753,35.585575103759766,25874700
XOM,2020-06-01,35.46817894050002,36.35253640644776,35.06121800913862,36.21949005126953,19031000
XOM,2020-06-02,36.67340339798265,37.135147173460695,36.58731512002911,37.02558135986328,22319000
XOM,2020-06-03,37.56558796111333,38.66125213749035,37.526457737409444,38.536033630371094,23418000
XOM,2020-06-04,38.254298097966405,38.46560492636614,37.69081322223379,38.42647171020508,18731400
XOM,2020-06-05,40.42213717806928,41.830846063478035,40.38300397075536,41.54127883911133,41328900
XOM,2020-06-08,42.82477089753577,43.325644922112495,41.838672549386246,42.840423583984375,33579400
XOM,2020-06-09,41.384757525311876,42.23780955077037,41.04823222262538,41.8856315612793,27276900
XOM,2020-06-10,41.86999022563877,41.86999022563877,39.600400776239006,39.63953399658203,31156800
XOM,2020-06-11,37.19776265651005,38.222991383942855,36.07862078155096,36.141231536865234,39183000
XOM,2020-06-12,37.59689795468854,38.050813979237645,35.92992394812846,36.916019439697266,30978100
XOM,2020-06-15,35.49165944779161,37.37776521915984,35.02209071065367,36.89254379272461,27929300
XOM,2020-06-16,38.7942904478978,38.93516162325972,36.97079598862643,37.72210693359375,26203400
XOM,2020-06-17,37.56559982493133,37.66734082704864,36.46993530252591,36.49341583251953,19279400
XOM,2020-06-18,36.0864386844511,37.04123154203296,35.82034901850752,36.72035598754883,21478700
XOM,2020-06-19,37.73776917987627,37.7690715714312,35.98470687866211,35.98470687866211,48899900
XOM,2020-06-22,35.75774611056507,36.34470847407994,35.53078959894417,36.32905578613281,17565400
XOM,2020-06-23,36.704718798352246,36.95515586513145,36.39167097215557,36.548194885253906,18916600
XOM,2020-06-24,35.92992032571366,35.96905055028135,34.63077716613084,34.82643127441406,27626900
XOM,2020-06-25,34.47425841672764,35.405574021542925,34.192515981168235,35.35078811645508,19353600
XOM,2020-06-26,35.12382414564931,35.17077921799917,34.043812699933824,34.137725830078125,31518600
XOM,2020-06-29,34.28642904282621,34.88904409031518,34.075122235100594,34.68556213378906,17052100
XOM,2020-06-30,33.98903543095235,35.194265578632546,33.777728613986724,34.99861145019531,22153600
XOM,2020-07-01,34.81861483998393,35.515143156164875,34.17686646308327,34.20817184448242,17290100
XOM,2020-07-02,34.920348539444674,35.366439720240635,34.380344211493025,34.497737884521484,18216600
XOM,2020-07-06,34.959484337365915,35.28036003003026,34.30991407002115,34.740352630615234,22692000
XOM,2020-07-07,34.35686257184289,34.43512302089429,33.73859487382463,33.840335845947266,17407600
XOM,2020-07-08,33.769901353273994,34.38034123510649,33.527289176559734,33.7620735168457,18291400
XOM,2020-07-09,33.574248667678944,33.73076957756771,32.314235639137436,32.3690185546875,25882000
XOM,2020-07-10,32.18118822261176,33.42554852206537,32.16553553504974,33.37859344482422,18951000
XOM,2020-07-13,33.63685441221514,33.87946658466828,33.04989207908691,33.386417388916016,20028300
XOM,2020-07-14,33.28468731974766,34.583830923270106,33.07338045234123,34.48991775512695,21444100
XOM,2020-07-15,35.24122555228124,35.28818362438688,34.599480160731545,34.92818069458008,17332400
XOM,2020-07-16,34.67773543656849,35.069043655501105,34.2707745306252,34.65425491333008,14673700
XOM,2020-07-17,34.69339158301311,34.975131020964476,33.957730147379024,34.059471130371094,17958900
XOM,2020-07-20,33.81685692796703,34.05164127170985,33.2455472635297,33.261199951171875,18553900
XOM,2020-07-21,33.76989643738287,35.36643151018643,33.73859106711657,34.94382095336914,28821800
XOM,2020-07-22,34.55251546102297,34.55251546102297,33.942072635266264,34.12990188598633,21345400
XOM,2020-07-23,33.96555592753194,34.29425341129278,33.66816083357339,34.200340270996094,17934400
XOM,2020-07-24,34.341203037363925,34.76381355759631,33.80119589607361,33.9890251159668,16415300
XOM,2020-07-27,33.83251960723332,34.505570447391776,33.62904057868219,34.48991775512695,18547900
XOM,2020-07-28,34.36468918509062,34.63077890513544,34.012511175407035,34.08294677734375,19190500
XOM,2020-07-29,34.20816208174665,34.50555714927344,33.91859485005839,34.45859909057617,14143200
XOM,2020-07-30,33.754244811103334,33.79337503244148,32.73684412908877,32.76814651489258,29901100
XOM,2020-07-31,32.212490304858484,33.00293154054661,32.01683620850112,32.932498931884766,32116200
XOM,2020-08-03,32.90902783879294,33.26120591022559,32.4551117576262,33.0655517578125,23033600
XOM,2020-08-04,33.13598249125205,34.12207796056865,33.057722035992555,34.02033996582031,17724000
XOM,2020-08-05,34.552521112814084,34.67773963862803,34.067296713020546,34.31773376464844,17175100
XOM,2020-08-06,33.965558865513394,34.35686713361633,33.848165190904446,34.153385162353516,14434900
XOM,2020-08-07,33.83250795544226,34.059467436949504,33.50381048742054,33.996856689453125,18757900
XOM,2020-08-10,34.42729354092886,34.904686992661695,34.122070665602514,34.834251403808594,24367800
XOM,2020-08-11,35.60904537055071,36.32905100876603,35.006430398334196,35.19425964355469,28987500
XOM,2020-08-12,35.481570621803456,35.86463715367479,34.81918569513287,35.1862907409668,22503200
XOM,2020-08-13,34.71543151092617,35.01071134032758,34.25255762949649,34.32438278198242,17338700
XOM,2020-08-14,33.99718161072174,34.53985989002851,33.84555207904612,34.476016998291016,13595700
XOM,2020-08-17,34.452074830873016,34.452074830873016,33.89343808625599,34.02910614013672,15554600
XOM,2020-08-18,33.98919239132519,34.46802459368113,33.749776290147224,33.86150360107422,13014000
XOM,2020-08-19,33.79766864402683,34.0450670872661,33.41460214904924,33.486427307128906,14473100
XOM,2020-08-20,33.270953543113144,33.430565351977116,32.95971219021651,32.97567367553711,15678500
XOM,2020-08-21,32.959704586924495,32.991627550201564,32.48885153378237,32.728267669677734,25517700
XOM,2020-08-24,32.94374939173961,33.92535786726385,32.792119853751,33.69392395019531,18208900
XOM,2020-08-25,33.247009623153915,33.57421242973887,32.48087666788306,32.62452697753906,31285600
XOM,2020-08-26,32.432988039924,32.592599812803186,31.922232802183675,31.930212020874023,26795000
XOM,2020-08-27,31.922239693718414,32.1616558825529,31.371582154964894,31.714746475219727,32034300
XOM,2020-08-28,31.794542743868575,32.65644141261491,31.730696819488205,32.4728889465332,33477100
XOM,2020-08-31,32.4329931802593,32.49683911726652,31.842433484651703,31.874353408813477,25259600
XOM,2020-09-01,31.722714236415257,31.722714236415257,31.164074634704544,31.467336654663086,22464100
XOM,2020-09-02,31.30772939037974,31.698778080904297,31.08427473541791,31.275806427001953,26413400
XOM,2020-09-03,31.283792622720252,31.946177452200743,31.028414972276963,31.21196746826172,28817200
XOM,2020-09-04,31.491279704452246,31.754639567752747,30.844856484244,31.188020706176758,24632500
XOM,2020-09-08,30.525637915193027,30.86880219281965,29.807386393569477,30.46977424621582,38496400
XOM,2020-09-09,30.605442995960747,30.996491732204127,30.262278710382382,30.286222457885742,25886100
XOM,2020-09-10,30.54159990912445,30.62140428204313,29.448264169561792,29.52806854248047,34381200
XOM,2020-09-11,29.631815655280572,29.7754659571235,29.12106037954642,29.44826316833496,26838600
XOM,2020-09-14,29.456243100661165,29.536047472798344,29.121061084475027,29.256729125976562,26129900
XOM,2020-09-15,29.368454695385626,29.831328550051794,28.897601621723112,28.945486068725586,23724200
XOM,2020-09-16,29.097118368923994,30.445834833985842,28.945488838751054,30.174495697021484,30890900
XOM,2020-09-17,29.807387666840746,30.31016375345413,29.504128606393603,30.166513442993164,24696200
XOM,2020-09-18,29.95104385645439,30.18248085144206,29.28865888983391,29.679704666137695,46853800
XOM,2020-09-21,29.07317543029785,29.29663009849918,28.474633531037274,29.07317543029785,35351800
XOM,2020-09-22,29.09711934353465,29.40038145838008,28.30704565414133,28.35492706298828,27303200
XOM,2020-09-23,28.450692938057514,28.56242027258545,27.41321787323177,27.445140838623047,31251400
XOM,2020-09-24,27.453126257334247,27.788308299440573,26.942367885396873,27.389280319213867,26796000
XOM,2020-09-25,27.133903695190707,27.884075230800505,27.038137828682267,27.6446590423584,23486000
XOM,2020-09-28,28.04368453192749,28.650208735747388,28.011761564496606,28.17935562133789,23396500
XOM,2020-09-29,27.931952441806946,28.01973906514722,27.12591743942494,27.357351303100586,20770500
XOM,2020-09-30,27.644656047938096,27.868110727034246,27.237648876107016,27.397260665893555,22223700
XOM,2020-10-01,26.966309124553163,27.213704500889314,26.28795979469799,26.439592361450195,36890200
XOM,2020-10-02,25.737299171743388,26.615159321105118,25.705376209570648,26.31987953186035,32694300
XOM,2020-10-05,26.59122557329133,26.934389895507376,26.471515956018926,26.926410675048828,22965200
XOM,2020-10-06,27.22967146062745,27.469087665765834,26.583248011188033,26.647090911865234,26731800
XOM,2020-10-07,26.84659824228095,26.92640565369372,26.50343398405969,26.73487091064453,23779300
XOM,2020-10-08,27.038135108344658,28.20329600738554,26.942366207129627,28.139450073242188,34413700
XOM,2020-10-09,28.47463785556016,28.690113337339817,27.652641163259318,27.72446632385254,29228600
XOM,2020-10-12,27.564849732855755,27.716479248080454,27.31745132390249,27.636674880981445,17912800
XOM,2020-10-13,27.716482130547696,27.82820947384235,27.21370604137999,27.30947494506836,20995100
XOM,2020-10-14,27.181785457112394,27.79628887463789,27.157841709601417,27.253610610961914,17743000
XOM,2020-10-15,26.89448666617787,27.501007860897552,26.55132235721084,27.49302864074707,23251600
XOM,2020-10-16,27.429182444355426,27.644657918496012,27.038136729477312,27.213706970214844,22627200
XOM,2020-10-19,27.213704475499586,27.42917992988726,26.647085527484748,26.6710262298584,23645800
XOM,2020-10-20,26.862560600677913,27.078036052007867,26.599203745280114,26.89448356628418,23040600
XOM,2020-10-21,26.742853674958624,26.83064031697996,26.447573824439296,26.46353530883789,28619300
XOM,2020-10-22,26.47949626470655,27.900034860067002,26.35180743640833,27.82023048400879,31831500
XOM,2020-10-23,27.908021274163648,27.995807927486524,27.02217856422155,27.261594772338867,27429100
XOM,2020-10-26,26.82266197004319,26.950350805046416,26.29594514511214,26.61516571044922,30888700
XOM,2020-10-27,26.455557742205862,26.495459933525186,26.096431931647828,26.192197799682617,27100700
XOM,2020-10-28,25.61759259034627,25.841050307422638,25.154721761918285,25.194623947143555,42136400
XOM,2020-10-29,25.0669347471035,26.439591817264418,24.827518595046524,26.31190299987793,38622800
XOM,2020-10-30,25.86499222427341,26.447572680075957,25.545768638797785,26.032583236694336,47885700
XOM,2020-11-02,26.44756819176212,27.501001582979182,25.992676638479352,27.125917434692383,40130300
XOM,2020-11-03,27.52494766428748,27.52494766428748,26.439591218894872,26.66304588317871,36773000
XOM,2020-11-04,26.551324522181687,27.245632416879463,25.960761719609014,26.51940155029297,35410100
XOM,2020-11-05,26.631121705407512,27.070051794975047,26.447569233200774,26.47150993347168,30824100
XOM,2020-11-06,26.41565025414531,26.86256267410394,26.03258377032725,26.1602725982666,33985600
XOM,2020-11-09,29.0651958813811,30.334104948098148,28.77789830015048,29.472206115722656,76879400
XOM,2020-11-10,30.28134641525973,30.591925206588176,29.40682463144322,30.12605857849121,49055400
XOM,2020-11-11,30.314040998126767,30.33855931092693,29.578460436206328,29.815481185913086,34124500
XOM,2020-11-12,29.308742867963055,29.66018648656424,28.499604436865,28.79383659362793,30933700
XOM,2020-11-13,28.93277719202552,29.627489491609147,28.91643061679185,29.488548278808594,29241500
XOM,2020-11-16,30.722684476505474,31.196722677655135,30.322201185753027,31.18855094909668,38596800
XOM,2020-11-17,30.902493194107805,31.638070346563286,30.551049633633735,31.605377197265625,26521100
XOM,2020-11-18,31.891441841750762,31.981346455447042,30.403937645477946,30.412109375,31068000
XOM,2020-11-19,30.126051762051844,30.64912974417254,29.880859347656603,30.567399978637695,26954400
XOM,2020-11-20,30.526529957862447,30.575569684612372,30.060663466004886,30.19143295288086,18351000
XOM,2020-11-23,30.649136730920798,32.2265458840955,30.469327464406142,32.169334411621094,29367600
XOM,2020-11-24,33.109229766752094,34.39240945288215,32.872212214520516,34.31067657470703,46979300
XOM,2020-11-25,34.05731142649715,34.09000457978063,33.22365784230326,33.354427337646484,28178200
XOM,2020-11-27,33.264528190038526,33.46068090638393,32.58615917801524,32.84769821166992,14971900
XOM,2020-11-30,32.52894021221974,32.59432651445923,31.033264403082015,31.164033889770508,45614300
XOM,2020-12-01,31.84240211467538,32.4063481032707,31.44192189444612,31.466440200805664,32472900
XOM,2020-12-02,31.376541266884555,33.03568014375331,31.33567637629104,32.64337158203125,29369500
XOM,2020-12-03,32.74961365121628,33.21548013309737,32.4717281078319,32.864036560058594,27038900
XOM,2020-12-04,33.32173107335018,34.13086627593362,33.223654740447124,34.06548309326172,28723600
XOM,2020-12-07,33.85298853954599,33.951068012852225,33.24000586144207,33.4279899597168,24899400
XOM,2020-12-08,33.1255755367902,34.80923537276582,33.05201750711674,34.52317810058594,32573800
XOM,2020-12-09,34.90731126447068,35.74096788428558,34.637600570942844,34.98086929321289,37824800
XOM,2020-12-10,35.30779889306718,36.34578315151403,34.94818043382497,35.969818115234375,38058700
XOM,2020-12-11,35.71645748042006,35.90443845816335,35.31597409806882,35.798187255859375,25478800
XOM,2020-12-14,36.23952859670043,36.337604932033,34.47413897176171,34.506832122802734,30595000
XOM,2020-12-15,34.686640708550726,35.32414472846333,34.376065104732255,35.17702865600586,27138400
XOM,2020-12-16,35.75731843547134,36.05155058315831,35.111642680023905,35.716453552246094,34273000
XOM,2020-12-17,35.9616456225164,35.99433877589755,35.471260792962006,35.536643981933594,21204600
XOM,2020-12-18,35.365008481594174,35.78183526171463,34.67029302433926,34.92366027832031,46596800
XOM,2020-12-21,33.599626379352834,34.39241835500984,33.125584916607856,34.28616714477539,27869500
XOM,2020-12-22,33.9837533084974,34.24529227455821,33.69769292088748,33.705867767333984,21792900
XOM,2020-12-23,33.92653953707837,34.6457732696077,33.885674657253055,34.139041900634766,19085900
XOM,2020-12-24,34.04097100096754,34.204430546369096,33.820296873326264,34.00010299682617,8039000
XOM,2020-12-28,34.07366446245611,34.776551802343256,33.93472321134838,34.114532470703125,23877500
XOM,2020-12-29,34.35972945831725,34.42511266810276,33.67318860771501,33.73040008544922,20287700
XOM,2020-12-30,33.77943198697587,34.670297109903686,33.73039225268082,34.00010299682617,23807300
XOM,2020-12-31,33.89386081877085,34.06549524200863,33.48520564851431,33.68953323364258,22786500
XOM,2021-01-04,33.877508221699784,34.53135575443866,33.509718010224496,33.918373107910156,27764700
XOM,2021-01-05,34.196258964285995,36.61549641307973,34.188087234096926,35.55299377441406,44035100
XOM,2021-01-06,36.29673863240685,36.860681435749036,35.71644925418354,36.460201263427734,36484800
XOM,2021-01-07,36.77895474917092,37.24482125990384,36.39481800187547,36.74626159667969,29528100
XOM,2021-01-08,36.94241940348268,37.44915082350022,36.738091865983094,37.1549186706543,28628200
XOM,2021-01-11,36.81164145819097,38.52799113227464,36.5746208208033,38.282798767089844,38246200
XOM,2021-01-12,38.78954060131873,39.36983008394246,38.340020623480505,39.1328125,36915100
XOM,2021-01-13,39.66405851079875,39.81117457954054,38.977517895933964,39.574153900146484,29000300
XOM,2021-01-14,39.63954114447739,41.74820276787779,39.63954114447739,41.118873596191406,35474800
XOM,2021-01-15,39.97464032991043,40.11358468020045,38.65059872616958,39.14098358154297,42411300
XOM,2021-01-19,39.598672825389,40.40780803463405,39.516939949138205,39.917423248291016,24932600
XOM,2021-01-20,40.138096484272204,40.6530026814404,40.04002015264648,40.48136520385742,22342400
XOM,2021-01-21,40.31790474357536,40.366941349341445,38.969341964782586,39.32078552246094,29044500
XOM,2021-01-22,38.421739036537225,38.936645173446735,38.119335230703385,38.765010833740234,23264800
XOM,2021-01-25,38.33184814453125,38.454442799114986,37.72703724809587,38.33184814453125,26395800
XOM,2021-01-26,38.626077584174084,39.11646556093413,37.473670359584766,37.49001693725586,23976800
XOM,2021-01-27,36.77896415193852,38.13569914927614,36.39482730643613,37.06502151489258,32410300
XOM,2021-01-28,37.5472185638181,38.07847128668608,37.342891073144266,37.64529800415039,24967200
XOM,2021-01-29,37.22847516413133,37.628958492841065,36.37847189513277,36.64818572998047,38961100
XOM,2021-02-01,37.25299345068693,37.25299345068693,36.198662741450796,36.713565826416016,24412400
XOM,2021-02-02,37.440988948396274,38.405415428657186,37.00781233478618,37.29387283325195,31940400
XOM,2021-02-03,37.29385718213042,38.961167257726245,37.12221970796544,38.756839752197266,28459300
XOM,2021-02-04,39.13282007386059,39.54147524513126,38.61791368507793,39.5006103515625,25280300
XOM,2021-02-05,40.195316754354174,40.96358723655767,40.08089382272717,40.82464599609375,34980100
XOM,2021-02-08,41.61743704473165,42.79436581740458,41.44580263798059,42.58186340332031,36998700
XOM,2021-02-09,42.11638269211642,42.35742847819855,41.3683138269909,42.08313751220703,28977000
XOM,2021-02-10,42.08314007254626,42.73977759871203,41.88365312726699,42.490421295166016,25723800
XOM,2021-02-11,42.299247040587126,42.33249539248404,40.54543611224184,41.42649841308594,26972200
XOM,2021-02-12,41.08571735217857,42.14963941838617,41.06909317355184,41.99171447753906,19756700
XOM,2021-02-16,43.18861880683633,43.66239671240856,42.90601416397419,43.2551155090332,28060100
XOM,2021-02-17,43.512795500363694,44.277491953869,43.05564163168876,43.92839050292969,25509700
XOM,2021-02-18,43.89513559267673,44.00318798648605,43.105504628503645,43.238494873046875,20627600
XOM,2021-02-19,43.31331473851387,43.68735090142837,43.15538659709527,43.529422760009766,22607200
XOM,2021-02-22,43.71227214579986,45.55751453488183,43.71227214579986,45.13360595703125,36435100
XOM,2021-02-23,45.69882074430043,45.931552903817476,44.6681470343782,45.75700378417969,33527900
XOM,2021-02-24,45.87337275907566,47.37782772840836,45.607392225487494,47.12847137451172,28728600
XOM,2021-02-25,47.36119772182267,47.58561936394025,46.006357365662886,46.347145080566406,29670900
XOM,2021-02-26,45.225043707108995,45.765318426829644,44.15280794253364,45.191795349121094,35291000
XOM,2021-03-01,46.937291464325256,47.88484737833972,46.65468679078255,46.87910842895508,36998300
XOM,2021-03-02,47.0869119445083,47.34457879978365,46.563261388104756,46.604820251464844,30302600
XOM,2021-03-03,46.895726621879284,48.17575966469787,46.44688654320177,46.97884750366211,35358900
XOM,2021-03-04,47.47756046605435,49.430858397585986,47.4609362895736,48.79915237426758,52137500
XOM,2021-03-05,49.7300864244804,50.74413580742429,49.13162876385046,50.64439392089844,51429800
XOM,2021-03-08,51.1846715763293,51.20960625675062,49.72177569068539,50.59452438354492,38154600
XOM,2021-03-09,50.37841504517822,51.026742084320986,49.43085916620418,49.81320571899414,35645900
XOM,2021-03-10,50.303618112871234,51.467282185731314,49.89633362639041,51.34260559082031,31579100
XOM,2021-03-11,51.35091177190404,51.99092838492149,50.91869263698038,50.96025466918945,24802600
XOM,2021-03-12,51.159737249926025,51.8413127081263,51.11817838944802,51.50883865356445,20422700
XOM,2021-03-15,51.109867416436394,51.41740678603566,49.76333751999852,50.195556640625,31243600
XOM,2021-03-16,49.48905334145754,49.5887952536115,48.574742439375235,49.13164138793945,30624800
XOM,2021-03-17,48.78253459650418,49.646972862464885,48.72435155655854,49.34774398803711,25575500
XOM,2021-03-18,48.88228193285722,49.01527219757033,46.97885619292606,47.21990203857422,38622800
XOM,2021-03-19,47.13678190696762,47.76848805266802,46.38871284483366,46.953922271728516,84439400
XOM,2021-03-22,46.96223064201471,47.26145952156509,46.46351795658937,46.47182846069336,29315100
XOM,2021-03-23,45.66557626497126,46.7876846380856,45.25829495122979,45.898311614990234,33493300
XOM,2021-03-24,46.61312711656167,47.61055237443541,46.61312711656167,46.8292350769043,29781800
XOM,2021-03-25,45.88999191314744,46.96222760528951,45.29984786704917,46.69624710083008,31495900
XOM,2021-03-26,47.627180257596606,48.026151025939434,46.978853155381735,47.96796798706055,34226500
XOM,2021-03-29,47.6604355326422,48.05940635889916,47.161722792505564,47.71030807495117,21144400
XOM,2021-03-30,47.26146309552667,47.677058088388165,46.95392368861586,47.12015914916992,20303400
XOM,2021-03-31,46.83754658794491,47.07028190109614,46.38039280645921,46.405330657958984,23686500
XOM,2021-04-01,46.8126152740401,47.75186075606368,46.663000837231465,47.701988220214844,23194500
XOM,2021-04-05,47.62718198709092,47.64380616605111,46.663001802565525,46.96223068237305,23264800
XOM,2021-04-06,47.244829991264204,47.8266635055156,46.76273836865268,46.8292350769043,18926300
XOM,2021-04-07,46.870794479230106,47.18664750562306,46.746117905914865,47.03703308105469,22385000
XOM,2021-04-08,46.48845544431762,46.61313520856493,45.98142905346114,46.54663848876953,21999300
XOM,2021-04-09,46.54663131226749,46.91235370254119,46.15597107054635,46.438575744628906,20020700
XOM,2021-04-12,47.178336526842756,47.20327437952054,45.97311372892184,46.131038665771484,20238800
XOM,2021-04-13,45.96480382889077,46.53001325135391,45.790254699501936,46.30559158325195,19370600
XOM,2021-04-14,46.887423749262304,48.21732636683394,46.75443348750514,47.64380645751953,28051100
XOM,2021-04-15,47.72692467088347,47.72692467088347,47.19496361840677,47.361202239990234,23250300
XOM,2021-04-16,47.67705221087392,47.94303271985677,46.91235586949489,47.095218658447266,22752000
XOM,2021-04-19,47.17002405731286,47.49418759197461,46.513383313863976,46.94560241699219,21123300
XOM,2021-04-20,46.937301674456755,46.937301674456755,45.53258850448835,45.95649719238281,21782100
XOM,2021-04-21,45.29985352924892,46.65469407306799,45.13361490049855,46.54663848876953,16625600
XOM,2021-04-22,46.53831897698606,46.53831897698606,45.73206384457178,45.93986129760742,21600100
XOM,2021-04-23,45.93986789784347,46.49676363003486,45.8650606771735,46.18922424316406,15337900
XOM,2021-04-26,46.10609818473076,46.78767355175823,46.081160335189594,46.28064727783203,16083800
XOM,2021-04-27,46.554943436481295,47.07028344116922,46.38870799831124,46.887420654296875,19278600
XOM,2021-04-28,47.303013307390565,48.591356915433195,47.203271415156564,48.30044174194336,24729800
XOM,2021-04-29,48.973705564561406,49.43917303271485,48.33369215561479,48.99032974243164,27318400
XOM,2021-04-30,48.483305722792686,48.94877001192397,47.510811944487735,47.577308654785156,30518400
XOM,2021-05-03,48.1923834901257,49.03188695096321,47.992899716774396,48.89058303833008,20509600
XOM,2021-05-04,49.04020661365017,49.45580158495229,48.63292214664937,49.1981315612793,23522200
XOM,2021-05-05,49.68022565284182,50.744147816198115,49.372686247010044,50.67765426635742,31526200
XOM,2021-05-06,50.586216755846166,51.23454384955467,49.896327631422785,51.15973663330078,26836800
XOM,2021-05-07,50.76077818288331,51.92444556893145,50.57791534974297,51.891197204589844,33610600
XOM,2021-05-10,52.564454386571484,53.21277836902343,51.97430710609697,52.015869140625,31956600
XOM,2021-05-11,51.226243370086095,51.85794640927132,50.19556631898155,50.3618049621582,34563800
XOM,2021-05-12,50.60635168446283,52.01466213375077,50.38709544608766,50.63165283203125,34426500
XOM,2021-05-13,49.75462136427342,50.9774050750863,49.54379669747565,50.00761032104492,24268200
XOM,2021-05-14,50.53889379114437,51.340028238252934,50.53889379114437,51.24726486206055,20735400
XOM,2021-05-17,51.05330320874004,52.49534318934829,50.96053983859638,52.44474411010742,25282500
XOM,2021-05-18,52.28451947502999,52.53750844200719,50.93524283986543,50.960540771484375,25170800
XOM,2021-05-19,49.83894976072755,50.47985854691342,49.26550641179455,49.737754821777344,28889800
XOM,2021-05-20,49.712460946125276,49.88112133608533,49.11371961784999,49.61969757080078,20692500
XOM,2021-05-21,50.10879832307201,50.4545538170043,49.62811840667499,49.68714904785156,20792700
XOM,2021-05-24,49.82208428305931,50.42925710522995,49.49319511726106,50.2690315246582,18400300
XOM,2021-05-25,50.17626491495274,50.20999762981561,49.012511987613784,49.13057327270508,25616100
XOM,2021-05-26,49.12215031137289,49.85581929511156,48.826997046917484,49.70402526855469,21698700
XOM,2021-05-27,49.94857247686688,50.344923822771676,48.92818200861054,49.38356399536133,33556000
XOM,2021-05-28,49.526923257609035,49.585953898518916,49.00407905943782,49.22333526611328,19246800
XOM,2021-06-01,50.13410204997812,51.18822529233708,50.13410204997812,50.98583221435547,28474200
XOM,2021-06-02,51.23038798614465,51.70263634213597,50.74127327276842,51.3906135559082,22978300
XOM,2021-06-03,51.061742242403234,51.7869797328639,50.893081837214524,51.593021392822266,20272800
XOM,2021-06-04,51.82913316999549,52.03152625719976,51.2556898426672,51.820701599121094,20427800
XOM,2021-06-07,51.719505161714864,52.056822674685456,51.45808143519632,51.48337936401367,15477900
XOM,2021-06-08,51.86287446797315,52.68930687834183,51.162934943222304,52.3941535949707,28953400
XOM,2021-06-09,52.84953144865084,53.48200551510342,52.44474843215273,52.83266830444336,29133000
XOM,2021-06-10,53.642221833291686,53.95424139926876,52.49533527875801,52.91698455810547,27488700
XOM,2021-06-11,53.13624651337364,53.28804052770603,52.40257758871978,52.42787551879883,17631700
XOM,2021-06-14,52.53750995658053,52.94229295879915,51.921902272981626,52.34355163574219,16997200
XOM,2021-06-15,52.68930043981219,54.308435556687364,52.57967071212966,54.24940490722656,30717100
XOM,2021-06-16,54.24096954464443,54.645755732273365,53.60006397860195,54.055442810058594,24803200
XOM,2021-06-17,53.85305247981921,54.359030384702244,51.668908840499455,52.276084899902344,28491800
XOM,2021-06-18,51.44121576925073,51.90502936640737,50.80031023413175,50.935237884521484,39590700
XOM,2021-06-21,51.382186902890936,52.87482589654756,51.35688897285696,52.78206253051758,33145400
XOM,2021-06-22,53.001318817334514,53.97954833869321,52.47847455555204,53.79402160644531,25140400
XOM,2021-06-23,54.01328432674163,54.56142333483952,53.61693290819073,54.19037628173828,20701600
XOM,2021-06-24,54.097609624593474,54.44335872510584,53.81088795523261,54.40962600708008,19568400
XOM,2021-06-25,54.48552338365815,54.75537867990334,54.27469873240853,54.52769088745117,18438300
XOM,2021-06-28,54.44335797213344,54.44335797213344,52.91698949726212,53.13624572753906,20570000
XOM,2021-06-29,53.30490409412508,53.77715247141051,52.782059859332236,52.80735778808594,19579300
XOM,2021-06-30,52.87482000163128,53.32176720602383,52.66399536304178,53.195274353027344,17875500
XOM,2021-07-01,54.249401261153245,54.325295047991375,52.93385426816745,53.347068786621094,22530300
XOM,2021-07-02,53.136251531173826,53.397675295417464,52.6387051520839,53.27117919921875,14555300
XOM,2021-07-06,52.916991747834395,52.925423319118295,51.35689048905237,51.753238677978516,22110800
XOM,2021-07-07,51.593012537699025,52.12429159693243,50.27746546333554,50.94367218017578,21671400
XOM,2021-07-08,50.13410184577024,51.19665665429135,50.016040557815536,50.71597671508789,18935900
XOM,2021-07-09,51.18823034286332,51.820704350682234,50.80031372346405,51.63517761230469,20086000
XOM,2021-07-12,50.95210168057492,51.86286574510263,50.73284545222324,51.58457565307617,21809400
XOM,2021-07-13,51.44121797867792,51.87129887747709,51.02800022208893,51.340023040771484,17147300
XOM,2021-07-14,51.58457398252409,52.05682235812583,50.058205570486635,50.20156478881836,21573600
XOM,2021-07-15,49.89798309277139,50.344933596280526,49.56066553915747,49.712459564208984,15851100
XOM,2021-07-16,49.90641914971586,49.97388137538148,48.19452375548517,48.33788299560547,27049500
XOM,2021-07-19,46.92114356920221,47.39339204374167,46.04411206659873,46.67658615112305,37969100
XOM,2021-07-20,46.803070067864255,47.73069719685224,46.40671871534984,47.19098663330078,26756100
XOM,2021-07-21,47.94996407761225,49.16431303437143,47.92466614630348,48.70893096923828,20908700
XOM,2021-07-22,48.68362607315202,48.69206086033439,47.781296860363824,48.16078186035156,13493800
XOM,2021-07-23,48.31258554909387,48.31258554909387,47.621080840185954,48.10176086425781,14088200
XOM,2021-07-26,48.20295465183064,49.45947115865387,48.068026985460904,49.31610870361328,18387600
XOM,2021-07-27,48.91974655662068,48.91974655662068,48.245108372603276,48.7679557800293,16861400
XOM,2021-07-28,48.91132460543896,49.44260368723823,48.59087019866314,49.09685134887695,16855300
XOM,2021-07-29,49.75461780332734,50.03290788770911,49.383567574413874,49.695587158203125,18607800
XOM,2021-07-30,49.65342851326448,49.65342851326448,48.33788137902291,48.5487060546875,28652800
XOM,2021-08-02,48.53184682742612,49.8052298570723,48.405353933594,48.55714797973633,20873800
XOM,2021-08-03,48.54870747332619,49.25707853293565,48.00899680256267,49.079986572265625,18208200
XOM,2021-08-04,48.228254933323896,48.81013313664344,47.907803720666486,47.933101654052734,20868300
XOM,2021-08-05,48.17764843432156,48.65832836415685,47.92465950550226,48.23667907714844,15180200
XOM,2021-08-06,48.62460210112083,48.970354433668376,48.51497237121184,48.79326248168945,14888500
XOM,2021-08-09,48.17764843432156,48.506534363479524,47.92465950550226,48.23667907714844,17828200
XOM,2021-08-10,48.42221294073434,49.214915828823266,48.321017990931516,49.0631217956543,16340200
XOM,2021-08-11,49.07154665062179,49.3329703868345,48.67519847776066,49.20647430419922,18278600
XOM,2021-08-12,49.13799770081018,49.47186161374444,48.68428227306118,49.095191955566406,19225500
XOM,2021-08-13,48.82124578378692,48.855489069256635,48.19632051925212,48.598670959472656,20063000
XOM,2021-08-16,47.956624388802936,48.01654850598582,47.31457747702685,47.88813781738281,16959500
XOM,2021-08-17,47.511470765557405,48.1963201414866,47.08343949739923,47.562835693359375,16243700
XOM,2021-08-18,47.44298841034798,47.77685557229495,46.492761653731826,46.56124496459961,21890500
XOM,2021-08-19,45.773666415671,45.97911960261439,44.600858349859365,45.14017868041992,30923500
XOM,2021-08-20,44.746388430621636,45.49116191061803,44.609418557684144,45.148738861083984,16918300
XOM,2021-08-23,46.18457043884566,47.134800293358644,46.18457043884566,47.00638961791992,21632600
XOM,2021-08-24,47.33170795171374,47.81110097862882,47.09200817263613,47.391632080078125,17915600
XOM,2021-08-25,47.288898524372534,47.74261064838902,46.972153017399144,47.477230072021484,13270300
XOM,2021-08-26,47.254654284045,47.54571568703415,46.76669888280136,46.835182189941406,11842600
XOM,2021-08-27,47.425876266943405,48.11928498413358,47.425876266943405,47.742618560791016,15822500
XOM,2021-08-30,48.14496627920911,48.23057124046173,47.18617373195605,47.22041702270508,14086100
XOM,2021-08-31,47.02351280325616,47.34881746359646,46.6211623882463,46.67252731323242,27104100
XOM,2021-09-01,46.64685318647217,46.87798721807445,45.88495471831686,46.030487060546875,21644100
XOM,2021-09-02,46.47564149357608,47.63132475093594,46.45851984890751,47.15193176269531,23293300
XOM,2021-09-03,47.18615685808822,47.35736998498723,46.74100403439829,46.97214126586914,13840000
XOM,2021-09-07,46.80094590821123,47.31458548392539,46.62973598192653,46.698219299316406,14354400
XOM,2021-09-08,46.9036597327285,47.23752354660659,46.23592883935341,46.270172119140625,18756700
XOM,2021-09-09,45.90207383521518,47.08344108965638,45.62813407557947,46.30442428588867,19110800
XOM,2021-09-10,47.246097340241924,47.28034063061572,46.1845814636136,46.210262298583984,15123700
XOM,2021-09-13,46.78382931816932,47.879588563294554,46.758145215747845,47.40019226074219,22052300
XOM,2021-09-14,47.67413050830907,47.742617091693106,46.578371299124804,46.72390365600586,19940300
XOM,2021-09-15,47.40018431819053,48.39321678409409,47.34882265319423,48.299049377441406,23240900
XOM,2021-09-16,48.3332913505806,48.3332913505806,47.51147207678489,47.7854118347168,17907200
XOM,2021-09-17,47.37450856545575,48.58155680658938,47.16905208658154,47.22041702270508,30000400
XOM,2021-09-20,46.03904374739276,46.37290762558223,45.337072704630415,45.961997985839844,27555100
XOM,2021-09-21,46.54411465189585,46.66396287280819,45.58532561897802,45.919189453125,19696800
XOM,2021-09-22,46.59548258519549,47.862454705528414,46.54411765907765,47.26321029663086,25690600
XOM,2021-09-23,47.442988557596266,49.00102552132531,47.32314031399089,48.86405563354492,23069400
XOM,2021-09-24,48.53874875016361,49.49753792165759,48.52162710675592,49.30064392089844,22328600
XOM,2021-09-27,50.37928228845014,51.19254240486996,50.35360145566013,50.76451110839844,32972200
XOM,2021-09-28,51.27814682090977,51.77466138987456,50.944279691300025,51.295265197753906,37619300
XOM,2021-09-29,51.226781190640445,51.52640176559267,50.55049101789761,51.261024475097656,23422800
XOM,2021-09-30,51.46648022388759,51.50928269878952,50.34504035960726,50.353599548339844,31289600
XOM,2021-10-01,50.85867752802136,52.211257966090386,50.85867752802136,52.15989303588867,24407300
XOM,2021-10-04,52.49375910428939,53.13580606326125,52.1770168522368,52.836185455322266,33946700
XOM,2021-10-05,53.521033658548504,53.675125186400784,52.2369397701926,52.75057601928711,29641600
XOM,2021-10-06,51.76609674313087,52.32253536923631,51.149730741912244,51.78321838378906,25284900
XOM,2021-10-07,51.88595804893275,52.28830854183448,51.48360755603101,51.92876052856445,19513600
XOM,2021-10-08,52.433830600816655,53.43542220561248,52.433830600816655,53.2299690246582,22186900
XOM,2021-10-11,53.957620833368345,53.98330493018106,52.64784619259945,52.69921112060547,22121500
XOM,2021-10-12,52.7077690136073,53.05875451563952,52.09140295516267,52.425270080566406,20198600
XOM,2021-10-13,52.0314842545813,52.553682967813316,51.543528829408366,52.27974319458008,14991700
XOM,2021-10-14,52.82762301671357,53.26421677769583,52.365348422362835,53.07588195800781,18594500
XOM,2021-10-15,53.70080756393,53.991868984288146,53.45254862129105,53.58095932006836,16092600
XOM,2021-10-18,54.00899092248483,54.051793400437006,53.307019834085885,53.55527877807617,18282800
XOM,2021-10-19,53.82065734377921,54.45414513520948,53.64944416239645,54.35997772216797,18933200
XOM,2021-10-20,53.83777618047197,54.6767171333092,53.69224710653984,54.65959548950195,14305200
XOM,2021-10-21,54.33429601146592,54.47982509064087,53.375503517436584,53.66656494140625,16564600
XOM,2021-10-22,53.73505875910057,54.12028764649658,53.37551070899089,54.0346794128418,14266800
XOM,2021-10-25,54.54830276544741,55.14754389438822,54.42845453965924,55.08761978149414,17939800
XOM,2021-10-26,55.20747222447345,56.4487668452973,55.09618644380882,56.363155364990234,25585100
XOM,2021-10-27,55.78103807733757,55.85808057071633,54.77088075623955,54.899288177490234,21764500
XOM,2021-10-28,54.633917820333096,55.190359846622215,54.471267093174966,55.05338668823242,16626400
XOM,2021-10-29,55.68687893583551,55.9522562718224,55.07051277242354,55.19036102294922,23966300
XOM,2021-11-01,55.70398721180258,56.568612174832204,55.661181473847584,56.183380126953125,19656400
XOM,2021-11-02,55.66975498386525,56.029299741634816,55.35301597255203,55.48998260498047,16300000
XOM,2021-11-03,54.82225197663973,55.17323426104919,54.49694726068439,54.728084564208984,17372800
XOM,2021-11-04,55.37013398708037,55.54990636477909,54.64248202080274,55.138999938964844,17720100
XOM,2021-11-05,55.68687358196742,55.92657005997379,55.26739821421708,55.66118621826172,18565100
XOM,2021-11-08,56.114907932315106,56.82543495050212,55.969372321671926,56.26043701171875,17696000
XOM,2021-11-09,56.303238722136165,56.81688154721209,55.90945067915383,56.808319091796875,18781300
XOM,2021-11-10,56.66950051208508,56.95579933359938,55.324771746489354,55.689151763916016,20177200
XOM,2021-11-11,55.689162427911086,56.2444051231646,55.541670915878875,55.79326629638672,13319300
XOM,2021-11-12,55.48960388186066,55.845309653064845,55.15993068970645,55.36814498901367,18158900
XOM,2021-11-15,55.316097869355666,56.19233951729416,54.84761397247644,55.84531784057617,18849200
XOM,2021-11-16,55.8192869582485,56.712886998162105,55.8192869582485,56.40923309326172,17028700
XOM,2021-11-17,55.85399575933585,56.600104372148074,55.68048489919977,55.79326629638672,15497000
XOM,2021-11-18,55.66311969780574,55.98411535429094,54.75217140888641,55.18595504760742,16948200
XOM,2021-11-19,53.69375216755223,53.815211088307194,52.40975266177393,52.635318756103516,32035500
XOM,2021-11-22,52.331666847295224,54.25766759116448,52.331666847295224,53.364070892333984,21994400
XOM,2021-11-23,53.95401577053523,54.98642310143093,53.71977217384898,54.76953125,21185900
XOM,2021-11-24,54.29237243555063,55.394180181152905,54.29237243555063,55.07318115234375,15869700
XOM,2021-11-26,52.505180214184854,53.28598889991717,51.65496454687257,53.13850402832031,24979600
XOM,2021-11-29,54.28369888724193,54.7782121036487,53.17321353243481,53.4334831237793,18946400
XOM,2021-11-30,52.45313218457284,53.08645608572112,51.75907882095194,51.91524124145508,34979800
XOM,2021-12-01,52.83485316693503,53.815201893823115,51.837149386324384,51.87185287475586,30630600
XOM,2021-12-02,51.82847664546125,53.424800754210324,51.307934232680324,53.164527893066406,29216000
XOM,2021-12-03,53.719772885078555,53.98871997583619,52.35769230481945,52.82617950439453,22014700
XOM,2021-12-06,53.546263599905636,53.92799208311009,53.285990719599674,53.4248046875,19210500
XOM,2021-12-07,54.08415169427734,54.68277200714916,53.87593406268754,54.02342224121094,19800400
XOM,2021-12-08,54.31839515405382,54.821582522428656,54.08415156016128,54.17958450317383,18214400
XOM,2021-12-09,53.83255856795989,54.45720817890386,53.62434423731664,54.318397521972656,16910300
XOM,2021-12-10,54.89098607958448,54.96038974594293,53.988715250377275,54.6654167175293,17942400
XOM,2021-12-13,54.19693838331351,54.41383024070214,53.22526047936733,53.46818161010742,17793700
XOM,2021-12-14,53.147177449396786,54.19693651825826,53.11247726863412,53.390098571777344,22551100
XOM,2021-12-15,53.08644629317164,53.355393369873156,52.06271652960702,53.155853271484375,19961900
XOM,2021-12-16,53.30334420427749,54.179589202941024,53.181885287910006,53.24261474609375,21187800
XOM,2021-12-17,52.8782342327123,53.16452975669675,51.78509744420836,52.08007049560547,44338100
XOM,2021-12-20,51.00429164715222,51.40337188352741,50.284209068490405,51.32529067993164,21819300
XOM,2021-12-21,51.83715552337899,52.643993522645715,51.811129558727544,52.487831115722656,19798900
XOM,2021-12-22,52.34901703069436,53.24261039335023,52.02801801946477,52.91293716430664,14058300
XOM,2021-12-23,53.069090324072384,53.65036213789576,52.92160547115856,52.93895721435547,13543300
XOM,2021-12-27,52.860877012747416,53.74579607529026,52.41841582672265,53.69374084472656,12593700
XOM,2021-12-28,53.71109904647349,54.05812733961152,53.268641116754246,53.520233154296875,12781000
XOM,2021-12-29,53.33804571683992,53.44215288278817,52.85220675990289,53.05175018310547,12733600
XOM,2021-12-30,53.11247992446512,53.442153169990775,52.722073913177205,52.73942565917969,11940300
XOM,2021-12-31,52.69604976886694,53.329373627048085,52.66134627566344,53.08645248413086,14072000
XOM,2022-01-03,53.12983204016083,55.177288440092944,53.103802766222415,55.12523651123047,24282400
XOM,2022-01-04,55.63710247602473,57.424296061771194,55.61107650956008,57.198726654052734,38584000
XOM,2022-01-05,57.69323007533613,58.65623038506209,57.6758816403111,57.91012191772461,34033300
XOM,2022-01-06,58.994568858245245,59.41100402137477,58.18773110762934,59.27219009399414,30668500
XOM,2022-01-07,59.44572037652749,60.01831808620948,58.97723976553345,59.7580451965332,23985400
XOM,2022-01-10,59.836127470541534,60.009638311152436,58.9512049739888,59.40234375,22760300
XOM,2022-01-11,59.7667246808539,61.9443209641104,59.49778087332944,61.90093994140625,32936100
XOM,2022-01-12,61.71874237060547,62.30001092181001,61.284958684211546,61.71874237060547,23045100
XOM,2022-01-13,61.70138453364694,62.10046467003707,60.99865056783988,61.27627182006836,21043200
XOM,2022-01-14,61.29362909439425,62.59498000247475,61.250248083186364,62.3520622253418,23012900
XOM,2022-01-18,63.17625938290507,64.09587873181485,62.473531889418474,63.40182876586914,32841200
XOM,2022-01-19,63.98309523260418,64.07852817535358,62.94201700862839,63.427852630615234,26431600
XOM,2022-01-20,62.898637834905394,64.52099129018183,62.69042350781035,63.5666618347168,26774600
XOM,2022-01-21,63.48859170216309,63.48859170216309,61.63199772941534,62.61234664916992,35995200
XOM,2022-01-24,61.493177248778494,63.40182957218438,60.564880360522174,63.15023422241211,41507000
XOM,2022-01-25,62.97670967284896,65.27576443448655,61.93563151841592,65.00682067871094,39278400
XOM,2022-01-26,65.44061769232661,65.93513090938642,63.757534601028574,64.34748077392578,35252400
XOM,2022-01-27,65.46664642514828,65.94381122449944,64.19132106962346,65.17167663574219,29174700
XOM,2022-01-28,65.04152681432998,65.60544692886151,64.15660438992326,65.31047058105469,30595700
XOM,2022-01-31,65.04153877076035,66.2995090414149,64.434237528467,65.90042877197266,36085500
XOM,2022-02-01,66.32552365601283,70.71541910653426,66.16936126261068,70.12547302246094,61033100
XOM,2022-02-02,69.4574257047896,70.10810108409456,68.66794301978594,69.94326782226562,30299300
XOM,2022-02-03,69.48346865601634,69.67433453967202,68.55517181924783,69.12776947021484,28529400
XOM,2022-02-04,70.16018251845553,71.60034105288946,70.16018251845553,70.62866973876953,32197500
XOM,2022-02-07,70.39442252101064,72.07750549586171,69.9606387950399,71.4788818359375,34949200
XOM,2022-02-08,71.37477201527275,71.57431544342076,69.33598980826305,69.63096618652344,34356300
XOM,2022-02-09,69.80639164322763,70.20112226002178,69.04323819938227,69.29762268066406,40106100
XOM,2022-02-10,69.05203336738383,69.89413051913324,68.23625070594015,68.6309814453125,28527700
XOM,2022-02-11,68.96431027117133,70.45552259504416,68.62220854166647,70.3590316772461,42002100
XOM,2022-02-14,69.80640011576642,70.03446345020339,67.58712262121527,69.28009033203125,34652800
XOM,2022-02-15,67.45554580716725,68.58711556167967,67.0344939503564,68.41167449951172,25075100
XOM,2022-02-16,69.11344176330623,69.93799822017375,68.45555268194863,68.72747802734375,21733800
XOM,2022-02-17,68.84149630860085,69.40289429197769,68.3765825386368,68.62220001220703,23738800
XOM,2022-02-18,67.68362018439802,68.56957250871837,67.44677640837335,67.85905456542969,23394800
XOM,2022-02-22,69.88535968697103,69.99062434494837,66.06083078157685,67.06959533691406,35947800
XOM,2022-02-23,67.06956648192484,67.95552523465717,66.7800938163206,67.34149169921875,25385000
XOM,2022-02-24,69.29764451008721,69.32395900051064,64.9380321327836,66.49065399169922,46199900
XOM,2022-02-25,67.2713402584302,68.41167708993596,66.89415032597701,68.28009796142578,28310300
XOM,2022-02-28,67.1134363827835,69.2362227979345,66.84150444079586,68.78885650634766,32204600
XOM,2022-03-01,69.09586383630624,70.74497602280317,68.7099069629398,69.44673919677734,40002300
XOM,2022-03-02,70.7011274291806,72.0607671978232,70.01692402801825,70.63972473144531,44321400
XOM,2022-03-03,70.05200321471715,71.72742328986418,69.85024769535619,71.08708190917969,30196600
XOM,2022-03-04,71.09585259553626,73.92915662370123,70.7537509536512,73.76248931884766,42802200
XOM,2022-03-07,74.49056811744336,76.5168705493529,73.59584212759181,76.42037963867188,55207900
XOM,2022-03-08,78.11334227106387,80.27121699185673,74.93792953804463,76.99931335449219,72082300
XOM,2022-03-09,73.70987735837842,75.9379287530408,71.57831687905757,72.6221694946289,65466700
XOM,2022-03-10,73.69232725002581,75.15722486273266,72.71865118591725,74.87652587890625,44644200
XOM,2022-03-11,73.7449639418902,75.63968730045843,73.65724675508072,74.49057006835938,35303400
XOM,2022-03-14,72.85899999919357,73.20110168912001,70.61340804636525,71.82392120361328,37462600
XOM,2022-03-15,69.13973143687427,69.44674489282126,66.99063055285397,67.73623657226562,47957900
XOM,2022-03-16,68.25378557859017,68.9643102174949,66.8853786616358,67.48186492919922,37812300
XOM,2022-03-17,68.57833949212304,69.42921021048434,67.60466338063658,69.28009033203125,34041900
XOM,2022-03-18,69.3502651713998,69.63973791611787,68.50816811690473,69.00816345214844,41461500
XOM,2022-03-21,70.28007429263918,72.38531322879234,69.94673966358155,72.1046142578125,33089300
XOM,2022-03-22,71.60461791927297,72.10461316287542,70.86778564128673,71.78882598876953,23132200
XOM,2022-03-23,73.10461826256692,73.92040084333763,72.85024041983827,72.92041015625,27716300
XOM,2022-03-24,73.20987063090526,74.25372308407431,72.58706998757319,73.13969421386719,19871600
XOM,2022-03-25,72.73620179922227,74.99056770074833,72.62217012210273,74.7361831665039,22398300
XOM,2022-03-28,72.95549670266327,73.07830210406684,71.94673231194042,72.63970947265625,21552400
XOM,2022-03-29,70.8853400794208,72.35901161219826,69.96429955418023,72.25375366210938,27036300
XOM,2022-03-30,72.85901082348767,73.69234089619286,72.55199729876172,73.49058532714844,22079000
XOM,2022-03-31,72.69234907588374,74.03444152989795,72.41165004427549,72.44673156738281,27861500
XOM,2022-04-01,71.92042784313458,73.80637775938567,71.92042784313458,72.91165161132812,18671100
XOM,2022-04-04,73.29757732945636,73.38530118441118,71.97303278223744,72.94670867919922,20869400
XOM,2022-04-05,73.24496395888187,74.6221444506526,72.42040773203084,72.56953430175781,21753100
XOM,2022-04-06,73.17477038620548,74.29756610456526,72.75372533801576,73.37652587890625,24768200
XOM,2022-04-07,73.53445461493665,74.9467236621271,72.55200454529307,74.60462188720703,26122000
XOM,2022-04-08,74.70987621105259,76.4993351654506,74.70987621105259,76.17477416992188,24866500
XOM,2022-04-11,75.24495460548223,75.3765337400839,73.24497317519392,73.55198669433594,21800100
XOM,2022-04-12,75.18353465929314,76.15721066269566,74.89406196803482,75.08704376220703,22444200
XOM,2022-04-13,75.97301837803306,76.41161102231572,74.72741687444456,76.14845275878906,19306800
XOM,2022-04-14,76.02565179590317,77.59581435726562,75.63969479721025,77.0431900024414,24566400
XOM,2022-04-18,77.63090459543704,77.97300635148311,76.97301557344181,77.67476654052734,19032300
XOM,2022-04-19,77.20106202063799,77.77123367039222,76.551940232356,76.98176574707031,20382600
XOM,2022-04-20,77.16598502979842,77.63089212655323,76.57827253738733,77.15721130371094,20689400
XOM,2022-04-21,78.02563252296399,78.77124540829976,76.1309156878669,76.34143829345703,29010900
XOM,2022-04-22,76.01688092308913,77.29757065147767,74.56075012015872,74.6747817993164,23591600
XOM,2022-04-25,72.25376326753789,72.50814783472491,69.55203064954496,72.15727233886719,37698300
XOM,2022-04-26,72.56953449111839,74.31513116405714,72.0870799544909,72.1835708618164,28941500
XOM,2022-04-27,73.1484904714957,74.98181145009406,72.17481413543693,74.2449722290039,32773000
XOM,2022-04-28,74.45547777277343,77.31510341423783,73.74495989846413,76.49054718017578,33683800
XOM,2022-04-29,77.3151094603415,77.3151094603415,74.29758997834793,74.78004455566406,34656500
XOM,2022-05-02,74.56952378253054,76.35020886013709,74.23618908738544,75.7975845336914,36335200
XOM,2022-05-03,75.66599535094952,77.8764990555232,75.54318996138386,77.35896301269531,33908100
XOM,2022-05-04,78.50806922897853,80.5957674316167,77.99053321400689,80.43787384033203,46188400
XOM,2022-05-05,80.73610750546491,80.74488122925844,77.53438094465221,79.21857452392578,41013400
XOM,2022-05-06,79.80631458972603,80.54314696521976,78.3764983920922,80.42911529541016,29619300
XOM,2022-05-09,78.45544413382197,78.56070207161109,73.70109540272463,74.0870590209961,45851600
XOM,2022-05-10,75.12213478343922,76.21861620740627,73.26249987913016,74.57827758789062,34483200
XOM,2022-05-11,75.81512553823858,78.01686250905476,75.6835464051218,76.13091278076172,33020600
XOM,2022-05-12,76.16634404195551,76.54739758872743,73.906613552819,76.47650909423828,29491500
XOM,2022-05-13,77.41584633472317,78.82485401909729,76.52081234170721,78.74510192871094,25798400
XOM,2022-05-16,78.85145586995071,81.50996743081164,78.84259227168337,80.59720611572266,26101200
XOM,2022-05-17,81.2884254800964,81.92646258084191,80.74786091732808,81.62516784667969,23120700
XOM,2022-05-18,81.97963758927135,82.34296399072906,79.60470029942124,80.33135986328125,25451200
XOM,2022-05-19,78.86917488524516,81.7935402539073,78.86917488524516,80.76557922363281,24387400
XOM,2022-05-20,81.46567242540706,82.93671226636972,80.10983234108527,81.40364074707031,28795000
XOM,2022-05-23,82.11257432928764,83.98238815009108,82.01509501850867,83.20256042480469,27239300
XOM,2022-05-24,82.2543517503051,84.00010884887232,81.81126646684926,83.65450286865234,24293300
XOM,2022-05-25,83.81400440375076,85.54203411027596,83.71652511149095,85.33821868896484,29947800
XOM,2022-05-26,85.60406347934953,86.33958656999033,85.24959394980448,85.63951110839844,24314800
XOM,2022-05-27,85.02805755541098,86.78267813642123,84.45205213385007,86.48137664794922,25588800
XOM,2022-05-31,87.34097470417328,88.42210394926224,84.8153897731554,85.07238006591797,44888100
XOM,2022-06-01,85.9762518968777,87.47388208277883,85.62178913465073,86.70291137695312,25815400
XOM,2022-06-02,86.21552663416232,86.93332255799193,85.77244139506863,86.5522689819336,19089100
XOM,2022-06-03,86.75607743486358,88.31573912267237,86.75607743486358,87.81061553955078,21038200
XOM,2022-06-06,87.89038992379277,88.42209086835742,87.43844107848788,87.5890884399414,20682100
XOM,2022-06-07,88.35118873068447,91.65660739309033,88.16509375261595,91.60343933105469,37810200
XOM,2022-06-08,91.70977655540904,93.55301268545487,91.25783450079639,92.68456268310547,31613200
XOM,2022-06-09,91.64774627528256,92.66684364451444,90.53117637666286,90.68182373046875,26607000
XOM,2022-06-10,90.33623179354665,91.5857288054044,88.43096367949188,89.02469635009766,30950500
XOM,2022-06-13,86.41934868503733,86.64089132157305,83.22913607111194,84.93944549560547,33421000
XOM,2022-06-14,86.32186812970595,87.43843804628786,84.42545711698027,85.16098022460938,31264000
XOM,2022-06-15,85.06350847347287,85.57748901070103,82.65312351634947,84.0887222290039,29620800
XOM,2022-06-16,81.89101927958767,82.52905636140208,80.00347178460218,80.98712158203125,35696700
XOM,2022-06-17,80.60606306174182,80.95166899525606,75.90936374839623,76.31700134277344,64610200
XOM,2022-06-21,78.49698350331568,81.9973542289303,78.44380867655723,81.06687927246094,35951500
XOM,2022-06-22,77.57537343854653,79.542673209268,77.56650983967577,77.85894775390625,29727200
XOM,2022-06-23,78.56788196644113,78.91348793020423,74.01295924933962,75.51058959960938,35757200
XOM,2022-06-24,77.05250605823251,78.33745706943638,76.04227244166832,77.0082015991211,26639000
XOM,2022-06-27,77.81464552608391,79.79080912438003,77.69058217131509,78.8957748413086,25478700
XOM,2022-06-28,80.74784479780782,82.62652161447625,80.0654898415723,81.08458709716797,33096900
XOM,2022-06-29,82.39613706237265,82.59108889553963,77.77032591461757,78.08934783935547,25400900
XOM,2022-06-30,76.33474029935196,77.62854865482201,75.03206834419534,75.89165496826172,39948100
XOM,2022-07-01,76.86643338553337,77.8766672949414,75.06750820932336,77.58423614501953,26327900
XOM,2022-07-05,76.51196012609527,76.83098205698342,73.56101740679685,75.15612030029297,34591100
XOM,2022-07-06,74.22563484882436,75.52830642299377,71.7886662405586,73.8002700805664,33375700
XOM,2022-07-07,75.66123352261248,76.88415311806423,75.59034502217952,76.1574935913086,23817400
XOM,2022-07-08,77.05251915257867,77.36268422378286,75.26245778983166,76.28155517578125,17673800
XOM,2022-07-11,75.47515367528558,76.31701986092442,74.75735760242198,75.89165496826172,15603800
XOM,2022-07-12,74.24335727298676,75.3687975011124,73.42808210298546,74.88140106201172,21013000
XOM,2022-07-13,73.88889300702002,76.48537281262224,73.8180045061523,75.18270111083984,19928600
XOM,2022-07-14,72.53303281601022,73.82684055552878,71.50507885295731,73.67619323730469,26343000
XOM,2022-07-15,75.14725342853372,75.21814192297515,73.46352829832732,74.9168472290039,17243700
XOM,2022-07-18,76.72463539972003,77.92982769315785,75.989112339868,76.29927062988281,19395800
XOM,2022-07-19,76.5828456066724,78.44380212513312,76.43219825881773,78.22225952148438,18248900
XOM,2022-07-20,77.6108162178195,79.44518893450264,77.31837832188369,79.08185577392578,16584400
XOM,2022-07-21,77.0347998299413,77.8057705788101,75.51058552787106,77.76145935058594,21375700
XOM,2022-07-22,77.58422580370956,78.3995009972039,76.76894384927121,77.167724609375,15479500
XOM,2022-07-25,78.12478759615969,79.87053764713126,77.46901661644182,79.73761749267578,17536400
XOM,2022-07-26,80.75670771366602,80.88963462848113,78.86916715831136,79.42745208740234,15141200
XOM,2022-07-27,80.00346862058758,81.5276829044656,79.22364104413691,81.1466293334961,18047000
XOM,2022-07-28,81.68718057829828,82.63538255270122,80.65036292385587,82.09481811523438,20353100
XOM,2022-07-29,83.69880143742398,86.41934461553392,83.38864311306834,85.8965072631836,29825800
XOM,2022-08-01,84.00010590525027,84.49635924182822,82.61768203281478,83.72539520263672,20793200
XOM,2022-08-02,83.9114810235422,84.36342307950481,83.14051030775389,83.36205291748047,16722500
XOM,2022-08-03,83.67220612490581,83.67220612490581,80.4554100614557,80.65922546386719,23580800
XOM,2022-08-04,80.0300450181636,80.05662904786709,76.59170637066308,77.26519775390625,31821500
XOM,2022-08-05,76.52968187627924,79.48063114650766,76.45878661647303,78.38177490234375,17408000
XOM,2022-08-08,78.52356490835109,79.40087176964632,78.17795897023649,78.82485961914062,14458500
XOM,2022-08-09,79.79965685925238,81.18208068666192,79.71103439979737,80.27818298339844,19083400
XOM,2022-08-10,80.35793494613299,81.3415846653281,79.0375428971286,81.040283203125,18302000
XOM,2022-08-11,82.1766386304417,84.3778046889656,81.81873188831983,83.38459777832031,18797900
XOM,2022-08-12,82.74932652640905,84.12728287001819,82.41825519226977,84.10939025878906,15058200
XOM,2022-08-15,81.00450457677016,82.97302642898566,80.22604965130628,82.60616302490234,20755200
XOM,2022-08-16,82.34667179097966,83.11618378641602,81.68453594373281,81.8366470336914,14038200
XOM,2022-08-17,81.66662540536667,83.40250201865739,81.35345354900868,82.49877166748047,13678000
XOM,2022-08-18,83.3488178633474,85.28154049316171,83.29512638291193,84.44939422607422,17770400
XOM,2022-08-19,84.25255333211571,85.18311924542405,83.93043173649555,84.18096923828125,16128600
XOM,2022-08-22,83.5904153504939,84.54783047218451,82.19455957630747,84.11833953857422,16019900
XOM,2022-08-23,85.49629713373011,88.055370437504,85.40681360397316,87.68850708007812,23764700
XOM,2022-08-24,87.69745666794171,88.55644530457884,87.11584785856091,88.20748138427734,17050300
XOM,2022-08-25,88.5116996589051,89.3527956487199,87.77797980395003,88.66381072998047,15305700
XOM,2022-08-26,88.37749419713377,89.39755056176294,87.16954151547138,87.57219696044922,15531400
XOM,2022-08-29,87.84955745347837,90.8739133506446,87.81376541114909,89.58543395996094,23059200
XOM,2022-08-30,88.01062601549184,88.24327089789335,85.73788232630608,86.17632293701172,17086800
XOM,2022-08-31,84.13623343784135,86.65056517897568,83.74252772047484,85.53208923339844,18340900
XOM,2022-09-01,84.48519015833853,85.06679896560443,82.57930976772714,83.9930648803711,16423000
XOM,2022-09-02,86.21212451976731,86.60583023713384,85.1025982932126,85.53208923339844,18206800
XOM,2022-09-06,86.04210983504287,86.42685895763896,84.56572041001206,84.95941925048828,19201500
XOM,2022-09-07,83.3846258780484,84.63731355088434,82.58827150318734,84.23466491699219,16274700
XOM,2022-09-08,84.6999498300287,85.37997829093894,83.8588537329758,84.92364501953125,18759200
XOM,2022-09-09,86.36423660575659,86.79373437752996,85.2905024162764,86.34634399414062,17158000
XOM,2022-09-12,87.37532298639451,88.7532858669981,86.68633813277576,87.33953094482422,16118900
XOM,2022-09-13,86.4447643142145,87.4916560989528,84.92363984886661,85.29944610595703,18229100
XOM,2022-09-14,86.06895505147108,88.18958087573668,86.03316300538357,87.39322662353516,22655700
XOM,2022-09-15,86.09579534013423,86.38212487541762,84.15412296566139,84.85205078125,21092300
XOM,2022-09-16,85.06680431203623,85.30839210707529,82.31982772514306,83.40251159667969,37874700
XOM,2022-09-19,81.4339971365373,83.65304955093828,81.42504741767088,83.39356231689453,15342100
XOM,2022-09-20,82.97303402739259,83.15198747278392,81.99771931809163,82.71354675292969,14712500
XOM,2022-09-21,83.72463818421811,84.00201804438592,81.30873278369073,81.38031005859375,17332400
XOM,2022-09-22,82.49878097184046,82.91038611705764,80.99554906515041,81.04029083251953,16139400
XOM,2022-09-23,78.29330600037866,78.29330600037866,75.9221359390403,76.7274398803711,27738800
XOM,2022-09-26,75.96688097306817,77.14799119567084,75.06315057628865,75.14368438720703,22043400
XOM,2022-09-27,76.60217157430961,77.81012407988611,75.88634432756487,76.71849060058594,17307300
XOM,2022-09-28,77.05851848455444,79.90392146274932,76.87955824359665,79.51021575927734,19543300
XOM,2022-09-29,78.90175368136488,79.95759506377242,77.96223131951687,79.3491439819336,17896000
XOM,2022-09-30,78.89280286804512,79.6712644378099,78.123291015625,78.123291015625,21357600
XOM,2022-10-03,80.56605987994074,82.64195095539739,80.27973031183069,82.24824523925781,23881300
XOM,2022-10-04,83.42936918119973,85.32630714625815,82.95513639659426,85.24577331542969,22133700
XOM,2022-10-05,85.67526749640179,89.46913643804803,85.59474049564486,88.69068145751953,34857700
XOM,2022-10-06,88.10906001995417,91.42869572580861,87.9837912632529,91.32131958007812,29124700
XOM,2022-10-07,91.43765299401106,92.44875284990412,89.6391416576869,90.39970397949219,24507600
XOM,2022-10-10,90.81131049110955,91.29449299024864,88.33277043290119,88.44013977050781,16786100
XOM,2022-10-11,86.99057923843704,89.26332299623932,86.57003122446488,87.68850708007812,17804100
XOM,2022-10-12,87.24112630418814,88.50277048444919,86.9995384966039,88.07327270507812,12635800
XOM,2022-10-13,87.28586137079145,91.67028140755282,87.15164289838067,91.15131378173828,22019100
XOM,2022-10-14,90.48022284624686,91.48237281694847,88.6190774340372,88.7532958984375,15222000
XOM,2022-10-17,90.43548550029791,91.24078949940375,89.92546077197005,90.0328369140625,14283200
XOM,2022-10-18,90.8560368962404,91.58080710902266,88.78909557733674,90.19390106201172,14065400
XOM,2022-10-19,90.59654188636061,93.04823898496343,90.57864927686775,92.8692855834961,20921700
XOM,2022-10-20,93.34350885934116,93.95195992046285,92.52926208988016,92.99454498291016,17649000
XOM,2022-10-21,93.45984484217361,95.2046713677097,92.97666925373586,94.72148895263672,22814100
XOM,2022-10-24,94.54253956239351,96.34999371650967,94.05935712674611,95.38362884521484,17024200
XOM,2022-10-25,95.21362706490353,96.03682375265578,94.0146172574073,94.73938751220703,15719800
XOM,2022-10-26,95.07940901905724,96.48421459164334,94.84676410131301,95.86681365966797,17383800
XOM,2022-10-27,97.00316971164904,98.0500613924044,96.11733198796281,96.23365783691406,18214000
XOM,2022-10-28,97.94270456555748,99.50857094983775,96.74370158237942,99.05223083496094,28169400
XOM,2022-10-31,97.97849699753954,101.02970278356311,97.92481233439307,99.1506576538086,26401800
XOM,2022-11-01,100.54651654364172,100.72546996513857,99.00749254288124,100.13491821289062,22213100
XOM,2022-11-02,99.83963097691878,100.30491393175862,97.8084749887545,98.07691192626953,20654200
XOM,2022-11-03,97.15530393787569,100.05439190899567,96.91370929141138,99.41014862060547,17103700
XOM,2022-11-04,101.11022929894075,101.55761969406882,99.14171429103158,100.49282836914062,17541500
XOM,2022-11-07,100.5823077131262,101.9960561145054,100.33176336793336,101.6828842163086,16008000
XOM,2022-11-08,101.53970671015927,102.59554810389436,100.75229540366472,102.00498962402344,14661000
XOM,2022-11-09,101.19970401674478,101.3607648288798,97.14634820908792,97.4416275024414,19522800
XOM,2022-11-10,98.59588829278356,99.05222153819453,96.2515603827615,98.8732681274414,20146700
XOM,2022-11-11,100.73441328852837,102.4523906017105,100.65387947532311,101.96025848388672,20518900
XOM,2022-11-14,101.59044625712822,103.40343586004893,101.46416905907316,102.25791931152344,20858300
XOM,2022-11-15,102.64577855940016,103.30422300394207,101.80693319186682,102.94342803955078,19373800
XOM,2022-11-16,102.32106033578276,103.06068689117507,100.89592405927837,101.84300994873047,13591000
XOM,2022-11-17,100.38178594691918,102.1045715641192,99.89471383021797,101.9782943725586,12425900
XOM,2022-11-18,100.03001904073517,101.45515529925827,98.86645894725173,101.0943603515625,15415000
XOM,2022-11-21,99.20921521560685,100.30061499661981,96.945240399214,100.0931625366211,20973000
XOM,2022-11-22,101.21160844991711,103.25009390731327,100.5080621377727,102.98851776123047,17719100
XOM,2022-11-23,101.31082810331712,102.78105933549827,101.11239055066636,102.4743881225586,11546700
XOM,2022-11-25,102.71793695125865,103.3763883088298,101.97831033565933,102.11360931396484,7136000
XOM,2022-11-28,99.81354394954393,100.53512695701706,98.8754798463968,99.0468521118164,23015500
XOM,2022-11-29,99.76843797406683,100.84180099828976,99.02881146434444,99.7052993774414,14453200
XOM,2022-11-30,100.6072807841506,100.93199552496841,99.0197872603291,100.4268798828125,23158100
XOM,2022-12-01,100.69748251228617,101.08533586634783,99.38058683797223,99.9398193359375,14398300
XOM,2022-12-02,98.7762488765806,100.7606105042697,98.49662921623515,99.0919418334961,15248400
XOM,2022-12-05,99.84962047236888,100.44493318229432,95.55618182683443,96.37698364257812,19287700
XOM,2022-12-06,95.52009324192771,96.54835430355148,93.03963759858091,93.69808197021484,21197000
XOM,2022-12-07,93.60789417021505,94.57301673114583,92.33610036636772,93.49063873291016,20061700
XOM,2022-12-08,95.86284062561153,96.33187607224413,93.54474245114301,94.18515014648438,21128800
XOM,2022-12-09,94.33848976321708,95.56518837828472,93.17493662544561,93.39141082763672,21298200
XOM,2022-12-12,93.6529961217989,95.82677388472955,93.43651501687629,95.69147491455078,20413200
XOM,2022-12-13,97.23386396182103,97.90133009893475,96.53031076251699,96.7377700805664,24305300
XOM,2022-12-14,97.40524955830992,97.68486927585508,95.38480733915368,96.02521514892578,17597300
XOM,2022-12-15,95.005967680951,95.76363086848002,93.53572949122167,95.10518646240234,15365100
XOM,2022-12-16,93.52671481905861,95.23146387645913,93.02159914463503,94.43771362304688,54596600
XOM,2022-12-19,94.94283069194857,95.79069090928577,94.14908042687806,94.86164855957031,13611100
XOM,2022-12-20,94.86166165364112,96.97230792612844,94.77146462423053,96.23268127441406,14680000
XOM,2022-12-21,97.67584312621658,97.94643418324497,96.65660373638586,97.4683837890625,13565400
XOM,2022-12-22,97.3150574110393,97.58565537535905,93.89653707765406,95.50206756591797,13213000
XOM,2022-12-23,96.46716809195699,98.08171997723194,96.42207302930561,98.02760314941406,11539400
XOM,2022-12-27,98.55977228889411,99.64215703814824,98.16290407426585,99.38960266113281,11962100
XOM,2022-12-28,99.13705254429654,99.2182277911438,97.32406300054016,97.75701141357422,10702100
XOM,2022-12-29,97.4052433295503,98.96567856685473,97.4052433295503,98.49664306640625,10534000
XOM,2022-12-30,97.96446800496982,99.66921695714854,97.96446800496982,99.48882293701172,11799600
XOM,2023-01-03,99.01979699040054,99.23627121168711,95.15028501674709,96.0703125,15146200
XOM,2023-01-04,94.52791020226651,96.65659263810986,94.49183002248722,96.34991455078125,18058400
XOM,2023-01-05,95.91697216617725,99.17313485178376,95.88991374810381,98.50566864013672,15946600
XOM,2023-01-06,99.2904066189924,101.01319258896338,98.92058985255926,99.69629669189453,16348100
XOM,2023-01-09,100.69748314337413,100.69748314337413,97.24288311712688,97.83819580078125,17964600
XOM,2023-01-10,99.02881690782611,99.51588905782053,97.42328660687669,99.29940795898438,15104600
XOM,2023-01-11,100.11119068991209,100.52610245628,98.39741991119872,100.45394897460938,16710400
XOM,2023-01-12,100.85984077564939,102.59164823529764,100.7876804110996,102.12261962890625,15357300
XOM,2023-01-13,102.02339095159604,102.36614232757337,101.1665090708575,102.0594711303711,12011400
XOM,2023-01-17,102.29400115317841,102.89832873675664,101.62652808795733,101.86104583740234,16542200
XOM,2023-01-18,102.15870678246793,102.93441355033443,99.57903206730101,99.76844787597656,16399700
XOM,2023-01-19,99.2813641582014,101.13944872572019,98.83939398935864,100.40884399414062,12928000
XOM,2023-01-20,100.4449372178018,102.32106556000818,99.76844922839396,102.23988342285156,16515600
XOM,2023-01-23,102.50144596126775,103.35832788116052,101.59946209544766,101.70770263671875,16584400
XOM,2023-01-24,98.46055822112984,102.84419330543226,94.59104676325694,102.65477752685547,13583000
XOM,2023-01-25,102.13165284792126,102.51048448190318,100.47199868511797,102.11360931396484,11914700
XOM,2023-01-26,103.47560396542062,106.23567276021643,103.13284564655358,106.21763610839844,21019700
XOM,2023-01-27,105.48701357338352,106.1364430776423,104.07992090188347,104.27835845947266,15179200
XOM,2023-01-30,103.80933278699025,104.17012775472453,102.05948854810521,102.4292984008789,18672100
XOM,2023-01-31,101.11239960218558,104.9909333468611,99.60608805453379,104.63916015625,27861800
XOM,2023-02-01,104.47678777073791,105.87485856610975,102.23084309884958,103.49362182617188,19464900
XOM,2023-02-02,103.59284598575437,103.79128353800311,99.0648899909499,100.25550842285156,24562100
XOM,2023-02-03,100.93199081732314,102.92537423339664,100.62531274014776,100.95002746582031,20226600
XOM,2023-02-06,101.34691868425169,102.00536312388208,99.50687057301396,100.77867126464844,13855200
XOM,2023-02-07,101.37397984182219,104.00777143470731,101.04024328895163,103.65599822998047,16013300
XOM,2023-02-08,103.77325165520776,104.47679800434011,102.69086683365782,102.7540054321289,18459700
XOM,2023-02-09,103.38540047656996,104.84661003814023,102.98852534548111,103.14186096191406,17439300
XOM,2023-02-10,105.09015193084691,107.90433745034727,104.77445892469673,107.48942565917969,24918600
XOM,2023-02-13,106.99859632430352,107.4167007741732,105.34435396414796,107.0713119506836,14536200
XOM,2023-02-14,106.35326280012535,107.08039827435978,105.45342250898973,105.8169937133789,12079000
XOM,2023-02-15,105.18075625460293,105.51705391987922,103.74465371639921,105.4988784790039,13663400
XOM,2023-02-16,104.80809624093935,106.14421654859491,104.34454967527708,105.18984985351562,11360600
XOM,2023-02-17,103.79008454630987,103.79008454630987,100.87243791133454,101.14511108398438,20758300
XOM,2023-02-21,100.71793733104955,102.14494874118391,100.71793733104955,101.04515075683594,14469400
XOM,2023-02-22,100.41799872664792,100.86336986499865,98.74557375896465,99.7363052368164,13973800
XOM,2023-02-23,100.6452278803116,101.64504359185858,99.89081876900416,100.65431213378906,11289400
XOM,2023-02-24,99.37271995246242,100.85426443132822,99.09094863430792,100.66339111328125,14351000
XOM,2023-02-27,100.70884429980693,101.12694876641574,99.9453440613365,100.48161315917969,11710500
XOM,2023-02-28,101.10877446758234,101.21784792023121,99.27274975586671,99.89990997314453,18107000
XOM,2023-03-01,99.35453934576924,101.67229969885952,99.29091490528862,100.79064178466797,13200000
XOM,2023-03-02,100.5452361281488,101.52686937102365,100.13621592028564,101.25419616699219,10339900
XOM,2023-03-03,100.02715495836348,103.04478435161043,99.93625695076929,102.53578186035156,13006700
XOM,2023-03-06,101.79045221613003,103.47196114435602,101.68138571487783,103.44469451904297,14347400
XOM,2023-03-07,102.53578274385424,102.86299615728855,101.04514694245107,101.44507598876953,11525300
XOM,2023-03-08,101.09969497087485,102.18131062205165,99.13641433809028,99.96353912353516,13509800
XOM,2023-03-09,100.77247468179375,102.00861271443308,99.10004978223398,99.1909408569336,12961200
XOM,2023-03-10,99.58178247317201,100.9269940068881,97.39127767179443,97.96389770507812,15795700
XOM,2023-03-13,95.7461164311421,98.03661036379883,94.27366298040732,96.83683013916016,20745600
XOM,2023-03-14,96.66414734775574,99.08189055066025,95.40074247947112,97.2004165649414,18263500
XOM,2023-03-15,93.45563604991696,94.70994962167441,91.09243325037414,92.36492919921875,25733800
XOM,2023-03-16,90.08353282552461,92.41946916337693,89.0928012387807,91.82866668701172,27465200
XOM,2023-03-17,91.43781682931045,92.35583265168256,90.11078769529595,90.74703216552734,43199500
XOM,2023-03-20,90.55614176309459,93.14658203058934,90.43798407932604,93.11930847167969,32042100
XOM,2023-03-21,94.68268160243859,97.50943789263013,94.64632378334235,97.29129791259766,31592300
XOM,2023-03-22,97.07314432794114,97.41853315913234,95.03714835116277,95.06441497802734,14952700
XOM,2023-03-23,95.76429003173278,96.65503219705401,93.11023204081499,93.99188995361328,14385900
XOM,2023-03-24,92.22858485718483,94.39182301630629,91.71958927493148,94.10096740722656,13401600
XOM,2023-03-27,95.20076550616815,96.78229938350897,94.44636332003769,96.16423034667969,14805900
XOM,2023-03-28,95.83700492117867,97.84572730576042,95.60977378806477,97.36399841308594,11047600
XOM,2023-03-29,98.218381643264,99.21820416525169,97.70029494302663,99.03641510009766,14219100
XOM,2023-03-30,99.57269051988378,99.59086596028561,98.6364923774002,99.51815032958984,11578200
XOM,2023-03-31,99.69084389664506,100.1362149798947,99.11822393246695,99.67266845703125,14418000
XOM,2023-04-03,103.06296187948439,106.20784022559549,102.81755528382581,105.55341339111328,28087700
XOM,2023-04-04,105.67157373164368,106.07149583180463,103.77191775133835,104.54450225830078,16365500
XOM,2023-04-05,104.84445479715598,106.34418182518937,103.89917234878672,106.33509063720703,16479500
XOM,2023-04-06,106.21692864031144,106.50778423309376,104.31727263233918,104.57177734375,15778000
XOM,2023-04-10,104.32635527511518,105.5988509897683,103.77191076326305,104.10821533203125,13006600
XOM,2023-04-11,104.48997186275726,105.61703643240772,103.96279392704137,104.84445190429688,11758500
XOM,2023-04-12,105.58070528715068,105.97153628358687,104.46272476169919,104.73540496826172,10919000
XOM,2023-04-13,104.16274863525057,105.3352620985353,103.73555300119988,105.22618865966797,12399700
XOM,2023-04-14,105.34435756135365,106.03514216646496,104.63539751629858,105.48069763183594,11530800
XOM,2023-04-17,104.97169810298652,105.89880506058492,103.99914907698457,104.25364685058594,13260400
XOM,2023-04-18,103.97188935008755,106.53505656577055,103.89008946080524,106.2896499633789,17436100
XOM,2023-04-19,105.50795992063122,106.25327774947104,105.22618860400893,105.95333099365234,10682600
XOM,2023-04-20,104.64447877400752,105.14439003995346,102.91752771247172,105.1080322265625,17038700
XOM,2023-04-21,105.88062348649866,106.23510352163113,104.7626501247868,105.44434356689453,14315300
XOM,2023-04-24,105.36253617447355,108.06204330005592,105.32617835894702,107.43488311767578,15831300
XOM,2023-04-25,106.84409617065272,107.01678713993807,105.09895555950608,105.90789794921875,12179800
XOM,2023-04-26,105.46251113880705,106.42596891271377,104.23546442147335,104.93533325195312,15566100
XOM,2023-04-27,105.08987632246098,106.35328110084193,104.41726705151152,106.1896743774414,16279200
XOM,2023-04-28,106.57140174494845,108.99822858947678,106.18965510448095,107.56212615966797,24381900
XOM,2023-05-01,105.42615955665106,106.61685546588886,104.02641487842058,104.22637939453125,17355000
XOM,2023-05-02,103.56286764089832,103.56286764089832,99.33636700691581,100.07259368896484,24324100
XOM,2023-05-03,99.14549197959668,99.80900302043771,97.94571184612217,98.10022735595703,16212300
XOM,2023-05-04,98.07295485976174,98.84553929724528,96.26419704785677,96.38235473632812,17177200
XOM,2023-05-05,98.6637789309774,99.46363017031545,97.73667185389372,98.78193664550781,14968200
XOM,2023-05-08,100.43618005566779,100.86337577719651,99.10915081648946,99.17277526855469,11187800
XOM,2023-05-09,98.47289260616897,100.19076656317623,98.35473489888051,99.20003509521484,11370800
XOM,2023-05-10,99.74536969744459,99.99078318843024,96.99132965455196,97.92752075195312,14884800
XOM,2023-05-11,96.79136520701637,97.09131194745542,95.37344524791312,96.15512084960938,17165900
XOM,2023-05-12,96.62777079253576,97.26402216526603,95.23711728154048,96.14604187011719,12613300
XOM,2023-05-15,96.73279847036207,97.1178576819243,95.8801633620641,96.32939910888672,13715600
XOM,2023-05-16,95.92600459736141,96.09103098133424,93.53312552711446,93.99153137207031,14795200
XOM,2023-05-17,94.78917095018737,96.47610829068104,94.29409174139202,96.10021209716797,14064700
XOM,2023-05-18,95.85267168309198,97.09953622816806,95.46760543040776,96.97117614746094,12005600
XOM,2023-05-19,97.70461953605898,98.14469221598324,97.01701078254594,97.42041015625,13359600
XOM,2023-05-22,97.03533830596307,98.1355164445558,96.15519999191939,96.23771667480469,12882000
XOM,2023-05-23,97.17287093225428,99.21736411792567,96.9528380809463,97.54876708984375,14394400
XOM,2023-05-24,98.44724088420158,99.48324261398395,97.85131885647569,98.6397705078125,16340300
XOM,2023-05-25,97.12702932634191,97.57626508042367,95.9993479088673,96.87032318115234,14316500
XOM,2023-05-26,97.61293410200746,98.05299976167052,96.10936360784316,96.23771667480469,12370300
XOM,2023-05-30,94.69747731374993,95.45843267119011,94.0740451044174,95.38508605957031,11938000
XOM,2023-05-31,93.78066704350047,94.46827579951866,93.27641782453327,93.67981719970703,24926100
XOM,2023-06-01,93.28558281015341,96.79697301137101,92.83634707258612,94.76165008544922,13551900
XOM,2023-06-02,96.41192000402266,97.30122146154395,95.83432416674,96.96200561523438,14112000
XOM,2023-06-05,98.27304867602605,98.27304867602605,96.34773850408577,96.5311050415039,10628000
XOM,2023-06-06,95.48592642043188,97.42956247233478,95.33007013225422,97.31954956054688,12209800
XOM,2023-06-07,97.90632877932987,99.8316320781474,97.8513223119895,99.50157928466797,16027100
XOM,2023-06-08,99.72160293910184,100.06082577738242,97.0903579051196,99.18985748291016,13517100
XOM,2023-06-09,99.43739385630418,99.5749170070858,98.2455428705389,98.45640563964844,12251600
XOM,2023-06-12,97.00783723641634,98.15385178460089,96.77863432677943,97.56709289550781,14112000
XOM,2023-06-13,98.44723215186507,99.32737049375396,97.4387407389539,97.58543395996094,13533800
XOM,2023-06-14,98.51141121051067,99.1165102705862,95.70596973671528,96.41191864013672,16627700
XOM,2023-06-15,96.72362840575842,98.12634910139799,96.6686219454487,97.08118438720703,16224100
XOM,2023-06-16,97.51209617861545,97.88798535072448,96.22855835745803,96.38441467285156,43128900
XOM,2023-06-20,95.97184628129381,96.05435597446096,93.62481063496605,94.17489624023438,17514100
XOM,2023-06-21,93.97319825429585,95.92600463650612,93.81734194567962,95.22923278808594,13285700
XOM,2023-06-22,94.28490265474943,95.24755764354293,94.11071320518377,94.7066421508789,12455300
XOM,2023-06-23,94.05570496214416,94.26657472188953,93.16640352637059,93.88151550292969,17933600
XOM,2023-06-26,93.69815581055909,96.18272174897281,93.69815581055909,95.61429595947266,14283400
XOM,2023-06-27,95.39426289915433,95.90767522746347,94.67914387722868,95.85266876220703,13227500
XOM,2023-06-28,95.63262958209909,97.01701725674351,94.61496799941114,96.6319580078125,13084100
XOM,2023-06-29,96.87032873863775,97.85131698958777,96.38441265625991,97.82380676269531,11364400
XOM,2023-06-30,98.39223287564633,98.90564519722321,97.92465694294266,98.32805633544922,13544700
XOM,2023-07-03,98.54807970667218,99.43738810292474,98.16302050253734,98.52057647705078,7397000
XOM,2023-07-05,98.67645607279455,98.94233234643903,97.27373507317172,98.016357421875,12491200
XOM,2023-07-06,96.34773308371788,96.92532890069263,93.90901772835961,94.3582534790039,17961400
XOM,2023-07-07,93.4414338306993,95.34840358105248,93.11138110487983,94.57828521728516,21929200
XOM,2023-07-10,94.40410834446618,96.03603216326452,94.20240863747426,95.98102569580078,14877600
XOM,2023-07-11,96.50359794259555,97.32872984111796,96.0910284959754,97.15453338623047,12576500
XOM,2023-07-12,98.09884726573713,98.69477624152864,97.30121860631917,97.63127136230469,13238200
XOM,2023-07-13,97.15453927185624,97.39291227802956,94.72498681030373,95.84349822998047,26826800
XOM,2023-07-14,95.39425349673174,95.39425349673174,92.16707262188173,92.54296875,28181900
XOM,2023-07-17,92.34127328648621,93.21224158231392,91.8828674476889,92.94636535644531,18051300
XOM,2023-07-18,92.5246353149414,93.69815317469951,91.99288284888908,92.5246353149414,24617800
XOM,2023-07-19,92.64382993692385,93.88152439782873,92.41462699991486,93.16641235351562,15556500
XOM,2023-07-20,94.00986647172273,95.03669802735025,93.84484009661684,94.8074951171875,15740200
XOM,2023-07-21,95.49511694651166,95.6968096595577,94.6699849578008,95.24757385253906,17121500
XOM,2023-07-24,95.67846832664982,97.32873216306456,95.31174225247787,96.7419662475586,15090900
XOM,2023-07-25,96.32023845291556,97.2645534189687,95.84349942932155,96.88866424560547,14116100
XOM,2023-07-26,96.36607269391169,96.92532835768418,95.93517010103278,96.34773254394531,15159600
XOM,2023-07-27,97.18204392800202,98.08968558729899,96.02685918316688,96.6502914428711,17677900
XOM,2023-07-28,96.36606247296146,96.41190584829732,93.80815741193867,95.4950942993164,17566400
XOM,2023-07-31,96.43942599491024,98.88731158141337,96.43942599491024,98.31888580322266,24197000
XOM,2023-08-01,98.05300793628847,98.39223078137759,96.75113700873256,97.7504653930664,14177400
XOM,2023-08-02,97.42041351250678,97.53042644023947,95.87099949623503,96.5311050415039,13484100
XOM,2023-08-03,97.08118094529499,98.90563409296632,96.54026545217978,98.2088623046875,16280400
XOM,2023-08-04,98.97898108886929,100.15249883659241,98.40139228967612,98.48390197753906,14279600
XOM,2023-08-07,98.92397601042443,99.40071497906906,97.64960840772233,98.2822036743164,12410800
XOM,2023-08-08,97.2187134313086,98.78646059771592,96.11853519533841,98.76812744140625,14065600
XOM,2023-08-09,99.66659618110312,101.23434330333205,99.29987011278057,100.44588470458984,19919600
XOM,2023-08-10,101.02347371319443,102.34367767739488,100.33586500454425,100.95929718017578,15837200
XOM,2023-08-11,101.18850206393687,102.74707903616783,100.8951226222916,102.52704620361328,14047000
XOM,2023-08-14,102.38952526816944,102.66457156083192,101.56439338489974,102.60955810546875,12973400
XOM,2023-08-15,102.36923908783595,102.47091564567691,99.79961055779772,99.97523498535156,14909600
XOM,2023-08-16,100.08614279158714,101.05668912105318,98.23748848940915,98.2929458618164,13695100
XOM,2023-08-17,99.291223525611,101.81463981828904,99.291223525611,100.19706726074219,16709500
XOM,2023-08-18,99.49458767005282,101.86086324579499,99.47610422739248,101.71297454833984,16224000
XOM,2023-08-21,102.00875339641325,102.58183881623387,99.95674582292654,100.48361206054688,11092400
XOM,2023-08-22,100.90879911276389,101.41718189550743,99.78111879617414,99.91976928710938,10518800
XOM,2023-08-23,98.93998756405146,99.18031461847265,97.71987590230432,99.04166412353516,11435600
XOM,2023-08-24,98.36689530752226,99.61473557113857,98.04338220985234,98.30219268798828,10818500
XOM,2023-08-25,99.30046268893669,100.6869533676138,98.55175997910905,100.05841064453125,13579300
XOM,2023-08-28,100.24328051304646,101.7129644060344,100.23404231866623,100.8995590209961,10382100
XOM,2023-08-29,101.3617227744467,101.6944740740814,100.21555198437298,101.5003662109375,9665000
XOM,2023-08-30,102.08269597795116,102.72972218288821,101.65750632155586,102.48939514160156,11922100
XOM,2023-08-31,102.71124494639876,102.9885388858115,102.24908132865372,102.77594757080078,17479800
XOM,2023-09-01,103.70949969384671,105.20691216194315,103.70949969384671,104.92961120605469,14843500
XOM,2023-09-05,105.4657318824039,107.0648210378643,104.91113697400993,104.9388656616211,18304000
XOM,2023-09-06,104.892647840365,105.91864448658109,104.66156605340373,105.8447036743164,13325500
XOM,2023-09-07,105.97410535657926,107.08329507596959,105.09599036434368,105.32707214355469,13248500
XOM,2023-09-08,105.86317529460496,107.26815635161313,105.66906746147667,106.8614501953125,14283200
XOM,2023-09-11,107.38833226231642,107.85049585321087,104.97583775368285,105.52119445800781,14383600
XOM,2023-09-12,106.61190004865576,108.76558420170426,106.54719742419778,108.59920501708984,20145800
XOM,2023-09-13,108.52525293445707,109.03362863042028,107.12951697794021,107.62865447998047,13472800
XOM,2023-09-14,108.65467039852804,109.68067420396231,108.45131727643371,109.55126190185547,15210700
XOM,2023-09-15,108.97816185285592,109.54200192397451,107.684102557632,107.86896514892578,34568400
XOM,2023-09-18,108.63617744516087,109.29244892757205,107.86898415719371,108.73785400390625,14045300
XOM,2023-09-19,109.64369210685544,109.84703816175693,107.78579250934995,108.45130920410156,12562900
XOM,2023-09-20,107.72108003326527,109.08908017881774,107.51772694491275,107.5916748046875,11879900
XOM,2023-09-21,108.12779789745882,108.48828493775551,105.92789466973797,106.07579040527344,14400600
XOM,2023-09-22,106.95390109313539,107.8504996191069,106.1220051900661,106.24217224121094,13197300
XOM,2023-09-25,106.38082309772116,107.8227784475822,106.14050308279222,107.43456268310547,11316000
XOM,2023-09-26,106.75978058069121,107.89670602224744,106.63962059583412,107.60092163085938,11805400
XOM,2023-09-27,108.96892493079724,111.3814193073449,108.51600661109418,111.10411834716797,23976200
XOM,2023-09-28,110.90076823020516,111.5662778164935,109.24622187989218,110.42935943603516,16808100
XOM,2023-09-29,110.08737020286875,110.1613180727685,107.89671921053055,108.6823959350586,18813600
XOM,2023-10-02,108.63617456548691,108.87650161179255,105.88168346173677,106.87995147705078,14395000
XOM,2023-10-03,106.70433229860897,107.62865948192454,106.32535476846233,107.0648193359375,13297100
XOM,2023-10-04,105.4195141625505,105.45648104270019,102.1381499628315,103.0624771118164,19622200
XOM,2023-10-05,101.49112618566363,102.5078846632425,100.47436065602808,100.74241638183594,20128800
XOM,2023-10-06,97.72912369574982,100.07690871575824,97.15603825936837,99.06015014648438,25367500
XOM,2023-10-09,102.0826865022056,103.58933712645204,101.2323002162947,102.52635955810547,22369900
XOM,2023-10-10,102.61878507705279,103.01624598710639,101.78689638108284,102.0919189453125,13892000
XOM,2023-10-11,98.86603739443724,99.06014526201375,96.89722297868394,98.43160247802734,57939000
XOM,2023-10-12,99.44835067867773,99.67943245687194,98.0618600095124,98.4131088256836,31183000
XOM,2023-10-13,99.85507369730126,101.86086217764483,99.67944925961106,101.55583953857422,30276500
XOM,2023-10-16,102.13815879771565,102.30453798100687,100.8718279553292,101.62977600097656,18452000
XOM,2023-10-17,101.42642829216734,103.33978534300927,101.3802091106459,102.96080780029297,19775400
XOM,2023-10-18,103.35826852685808,104.80946196709772,103.24734672271718,104.40275573730469,23380300
XOM,2023-10-19,104.19015908488255,105.34556804022048,102.90534489071129,104.46745300292969,20972500
XOM,2023-10-20,104.37502159611608,104.74475387187847,102.40620727686196,102.67426300048828,22445300
XOM,2023-10-23,102.25832426842209,102.56335396278124,100.45588889640437,101.16761779785156,18185000
XOM,2023-10-24,101.39868675903908,101.50960855711932,99.93825520396051,100.18782043457031,16786100
XOM,2023-10-25,100.30797804639862,101.21382174574941,99.9474910262632,100.3726806640625,22047300
XOM,2023-10-26,99.31895296676446,100.14160359525653,98.44084496396493,99.45760345458984,18768300
XOM,2023-10-27,100.64998590242479,101.5465843938964,97.01737980884747,97.56273651123047,23092000
XOM,2023-10-30,97.73835446299252,98.36689723020385,97.24846218379454,97.86775970458984,19379900
XOM,2023-10-31,97.59046923924004,98.12658071746125,96.62916808755072,97.84003448486328,22185200
XOM,2023-11-01,98.46857809481592,99.06014695431429,97.47954824671173,97.64592742919922,28984900
XOM,2023-11-02,97.86776022575887,100.92728801653426,97.51651843270379,100.85334014892578,25212700
XOM,2023-11-03,100.19707069788623,100.54831249797637,98.47782152786648,99.62398529052734,30555600
XOM,2023-11-06,99.98447657317277,100.0769078874222,97.76608977090036,97.85852813720703,19097300
XOM,2023-11-07,96.56445422021784,96.92494122861807,95.47374794935001,96.32412719726562,20272500
XOM,2023-11-08,95.88045573139165,96.9619167746094,95.10401727970915,95.1409912109375,19184100
XOM,2023-11-09,95.82500318295322,96.10230417550017,95.07630037595654,95.16873168945312,18380500
XOM,2023-11-10,96.06533549304334,96.50901569496975,95.12252476052886,95.89895629882812,17825500
XOM,2023-11-13,96.17625131553831,97.18376461348447,95.95440770236537,96.90646362304688,15308400
XOM,2023-11-14,97.28890132051136,97.77394351240065,96.8878058647684,97.27957153320312,18260500
XOM,2023-11-15,96.97174697355854,98.081756752918,96.54266929733323,96.6919174194336,20137600
XOM,2023-11-16,95.98302663836112,96.3281505515045,94.35066226395548,95.57260131835938,22469100
XOM,2023-11-17,96.13225844185656,98.34294854412249,95.84309905775959,97.904541015625,22984900
XOM,2023-11-20,98.29631501038695,98.76270482616007,97.41017720703555,97.47547149658203,17458800
XOM,2023-11-21,97.20494600574045,97.6620059453729,96.28149633930768,97.43814086914062,14989000
XOM,2023-11-22,95.68452707066366,97.12100841849313,95.08754873345441,97.01840209960938,18072000
XOM,2023-11-24,97.02771704263674,98.38025153994334,96.92511784846837,97.5407485961914,9480800
XOM,2023-11-27,97.1023369024739,97.38217357711899,96.24418153782425,96.97174835205078,18013500
XOM,2023-11-28,97.23293599610537,97.85790368837391,96.89713479673641,96.9157943725586,20629500
XOM,2023-11-29,97.2609122455078,97.55007872057534,94.80770480035707,95.46064758300781,26802100
XOM,2023-11-30,96.17889409693973,97.4568045643634,94.96627790936732,95.8337631225586,29254700
XOM,2023-12-01,95.60991080519783,97.21429288613693,95.34873365091356,96.06697082519531,17845300
XOM,2023-12-04,95.26475714563564,96.41207893392321,94.76105541784173,95.54459381103516,21523900
XOM,2023-12-05,95.39536626388093,95.460660551016,93.5484666468923,93.68838500976562,22250300
XOM,2023-12-06,93.27794228202572,93.94954460510306,91.72952502420382,92.44776916503906,31154800
XOM,2023-12-07,93.1473658932983,94.06148586174429,91.49634211408826,91.80416107177734,29990700
XOM,2023-12-08,92.36382097098561,93.08206515579246,92.11197364268439,92.85820007324219,22074900
XOM,2023-12-11,93.09139301921884,93.14735750956407,91.95340093858232,92.92349243164062,22252300
XOM,2023-12-12,92.04668633567012,92.04668633567012,90.92735372159414,91.45903778076172,26084000
XOM,2023-12-13,91.44970256563197,92.37315227327059,91.09524891940269,92.27054595947266,19915400
XOM,2023-12-14,93.1380354001234,95.27410139507661,93.01677662219863,94.75174713134766,26165700
XOM,2023-12-15,93.82829564573433,94.21073869399738,93.56711849889298,94.11746215820312,55527000
XOM,2023-12-18,95.26477733883443,96.17890447190321,94.69578121737659,94.81704711914062,21610400
XOM,2023-12-19,95.14352099639198,96.25353101864388,94.94763813067878,96.06697082519531,18904700
XOM,2023-12-20,96.54267146042075,96.95309668885038,94.33198163893704,94.46257019042969,20988900
XOM,2023-12-21,94.64913793264384,95.1528397215729,94.0335000406607,94.89166259765625,19250900
XOM,2023-12-22,95.4326687915282,96.02032443372542,94.97560882713036,95.05956268310547,12927800
XOM,2023-12-26,95.83376755573077,96.10427447521162,95.25544879787934,95.27410125732422,16835100
XOM,2023-12-27,95.18081624005526,95.6565357537269,94.5278663530164,94.82636260986328,14558800
XOM,2023-12-28,94.57452526522671,94.77973792062684,93.39922094937192,93.45519256591797,16329300
XOM,2023-12-29,93.62309133726087,93.8282968720729,92.92350663484503,93.25930786132812,17746400
XOM,2024-01-02,94.13611938444309,96.16957928049467,94.07082509442719,95.47932434082031,23483000
XOM,2024-01-03,95.39535696919084,96.65461499581356,94.82636801761996,96.28150177001953,23490800
XOM,2024-01-04,97.0837030708598,97.54076308502827,95.19016160990392,95.44200897216797,19395200
XOM,2024-01-05,96.23486483783621,96.44940726644523,95.26477324809801,95.73116302490234,15827400
XOM,2024-01-08,93.95889274213319,94.24805214238678,92.25190435702719,94.13611602783203,23370100
XOM,2024-01-09,94.481236270145,94.481236270145,92.52240074633207,92.97013092041016,19496600
XOM,2024-01-10,93.09139315743309,93.09139315743309,91.56163540902364,92.0560073852539,18206100
XOM,2024-01-11,92.38247684192095,92.81155453149857,91.93473957822904,92.03734588623047,15833400
XOM,2024-01-12,93.40853836532148,93.88425790195855,92.50374111356692,93.23130798339844,18041700
XOM,2024-01-16,93.11005551324061,93.28728590716041,90.97398946413223,91.12323760986328,20235700
XOM,2024-01-17,90.10649201881887,91.3750726200397,90.08783956139311,90.46095275878906,18384000
XOM,2024-01-18,90.47961335995214,90.56356010073725,89.3789332426642,90.29306030273438,20940300
XOM,2024-01-19,90.21843284356277,90.49826241887573,89.92927348077657,90.43296813964844,20088400
XOM,2024-01-22,90.19977044642023,90.57288365170614,89.33228526866107,90.31170654296875,19955900
XOM,2024-01-23,90.3023747344712,91.87877425533341,90.22775778831821,91.32843780517578,15863400
XOM,2024-01-24,91.71088191771472,92.95148038452514,91.16986808934796,92.90483856201172,17330600
XOM,2024-01-25,93.567104560304,95.31140469763868,92.92349157762142,95.26476287841797,22089500
XOM,2024-01-26,95.11552459140562,96.15091038219182,94.38795773659209,96.07628631591797,20817200
XOM,2024-01-29,96.05764429819996,96.26284982794304,95.01292860644288,96.19755554199219,18317500
XOM,2024-01-30,95.52594859970405,97.82990790453358,95.23678212578109,97.80192565917969,19610900
XOM,2024-01-31,97.69932015112038,97.82990870820642,95.8617434479978,95.89905548095703,22415300
XOM,2024-02-01,96.60797381041787,97.01839907314981,94.78905660793389,95.50729370117188,19240700
XOM,2024-02-02,96.77587062037445,97.00906548933919,94.77972311135953,95.11552429199219,21973400
XOM,2024-02-05,94.63047886755409,95.4979641004088,93.74434117569454,94.72376251220703,17190900
XOM,2024-02-06,95.20881599668256,96.11361337117657,94.7424261843903,95.37671661376953,13347900
XOM,2024-02-07,95.37670661239065,95.82444391651991,94.3786328034068,95.34872436523438,13826800
XOM,2024-02-08,95.46065908583128,97.40084232598548,95.24612376705606,96.98109436035156,19636900
XOM,2024-02-09,97.10234836581287,97.79260323047139,94.86367605399424,94.92897033691406,20410500
XOM,2024-02-12,95.29276107125474,96.44940570638882,95.14351292915067,96.23486328125,18173100
XOM,2024-02-13,96.74324191865249,97.05391443927621,94.70970987812574,95.40637969970703,18917400
XOM,2024-02-14,95.90535928418346,96.61144564448398,94.54025467799333,94.93566131591797,17651300
XOM,2024-02-15,94.7097175939002,97.8541593165853,94.7097175939002,97.65645599365234,23196300
XOM,2024-02-16,97.9200604242296,98.50375389688439,97.45874548803737,97.65645599365234,20151400
XOM,2024-02-20,97.7600010193141,98.023612611807,96.63968227761559,96.73382568359375,17650000
XOM,2024-02-21,96.98801644305307,98.83326173122441,96.95977413869932,98.71086883544922,20991300
XOM,2024-02-22,98.0612767598167,99.23808735544037,97.39284202074242,98.62614440917969,20470700
XOM,2024-02-23,97.79766856792178,97.9953718929683,96.85622005854859,97.760009765625,15975900
XOM,2024-02-26,97.64702958897722,98.79559779081414,97.01626088229015,98.14599609375,13360800
XOM,2024-02-27,98.5508238482977,98.99330576819608,97.76941991242103,97.93888092041016,16360000
XOM,2024-02-28,98.35311750312732,99.25690712363824,97.91063559687396,98.21189880371094,14810500
XOM,2024-02-29,98.55082746567577,98.91799179934898,98.1177620255146,98.40019226074219,17566100
XOM,2024-03-01,99.52992934468686,100.1606980700578,99.20983314292691,99.64289855957031,18460100
XOM,2024-03-04,99.47345103624747,99.65232136536677,97.93888539854592,98.24956512451172,18138000
XOM,2024-03-05,98.40961193704584,100.04773033888746,98.21190861119273,99.45462036132812,19952700
XOM,2024-03-06,100.37724397325645,101.27161719583276,99.9347620188114,100.5184555053711,20472800
XOM,2024-03-07,100.35840130353684,101.6576047351744,100.35840130353684,101.08332061767578,15195400
XOM,2024-03-08,100.95151972397325,102.05301267866557,100.51844711934463,102.0341796875,16281500
XOM,2024-03-11,101.91179894438345,102.7308617156604,101.05507737162092,102.63671112060547,17577300
XOM,2024-03-12,102.67436146377729,102.88148126354447,101.70467074912311,101.97769165039062,14957200
XOM,2024-03-13,102.74968747070292,103.8888392799817,102.72144516527416,103.11685180664062,17122200
XOM,2024-03-14,103.39928530474612,105.01857779294589,103.26748309595607,104.9432601928711,22121000
XOM,2024-03-15,104.35956770801621,105.72467238081546,104.35956770801621,104.75497436523438,38264400
XOM,2024-03-18,105.24452965952251,106.25187927662022,104.59492788999934,105.72467041015625,16770500
XOM,2024-03-19,105.64934351415387,106.84497985478502,105.49870831830789,106.46839904785156,14878800
XOM,2024-03-20,106.12007963496414,106.76026492378224,105.56462126630555,106.374267578125,16119700
XOM,2024-03-21,106.30835302465636,107.24039212464085,105.97884751678974,106.84497833251953,14878000
XOM,2024-03-22,106.83556901992432,107.0332723246443,106.21420961993466,106.84497833251953,14701900
XOM,2024-03-25,107.16507769071876,109.00089927636006,107.16507769071876,107.93706512451172,14011700
XOM,2024-03-26,107.94648893182406,108.24775216584003,106.76967830165512,107.12742614746094,13152300
XOM,2024-03-27,106.83557840889117,108.32306157265285,106.7696773015263,108.23833465576172,12415700
XOM,2024-03-28,108.76554004192133,109.63167090611421,108.3230581140214,109.43396759033203,18482100
XOM,2024-04-01,109.5940257416408,110.37542255497812,108.62432773187327,110.14006042480469,13817000
XOM,2024-04-02,111.01559666809906,112.59723031105815,110.46014554445607,112.29596710205078,19919600
XOM,2024-04-03,112.48425744623839,112.73844535262447,111.77817114966662,112.3147964477539,16504300
XOM,2024-04-04,112.07944395237843,112.86084072870044,111.69344662949152,112.71021270751953,18467400
XOM,2024-04-05,112.95498287179795,114.99792418824264,112.63488667887833,114.26359558105469,21720600
XOM,2024-04-08,113.99058183248417,114.61193408420672,113.17151908240987,113.49161529541016,17513900
XOM,2024-04-09,113.91526341652445,114.52720635075288,113.29390398656528,114.08472442626953,14132300
XOM,2024-04-10,114.12238270662203,115.29919327374579,113.6610749754604,115.04499816894531,17409200
XOM,2024-04-11,115.50630922801425,115.50630922801425,113.29389968951065,114.65900421142578,17555900
XOM,2024-04-12,115.7510904906978,116.50425216564958,112.66314055222324,113.32215881347656,21556200
XOM,2024-04-15,114.00000035298511,114.56487522358721,112.4560253207527,112.67256164550781,15029500
XOM,2024-04-16,112.55957988661984,113.18093934168553,111.0156049277489,111.74052429199219,18082200
XOM,2024-04-17,111.60871058300579,112.36186499265428,110.2624390850262,111.68402099609375,14538600
XOM,2024-04-18,112.03237330116096,112.71021738128789,111.06268247980023,111.58047485351562,13821400
XOM,2024-04-19,112.18300297972814,113.84936360897312,111.98529248053808,112.86083984375,21572400
XOM,2024-04-22,112.27714366881024,114.45188728037387,111.49573973487226,113.50102233886719,16340700
XOM,2024-04-23,112.9738060183398,113.97173900637716,112.45600653434995,113.94349670410156,13929800
XOM,2024-04-24,113.25625494901803,114.16004462735312,112.39953338504552,113.96234130859375,12101200
XOM,2024-04-25,113.94349949461315,114.63075999176897,112.4089411777141,114.22593688964844,16041000
XOM,2024-04-26,112.03237577187308,112.12651918892642,109.41514999130554,111.05326843261719,27289500
XOM,2024-04-29,110.86497477196762,113.02089264834487,110.86497477196762,112.63489532470703,17309900
XOM,2024-04-30,112.13592080302544,113.16209612327532,111.07208668441575,111.34510040283203,21083300
XOM,2024-05-01,111.35453396860527,111.53341149256576,108.8879433507036,109.23627471923828,27777700
XOM,2024-05-02,109.45280058193897,110.39424904719606,109.11387855983187,109.43396759033203,25513600
XOM,2024-05-03,109.20801544189453,109.27391654321602,107.44750433133319,109.20801544189453,28023300
XOM,2024-05-06,109.83879067533205,111.4110078878613,109.58460275019067,109.91410827636719,31401300
XOM,2024-05-07,110.41307323608814,110.69551064459391,109.14211926317547,109.3680648803711,30122000
XOM,2024-05-08,108.93500353146642,110.10239764379489,108.6525732950725,109.3492431640625,18957200
XOM,2024-05-09,109.39631524201064,111.58989201928074,109.38690592833399,111.50516510009766,17564000
XOM,2024-05-10,111.59931030728183,111.71228671735524,110.69552057474154,111.05326843261719,13648100
XOM,2024-05-13,111.48632862744104,112.07002927787296,110.26244989823356,111.00619506835938,15060600
XOM,2024-05-14,110.84484479538125,111.7464824652033,110.5506275593173,111.68004608154297,15079100
XOM,2024-05-15,111.62310044701238,112.79048362813622,110.17098577530963,112.5437240600586,18244300
XOM,2024-05-16,112.50576520225822,113.2270797056459,111.55666983923025,111.869873046875,15745200
XOM,2024-05-17,112.27797470948188,113.73008933176364,111.95527854840685,113.54975891113281,15104500
XOM,2024-05-20,113.6351810524604,113.7870325319181,112.51524833249825,112.62913513183594,11551300
XOM,2024-05-21,112.37288881315666,113.369434567641,111.78444710025444,111.85088348388672,14495000
XOM,2024-05-22,111.4807366823575,111.4807366823575,109.10799835545302,109.60153198242188,17879300
XOM,2024-05-23,109.7154172614418,111.52819279366749,107.58944577759935,107.7318115234375,15979800
XOM,2024-05-24,108.9940987560451,109.22188683735912,107.2857315923241,107.6463851928711,12212900
XOM,2024-05-28,107.74130051180839,109.25036587755953,107.3142105024385,109.01309204101562,13978300
XOM,2024-05-29,108.6998827071835,108.71886866800881,107.0674376452838,107.84569549560547,13902000
XOM,2024-05-30,107.50401295033093,108.32023542311747,107.20979574770621,108.18736267089844,14683700
XOM,2024-05-31,108.31075779254085,111.50920430599112,108.18737076979936,111.2909164428711,29037400
XOM,2024-06-03,110.37977912749449,110.4367225246741,107.96907635292303,108.62394714355469,19589300
XOM,2024-06-04,107.24776586107609,107.333180959965,105.27364595516845,106.93456268310547,19412200
XOM,2024-06-05,107.14336109764724,107.42809256614463,105.80514057416242,107.36165618896484,14863500
XOM,2024-06-06,107.01049098637621,108.23482474551994,106.40307059686614,108.16838836669922,13154100
XOM,2024-06-07,107.99756575497786,109.05106222162698,106.93457630690199,107.01050567626953,13289200
XOM,2024-06-10,107.30471398990043,108.40566803092078,106.96303909724051,107.32369995117188,15239700
XOM,2024-06-11,106.76373219016841,106.93456964008293,105.64379940540053,106.46002197265625,12462400
XOM,2024-06-12,107.53250056126957,107.53250056126957,104.91299550152365,105.28314208984375,13606800
XOM,2024-06-13,105.19772561327514,105.21671157533727,104.13474345052833,104.4384536743164,14466900
XOM,2024-06-14,104.41946676157556,104.59979719440956,103.06226012740544,103.55579376220703,13313400
XOM,2024-06-17,103.61274384437874,103.88798238133162,102.67314141893495,102.84397888183594,21147900
XOM,2024-06-18,103.47986032655967,105.08383371504209,103.26157246057863,103.81204223632812,17762900
XOM,2024-06-20,104.31506394106735,106.8871112375634,104.01134650520854,106.0519027709961,17433200
XOM,2024-06-21,106.2037636984763,106.9630355808532,105.12179565429688,105.12179565429688,52212500
XOM,2024-06-24,105.95699307410571,108.69987776585843,105.95699307410571,108.24431610107422,16266700
XOM,2024-06-25,108.3012678565713,108.71887211570196,107.68435444858903,108.54803466796875,14188900
XOM,2024-06-26,108.56702020193185,108.97513150596147,107.38065097405776,108.58600616455078,15771800
XOM,2024-06-27,109.13646337765884,109.13646337765884,108.30126214447098,109.0510482788086,16812700
XOM,2024-06-28,109.96219337405056,110.60757853422871,108.84226051494798,109.2598648071289,24565900
XOM,2024-07-01,109.81981554976542,110.79738254357629,108.69988281371495,109.10799407958984,11972900
XOM,2024-07-02,110.0001436991939,110.03810837907463,107.71282061327986,108.3676986694336,13326700
XOM,2024-07-03,108.45311284981901,109.77236193117841,108.45311284981901,108.91817474365234,7732900
XOM,2024-07-05,108.7758218589864,108.7948005804975,106.9535604709526,107.59894561767578,12631000
XOM,2024-07-08,106.66882208707936,107.76977613037391,105.748198471123,106.46951293945312,13350500
XOM,2024-07-09,105.45399279914267,106.81119954071774,104.98893807037207,105.29264831542969,11727000
XOM,2024-07-10,105.27365247088501,106.26071248493108,104.79910480496034,106.22274780273438,10004100
XOM,2024-07-11,105.7576931715135,107.55148277034115,105.28314550534697,107.48504638671875,13082700
XOM,2024-07-12,108.18737813857938,108.33923687198221,106.89660786874705,107.5040283203125,11684900
XOM,2024-07-15,108.4531163536038,110.24691312587169,107.79824552286216,109.34526824951172,13032500
XOM,2024-07-16,108.52904513390372,110.4272357168877,107.92162472663065,110.13301849365234,13614100
XOM,2024-07-17,110.79739351355911,112.16409318873951,110.61707031382288,111.65158081054688,13602800
XOM,2024-07-18,111.94579610090341,113.81551514013438,111.46176267528247,112.75253295898438,13033600
XOM,2024-07-19,112.55320057357429,112.82843906096633,109.97166761383696,110.16148376464844,16157700
XOM,2024-07-22,109.31680657085603,110.03812108986642,108.74735078891021,109.4022216796875,12065900
XOM,2024-07-23,108.96562948767223,109.30730437624528,107.40911376907171,107.63690185546875,11251700
XOM,2024-07-24,107.97857311363201,109.33577973278462,107.31420927531511,109.15545654296875,14925200
XOM,2024-07-25,109.30731292643804,112.02172628630382,108.728364166682,111.4522705078125,17021700
XOM,2024-07-26,110.82583973295827,112.02170167376063,110.54111552678157,111.35733795166016,11252500
XOM,2024-07-29,111.34786173384147,111.41429811605228,109.50661451110943,110.1899642944336,8861800
XOM,2024-07-30,110.43673417569596,112.56270570661425,110.3133543884496,112.15459442138672,12483900
XOM,2024-07-31,113.54976035219532,113.66365439420058,112.52473569721523,112.55320739746094,15137700
XOM,2024-08-01,112.32543138865817,113.40739949069469,110.43673370050993,110.99669647216797,15051500
XOM,2024-08-02,110.06657914853007,112.81895686793312,109.54457385585937,110.93025207519531,20403800
XOM,2024-08-05,109.65847315524763,110.12352783037772,107.48504402307684,108.92766571044922,18025900
XOM,2024-08-06,108.62396328257144,109.74389611997293,107.8457053610567,108.3487319946289,13647800
XOM,2024-08-07,109.57304858571369,111.1580432268305,109.39272540409485,109.79134368896484,13660700
XOM,2024-08-08,110.17097961667818,112.09764183762903,109.83879772358704,111.88883972167969,13851000
XOM,2024-08-09,111.88884950243968,113.23656315280392,111.3858301287842,112.79998016357422,12151900
XOM,2024-08-12,113.46434233060788,114.05277676326457,112.01222048625604,112.94233703613281,13228900
XOM,2024-08-13,112.25899274530032,112.47728785388905,111.5186995578628,111.8603744506836,11585100
XOM,2024-08-14,112.08815265133002,113.79652707508161,111.64207670507142,112.89488220214844,12194500
XOM,2024-08-15,113.13406324718409,114.45435666409004,113.00969016058664,113.59329986572266,11579400
XOM,2024-08-16,112.88532042837018,113.35412649760457,112.56960297885449,113.05753326416016,10056000
XOM,2024-08-19,113.27758155724298,115.28672636599828,113.05752899231298,113.4019546508789,12417500
XOM,2024-08-20,113.51676501322524,113.51676501322524,109.55587726079555,109.62284851074219,15632000
XOM,2024-08-21,110.03424079809155,110.57001077517283,108.83832045687902,108.92442321777344,11752400
XOM,2024-08-22,108.85745356961178,110.03424241435053,108.72351107337401,109.766357421875,10609500
XOM,2024-08-23,110.05337642450111,111.67026312202478,110.05337642450111,111.28756713867188,10381400
XOM,2024-08-26,112.66526921197007,113.79421834275422,111.86160692089928,113.66983795166016,13671000
XOM,2024-08-27,113.81335117389479,114.24388689530196,112.32084485804846,112.58872985839844,9991600
XOM,2024-08-28,111.93815665782223,112.49306551103953,111.23017377918046,111.47891998291016,10742900
XOM,2024-08-29,112.12949154003252,113.65070605403164,111.31626714417274,113.01925659179688,10753900
XOM,2024-08-30,111.7372380163069,112.91401962680179,111.25886984634205,112.83748626708984,13284700
XOM,2024-09-03,110.82833776144648,111.0675218543011,109.1062166724847,110.47434997558594,15725100
XOM,2024-09-04,110.30213221883086,111.12492604551127,109.04880996393537,109.1253433227539,12620600
XOM,2024-09-05,110.09165774463078,110.29257151360413,108.1781849361385,108.27385711669922,17200800
XOM,2024-09-06,108.67568130425417,109.24015956100308,106.89615836259166,107.76678466796875,13467700
XOM,2024-09-09,107.98684065871718,111.12493489918575,107.78592688958811,110.03425598144531,21645300
XOM,2024-09-10,110.12035859358456,110.40738243438997,105.40364783190282,106.02552795410156,20913400
XOM,2024-09-11,105.98725221394999,106.14989564242494,103.10747374227151,104.97311401367188,19571900
XOM,2024-09-12,105.14533210661882,106.5134654543228,105.01138959419909,106.41779327392578,15919500
XOM,2024-09-13,106.64740290091332,107.60413925807688,106.13076439212671,106.34124755859375,10035400
XOM,2024-09-16,107.20231328398712,108.19731268636781,106.85788760650179,107.83375549316406,11729000
XOM,2024-09-17,107.46062786418138,109.42194032557674,107.26928351155122,109.24015808105469,12202600
XOM,2024-09-18,109.17318127567815,110.62741725994172,108.8861574620104,109.62284851074219,12569900
XOM,2024-09-19,111.13449611210521,112.49305995517201,110.20646069980836,110.98141479492188,12660600
XOM,2024-09-20,110.46477937573722,110.51261911351948,109.30712925473449,110.28299713134766,36206200
XOM,2024-09-23,110.34040391115803,112.69397443307146,110.13949015555409,112.28257751464844,16066300
XOM,2024-09-24,112.74180772301483,113.0479703616624,111.77550926722996,111.98599243164062,11984900
XOM,2024-09-25,111.45021413655684,111.98599145017535,109.10621302467746,109.80462646484375,13816000
XOM,2024-09-26,106.3316825470172,108.57044951097761,106.3316825470172,107.91986846923828,16887900
XOM,2024-09-27,108.83832205666232,111.06751205796664,108.35038450646637,110.80919647216797,15964000
XOM,2024-09-30,110.46477784821161,112.31127929155775,109.98640967428068,112.14863586425781,13247600
XOM,2024-10-01,111.01968273659226,115.38239799202597,110.91444115812182,114.74138641357422,23235900
XOM,2024-10-02,116.65486153110024,117.5063562846666,114.99970446109029,116.2625961303711,17129700
XOM,2024-10-03,116.62616003176663,117.84121195859228,115.69812462421403,117.27674102783203,16524300
XOM,2024-10-04,117.86992022648464,119.77383089645046,117.13323641852134,119.42940521240234,19752300
XOM,2024-10-07,119.83122630419466,120.87406540867782,119.45809971641455,119.94603729248047,15714400
XOM,2024-10-08,118.5204848983042,118.6544273903488,116.01384057633976,116.76009368896484,14818500
XOM,2024-10-09,115.66942632760389,117.2767436896991,115.57375415234138,116.80793762207031,11144900
XOM,2024-10-10,117.83164644305057,118.3482776226646,116.9992832326614,117.81250762939453,10243300
XOM,2024-10-11,117.7742389490782,118.66400401424605,117.62116493428182,118.26217651367188,8294800
XOM,2024-10-14,117.9081830863239,118.88405822906044,117.31501123418886,118.71184539794922,9808100
XOM,2024-10-15,115.5928862493884,116.67399570400183,114.59787956314884,115.14321899414062,15771300
XOM,2024-10-16,115.65986462376543,116.18607257173579,115.38241018750101,115.4398193359375,8426800
XOM,2024-10-17,115.53548440380584,116.32000792381714,114.53090831019614,115.14321899414062,11204900
XOM,2024-10-18,115.22932905396452,115.42067340543943,113.99513827878971,114.81793212890625,12898600
XOM,2024-10-21,115.7459671311709,116.22433530739619,114.54047728327383,114.88490295410156,10177800
XOM,2024-10-22,115.05711409477645,115.94687918142242,114.75095875847457,115.47807312011719,9201400
XOM,2024-10-23,114.77966437454974,115.52591758109556,114.2343249313571,115.06668090820312,8320300
XOM,2024-10-24,114.80835731009448,115.22932362268017,113.97599409184154,114.41609191894531,9905600
XOM,2024-10-25,114.99971656322019,115.21976915496312,114.15779112820496,114.3204345703125,10714600
XOM,2024-10-28,111.73723669049022,113.86119250782342,111.71809787630009,113.75595092773438,11844500
XOM,2024-10-29,113.44979190575405,114.01426281758802,112.00511805276608,112.2060317993164,14731000
XOM,2024-10-30,112.56960650579322,113.15320898497401,111.4406572800919,111.64157104492188,12303700
XOM,2024-10-31,112.08166383622095,113.53589986320658,111.63199658794674,111.72766876220703,20512000
XOM,2024-11-01,114.74138724757279,114.76051876228884,109.87159557896773,109.97683715820312,20939300
XOM,2024-11-04,111.04839659927892,113.56461077021422,110.91445408367443,113.47850799560547,14965400
XOM,2024-11-05,113.92816548110721,114.05253857794764,112.90445788602658,113.8133544921875,10436700
XOM,2024-11-06,115.9086104844161,116.63573215561843,114.1386496933891,115.76509857177734,20807700
XOM,2024-11-07,116.05212703067345,116.2434713889522,114.43524019573627,115.90861511230469,12184400
XOM,2024-11-08,115.74595772259302,116.16691671991603,114.483066131987,115.87033081054688,12836000
XOM,2024-11-11,115.7650952068885,116.35827435553811,114.87533013357356,115.25802612304688,11969700
XOM,2024-11-12,115.8894721839905,116.06168502005734,114.65528140873141,115.14321899414062,11972800
XOM,2024-11-13,115.35370326745661,116.76967629974224,113.6602831126464,116.21476745605469,15127900
XOM,2024-11-14,117.35299482725819,117.56520020294245,116.07007773616972,116.29193115234375,13041800
XOM,2024-11-15,116.1375972565408,116.94785602024972,114.91255371135902,115.086181640625,19051700
XOM,2024-11-18,115.54919353576332,116.34981162974937,115.04759846222807,116.05078125,14239700
XOM,2024-11-19,115.51061212917479,115.51061212917479,114.01548226436782,114.43025970458984,11584400
XOM,2024-11-20,114.9511432491428,116.2051236076478,114.43990748060268,116.06043243408203,11360900
XOM,2024-11-21,116.79352701390856,118.2114872442051,116.01219763354798,117.61343383789062,14675400
XOM,2024-11-22,117.50732268648053,118.8481132563591,117.33369476005677,117.47838592529297,13323400
XOM,2024-11-25,117.13112858177797,117.56519471266405,115.37556061885698,115.72281646728516,26580300
XOM,2024-11-26,115.29838764146885,115.44307880062742,113.67786284934868,113.79361724853516,14827300
XOM,2024-11-27,113.90936844246187,114.52671790133839,113.27273762196486,113.49459838867188,11079100
XOM,2024-11-29,113.28237840043553,114.30484980745092,112.80972013629255,113.78396606445312,9426500
XOM,2024-12-02,113.87079571777316,114.01547952890358,112.68433695141336,113.67787170410156,12687300
XOM,2024-12-03,114.51706506327771,114.51706506327771,113.10875299766323,113.50423431396484,11756600
XOM,2024-12-04,113.34025951691538,113.38849235830149,109.82912355551821,110.2342529296875,19520600
XOM,2024-12-05,110.64903117150848,111.5268188480717,110.02204102529167,110.716552734375,15751200
XOM,2024-12-06,110.48505392175045,110.70690733676541,109.48187113571704,109.54939270019531,16171100
XOM,2024-12-09,110.5815127573916,110.8708950975158,108.75842314878555,108.90311431884766,17412600
XOM,2024-12-10,109.56867989214697,109.84841418659421,107.79382315961084,108.6812515258789,20990900
XOM,2024-12-11,108.03497142180913,108.41116403712334,107.17647982693327,107.95780181884766,32392200
XOM,2024-12-12,107.63948261532774,108.4015158853667,106.85816062421746,107.86134338378906,14543300
XOM,2024-12-13,107.93850969252563,107.93850969252563,106.34692163832374,106.91603088378906,13106100
XOM,2024-12-16,106.29869422833337,106.49161823950607,104.33092082946176,104.62994384765625,20256100
XOM,2024-12-17,103.44348135374578,104.34055773516867,103.0094152230856,104.18622589111328,17554000
XOM,2024-12-18,103.76180070589461,104.9771961778613,102.54640523392793,102.65251159667969,17114500
XOM,2024-12-19,103.58817604240163,103.8582622981639,101.48535216058302,101.77473449707031,20565600
XOM,2024-12-20,101.71685726108724,102.38243224329203,101.12845188595233,102.12199401855469,40141200
XOM,2024-12-23,101.58181633185845,102.82614867548155,101.20562368835598,102.53677368164062,12285100
XOM,2024-12-24,102.74897153263429,103.39525775935097,101.95800149925562,102.63322448730469,7807000
XOM,2024-12-26,102.74896849875923,103.24091550477948,102.1895072911558,102.72003173828125,9652400
XOM,2024-12-27,102.53676026628615,104.16692572174846,102.0255171947208,102.71038818359375,11943900
XOM,2024-12-30,102.53676819159719,102.78755836763834,101.7747349044755,102.01588439941406,11080800
XOM,2024-12-31,102.41136405213744,104.08012176763083,102.03517143499299,103.76180267333984,12387800
XOM,2025-01-02,104.44667045552545,105.14118219429668,103.09623178117016,103.5110092163086,12685400
XOM,2025-01-03,104.17658518601618,104.64923615079353,103.65570137697024,104.04154205322266,14237900
XOM,2025-01-06,104.40808022582422,105.89356195447863,103.7135685231496,103.92578125,15623700
XOM,2025-01-07,105.08330037491075,106.16364534168409,104.44666221152093,104.9000244140625,12625900
XOM,2025-01-08,103.51100716953117,103.8968478344745,102.25703420758856,103.14446258544922,17858100
XOM,2025-01-10,104.85179248109311,106.20223106054004,102.03516828007122,102.76826477050781,19304500
XOM,2025-01-13,103.33737853534691,105.74887347571597,103.33737853534691,105.42091369628906,17073400
XOM,2025-01-14,104.93860936348115,105.874270530177,104.01259623665896,105.83568572998047,11191200
XOM,2025-01-15,106.15401233380649,107.77453726039421,105.59454373026222,107.56232452392578,14521100
XOM,2025-01-16,107.25365611534123,107.73595512496604,106.63631397176539,107.3790512084961,10366600
XOM,2025-01-17,107.09931092989,108.8741750132106,106.89674624025476,108.34364318847656,19298500
XOM,2025-01-21,108.08320362560801,108.20859871020657,107.1957679153852,107.52373504638672,20416300
XOM,2025-01-22,107.26328922677901,107.62019311806061,105.52701733024561,105.65241241455078,15718000
XOM,2025-01-23,106.40479723783722,107.20541530052456,105.72958161828059,106.2504653930664,13726800
XOM,2025-01-24,106.33728407692874,106.79064632557622,104.57207528654448,104.81322479248047,14235900
XOM,2025-01-27,105.15083027616461,106.5398463949532,104.55277686547731,106.26976013183594,15926700
XOM,2025-01-28,106.50125619584827,106.94497034058469,103.974007083517,104.21515655517578,15862000
XOM,2025-01-29,103.89684754011219,104.92896708431469,103.6653460855215,104.82286071777344,12345500
XOM,2025-01-30,105.37268278788672,105.96108815288088,104.85179898809031,105.69100189208984,14346300
XOM,2025-01-31,106.63630981977272,106.63630981977272,102.34384438566407,103.04800415039062,20376500
XOM,2025-02-03,102.86472384825966,103.50136202183707,101.59145486040312,103.29878997802734,14623200
XOM,2025-02-04,102.93224866982983,106.37586313418731,102.75862074056397,106.06719207763672,14835700
XOM,2025-02-05,105.85497000718823,106.1154155577581,105.23762794855291,105.9900131225586,13364400
XOM,2025-02-06,106.84851779924446,107.11861142251477,104.16693652224284,104.59136199951172,13411400
XOM,2025-02-07,104.92896596125456,105.84533844800303,104.48525177833046,105.03507232666016,10051600
XOM,2025-02-10,106.1154145332917,107.09930112996244,105.99001209930286,107.04142761230469,12142200
XOM,2025-02-11,107.64913797860791,108.52692571268362,106.89675269757096,107.71665954589844,12713100
XOM,2025-02-12,107.10352960530805,107.27871059103953,104.3103681731244,104.47581481933594,18244100
XOM,2025-02-13,104.28117455826428,105.50744148165113,103.66803738400804,105.23493194580078,15460000
XOM,2025-02-14,105.61448207198181,107.2787050632404,105.20572893471221,105.34197998046875,15733500
XOM,2025-02-18,105.72154292148859,108.01835698878502,105.41984522264791,107.19111633300781,20060300
XOM,2025-02-19,107.79451535065354,109.12783023727074,107.11325268602502,107.34683227539062,10964700
XOM,2025-02-20,107.60960630757108,109.41007305279345,107.00620347087533,109.0013198852539,16325800
XOM,2025-02-21,108.33952439634419,108.85533301866793,107.59987051379713,107.72639465332031,14710000
XOM,2025-02-24,107.9599621267186,108.86506261755424,107.36629366363685,108.29085540771484,13153500
XOM,2025-02-25,108.32005588006983,109.1278278103379,105.97457767528071,106.7920913696289,14497000
XOM,2025-02-26,106.80182186205533,106.92834599733528,105.61448492400676,106.5293197631836,10446400
XOM,2025-02-27,107.0645927670457,108.31032084073512,106.35413453042203,107.20084381103516,15293200
XOM,2025-02-28,107.1619139026261,108.59255728993469,106.41252573540493,108.34925079345703,18821700
XOM,2025-03-03,108.70934531782127,109.1570358287662,103.65830723696874,104.87483978271484,18706900
XOM,2025-03-04,103.51232143892183,106.0427076390864,103.10356828719051,104.66072845458984,19394900
XOM,2025-03-05,103.00623544553112,103.48312152777669,100.89433682458672,102.61695098876953,24822200
XOM,2025-03-06,102.60721907651602,105.21546509418013,101.56586753728773,104.73858642578125,17150200
XOM,2025-03-07,105.5074360676752,107.44415376248197,105.40038061179452,106.1010971069336,19625000
XOM,2025-03-10,106.35413743357088,109.55605190497604,106.15949520116564,108.80667114257812,22749100
XOM,2025-03-11,108.92345661764224,109.09863760185188,105.87726178540707,106.23735809326172,19904700
XOM,2025-03-12,106.13030795638025,107.18138648921528,105.51717076834021,106.20816040039062,14051500
XOM,2025-03-13,105.42957425369694,107.85290491217184,104.7483115993219,105.76046752929688,17767800
XOM,2025-03-14,106.02325103627696,109.176501441721,105.4101138566589,108.90399932861328,15890100
XOM,2025-03-17,108.80667312368627,111.43438043462734,108.73854759859151,110.71419525146484,19908800
XOM,2025-03-18,111.03535321956865,111.47330938428212,109.55605293406776,110.59740447998047,15998700
XOM,2025-03-19,111.14240497282307,112.71903374803493,110.78231610897609,112.32001495361328,17315000
XOM,2025-03-20,111.64849088060285,113.35163642594821,111.15214352835284,112.7968978881836,16230800
XOM,2025-03-21,112.40760040283203,112.88447905277876,111.28838904366629,112.40760040283203,41102800
XOM,2025-03-24,112.58277991331893,113.77985111716558,112.48545880185677,112.69956970214844,14207500
XOM,2025-03-25,113.312702009722,114.49030456345824,112.85528460762507,113.46841430664062,12081800
XOM,2025-03-26,114.52923953726516,115.98907858264576,114.52923953726516,115.10343933105469,14110800
XOM,2025-03-27,114.93798862866713,115.88201903269292,114.1204823561861,114.73361206054688,12740800
XOM,2025-03-28,114.9379926264797,115.28835459119372,114.10101764689902,114.5779037475586,10233400
XOM,2025-03-31,114.63629622306115,116.69953810235418,114.63629622306115,115.74577331542969,21652300
XOM,2025-04-01,116.02800232320006,116.0863935058592,114.77253992015368,115.85282135009766,12425400
XOM,2025-04-02,115.22021947998364,115.65816818687688,114.50976869545687,115.49272155761719,12614600
XOM,2025-04-03,111.30786062638177,112.35893906643436,109.22515757415465,109.4197998046875,21204600
XOM,2025-04-04,106.92834021007685,107.86263625212412,101.05005444854514,101.54639434814453,30841300
XOM,2025-04-07,97.70215447494954,102.96731053351164,95.82382805698536,100.18388366699219,35068500
XOM,2025-04-08,102.63641577372731,102.77266682330787,96.35911087835369,98.07198333740234,27147800
XOM,2025-04-09,96.70947208112092,103.7264307798435,95.50266647271802,102.96731567382812,30063300
XOM,2025-04-10,100.93326377904023,101.00138929947718,95.18150219607828,97.25447082519531,33999300
XOM,2025-04-11,97.61457404110797,101.14738186644708,96.14500065282763,100.37853240966797,22884600
XOM,2025-04-14,102.2179238195843,102.27631500253179,99.96977417460586,100.62183380126953,18020000
XOM,2025-04-15,100.8651425429795,102.58775672953735,100.2422784939205,100.339599609375,13164900
XOM,2025-04-16,101.16684155228053,102.76293162702109,100.92353504789783,101.40042114257812,13607000
XOM,2025-04-17,101.88702987125949,105.64368273512856,101.6631846295756,104.05731964111328,17916500
XOM,2025-04-21,102.78240639814355,102.80186765259266,101.33230162509884,102.52936553955078,16926500
XOM,2025-04-22,103.29821118726827,106.0232470665664,103.29821118726827,105.40038299560547,13147000
XOM,2025-04-23,105.89672551550346,106.37361163235813,103.61938009264884,104.49528503417969,14235700
XOM,2025-04-24,105.07921703120303,105.96484886910322,104.09625664892057,105.72154235839844,9849600
XOM,2025-04-25,105.24465949387033,105.84806228948322,104.5439355828683,105.66314697265625,11245800
XOM,2025-04-28,105.83833215658188,106.32494517799147,104.79698058777042,105.72154235839844,13890900
XOM,2025-04-29,104.85537554008397,105.91619582592045,104.64126461495408,105.45877838134766,9483100
XOM,2025-04-30,104.54393237968097,104.54393237968097,101.36148671070173,102.8018569946289,20379300
XOM,2025-05-01,102.2860514796201,104.0573225089296,102.16926911128385,102.94784545898438,18610300
XOM,2025-05-02,104.8359063530864,106.08163445035495,101.75078170201895,103.3663330078125,16581900
XOM,2025-05-05,101.84810735682215,101.85784169633239,100.31040841972812,100.50505065917969,19624000
XOM,2025-05-06,101.1084491131534,103.14249532562836,100.70943031198019,101.906494140625,16303400
XOM,2025-05-07,102.1790044521524,102.47097524732277,101.2836382371477,101.8091812133789,12332200
XOM,2025-05-08,102.51962141670828,104.51473765057615,102.51962141670828,103.2300796508789,19196500
XOM,2025-05-09,104.2714353773738,104.86510384465753,103.53178152180101,104.43688201904297,10992100
XOM,2025-05-12,107.31763216657481,107.48308623647449,105.41984435857493,106.23735809326172,14244600
XOM,2025-05-13,106.39306871374772,107.55121005907793,106.10109793631352,106.5293197631836,13350800
XOM,2025-05-14,105.945384736615,105.945384736615,105.04028424438104,105.5755615234375,15494900
XOM,2025-05-15,104.59336851879702,106.71490165397442,104.0826332233906,106.64614868164062,15004300
XOM,2025-05-16,106.71490600610267,106.95062942178738,105.53627394065447,106.26309967041016,14042500
XOM,2025-05-19,105.65413755647349,105.65413755647349,103.83708825073234,104.57373046875,16802700
XOM,2025-05-20,104.4951507067921,104.81927507249759,102.91382485490867,103.08079528808594,12429300
XOM,2025-05-21,102.66827423630221,103.1004400436923,101.79412612118078,101.81377410888672,16716100
XOM,2025-05-22,101.22445608770848,101.62715741386943,100.0752960733414,101.13606262207031,13417400
XOM,2025-05-23,100.77265024279599,101.62715788212795,100.2520909600523,101.19499206542969,12061600
XOM,2025-05-27,101.64679741345289,102.01021025527893,101.06730915883729,101.67626190185547,13043600
XOM,2025-05-28,102.43255548888017,102.57006143501769,99.97708145997858,100.2913818359375,14292400
XOM,2025-05-29,100.45835212973934,101.01819990779862,99.9377928353085,100.86105346679688,13825300
XOM,2025-05-30,100.34049850368726,100.56639792741198,99.38777334173,100.4780044555664,28645800
XOM,2025-06-02,101.90216745502507,102.00038491290589,100.39941861826465,101.21463775634766,17290500
XOM,2025-06-03,101.06731415260414,102.79596999491649,100.38960091181153,101.95128631591797,19194300
XOM,2025-06-04,102.06914689688585,103.05133654945831,100.4780044555664,100.4780044555664,15648500
XOM,2025-06-05,101.14589226357111,101.21464523852133,99.91815521552263,100.01637268066406,13924800
XOM,2025-06-06,100.92980950041586,102.63881737576185,100.85123253077616,102.41291046142578,15487800
XOM,2025-06-09,102.47184024992215,103.96476510811338,101.98074546198254,103.1004409790039,17087300
XOM,2025-06-10,104.19067584071267,105.73271323183158,104.04334590020841,105.31037139892578,17634800
XOM,2025-06-11,105.84075452080062,107.44172088817773,104.56390502980446,107.36314392089844,22648200
XOM,2025-06-12,106.98009420552185,108.22747924952954,106.29256445225862,107.77567291259766,17469400
XOM,2025-06-13,110.34899969163828,110.52579411878651,108.70874486357586,110.12310028076172,28540200
XOM,2025-06-16,109.82843586638309,111.14457376821933,109.15072267473171,110.4766845703125,22986100
XOM,2025-06-17,111.92050727122472,112.88305642236976,111.09547156468238,111.96961975097656,19451700
XOM,2025-06-18,112.56874916311384,113.18752590524616,110.92849435130219,111.17404174804688,17968900
XOM,2025-06-20,111.42940565532663,112.99109099538904,111.1642177639638,112.65714263916016,36273300
XOM,2025-06-23,114.6215221372994,114.8670695347602,109.1801984038584,109.74986267089844,26631100
XOM,2025-06-24,107.3042117653521,108.9641145558017,105.98808132319364,106.41041564941406,24828300
XOM,2025-06-25,106.18451661026165,107.29438814340104,105.78181528361534,106.43988800048828,17483200
XOM,2025-06-26,106.99973419477001,108.47301855033518,106.61668086180401,108.0310287475586,18304800
XOM,2025-06-27,107.98192364942906,108.13907008389485,106.4398863253305,107.43189239501953,22002100
XOM,2025-06-30,106.70507870587896,106.90151363061214,105.80146606248707,105.88004302978516,19199000
XOM,2025-07-01,106.20416433397791,107.68727280613511,105.24162267173936,107.29439544677734,15536900
XOM,2025-07-02,108.04085672911205,109.37663519360748,106.89169668779984,109.07215881347656,11892200
XOM,2025-07-03,108.88554488471753,110.46687081614179,108.64982146758025,110.20167541503906,11223600
XOM,2025-07-07,109.55343008922571,110.05434888892336,108.25694010269396,109.13108825683594,15415900
XOM,2025-07-08,108.91500600834024,112.42142264060374,108.87571752444647,112.15623474121094,17913400
XOM,2025-07-09,111.8910360552865,112.23480091234963,111.25261132444821,111.77317810058594,10652100
XOM,2025-07-10,111.68477652167415,113.21698987237932,111.05617578838425,112.88304901123047,14901700
XOM,2025-07-11,112.80447374297718,113.69826987334073,112.47053287680527,113.3741455078125,11683900
XOM,2025-07-14,113.17771045376121,113.17771045376121,111.20350726745153,111.89103698730469,13220300
XOM,2025-07-15,111.63567480114219,112.0285446507959,110.59454871772617,110.89903259277344,10959300
XOM,2025-07-16,110.86955737050879,111.47851760929873,110.10345069515128,110.23114013671875,11158900
XOM,2025-07-17,109.50431723767807,110.23114294252808,109.11143989599114,109.67129516601562,13151400
XOM,2025-07-18,109.13108786363041,109.74004811780425,105.42822884784289,105.85057067871094,32366600
XOM,2025-07-21,105.68359765482676,106.83275766874107,105.52645121813912,106.1255874633789,17010400
XOM,2025-07-22,106.05683353608919,107.4908294154273,105.69342069591329,106.60685729980469,13970900
XOM,2025-07-23,106.98990973807115,108.04085227408773,106.91133277433809,107.97209930419922,12002700
XOM,2025-07-24,107.70691615881908,108.97393416059721,107.18634937131053,108.81678771972656,15647200
XOM,2025-07-25,108.75785543879016,109.0034028336733,107.74619387732166,108.43373107910156,10548900
XOM,2025-07-28,109.02304201698622,110.11327303663703,108.86588808926531,109.45520782470703,12353000
XOM,2025-07-29,109.90701862232733,110.98742569231113,109.42574781264138,110.86956024169922,15928000
XOM,2025-07-30,110.40793937592984,110.60437430358333,109.27841980814192,109.90702056884766,12996900
XOM,2025-07-31,108.3944479501662,110.49633315469451,108.3944479501662,109.65164947509766,17233700
XOM,2025-08-01,110.00523925917771,110.53562256197023,106.92116440085675,107.68727111816406,19652000
XOM,2025-08-04,107.27475194259162,107.9622816820531,105.18268324742202,105.45770263671875,19129500
XOM,2025-08-05,105.31037659377996,105.89968889135514,104.18085698554529,105.33001708984375,21314300
XOM,2025-08-06,106.38095096836115,107.10777665259234,104.4755082795286,104.6130142211914,15321800
XOM,2025-08-07,105.23179633865101,106.13540899963576,104.00405930138514,104.06298828125,13468300
XOM,2025-08-08,104.60319777347414,105.59521141861731,104.06299046831887,104.89785766601562,14417700
XOM,2025-08-11,105.20233091051774,105.6148487529173,103.65046951081035,103.94512939453125,13570700
XOM,2025-08-12,104.44603552229128,105.36929611818407,103.89601175972285,104.23977661132812,14109400
XOM,2025-08-13,104.11209197362868,105.68359375,103.85672059324597,105.68359375,17958700
XOM,2025-08-14,105.63449196117759,105.67377294995138,104.54426093166607,105.46751403808594,13683500
XOM,2025-08-15,105.26925615166627,106.62737239238601,105.03133168460887,105.566650390625,19271900
XOM,2025-08-18,105.18003559629148,106.30024252850167,104.75376370133158,105.79466247558594,13040000
XOM,2025-08-19,105.2791635283234,106.52824050344698,105.22960160367272,106.48858642578125,16113600
XOM,2025-08-20,106.9446008200613,108.38203282498014,106.74633798784461,107.5889663696289,18959700
XOM,2025-08-21,107.47991610893938,108.61994626586683,107.0239055588168,108.28289794921875,12194900
XOM,2025-08-22,108.64968345259015,110.44399452430889,108.64968345259015,110.31511688232422,13586700
XOM,2025-08-25,109.9384128724852,110.94956535698553,109.58153374542819,110.77112579345703,9744900
XOM,2025-08-26,110.4043378756632,110.84051758914867,109.40309324646745,110.5232925415039,18143900
XOM,2025-08-27,110.4539072483937,112.00038607780276,110.4539072483937,111.77237701416016,15262600
XOM,2025-08-28,111.8913384227946,112.66457405015278,111.09827197444447,112.36717224121094,14189800
XOM,2025-08-29,112.73396150001832,113.79468347598137,112.59517601256461,113.29901885986328,14597900
XOM,2025-09-02,113.1899765941318,114.24078320235026,112.34734822547124,113.695556640625,15206700
XOM,2025-09-03,112.98179493723086,113.43780548102792,110.49355642174257,110.93965911865234,14920100
XOM,2025-09-04,111.13792102423076,112.14907351504279,110.41424735561411,111.42540740966797,12864400
XOM,2025-09-05,110.63234344521462,110.81078301380536,108.07471214982787,108.28289794921875,16826700
XOM,2025-09-08,108.77855967620157,109.0957847270983,107.41052049907542,108.89751434326172,15440500
XOM,2025-09-09,109.57162004343665,111.53445527284673,109.57162004343665,109.69058227539062,14899500
XOM,2025-09-10,110.19616616019566,111.58402109864272,109.87893353055956,111.52454376220703,15837600
XOM,2025-09-11,110.4340820331726,111.79219829066102,109.90867873094055,111.16766357421875,11534500
XOM,2025-09-12,111.8814198206847,112.23829895593744,110.9099138273318,111.18749237060547,11105700
XOM,2025-09-15,111.20731507682014,111.48488605547662,110.35477132052269,111.37583923339844,12880500
XOM,2025-09-16,111.98055091158713,114.32008854119726,111.80211134447308,113.68563842773438,17208000
XOM,2025-09-17,113.53693950857964,114.4886146953759,113.06110569680253,114.29035186767578,13302000
XOM,2025-09-18,114.17138479061065,114.34982435326918,112.41673539383646,112.942138671875,14628700
XOM,2025-09-19,112.91240376906111,112.9917119247178,111.66332678881534,111.84176635742188,38746500
XOM,2025-09-22,111.47497030212939,111.82194158762375,110.59268788129805,111.04869842529297,15611500
XOM,2025-09-23,111.74263669966611,113.75503391080163,111.50471979220099,112.96196746826172,25369100
XOM,2025-09-24,113.57658868873862,114.7562728834336,113.47745727916364,113.5666732788086,14756100
XOM,2025-09-25,113.64598589370385,114.89506288046641,113.41798439905384,114.5877456665039,15012600
XOM,2025-09-26,114.95453633663882,117.33372799576999,114.91488225994176,116.20361328125,18568900
XOM,2025-09-29,115.05367172833895,115.48985902385965,112.68439539720069,113.22962951660156,19189300
XOM,2025-09-30,112.36717307320569,112.50595856820823,110.9694027126108,111.77237701416016,18076200
XOM,2025-10-01,111.58401640751998,112.0400269485874,110.32503160536015,111.01895904541016,16614000
XOM,2025-10-02,110.99913929969067,112.10942323889171,110.06728736793941,110.32503509521484,13062600
XOM,2025-10-03,110.92974570294811,112.76370332123852,110.92974570294811,112.2779541015625,12950100
XOM,2025-10-06,112.30769500854373,113.77485810713299,112.19864818271373,113.20980072021484,12036800
XOM,2025-10-07,113.08092450680391,113.5171117864794,110.77112559505582,113.26927947998047,11945000
XOM,2025-10-08,113.38823594359705,114.01277820634681,112.42665293226514,113.03135681152344,12301000
XOM,2025-10-09,113.43780929739027,114.50844673010269,111.76246040156671,111.93099212646484,10976200
XOM,2025-10-10,111.2866223552876,111.64350148596185,109.75005901137115,109.76988983154297,13811600
XOM,2025-10-13,110.57286485143277,111.32627719504441,110.35477120749978,111.26679229736328,10296500
XOM,2025-10-14,109.79962795736405,111.98054924451986,109.75005847042067,111.31636047363281,11167200
XOM,2025-10-15,111.82194191276001,112.58526210393487,110.00780757839705,110.64225769042969,12182900
XOM,2025-10-16,110.90991788987924,111.2172351118071,109.43283937018232,109.68067169189453,11782200
XOM,2025-10-17,110.66208085309158,111.9309886393161,110.21598571831368,111.26679229736328,13460100
XOM,2025-10-20,111.02887377271335,112.16890389999226,111.00905051593749,111.7228012084961,9523600
XOM,2025-10-21,111.91115898981309,112.37708494977315,111.01896114768125,111.73271942138672,9202300
XOM,2025-10-22,112.46630082999172,114.18130376707029,112.09951384652251,113.71537780761719,12938800
XOM,2025-10-23,115.61873084316686,115.83682449420566,114.35974598931857,114.97437286376953,15001100
XOM,2025-10-24,115.34115575523097,115.46011798699801,114.1813023576594,114.38948059082031,9919400
XOM,2025-10-27,114.696790806278,114.98427719538091,114.10199477096661,114.9347152709961,10975400
XOM,2025-10-28,114.48861094218691,115.17263053284016,113.99294632594354,114.03260040283203,9535200
XOM,2025-10-29,113.92355223140184,116.0350883120368,113.81450541206193,115.4402847290039,12570600
XOM,2025-10-30,115.42046745642034,115.50968346055566,113.53694032672827,113.695556640625,16172900
XOM,2025-10-31,112.99171343298488,114.230875019504,111.64350502179272,113.36841583251953,20213400
XOM,2025-11-03,113.50720215232619,113.99295138007376,112.65465836952882,112.77362060546875,12290300
XOM,2025-11-04,112.39690959962081,113.3585001989856,111.53445797757611,113.15032196044922,16860700
XOM,2025-11-05,113.10075412193875,114.18130697190772,112.68439763879131,112.6943130493164,12400900
XOM,2025-11-06,112.65465836566933,113.94338945029344,112.65465836566933,113.5072021484375,14219700
XOM,2025-11-07,114.21103941586294,116.49109966487235,113.90372977551294,116.20361328125,17181100
XOM,2025-11-10,116.42171067663364,117.42294778337254,114.45887541464788,117.1949462890625,13048000
XOM,2025-11-11,117.79965716437862,119.76248485348903,117.79965716437862,118.74141693115234,16077100
XOM,2025-11-12,118.06731602730463,118.24575560067557,116.7686770875309,117.09581756591797,13790900
XOM,2025-11-13,117.60138582638463,118.72159271575553,117.25442210264927,117.76000213623047,17291900
XOM,2025-11-14,118.44999694824219,119.4800033569336,116.66000366210938,119.29000091552734,17064300
XOM,2025-11-17,118.97000122070312,119.5,117.11000061035156,117.68000030517578,16034900
XOM,2025-11-18,117.26000213623047,119.4800033569336,116.4800033569336,119.02999877929688,15808500
XOM,2025-11-19,116.8499984741211,118.18000030517578,115.93000030517578,117.3499984741211,15919200
XOM,2025-11-20,117.9800033569336,119.01000213623047,116.73999786376953,117.0199966430664,14401000
XOM,2025-11-21,116.98999786376953,117.37999725341797,115.6500015258789,117.08000183105469,15667600
XOM,2025-11-24,117.19999694824219,117.19999694824219,114.73999786376953,115.97000122070312,18034900
XOM,2025-11-25,115.18000030517578,115.9000015258789,114.19000244140625,114.51000213623047,14434600
XOM,2025-11-26,114.41000366210938,115.73999786376953,114.30999755859375,114.7699966430664,11650600
XOM,2025-11-28,114.94999694824219,118.73999786376953,114.81999969482422,115.91999816894531,7240800
XOM,2025-12-01,116.0999984741211,117.41000366210938,116.0999984741211,116.62999725341797,12658100
XOM,2025-12-02,116.44000244140625,116.5999984741211,114.69000244140625,115.37999725341797,14607700
XOM,2025-12-03,115.94999694824219,117.9800033569336,115.87999725341797,117.80000305175781,16819100
XOM,2025-12-04,117.5,118.33999633789062,116.66000366210938,117.13999938964844,13686900
XOM,2025-12-05,116.75,118.77999877929688,116.41000366210938,116.54000091552734,12516900
XOM,2025-12-08,115.83000183105469,117.0,115.04000091552734,115.9800033569336,14904200
XOM,2025-12-09,116.9000015258789,120.47000122070312,116.88999938964844,118.25,23790800
XOM,2025-12-10,118.7300033569336,119.87000274658203,118.37000274658203,119.54000091552734,19845200
XOM,2025-12-11,119.11000061035156,120.36000061035156,119.06999969482422,119.54000091552734,14781800
XOM,2025-12-12,119.44000244140625,119.91999816894531,118.30999755859375,118.81999969482422,14459500
XOM,2025-12-15,119.01000213623047,119.02999877929688,116.8499984741211,117.76000213623047,16358700
XOM,2025-12-16,116.7699966430664,116.83999633789062,114.61000061035156,114.68000030517578,17638700
XOM,2025-12-17,115.20999908447266,117.62000274658203,115.16999816894531,117.41000366210938,18502200
XOM,2025-12-18,116.98999786376953,116.98999786376953,115.62999725341797,116.54000091552734,13705600
XOM,2025-12-19,116.75,117.56999969482422,115.95999908447266,116.69000244140625,45412800
XOM,2025-12-22,117.33999633789062,118.45999908447266,117.33999633789062,118.1500015258789,11768600
XOM,2025-12-23,118.47000122070312,120.02999877929688,118.31999969482422,119.41999816894531,12567600
XOM,2025-12-24,119.33000183105469,120.05000305175781,119.12000274658203,119.22000122070312,6137400
XOM,2025-12-26,118.88999938964844,119.55000305175781,118.52999877929688,119.11000061035156,8066100
XOM,2025-12-29,120.1500015258789,121.30000305175781,119.4000015258789,120.52999877929688,14782500
XOM,2025-12-30,121.0999984741211,121.80000305175781,120.62999725341797,120.98999786376953,11150500
XOM,2025-12-31,121.18000030517578,121.26000213623047,119.87000274658203,120.33999633789062,10559900
XOM,2026-01-02,120.08999633789062,122.68000030517578,119.61000061035156,122.6500015258789,14175100
XOM,2026-01-05,125.20999908447266,125.93000030517578,122.38999938964844,125.36000061035156,30112200
XOM,2026-01-06,125.3499984741211,125.80000305175781,121.0,121.05000305175781,23328600
XOM,2026-01-07,119.80000305175781,120.12000274658203,118.2699966430664,118.48999786376953,20353000
XOM,2026-01-08,118.9800033569336,123.62999725341797,118.66000366210938,122.91000366210938,20232700
XOM,2026-01-09,123.2300033569336,124.86000061035156,123.0999984741211,124.61000061035156,16137700
XOM,2026-01-12,124.45999908447266,124.5,122.55999755859375,124.02999877929688,15314900
XOM,2026-01-13,125.0,127.13999938964844,124.80999755859375,126.54000091552734,21619700
XOM,2026-01-14,127.3499984741211,131.72000122070312,127.12999725341797,130.1999969482422,27593900
XOM,2026-01-15,129.1300048828125,130.1999969482422,128.3000030517578,129.1300048828125,17400000
XOM,2026-01-16,128.91000366210938,130.16000366210938,128.8699951171875,129.88999938964844,16592400
XOM,2026-01-20,131.50999450683594,131.94000244140625,130.07000732421875,130.4600067138672,16477300
XOM,2026-01-21,131.91000366210938,133.72999572753906,131.91000366210938,133.61000061035156,18879900
XOM,2026-01-22,133.0500030517578,134.17999267578125,131.85000610351562,133.63999938964844,16600100
XOM,2026-01-23,135.08999633789062,135.97999572753906,134.47999572753906,134.97000122070312,17758200
XOM,2026-01-26,136.92999267578125,136.94000244140625,134.1699981689453,134.83999633789062,16056100
XOM,2026-01-27,135.25,136.92999267578125,134.7100067138672,136.8300018310547,14517000
